tool,url,test_date,dimension,capability,result,value,evidence_type,evidence,input_used,confidence
UltraTextGen,https://ultratextgen.com/usecase/zalgo-text/,2026-09-29,A,arbitrary_text,yes,500-char cap,directly_observed,#mainInput textarea; all 10 inputs produced output.,all inputs,high
UltraTextGen,https://ultratextgen.com/usecase/zalgo-text/,2026-09-29,A,live_output,yes,,directly_observed,#outputBody regenerates on every input event; load already shows Classic output of 'Hello World'.,,high
UltraTextGen,https://ultratextgen.com/usecase/zalgo-text/,2026-09-29,A,copy_button,yes,main output + each of 5 variant rows,directly_observed,#copyBtn; clipboard equalled #outputBody.,,high
UltraTextGen,https://ultratextgen.com/usecase/zalgo-text/,2026-09-29,A,regenerate,yes,↻ Regenerate button,directly_observed,#regenBtn re-rolls with the same settings; 20/20 hello outputs distinct. Hidden in Thai Cascade mode (deterministic).,hello,high
UltraTextGen,https://ultratextgen.com/usecase/zalgo-text/,2026-09-29,A,intensity_control,yes,Amplitude 1–20 (1–100 in Extreme) + Frequency 0–100%,code_verified,Sliders #amplitudeSlider / #frequencySlider; markCount = round(amplitude × shape multiplier).,,high
UltraTextGen,https://ultratextgen.com/usecase/zalgo-text/,2026-09-29,B,above_only,yes,100%,output_measured,"Position = Up: 100% ccc-above (hello, watching).",hello,high
UltraTextGen,https://ultratextgen.com/usecase/zalgo-text/,2026-09-29,B,below_only,yes,100%,output_measured,Position = Down: 100% ccc-below.,hello,high
UltraTextGen,https://ultratextgen.com/usecase/zalgo-text/,2026-09-29,B,middle_only,yes,100%,output_measured,Position = Mid (labelled; amount via Amplitude); pool is only U+0334–U+0338 (ccc 1). measured ccc-middle share across 2 summary rows (ctl:position=mid; task:middle_only),"hello, watching",high
UltraTextGen,https://ultratextgen.com/usecase/zalgo-text/,2026-09-29,B,zone_combinations,partial,"5 fixed options: All, Up & Down, Up, Mid, Down",code_verified,Position pills; no Up+Mid or Mid+Down combination (registry: 'No up+mid or mid+down combination exists').,,high
UltraTextGen,https://ultratextgen.com/usecase/zalgo-text/,2026-09-29,B,per_zone_amount,no,,code_verified,"Multi-zone split is fixed: up max(1,round(.55n)), mid min(2,…), down max(1,round(.35n)); one Amplitude for all zones.",,high
UltraTextGen,https://ultratextgen.com/usecase/zalgo-text/,2026-09-29,C,mark_family_choice,yes,"5: All, Bars, Letters, Symbols, Noise",code_verified,Characters pills select sub-pools per zone. Code: Letters changes only the above pool (mid/below = full pools); Symbols has no enclosing marks despite page copy.,,high
UltraTextGen,https://ultratextgen.com/usecase/zalgo-text/,2026-09-29,C,frequency_control,yes,"0–100% of characters (step 5%, default 80%)",output_measured,freq 0 -> 10/10 plain 'hello'; freq 1 -> every letter marked. Independent coin flip per code point (code).,hello,high
UltraTextGen,https://ultratextgen.com/usecase/zalgo-text/,2026-09-29,C,amplitude_range,yes,1–100 marks/letter single-zone (uniform); 3–92 with Position All (amp 1 and 2 both give 3); Steps reaches 115–125,code_verified,"Audit: measured via a Node run of the page's own engine code amp 1->3, 2->3, 20->20, 50->48, 100->92 (All). Browser: Extreme amp 100 = 92 max marks per letter (10/10).",,high
UltraTextGen,https://ultratextgen.com/usecase/zalgo-text/,2026-09-29,C,randomness_control,partial,Uniform vs Random shape (fixed vs varying per-letter counts); no seed,code_verified,Shape 'Random' varies per-letter count; Uniform gives exactly round(amplitude) marks per marked letter. No seed control.,,high
UltraTextGen,https://ultratextgen.com/usecase/zalgo-text/,2026-09-29,D,shape_increasing,yes,Slope Up,code_verified,"SHAPES['slope-up'] = i/(len-1); measured per-letter profile rises (freq 1, amp 5).",watching,high
UltraTextGen,https://ultratextgen.com/usecase/zalgo-text/,2026-09-29,D,shape_decreasing,yes,Slope Down,code_verified,SHAPES['slope-down']; measured falling profile.,watching,high
UltraTextGen,https://ultratextgen.com/usecase/zalgo-text/,2026-09-29,D,shape_wave,yes,Wave,code_verified,wave = 0.3+0.7·|sin(2π·i/(len-1))| (two humps).,watching,high
UltraTextGen,https://ultratextgen.com/usecase/zalgo-text/,2026-09-29,D,shape_middle_peak,yes,Pyramid,code_verified,"Pyramid multiplier; measured 0,0,3..6..3,0,0 at freq 1 amp 5.",watching,high
UltraTextGen,https://ultratextgen.com/usecase/zalgo-text/,2026-09-29,D,shape_middle_valley,yes,Valley,code_verified,"valley = 0.15+0.85·|i-mid|/mid; measured 6,6,4..3..4,6,6.",watching,high
UltraTextGen,https://ultratextgen.com/usecase/zalgo-text/,2026-09-29,D,shape_steps,yes,Steps (0.25→1.25 × amplitude),code_verified,staircase = floor(i/(len-1)·4)/4+0.25; last step exceeds the amplitude (audit).,,high
UltraTextGen,https://ultratextgen.com/usecase/zalgo-text/,2026-09-29,D,shape_random_distribution,yes,Random,code_verified,Shape 'Random' multiplier drawn per letter.,,high
UltraTextGen,https://ultratextgen.com/usecase/zalgo-text/,2026-09-29,D,shape_count,yes,"7 (+ Uniform); combinable with every position, family, frequency and amplitude",code_verified,"8 shape buttons: Uniform, Slope Up, Slope Down, Wave, Pyramid, Valley, Steps, Random.",,high
UltraTextGen,https://ultratextgen.com/usecase/zalgo-text/,2026-09-29,E,preset_count,yes,"7 presets (Subtle, Classic, Cursed, HE COMES, Tiny Stack, Extreme, Thai Cascade) + 5 fixed variant rows",directly_observed,Preset buttons and 'More styles' variant rows on the live page.,,high
UltraTextGen,https://ultratextgen.com/usecase/zalgo-text/,2026-09-29,E,presets_distinct,yes,0.84 / 4.3 / 8.5 / 18 / 1.0 / 48 marks per letter; Thai Cascade a separate engine,output_measured,"hello, 10 per preset: Subtle 0.84, Classic 4.3, Cursed 8.5, HE COMES 18, Tiny Stack 1.0 (above only), Extreme 48.",hello,high
UltraTextGen,https://ultratextgen.com/usecase/zalgo-text/,2026-09-29,F,decoder,yes,"'unzalgo' box; strips U+0300–036F, U+0488–0489, U+1AB0–1AFF, U+1DC0–1DFF, U+20D0–20FF, U+FE20–FE2F + repeated Thai tone marks",directly_observed,Decoded own Classic output of 'café déjà vu' exactly ('30 marks removed'); decoded Thai Cascade output and a Textavia output to 'hello'.,accents,high
UltraTextGen,https://ultratextgen.com/usecase/zalgo-text/,2026-09-29,F,decoder_keeps_composed_accents,yes,,directly_observed,Precomposed é/à survive decoding.,café déjà vu,high
UltraTextGen,https://ultratextgen.com/usecase/zalgo-text/,2026-09-29,F,decoder_keeps_decomposed_accents,no,NFD 'café déjà vu' -> 'cafe deja vu',directly_observed,Range-based strip removes U+0300/U+0301 from NFD input.,café déjà vu (NFD),high
UltraTextGen,https://ultratextgen.com/usecase/zalgo-text/,2026-09-29,G,deterministic_output,partial,Thai Cascade only,directly_observed,Classic engine unseeded: reloading the same URL gave a different string. Thai Cascade deterministic (same output after reload).,hello,high
UltraTextGen,https://ultratextgen.com/usecase/zalgo-text/,2026-09-29,G,consistency_toggle_or_seed,no,,code_verified,No seed and no consistency toggle in code (registry: seed 'none').,,high
UltraTextGen,https://ultratextgen.com/usecase/zalgo-text/,2026-09-29,G,settings_in_url,yes,"12 params (text, chars, pos, shape, freq, amp, extreme, cascade, depth, place, mark, anchor)",directly_observed,"?text=hello&pos=up&shape=wave restored text, shape and position on load.",,high
UltraTextGen,https://ultratextgen.com/usecase/zalgo-text/,2026-09-29,G,exact_output_in_url,partial,Thai Cascade only,code_verified,Classic output re-randomises on load; cascade is deterministic so its URL reproduces the string.,,high
UltraTextGen,https://ultratextgen.com/usecase/zalgo-text/,2026-09-29,G,share_link,yes,Share button copies the config URL (navigator.share where available),directly_observed,'Share' copied the current config URL to the clipboard.,,high
UltraTextGen,https://ultratextgen.com/usecase/zalgo-text/,2026-09-29,G,embed,yes,"separate noindex embed page (/usecase/zalgo-text/embed/) + iframe snippet page; 60-char cap, 6 presets, no controls",code_verified,"Found in the code audit; the browser inventory of the tool page found no embed control, so the embed is not offered from the tool page itself.",,medium
UltraTextGen,https://ultratextgen.com/usecase/zalgo-text/,2026-09-29,G,persist_between_visits,not_found,only via the URL query string (see settings_in_url),code_verified,URL state is the only persistence mechanism in the audited code; no local storage recorded.,,medium
UltraTextGen,https://ultratextgen.com/usecase/zalgo-text/,2026-09-29,H,char_count,yes,'<n> chars' on the output,code_verified,Output header shows JS string length; verified 23 chars for a 23-unit output.,,high
UltraTextGen,https://ultratextgen.com/usecase/zalgo-text/,2026-09-29,H,utf16_or_unicode_length_shown,yes,output length in UTF-16 units (unlabelled),code_verified,"Counts output.length (UTF-16), not code points.",,high
UltraTextGen,https://ultratextgen.com/usecase/zalgo-text/,2026-09-29,H,platform_limit_check,yes,"4 limits: Discord message 2000, X 280, Instagram bio 150, Discord nickname 32 (UTF-16 count; X weighting not applied)",code_verified,'Will it fit?' badges; Extreme on 'something is watching me' (1032 chars) fits Discord message only.,watching,high
UltraTextGen,https://ultratextgen.com/usecase/zalgo-text/,2026-09-29,H,platform_safe_mode,no,,code_verified,No platform-safe mode in code or inventory.,,high
UltraTextGen,https://ultratextgen.com/usecase/zalgo-text/,2026-09-29,H,platform_guidance,unclear,"claimed: 'Where to Use Zalgo Text (and Where It Breaks)' section (Discord, Roblox, Instagram, TikTok, X, …); Mid tooltip warns Roblox filtering",documentation_claim,Page copy and tooltips; not verified (we do not post to platforms).,,high
UltraTextGen,https://ultratextgen.com/usecase/zalgo-text/,2026-09-29,I,interactions_to_first_output,yes,3,directly_observed,Prefilled 'Hello World': clear (1) + type (1) + scroll to output at y=1413 (1). Tester: 3.,,high
UltraTextGen,https://ultratextgen.com/usecase/zalgo-text/,2026-09-29,I,interactions_to_copy,yes,4,directly_observed,+ Copy (y=1367). Tester: 4.,,high
UltraTextGen,https://ultratextgen.com/usecase/zalgo-text/,2026-09-29,I,default_state_useful,yes,,directly_observed,Load shows Classic Zalgo of 'Hello World' with Copy.,,high
UltraTextGen,https://ultratextgen.com/usecase/zalgo-text/,2026-09-29,I,controls_above_fold_desktop,partial,"4 (site search, dark mode, input label, input); input yes, output no",directly_observed,"Input y=688; presets y=869, Copy y=1367, output y=1413.",,high
UltraTextGen,https://ultratextgen.com/usecase/zalgo-text/,2026-09-29,I,controls_above_fold_mobile,no,"3 (search, dark mode, label; no tool control)",directly_observed,"390x664 screenshot: hero art, H1 and intro above the input.",,high
UltraTextGen,https://ultratextgen.com/usecase/zalgo-text/,2026-09-29,I,visible_control_count,yes,85,directly_observed,"Includes 9 FAQ toggles, ~9 tooltip buttons, example-gallery cards; cascade controls hidden until chosen.",,high
UltraTextGen,https://ultratextgen.com/usecase/zalgo-text/,2026-09-29,T,emoji_preserved,yes,3/3 outputs keep both 👁,output_measured,"Counted U+1F441 and U+FFFD (lone-surrogate substitute) in every default 'emoji' sample. Code audit: marks are also inserted inside multi-code-point emoji (ZWJ, flags, skin tones) and the 500-unit cap can split a surrogate pair; not tested for any tool.",👁 hello 👁,high
UltraTextGen,https://ultratextgen.com/usecase/zalgo-text/,2026-09-29,T,spaces_left_clean,yes,0/132 spaces carry a mark,output_measured,Counted spaces followed by a combining mark over all 47 default samples.,all inputs,high
UltraTextGen,https://ultratextgen.com/usecase/zalgo-text/,2026-09-29,T,injects_non_mark_chars,no,0/44 default outputs differ from input,output_measured,Stripped Mn/Me from each non-emoji default sample and compared with the input string.,all inputs except emoji,high
UltraTextGen,https://ultratextgen.com/usecase/zalgo-text/,2026-09-29,X,image_or_gif_export,yes,PNG (1080x1080 'Share as image'),directly_observed,'Share … as an image' downloaded ultratextgen-zalgo.png.,,high
UltraTextGen,https://ultratextgen.com/usecase/zalgo-text/,2026-09-29,X,special_modes,yes,"Thai Cascade (deterministic tone-mark spike, depth 10–150, 3 placements, 4 marks, 2 carriers); Extreme (amplitude 1–100); 5 fixed variant rows",directly_observed,"Cascade controls observed: depth 10 -> 10 marks, 150 -> 150; 'each' stacks every letter.",,high
Coddy,https://coddy.tech/tools/glitch-text-generator,2026-09-29,A,arbitrary_text,yes,200-char cap,directly_observed,#glitch-text-input (maxLength 200); all 10 inputs generated.,all inputs,high
Coddy,https://coddy.tech/tools/glitch-text-generator,2026-09-29,A,live_output,yes,,code_verified,"Output computed in useMemo on [text, intensity, zones, variant]; live update observed.",,high
Coddy,https://coddy.tech/tools/glitch-text-generator,2026-09-29,A,copy_button,yes,output is a click-to-copy button,directly_observed,aria-label 'Click to copy result'; clipboard equalled DOM.,,high
Coddy,https://coddy.tech/tools/glitch-text-generator,2026-09-29,A,regenerate,yes,Randomize button,code_verified,Randomize increments a variant counter inside the PRNG seed; 20/20 hello outputs distinct.,hello,high
Coddy,https://coddy.tech/tools/glitch-text-generator,2026-09-29,A,intensity_control,yes,1–100 slider (9 effective levels; 1–12 give zero marks),code_verified,r = 1+floor(intensity/100·8); intensity 1 gave 10/10 plain 'hello'.,,high
Coddy,https://coddy.tech/tools/glitch-text-generator,2026-09-29,B,above_only,yes,100%,output_measured,"Above toggle only: 100% ccc-above (10 samples int 45, 5 at 100).",hello,high
Coddy,https://coddy.tech/tools/glitch-text-generator,2026-09-29,B,below_only,yes,100%,output_measured,Below toggle only: 100% ccc-below.,hello,high
Coddy,https://coddy.tech/tools/glitch-text-generator,2026-09-29,B,middle_only,partial,73%–90% (82% at default intensity 45; 73% at 100),output_measured,"'Through' list includes U+0327/U+0328 (ccc 202, below), so middle-only leaks below marks; share falls under 80% at intensity 100. measured ccc-middle share across 3 summary rows (ctl:middle-only (Through), intensity 45; ctl:middle-only (Through), intensity 100; task:middle_only)","hello, watching",high
Coddy,https://coddy.tech/tools/glitch-text-generator,2026-09-29,B,zone_combinations,yes,"3 independent toggles (Above / Through / Below), any subset",directly_observed,All-off returns plain text; Mild preset = Above+Below.,,high
Coddy,https://coddy.tech/tools/glitch-text-generator,2026-09-29,B,per_zone_amount,no,,code_verified,One intensity r bounds every zone (Through fixed to ceil(r/3)).,,high
Coddy,https://coddy.tech/tools/glitch-text-generator,2026-09-29,C,mark_family_choice,no,,code_verified,"Only the 3 fixed zone lists (47 above, 10 through, 40 below); nothing beyond zone.",,high
Coddy,https://coddy.tech/tools/glitch-text-generator,2026-09-29,C,frequency_control,no,,code_verified,Single intensity bounds both how often a char is marked and stack height; inventory complete.,,high
Coddy,https://coddy.tech/tools/glitch-text-generator,2026-09-29,C,amplitude_range,yes,0–9.9 marks/letter mean (intensity 1→100); max 8 above on one base,output_measured,"Default 45: 3.37 mpb, max 3 above; intensity 100: 9.88 mpb, max 8 above.",hello,high
Coddy,https://coddy.tech/tools/glitch-text-generator,2026-09-29,C,randomness_control,no,,code_verified,PRNG is always seeded (deterministic by text+settings+variant); no user control over randomness. Reproducibility is scored under G.,,high
Coddy,https://coddy.tech/tools/glitch-text-generator,2026-09-29,D,shape_increasing,no,,code_verified,Per-character counts are independent draws with the same bound at every position; no position logic; inventory complete.,,high
Coddy,https://coddy.tech/tools/glitch-text-generator,2026-09-29,D,shape_decreasing,no,,code_verified,Per-character counts are independent draws with the same bound at every position; no position logic; inventory complete.,,high
Coddy,https://coddy.tech/tools/glitch-text-generator,2026-09-29,D,shape_wave,no,,code_verified,Per-character counts are independent draws with the same bound at every position; no position logic; inventory complete.,,high
Coddy,https://coddy.tech/tools/glitch-text-generator,2026-09-29,D,shape_middle_peak,no,,code_verified,Per-character counts are independent draws with the same bound at every position; no position logic; inventory complete.,,high
Coddy,https://coddy.tech/tools/glitch-text-generator,2026-09-29,D,shape_middle_valley,no,,code_verified,Per-character counts are independent draws with the same bound at every position; no position logic; inventory complete.,,high
Coddy,https://coddy.tech/tools/glitch-text-generator,2026-09-29,D,shape_steps,no,,code_verified,Per-character counts are independent draws with the same bound at every position; no position logic; inventory complete.,,high
Coddy,https://coddy.tech/tools/glitch-text-generator,2026-09-29,D,shape_random_distribution,no,,code_verified,Per-character counts are independent draws with the same bound at every position; no position logic; inventory complete.,,high
Coddy,https://coddy.tech/tools/glitch-text-generator,2026-09-29,D,shape_count,no,0,code_verified,Per-character counts are independent draws with the same bound at every position; no position logic; inventory complete.,,high
Coddy,https://coddy.tech/tools/glitch-text-generator,2026-09-29,E,preset_count,yes,"4: Mild, Glitch, Corrupted, Cursed (+3 sub-pages that only change the default preset)",code_verified,"Preset buttons; /zalgo-text, /cursed-text, /creepy-text are the same component.",,high
Coddy,https://coddy.tech/tools/glitch-text-generator,2026-09-29,E,presets_distinct,yes,1.08 / 3.38 / 5.32 / 9.52 marks per letter,output_measured,Differ in intensity and zones only; each recreatable with slider + toggles.,hello,high
Coddy,https://coddy.tech/tools/glitch-text-generator,2026-09-29,F,decoder,no,,directly_observed,control inventory complete; no such control on the page (page copy mentions none).,,high
Coddy,https://coddy.tech/tools/glitch-text-generator,2026-09-29,F,decoder_keeps_composed_accents,no,n/a: no decoder on the page,directly_observed,No decoder.,,high
Coddy,https://coddy.tech/tools/glitch-text-generator,2026-09-29,F,decoder_keeps_decomposed_accents,no,n/a: no decoder on the page,directly_observed,No decoder.,,high
Coddy,https://coddy.tech/tools/glitch-text-generator,2026-09-29,G,deterministic_output,yes,seeded by text + settings + Randomize counter,directly_observed,"After reload, typing 'hello' at default gave the byte-identical first default sample.",hello,high
Coddy,https://coddy.tech/tools/glitch-text-generator,2026-09-29,G,consistency_toggle_or_seed,no,,directly_observed,No seed field or toggle (always deterministic).,,high
Coddy,https://coddy.tech/tools/glitch-text-generator,2026-09-29,G,settings_in_url,no,,directly_observed,URL unchanged after typing and changing controls.,,high
Coddy,https://coddy.tech/tools/glitch-text-generator,2026-09-29,G,exact_output_in_url,no,,directly_observed,URL carries no text or settings.,,high
Coddy,https://coddy.tech/tools/glitch-text-generator,2026-09-29,G,share_link,no,,directly_observed,control inventory complete; no such control on the page,,high
Coddy,https://coddy.tech/tools/glitch-text-generator,2026-09-29,G,embed,not_found,,directly_observed,"No embed control on the tool page (inventory complete). Off-page embed offerings were not searched for competitors; UTG's embed was found only by its code audit, so absence here is 'not found', not 'no'.",,medium
Coddy,https://coddy.tech/tools/glitch-text-generator,2026-09-29,G,persist_between_visits,no,,directly_observed,Settings reset to 45 / all zones on reload.,,high
Coddy,https://coddy.tech/tools/glitch-text-generator,2026-09-29,H,char_count,no,,directly_observed,control inventory complete; no such control on the page,,high
Coddy,https://coddy.tech/tools/glitch-text-generator,2026-09-29,H,utf16_or_unicode_length_shown,no,,directly_observed,control inventory complete; no such control on the page,,high
Coddy,https://coddy.tech/tools/glitch-text-generator,2026-09-29,H,platform_limit_check,no,,directly_observed,control inventory complete; no such control on the page,,high
Coddy,https://coddy.tech/tools/glitch-text-generator,2026-09-29,H,platform_safe_mode,no,,directly_observed,control inventory complete; no such control on the page,,high
Coddy,https://coddy.tech/tools/glitch-text-generator,2026-09-29,H,platform_guidance,unclear,claimed: 'Which intensity to use where' table; 'Instagram and TikTok … may trim very heavy stacks',documentation_claim,Page copy; unverified.,,high
Coddy,https://coddy.tech/tools/glitch-text-generator,2026-09-29,I,interactions_to_first_output,yes,2,directly_observed,Prefilled 'glitch': Clear (1) + type (1). Tester: 2.,,high
Coddy,https://coddy.tech/tools/glitch-text-generator,2026-09-29,I,interactions_to_copy,yes,3,directly_observed,+ click the output. Tester: 3.,,high
Coddy,https://coddy.tech/tools/glitch-text-generator,2026-09-29,I,default_state_useful,yes,,directly_observed,Sample word 'glitch' already Zalgo'd and click-to-copy.,,high
Coddy,https://coddy.tech/tools/glitch-text-generator,2026-09-29,I,controls_above_fold_desktop,yes,"12 tool controls; input yes, output yes (y=681)",directly_observed,All tool controls above the fold at 1280x800.,,high
Coddy,https://coddy.tech/tools/glitch-text-generator,2026-09-29,I,controls_above_fold_mobile,no,0 tool controls,directly_observed,"Tool begins at y≈722 in the 390x664 viewport, below an ad slot and a 'Discover more' block.",,high
Coddy,https://coddy.tech/tools/glitch-text-generator,2026-09-29,I,visible_control_count,yes,13,directly_observed,"Input, Clear, slider, 3 zone toggles, 4 presets, Randomize, output/copy.",,high
Coddy,https://coddy.tech/tools/glitch-text-generator,2026-09-29,T,emoji_preserved,yes,3/3 outputs keep both 👁,output_measured,Counted U+1F441 and U+FFFD (lone-surrogate substitute) in every default 'emoji' sample.,👁 hello 👁,high
Coddy,https://coddy.tech/tools/glitch-text-generator,2026-09-29,T,spaces_left_clean,yes,0/132 spaces carry a mark,output_measured,Counted spaces followed by a combining mark over all 47 default samples.,all inputs,high
Coddy,https://coddy.tech/tools/glitch-text-generator,2026-09-29,T,injects_non_mark_chars,no,0/44 default outputs differ from input,output_measured,Stripped Mn/Me from each non-emoji default sample and compared with the input string.,all inputs except emoji,high
Coddy,https://coddy.tech/tools/glitch-text-generator,2026-09-29,X,image_or_gif_export,no,,directly_observed,control inventory complete; no such control on the page,,high
Coddy,https://coddy.tech/tools/glitch-text-generator,2026-09-29,X,special_modes,no,none (sub-pages only change the default preset),code_verified,Slug table in chunk 342926.,,high
LingoJam,https://lingojam.com/ZalgoText,2026-09-29,A,arbitrary_text,yes,,directly_observed,#english-text -> #ghetto-text for every input.,all inputs,high
LingoJam,https://lingojam.com/ZalgoText,2026-09-29,A,live_output,yes,,directly_observed,Output on keyup/input; no Generate button.,,high
LingoJam,https://lingojam.com/ZalgoText,2026-09-29,A,copy_button,no,,directly_observed,Complete inventory (7 controls) has no copy button; select + copy manually.,,high
LingoJam,https://lingojam.com/ZalgoText,2026-09-29,A,regenerate,no,,directly_observed,No control; re-randomises only when text is edited or the slider moved.,,high
LingoJam,https://lingojam.com/ZalgoText,2026-09-29,A,intensity_control,yes,0–50 'Craziness' slider,code_verified,Slider sets Lunicode creepify maxHeight.,,high
LingoJam,https://lingojam.com/ZalgoText,2026-09-29,B,above_only,no,,directly_observed,control inventory complete; no such control on the page; engine top/middle/bottom options not exposed.,,high
LingoJam,https://lingojam.com/ZalgoText,2026-09-29,B,below_only,no,,directly_observed,control inventory complete; no such control on the page.,,high
LingoJam,https://lingojam.com/ZalgoText,2026-09-29,B,middle_only,partial,"100% (side effect of slider 0; exactly 1 overlay mark per char, amount not adjustable)",output_measured,Slider at 0 skips top/bottom loops; the always-on middle mark remains. measured ccc-middle share across 1 summary rows (task:middle_only),"hello, watching",high
LingoJam,https://lingojam.com/ZalgoText,2026-09-29,B,zone_combinations,no,,code_verified,"Lunicode options {top, middle, bottom} exist in code but no page control exposes them.",,high
LingoJam,https://lingojam.com/ZalgoText,2026-09-29,B,per_zone_amount,no,,code_verified,One slider.,,high
LingoJam,https://lingojam.com/ZalgoText,2026-09-29,C,mark_family_choice,no,,code_verified,Fixed Lunicode lists.,,high
LingoJam,https://lingojam.com/ZalgoText,2026-09-29,C,frequency_control,no,,output_measured,Every character incl. spaces and punctuation is marked (share touched 1.0).,,high
LingoJam,https://lingojam.com/ZalgoText,2026-09-29,C,amplitude_range,yes,1.0–54.9 marks/letter mean (slider 0→50); max 49 above on one base,output_measured,"Slider 0 = 1.0, default 15 = 17.0, 50 = 54.9 mpb.",hello,high
LingoJam,https://lingojam.com/ZalgoText,2026-09-29,C,randomness_control,no,,code_verified,randomization fixed at 100; Math.random.,,high
LingoJam,https://lingojam.com/ZalgoText,2026-09-29,D,shape_increasing,no,,directly_observed,No shape/progression control; inventory complete; per-character counts independent uniform random.,,high
LingoJam,https://lingojam.com/ZalgoText,2026-09-29,D,shape_decreasing,no,,directly_observed,No shape/progression control; inventory complete; per-character counts independent uniform random.,,high
LingoJam,https://lingojam.com/ZalgoText,2026-09-29,D,shape_wave,no,,directly_observed,No shape/progression control; inventory complete; per-character counts independent uniform random.,,high
LingoJam,https://lingojam.com/ZalgoText,2026-09-29,D,shape_middle_peak,no,,directly_observed,No shape/progression control; inventory complete; per-character counts independent uniform random.,,high
LingoJam,https://lingojam.com/ZalgoText,2026-09-29,D,shape_middle_valley,no,,directly_observed,No shape/progression control; inventory complete; per-character counts independent uniform random.,,high
LingoJam,https://lingojam.com/ZalgoText,2026-09-29,D,shape_steps,no,,directly_observed,No shape/progression control; inventory complete; per-character counts independent uniform random.,,high
LingoJam,https://lingojam.com/ZalgoText,2026-09-29,D,shape_random_distribution,no,,directly_observed,No shape/progression control; inventory complete; per-character counts independent uniform random.,,high
LingoJam,https://lingojam.com/ZalgoText,2026-09-29,D,shape_count,no,0,directly_observed,No shape/progression control; inventory complete; per-character counts independent uniform random.,,high
LingoJam,https://lingojam.com/ZalgoText,2026-09-29,E,preset_count,no,0,directly_observed,control inventory complete; no such control on the page,,high
LingoJam,https://lingojam.com/ZalgoText,2026-09-29,E,presets_distinct,no,n/a: no presets,directly_observed,No presets.,,high
LingoJam,https://lingojam.com/ZalgoText,2026-09-29,F,decoder,yes,paste into the output box auto-decodes; strips U+0300–U+0361 only,directly_observed,Lunicode decode strips charCode 768–865; marks outside that range would survive (code).,café déjà vu,high
LingoJam,https://lingojam.com/ZalgoText,2026-09-29,F,decoder_keeps_composed_accents,yes,,directly_observed,Precomposed 'café déjà vu' decoded exactly.,café déjà vu,high
LingoJam,https://lingojam.com/ZalgoText,2026-09-29,F,decoder_keeps_decomposed_accents,no,NFD -> 'cafe deja vu',directly_observed,U+0301/U+0300 stripped.,café déjà vu (NFD),high
LingoJam,https://lingojam.com/ZalgoText,2026-09-29,G,deterministic_output,no,,output_measured,20/20 default hello outputs distinct; Math.random.,hello,high
LingoJam,https://lingojam.com/ZalgoText,2026-09-29,G,consistency_toggle_or_seed,no,,directly_observed,control inventory complete; no such control on the page,,high
LingoJam,https://lingojam.com/ZalgoText,2026-09-29,G,settings_in_url,no,,directly_observed,URL unchanged after typing and slider changes.,,high
LingoJam,https://lingojam.com/ZalgoText,2026-09-29,G,exact_output_in_url,no,,directly_observed,URL carries nothing.,,high
LingoJam,https://lingojam.com/ZalgoText,2026-09-29,G,share_link,no,,directly_observed,control inventory complete; no such control on the page ('Create a translator' is a site feature).,,high
LingoJam,https://lingojam.com/ZalgoText,2026-09-29,G,embed,not_found,,directly_observed,"No embed control on the tool page (inventory complete). Off-page embed offerings were not searched for competitors; UTG's embed was found only by its code audit, so absence here is 'not found', not 'no'.",,medium
LingoJam,https://lingojam.com/ZalgoText,2026-09-29,G,persist_between_visits,no,,directly_observed,After reload input and output empty; localStorage holds only ad keys.,,high
LingoJam,https://lingojam.com/ZalgoText,2026-09-29,H,char_count,no,,directly_observed,control inventory complete; no such control on the page,,high
LingoJam,https://lingojam.com/ZalgoText,2026-09-29,H,utf16_or_unicode_length_shown,no,,output_measured,Default hello is 90.2 UTF-16 units (18x input); nothing shown.,,high
LingoJam,https://lingojam.com/ZalgoText,2026-09-29,H,platform_limit_check,no,,directly_observed,control inventory complete; no such control on the page,,high
LingoJam,https://lingojam.com/ZalgoText,2026-09-29,H,platform_safe_mode,no,,directly_observed,control inventory complete; no such control on the page,,high
LingoJam,https://lingojam.com/ZalgoText,2026-09-29,H,platform_guidance,not_found,,directly_observed,No platform guidance recorded in testing.,,medium
LingoJam,https://lingojam.com/ZalgoText,2026-09-29,I,interactions_to_first_output,yes,1,directly_observed,Type (1). Tester: 1.,,high
LingoJam,https://lingojam.com/ZalgoText,2026-09-29,I,interactions_to_copy,yes,3,directly_observed,+ select output + Ctrl/Cmd+C (no copy button). Tester: 3.,,high
LingoJam,https://lingojam.com/ZalgoText,2026-09-29,I,default_state_useful,no,,directly_observed,Empty on load (placeholders only).,,high
LingoJam,https://lingojam.com/ZalgoText,2026-09-29,I,controls_above_fold_desktop,yes,"4; input yes, output yes (both textareas y=186)",directly_observed,"Header button, 2 textareas, slider.",,high
LingoJam,https://lingojam.com/ZalgoText,2026-09-29,I,controls_above_fold_mobile,yes,7,directly_observed,"Tester: both textareas above the fold, plus suggestion box and a 'Close Ad' button.",,medium
LingoJam,https://lingojam.com/ZalgoText,2026-09-29,I,visible_control_count,yes,7,directly_observed,Complete inventory.,,high
LingoJam,https://lingojam.com/ZalgoText,2026-09-29,T,emoji_preserved,no,0/3 outputs keep both 👁,output_measured,Counted U+1F441 and U+FFFD (lone-surrogate substitute) in every default 'emoji' sample.,👁 hello 👁,high
LingoJam,https://lingojam.com/ZalgoText,2026-09-29,T,spaces_left_clean,no,132/132 spaces carry a mark,output_measured,Counted spaces followed by a combining mark over all 47 default samples.,all inputs,high
LingoJam,https://lingojam.com/ZalgoText,2026-09-29,T,injects_non_mark_chars,no,0/44 default outputs differ from input,output_measured,Stripped Mn/Me from each non-emoji default sample and compared with the input string.,all inputs except emoji,high
LingoJam,https://lingojam.com/ZalgoText,2026-09-29,X,image_or_gif_export,no,,directly_observed,control inventory complete; no such control on the page,,high
LingoJam,https://lingojam.com/ZalgoText,2026-09-29,X,special_modes,no,,directly_observed,control inventory complete; no such control on the page,,high
Glyphy,https://glyphy.io/font-generator/zalgo-text,2026-09-29,A,arbitrary_text,yes,,directly_observed,Single input; state updates on keyup.,all inputs,high
Glyphy,https://glyphy.io/font-generator/zalgo-text,2026-09-29,A,live_output,yes,,directly_observed,12 cards re-render on each keyup.,,high
Glyphy,https://glyphy.io/font-generator/zalgo-text,2026-09-29,A,copy_button,yes,per-card COPY,directly_observed,Clipboard equalled DOM for hello (except emoji: U+FFFD delivered).,,high
Glyphy,https://glyphy.io/font-generator/zalgo-text,2026-09-29,A,regenerate,partial,no button; any re-render (e.g. list/grid layout toggle) re-randomises,code_verified,Math.random in render; a keyup that leaves text unchanged does not re-randomise.,,high
Glyphy,https://glyphy.io/font-generator/zalgo-text,2026-09-29,A,intensity_control,partial,"12 fixed level cards (Zalgo Level One–Twelve), shown at once; no control",code_verified,zalgoLevel 1..12: 0..4L-1 marks per char.,,high
Glyphy,https://glyphy.io/font-generator/zalgo-text,2026-09-29,B,above_only,no,,code_verified,"One shared 112-entry pool mixing above, overlay and below.",,high
Glyphy,https://glyphy.io/font-generator/zalgo-text,2026-09-29,B,below_only,no,,code_verified,One shared pool.,,high
Glyphy,https://glyphy.io/font-generator/zalgo-text,2026-09-29,B,middle_only,no,n/a: single mixed pool,code_verified,No placement route.,,high
Glyphy,https://glyphy.io/font-generator/zalgo-text,2026-09-29,B,zone_combinations,no,,code_verified,No placement control; inventory complete.,,high
Glyphy,https://glyphy.io/font-generator/zalgo-text,2026-09-29,B,per_zone_amount,no,,code_verified,No zones.,,high
Glyphy,https://glyphy.io/font-generator/zalgo-text,2026-09-29,C,mark_family_choice,no,,code_verified,One pool for every level (contains a literal '_' U+005F).,,high
Glyphy,https://glyphy.io/font-generator/zalgo-text,2026-09-29,C,frequency_control,no,,code_verified,No separate frequency control.,,high
Glyphy,https://glyphy.io/font-generator/zalgo-text,2026-09-29,C,amplitude_range,partial,1.52–20.73 marks/letter mean across the 12 level cards; max 49 on one base,output_measured,"L1 1.52, L6 11.36, L12 20.73 mpb.",hello,high
Glyphy,https://glyphy.io/font-generator/zalgo-text,2026-09-29,C,randomness_control,no,,code_verified,"Math.random, unseeded.",,high
Glyphy,https://glyphy.io/font-generator/zalgo-text,2026-09-29,D,shape_increasing,no,,code_verified,Every char drawn independently with the same bound; no position logic; no control.,,high
Glyphy,https://glyphy.io/font-generator/zalgo-text,2026-09-29,D,shape_decreasing,no,,code_verified,Every char drawn independently with the same bound; no position logic; no control.,,high
Glyphy,https://glyphy.io/font-generator/zalgo-text,2026-09-29,D,shape_wave,no,,code_verified,Every char drawn independently with the same bound; no position logic; no control.,,high
Glyphy,https://glyphy.io/font-generator/zalgo-text,2026-09-29,D,shape_middle_peak,no,,code_verified,Every char drawn independently with the same bound; no position logic; no control.,,high
Glyphy,https://glyphy.io/font-generator/zalgo-text,2026-09-29,D,shape_middle_valley,no,,code_verified,Every char drawn independently with the same bound; no position logic; no control.,,high
Glyphy,https://glyphy.io/font-generator/zalgo-text,2026-09-29,D,shape_steps,no,,code_verified,Every char drawn independently with the same bound; no position logic; no control.,,high
Glyphy,https://glyphy.io/font-generator/zalgo-text,2026-09-29,D,shape_random_distribution,no,,code_verified,Every char drawn independently with the same bound; no position logic; no control.,,high
Glyphy,https://glyphy.io/font-generator/zalgo-text,2026-09-29,D,shape_count,no,0,code_verified,Every char drawn independently with the same bound; no position logic; no control.,,high
Glyphy,https://glyphy.io/font-generator/zalgo-text,2026-09-29,E,preset_count,yes,12 Zalgo level cards (of 310 styles after 'Load more'),code_verified,"curatedFonts type 'Zalgo', zalgoLevel 1..12; 298 non-Zalgo fonts load on demand.",,high
Glyphy,https://glyphy.io/font-generator/zalgo-text,2026-09-29,E,presets_distinct,partial,"monotonic 1.52→20.73 mpb, adjacent levels overlap (L7 13.6 / L8 14.7 / L9 15.9 / L10 16.8; L11 20.3 vs L12 20.7)",output_measured,20 hello samples per level; differ only in count bound.,hello,high
Glyphy,https://glyphy.io/font-generator/zalgo-text,2026-09-29,F,decoder,no,,directly_observed,control inventory complete; no such control on the page; page copy (~1.2k chars) mentions none.,,high
Glyphy,https://glyphy.io/font-generator/zalgo-text,2026-09-29,F,decoder_keeps_composed_accents,no,n/a: no decoder on the page,directly_observed,No decoder.,,high
Glyphy,https://glyphy.io/font-generator/zalgo-text,2026-09-29,F,decoder_keeps_decomposed_accents,no,n/a: no decoder on the page,directly_observed,No decoder.,,high
Glyphy,https://glyphy.io/font-generator/zalgo-text,2026-09-29,G,deterministic_output,no,,directly_observed,Reload restores the text but outputs differ; Math.random.,,high
Glyphy,https://glyphy.io/font-generator/zalgo-text,2026-09-29,G,consistency_toggle_or_seed,no,,directly_observed,control inventory complete; no such control on the page,,high
Glyphy,https://glyphy.io/font-generator/zalgo-text,2026-09-29,G,settings_in_url,no,,directly_observed,URL unchanged by input.,,high
Glyphy,https://glyphy.io/font-generator/zalgo-text,2026-09-29,G,exact_output_in_url,no,,directly_observed,URL carries nothing.,,high
Glyphy,https://glyphy.io/font-generator/zalgo-text,2026-09-29,G,share_link,no,,directly_observed,control inventory complete; no such control on the page,,high
Glyphy,https://glyphy.io/font-generator/zalgo-text,2026-09-29,G,embed,not_found,,directly_observed,"No embed control on the tool page (inventory complete). Off-page embed offerings were not searched for competitors; UTG's embed was found only by its code audit, so absence here is 'not found', not 'no'.",,medium
Glyphy,https://glyphy.io/font-generator/zalgo-text,2026-09-29,G,persist_between_visits,partial,typed text restored from localStorage; outputs re-randomised,directly_observed,Reload restored the input text; layout choice is read but never written (code).,,high
Glyphy,https://glyphy.io/font-generator/zalgo-text,2026-09-29,H,char_count,no,,directly_observed,control inventory complete; no such control on the page,,high
Glyphy,https://glyphy.io/font-generator/zalgo-text,2026-09-29,H,utf16_or_unicode_length_shown,no,,directly_observed,control inventory complete; no such control on the page,,high
Glyphy,https://glyphy.io/font-generator/zalgo-text,2026-09-29,H,platform_limit_check,no,,directly_observed,control inventory complete; no such control on the page,,high
Glyphy,https://glyphy.io/font-generator/zalgo-text,2026-09-29,H,platform_safe_mode,no,,directly_observed,control inventory complete; no such control on the page,,high
Glyphy,https://glyphy.io/font-generator/zalgo-text,2026-09-29,H,platform_guidance,no,,directly_observed,"Page copy read in full (~1.2k chars): only 'create glitch text for your social profile', no per-platform guidance.",,medium
Glyphy,https://glyphy.io/font-generator/zalgo-text,2026-09-29,I,interactions_to_first_output,yes,1,directly_observed,"Type (1). Tester: 2 (counted a focus click, not counted for any tool here).",,high
Glyphy,https://glyphy.io/font-generator/zalgo-text,2026-09-29,I,interactions_to_copy,yes,2,directly_observed,+ COPY. Tester: 3.,,high
Glyphy,https://glyphy.io/font-generator/zalgo-text,2026-09-29,I,default_state_useful,yes,,directly_observed,"12 cards show their own titles Zalgo'd, each with COPY.",,high
Glyphy,https://glyphy.io/font-generator/zalgo-text,2026-09-29,I,controls_above_fold_desktop,yes,"5; input yes (y=456), first card yes",directly_observed,"Input, 2 layout toggles, 2 COPY.",,high
Glyphy,https://glyphy.io/font-generator/zalgo-text,2026-09-29,I,controls_above_fold_mobile,yes,"3; input y=344, first card y=404",directly_observed,390x664 viewport.,,high
Glyphy,https://glyphy.io/font-generator/zalgo-text,2026-09-29,I,visible_control_count,yes,16,directly_observed,"Input, 2 layout toggles, 12 COPY, Load more.",,high
Glyphy,https://glyphy.io/font-generator/zalgo-text,2026-09-29,T,emoji_preserved,no,0/3 outputs keep both 👁,output_measured,Counted U+1F441 and U+FFFD (lone-surrogate substitute) in every default 'emoji' sample.,👁 hello 👁,high
Glyphy,https://glyphy.io/font-generator/zalgo-text,2026-09-29,T,spaces_left_clean,yes,0/132 spaces carry a mark,output_measured,Counted spaces followed by a combining mark over all 47 default samples.,all inputs,high
Glyphy,https://glyphy.io/font-generator/zalgo-text,2026-09-29,T,injects_non_mark_chars,yes,8/44 default outputs differ from input once marks are stripped (hello -> 'hello_'; hello -> 'hel_lo'),output_measured,Stripped Mn/Me from each non-emoji default sample and compared with the input string. Cause: '_' (U+005F) is entry 111 of the mark pool (code); 54.5% of all 574 captured outputs contain one.,all inputs except emoji,high
Glyphy,https://glyphy.io/font-generator/zalgo-text,2026-09-29,X,image_or_gif_export,no,,directly_observed,control inventory complete; no such control on the page,,high
Glyphy,https://glyphy.io/font-generator/zalgo-text,2026-09-29,X,special_modes,no,,directly_observed,control inventory complete; no such control on the page,,high
Creative Fabrica,https://www.creativefabrica.com/tools/zalgo-text-generator/,2026-09-29,A,arbitrary_text,untested,,untested,"Blocked: HTTP 403 Cloudflare 'Just a moment…' interstitial (Ray IDs a42af144795708c5, a42af20808468062) in Playwright desktop and iPhone contexts and curl; Wayback unreachable.",,high
Creative Fabrica,https://www.creativefabrica.com/tools/zalgo-text-generator/,2026-09-29,A,live_output,untested,,untested,"Blocked: HTTP 403 Cloudflare 'Just a moment…' interstitial (Ray IDs a42af144795708c5, a42af20808468062) in Playwright desktop and iPhone contexts and curl; Wayback unreachable.",,high
Creative Fabrica,https://www.creativefabrica.com/tools/zalgo-text-generator/,2026-09-29,A,copy_button,untested,,untested,"Blocked: HTTP 403 Cloudflare 'Just a moment…' interstitial (Ray IDs a42af144795708c5, a42af20808468062) in Playwright desktop and iPhone contexts and curl; Wayback unreachable.",,high
Creative Fabrica,https://www.creativefabrica.com/tools/zalgo-text-generator/,2026-09-29,A,regenerate,untested,,untested,"Blocked: HTTP 403 Cloudflare 'Just a moment…' interstitial (Ray IDs a42af144795708c5, a42af20808468062) in Playwright desktop and iPhone contexts and curl; Wayback unreachable.",,high
Creative Fabrica,https://www.creativefabrica.com/tools/zalgo-text-generator/,2026-09-29,A,intensity_control,untested,,untested,"Blocked: HTTP 403 Cloudflare 'Just a moment…' interstitial (Ray IDs a42af144795708c5, a42af20808468062) in Playwright desktop and iPhone contexts and curl; Wayback unreachable.",,high
Creative Fabrica,https://www.creativefabrica.com/tools/zalgo-text-generator/,2026-09-29,B,above_only,untested,,untested,"Blocked: HTTP 403 Cloudflare 'Just a moment…' interstitial (Ray IDs a42af144795708c5, a42af20808468062) in Playwright desktop and iPhone contexts and curl; Wayback unreachable.",,high
Creative Fabrica,https://www.creativefabrica.com/tools/zalgo-text-generator/,2026-09-29,B,below_only,untested,,untested,"Blocked: HTTP 403 Cloudflare 'Just a moment…' interstitial (Ray IDs a42af144795708c5, a42af20808468062) in Playwright desktop and iPhone contexts and curl; Wayback unreachable.",,high
Creative Fabrica,https://www.creativefabrica.com/tools/zalgo-text-generator/,2026-09-29,B,middle_only,untested,,untested,"Blocked: HTTP 403 Cloudflare 'Just a moment…' interstitial (Ray IDs a42af144795708c5, a42af20808468062) in Playwright desktop and iPhone contexts and curl; Wayback unreachable.",,high
Creative Fabrica,https://www.creativefabrica.com/tools/zalgo-text-generator/,2026-09-29,B,zone_combinations,untested,,untested,"Blocked: HTTP 403 Cloudflare 'Just a moment…' interstitial (Ray IDs a42af144795708c5, a42af20808468062) in Playwright desktop and iPhone contexts and curl; Wayback unreachable.",,high
Creative Fabrica,https://www.creativefabrica.com/tools/zalgo-text-generator/,2026-09-29,B,per_zone_amount,untested,,untested,"Blocked: HTTP 403 Cloudflare 'Just a moment…' interstitial (Ray IDs a42af144795708c5, a42af20808468062) in Playwright desktop and iPhone contexts and curl; Wayback unreachable.",,high
Creative Fabrica,https://www.creativefabrica.com/tools/zalgo-text-generator/,2026-09-29,C,mark_family_choice,untested,,untested,"Blocked: HTTP 403 Cloudflare 'Just a moment…' interstitial (Ray IDs a42af144795708c5, a42af20808468062) in Playwright desktop and iPhone contexts and curl; Wayback unreachable.",,high
Creative Fabrica,https://www.creativefabrica.com/tools/zalgo-text-generator/,2026-09-29,C,frequency_control,untested,,untested,"Blocked: HTTP 403 Cloudflare 'Just a moment…' interstitial (Ray IDs a42af144795708c5, a42af20808468062) in Playwright desktop and iPhone contexts and curl; Wayback unreachable.",,high
Creative Fabrica,https://www.creativefabrica.com/tools/zalgo-text-generator/,2026-09-29,C,amplitude_range,untested,,untested,"Blocked: HTTP 403 Cloudflare 'Just a moment…' interstitial (Ray IDs a42af144795708c5, a42af20808468062) in Playwright desktop and iPhone contexts and curl; Wayback unreachable.",,high
Creative Fabrica,https://www.creativefabrica.com/tools/zalgo-text-generator/,2026-09-29,C,randomness_control,untested,,untested,"Blocked: HTTP 403 Cloudflare 'Just a moment…' interstitial (Ray IDs a42af144795708c5, a42af20808468062) in Playwright desktop and iPhone contexts and curl; Wayback unreachable.",,high
Creative Fabrica,https://www.creativefabrica.com/tools/zalgo-text-generator/,2026-09-29,D,shape_increasing,untested,,untested,"Blocked: HTTP 403 Cloudflare 'Just a moment…' interstitial (Ray IDs a42af144795708c5, a42af20808468062) in Playwright desktop and iPhone contexts and curl; Wayback unreachable.",,high
Creative Fabrica,https://www.creativefabrica.com/tools/zalgo-text-generator/,2026-09-29,D,shape_decreasing,untested,,untested,"Blocked: HTTP 403 Cloudflare 'Just a moment…' interstitial (Ray IDs a42af144795708c5, a42af20808468062) in Playwright desktop and iPhone contexts and curl; Wayback unreachable.",,high
Creative Fabrica,https://www.creativefabrica.com/tools/zalgo-text-generator/,2026-09-29,D,shape_wave,untested,,untested,"Blocked: HTTP 403 Cloudflare 'Just a moment…' interstitial (Ray IDs a42af144795708c5, a42af20808468062) in Playwright desktop and iPhone contexts and curl; Wayback unreachable.",,high
Creative Fabrica,https://www.creativefabrica.com/tools/zalgo-text-generator/,2026-09-29,D,shape_middle_peak,untested,,untested,"Blocked: HTTP 403 Cloudflare 'Just a moment…' interstitial (Ray IDs a42af144795708c5, a42af20808468062) in Playwright desktop and iPhone contexts and curl; Wayback unreachable.",,high
Creative Fabrica,https://www.creativefabrica.com/tools/zalgo-text-generator/,2026-09-29,D,shape_middle_valley,untested,,untested,"Blocked: HTTP 403 Cloudflare 'Just a moment…' interstitial (Ray IDs a42af144795708c5, a42af20808468062) in Playwright desktop and iPhone contexts and curl; Wayback unreachable.",,high
Creative Fabrica,https://www.creativefabrica.com/tools/zalgo-text-generator/,2026-09-29,D,shape_steps,untested,,untested,"Blocked: HTTP 403 Cloudflare 'Just a moment…' interstitial (Ray IDs a42af144795708c5, a42af20808468062) in Playwright desktop and iPhone contexts and curl; Wayback unreachable.",,high
Creative Fabrica,https://www.creativefabrica.com/tools/zalgo-text-generator/,2026-09-29,D,shape_random_distribution,untested,,untested,"Blocked: HTTP 403 Cloudflare 'Just a moment…' interstitial (Ray IDs a42af144795708c5, a42af20808468062) in Playwright desktop and iPhone contexts and curl; Wayback unreachable.",,high
Creative Fabrica,https://www.creativefabrica.com/tools/zalgo-text-generator/,2026-09-29,D,shape_count,untested,,untested,"Blocked: HTTP 403 Cloudflare 'Just a moment…' interstitial (Ray IDs a42af144795708c5, a42af20808468062) in Playwright desktop and iPhone contexts and curl; Wayback unreachable.",,high
Creative Fabrica,https://www.creativefabrica.com/tools/zalgo-text-generator/,2026-09-29,E,preset_count,untested,,untested,"Blocked: HTTP 403 Cloudflare 'Just a moment…' interstitial (Ray IDs a42af144795708c5, a42af20808468062) in Playwright desktop and iPhone contexts and curl; Wayback unreachable.",,high
Creative Fabrica,https://www.creativefabrica.com/tools/zalgo-text-generator/,2026-09-29,E,presets_distinct,untested,,untested,"Blocked: HTTP 403 Cloudflare 'Just a moment…' interstitial (Ray IDs a42af144795708c5, a42af20808468062) in Playwright desktop and iPhone contexts and curl; Wayback unreachable.",,high
Creative Fabrica,https://www.creativefabrica.com/tools/zalgo-text-generator/,2026-09-29,F,decoder,untested,,untested,"Blocked: HTTP 403 Cloudflare 'Just a moment…' interstitial (Ray IDs a42af144795708c5, a42af20808468062) in Playwright desktop and iPhone contexts and curl; Wayback unreachable.",,high
Creative Fabrica,https://www.creativefabrica.com/tools/zalgo-text-generator/,2026-09-29,F,decoder_keeps_composed_accents,untested,,untested,"Blocked: HTTP 403 Cloudflare 'Just a moment…' interstitial (Ray IDs a42af144795708c5, a42af20808468062) in Playwright desktop and iPhone contexts and curl; Wayback unreachable.",,high
Creative Fabrica,https://www.creativefabrica.com/tools/zalgo-text-generator/,2026-09-29,F,decoder_keeps_decomposed_accents,untested,,untested,"Blocked: HTTP 403 Cloudflare 'Just a moment…' interstitial (Ray IDs a42af144795708c5, a42af20808468062) in Playwright desktop and iPhone contexts and curl; Wayback unreachable.",,high
Creative Fabrica,https://www.creativefabrica.com/tools/zalgo-text-generator/,2026-09-29,G,deterministic_output,untested,,untested,"Blocked: HTTP 403 Cloudflare 'Just a moment…' interstitial (Ray IDs a42af144795708c5, a42af20808468062) in Playwright desktop and iPhone contexts and curl; Wayback unreachable.",,high
Creative Fabrica,https://www.creativefabrica.com/tools/zalgo-text-generator/,2026-09-29,G,consistency_toggle_or_seed,untested,,untested,"Blocked: HTTP 403 Cloudflare 'Just a moment…' interstitial (Ray IDs a42af144795708c5, a42af20808468062) in Playwright desktop and iPhone contexts and curl; Wayback unreachable.",,high
Creative Fabrica,https://www.creativefabrica.com/tools/zalgo-text-generator/,2026-09-29,G,settings_in_url,untested,,untested,"Blocked: HTTP 403 Cloudflare 'Just a moment…' interstitial (Ray IDs a42af144795708c5, a42af20808468062) in Playwright desktop and iPhone contexts and curl; Wayback unreachable.",,high
Creative Fabrica,https://www.creativefabrica.com/tools/zalgo-text-generator/,2026-09-29,G,exact_output_in_url,untested,,untested,"Blocked: HTTP 403 Cloudflare 'Just a moment…' interstitial (Ray IDs a42af144795708c5, a42af20808468062) in Playwright desktop and iPhone contexts and curl; Wayback unreachable.",,high
Creative Fabrica,https://www.creativefabrica.com/tools/zalgo-text-generator/,2026-09-29,G,share_link,untested,,untested,"Blocked: HTTP 403 Cloudflare 'Just a moment…' interstitial (Ray IDs a42af144795708c5, a42af20808468062) in Playwright desktop and iPhone contexts and curl; Wayback unreachable.",,high
Creative Fabrica,https://www.creativefabrica.com/tools/zalgo-text-generator/,2026-09-29,G,embed,untested,,untested,"Blocked: HTTP 403 Cloudflare 'Just a moment…' interstitial (Ray IDs a42af144795708c5, a42af20808468062) in Playwright desktop and iPhone contexts and curl; Wayback unreachable.",,high
Creative Fabrica,https://www.creativefabrica.com/tools/zalgo-text-generator/,2026-09-29,G,persist_between_visits,untested,,untested,"Blocked: HTTP 403 Cloudflare 'Just a moment…' interstitial (Ray IDs a42af144795708c5, a42af20808468062) in Playwright desktop and iPhone contexts and curl; Wayback unreachable.",,high
Creative Fabrica,https://www.creativefabrica.com/tools/zalgo-text-generator/,2026-09-29,H,char_count,untested,,untested,"Blocked: HTTP 403 Cloudflare 'Just a moment…' interstitial (Ray IDs a42af144795708c5, a42af20808468062) in Playwright desktop and iPhone contexts and curl; Wayback unreachable.",,high
Creative Fabrica,https://www.creativefabrica.com/tools/zalgo-text-generator/,2026-09-29,H,utf16_or_unicode_length_shown,untested,,untested,"Blocked: HTTP 403 Cloudflare 'Just a moment…' interstitial (Ray IDs a42af144795708c5, a42af20808468062) in Playwright desktop and iPhone contexts and curl; Wayback unreachable.",,high
Creative Fabrica,https://www.creativefabrica.com/tools/zalgo-text-generator/,2026-09-29,H,platform_limit_check,untested,,untested,"Blocked: HTTP 403 Cloudflare 'Just a moment…' interstitial (Ray IDs a42af144795708c5, a42af20808468062) in Playwright desktop and iPhone contexts and curl; Wayback unreachable.",,high
Creative Fabrica,https://www.creativefabrica.com/tools/zalgo-text-generator/,2026-09-29,H,platform_safe_mode,untested,,untested,"Blocked: HTTP 403 Cloudflare 'Just a moment…' interstitial (Ray IDs a42af144795708c5, a42af20808468062) in Playwright desktop and iPhone contexts and curl; Wayback unreachable.",,high
Creative Fabrica,https://www.creativefabrica.com/tools/zalgo-text-generator/,2026-09-29,H,platform_guidance,untested,,untested,"Blocked: HTTP 403 Cloudflare 'Just a moment…' interstitial (Ray IDs a42af144795708c5, a42af20808468062) in Playwright desktop and iPhone contexts and curl; Wayback unreachable.",,high
Creative Fabrica,https://www.creativefabrica.com/tools/zalgo-text-generator/,2026-09-29,I,interactions_to_first_output,untested,,untested,"Blocked: HTTP 403 Cloudflare 'Just a moment…' interstitial (Ray IDs a42af144795708c5, a42af20808468062) in Playwright desktop and iPhone contexts and curl; Wayback unreachable.",,high
Creative Fabrica,https://www.creativefabrica.com/tools/zalgo-text-generator/,2026-09-29,I,interactions_to_copy,untested,,untested,"Blocked: HTTP 403 Cloudflare 'Just a moment…' interstitial (Ray IDs a42af144795708c5, a42af20808468062) in Playwright desktop and iPhone contexts and curl; Wayback unreachable.",,high
Creative Fabrica,https://www.creativefabrica.com/tools/zalgo-text-generator/,2026-09-29,I,default_state_useful,untested,,untested,"Blocked: HTTP 403 Cloudflare 'Just a moment…' interstitial (Ray IDs a42af144795708c5, a42af20808468062) in Playwright desktop and iPhone contexts and curl; Wayback unreachable.",,high
Creative Fabrica,https://www.creativefabrica.com/tools/zalgo-text-generator/,2026-09-29,I,controls_above_fold_desktop,untested,,untested,"Blocked: HTTP 403 Cloudflare 'Just a moment…' interstitial (Ray IDs a42af144795708c5, a42af20808468062) in Playwright desktop and iPhone contexts and curl; Wayback unreachable.",,high
Creative Fabrica,https://www.creativefabrica.com/tools/zalgo-text-generator/,2026-09-29,I,controls_above_fold_mobile,untested,,untested,"Blocked: HTTP 403 Cloudflare 'Just a moment…' interstitial (Ray IDs a42af144795708c5, a42af20808468062) in Playwright desktop and iPhone contexts and curl; Wayback unreachable.",,high
Creative Fabrica,https://www.creativefabrica.com/tools/zalgo-text-generator/,2026-09-29,I,visible_control_count,untested,,untested,"Blocked: HTTP 403 Cloudflare 'Just a moment…' interstitial (Ray IDs a42af144795708c5, a42af20808468062) in Playwright desktop and iPhone contexts and curl; Wayback unreachable.",,high
Creative Fabrica,https://www.creativefabrica.com/tools/zalgo-text-generator/,2026-09-29,T,emoji_preserved,untested,,untested,"Blocked: HTTP 403 Cloudflare 'Just a moment…' interstitial (Ray IDs a42af144795708c5, a42af20808468062) in Playwright desktop and iPhone contexts and curl; Wayback unreachable.",,high
Creative Fabrica,https://www.creativefabrica.com/tools/zalgo-text-generator/,2026-09-29,T,spaces_left_clean,untested,,untested,"Blocked: HTTP 403 Cloudflare 'Just a moment…' interstitial (Ray IDs a42af144795708c5, a42af20808468062) in Playwright desktop and iPhone contexts and curl; Wayback unreachable.",,high
Creative Fabrica,https://www.creativefabrica.com/tools/zalgo-text-generator/,2026-09-29,T,injects_non_mark_chars,untested,,untested,"Blocked: HTTP 403 Cloudflare 'Just a moment…' interstitial (Ray IDs a42af144795708c5, a42af20808468062) in Playwright desktop and iPhone contexts and curl; Wayback unreachable.",,high
Creative Fabrica,https://www.creativefabrica.com/tools/zalgo-text-generator/,2026-09-29,X,image_or_gif_export,untested,,untested,"Blocked: HTTP 403 Cloudflare 'Just a moment…' interstitial (Ray IDs a42af144795708c5, a42af20808468062) in Playwright desktop and iPhone contexts and curl; Wayback unreachable.",,high
Creative Fabrica,https://www.creativefabrica.com/tools/zalgo-text-generator/,2026-09-29,X,special_modes,untested,,untested,"Blocked: HTTP 403 Cloudflare 'Just a moment…' interstitial (Ray IDs a42af144795708c5, a42af20808468062) in Playwright desktop and iPhone contexts and curl; Wayback unreachable.",,high
Zalgo.org,https://zalgo.org/,2026-09-29,A,arbitrary_text,yes,,directly_observed,#input_value -> #display_value.,all inputs,high
Zalgo.org,https://zalgo.org/,2026-09-29,A,live_output,yes,,code_verified,input handler encodes immediately.,,high
Zalgo.org,https://zalgo.org/,2026-09-29,A,copy_button,yes,'Copy Zalgo Text' link; browser alert must be dismissed,directly_observed,,,high
Zalgo.org,https://zalgo.org/,2026-09-29,A,regenerate,no,,directly_observed,Re-randomises only on input or slider events.,,high
Zalgo.org,https://zalgo.org/,2026-09-29,A,intensity_control,partial,"0–300 slider, but any keystroke resets height to 17 (slider displays 5)",code_verified,Typing handler sets maxHeight = 17.,,high
Zalgo.org,https://zalgo.org/,2026-09-29,B,above_only,no,,directly_observed,control inventory complete; no such control on the page.,,high
Zalgo.org,https://zalgo.org/,2026-09-29,B,below_only,no,,directly_observed,control inventory complete; no such control on the page.,,high
Zalgo.org,https://zalgo.org/,2026-09-29,B,middle_only,partial,100% (slider moved to 0 after typing: 1 overlay mark per char; resets on next keystroke),output_measured,measured ccc-middle share across 1 summary rows (task:middle_only),"hello, watching",high
Zalgo.org,https://zalgo.org/,2026-09-29,B,zone_combinations,no,,directly_observed,control inventory complete; no such control on the page,,high
Zalgo.org,https://zalgo.org/,2026-09-29,B,per_zone_amount,no,,directly_observed,control inventory complete; no such control on the page,,high
Zalgo.org,https://zalgo.org/,2026-09-29,C,mark_family_choice,no,,code_verified,Fixed Lunicode lists.,,high
Zalgo.org,https://zalgo.org/,2026-09-29,C,frequency_control,no,,output_measured,All characters incl. spaces marked.,,high
Zalgo.org,https://zalgo.org/,2026-09-29,C,amplitude_range,partial,1.0–290.9 marks/letter mean (slider 0→300 after typing); typing always uses height 17 (≈19.5 mpb),code_verified,Setting lost at the next keystroke.,,high
Zalgo.org,https://zalgo.org/,2026-09-29,C,randomness_control,no,,code_verified,randomization fixed 100.,,high
Zalgo.org,https://zalgo.org/,2026-09-29,D,shape_increasing,no,,directly_observed,No shape control; inventory complete.,,high
Zalgo.org,https://zalgo.org/,2026-09-29,D,shape_decreasing,no,,directly_observed,No shape control; inventory complete.,,high
Zalgo.org,https://zalgo.org/,2026-09-29,D,shape_wave,no,,directly_observed,No shape control; inventory complete.,,high
Zalgo.org,https://zalgo.org/,2026-09-29,D,shape_middle_peak,no,,directly_observed,No shape control; inventory complete.,,high
Zalgo.org,https://zalgo.org/,2026-09-29,D,shape_middle_valley,no,,directly_observed,No shape control; inventory complete.,,high
Zalgo.org,https://zalgo.org/,2026-09-29,D,shape_steps,no,,directly_observed,No shape control; inventory complete.,,high
Zalgo.org,https://zalgo.org/,2026-09-29,D,shape_random_distribution,no,,directly_observed,No shape control; inventory complete.,,high
Zalgo.org,https://zalgo.org/,2026-09-29,D,shape_count,no,0,directly_observed,No shape control; inventory complete.,,high
Zalgo.org,https://zalgo.org/,2026-09-29,E,preset_count,no,0,directly_observed,"Link chips are navigation/ad links, not settings.",,medium
Zalgo.org,https://zalgo.org/,2026-09-29,E,presets_distinct,no,n/a: no presets,directly_observed,No presets.,,high
Zalgo.org,https://zalgo.org/,2026-09-29,F,decoder,yes,'UnZalgo Text' section + paste into output box; strips U+0300–U+0361,directly_observed,,café déjà vu,high
Zalgo.org,https://zalgo.org/,2026-09-29,F,decoder_keeps_composed_accents,yes,,directly_observed,Precomposed restored exactly.,café déjà vu,high
Zalgo.org,https://zalgo.org/,2026-09-29,F,decoder_keeps_decomposed_accents,no,NFD -> 'cafe deja vu',directly_observed,,café déjà vu (NFD),high
Zalgo.org,https://zalgo.org/,2026-09-29,G,deterministic_output,no,,output_measured,20/20 distinct.,,high
Zalgo.org,https://zalgo.org/,2026-09-29,G,consistency_toggle_or_seed,no,,directly_observed,control inventory complete; no such control on the page,,high
Zalgo.org,https://zalgo.org/,2026-09-29,G,settings_in_url,no,,directly_observed,URL only gains '#' after a copy click.,,high
Zalgo.org,https://zalgo.org/,2026-09-29,G,exact_output_in_url,no,,directly_observed,,,high
Zalgo.org,https://zalgo.org/,2026-09-29,G,share_link,no,,directly_observed,control inventory complete; no such control on the page.,,high
Zalgo.org,https://zalgo.org/,2026-09-29,G,embed,not_found,,directly_observed,"No embed control on the tool page (inventory complete). Off-page embed offerings were not searched for competitors; UTG's embed was found only by its code audit, so absence here is 'not found', not 'no'.",,medium
Zalgo.org,https://zalgo.org/,2026-09-29,G,persist_between_visits,no,,directly_observed,Reload: input empty.,,high
Zalgo.org,https://zalgo.org/,2026-09-29,H,char_count,no,,directly_observed,control inventory complete; no such control on the page,,high
Zalgo.org,https://zalgo.org/,2026-09-29,H,utf16_or_unicode_length_shown,no,,directly_observed,control inventory complete; no such control on the page,,high
Zalgo.org,https://zalgo.org/,2026-09-29,H,platform_limit_check,no,,directly_observed,control inventory complete; no such control on the page,,high
Zalgo.org,https://zalgo.org/,2026-09-29,H,platform_safe_mode,no,,directly_observed,control inventory complete; no such control on the page,,high
Zalgo.org,https://zalgo.org/,2026-09-29,H,platform_guidance,unclear,claimed: mentions Facebook / Instagram / Twitter generically,documentation_claim,Page copy; no per-platform guidance.,,medium
Zalgo.org,https://zalgo.org/,2026-09-29,I,interactions_to_first_output,yes,1,directly_observed,Type (1). Tester: 1.,,high
Zalgo.org,https://zalgo.org/,2026-09-29,I,interactions_to_copy,yes,3,directly_observed,+ copy link + dismiss alert. Tester: 3.,,high
Zalgo.org,https://zalgo.org/,2026-09-29,I,default_state_useful,partial,Zalgo text only as the output box's placeholder,directly_observed,Placeholder text is not copyable output.,,high
Zalgo.org,https://zalgo.org/,2026-09-29,I,controls_above_fold_desktop,yes,3; 2 textareas + slider (copy link y≈833 just below),directly_observed,,,high
Zalgo.org,https://zalgo.org/,2026-09-29,I,controls_above_fold_mobile,no,0 tool controls at 390x664 (tester recorded 4; fold line not stated),directly_observed,"Screenshot shows header, menu, intro and ad list only.",,high
Zalgo.org,https://zalgo.org/,2026-09-29,I,visible_control_count,yes,9,directly_observed,,,high
Zalgo.org,https://zalgo.org/,2026-09-29,T,emoji_preserved,no,0/3 outputs keep both 👁,output_measured,Counted U+1F441 and U+FFFD (lone-surrogate substitute) in every default 'emoji' sample.,👁 hello 👁,high
Zalgo.org,https://zalgo.org/,2026-09-29,T,spaces_left_clean,no,132/132 spaces carry a mark,output_measured,Counted spaces followed by a combining mark over all 47 default samples.,all inputs,high
Zalgo.org,https://zalgo.org/,2026-09-29,T,injects_non_mark_chars,no,0/44 default outputs differ from input,output_measured,Stripped Mn/Me from each non-emoji default sample and compared with the input string.,all inputs except emoji,high
Zalgo.org,https://zalgo.org/,2026-09-29,X,image_or_gif_export,no,,directly_observed,control inventory complete; no such control on the page,,high
Zalgo.org,https://zalgo.org/,2026-09-29,X,special_modes,no,,directly_observed,control inventory complete; no such control on the page,,high
SymbolDB,https://symboldb.org/font-generator/zalgo/,2026-09-29,A,arbitrary_text,yes,500-char cap,directly_observed,textarea (maxlength 500).,all inputs,high
SymbolDB,https://symboldb.org/font-generator/zalgo/,2026-09-29,A,live_output,yes,,code_verified,watch(text) regenerates all 50 cards; custom mode on text/slider/checkbox change.,,high
SymbolDB,https://symboldb.org/font-generator/zalgo/,2026-09-29,A,copy_button,yes,click a card (template) / '📋 Copy to Clipboard' (custom),directly_observed,,,high
SymbolDB,https://symboldb.org/font-generator/zalgo/,2026-09-29,A,regenerate,no,,directly_observed,No re-roll control in either mode; re-roll only by editing the text.,,high
SymbolDB,https://symboldb.org/font-generator/zalgo/,2026-09-29,A,intensity_control,yes,Custom mode 'Insanity' 0–50; templates fixed,code_verified,Custom W(): exactly t top + floor(0.6t) middle + floor(0.5t) bottom per char.,,high
SymbolDB,https://symboldb.org/font-generator/zalgo/,2026-09-29,B,above_only,yes,100% (Custom: Top Marks only),output_measured,Templates named 'Top' are ~50/50 above/below.,"hello, watching",high
SymbolDB,https://symboldb.org/font-generator/zalgo/,2026-09-29,B,below_only,partial,85–86% below (Custom: Bottom Marks only; list includes U+033D–033F above and U+0338),output_measured,Leaks 10–12% above.,"hello, watching",high
SymbolDB,https://symboldb.org/font-generator/zalgo/,2026-09-29,B,middle_only,no,"0% (Custom 'Middle Marks' only gives 86–88% below, 12–14% above)",output_measured,The labelled middle list is hooks/cedillas (ccc 202) plus U+0315/U+031A. measured ccc-middle share across 2 summary rows (ctl:custom middle-only (insanity 15); task:middle_only (custom insanity 15 mid)),"hello, watching",high
SymbolDB,https://symboldb.org/font-generator/zalgo/,2026-09-29,B,zone_combinations,yes,"Custom mode Top / Middle / Bottom checkboxes, any subset",output_measured,Template names promising placement are ignored by the bundled library (top/bottom always on).,,high
SymbolDB,https://symboldb.org/font-generator/zalgo/,2026-09-29,B,per_zone_amount,no,,code_verified,Fixed ratios per Insanity value.,,high
SymbolDB,https://symboldb.org/font-generator/zalgo/,2026-09-29,C,mark_family_choice,no,,code_verified,Fixed arrays per zone.,,high
SymbolDB,https://symboldb.org/font-generator/zalgo/,2026-09-29,C,frequency_control,no,,code_verified,Every character gets marks.,,high
SymbolDB,https://symboldb.org/font-generator/zalgo/,2026-09-29,C,amplitude_range,yes,"0–105 marks/letter (Custom 0→50, exact, sd 0); templates 6.5–11",output_measured,,hello,high
SymbolDB,https://symboldb.org/font-generator/zalgo/,2026-09-29,C,randomness_control,no,,code_verified,Math.random only.,,high
SymbolDB,https://symboldb.org/font-generator/zalgo/,2026-09-29,D,shape_increasing,no,,code_verified,No position logic in either generator; 'Wave Curse' appends one U+035B at the end.,,high
SymbolDB,https://symboldb.org/font-generator/zalgo/,2026-09-29,D,shape_decreasing,no,,code_verified,No position logic in either generator; 'Wave Curse' appends one U+035B at the end.,,high
SymbolDB,https://symboldb.org/font-generator/zalgo/,2026-09-29,D,shape_wave,no,,code_verified,No position logic in either generator; 'Wave Curse' appends one U+035B at the end.,,high
SymbolDB,https://symboldb.org/font-generator/zalgo/,2026-09-29,D,shape_middle_peak,no,,code_verified,No position logic in either generator; 'Wave Curse' appends one U+035B at the end.,,high
SymbolDB,https://symboldb.org/font-generator/zalgo/,2026-09-29,D,shape_middle_valley,no,,code_verified,No position logic in either generator; 'Wave Curse' appends one U+035B at the end.,,high
SymbolDB,https://symboldb.org/font-generator/zalgo/,2026-09-29,D,shape_steps,no,,code_verified,No position logic in either generator; 'Wave Curse' appends one U+035B at the end.,,high
SymbolDB,https://symboldb.org/font-generator/zalgo/,2026-09-29,D,shape_random_distribution,no,,code_verified,No position logic in either generator; 'Wave Curse' appends one U+035B at the end.,,high
SymbolDB,https://symboldb.org/font-generator/zalgo/,2026-09-29,D,shape_count,no,0,code_verified,No position logic in either generator; 'Wave Curse' appends one U+035B at the end.,,high
SymbolDB,https://symboldb.org/font-generator/zalgo/,2026-09-29,E,preset_count,yes,50 templates (+ Custom mode),code_verified,5 categories of 10.,,high
SymbolDB,https://symboldb.org/font-generator/zalgo/,2026-09-29,E,presets_distinct,partial,reduce to ~4 mark distributions + one appended suffix char; means 6.52–11.02 mpb; zones ~50/50 for all,output_measured,10 hello samples per template.,hello,high
SymbolDB,https://symboldb.org/font-generator/zalgo/,2026-09-29,F,decoder,no,,directly_observed,control inventory complete; no such control on the page (only a footer link to a Base64 decoder).,,high
SymbolDB,https://symboldb.org/font-generator/zalgo/,2026-09-29,F,decoder_keeps_composed_accents,no,n/a: no decoder on the page,directly_observed,No decoder.,,high
SymbolDB,https://symboldb.org/font-generator/zalgo/,2026-09-29,F,decoder_keeps_decomposed_accents,no,n/a: no decoder on the page,directly_observed,No decoder.,,high
SymbolDB,https://symboldb.org/font-generator/zalgo/,2026-09-29,G,deterministic_output,no,,directly_observed,20/20 distinct; reload re-randomises.,,high
SymbolDB,https://symboldb.org/font-generator/zalgo/,2026-09-29,G,consistency_toggle_or_seed,no,,directly_observed,control inventory complete; no such control on the page,,high
SymbolDB,https://symboldb.org/font-generator/zalgo/,2026-09-29,G,settings_in_url,no,,directly_observed,URL unchanged in both modes.,,high
SymbolDB,https://symboldb.org/font-generator/zalgo/,2026-09-29,G,exact_output_in_url,no,,directly_observed,URL carries nothing.,,high
SymbolDB,https://symboldb.org/font-generator/zalgo/,2026-09-29,G,share_link,no,,directly_observed,control inventory complete; no such control on the page,,high
SymbolDB,https://symboldb.org/font-generator/zalgo/,2026-09-29,G,embed,not_found,,directly_observed,"No embed control on the tool page (inventory complete). Off-page embed offerings were not searched for competitors; UTG's embed was found only by its code audit, so absence here is 'not found', not 'no'.",,medium
SymbolDB,https://symboldb.org/font-generator/zalgo/,2026-09-29,G,persist_between_visits,no,,directly_observed,Reload returns to Template Mode with 'Hello Zalgo'.,,high
SymbolDB,https://symboldb.org/font-generator/zalgo/,2026-09-29,H,char_count,partial,input counter 'n/500' only,directly_observed,No output length.,,high
SymbolDB,https://symboldb.org/font-generator/zalgo/,2026-09-29,H,utf16_or_unicode_length_shown,no,,directly_observed,Only input length.,,high
SymbolDB,https://symboldb.org/font-generator/zalgo/,2026-09-29,H,platform_limit_check,no,,directly_observed,control inventory complete; no such control on the page,,high
SymbolDB,https://symboldb.org/font-generator/zalgo/,2026-09-29,H,platform_safe_mode,no,,directly_observed,control inventory complete; no such control on the page,,high
SymbolDB,https://symboldb.org/font-generator/zalgo/,2026-09-29,H,platform_guidance,unclear,"claimed: FAQ lists Discord, Instagram, X, TikTok, YouTube, Twitch, Reddit, Steam; 'retains its corrupted, glitched appearance regardless of the operating system'",documentation_claim,FAQ; unverified.,,high
SymbolDB,https://symboldb.org/font-generator/zalgo/,2026-09-29,I,interactions_to_first_output,yes,2,directly_observed,Prefilled 'Hello Zalgo': select-all (1) + type (1). Tester: 3 (focus click not counted for any tool).,,high
SymbolDB,https://symboldb.org/font-generator/zalgo/,2026-09-29,I,interactions_to_copy,yes,3,directly_observed,+ click a card. Tester: 4.,,high
SymbolDB,https://symboldb.org/font-generator/zalgo/,2026-09-29,I,default_state_useful,yes,,directly_observed,50 Zalgo'd 'Hello Zalgo' cards on load.,,high
SymbolDB,https://symboldb.org/font-generator/zalgo/,2026-09-29,I,controls_above_fold_desktop,yes,12 (9 tool controls); input and first cards visible; ad overlays cover part of the grid,directly_observed,,,high
SymbolDB,https://symboldb.org/font-generator/zalgo/,2026-09-29,I,controls_above_fold_mobile,partial,"10; textarea y≈482, first card y≈695",directly_observed,First card below the 664 fold.,,high
SymbolDB,https://symboldb.org/font-generator/zalgo/,2026-09-29,I,visible_control_count,yes,12,directly_observed,,,high
SymbolDB,https://symboldb.org/font-generator/zalgo/,2026-09-29,T,emoji_preserved,yes,3/3 outputs keep both 👁,output_measured,Counted U+1F441 and U+FFFD (lone-surrogate substitute) in every default 'emoji' sample.,👁 hello 👁,high
SymbolDB,https://symboldb.org/font-generator/zalgo/,2026-09-29,T,spaces_left_clean,no,129/132 spaces carry a mark,output_measured,Counted spaces followed by a combining mark over all 47 default samples.,all inputs,high
SymbolDB,https://symboldb.org/font-generator/zalgo/,2026-09-29,T,injects_non_mark_chars,no,0/44 default outputs differ from input,output_measured,Stripped Mn/Me from each non-emoji default sample and compared with the input string.,all inputs except emoji,high
SymbolDB,https://symboldb.org/font-generator/zalgo/,2026-09-29,X,image_or_gif_export,no,,directly_observed,control inventory complete; no such control on the page,,high
SymbolDB,https://symboldb.org/font-generator/zalgo/,2026-09-29,X,special_modes,yes,"Custom Corruption mode; 4 'Symbolic' templates substitute letters (a→∆, e→∑, o→º)",code_verified,,,high
PSD-Dude,https://www.psd-dude.com/zalgo-text/,2026-09-29,A,arbitrary_text,yes,,directly_observed,textarea#inputText oninput.,all inputs,high
PSD-Dude,https://www.psd-dude.com/zalgo-text/,2026-09-29,A,live_output,yes,,code_verified,oninput -> generateText(); observed.,,high
PSD-Dude,https://www.psd-dude.com/zalgo-text/,2026-09-29,A,copy_button,yes,📋 Copy Text,directly_observed,Clipboard equals displayed output.,,high
PSD-Dude,https://www.psd-dude.com/zalgo-text/,2026-09-29,A,regenerate,partial,no pure re-roll button; 'Randomize' also re-randomises every setting; Ctrl+Enter (undocumented) regenerates at the same settings,code_verified,randomizeAll() changes all sliders and checkboxes; re-typing re-rolls.,,high
PSD-Dude,https://www.psd-dude.com/zalgo-text/,2026-09-29,A,intensity_control,yes,"above 0–20, below 0–20, through 0–15 sliders",code_verified,"The 'Glitch Intensity' slider changes only letter-substitution probability (no effect on marks, measured).",,high
PSD-Dude,https://www.psd-dude.com/zalgo-text/,2026-09-29,B,above_only,yes,100%,output_measured,above15 below0 through0.,hello,high
PSD-Dude,https://www.psd-dude.com/zalgo-text/,2026-09-29,B,below_only,yes,100%,output_measured,above0 below15 through0.,hello,high
PSD-Dude,https://www.psd-dude.com/zalgo-text/,2026-09-29,B,middle_only,partial,29%–32% (through-only; list mixes overlays with above/below marks),output_measured,measured ccc-middle share across 2 summary rows (ctl:through-only (above0 below0 through15); task:middle_only),"hello, watching",high
PSD-Dude,https://www.psd-dude.com/zalgo-text/,2026-09-29,B,zone_combinations,yes,3 independent sliders; any combination by zeroing others,code_verified,,,high
PSD-Dude,https://www.psd-dude.com/zalgo-text/,2026-09-29,B,per_zone_amount,yes,above 0–20 / below 0–20 / through 0–15,code_verified,Each slider is an independent per-character count (Binomial).,,high
PSD-Dude,https://www.psd-dude.com/zalgo-text/,2026-09-29,C,mark_family_choice,no,,code_verified,"Fixed arrays above 48, below 40, through 16; extra non-mark options only (substitution, upside down, reverse, spacing).",,high
PSD-Dude,https://www.psd-dude.com/zalgo-text/,2026-09-29,C,frequency_control,no,,code_verified,Every character incl. spaces visited; no share-of-characters control.,,high
PSD-Dude,https://www.psd-dude.com/zalgo-text/,2026-09-29,C,amplitude_range,yes,0–30.3 marks/letter mean (all sliders min→max); max 20 above on one base,output_measured,Default 16.05 mpb.,hello,high
PSD-Dude,https://www.psd-dude.com/zalgo-text/,2026-09-29,C,randomness_control,no,,code_verified,Math.random only.,,high
PSD-Dude,https://www.psd-dude.com/zalgo-text/,2026-09-29,D,shape_increasing,no,,code_verified,Same slider values applied to every character in a flat loop; no shape control.,,high
PSD-Dude,https://www.psd-dude.com/zalgo-text/,2026-09-29,D,shape_decreasing,no,,code_verified,Same slider values applied to every character in a flat loop; no shape control.,,high
PSD-Dude,https://www.psd-dude.com/zalgo-text/,2026-09-29,D,shape_wave,no,,code_verified,Same slider values applied to every character in a flat loop; no shape control.,,high
PSD-Dude,https://www.psd-dude.com/zalgo-text/,2026-09-29,D,shape_middle_peak,no,,code_verified,Same slider values applied to every character in a flat loop; no shape control.,,high
PSD-Dude,https://www.psd-dude.com/zalgo-text/,2026-09-29,D,shape_middle_valley,no,,code_verified,Same slider values applied to every character in a flat loop; no shape control.,,high
PSD-Dude,https://www.psd-dude.com/zalgo-text/,2026-09-29,D,shape_steps,no,,code_verified,Same slider values applied to every character in a flat loop; no shape control.,,high
PSD-Dude,https://www.psd-dude.com/zalgo-text/,2026-09-29,D,shape_random_distribution,no,,code_verified,Same slider values applied to every character in a flat loop; no shape control.,,high
PSD-Dude,https://www.psd-dude.com/zalgo-text/,2026-09-29,D,shape_count,no,0,code_verified,Same slider values applied to every character in a flat loop; no shape control.,,high
PSD-Dude,https://www.psd-dude.com/zalgo-text/,2026-09-29,E,preset_count,yes,"2 live: Minimal Glitch, More Chaos (page copy names 3; 'Maximum Destruction' and 'Random' commented out)",directly_observed,,,high
PSD-Dude,https://www.psd-dude.com/zalgo-text/,2026-09-29,E,presets_distinct,yes,2.02 vs 11.84 marks per letter (More Chaos also turns on letter substitution),output_measured,,hello,high
PSD-Dude,https://www.psd-dude.com/zalgo-text/,2026-09-29,F,decoder,no,,directly_observed,control inventory complete; no such control on the page (34 visible controls); a 'Zalgo Text Translator' heading has no control.,,high
PSD-Dude,https://www.psd-dude.com/zalgo-text/,2026-09-29,F,decoder_keeps_composed_accents,no,n/a: no decoder on the page,directly_observed,No decoder.,,high
PSD-Dude,https://www.psd-dude.com/zalgo-text/,2026-09-29,F,decoder_keeps_decomposed_accents,no,n/a: no decoder on the page,directly_observed,No decoder.,,high
PSD-Dude,https://www.psd-dude.com/zalgo-text/,2026-09-29,G,deterministic_output,no,,directly_observed,20/20 default outputs distinct; reload differs.,,high
PSD-Dude,https://www.psd-dude.com/zalgo-text/,2026-09-29,G,consistency_toggle_or_seed,no,,directly_observed,control inventory complete; no such control on the page,,high
PSD-Dude,https://www.psd-dude.com/zalgo-text/,2026-09-29,G,settings_in_url,no,,directly_observed,URL unchanged; settings reset on reload.,,high
PSD-Dude,https://www.psd-dude.com/zalgo-text/,2026-09-29,G,exact_output_in_url,no,,directly_observed,URL carries nothing.,,high
PSD-Dude,https://www.psd-dude.com/zalgo-text/,2026-09-29,G,share_link,no,"no link share ('Share GIF' shares an animated image, see image_or_gif_export)",code_verified,,,high
PSD-Dude,https://www.psd-dude.com/zalgo-text/,2026-09-29,G,embed,not_found,,directly_observed,"No embed control on the tool page (inventory complete). Off-page embed offerings were not searched for competitors; UTG's embed was found only by its code audit, so absence here is 'not found', not 'no'.",,medium
PSD-Dude,https://www.psd-dude.com/zalgo-text/,2026-09-29,G,persist_between_visits,no,,directly_observed,Settings reset to defaults on reload.,,high
PSD-Dude,https://www.psd-dude.com/zalgo-text/,2026-09-29,H,char_count,no,,directly_observed,control inventory complete; no such control on the page,,high
PSD-Dude,https://www.psd-dude.com/zalgo-text/,2026-09-29,H,utf16_or_unicode_length_shown,no,,directly_observed,control inventory complete; no such control on the page,,high
PSD-Dude,https://www.psd-dude.com/zalgo-text/,2026-09-29,H,platform_limit_check,no,,directly_observed,control inventory complete; no such control on the page,,high
PSD-Dude,https://www.psd-dude.com/zalgo-text/,2026-09-29,H,platform_safe_mode,no,,directly_observed,control inventory complete; no such control on the page,,high
PSD-Dude,https://www.psd-dude.com/zalgo-text/,2026-09-29,H,platform_guidance,unclear,"claimed: usable in 'game chats (Discord, Roblox, etc)'; warns some Apple Messages versions crash",documentation_claim,Page copy; unverified.,,high
PSD-Dude,https://www.psd-dude.com/zalgo-text/,2026-09-29,I,interactions_to_first_output,yes,2,directly_observed,"Prefilled demo: select-all (1) + type (1). Tester: 3 (counted a focus click, not counted for any tool).",,high
PSD-Dude,https://www.psd-dude.com/zalgo-text/,2026-09-29,I,interactions_to_copy,yes,3,directly_observed,+ Copy Text. Tester: 4.,,high
PSD-Dude,https://www.psd-dude.com/zalgo-text/,2026-09-29,I,default_state_useful,yes,,directly_observed,Demo string already Zalgo'd on load.,,high
PSD-Dude,https://www.psd-dude.com/zalgo-text/,2026-09-29,I,controls_above_fold_desktop,yes,"8; input, output and Copy visible",directly_observed,1280x800 screenshot.,,high
PSD-Dude,https://www.psd-dude.com/zalgo-text/,2026-09-29,I,controls_above_fold_mobile,partial,6 (tester counted to y<844); only the textarea top is visible at 390x664,directly_observed,"Screenshot shows the input textarea, no output.",,high
PSD-Dude,https://www.psd-dude.com/zalgo-text/,2026-09-29,I,visible_control_count,yes,34,directly_observed,Includes site search/newsletter (4) and GIF controls.,,high
PSD-Dude,https://www.psd-dude.com/zalgo-text/,2026-09-29,T,emoji_preserved,no,0/3 outputs keep both 👁,output_measured,Counted U+1F441 and U+FFFD (lone-surrogate substitute) in every default 'emoji' sample.,👁 hello 👁,high
PSD-Dude,https://www.psd-dude.com/zalgo-text/,2026-09-29,T,spaces_left_clean,no,896/896 spaces carry a mark,output_measured,Counted spaces followed by a combining mark over all 47 default samples.,all inputs,high
PSD-Dude,https://www.psd-dude.com/zalgo-text/,2026-09-29,T,injects_non_mark_chars,yes,44/44 default outputs differ from input once marks are stripped (hello -> 'h e l l o'; hello -> 'h e l l o'),output_measured,Stripped Mn/Me from each non-emoji default sample and compared with the input string. Cause: Extra Spacing is on by default (split('').join(' ')).,all inputs except emoji,high
PSD-Dude,https://www.psd-dude.com/zalgo-text/,2026-09-29,X,image_or_gif_export,yes,animated GIF download + Share GIF,code_verified,"gif.js canvas GIF (duration 1–10 s, transparent, invert); download not captured to completion.",,medium
PSD-Dude,https://www.psd-dude.com/zalgo-text/,2026-09-29,X,special_modes,yes,"Extra Spacing (on by default), Upside Down, Reverse, Cyrillic/Greek/Math-letter substitution",code_verified,Checkbox options in main.js.,,high
FontCraft,https://fontcraft.com/zalgo-text/,2026-09-29,A,arbitrary_text,yes,,directly_observed,Every style card re-renders your text.,all inputs,high
FontCraft,https://fontcraft.com/zalgo-text/,2026-09-29,A,live_output,yes,,directly_observed,Cards update while typing.,,high
FontCraft,https://fontcraft.com/zalgo-text/,2026-09-29,A,copy_button,yes,per-card Copy,directly_observed,Clipboard equalled the Mild Zalgo card.,,high
FontCraft,https://fontcraft.com/zalgo-text/,2026-09-29,A,regenerate,no,,code_verified,"Seeded PRNG (style id XOR char index); output a pure function of (style, position, letter); no re-roll control.",,high
FontCraft,https://fontcraft.com/zalgo-text/,2026-09-29,A,intensity_control,partial,12 fixed zalgo styles (Faint 1/0/1 … Apocalyptic 20/6/20 up/mid/down); no control,code_verified,No slider; the '1 / 2 / 3' hero buttons only swap an illustration.,,high
FontCraft,https://fontcraft.com/zalgo-text/,2026-09-29,B,above_only,partial,"only the 1-mark decorative style 'Stipple' (U+033D), 100% above",output_measured,No zalgo style is above-only.,watching,high
FontCraft,https://fontcraft.com/zalgo-text/,2026-09-29,B,below_only,partial,"only the 1-mark decorative style 'Barrowland' (U+0332), 100% below",output_measured,No zalgo style is below-only.,watching,high
FontCraft,https://fontcraft.com/zalgo-text/,2026-09-29,B,middle_only,partial,"100% ('Drift', one U+0334 per letter; fixed single mark)",output_measured,measured ccc-middle share across 1 summary rows (task:middle_only (style Drift)),watching,high
FontCraft,https://fontcraft.com/zalgo-text/,2026-09-29,B,zone_combinations,no,,code_verified,Every zalgo style has up>0 and down>0; no zone control.,,high
FontCraft,https://fontcraft.com/zalgo-text/,2026-09-29,B,per_zone_amount,no,,code_verified,Counts fixed per style.,,high
FontCraft,https://fontcraft.com/zalgo-text/,2026-09-29,C,mark_family_choice,partial,"only via fixed single-mark decorative styles (e.g. Stipple U+033D, Barrowland U+0332, Drift U+0334, To the Heart U+0336)",output_measured,"Zalgo styles use fixed arrays (up 50, mid 21, down 36).",,high
FontCraft,https://fontcraft.com/zalgo-text/,2026-09-29,C,frequency_control,no,,code_verified,Every mapped character gets exactly up+mid+down marks.,,high
FontCraft,https://fontcraft.com/zalgo-text/,2026-09-29,C,amplitude_range,partial,"2–46 marks/letter, fixed per style (Faint → Apocalyptic); max 25 above on one base",output_measured,"Measured mpb equals up+mid+down exactly, sd 0.",hello,high
FontCraft,https://fontcraft.com/zalgo-text/,2026-09-29,C,randomness_control,no,,code_verified,"Seeded, not user-settable.",,high
FontCraft,https://fontcraft.com/zalgo-text/,2026-09-29,D,shape_increasing,no,,code_verified,Per-character counts constant within a style; no position logic; no shape control.,,high
FontCraft,https://fontcraft.com/zalgo-text/,2026-09-29,D,shape_decreasing,no,,code_verified,Per-character counts constant within a style; no position logic; no shape control.,,high
FontCraft,https://fontcraft.com/zalgo-text/,2026-09-29,D,shape_wave,no,,code_verified,Per-character counts constant within a style; no position logic; no shape control.,,high
FontCraft,https://fontcraft.com/zalgo-text/,2026-09-29,D,shape_middle_peak,no,,code_verified,Per-character counts constant within a style; no position logic; no shape control.,,high
FontCraft,https://fontcraft.com/zalgo-text/,2026-09-29,D,shape_middle_valley,no,,code_verified,Per-character counts constant within a style; no position logic; no shape control.,,high
FontCraft,https://fontcraft.com/zalgo-text/,2026-09-29,D,shape_steps,no,,code_verified,Per-character counts constant within a style; no position logic; no shape control.,,high
FontCraft,https://fontcraft.com/zalgo-text/,2026-09-29,D,shape_random_distribution,no,,code_verified,Per-character counts constant within a style; no position logic; no shape control.,,high
FontCraft,https://fontcraft.com/zalgo-text/,2026-09-29,D,shape_count,no,0,code_verified,Per-character counts constant within a style; no position logic; no shape control.,,high
FontCraft,https://fontcraft.com/zalgo-text/,2026-09-29,E,preset_count,yes,"12 zalgo styles of 400 (+113 decorated single-mark styles, 275 without marks)",output_measured,400 cards after 22 'Load more' clicks; page copy says '401+'.,,high
FontCraft,https://fontcraft.com/zalgo-text/,2026-09-29,E,presets_distinct,yes,"2–46 marks per letter, sd 0; zone shares ~50/50 above/below (Mild 67/33)",output_measured,Styles differ only in mark counts.,hello,high
FontCraft,https://fontcraft.com/zalgo-text/,2026-09-29,F,decoder,no,,directly_observed,control inventory complete; no such control on the page (24 visible controls).,,high
FontCraft,https://fontcraft.com/zalgo-text/,2026-09-29,F,decoder_keeps_composed_accents,no,n/a: no decoder on the page,directly_observed,No decoder.,,high
FontCraft,https://fontcraft.com/zalgo-text/,2026-09-29,F,decoder_keeps_decomposed_accents,no,n/a: no decoder on the page,directly_observed,No decoder.,,high
FontCraft,https://fontcraft.com/zalgo-text/,2026-09-29,G,deterministic_output,yes,pure function of style + position + letter,directly_observed,"Identical after re-typing (5/5), reload, and a new browser context.",,high
FontCraft,https://fontcraft.com/zalgo-text/,2026-09-29,G,consistency_toggle_or_seed,no,,code_verified,Seed not user-settable.,,high
FontCraft,https://fontcraft.com/zalgo-text/,2026-09-29,G,settings_in_url,no,,directly_observed,URL unchanged after typing.,,high
FontCraft,https://fontcraft.com/zalgo-text/,2026-09-29,G,exact_output_in_url,no,,directly_observed,URL carries no text.,,high
FontCraft,https://fontcraft.com/zalgo-text/,2026-09-29,G,share_link,no,,directly_observed,control inventory complete; no such control on the page,,high
FontCraft,https://fontcraft.com/zalgo-text/,2026-09-29,G,embed,not_found,,directly_observed,"No embed control on the tool page (inventory complete). Off-page embed offerings were not searched for competitors; UTG's embed was found only by its code audit, so absence here is 'not found', not 'no'.",,medium
FontCraft,https://fontcraft.com/zalgo-text/,2026-09-29,G,persist_between_visits,no,,directly_observed,Input empty after reload.,,high
FontCraft,https://fontcraft.com/zalgo-text/,2026-09-29,H,char_count,no,,directly_observed,control inventory complete; no such control on the page,,high
FontCraft,https://fontcraft.com/zalgo-text/,2026-09-29,H,utf16_or_unicode_length_shown,no,,directly_observed,control inventory complete; no such control on the page,,high
FontCraft,https://fontcraft.com/zalgo-text/,2026-09-29,H,platform_limit_check,no,,directly_observed,control inventory complete; no such control on the page,,high
FontCraft,https://fontcraft.com/zalgo-text/,2026-09-29,H,platform_safe_mode,no,,directly_observed,control inventory complete; no such control on the page,,high
FontCraft,https://fontcraft.com/zalgo-text/,2026-09-29,H,platform_guidance,unclear,"claimed: 'drop it into a Discord name or server, or a TikTok bio'; 'Use a lower level to keep it contained'",documentation_claim,Page copy/FAQ; unverified.,,high
FontCraft,https://fontcraft.com/zalgo-text/,2026-09-29,I,interactions_to_first_output,yes,1,directly_observed,Type (1). Tester: 2 (focus click not counted for any tool).,,high
FontCraft,https://fontcraft.com/zalgo-text/,2026-09-29,I,interactions_to_copy,yes,2,directly_observed,+ Copy. Tester: 3.,,high
FontCraft,https://fontcraft.com/zalgo-text/,2026-09-29,I,default_state_useful,yes,,directly_observed,"Each style applied to its own name, with Copy, before typing.",,high
FontCraft,https://fontcraft.com/zalgo-text/,2026-09-29,I,controls_above_fold_desktop,yes,"10; input yes, cards yes",directly_observed,"Style dropdown, 1/2/3, input, Copy buttons.",,high
FontCraft,https://fontcraft.com/zalgo-text/,2026-09-29,I,controls_above_fold_mobile,yes,"4; input y≈555, first card 'Mild Zalgo' + Copy y≈640",directly_observed,Read from the 390x664 screenshot (tester: input y≈526).,,medium
FontCraft,https://fontcraft.com/zalgo-text/,2026-09-29,I,visible_control_count,yes,24,directly_observed,Before 'Load more'.,,high
FontCraft,https://fontcraft.com/zalgo-text/,2026-09-29,T,emoji_preserved,yes,3/3 outputs keep both 👁,output_measured,Counted U+1F441 and U+FFFD (lone-surrogate substitute) in every default 'emoji' sample.,👁 hello 👁,high
FontCraft,https://fontcraft.com/zalgo-text/,2026-09-29,T,spaces_left_clean,yes,0/132 spaces carry a mark,output_measured,Counted spaces followed by a combining mark over all 32 default samples.,all inputs,high
FontCraft,https://fontcraft.com/zalgo-text/,2026-09-29,T,injects_non_mark_chars,yes,3/29 default outputs differ from input once marks are stripped (café déjà vu -> 'cafe deja vu'; café déjà vu -> 'cafe deja vu'),output_measured,Stripped Mn/Me from each non-emoji default sample and compared with the input string. Cause: input is NFD-normalised and looked up by ASCII base; accents not emitted (code).,all inputs except emoji,high
FontCraft,https://fontcraft.com/zalgo-text/,2026-09-29,X,image_or_gif_export,no,,directly_observed,control inventory complete; no such control on the page,,high
FontCraft,https://fontcraft.com/zalgo-text/,2026-09-29,X,special_modes,no,none (the '1 / 2 / 3' buttons only swap an illustration),directly_observed,Card outputs byte-identical before/after clicking 2 and 3.,,high
Pixelied,https://pixelied.com/font-generator/glitch-text,2026-09-29,A,arbitrary_text,yes,,directly_observed,Single input; every card re-renders.,all inputs,high
Pixelied,https://pixelied.com/font-generator/glitch-text,2026-09-29,A,live_output,yes,,directly_observed,Cards update on input.,,high
Pixelied,https://pixelied.com/font-generator/glitch-text,2026-09-29,A,copy_button,yes,per-card Copy,directly_observed,Clipboard equalled the card.,,high
Pixelied,https://pixelied.com/font-generator/glitch-text,2026-09-29,A,regenerate,no,,code_verified,Deterministic glyph lookup; no re-roll control.,,high
Pixelied,https://pixelied.com/font-generator/glitch-text,2026-09-29,A,intensity_control,partial,only by picking fixed styles (single-mark styles → 'Weird Text 2/3/4' stacks),directly_observed,No slider/select in the 41-control inventory.,,high
Pixelied,https://pixelied.com/font-generator/glitch-text,2026-09-29,B,above_only,partial,"only fixed one-mark styles (e.g. 'Stacked above' U+0305), 100% above",output_measured,No placement control.,hello,high
Pixelied,https://pixelied.com/font-generator/glitch-text,2026-09-29,B,below_only,partial,"only fixed one-mark styles (e.g. 'Double Underlines' U+0332), 100% below",output_measured,No placement control.,hello,high
Pixelied,https://pixelied.com/font-generator/glitch-text,2026-09-29,B,middle_only,partial,100% ('Strikethrough' U+0336 / 'Diagonal Strikes' U+0337; fixed single mark),output_measured,measured ccc-middle share across 3 summary rows (task:middle_only; preset:Strikethrough),"hello, watching",high
Pixelied,https://pixelied.com/font-generator/glitch-text,2026-09-29,B,zone_combinations,no,,directly_observed,Zone fixed per style.,,high
Pixelied,https://pixelied.com/font-generator/glitch-text,2026-09-29,B,per_zone_amount,no,,directly_observed,No control.,,high
Pixelied,https://pixelied.com/font-generator/glitch-text,2026-09-29,C,mark_family_choice,partial,only by picking a style card (each single-mark style repeats one mark),output_measured,No separate family control.,,high
Pixelied,https://pixelied.com/font-generator/glitch-text,2026-09-29,C,frequency_control,no,,directly_observed,Every style marks every character.,,high
Pixelied,https://pixelied.com/font-generator/glitch-text,2026-09-29,C,amplitude_range,partial,"1.8–13.4 marks/letter, fixed per style (single-mark → Weird Text 4)",output_measured,hello: single-mark 1.8; Weird Text 2/3/4 9.8/11.4/13.4.,hello,high
Pixelied,https://pixelied.com/font-generator/glitch-text,2026-09-29,C,randomness_control,no,,code_verified,Deterministic lookup.,,high
Pixelied,https://pixelied.com/font-generator/glitch-text,2026-09-29,D,shape_increasing,no,,code_verified,"Per-letter, position-independent lookup; 'Wavy' is a uniform U+0334 on every letter.",,high
Pixelied,https://pixelied.com/font-generator/glitch-text,2026-09-29,D,shape_decreasing,no,,code_verified,"Per-letter, position-independent lookup; 'Wavy' is a uniform U+0334 on every letter.",,high
Pixelied,https://pixelied.com/font-generator/glitch-text,2026-09-29,D,shape_wave,no,,code_verified,"Per-letter, position-independent lookup; 'Wavy' is a uniform U+0334 on every letter.",,high
Pixelied,https://pixelied.com/font-generator/glitch-text,2026-09-29,D,shape_middle_peak,no,,code_verified,"Per-letter, position-independent lookup; 'Wavy' is a uniform U+0334 on every letter.",,high
Pixelied,https://pixelied.com/font-generator/glitch-text,2026-09-29,D,shape_middle_valley,no,,code_verified,"Per-letter, position-independent lookup; 'Wavy' is a uniform U+0334 on every letter.",,high
Pixelied,https://pixelied.com/font-generator/glitch-text,2026-09-29,D,shape_steps,no,,code_verified,"Per-letter, position-independent lookup; 'Wavy' is a uniform U+0334 on every letter.",,high
Pixelied,https://pixelied.com/font-generator/glitch-text,2026-09-29,D,shape_random_distribution,no,,code_verified,"Per-letter, position-independent lookup; 'Wavy' is a uniform U+0334 on every letter.",,high
Pixelied,https://pixelied.com/font-generator/glitch-text,2026-09-29,D,shape_count,no,0,code_verified,"Per-letter, position-independent lookup; 'Wavy' is a uniform U+0334 on every letter.",,high
Pixelied,https://pixelied.com/font-generator/glitch-text,2026-09-29,E,preset_count,yes,"22 mark styles of 48 (19 single-mark, 3 multi-mark 'Weird Text 2/3/4'; 26 without marks)",output_measured,"31 shown, 17 more after 'Load More Fonts'.",,high
Pixelied,https://pixelied.com/font-generator/glitch-text,2026-09-29,E,presets_distinct,partial,'Shadow' and 'Diagonal Strikes' byte-identical; single-mark styles differ only in which mark,output_measured,,hello,high
Pixelied,https://pixelied.com/font-generator/glitch-text,2026-09-29,F,decoder,no,,directly_observed,control inventory complete; no such control on the page,,high
Pixelied,https://pixelied.com/font-generator/glitch-text,2026-09-29,F,decoder_keeps_composed_accents,no,n/a: no decoder on the page,directly_observed,No decoder.,,high
Pixelied,https://pixelied.com/font-generator/glitch-text,2026-09-29,F,decoder_keeps_decomposed_accents,no,n/a: no decoder on the page,directly_observed,No decoder.,,high
Pixelied,https://pixelied.com/font-generator/glitch-text,2026-09-29,G,deterministic_output,yes,,output_measured,5/5 identical per style on hello; 3/3 on every other input.,,high
Pixelied,https://pixelied.com/font-generator/glitch-text,2026-09-29,G,consistency_toggle_or_seed,no,,directly_observed,control inventory complete; no such control on the page,,high
Pixelied,https://pixelied.com/font-generator/glitch-text,2026-09-29,G,settings_in_url,no,,directly_observed,URL unchanged; reload cleared input.,,high
Pixelied,https://pixelied.com/font-generator/glitch-text,2026-09-29,G,exact_output_in_url,no,,directly_observed,URL carries nothing.,,high
Pixelied,https://pixelied.com/font-generator/glitch-text,2026-09-29,G,share_link,no,,directly_observed,control inventory complete; no such control on the page (header share links are site navigation).,,high
Pixelied,https://pixelied.com/font-generator/glitch-text,2026-09-29,G,embed,not_found,,directly_observed,"No embed control on the tool page (inventory complete). Off-page embed offerings were not searched for competitors; UTG's embed was found only by its code audit, so absence here is 'not found', not 'no'.",,medium
Pixelied,https://pixelied.com/font-generator/glitch-text,2026-09-29,G,persist_between_visits,no,,directly_observed,Reload cleared the input.,,high
Pixelied,https://pixelied.com/font-generator/glitch-text,2026-09-29,H,char_count,no,,directly_observed,control inventory complete; no such control on the page,,high
Pixelied,https://pixelied.com/font-generator/glitch-text,2026-09-29,H,utf16_or_unicode_length_shown,no,,directly_observed,control inventory complete; no such control on the page,,high
Pixelied,https://pixelied.com/font-generator/glitch-text,2026-09-29,H,platform_limit_check,no,,directly_observed,'Instagram Preview' renders a mock profile; it is not a limit check.,,high
Pixelied,https://pixelied.com/font-generator/glitch-text,2026-09-29,H,platform_safe_mode,no,,directly_observed,control inventory complete; no such control on the page,,high
Pixelied,https://pixelied.com/font-generator/glitch-text,2026-09-29,H,platform_guidance,unclear,"claimed: FAQ 'compatible with different devices and platforms?', 'How to copy and paste glitch fonts on social media'",documentation_claim,FAQ; unverified.,,high
Pixelied,https://pixelied.com/font-generator/glitch-text,2026-09-29,I,interactions_to_first_output,yes,1,directly_observed,Type (1). Tester: 1.,,high
Pixelied,https://pixelied.com/font-generator/glitch-text,2026-09-29,I,interactions_to_copy,yes,2,directly_observed,+ Copy. Tester: 2.,,high
Pixelied,https://pixelied.com/font-generator/glitch-text,2026-09-29,I,default_state_useful,yes,,directly_observed,"Placeholder 'Type something to start' rendered in every style, each with Copy.",,high
Pixelied,https://pixelied.com/font-generator/glitch-text,2026-09-29,I,controls_above_fold_desktop,yes,"8; input yes, cards yes (first mark card y≈567)",directly_observed,,,high
Pixelied,https://pixelied.com/font-generator/glitch-text,2026-09-29,I,controls_above_fold_mobile,yes,"6 (menu, input, 3 Copy, 'View Preview')",directly_observed,,,high
Pixelied,https://pixelied.com/font-generator/glitch-text,2026-09-29,I,visible_control_count,yes,41,directly_observed,,,high
Pixelied,https://pixelied.com/font-generator/glitch-text,2026-09-29,T,emoji_preserved,yes,3/3 outputs keep both 👁,output_measured,Counted U+1F441 and U+FFFD (lone-surrogate substitute) in every default 'emoji' sample.,👁 hello 👁,high
Pixelied,https://pixelied.com/font-generator/glitch-text,2026-09-29,T,spaces_left_clean,no,93/132 spaces carry a mark,output_measured,"Counted spaces followed by a combining mark over all 32 default samples. Cause: glyphs are wrapped mark+letter+mark, so the next letter's leading mark attaches to the space.",all inputs,high
Pixelied,https://pixelied.com/font-generator/glitch-text,2026-09-29,T,injects_non_mark_chars,yes,3/29 default outputs differ from input once marks are stripped (café déjà vu -> 'café déja vu'; café déjà vu -> 'café déja vu'),output_measured,Stripped Mn/Me from each non-emoji default sample and compared with the input string. à -> a in the default card while é is kept; contradicts the tester's note that é/à are kept.,all inputs except emoji,high
Pixelied,https://pixelied.com/font-generator/glitch-text,2026-09-29,X,image_or_gif_export,no,,directly_observed,control inventory complete; no such control on the page,,high
Pixelied,https://pixelied.com/font-generator/glitch-text,2026-09-29,X,special_modes,yes,'Instagram Preview' mock-profile panel,directly_observed,Visual mock only.,,high
Textavia (Zalgo Text Generator),https://textavia.com/tools/zalgo,2026-09-29,A,arbitrary_text,yes,,directly_observed,#tool-input textarea.,all inputs,high
Textavia (Zalgo Text Generator),https://textavia.com/tools/zalgo,2026-09-29,A,live_output,yes,debounced ~0.3–1 s,directly_observed,#tool-output fills after typing.,,high
Textavia (Zalgo Text Generator),https://textavia.com/tools/zalgo,2026-09-29,A,copy_button,yes,"Copy (+ Download text file, Clear)",directly_observed,,,high
Textavia (Zalgo Text Generator),https://textavia.com/tools/zalgo,2026-09-29,A,regenerate,no,,directly_observed,No button; new output only by editing the input or changing Intensity.,,high
Textavia (Zalgo Text Generator),https://textavia.com/tools/zalgo,2026-09-29,A,intensity_control,yes,3-level select: Low / Medium / High,code_verified,,,high
Textavia (Zalgo Text Generator),https://textavia.com/tools/zalgo,2026-09-29,B,above_only,no,,code_verified,Every level adds >=1 above and >=1 below mark to every character.,,high
Textavia (Zalgo Text Generator),https://textavia.com/tools/zalgo,2026-09-29,B,below_only,no,,code_verified,As above.,,high
Textavia (Zalgo Text Generator),https://textavia.com/tools/zalgo,2026-09-29,B,middle_only,no,,code_verified,No placement control; Medium never adds middle marks.,,high
Textavia (Zalgo Text Generator),https://textavia.com/tools/zalgo,2026-09-29,B,zone_combinations,no,,code_verified,,,high
Textavia (Zalgo Text Generator),https://textavia.com/tools/zalgo,2026-09-29,B,per_zone_amount,no,,code_verified,,,high
Textavia (Zalgo Text Generator),https://textavia.com/tools/zalgo,2026-09-29,C,mark_family_choice,no,,directly_observed,control inventory complete; no such control on the page,,high
Textavia (Zalgo Text Generator),https://textavia.com/tools/zalgo,2026-09-29,C,frequency_control,no,,code_verified,Every character incl. spaces is marked.,,high
Textavia (Zalgo Text Generator),https://textavia.com/tools/zalgo,2026-09-29,C,amplitude_range,yes,2.0 / 3.9 / 7.1 marks/letter mean (Low / Medium / High); max 12 on one base,output_measured,Coarse (3 levels) but a real control.,hello,high
Textavia (Zalgo Text Generator),https://textavia.com/tools/zalgo,2026-09-29,C,randomness_control,no,,code_verified,Math.random.,,high
Textavia (Zalgo Text Generator),https://textavia.com/tools/zalgo,2026-09-29,D,shape_increasing,no,,code_verified,No shape control; per-character counts i.i.d. random.,,high
Textavia (Zalgo Text Generator),https://textavia.com/tools/zalgo,2026-09-29,D,shape_decreasing,no,,code_verified,No shape control; per-character counts i.i.d. random.,,high
Textavia (Zalgo Text Generator),https://textavia.com/tools/zalgo,2026-09-29,D,shape_wave,no,,code_verified,No shape control; per-character counts i.i.d. random.,,high
Textavia (Zalgo Text Generator),https://textavia.com/tools/zalgo,2026-09-29,D,shape_middle_peak,no,,code_verified,No shape control; per-character counts i.i.d. random.,,high
Textavia (Zalgo Text Generator),https://textavia.com/tools/zalgo,2026-09-29,D,shape_middle_valley,no,,code_verified,No shape control; per-character counts i.i.d. random.,,high
Textavia (Zalgo Text Generator),https://textavia.com/tools/zalgo,2026-09-29,D,shape_steps,no,,code_verified,No shape control; per-character counts i.i.d. random.,,high
Textavia (Zalgo Text Generator),https://textavia.com/tools/zalgo,2026-09-29,D,shape_random_distribution,no,,code_verified,No shape control; per-character counts i.i.d. random.,,high
Textavia (Zalgo Text Generator),https://textavia.com/tools/zalgo,2026-09-29,D,shape_count,no,0,code_verified,No shape control; per-character counts i.i.d. random.,,high
Textavia (Zalgo Text Generator),https://textavia.com/tools/zalgo,2026-09-29,E,preset_count,partial,3 intensity levels (Low / Medium / High); no named presets,directly_observed,'Try an Example' fills sample text.,,high
Textavia (Zalgo Text Generator),https://textavia.com/tools/zalgo,2026-09-29,E,presets_distinct,yes,2.0 / 3.9 / 7.1 marks per letter,output_measured,,hello,high
Textavia (Zalgo Text Generator),https://textavia.com/tools/zalgo,2026-09-29,F,decoder,no,,directly_observed,control inventory complete; no such control on the page,,high
Textavia (Zalgo Text Generator),https://textavia.com/tools/zalgo,2026-09-29,F,decoder_keeps_composed_accents,no,n/a: no decoder on the page,directly_observed,No decoder.,,high
Textavia (Zalgo Text Generator),https://textavia.com/tools/zalgo,2026-09-29,F,decoder_keeps_decomposed_accents,no,n/a: no decoder on the page,directly_observed,No decoder.,,high
Textavia (Zalgo Text Generator),https://textavia.com/tools/zalgo,2026-09-29,G,deterministic_output,no,,output_measured,20/20 distinct at Medium.,,high
Textavia (Zalgo Text Generator),https://textavia.com/tools/zalgo,2026-09-29,G,consistency_toggle_or_seed,no,,directly_observed,control inventory complete; no such control on the page,,high
Textavia (Zalgo Text Generator),https://textavia.com/tools/zalgo,2026-09-29,G,settings_in_url,no,,directly_observed,URL unchanged; reload reset to Medium.,,high
Textavia (Zalgo Text Generator),https://textavia.com/tools/zalgo,2026-09-29,G,exact_output_in_url,no,,directly_observed,URL carries nothing.,,high
Textavia (Zalgo Text Generator),https://textavia.com/tools/zalgo,2026-09-29,G,share_link,no,,directly_observed,Header share buttons share the bare page URL (no settings or output).,,high
Textavia (Zalgo Text Generator),https://textavia.com/tools/zalgo,2026-09-29,G,embed,not_found,,directly_observed,"No embed control on the tool page (inventory complete). Off-page embed offerings were not searched for competitors; UTG's embed was found only by its code audit, so absence here is 'not found', not 'no'.",,medium
Textavia (Zalgo Text Generator),https://textavia.com/tools/zalgo,2026-09-29,G,persist_between_visits,no,,directly_observed,Reload cleared input and output.,,high
Textavia (Zalgo Text Generator),https://textavia.com/tools/zalgo,2026-09-29,H,char_count,yes,Characters / Words / Sentences / Lines under input and output,directly_observed,,,high
Textavia (Zalgo Text Generator),https://textavia.com/tools/zalgo,2026-09-29,H,utf16_or_unicode_length_shown,yes,output 'Characters' = UTF-16 length (unlabelled),directly_observed,152 for a 152-code-unit output.,,high
Textavia (Zalgo Text Generator),https://textavia.com/tools/zalgo,2026-09-29,H,platform_limit_check,no,,directly_observed,control inventory complete; no such control on the page,,high
Textavia (Zalgo Text Generator),https://textavia.com/tools/zalgo,2026-09-29,H,platform_safe_mode,no,,directly_observed,control inventory complete; no such control on the page,,high
Textavia (Zalgo Text Generator),https://textavia.com/tools/zalgo,2026-09-29,H,platform_guidance,unclear,"claimed: 'works perfectly on Discord in messages, usernames, server names, and channel topics'; 'Some platforms may limit extreme zalgo effects'",documentation_claim,FAQ; unverified.,,high
Textavia (Zalgo Text Generator),https://textavia.com/tools/zalgo,2026-09-29,I,interactions_to_first_output,yes,1,directly_observed,Type (1). Tester: 1.,,high
Textavia (Zalgo Text Generator),https://textavia.com/tools/zalgo,2026-09-29,I,interactions_to_copy,yes,2,directly_observed,+ Copy. Tester: 2.,,high
Textavia (Zalgo Text Generator),https://textavia.com/tools/zalgo,2026-09-29,I,default_state_useful,no,,directly_observed,Empty input and output on load.,,high
Textavia (Zalgo Text Generator),https://textavia.com/tools/zalgo,2026-09-29,I,controls_above_fold_desktop,partial,19 (incl. site chrome); input yes; output only its top edge at y≈754,directly_observed,,,high
Textavia (Zalgo Text Generator),https://textavia.com/tools/zalgo,2026-09-29,I,controls_above_fold_mobile,partial,"15; input, Try an Example, Intensity; output below",directly_observed,,,high
Textavia (Zalgo Text Generator),https://textavia.com/tools/zalgo,2026-09-29,I,visible_control_count,yes,32,directly_observed,Includes site chrome.,,high
Textavia (Zalgo Text Generator),https://textavia.com/tools/zalgo,2026-09-29,T,emoji_preserved,yes,3/3 outputs keep both 👁,output_measured,Counted U+1F441 and U+FFFD (lone-surrogate substitute) in every default 'emoji' sample.,👁 hello 👁,high
Textavia (Zalgo Text Generator),https://textavia.com/tools/zalgo,2026-09-29,T,spaces_left_clean,no,132/132 spaces carry a mark,output_measured,Counted spaces followed by a combining mark over all 47 default samples.,all inputs,high
Textavia (Zalgo Text Generator),https://textavia.com/tools/zalgo,2026-09-29,T,injects_non_mark_chars,no,0/44 default outputs differ from input,output_measured,Stripped Mn/Me from each non-emoji default sample and compared with the input string.,all inputs except emoji,high
Textavia (Zalgo Text Generator),https://textavia.com/tools/zalgo,2026-09-29,X,image_or_gif_export,no,,directly_observed,'Download' saves a text file.,,high
Textavia (Zalgo Text Generator),https://textavia.com/tools/zalgo,2026-09-29,X,special_modes,no,,directly_observed,control inventory complete; no such control on the page,,high
Textavia (Glitch Text Converter),https://textavia.com/tools/glitch-text-converter,2026-09-29,A,arbitrary_text,yes,prefilled 'ERROR 404',directly_observed,#glitch-text-input.,all inputs,high
Textavia (Glitch Text Converter),https://textavia.com/tools/glitch-text-converter,2026-09-29,A,live_output,yes,,directly_observed,All preset cards re-render on input.,,high
Textavia (Glitch Text Converter),https://textavia.com/tools/glitch-text-converter,2026-09-29,A,copy_button,yes,per-card Copy,directly_observed,,,high
Textavia (Glitch Text Converter),https://textavia.com/tools/glitch-text-converter,2026-09-29,A,regenerate,partial,no button; clicking any Copy re-renders all cards with new marks,directly_observed,'Shuffle example' changes the text.,,high
Textavia (Glitch Text Converter),https://textavia.com/tools/glitch-text-converter,2026-09-29,A,intensity_control,partial,via 55 fixed presets (Whisper 1 mark … Maximum up to 25),code_verified,No slider.,,high
Textavia (Glitch Text Converter),https://textavia.com/tools/glitch-text-converter,2026-09-29,B,above_only,yes,100% (presets Above Light / Above Heavy),output_measured,,"hello, watching",high
Textavia (Glitch Text Converter),https://textavia.com/tools/glitch-text-converter,2026-09-29,B,below_only,yes,"100% (Below Light / Below Heavy, Mist, Melting)",output_measured,,"hello, watching",high
Textavia (Glitch Text Converter),https://textavia.com/tools/glitch-text-converter,2026-09-29,B,middle_only,partial,16%–26% (Mid Light / Mid Heavy; classic 'mid' pool),output_measured,measured ccc-middle share across 5 summary rows (preset:Mid Light; preset:Mid Heavy; task:middle_only),all inputs,high
Textavia (Glitch Text Converter),https://textavia.com/tools/glitch-text-converter,2026-09-29,B,zone_combinations,partial,"fixed preset combinations only (e.g. Interference above+below, Weathered above+mid)",code_verified,,,high
Textavia (Glitch Text Converter),https://textavia.com/tools/glitch-text-converter,2026-09-29,B,per_zone_amount,no,,code_verified,Fixed per preset.,,high
Textavia (Glitch Text Converter),https://textavia.com/tools/glitch-text-converter,2026-09-29,C,mark_family_choice,no,,directly_observed,control inventory complete; no such control on the page,,high
Textavia (Glitch Text Converter),https://textavia.com/tools/glitch-text-converter,2026-09-29,C,frequency_control,partial,via presets only: Flicker every other char; Fragmented / Shattered skip 40% / 30%,code_verified,Spaces never marked.,,high
Textavia (Glitch Text Converter),https://textavia.com/tools/glitch-text-converter,2026-09-29,C,amplitude_range,partial,"1.0–14.0 marks/letter mean via presets (Whisper → Maximum; per-char count random 1..max, max up to 25)",output_measured,"task:light 1.0, task:extreme 14.0 mpb.",watching,high
Textavia (Glitch Text Converter),https://textavia.com/tools/glitch-text-converter,2026-09-29,C,randomness_control,no,,code_verified,"Math.random, no seed.",,high
Textavia (Glitch Text Converter),https://textavia.com/tools/glitch-text-converter,2026-09-29,D,shape_increasing,yes,"Progressive (cap 1→12), Glitch Scan (1→8)",code_verified,Cap rises linearly; count random 1..cap (noisy).,,high
Textavia (Glitch Text Converter),https://textavia.com/tools/glitch-text-converter,2026-09-29,D,shape_decreasing,yes,Decay (cap 12→1),code_verified,,,high
Textavia (Glitch Text Converter),https://textavia.com/tools/glitch-text-converter,2026-09-29,D,shape_wave,yes,"Wave (sin, period 6 chars, 1–8)",code_verified,,,high
Textavia (Glitch Text Converter),https://textavia.com/tools/glitch-text-converter,2026-09-29,D,shape_middle_peak,yes,Center Focus (1–11),code_verified,,,high
Textavia (Glitch Text Converter),https://textavia.com/tools/glitch-text-converter,2026-09-29,D,shape_middle_valley,yes,Edges Only (first/last 2 chars up to 10; middle clean),code_verified,Hard-edged; weak fit to a graded valley (see creative-tasks measured_check).,,high
Textavia (Glitch Text Converter),https://textavia.com/tools/glitch-text-converter,2026-09-29,D,shape_steps,not_found,,code_verified,No staircase among the positional presets documented from code (Pulse / TV Static / Neon Flicker alternate bands; Heartbeat every 4th char); not every one of the 55 transforms was recorded.,,medium
Textavia (Glitch Text Converter),https://textavia.com/tools/glitch-text-converter,2026-09-29,D,shape_random_distribution,unclear,'Random Scatter' preset; transform not recorded,output_measured,"Measured thirds 3.31 / 3.22 / 3.10 mpb — indistinguishable from other presets, all of which draw a random count per char.",,low
Textavia (Glitch Text Converter),https://textavia.com/tools/glitch-text-converter,2026-09-29,D,shape_count,yes,"11 positional presets (Progressive, Glitch Scan, Decay, Wave, Center Focus, Edges Only, Pulse, TV Static, Neon Flicker, Heartbeat, Cascade Down) = 8 kinds; fixed presets, not combinable with other settings",code_verified,,,high
Textavia (Glitch Text Converter),https://textavia.com/tools/glitch-text-converter,2026-09-29,E,preset_count,yes,55 presets in 10 categories,code_verified,,,high
Textavia (Glitch Text Converter),https://textavia.com/tools/glitch-text-converter,2026-09-29,E,presets_distinct,partial,"5 pairs share identical transforms (Medium Static = Radioactive, Cursed = Heavy Mixed, Mid Heavy = Redacted, Electric = Above Light, Underwater = Tremor)",code_verified,,,high
Textavia (Glitch Text Converter),https://textavia.com/tools/glitch-text-converter,2026-09-29,F,decoder,no,,directly_observed,control inventory complete; no such control on the page,,high
Textavia (Glitch Text Converter),https://textavia.com/tools/glitch-text-converter,2026-09-29,F,decoder_keeps_composed_accents,no,n/a: no decoder on the page,directly_observed,No decoder.,,high
Textavia (Glitch Text Converter),https://textavia.com/tools/glitch-text-converter,2026-09-29,F,decoder_keeps_decomposed_accents,no,n/a: no decoder on the page,directly_observed,No decoder.,,high
Textavia (Glitch Text Converter),https://textavia.com/tools/glitch-text-converter,2026-09-29,G,deterministic_output,no,,output_measured,No duplicates across 5 regenerations.,,high
Textavia (Glitch Text Converter),https://textavia.com/tools/glitch-text-converter,2026-09-29,G,consistency_toggle_or_seed,no,,directly_observed,control inventory complete; no such control on the page,,high
Textavia (Glitch Text Converter),https://textavia.com/tools/glitch-text-converter,2026-09-29,G,settings_in_url,no,,directly_observed,URL unchanged after typing and filters.,,high
Textavia (Glitch Text Converter),https://textavia.com/tools/glitch-text-converter,2026-09-29,G,exact_output_in_url,no,,directly_observed,URL carries nothing.,,high
Textavia (Glitch Text Converter),https://textavia.com/tools/glitch-text-converter,2026-09-29,G,share_link,no,,directly_observed,control inventory complete; no such control on the page,,high
Textavia (Glitch Text Converter),https://textavia.com/tools/glitch-text-converter,2026-09-29,G,embed,not_found,,directly_observed,"No embed control on the tool page (inventory complete). Off-page embed offerings were not searched for competitors; UTG's embed was found only by its code audit, so absence here is 'not found', not 'no'.",,medium
Textavia (Glitch Text Converter),https://textavia.com/tools/glitch-text-converter,2026-09-29,G,persist_between_visits,unclear,"claimed: favourites 'a saved shortlist that persists in your browser' (saves which preset, not text)",documentation_claim,Persistence not verified.,,high
Textavia (Glitch Text Converter),https://textavia.com/tools/glitch-text-converter,2026-09-29,H,char_count,no,,directly_observed,control inventory complete; no such control on the page,,high
Textavia (Glitch Text Converter),https://textavia.com/tools/glitch-text-converter,2026-09-29,H,utf16_or_unicode_length_shown,no,,directly_observed,control inventory complete; no such control on the page,,high
Textavia (Glitch Text Converter),https://textavia.com/tools/glitch-text-converter,2026-09-29,H,platform_limit_check,no,,directly_observed,control inventory complete; no such control on the page,,high
Textavia (Glitch Text Converter),https://textavia.com/tools/glitch-text-converter,2026-09-29,H,platform_safe_mode,no,,directly_observed,control inventory complete; no such control on the page,,high
Textavia (Glitch Text Converter),https://textavia.com/tools/glitch-text-converter,2026-09-29,H,platform_guidance,not_found,,directly_observed,No platform guidance recorded in testing.,,medium
Textavia (Glitch Text Converter),https://textavia.com/tools/glitch-text-converter,2026-09-29,I,interactions_to_first_output,yes,3,directly_observed,Prefilled: clear (1) + type (1) + scroll to cards at y≈1002 (1). Tester: 3.,,high
Textavia (Glitch Text Converter),https://textavia.com/tools/glitch-text-converter,2026-09-29,I,interactions_to_copy,yes,4,directly_observed,+ Copy. Tester: 4.,,high
Textavia (Glitch Text Converter),https://textavia.com/tools/glitch-text-converter,2026-09-29,I,default_state_useful,yes,,directly_observed,55 cards of 'ERROR 404' on load.,,high
Textavia (Glitch Text Converter),https://textavia.com/tools/glitch-text-converter,2026-09-29,I,controls_above_fold_desktop,partial,24; input yes; first card y≈1002,directly_observed,,,high
Textavia (Glitch Text Converter),https://textavia.com/tools/glitch-text-converter,2026-09-29,I,controls_above_fold_mobile,untested,,untested,Mobile not screenshotted or inventoried for this page.,,high
Textavia (Glitch Text Converter),https://textavia.com/tools/glitch-text-converter,2026-09-29,I,visible_control_count,yes,169,directly_observed,55 cards × copy/favourite + filters.,,high
Textavia (Glitch Text Converter),https://textavia.com/tools/glitch-text-converter,2026-09-29,T,emoji_preserved,yes,3/3 outputs keep both 👁,output_measured,Counted U+1F441 and U+FFFD (lone-surrogate substitute) in every default 'emoji' sample.,👁 hello 👁,high
Textavia (Glitch Text Converter),https://textavia.com/tools/glitch-text-converter,2026-09-29,T,spaces_left_clean,yes,0/132 spaces carry a mark,output_measured,Counted spaces followed by a combining mark over all 47 default samples.,all inputs,high
Textavia (Glitch Text Converter),https://textavia.com/tools/glitch-text-converter,2026-09-29,T,injects_non_mark_chars,no,0/44 default outputs differ from input,output_measured,Stripped Mn/Me from each non-emoji default sample and compared with the input string.,all inputs except emoji,high
Textavia (Glitch Text Converter),https://textavia.com/tools/glitch-text-converter,2026-09-29,X,image_or_gif_export,no,,directly_observed,control inventory complete; no such control on the page,,high
Textavia (Glitch Text Converter),https://textavia.com/tools/glitch-text-converter,2026-09-29,X,special_modes,yes,"Cascade Down (placement progression above→mid→below across the text, exactly 3 marks per letter); 'Readable only' / 'Favorites only' filters; 10 category filters; style search",code_verified,,,high
Zalgo.io,https://zalgo.io/,2026-09-29,A,arbitrary_text,yes,,directly_observed,#zgInputText -> #zgOutput ('REAL-TIME').,all inputs,high
Zalgo.io,https://zalgo.io/,2026-09-29,A,live_output,yes,,code_verified,input listener -> updateOutput.,,high
Zalgo.io,https://zalgo.io/,2026-09-29,A,copy_button,yes,#zgCopy,code_verified,navigator.clipboard.writeText; toast.,,high
Zalgo.io,https://zalgo.io/,2026-09-29,A,regenerate,no,,directly_observed,"Re-randomises only on input, preset, intensity or direction change; 'Sample' inserts a sample text.",,high
Zalgo.io,https://zalgo.io/,2026-09-29,A,intensity_control,yes,1–20 slider (default 5),code_verified,Prior 2026-09-05 read of 1–5 not confirmed.,,high
Zalgo.io,https://zalgo.io/,2026-09-29,B,above_only,yes,100%,output_measured,Middle + Below toggled off.,hello,high
Zalgo.io,https://zalgo.io/,2026-09-29,B,below_only,yes,100%,output_measured,Above + Middle off.,hello,high
Zalgo.io,https://zalgo.io/,2026-09-29,B,middle_only,partial,15%–16% (labelled 'Middle' list is mostly below-zone marks),output_measured,"measured ccc-middle share across 2 summary rows (ctl:middle-only (Direction toggles, intensity 5); task:middle_only)","hello, watching",high
Zalgo.io,https://zalgo.io/,2026-09-29,B,zone_combinations,yes,3 independent toggles (Above / Middle / Below),code_verified,All off -> plain text.,,high
Zalgo.io,https://zalgo.io/,2026-09-29,B,per_zone_amount,no,,code_verified,One intensity for all zones (page copy describes per-direction sliders; see notes).,,high
Zalgo.io,https://zalgo.io/,2026-09-29,C,mark_family_choice,no,,code_verified,"3 fixed lists (up 54, mid 31, down 44); choosing among them is zone choice.",,high
Zalgo.io,https://zalgo.io/,2026-09-29,C,frequency_control,no,,output_measured,Every non-space char gets >=1 mark per enabled zone.,,high
Zalgo.io,https://zalgo.io/,2026-09-29,C,amplitude_range,yes,"3.0–27.8 marks/letter mean (intensity 1→20, all zones); max 23 above on one base",output_measured,,hello,high
Zalgo.io,https://zalgo.io/,2026-09-29,C,randomness_control,partial,'Consistent' toggle freezes output (seed = text hash); no user seed,code_verified,,,high
Zalgo.io,https://zalgo.io/,2026-09-29,D,shape_increasing,no,,directly_observed,No shape control; inventory complete incl. 2 div toggles.,,high
Zalgo.io,https://zalgo.io/,2026-09-29,D,shape_decreasing,no,,directly_observed,No shape control; inventory complete incl. 2 div toggles.,,high
Zalgo.io,https://zalgo.io/,2026-09-29,D,shape_wave,no,,directly_observed,No shape control; inventory complete incl. 2 div toggles.,,high
Zalgo.io,https://zalgo.io/,2026-09-29,D,shape_middle_peak,no,,directly_observed,No shape control; inventory complete incl. 2 div toggles.,,high
Zalgo.io,https://zalgo.io/,2026-09-29,D,shape_middle_valley,no,,directly_observed,No shape control; inventory complete incl. 2 div toggles.,,high
Zalgo.io,https://zalgo.io/,2026-09-29,D,shape_steps,no,,directly_observed,No shape control; inventory complete incl. 2 div toggles.,,high
Zalgo.io,https://zalgo.io/,2026-09-29,D,shape_random_distribution,no,,directly_observed,No shape control; inventory complete incl. 2 div toggles.,,high
Zalgo.io,https://zalgo.io/,2026-09-29,D,shape_count,no,0,directly_observed,No shape control; inventory complete incl. 2 div toggles.,,high
Zalgo.io,https://zalgo.io/,2026-09-29,E,preset_count,yes,"4: Mild, Medium, Chaotic, Extreme",code_verified,Default = Medium.,,high
Zalgo.io,https://zalgo.io/,2026-09-29,E,presets_distinct,yes,2.98 / 8.14 / 13.94 / 26.6 marks per letter (Mild has no middle),output_measured,,hello,high
Zalgo.io,https://zalgo.io/,2026-09-29,F,decoder,yes,'Cleaner' tab; strips U+0300–036F and U+0489,directly_observed,,café déjà vu,high
Zalgo.io,https://zalgo.io/,2026-09-29,F,decoder_keeps_composed_accents,yes,,directly_observed,Precomposed cleaned back exactly.,café déjà vu,high
Zalgo.io,https://zalgo.io/,2026-09-29,F,decoder_keeps_decomposed_accents,no,NFD -> 'cafe deja vu',directly_observed,,café déjà vu (NFD),high
Zalgo.io,https://zalgo.io/,2026-09-29,G,deterministic_output,partial,only with 'Consistent' on (off by default),output_measured,"Default 20/20 distinct; Consistent on: 5/5 identical, and identical across reload.",,high
Zalgo.io,https://zalgo.io/,2026-09-29,G,consistency_toggle_or_seed,yes,'Consistent' toggle (seed = text hash; no user seed),output_measured,,,high
Zalgo.io,https://zalgo.io/,2026-09-29,G,settings_in_url,no,,directly_observed,URL unchanged after presets/toggles.,,high
Zalgo.io,https://zalgo.io/,2026-09-29,G,exact_output_in_url,no,,directly_observed,,,high
Zalgo.io,https://zalgo.io/,2026-09-29,G,share_link,no,,directly_observed,control inventory complete; no such control on the page.,,high
Zalgo.io,https://zalgo.io/,2026-09-29,G,embed,not_found,,directly_observed,"No embed control on the tool page (inventory complete). Off-page embed offerings were not searched for competitors; UTG's embed was found only by its code audit, so absence here is 'not found', not 'no'.",,medium
Zalgo.io,https://zalgo.io/,2026-09-29,G,persist_between_visits,no,,directly_observed,Reload reset input and preset; localStorage empty.,,high
Zalgo.io,https://zalgo.io/,2026-09-29,H,char_count,yes,"input '<n> chars' + output stats (length, marks added, density %)",code_verified,,,high
Zalgo.io,https://zalgo.io/,2026-09-29,H,utf16_or_unicode_length_shown,yes,output length in UTF-16 units (String.length; unlabelled),code_verified,,,high
Zalgo.io,https://zalgo.io/,2026-09-29,H,platform_limit_check,no,,directly_observed,control inventory complete; no such control on the page,,high
Zalgo.io,https://zalgo.io/,2026-09-29,H,platform_safe_mode,yes,'Platform-Safe' toggle caps intensity at 5 per zone,code_verified,Extreme + Platform-Safe 7.42 vs 26.6 mpb (measured). Compatibility benefit not tested.,,high
Zalgo.io,https://zalgo.io/,2026-09-29,H,platform_guidance,unclear,claimed: TikTok / Instagram / Twitter bios mentioned generically,documentation_claim,Page copy.,,medium
Zalgo.io,https://zalgo.io/,2026-09-29,I,interactions_to_first_output,yes,1,directly_observed,Type (1). Tester: 1.,,high
Zalgo.io,https://zalgo.io/,2026-09-29,I,interactions_to_copy,yes,2,directly_observed,+ Copy. Tester: 2.,,high
Zalgo.io,https://zalgo.io/,2026-09-29,I,default_state_useful,no,,directly_observed,Empty on load.,,high
Zalgo.io,https://zalgo.io/,2026-09-29,I,controls_above_fold_desktop,yes,"8; input, output, Copy; presets/intensity/direction start y≈818–894",directly_observed,,,high
Zalgo.io,https://zalgo.io/,2026-09-29,I,controls_above_fold_mobile,partial,6; input + Clear/Sample only,directly_observed,,,high
Zalgo.io,https://zalgo.io/,2026-09-29,I,visible_control_count,yes,20,directly_observed,Incl. 2 div toggles added manually.,,high
Zalgo.io,https://zalgo.io/,2026-09-29,T,emoji_preserved,no,0/3 outputs keep both 👁,output_measured,Counted U+1F441 and U+FFFD (lone-surrogate substitute) in every default 'emoji' sample.,👁 hello 👁,high
Zalgo.io,https://zalgo.io/,2026-09-29,T,spaces_left_clean,yes,0/132 spaces carry a mark,output_measured,Counted spaces followed by a combining mark over all 47 default samples.,all inputs,high
Zalgo.io,https://zalgo.io/,2026-09-29,T,injects_non_mark_chars,no,0/44 default outputs differ from input,output_measured,Stripped Mn/Me from each non-emoji default sample and compared with the input string.,all inputs except emoji,high
Zalgo.io,https://zalgo.io/,2026-09-29,X,image_or_gif_export,no,,directly_observed,control inventory complete; no such control on the page,,high
Zalgo.io,https://zalgo.io/,2026-09-29,X,special_modes,yes,Platform-Safe and Consistent toggles; Cleaner tab,code_verified,,,high
