tool_id,tool,input_id,setting,n,mpb_mean,mpb_sd,mpb_min,mpb_max,above_share,middle_share,below_share,unique_marks_max,utf16_len_mean,max_above_one_base,max_marks_one_base,share_alnum_touched_mean
coddy,Coddy,hello,default,20,3.37,0.83,1.0,4.6,0.43,0.131,0.439,19,21.9,3,7,0.98
coddy,Coddy,he_comes,default,3,3.52,0.41,3.0,4.0,0.473,0.068,0.459,21,32.7,3,5,1.0
coddy,Coddy,watching,default,3,3.52,0.5,2.857,4.048,0.428,0.104,0.468,54,98,3,7,0.968
coddy,Coddy,digits,default,3,4.0,0.59,3.5,4.833,0.431,0.083,0.486,27,30,3,7,1.0
coddy,Coddy,accents,default,3,3.67,0.31,3.4,4.1,0.4,0.109,0.491,31,48.7,3,7,0.967
coddy,Coddy,emoji,default,3,4.0,0.43,3.6,4.6,0.451,0.122,0.427,29,38.3,3,7,1.0
coddy,Coddy,long100,default,3,3.58,0.16,3.42,3.79,0.43,0.109,0.461,91,396.3,3,7,0.971
coddy,Coddy,punct,default,3,4.07,0.2,3.826,4.304,0.465,0.074,0.461,76,183.7,3,7,0.986
coddy,Coddy,spaces,default,3,3.08,0.92,2.0,4.25,0.486,0.081,0.432,16,25.3,3,6,1.0
coddy,Coddy,mixed,default,3,3.75,0.18,3.625,4.0,0.428,0.122,0.45,44,79,3,7,0.979
coddy,Coddy,hello,preset:Mild,10,1.08,0.29,0.8,1.6,0.481,0.0,0.519,8,10.4,1,2,0.74
coddy,Coddy,hello,preset:Glitch,10,3.38,0.65,2.2,4.6,0.45,0.16,0.391,19,21.9,3,6,0.98
coddy,Coddy,hello,preset:Corrupted,10,5.32,0.92,4.0,6.8,0.477,0.071,0.451,28,31.6,5,11,0.98
coddy,Coddy,hello,preset:Cursed,10,9.52,1.2,7.0,12.0,0.426,0.078,0.496,47,52.6,8,15,1.0
coddy,Coddy,hello,"ctl:intensity 1, all zones",10,0.0,0.0,0.0,0.0,0.0,0.0,0.0,0,5,0,0,0.0
coddy,Coddy,hello,"ctl:intensity 100, all zones",10,9.88,1.89,5.8,13.0,0.464,0.081,0.455,46,54.4,8,18,0.98
coddy,Coddy,hello,"ctl:above-only, intensity 45",10,1.38,0.65,0.0,2.4,1.0,0.0,0.0,10,11.9,3,3,0.64
coddy,Coddy,hello,"ctl:middle-only (Through), intensity 45",10,0.56,0.27,0.2,1.0,0.0,0.821,0.179,4,7.8,0,1,0.56
coddy,Coddy,hello,"ctl:below-only, intensity 45",10,1.62,0.58,0.4,2.4,0.0,0.0,1.0,12,13.1,0,3,0.76
coddy,Coddy,hello,"ctl:above+below, intensity 45",10,2.6,0.94,0.8,4.6,0.562,0.0,0.438,20,18,3,6,0.86
coddy,Coddy,hello,"ctl:none, intensity 45",2,0.0,0.0,0.0,0.0,0.0,0.0,0.0,0,5,0,0,0.0
coddy,Coddy,hello,"ctl:above-only, intensity 100",5,2.96,1.38,1.0,4.8,1.0,0.0,0.0,20,19.8,8,8,0.76
coddy,Coddy,hello,"ctl:middle-only (Through), intensity 100",5,1.04,0.34,0.6,1.6,0.0,0.731,0.269,5,10.2,0,2,0.68
coddy,Coddy,hello,"ctl:below-only, intensity 100",5,3.32,0.83,2.6,4.6,0.0,0.0,1.0,19,21.6,0,8,0.96
coddy,Coddy,watching,task:light,3,0.92,0.04,0.857,0.952,0.552,0.0,0.448,18,43.3,1,2,0.683
coddy,Coddy,watching,task:extreme,3,8.37,0.57,7.619,9.0,0.397,0.087,0.516,83,199.7,8,15,1.0
coddy,Coddy,watching,task:above_only,3,1.65,0.19,1.381,1.81,1.0,0.0,0.0,28,58.7,3,3,0.825
coddy,Coddy,watching,task:below_only,3,1.78,0.33,1.476,2.238,0.0,0.0,1.0,29,61.3,0,3,0.81
coddy,Coddy,watching,task:middle_only,3,0.48,0.07,0.429,0.571,0.0,0.9,0.1,6,34,0,1,0.476
coddy,Coddy,watching,task:mostly_readable,3,1.03,0.15,0.905,1.238,0.508,0.0,0.492,23,45.7,1,2,0.746
coddy,Coddy,watching,task:dense_unreadable,3,8.37,0.57,7.619,9.0,0.397,0.087,0.516,83,199.7,8,15,1.0
coddy,Coddy,watching,task:strikethrough,3,1.16,0.2,0.905,1.381,0.0,0.808,0.192,7,48.3,0,2,0.715
coddy,Coddy,watching,task:tiny_stack,3,1.03,0.15,0.905,1.238,0.508,0.0,0.492,23,45.7,1,2,0.746
coddy,Coddy,watching,task:roots_downward,3,3.92,0.49,3.238,4.333,0.0,0.0,1.0,37,106.3,0,8,0.857
coddy,Coddy,hello,preset:subpage /zalgo-text default,5,4.92,1.24,2.6,6.0,0.398,0.065,0.537,25,29.6,5,10,1.0
coddy,Coddy,hello,preset:subpage /cursed-text default,5,9.68,0.47,9.4,10.6,0.45,0.091,0.459,41,53.4,8,16,1.0
coddy,Coddy,hello,preset:subpage /creepy-text default,5,3.52,0.55,2.6,4.0,0.489,0.0,0.511,20,22.6,3,6,0.96
fontcraft,FontCraft,hello,default,5,3.0,0.0,3.0,3.0,0.667,0.0,0.333,14,20,2,3,1.0
fontcraft,FontCraft,he_comes,default,3,3.0,0.0,3.0,3.0,0.667,0.0,0.333,20,29,2,3,1.0
fontcraft,FontCraft,watching,default,3,3.0,0.0,3.0,3.0,0.667,0.0,0.333,48,87,2,3,1.0
fontcraft,FontCraft,digits,default,3,3.0,0.0,3.0,3.0,0.667,0.0,0.333,17,24,2,3,1.0
fontcraft,FontCraft,accents,default,3,3.0,0.0,3.0,3.0,0.667,0.0,0.333,28,42,2,3,1.0
fontcraft,FontCraft,emoji,default,3,3.0,0.0,3.0,3.0,0.667,0.0,0.333,15,26,2,3,1.0
fontcraft,FontCraft,long100,default,3,3.0,0.0,3.0,3.0,0.667,0.0,0.333,81,343,2,3,1.0
fontcraft,FontCraft,punct,default,3,3.0,0.0,3.0,3.0,0.667,0.0,0.333,49,113,2,3,1.0
fontcraft,FontCraft,spaces,default,3,3.0,0.0,3.0,3.0,0.667,0.0,0.333,12,25,2,3,1.0
fontcraft,FontCraft,mixed,default,3,3.0,0.0,3.0,3.0,0.667,0.0,0.333,36,67,2,3,1.0
fontcraft,FontCraft,hello,preset:Mild Zalgo,5,3.0,0.0,3.0,3.0,0.667,0.0,0.333,14,20,2,3,1.0
fontcraft,FontCraft,hello,preset:Jittery Zalgo,5,5.0,0.0,5.0,5.0,0.52,0.0,0.48,23,30,3,5,1.0
fontcraft,FontCraft,hello,preset:Restless Zalgo,5,7.0,0.0,7.0,7.0,0.457,0.057,0.486,32,40,4,7,1.0
fontcraft,FontCraft,hello,preset:Apocalyptic Zalgo,5,46.0,0.0,46.0,46.0,0.5,0.017,0.483,96,235,24,46,1.0
fontcraft,FontCraft,hello,preset:Faint Zalgo,5,2.0,0.0,2.0,2.0,0.5,0.0,0.5,9,15,1,2,1.0
fontcraft,FontCraft,hello,preset:Extreme Zalgo,5,37.0,0.0,37.0,37.0,0.481,0.038,0.481,91,190,19,37,1.0
fontcraft,FontCraft,hello,preset:Wild Zalgo,5,9.0,0.0,9.0,9.0,0.489,0.022,0.489,36,50,5,9,1.0
fontcraft,FontCraft,hello,preset:Frantic Zalgo,5,12.0,0.0,12.0,12.0,0.5,0.033,0.467,48,65,7,12,1.0
fontcraft,FontCraft,hello,preset:Manic Zalgo,5,19.0,0.0,19.0,19.0,0.474,0.063,0.463,64,100,9,19,1.0
fontcraft,FontCraft,hello,preset:Rabid Zalgo,5,23.0,0.0,23.0,23.0,0.461,0.026,0.513,59,120,11,23,1.0
fontcraft,FontCraft,hello,preset:Deranged Zalgo,5,30.0,0.0,30.0,30.0,0.507,0.013,0.48,87,155,17,30,1.0
fontcraft,FontCraft,hello,preset:Feral Zalgo,5,14.0,0.0,14.0,14.0,0.5,0.029,0.471,52,75,8,14,1.0
fontcraft,FontCraft,hello,preset:Static Rite (static decorated style),3,6.8,0.0,6.8,6.8,0.441,0.0,0.559,26,49,5,10,0.8
fontcraft,FontCraft,hello,preset:Creepy Pasta (static decorated style),3,8.2,0.0,8.2,8.2,0.439,0.0,0.561,26,46,5,10,1.0
fontcraft,FontCraft,watching,task:light (style Faint Zalgo),2,2.0,0.0,2.0,2.0,0.5,0.0,0.5,31,66,1,2,1.0
fontcraft,FontCraft,watching,task:mostly_readable (style Faint Zalgo),2,2.0,0.0,2.0,2.0,0.5,0.0,0.5,31,66,1,2,1.0
fontcraft,FontCraft,watching,task:extreme (style Apocalyptic Zalgo),2,46.0,0.0,46.0,46.0,0.499,0.024,0.477,107,990,25,46,1.0
fontcraft,FontCraft,watching,task:dense_unreadable (style Apocalyptic Zalgo),2,46.0,0.0,46.0,46.0,0.499,0.024,0.477,107,990,25,46,1.0
fontcraft,FontCraft,watching,task:tiny_stack (style Faint Zalgo),2,2.0,0.0,2.0,2.0,0.5,0.0,0.5,31,66,1,2,1.0
fontcraft,FontCraft,watching,task:strikethrough (style To the Heart),2,1.0,0.0,1.0,1.0,0.0,1.0,0.0,1,45,0,1,1.0
fontcraft,FontCraft,watching,task:above_only (style Stipple),2,1.0,0.0,1.0,1.0,1.0,0.0,0.0,1,45,1,1,1.0
fontcraft,FontCraft,watching,task:below_only (style Barrowland),2,1.0,0.0,1.0,1.0,0.0,0.0,1.0,1,45,0,1,1.0
fontcraft,FontCraft,watching,task:middle_only (style Drift),2,1.0,0.0,1.0,1.0,0.0,1.0,0.0,1,45,0,1,1.0
fontcraft,FontCraft,watching,task:roots_downward (style Barrowland),2,1.0,0.0,1.0,1.0,0.0,0.0,1.0,1,45,0,1,1.0
glyphy,Glyphy,hello,default,20,1.52,0.44,0.6,2.2,0.526,0.052,0.422,11,12.8,3,3,0.77
glyphy,Glyphy,hello,preset:Zalgo Level Two,20,3.31,1.02,1.2,5.4,0.51,0.061,0.429,24,22.7,6,7,0.85
glyphy,Glyphy,hello,preset:Zalgo Level Three,20,5.12,1.74,2.0,8.0,0.509,0.044,0.447,34,31,8,11,0.89
glyphy,Glyphy,hello,preset:Zalgo Level Four,20,6.93,2.11,2.2,11.2,0.534,0.059,0.407,44,41.0,13,15,0.91
glyphy,Glyphy,hello,preset:Zalgo Level Five,20,8.85,2.51,4.0,13.2,0.545,0.052,0.403,47,51.4,12,19,0.94
glyphy,Glyphy,hello,preset:Zalgo Level Six,20,11.36,3.39,6.4,17.4,0.543,0.057,0.4,64,66.3,14,24,0.95
glyphy,Glyphy,hello,preset:Zalgo Level Seven,20,13.64,2.96,7.4,19.4,0.532,0.048,0.42,67,79.2,18,28,0.98
glyphy,Glyphy,hello,preset:Zalgo Level Eight,20,14.66,4.41,8.8,26.8,0.556,0.037,0.407,76,85.2,21,33,0.89
glyphy,Glyphy,hello,preset:Zalgo Level Nine,20,15.87,2.91,11.2,23.0,0.528,0.038,0.434,73,93.0,21,35,0.99
glyphy,Glyphy,hello,preset:Zalgo Level Ten,20,16.76,5.3,6.0,30.0,0.523,0.047,0.431,83,96.8,21,40,0.97
glyphy,Glyphy,hello,preset:Zalgo Level Eleven,20,20.34,4.71,13.0,31.2,0.524,0.05,0.426,85,121.5,26,43,0.98
glyphy,Glyphy,hello,preset:Zalgo Level Twelve,20,20.73,5.68,9.8,30.0,0.542,0.047,0.412,82,123.2,25,49,0.98
glyphy,Glyphy,he_comes,default,3,1.33,0.18,1.143,1.571,0.571,0.0,0.429,11,17.3,3,3,0.666
glyphy,Glyphy,he_comes,preset:Zalgo Level Two,3,4.43,0.65,3.571,5.143,0.581,0.022,0.398,30,39,6,7,1.0
glyphy,Glyphy,he_comes,preset:Zalgo Level Three,3,5.19,0.07,5.143,5.286,0.53,0.015,0.455,40,53.3,8,11,0.952
glyphy,Glyphy,he_comes,preset:Zalgo Level Four,3,6.24,1.48,4.286,7.857,0.534,0.046,0.42,44,51.7,12,15,1.0
glyphy,Glyphy,he_comes,preset:Zalgo Level Five,3,7.19,0.68,6.571,8.143,0.531,0.068,0.401,52,62.7,13,19,0.905
glyphy,Glyphy,he_comes,preset:Zalgo Level Six,3,9.24,0.78,8.429,10.286,0.428,0.031,0.541,51,72.7,11,22,0.857
glyphy,Glyphy,he_comes,preset:Zalgo Level Seven,3,12.71,3.33,8.143,16.0,0.509,0.045,0.446,70,98,16,23,0.952
glyphy,Glyphy,he_comes,preset:Zalgo Level Eight,3,16.76,5.46,10.571,23.857,0.579,0.037,0.384,87,143.3,18,31,1.0
glyphy,Glyphy,he_comes,preset:Zalgo Level Nine,3,17.1,2.07,15.286,20.0,0.501,0.052,0.446,82,135.7,18,32,0.952
glyphy,Glyphy,he_comes,preset:Zalgo Level Ten,3,18.38,4.83,13.0,24.714,0.5,0.061,0.439,92,157.3,21,39,1.0
glyphy,Glyphy,he_comes,preset:Zalgo Level Eleven,3,15.0,4.26,9.714,20.143,0.535,0.038,0.427,83,157.7,21,36,0.952
glyphy,Glyphy,he_comes,preset:Zalgo Level Twelve,3,23.57,5.16,18.714,30.714,0.53,0.03,0.44,96,198.3,25,47,1.0
glyphy,Glyphy,watching,default,3,1.32,0.19,1.048,1.476,0.482,0.048,0.47,28,52,2,3,0.667
glyphy,Glyphy,watching,preset:Zalgo Level Two,3,3.25,0.18,3.0,3.381,0.522,0.058,0.42,59,93.3,6,7,0.81
glyphy,Glyphy,watching,preset:Zalgo Level Three,3,5.83,0.39,5.381,6.333,0.55,0.041,0.409,75,146.3,10,12,0.921
glyphy,Glyphy,watching,preset:Zalgo Level Four,3,7.87,0.7,7.286,8.857,0.575,0.037,0.387,87,195.7,11,15,0.937
glyphy,Glyphy,watching,preset:Zalgo Level Five,3,8.27,1.24,7.0,9.952,0.534,0.047,0.42,95,203.7,12,19,0.952
glyphy,Glyphy,watching,preset:Zalgo Level Six,3,10.25,2.23,7.095,11.905,0.533,0.05,0.417,96,254.3,14,22,0.952
glyphy,Glyphy,watching,preset:Zalgo Level Seven,3,11.06,1.74,8.762,12.952,0.566,0.033,0.401,99,267.7,17,28,0.92
glyphy,Glyphy,watching,preset:Zalgo Level Eight,3,16.56,1.13,15.0,17.667,0.515,0.045,0.44,107,411,21,33,1.0
glyphy,Glyphy,watching,preset:Zalgo Level Nine,3,17.19,0.63,16.381,17.905,0.569,0.03,0.401,107,422,24,36,0.952
glyphy,Glyphy,watching,preset:Zalgo Level Ten,3,17.75,1.46,16.0,19.571,0.543,0.036,0.422,106,418.7,25,38,0.984
glyphy,Glyphy,watching,preset:Zalgo Level Eleven,3,21.17,5.11,14.381,26.714,0.556,0.041,0.403,107,530.7,27,43,0.984
glyphy,Glyphy,watching,preset:Zalgo Level Twelve,3,18.7,1.52,17.143,20.762,0.539,0.05,0.412,106,476.7,27,47,0.92
glyphy,Glyphy,digits,default,3,1.39,0.21,1.167,1.667,0.44,0.12,0.44,10,14.3,2,3,0.667
glyphy,Glyphy,digits,preset:Zalgo Level Two,3,2.89,0.98,1.5,3.667,0.491,0.07,0.439,23,25.7,5,7,0.778
glyphy,Glyphy,digits,preset:Zalgo Level Three,3,7.11,1.43,5.333,8.833,0.5,0.062,0.438,41,49,7,11,0.944
glyphy,Glyphy,digits,preset:Zalgo Level Four,3,6.06,1.22,4.333,7.0,0.492,0.057,0.451,35,47.7,11,15,1.0
glyphy,Glyphy,digits,preset:Zalgo Level Five,3,7.67,4.42,3.667,13.833,0.53,0.054,0.416,56,56,11,19,0.722
glyphy,Glyphy,digits,preset:Zalgo Level Six,3,10.72,2.64,7.167,13.5,0.518,0.041,0.44,59,70.3,13,22,0.944
glyphy,Glyphy,digits,preset:Zalgo Level Seven,3,11.22,2.25,8.5,14.0,0.519,0.053,0.427,55,75.3,15,25,0.944
glyphy,Glyphy,digits,preset:Zalgo Level Eight,3,14.83,2.61,12.667,18.5,0.543,0.058,0.399,74,104,15,32,1.0
glyphy,Glyphy,digits,preset:Zalgo Level Nine,3,20.0,1.36,18.333,21.667,0.559,0.047,0.394,86,134,20,35,1.0
glyphy,Glyphy,digits,preset:Zalgo Level Ten,3,20.67,5.22,14.833,27.5,0.491,0.054,0.456,80,130.7,23,38,0.833
glyphy,Glyphy,digits,preset:Zalgo Level Eleven,3,24.83,5.78,16.667,29.333,0.56,0.034,0.407,93,166,29,41,1.0
glyphy,Glyphy,digits,preset:Zalgo Level Twelve,3,21.5,7.2,11.333,27.0,0.508,0.056,0.436,88,151.3,24,45,1.0
glyphy,Glyphy,accents,default,3,1.17,0.26,0.8,1.4,0.686,0.086,0.229,13,23.7,2,3,0.7
glyphy,Glyphy,accents,preset:Zalgo Level Two,3,4.17,0.37,3.7,4.6,0.44,0.048,0.512,37,54,5,7,0.967
glyphy,Glyphy,accents,preset:Zalgo Level Three,3,5.03,0.09,4.9,5.1,0.603,0.06,0.338,41,62.3,9,11,0.9
glyphy,Glyphy,accents,preset:Zalgo Level Four,3,6.87,1.41,5.5,8.8,0.51,0.043,0.447,63,81.7,9,15,0.9
glyphy,Glyphy,accents,preset:Zalgo Level Five,3,9.9,2.4,8.2,13.3,0.514,0.05,0.437,82,120.7,11,19,0.933
glyphy,Glyphy,accents,preset:Zalgo Level Six,3,8.73,0.87,7.6,9.7,0.492,0.037,0.472,78,113.7,10,19,0.967
glyphy,Glyphy,accents,preset:Zalgo Level Seven,3,14.0,1.4,12.2,15.6,0.557,0.043,0.4,87,160.3,18,27,0.967
glyphy,Glyphy,accents,preset:Zalgo Level Eight,3,13.3,1.99,10.5,14.9,0.488,0.084,0.428,82,156.3,15,31,0.967
glyphy,Glyphy,accents,preset:Zalgo Level Nine,3,18.37,2.12,16.1,21.2,0.565,0.038,0.397,94,216,21,34,0.9
glyphy,Glyphy,accents,preset:Zalgo Level Ten,3,20.8,2.66,17.7,24.2,0.528,0.051,0.421,99,242,23,38,1.0
glyphy,Glyphy,accents,preset:Zalgo Level Eleven,3,18.03,1.89,16.6,20.7,0.537,0.046,0.418,96,209.7,26,44,0.967
glyphy,Glyphy,accents,preset:Zalgo Level Twelve,3,20.7,4.33,15.9,26.4,0.525,0.051,0.425,100,229.3,30,46,0.967
glyphy,Glyphy,emoji,default,3,1.73,0.25,1.4,2.0,0.51,0.061,0.429,17,27.3,3,4,0.867
glyphy,Glyphy,emoji,preset:Zalgo Level Two,3,3.67,0.52,3.2,4.4,0.415,0.066,0.519,31,46.7,4,7,0.867
glyphy,Glyphy,emoji,preset:Zalgo Level Three,3,4.93,1.37,3.0,6.0,0.492,0.04,0.468,42,54.3,9,11,1.0
glyphy,Glyphy,emoji,preset:Zalgo Level Four,3,8.87,2.5,7.0,12.4,0.5,0.031,0.469,61,88,8,16,0.933
glyphy,Glyphy,emoji,preset:Zalgo Level Five,3,6.2,2.7,2.8,9.4,0.554,0.045,0.401,63,86,11,19,0.667
glyphy,Glyphy,emoji,preset:Zalgo Level Six,3,8.8,1.61,6.6,10.4,0.55,0.031,0.419,72,120,14,22,0.8
glyphy,Glyphy,emoji,preset:Zalgo Level Seven,3,14.07,2.82,11.0,17.8,0.535,0.048,0.417,73,131,17,27,1.0
glyphy,Glyphy,emoji,preset:Zalgo Level Eight,3,14.87,3.07,12.6,19.2,0.511,0.051,0.437,91,174.7,17,31,1.0
glyphy,Glyphy,emoji,preset:Zalgo Level Nine,3,16.67,5.24,10.0,22.8,0.512,0.041,0.448,94,169,18,30,0.933
glyphy,Glyphy,emoji,preset:Zalgo Level Ten,3,15.33,0.77,14.6,16.4,0.553,0.024,0.423,94,179.7,26,38,1.0
glyphy,Glyphy,emoji,preset:Zalgo Level Eleven,3,20.6,5.24,16.6,28.0,0.544,0.055,0.401,95,237.7,27,41,0.933
glyphy,Glyphy,emoji,preset:Zalgo Level Twelve,3,19.13,6.94,10.8,27.8,0.54,0.044,0.415,98,208.7,29,47,1.0
glyphy,Glyphy,long100,default,3,1.49,0.06,1.395,1.531,0.52,0.029,0.45,76,226.3,4,4,0.757
glyphy,Glyphy,long100,preset:Zalgo Level Two,3,3.29,0.4,2.778,3.741,0.513,0.055,0.431,101,379,6,8,0.868
glyphy,Glyphy,long100,preset:Zalgo Level Three,3,5.24,0.22,4.988,5.531,0.545,0.037,0.419,107,558.7,10,12,0.889
glyphy,Glyphy,long100,preset:Zalgo Level Four,3,6.94,0.32,6.481,7.198,0.55,0.045,0.406,107,694,13,17,0.93
glyphy,Glyphy,long100,preset:Zalgo Level Five,3,9.24,0.45,8.741,9.827,0.533,0.047,0.42,107,911.3,15,20,0.963
glyphy,Glyphy,long100,preset:Zalgo Level Six,3,10.37,0.44,9.84,10.914,0.533,0.053,0.414,107,1030.3,16,24,0.951
glyphy,Glyphy,long100,preset:Zalgo Level Seven,3,13.12,0.25,12.827,13.444,0.532,0.051,0.417,107,1299,19,28,0.947
glyphy,Glyphy,long100,preset:Zalgo Level Eight,3,13.84,1.03,12.395,14.617,0.518,0.045,0.438,107,1347,21,32,0.963
glyphy,Glyphy,long100,preset:Zalgo Level Nine,3,14.7,0.46,14.235,15.321,0.535,0.041,0.424,107,1474.7,27,36,0.947
glyphy,Glyphy,long100,preset:Zalgo Level Ten,3,17.96,1.3,16.333,19.506,0.536,0.045,0.419,107,1753,25,40,0.967
glyphy,Glyphy,long100,preset:Zalgo Level Eleven,3,19.12,2.25,16.025,21.296,0.538,0.045,0.417,107,1898.7,29,45,0.971
glyphy,Glyphy,long100,preset:Zalgo Level Twelve,3,21.18,1.93,18.531,23.049,0.522,0.042,0.437,107,2122,29,48,0.967
glyphy,Glyphy,punct,default,3,1.59,0.14,1.435,1.783,0.576,0.06,0.364,49,105.7,4,5,0.783
glyphy,Glyphy,punct,preset:Zalgo Level Two,3,3.35,0.42,2.913,3.913,0.539,0.035,0.426,84,169,7,8,0.855
glyphy,Glyphy,punct,preset:Zalgo Level Three,3,5.09,0.85,4.304,6.261,0.539,0.039,0.422,91,234.7,9,12,0.913
glyphy,Glyphy,punct,preset:Zalgo Level Four,3,6.91,0.65,6.348,7.826,0.54,0.036,0.425,97,316,13,17,0.928
glyphy,Glyphy,punct,preset:Zalgo Level Five,3,9.1,0.43,8.565,9.609,0.569,0.035,0.396,106,409.7,15,20,0.928
glyphy,Glyphy,punct,preset:Zalgo Level Six,3,11.62,1.3,9.783,12.652,0.539,0.037,0.425,107,520,16,23,0.957
glyphy,Glyphy,punct,preset:Zalgo Level Seven,3,12.07,0.68,11.217,12.87,0.539,0.052,0.409,107,568.7,17,27,1.0
glyphy,Glyphy,punct,preset:Zalgo Level Eight,3,13.54,1.19,12.609,15.217,0.523,0.043,0.433,107,618.3,21,33,0.942
glyphy,Glyphy,punct,preset:Zalgo Level Nine,3,15.74,1.8,14.217,18.261,0.539,0.046,0.415,107,703.3,22,36,0.928
glyphy,Glyphy,punct,preset:Zalgo Level Ten,3,18.74,3.64,14.261,23.174,0.552,0.043,0.405,107,813.3,25,40,0.957
glyphy,Glyphy,punct,preset:Zalgo Level Eleven,3,18.39,0.9,17.478,19.609,0.534,0.05,0.416,107,806.3,27,44,0.986
glyphy,Glyphy,punct,preset:Zalgo Level Twelve,3,23.3,0.44,22.87,23.913,0.539,0.046,0.415,107,987.3,30,47,1.0
glyphy,Glyphy,spaces,default,3,1.33,0.42,0.75,1.75,0.438,0.062,0.5,6,18.3,2,3,0.833
glyphy,Glyphy,spaces,preset:Zalgo Level Two,3,3.75,0.61,3.0,4.5,0.533,0.0,0.467,16,28,4,7,0.917
glyphy,Glyphy,spaces,preset:Zalgo Level Three,3,5.25,0.82,4.25,6.25,0.54,0.032,0.429,21,34.3,7,9,0.917
glyphy,Glyphy,spaces,preset:Zalgo Level Four,3,8.75,2.15,6.25,11.5,0.441,0.063,0.495,41,50.3,9,14,1.0
glyphy,Glyphy,spaces,preset:Zalgo Level Five,3,8.92,1.78,6.5,10.75,0.561,0.076,0.364,36,58,12,18,0.833
glyphy,Glyphy,spaces,preset:Zalgo Level Six,3,7.42,1.85,5.0,9.5,0.519,0.01,0.471,32,48.3,10,20,1.0
glyphy,Glyphy,spaces,preset:Zalgo Level Seven,3,12.42,2.72,10.25,16.25,0.596,0.041,0.363,46,70.3,21,27,1.0
glyphy,Glyphy,spaces,preset:Zalgo Level Eight,3,15.17,3.36,10.5,18.25,0.561,0.045,0.394,54,79.3,19,30,1.0
glyphy,Glyphy,spaces,preset:Zalgo Level Nine,3,11.08,7.21,5.25,21.25,0.489,0.036,0.475,64,59.7,17,35,0.833
glyphy,Glyphy,spaces,preset:Zalgo Level Ten,3,14.17,2.78,11.5,18.0,0.514,0.044,0.443,52,74.7,16,35,1.0
glyphy,Glyphy,spaces,preset:Zalgo Level Eleven,3,19.67,7.25,10.75,28.5,0.455,0.058,0.488,68,94,19,38,1.0
glyphy,Glyphy,spaces,preset:Zalgo Level Twelve,3,12.08,1.59,10.5,14.25,0.561,0.032,0.406,53,76,19,27,1.0
glyphy,Glyphy,mixed,default,3,1.4,0.18,1.188,1.625,0.478,0.03,0.493,21,41.7,2,3,0.708
glyphy,Glyphy,mixed,preset:Zalgo Level Two,3,3.58,0.42,3.0,3.938,0.568,0.057,0.375,50,78,5,7,0.896
glyphy,Glyphy,mixed,preset:Zalgo Level Three,3,5.98,0.18,5.75,6.188,0.498,0.035,0.467,66,114.7,6,11,0.917
glyphy,Glyphy,mixed,preset:Zalgo Level Four,3,6.62,0.86,5.812,7.812,0.559,0.037,0.404,71,127,11,15,0.917
glyphy,Glyphy,mixed,preset:Zalgo Level Five,3,9.04,0.67,8.312,9.938,0.569,0.049,0.382,89,177.3,12,18,0.917
glyphy,Glyphy,mixed,preset:Zalgo Level Six,3,11.23,1.28,9.688,12.812,0.539,0.046,0.415,94,202.3,14,22,1.0
glyphy,Glyphy,mixed,preset:Zalgo Level Seven,3,13.85,0.32,13.625,14.312,0.531,0.041,0.428,98,249.3,18,27,1.0
glyphy,Glyphy,mixed,preset:Zalgo Level Eight,3,15.37,1.21,14.25,17.062,0.559,0.044,0.397,98,282,22,31,1.0
glyphy,Glyphy,mixed,preset:Zalgo Level Nine,3,15.35,1.81,13.188,17.625,0.524,0.051,0.425,101,303.3,19,34,0.959
glyphy,Glyphy,mixed,preset:Zalgo Level Ten,3,20.85,1.79,18.625,23.0,0.524,0.049,0.427,105,360,22,39,1.0
glyphy,Glyphy,mixed,preset:Zalgo Level Eleven,3,18.1,2.1,15.188,20.062,0.56,0.042,0.398,105,352.7,24,42,0.938
glyphy,Glyphy,mixed,preset:Zalgo Level Twelve,3,22.6,6.74,13.125,28.188,0.553,0.054,0.394,107,464,31,47,0.959
glyphy,Glyphy,watching,task:light,2,1.69,0.17,1.524,1.857,0.535,0.0,0.465,30,59.5,2,3,0.833
glyphy,Glyphy,watching,task:mostly_readable,2,1.55,0.12,1.429,1.667,0.508,0.046,0.446,31,56.5,3,3,0.762
glyphy,Glyphy,watching,task:tiny_stack,2,1.86,0.0,1.857,1.857,0.513,0.064,0.423,36,63,3,4,0.857
glyphy,Glyphy,watching,task:extreme,2,20.83,2.98,17.857,23.81,0.536,0.052,0.412,107,548,27,47,0.952
glyphy,Glyphy,watching,task:dense_unreadable,2,21.5,1.12,20.381,22.619,0.55,0.05,0.4,106,517,31,50,0.928
lingojam,LingoJam,hello,default,20,17.03,2.44,10.4,20.2,0.467,0.059,0.474,64,90.2,15,30,1.0
lingojam,LingoJam,he_comes,default,3,17.57,1.93,15.286,20.0,0.493,0.057,0.45,79,148.7,15,27,1.0
lingojam,LingoJam,watching,default,3,16.71,1.14,15.429,18.19,0.457,0.06,0.483,94,424,15,29,1.0
lingojam,LingoJam,digits,default,3,18.33,1.19,17.333,20.0,0.448,0.055,0.497,65,116,15,26,1.0
lingojam,LingoJam,accents,default,3,16.3,0.43,15.9,16.9,0.497,0.059,0.444,82,214,15,29,1.0
lingojam,LingoJam,emoji,default,3,15.8,2.51,13.2,19.2,0.493,0.055,0.451,82,209.7,15,26,1.0
lingojam,LingoJam,long100,default,3,17.83,0.23,17.593,18.136,0.465,0.056,0.479,94,1874,15,31,1.0
lingojam,LingoJam,punct,default,3,17.72,0.52,17.0,18.174,0.495,0.057,0.448,94,821.7,15,31,1.0
lingojam,LingoJam,spaces,default,3,17.08,2.16,14.25,19.5,0.502,0.055,0.443,91,248,15,31,1.0
lingojam,LingoJam,mixed,default,3,16.98,0.24,16.75,17.312,0.476,0.059,0.465,91,342.3,15,28,1.0
lingojam,LingoJam,hello,ctl:craziness=0 (min),10,1.0,0.0,1.0,1.0,0.0,1.0,0.0,4,10,0,1,1.0
lingojam,LingoJam,hello,ctl:craziness=50 (max),10,54.94,7.31,48.4,73.4,0.538,0.018,0.444,92,279.7,49,91,1.0
lingojam,LingoJam,watching,task:light,3,4.9,0.04,4.857,4.952,0.414,0.204,0.382,63,141.7,3,7,1.0
lingojam,LingoJam,watching,task:mostly_readable,3,3.94,0.02,3.905,3.952,0.375,0.254,0.371,60,118.3,2,5,1.0
lingojam,LingoJam,watching,task:tiny_stack,3,3.0,0.0,3.0,3.0,0.333,0.333,0.333,43,96,1,3,1.0
lingojam,LingoJam,watching,task:extreme,3,49.05,2.83,46.19,52.905,0.487,0.02,0.493,94,1223,50,88,1.0
lingojam,LingoJam,watching,task:dense_unreadable,3,54.02,2.99,51.714,58.238,0.504,0.019,0.478,94,1314,50,93,1.0
lingojam,LingoJam,watching,task:middle_only,3,1.0,0.0,1.0,1.0,0.0,1.0,0.0,5,48,0,1,1.0
lingojam,LingoJam,watching,task:strikethrough,3,1.0,0.0,1.0,1.0,0.0,1.0,0.0,5,48,0,1,1.0
pixelied,Pixelied,hello,default,5,1.8,0.0,1.8,1.8,0.0,1.0,0.0,1,15,0,2,1.0
pixelied,Pixelied,he_comes,default,3,1.71,0.0,1.714,1.714,0.0,1.0,0.0,1,22,0,2,1.0
pixelied,Pixelied,he_comes,preset:Underlined by Dashes,1,1.71,0.0,1.714,1.714,0.0,0.0,1.0,1,22,0,2,1.0
pixelied,Pixelied,he_comes,preset:Bandaid,1,3.43,0.0,3.429,3.429,0.5,0.0,0.5,2,36,2,4,1.0
pixelied,Pixelied,he_comes,preset:Strikethrough,1,1.71,0.0,1.714,1.714,0.0,1.0,0.0,1,22,0,2,1.0
pixelied,Pixelied,he_comes,preset:X-cross,1,1.71,0.0,1.714,1.714,1.0,0.0,0.0,1,22,2,2,1.0
pixelied,Pixelied,he_comes,"preset:Lines, Lines, Lines.",1,4.0,0.0,4.0,4.0,0.5,0.0,0.5,4,36,2,4,1.0
pixelied,Pixelied,he_comes,preset:Shadow,1,1.71,0.0,1.714,1.714,0.0,1.0,0.0,1,22,0,2,1.0
pixelied,Pixelied,he_comes,preset:Fireworks,1,1.71,0.0,1.714,1.714,0.0,0.0,0.0,1,22,0,2,1.0
pixelied,Pixelied,he_comes,preset:Wavy,1,1.71,0.0,1.714,1.714,0.0,1.0,0.0,1,22,0,2,1.0
pixelied,Pixelied,he_comes,preset:Double Underlines,1,1.71,0.0,1.714,1.714,0.0,0.0,1.0,1,22,0,2,1.0
pixelied,Pixelied,he_comes,preset:Music Bars,1,1.71,0.0,1.714,1.714,0.0,0.0,1.0,1,22,0,2,1.0
pixelied,Pixelied,he_comes,preset:All The Way Up,1,1.71,0.0,1.714,1.714,0.0,0.0,1.0,1,22,0,2,1.0
pixelied,Pixelied,he_comes,preset:HOT,1,1.71,0.0,1.714,1.714,1.0,0.0,0.0,1,22,2,2,1.0
pixelied,Pixelied,he_comes,preset:Right Direction Above,1,1.71,0.0,1.714,1.714,1.0,0.0,0.0,1,22,2,2,1.0
pixelied,Pixelied,he_comes,preset:Right Direction Under,1,1.71,0.0,1.714,1.714,0.0,0.0,1.0,1,22,0,2,1.0
pixelied,Pixelied,he_comes,preset:Stacked above,1,1.71,0.0,1.714,1.714,1.0,0.0,0.0,1,22,2,2,1.0
pixelied,Pixelied,he_comes,preset:Weird Text 2,1,7.0,0.0,7.0,7.0,0.526,0.0,0.474,40,65,6,10,1.0
pixelied,Pixelied,he_comes,preset:Weird Text 3,1,12.14,0.0,12.143,12.143,0.059,0.059,0.851,50,109,2,18,1.0
pixelied,Pixelied,he_comes,preset:Weird Text 4,1,10.57,0.0,10.571,10.571,0.802,0.047,0.116,47,94,15,16,1.0
pixelied,Pixelied,he_comes,preset:Cross It Under,1,1.71,0.0,1.714,1.714,0.0,0.0,1.0,1,22,0,2,1.0
pixelied,Pixelied,he_comes,preset:Rain On Top,1,1.71,0.0,1.714,1.714,1.0,0.0,0.0,1,22,2,2,1.0
pixelied,Pixelied,he_comes,preset:Bubbles On Top,1,1.71,0.0,1.714,1.714,1.0,0.0,0.0,1,22,2,2,1.0
pixelied,Pixelied,watching,default,3,1.76,0.0,1.762,1.762,0.0,1.0,0.0,1,65,0,2,1.0
pixelied,Pixelied,watching,preset:Underlined by Dashes,1,1.76,0.0,1.762,1.762,0.0,0.0,1.0,1,65,0,2,1.0
pixelied,Pixelied,watching,preset:Bandaid,1,3.52,0.0,3.524,3.524,0.5,0.0,0.5,2,106,2,4,1.0
pixelied,Pixelied,watching,preset:Strikethrough,1,1.81,0.0,1.81,1.81,0.0,1.0,0.0,1,66,0,2,1.0
pixelied,Pixelied,watching,preset:X-cross,1,1.81,0.0,1.81,1.81,1.0,0.0,0.0,1,66,2,2,1.0
pixelied,Pixelied,watching,"preset:Lines, Lines, Lines.",1,4.0,0.0,4.0,4.0,0.5,0.0,0.5,4,108,2,4,1.0
pixelied,Pixelied,watching,preset:Shadow,1,1.81,0.0,1.81,1.81,0.0,1.0,0.0,1,66,0,2,1.0
pixelied,Pixelied,watching,preset:Fireworks,1,1.81,0.0,1.81,1.81,0.0,0.0,0.0,1,66,0,2,1.0
pixelied,Pixelied,watching,preset:Wavy,1,1.76,0.0,1.762,1.762,0.0,1.0,0.0,1,65,0,2,1.0
pixelied,Pixelied,watching,preset:Double Underlines,1,1.76,0.0,1.762,1.762,0.0,0.0,1.0,1,65,0,2,1.0
pixelied,Pixelied,watching,preset:Music Bars,1,1.81,0.0,1.81,1.81,0.0,0.0,1.0,1,66,0,2,1.0
pixelied,Pixelied,watching,preset:All The Way Up,1,1.76,0.0,1.762,1.762,0.0,0.0,1.0,1,65,0,2,1.0
pixelied,Pixelied,watching,preset:HOT,1,1.76,0.0,1.762,1.762,1.0,0.0,0.0,1,65,2,2,1.0
pixelied,Pixelied,watching,preset:Right Direction Above,1,1.81,0.0,1.81,1.81,1.0,0.0,0.0,1,66,2,2,1.0
pixelied,Pixelied,watching,preset:Right Direction Under,1,1.81,0.0,1.81,1.81,0.0,0.0,1.0,1,66,0,2,1.0
pixelied,Pixelied,watching,preset:Stacked above,1,1.81,0.0,1.81,1.81,1.0,0.0,0.0,1,66,2,2,1.0
pixelied,Pixelied,watching,preset:Weird Text 2,1,8.57,0.0,8.571,8.571,0.416,0.0,0.584,66,233,9,17,1.0
pixelied,Pixelied,watching,preset:Weird Text 3,1,10.95,0.0,10.952,10.952,0.08,0.023,0.866,54,286,2,18,1.0
pixelied,Pixelied,watching,preset:Weird Text 4,1,11.76,0.0,11.762,11.762,0.845,0.067,0.074,63,307,17,19,1.0
pixelied,Pixelied,watching,preset:Cross It Under,1,1.81,0.0,1.81,1.81,0.0,0.0,1.0,1,66,0,2,1.0
pixelied,Pixelied,watching,preset:Rain On Top,1,1.81,0.0,1.81,1.81,1.0,0.0,0.0,1,66,2,2,1.0
pixelied,Pixelied,watching,preset:Bubbles On Top,1,1.81,0.0,1.81,1.81,1.0,0.0,0.0,1,66,2,2,1.0
pixelied,Pixelied,digits,default,3,1.83,0.0,1.833,1.833,0.0,1.0,0.0,1,18,0,2,1.0
pixelied,Pixelied,digits,preset:Underlined by Dashes,1,1.83,0.0,1.833,1.833,0.0,0.0,1.0,1,18,0,2,1.0
pixelied,Pixelied,digits,preset:Bandaid,1,3.67,0.0,3.667,3.667,0.5,0.0,0.5,2,30,2,4,1.0
pixelied,Pixelied,digits,preset:Strikethrough,1,1.83,0.0,1.833,1.833,0.0,1.0,0.0,1,18,0,2,1.0
pixelied,Pixelied,digits,preset:X-cross,1,1.83,0.0,1.833,1.833,1.0,0.0,0.0,1,18,2,2,1.0
pixelied,Pixelied,digits,"preset:Lines, Lines, Lines.",1,4.0,0.0,4.0,4.0,0.5,0.0,0.5,4,30,2,4,1.0
pixelied,Pixelied,digits,preset:Shadow,1,1.83,0.0,1.833,1.833,0.0,1.0,0.0,1,18,0,2,1.0
pixelied,Pixelied,digits,preset:Fireworks,1,1.83,0.0,1.833,1.833,0.0,0.0,0.0,1,18,0,2,1.0
pixelied,Pixelied,digits,preset:Wavy,1,1.83,0.0,1.833,1.833,0.0,1.0,0.0,1,18,0,2,1.0
pixelied,Pixelied,digits,preset:Double Underlines,1,1.83,0.0,1.833,1.833,0.0,0.0,1.0,1,18,0,2,1.0
pixelied,Pixelied,digits,preset:Music Bars,1,1.83,0.0,1.833,1.833,0.0,0.0,1.0,1,18,0,2,1.0
pixelied,Pixelied,digits,preset:All The Way Up,1,1.83,0.0,1.833,1.833,0.0,0.0,1.0,1,18,0,2,1.0
pixelied,Pixelied,digits,preset:HOT,1,1.83,0.0,1.833,1.833,1.0,0.0,0.0,1,18,2,2,1.0
pixelied,Pixelied,digits,preset:Right Direction Above,1,1.83,0.0,1.833,1.833,1.0,0.0,0.0,1,18,2,2,1.0
pixelied,Pixelied,digits,preset:Right Direction Under,1,1.83,0.0,1.833,1.833,0.0,0.0,1.0,1,18,0,2,1.0
pixelied,Pixelied,digits,preset:Stacked above,1,1.83,0.0,1.833,1.833,1.0,0.0,0.0,1,18,2,2,1.0
pixelied,Pixelied,digits,preset:Weird Text 2,1,7.17,0.0,7.167,7.167,0.577,0.0,0.423,37,58,9,11,1.0
pixelied,Pixelied,digits,preset:Weird Text 3,1,10.17,0.0,10.167,10.167,0.077,0.108,0.815,40,71,2,12,1.0
pixelied,Pixelied,digits,preset:Weird Text 4,1,11.33,0.0,11.333,11.333,0.88,0.053,0.027,42,81,14,14,1.0
pixelied,Pixelied,digits,preset:Cross It Under,1,1.83,0.0,1.833,1.833,0.0,0.0,1.0,1,18,0,2,1.0
pixelied,Pixelied,digits,preset:Rain On Top,1,1.83,0.0,1.833,1.833,1.0,0.0,0.0,1,18,2,2,1.0
pixelied,Pixelied,digits,preset:Bubbles On Top,1,1.83,0.0,1.833,1.833,1.0,0.0,0.0,1,18,2,2,1.0
pixelied,Pixelied,accents,default,3,1.1,0.0,1.1,1.1,0.0,1.0,0.0,1,26,0,2,0.9
pixelied,Pixelied,accents,preset:Underlined by Dashes,1,1.1,0.0,1.1,1.1,0.0,0.0,1.0,1,26,0,2,0.9
pixelied,Pixelied,accents,preset:Bandaid,1,2.2,0.0,2.2,2.2,0.5,0.0,0.5,2,40,2,4,0.9
pixelied,Pixelied,accents,preset:Strikethrough,1,1.3,0.0,1.3,1.3,0.0,1.0,0.0,1,28,0,2,0.9
pixelied,Pixelied,accents,preset:X-cross,1,1.3,0.0,1.3,1.3,1.0,0.0,0.0,1,28,2,2,0.9
pixelied,Pixelied,accents,"preset:Lines, Lines, Lines.",1,3.2,0.0,3.2,3.2,0.5,0.0,0.5,4,44,2,4,0.8
pixelied,Pixelied,accents,preset:Shadow,1,1.3,0.0,1.3,1.3,0.0,1.0,0.0,1,28,0,2,0.9
pixelied,Pixelied,accents,preset:Fireworks,1,1.3,0.0,1.3,1.3,0.0,0.0,0.0,1,28,0,2,0.9
pixelied,Pixelied,accents,preset:Wavy,1,1.1,0.0,1.1,1.1,0.0,1.0,0.0,1,26,0,2,0.9
pixelied,Pixelied,accents,preset:Double Underlines,1,1.1,0.0,1.1,1.1,0.0,0.0,1.0,1,26,0,2,0.9
pixelied,Pixelied,accents,preset:Music Bars,1,1.3,0.0,1.3,1.3,0.0,0.0,1.0,1,28,0,2,0.9
pixelied,Pixelied,accents,preset:All The Way Up,1,1.1,0.0,1.1,1.1,0.0,0.0,1.0,1,26,0,2,0.9
pixelied,Pixelied,accents,preset:HOT,1,1.1,0.0,1.1,1.1,1.0,0.0,0.0,1,26,2,2,0.9
pixelied,Pixelied,accents,preset:Right Direction Above,1,1.3,0.0,1.3,1.3,1.0,0.0,0.0,1,28,2,2,0.9
pixelied,Pixelied,accents,preset:Right Direction Under,1,1.3,0.0,1.3,1.3,0.0,0.0,1.0,1,28,0,2,0.9
pixelied,Pixelied,accents,preset:Stacked above,1,1.3,0.0,1.3,1.3,1.0,0.0,0.0,1,28,2,2,0.9
pixelied,Pixelied,accents,preset:Weird Text 2,1,5.0,0.0,5.0,5.0,0.394,0.0,0.606,41,78,6,12,0.9
pixelied,Pixelied,accents,preset:Weird Text 3,1,7.5,0.0,7.5,7.5,0.094,0.047,0.776,41,97,3,19,0.9
pixelied,Pixelied,accents,preset:Weird Text 4,1,7.0,0.0,7.0,7.0,0.874,0.069,0.023,54,99,11,13,0.9
pixelied,Pixelied,accents,preset:Cross It Under,1,1.3,0.0,1.3,1.3,0.0,0.0,1.0,1,28,0,2,0.9
pixelied,Pixelied,accents,preset:Rain On Top,1,1.3,0.0,1.3,1.3,1.0,0.0,0.0,1,28,2,2,0.9
pixelied,Pixelied,accents,preset:Bubbles On Top,1,1.3,0.0,1.3,1.3,1.0,0.0,0.0,1,28,2,2,0.9
pixelied,Pixelied,emoji,default,3,1.8,0.0,1.8,1.8,0.0,1.0,0.0,1,21,0,2,1.0
pixelied,Pixelied,emoji,preset:Underlined by Dashes,1,1.8,0.0,1.8,1.8,0.0,0.0,1.0,1,21,0,2,1.0
pixelied,Pixelied,emoji,preset:Bandaid,1,3.6,0.0,3.6,3.6,0.5,0.0,0.5,2,31,2,4,1.0
pixelied,Pixelied,emoji,preset:Strikethrough,1,1.8,0.0,1.8,1.8,0.0,1.0,0.0,1,21,0,2,1.0
pixelied,Pixelied,emoji,preset:X-cross,1,1.8,0.0,1.8,1.8,1.0,0.0,0.0,1,21,2,2,1.0
pixelied,Pixelied,emoji,"preset:Lines, Lines, Lines.",1,4.0,0.0,4.0,4.0,0.5,0.0,0.5,4,31,2,4,1.0
pixelied,Pixelied,emoji,preset:Shadow,1,1.8,0.0,1.8,1.8,0.0,1.0,0.0,1,21,0,2,1.0
pixelied,Pixelied,emoji,preset:Fireworks,1,1.8,0.0,1.8,1.8,0.0,0.0,0.0,1,21,0,2,1.0
pixelied,Pixelied,emoji,preset:Wavy,1,1.8,0.0,1.8,1.8,0.0,1.0,0.0,1,21,0,2,1.0
pixelied,Pixelied,emoji,preset:Double Underlines,1,1.8,0.0,1.8,1.8,0.0,0.0,1.0,1,21,0,2,1.0
pixelied,Pixelied,emoji,preset:Music Bars,1,1.8,0.0,1.8,1.8,0.0,0.0,1.0,1,21,0,2,1.0
pixelied,Pixelied,emoji,preset:All The Way Up,1,1.8,0.0,1.8,1.8,0.0,0.0,1.0,1,21,0,2,1.0
pixelied,Pixelied,emoji,preset:HOT,1,1.8,0.0,1.8,1.8,1.0,0.0,0.0,1,21,2,2,1.0
pixelied,Pixelied,emoji,preset:Right Direction Above,1,1.8,0.0,1.8,1.8,1.0,0.0,0.0,1,21,2,2,1.0
pixelied,Pixelied,emoji,preset:Right Direction Under,1,1.8,0.0,1.8,1.8,0.0,0.0,1.0,1,21,0,2,1.0
pixelied,Pixelied,emoji,preset:Stacked above,1,1.8,0.0,1.8,1.8,1.0,0.0,0.0,1,21,2,2,1.0
pixelied,Pixelied,emoji,preset:Weird Text 2,1,9.8,0.0,9.8,9.8,0.367,0.0,0.633,30,60,8,13,1.0
pixelied,Pixelied,emoji,preset:Weird Text 3,1,11.4,0.0,11.4,11.4,0.185,0.0,0.785,34,76,3,15,1.0
pixelied,Pixelied,emoji,preset:Weird Text 4,1,13.4,0.0,13.4,13.4,0.836,0.11,0.055,42,84,16,17,1.0
pixelied,Pixelied,emoji,preset:Cross It Under,1,1.8,0.0,1.8,1.8,0.0,0.0,1.0,1,21,0,2,1.0
pixelied,Pixelied,emoji,preset:Rain On Top,1,1.8,0.0,1.8,1.8,1.0,0.0,0.0,1,21,2,2,1.0
pixelied,Pixelied,emoji,preset:Bubbles On Top,1,1.8,0.0,1.8,1.8,1.0,0.0,0.0,1,21,2,2,1.0
pixelied,Pixelied,long100,default,3,1.74,0.0,1.741,1.741,0.0,1.0,0.0,1,257,0,2,1.0
pixelied,Pixelied,long100,preset:Underlined by Dashes,1,1.74,0.0,1.741,1.741,0.0,0.0,1.0,1,257,0,2,1.0
pixelied,Pixelied,long100,preset:Bandaid,1,3.48,0.0,3.481,3.481,0.5,0.0,0.5,2,414,2,4,1.0
pixelied,Pixelied,long100,preset:Strikethrough,1,1.78,0.0,1.778,1.778,0.0,1.0,0.0,1,262,0,2,1.0
pixelied,Pixelied,long100,preset:X-cross,1,1.78,0.0,1.778,1.778,1.0,0.0,0.0,1,262,2,2,1.0
pixelied,Pixelied,long100,"preset:Lines, Lines, Lines.",1,4.0,0.0,4.0,4.0,0.5,0.0,0.5,4,424,2,4,1.0
pixelied,Pixelied,long100,preset:Shadow,1,1.78,0.0,1.778,1.778,0.0,1.0,0.0,1,262,0,2,1.0
pixelied,Pixelied,long100,preset:Fireworks,1,1.78,0.0,1.778,1.778,0.0,0.0,0.0,1,262,0,2,1.0
pixelied,Pixelied,long100,preset:Wavy,1,1.74,0.0,1.741,1.741,0.0,1.0,0.0,1,257,0,2,1.0
pixelied,Pixelied,long100,preset:Double Underlines,1,1.74,0.0,1.741,1.741,0.0,0.0,1.0,1,257,0,2,1.0
pixelied,Pixelied,long100,preset:Music Bars,1,1.78,0.0,1.778,1.778,0.0,0.0,1.0,1,262,0,2,1.0
pixelied,Pixelied,long100,preset:All The Way Up,1,1.74,0.0,1.741,1.741,0.0,0.0,1.0,1,257,0,2,1.0
pixelied,Pixelied,long100,preset:HOT,1,1.74,0.0,1.741,1.741,1.0,0.0,0.0,1,257,2,2,1.0
pixelied,Pixelied,long100,preset:Right Direction Above,1,1.78,0.0,1.778,1.778,1.0,0.0,0.0,1,262,2,2,1.0
pixelied,Pixelied,long100,preset:Right Direction Under,1,1.78,0.0,1.778,1.778,0.0,0.0,1.0,1,262,0,2,1.0
pixelied,Pixelied,long100,preset:Stacked above,1,1.78,0.0,1.778,1.778,1.0,0.0,0.0,1,262,2,2,1.0
pixelied,Pixelied,long100,preset:Weird Text 2,1,9.01,0.0,9.012,9.012,0.441,0.0,0.559,84,925,10,17,1.0
pixelied,Pixelied,long100,preset:Weird Text 3,1,10.57,0.0,10.568,10.568,0.106,0.024,0.844,59,1057,3,19,1.0
pixelied,Pixelied,long100,preset:Weird Text 4,1,10.95,0.0,10.951,10.951,0.861,0.059,0.058,70,1092,18,20,1.0
pixelied,Pixelied,long100,preset:Cross It Under,1,1.78,0.0,1.778,1.778,0.0,0.0,1.0,1,262,0,2,1.0
pixelied,Pixelied,long100,preset:Rain On Top,1,1.78,0.0,1.778,1.778,1.0,0.0,0.0,1,262,2,2,1.0
pixelied,Pixelied,long100,preset:Bubbles On Top,1,1.78,0.0,1.778,1.778,1.0,0.0,0.0,1,262,2,2,1.0
pixelied,Pixelied,punct,default,3,1.56,0.0,1.565,1.565,0.0,1.0,0.0,1,88,0,2,1.0
pixelied,Pixelied,punct,preset:Underlined by Dashes,1,1.56,0.0,1.565,1.565,0.0,0.0,1.0,1,88,0,2,1.0
pixelied,Pixelied,punct,preset:Bandaid,1,3.13,0.0,3.13,3.13,0.5,0.0,0.5,2,132,2,4,1.0
pixelied,Pixelied,punct,preset:Strikethrough,1,1.65,0.0,1.652,1.652,0.0,1.0,0.0,1,90,0,2,1.0
pixelied,Pixelied,punct,preset:X-cross,1,1.65,0.0,1.652,1.652,1.0,0.0,0.0,1,90,2,2,1.0
pixelied,Pixelied,punct,"preset:Lines, Lines, Lines.",1,4.0,0.0,4.0,4.0,0.5,0.0,0.5,4,136,2,4,1.0
pixelied,Pixelied,punct,preset:Shadow,1,1.65,0.0,1.652,1.652,0.0,1.0,0.0,1,90,0,2,1.0
pixelied,Pixelied,punct,preset:Fireworks,1,1.65,0.0,1.652,1.652,0.0,0.0,0.0,1,90,0,2,1.0
pixelied,Pixelied,punct,preset:Wavy,1,1.56,0.0,1.565,1.565,0.0,1.0,0.0,1,88,0,2,1.0
pixelied,Pixelied,punct,preset:Double Underlines,1,1.56,0.0,1.565,1.565,0.0,0.0,1.0,1,88,0,2,1.0
pixelied,Pixelied,punct,preset:Music Bars,1,1.65,0.0,1.652,1.652,0.0,0.0,1.0,1,90,0,2,1.0
pixelied,Pixelied,punct,preset:All The Way Up,1,1.56,0.0,1.565,1.565,0.0,0.0,1.0,1,88,0,2,1.0
pixelied,Pixelied,punct,preset:HOT,1,1.56,0.0,1.565,1.565,1.0,0.0,0.0,1,88,2,2,1.0
pixelied,Pixelied,punct,preset:Right Direction Above,1,1.65,0.0,1.652,1.652,1.0,0.0,0.0,1,90,2,2,1.0
pixelied,Pixelied,punct,preset:Right Direction Under,1,1.65,0.0,1.652,1.652,0.0,0.0,1.0,1,90,0,2,1.0
pixelied,Pixelied,punct,preset:Stacked above,1,1.65,0.0,1.652,1.652,1.0,0.0,0.0,1,90,2,2,1.0
pixelied,Pixelied,punct,preset:Weird Text 2,1,8.65,0.0,8.652,8.652,0.461,0.0,0.539,80,289,9,17,1.0
pixelied,Pixelied,punct,preset:Weird Text 3,1,9.74,0.0,9.739,9.739,0.118,0.034,0.821,56,306,3,19,1.0
pixelied,Pixelied,punct,preset:Weird Text 4,1,9.56,0.0,9.565,9.565,0.858,0.049,0.067,68,311,19,21,1.0
pixelied,Pixelied,punct,preset:Cross It Under,1,1.65,0.0,1.652,1.652,0.0,0.0,1.0,1,90,0,2,1.0
pixelied,Pixelied,punct,preset:Rain On Top,1,1.65,0.0,1.652,1.652,1.0,0.0,0.0,1,90,2,2,1.0
pixelied,Pixelied,punct,preset:Bubbles On Top,1,1.65,0.0,1.652,1.652,1.0,0.0,0.0,1,90,2,2,1.0
pixelied,Pixelied,spaces,default,3,1.0,0.0,1.0,1.0,0.0,1.0,0.0,1,20,0,1,1.0
pixelied,Pixelied,spaces,preset:Underlined by Dashes,1,1.0,0.0,1.0,1.0,0.0,0.0,1.0,1,20,0,1,1.0
pixelied,Pixelied,spaces,preset:Bandaid,1,2.0,0.0,2.0,2.0,0.5,0.0,0.5,2,27,1,2,1.0
pixelied,Pixelied,spaces,preset:Strikethrough,1,1.0,0.0,1.0,1.0,0.0,1.0,0.0,1,21,0,1,1.0
pixelied,Pixelied,spaces,preset:X-cross,1,1.0,0.0,1.0,1.0,1.0,0.0,0.0,1,21,1,1,1.0
pixelied,Pixelied,spaces,"preset:Lines, Lines, Lines.",1,4.0,0.0,4.0,4.0,0.5,0.0,0.5,4,29,2,4,1.0
pixelied,Pixelied,spaces,preset:Shadow,1,1.0,0.0,1.0,1.0,0.0,1.0,0.0,1,21,0,1,1.0
pixelied,Pixelied,spaces,preset:Fireworks,1,1.0,0.0,1.0,1.0,0.0,0.0,0.0,1,21,0,1,1.0
pixelied,Pixelied,spaces,preset:Wavy,1,1.0,0.0,1.0,1.0,0.0,1.0,0.0,1,20,0,1,1.0
pixelied,Pixelied,spaces,preset:Double Underlines,1,1.0,0.0,1.0,1.0,0.0,0.0,1.0,1,20,0,1,1.0
pixelied,Pixelied,spaces,preset:Music Bars,1,1.0,0.0,1.0,1.0,0.0,0.0,1.0,1,21,0,1,1.0
pixelied,Pixelied,spaces,preset:All The Way Up,1,1.0,0.0,1.0,1.0,0.0,0.0,1.0,1,20,0,1,1.0
pixelied,Pixelied,spaces,preset:HOT,1,1.0,0.0,1.0,1.0,1.0,0.0,0.0,1,20,1,1,1.0
pixelied,Pixelied,spaces,preset:Right Direction Above,1,1.0,0.0,1.0,1.0,1.0,0.0,0.0,1,21,1,1,1.0
pixelied,Pixelied,spaces,preset:Right Direction Under,1,1.0,0.0,1.0,1.0,0.0,0.0,1.0,1,21,0,1,1.0
pixelied,Pixelied,spaces,preset:Stacked above,1,1.0,0.0,1.0,1.0,1.0,0.0,0.0,1,21,1,1,1.0
pixelied,Pixelied,spaces,preset:Weird Text 2,1,6.0,0.0,6.0,6.0,0.457,0.0,0.543,32,48,5,10,1.0
pixelied,Pixelied,spaces,preset:Weird Text 3,1,5.75,0.0,5.75,5.75,0.086,0.029,0.8,25,48,1,9,1.0
pixelied,Pixelied,spaces,preset:Weird Text 4,1,7.25,0.0,7.25,7.25,0.875,0.042,0.062,37,61,9,10,1.0
pixelied,Pixelied,spaces,preset:Cross It Under,1,1.0,0.0,1.0,1.0,0.0,0.0,1.0,1,21,0,1,1.0
pixelied,Pixelied,spaces,preset:Rain On Top,1,1.0,0.0,1.0,1.0,1.0,0.0,0.0,1,21,1,1,1.0
pixelied,Pixelied,spaces,preset:Bubbles On Top,1,1.0,0.0,1.0,1.0,1.0,0.0,0.0,1,21,1,1,1.0
pixelied,Pixelied,mixed,default,3,1.69,0.0,1.688,1.688,0.0,1.0,0.0,1,50,0,2,1.0
pixelied,Pixelied,mixed,preset:Underlined by Dashes,1,1.69,0.0,1.688,1.688,0.0,0.0,1.0,1,50,0,2,1.0
pixelied,Pixelied,mixed,preset:Bandaid,1,3.38,0.0,3.375,3.375,0.5,0.0,0.5,2,81,2,4,1.0
pixelied,Pixelied,mixed,preset:Strikethrough,1,1.75,0.0,1.75,1.75,0.0,1.0,0.0,1,51,0,2,1.0
pixelied,Pixelied,mixed,preset:X-cross,1,1.75,0.0,1.75,1.75,1.0,0.0,0.0,1,51,2,2,1.0
pixelied,Pixelied,mixed,"preset:Lines, Lines, Lines.",1,4.0,0.0,4.0,4.0,0.5,0.0,0.5,4,83,2,4,1.0
pixelied,Pixelied,mixed,preset:Shadow,1,1.75,0.0,1.75,1.75,0.0,1.0,0.0,1,51,0,2,1.0
pixelied,Pixelied,mixed,preset:Fireworks,1,1.75,0.0,1.75,1.75,0.0,0.0,0.0,1,51,0,2,1.0
pixelied,Pixelied,mixed,preset:Wavy,1,1.69,0.0,1.688,1.688,0.0,1.0,0.0,1,50,0,2,1.0
pixelied,Pixelied,mixed,preset:Double Underlines,1,1.69,0.0,1.688,1.688,0.0,0.0,1.0,1,50,0,2,1.0
pixelied,Pixelied,mixed,preset:Music Bars,1,1.75,0.0,1.75,1.75,0.0,0.0,1.0,1,51,0,2,1.0
pixelied,Pixelied,mixed,preset:All The Way Up,1,1.69,0.0,1.688,1.688,0.0,0.0,1.0,1,50,0,2,1.0
pixelied,Pixelied,mixed,preset:HOT,1,1.69,0.0,1.688,1.688,1.0,0.0,0.0,1,50,2,2,1.0
pixelied,Pixelied,mixed,preset:Right Direction Above,1,1.75,0.0,1.75,1.75,1.0,0.0,0.0,1,51,2,2,1.0
pixelied,Pixelied,mixed,preset:Right Direction Under,1,1.75,0.0,1.75,1.75,0.0,0.0,1.0,1,51,0,2,1.0
pixelied,Pixelied,mixed,preset:Stacked above,1,1.75,0.0,1.75,1.75,1.0,0.0,0.0,1,51,2,2,1.0
pixelied,Pixelied,mixed,preset:Weird Text 2,1,8.56,0.0,8.562,8.562,0.436,0.0,0.564,76,182,10,17,1.0
pixelied,Pixelied,mixed,preset:Weird Text 3,1,12.94,0.0,12.938,12.938,0.083,0.039,0.861,60,249,3,21,1.0
pixelied,Pixelied,mixed,preset:Weird Text 4,1,10.88,0.0,10.875,10.875,0.823,0.071,0.096,67,217,18,21,1.0
pixelied,Pixelied,mixed,preset:Cross It Under,1,1.75,0.0,1.75,1.75,0.0,0.0,1.0,1,51,0,2,1.0
pixelied,Pixelied,mixed,preset:Rain On Top,1,1.75,0.0,1.75,1.75,1.0,0.0,0.0,1,51,2,2,1.0
pixelied,Pixelied,mixed,preset:Bubbles On Top,1,1.75,0.0,1.75,1.75,1.0,0.0,0.0,1,51,2,2,1.0
pixelied,Pixelied,hello,preset:Underlined by Dashes,5,1.8,0.0,1.8,1.8,0.0,0.0,1.0,1,15,0,2,1.0
pixelied,Pixelied,hello,preset:Bandaid,5,3.6,0.0,3.6,3.6,0.5,0.0,0.5,2,25,2,4,1.0
pixelied,Pixelied,hello,preset:Strikethrough,5,1.8,0.0,1.8,1.8,0.0,1.0,0.0,1,15,0,2,1.0
pixelied,Pixelied,hello,preset:X-cross,5,1.8,0.0,1.8,1.8,1.0,0.0,0.0,1,15,2,2,1.0
pixelied,Pixelied,hello,"preset:Lines, Lines, Lines.",5,4.0,0.0,4.0,4.0,0.5,0.0,0.5,4,25,2,4,1.0
pixelied,Pixelied,hello,preset:Shadow,5,1.8,0.0,1.8,1.8,0.0,1.0,0.0,1,15,0,2,1.0
pixelied,Pixelied,hello,preset:Fireworks,5,1.8,0.0,1.8,1.8,0.0,0.0,0.0,1,15,0,2,1.0
pixelied,Pixelied,hello,preset:Wavy,5,1.8,0.0,1.8,1.8,0.0,1.0,0.0,1,15,0,2,1.0
pixelied,Pixelied,hello,preset:Double Underlines,5,1.8,0.0,1.8,1.8,0.0,0.0,1.0,1,15,0,2,1.0
pixelied,Pixelied,hello,preset:Music Bars,5,1.8,0.0,1.8,1.8,0.0,0.0,1.0,1,15,0,2,1.0
pixelied,Pixelied,hello,preset:All The Way Up,5,1.8,0.0,1.8,1.8,0.0,0.0,1.0,1,15,0,2,1.0
pixelied,Pixelied,hello,preset:HOT,5,1.8,0.0,1.8,1.8,1.0,0.0,0.0,1,15,2,2,1.0
pixelied,Pixelied,hello,preset:Right Direction Above,5,1.8,0.0,1.8,1.8,1.0,0.0,0.0,1,15,2,2,1.0
pixelied,Pixelied,hello,preset:Right Direction Under,5,1.8,0.0,1.8,1.8,0.0,0.0,1.0,1,15,0,2,1.0
pixelied,Pixelied,hello,preset:Stacked above,5,1.8,0.0,1.8,1.8,1.0,0.0,0.0,1,15,2,2,1.0
pixelied,Pixelied,hello,preset:Weird Text 2,5,9.8,0.0,9.8,9.8,0.367,0.0,0.633,30,54,8,13,1.0
pixelied,Pixelied,hello,preset:Weird Text 3,5,11.4,0.0,11.4,11.4,0.185,0.0,0.785,34,70,3,15,1.0
pixelied,Pixelied,hello,preset:Weird Text 4,5,13.4,0.0,13.4,13.4,0.836,0.11,0.055,42,78,16,17,1.0
pixelied,Pixelied,hello,preset:Cross It Under,5,1.8,0.0,1.8,1.8,0.0,0.0,1.0,1,15,0,2,1.0
pixelied,Pixelied,hello,preset:Rain On Top,5,1.8,0.0,1.8,1.8,1.0,0.0,0.0,1,15,2,2,1.0
pixelied,Pixelied,hello,preset:Bubbles On Top,5,1.8,0.0,1.8,1.8,1.0,0.0,0.0,1,15,2,2,1.0
pixelied,Pixelied,watching,task:above_only,2,1.81,0.0,1.81,1.81,1.0,0.0,0.0,1,66,2,2,1.0
pixelied,Pixelied,watching,task:below_only,2,1.76,0.0,1.762,1.762,0.0,0.0,1.0,1,65,0,2,1.0
pixelied,Pixelied,watching,task:middle_only,2,1.81,0.0,1.81,1.81,0.0,1.0,0.0,1,66,0,2,1.0
pixelied,Pixelied,watching,task:strikethrough,2,1.81,0.0,1.81,1.81,0.0,1.0,0.0,1,66,0,2,1.0
pixelied,Pixelied,watching,task:mostly_readable,2,1.76,0.0,1.762,1.762,0.0,1.0,0.0,1,65,0,2,1.0
pixelied,Pixelied,watching,task:light,2,1.76,0.0,1.762,1.762,0.0,1.0,0.0,1,65,0,2,1.0
pixelied,Pixelied,watching,task:dense_unreadable,2,10.95,0.0,10.952,10.952,0.08,0.023,0.866,54,286,2,18,1.0
psd-dude,PSD-Dude,hello,default,20,16.05,1.23,13.6,18.4,0.473,0.027,0.5,86,155.3,13,24,1.0
psd-dude,PSD-Dude,he_comes,default,3,17.76,0.29,17.429,18.143,0.464,0.029,0.507,100,275.3,13,24,1.0
psd-dude,PSD-Dude,watching,default,3,16.38,0.27,16.19,16.762,0.489,0.025,0.486,104,820,13,24,1.0
psd-dude,PSD-Dude,digits,default,3,16.83,0.76,16.0,17.833,0.503,0.022,0.476,89,196.7,11,21,1.0
psd-dude,PSD-Dude,accents,default,3,16.0,0.79,15.3,17.1,0.468,0.028,0.504,100,389.3,12,22,1.0
psd-dude,PSD-Dude,emoji,default,3,17.07,0.34,16.6,17.4,0.493,0.027,0.48,101,366.3,11,20,1.0
psd-dude,PSD-Dude,long100,default,3,16.29,0.33,15.889,16.704,0.491,0.026,0.483,104,3442.3,15,24,1.0
psd-dude,PSD-Dude,punct,default,3,16.13,0.75,15.478,17.174,0.486,0.026,0.489,104,1480,13,22,1.0
psd-dude,PSD-Dude,spaces,default,3,15.33,1.18,14.5,17.0,0.483,0.029,0.488,104,421.7,12,21,1.0
psd-dude,PSD-Dude,mixed,default,3,16.15,0.67,15.25,16.875,0.488,0.025,0.487,104,630.7,12,22,1.0
psd-dude,PSD-Dude,hello,preset:Minimal Glitch,10,2.02,0.6,1.0,3.4,0.475,0.0,0.525,15,15.1,2,4,0.94
psd-dude,PSD-Dude,hello,preset:More Chaos,10,11.84,0.79,10.0,13.2,0.449,0.103,0.448,49,64.6,10,16,1.0
psd-dude,PSD-Dude,hello,ctl:all sliders min (above0 below0 through0),10,0.0,0.0,0.0,0.0,0.0,0.0,0.0,0,9,0,0,0.0
psd-dude,PSD-Dude,hello,ctl:all sliders max (above20 below20 through15),10,30.3,1.46,28.0,33.2,0.466,0.108,0.426,96,276.6,20,39,1.0
psd-dude,PSD-Dude,hello,ctl:above-only (above15 below0 through0),10,7.54,0.7,6.4,8.6,1.0,0.0,0.0,39,76,12,12,1.0
psd-dude,PSD-Dude,hello,ctl:below-only (above0 below15 through0),10,7.24,1.05,5.6,9.0,0.0,0.0,1.0,36,76.5,0,13,1.0
psd-dude,PSD-Dude,hello,ctl:through-only (above0 below0 through15),10,10.44,0.91,8.4,11.4,0.386,0.317,0.297,16,102.5,8,13,1.0
psd-dude,PSD-Dude,hello,"ctl:default sliders, Extra Spacing off",10,15.94,1.28,13.6,18.6,0.474,0.02,0.506,60,84.7,12,23,1.0
psd-dude,PSD-Dude,hello,ctl:glitch intensity 100 (no substitution boxes),10,16.32,1.18,15.0,18.8,0.484,0.031,0.485,83,161.4,12,24,1.0
psd-dude,PSD-Dude,hello,ctl:glitch intensity 0 (no substitution boxes),10,16.9,1.66,14.0,19.8,0.482,0.028,0.49,87,160.1,14,25,1.0
psd-dude,PSD-Dude,watching,task:light,3,1.79,0.22,1.571,2.095,0.53,0.0,0.47,39,68,2,4,0.857
psd-dude,PSD-Dude,watching,task:extreme,3,30.21,0.06,30.143,30.286,0.455,0.115,0.43,104,749.7,19,38,1.0
psd-dude,PSD-Dude,watching,task:above_only,3,7.38,0.53,6.667,7.952,1.0,0.0,0.0,48,200,11,11,1.0
psd-dude,PSD-Dude,watching,task:below_only,3,7.78,0.12,7.667,7.952,0.0,0.0,1.0,40,209.3,0,13,1.0
psd-dude,PSD-Dude,watching,task:middle_only,3,10.43,0.25,10.143,10.762,0.398,0.288,0.313,16,276,7,14,1.0
psd-dude,PSD-Dude,watching,task:mostly_readable,3,0.86,0.18,0.619,1.048,0.463,0.0,0.537,21,46.3,1,2,0.714
psd-dude,PSD-Dude,watching,task:dense_unreadable,3,30.89,0.49,30.476,31.571,0.453,0.105,0.442,104,766.3,19,39,1.0
psd-dude,PSD-Dude,watching,task:strikethrough,3,0.75,0.02,0.714,0.762,0.364,0.291,0.345,12,42.3,1,1,0.746
psd-dude,PSD-Dude,watching,task:tiny_stack,3,1.0,0.07,0.905,1.048,1.0,0.0,0.0,21,47.3,2,2,0.778
psd-dude,PSD-Dude,watching,task:roots_downward,3,10.29,0.61,9.857,11.143,0.0,0.0,1.0,40,273.7,0,16,1.0
symboldb,SymbolDB,hello,default,20,6.79,1.09,4.2,8.6,0.523,0.0,0.477,34,39.0,7,13,0.99
symboldb,SymbolDB,he_comes,default,3,6.33,1.44,4.857,8.286,0.439,0.0,0.561,51,59.7,7,13,1.0
symboldb,SymbolDB,watching,default,3,6.37,0.58,5.667,7.095,0.515,0.0,0.485,71,176.7,7,13,0.984
symboldb,SymbolDB,digits,default,3,7.17,0.59,6.333,7.667,0.457,0.0,0.543,34,49,7,12,1.0
symboldb,SymbolDB,accents,default,3,7.7,0.93,6.9,9.0,0.471,0.0,0.529,66,102.7,7,14,0.967
symboldb,SymbolDB,emoji,default,3,6.6,1.56,4.4,7.8,0.536,0.0,0.464,47,62,7,14,1.0
symboldb,SymbolDB,long100,default,3,7.02,0.4,6.728,7.593,0.483,0.0,0.517,88,796,7,14,0.996
symboldb,SymbolDB,punct,default,3,6.83,0.72,6.043,7.783,0.522,0.0,0.478,86,340.3,7,14,0.986
symboldb,SymbolDB,spaces,default,3,6.17,1.64,4.25,8.25,0.48,0.0,0.52,66,105.3,7,13,1.0
symboldb,SymbolDB,mixed,default,3,7.0,0.37,6.625,7.5,0.568,0.0,0.432,68,154,7,14,1.0
symboldb,SymbolDB,hello,preset:Slight Top,10,6.72,1.44,5.0,9.6,0.521,0.0,0.479,41,38.6,7,12,0.98
symboldb,SymbolDB,hello,preset:Slight Bottom,10,7.48,1.37,5.4,10.2,0.505,0.0,0.495,34,42.4,7,14,1.0
symboldb,SymbolDB,hello,preset:Slight Top & Bottom,10,6.9,0.95,4.8,8.0,0.533,0.0,0.467,33,39.5,7,13,1.0
symboldb,SymbolDB,hello,preset:Slight Middle,10,7.68,1.44,5.4,9.6,0.492,0.013,0.492,39,43.4,7,15,0.98
symboldb,SymbolDB,hello,preset:Slight Top & Mid,10,7.6,1.11,5.2,9.4,0.484,0.013,0.503,38,43,7,14,1.0
symboldb,SymbolDB,hello,preset:Slight Mid & Bot,10,7.44,0.79,6.2,8.4,0.446,0.022,0.53,35,42.2,8,14,1.0
symboldb,SymbolDB,hello,preset:Small Top,10,9.22,1.5,6.6,11.6,0.536,0.0,0.464,44,51.1,8,16,1.0
symboldb,SymbolDB,hello,preset:Small Bottom,10,9.26,0.57,8.2,10.2,0.458,0.0,0.542,41,51.3,8,16,1.0
symboldb,SymbolDB,hello,preset:Small Top & Mid,10,10.26,0.79,8.8,11.8,0.456,0.023,0.517,45,56.3,9,17,1.0
symboldb,SymbolDB,hello,preset:Small Mid & Bot,10,9.1,1.46,6.6,11.0,0.464,0.029,0.503,42,50.5,9,18,1.0
symboldb,SymbolDB,hello,preset:Standard Corruption,10,10.04,1.41,8.2,12.2,0.464,0.016,0.516,48,55.2,8,18,1.0
symboldb,SymbolDB,hello,preset:Medium Top,10,8.86,1.61,5.2,10.8,0.517,0.0,0.483,45,49.3,8,16,1.0
symboldb,SymbolDB,hello,preset:Medium Bottom,10,8.54,1.09,6.4,10.2,0.461,0.0,0.539,41,47.7,8,15,1.0
symboldb,SymbolDB,hello,preset:Medium Top & Mid,10,10.44,1.79,6.8,13.2,0.473,0.027,0.494,51,57.2,10,18,1.0
symboldb,SymbolDB,hello,preset:Medium Mid & Bot,10,9.86,1.62,6.8,13.0,0.485,0.03,0.483,49,54.3,10,16,1.0
symboldb,SymbolDB,hello,preset:Large Top & Bot,10,9.2,1.05,7.4,11.0,0.457,0.0,0.543,44,51,8,15,1.0
symboldb,SymbolDB,hello,preset:Large Middle,10,9.72,1.65,7.0,12.4,0.496,0.023,0.477,45,53.6,9,18,1.0
symboldb,SymbolDB,hello,preset:Large Bottom,10,9.18,1.17,7.8,11.4,0.488,0.0,0.512,42,50.9,8,15,1.0
symboldb,SymbolDB,hello,preset:Full Corruption,10,9.1,1.24,7.6,12.2,0.523,0.02,0.451,45,50.5,9,15,1.0
symboldb,SymbolDB,hello,preset:Large Full Body,10,10.42,1.37,8.4,12.4,0.472,0.023,0.505,45,57.1,10,18,1.0
symboldb,SymbolDB,hello,preset:Pixel Noise,10,8.52,1.57,6.6,11.0,0.437,0.0,0.54,42,47.6,7,15,1.0
symboldb,SymbolDB,hello,preset:Pixel Shift,10,6.52,0.88,4.2,7.4,0.46,0.018,0.488,32,37.6,8,14,1.0
symboldb,SymbolDB,hello,preset:Scanline Curse,10,9.12,2.05,6.2,12.0,0.496,0.022,0.482,45,50.6,8,16,1.0
symboldb,SymbolDB,hello,preset:Signal Interference,10,10.84,1.59,8.4,12.8,0.513,0.028,0.439,48,59.2,10,17,1.0
symboldb,SymbolDB,hello,preset:CRT Corruption,10,10.18,1.49,8.0,12.8,0.477,0.028,0.473,50,55.9,9,17,1.0
symboldb,SymbolDB,hello,preset:Split Pixel,10,8.08,0.87,6.4,9.6,0.512,0.052,0.433,40,45.4,8,15,1.0
symboldb,SymbolDB,hello,preset:Dropped Frame,10,10.08,0.94,8.4,11.8,0.512,0.014,0.466,44,56.4,9,14,1.0
symboldb,SymbolDB,hello,preset:Terminal Decay,10,8.64,1.15,6.6,10.2,0.477,0.0,0.523,37,49.2,8,16,1.0
symboldb,SymbolDB,hello,preset:Synthwave Curse,10,9.56,1.1,8.2,11.6,0.487,0.019,0.487,44,53.8,9,15,1.0
symboldb,SymbolDB,hello,preset:Double Pixel,10,10.12,1.18,8.0,11.8,0.472,0.02,0.458,45,55.6,9,16,1.0
symboldb,SymbolDB,hello,preset:Neon Curse,10,7.96,1.4,5.2,9.4,0.492,0.028,0.45,39,44.8,8,14,1.0
symboldb,SymbolDB,hello,preset:Hologram Decay,10,10.08,1.66,6.6,12.6,0.466,0.016,0.514,47,55.4,10,18,1.0
symboldb,SymbolDB,hello,preset:Cybersplit,10,10.1,0.96,8.8,12.2,0.475,0.05,0.465,45,55.5,10,16,1.0
symboldb,SymbolDB,hello,preset:Cursor Corruption,10,8.4,1.75,4.8,11.6,0.502,0.0,0.498,41,48,8,16,1.0
symboldb,SymbolDB,hello,preset:Jamming Curse,10,10.4,1.4,8.0,13.0,0.492,0.006,0.481,56,57,9,17,1.0
symboldb,SymbolDB,hello,preset:Horizontal Jitter,10,9.52,1.79,6.4,13.6,0.515,0.023,0.458,49,52.6,9,18,1.0
symboldb,SymbolDB,hello,preset:Vertical Decay,10,9.06,1.14,6.8,10.8,0.514,0.0,0.486,41,50.3,8,15,1.0
symboldb,SymbolDB,hello,preset:Frame Decay,10,9.66,0.64,8.6,10.6,0.528,0.025,0.445,44,54.3,10,18,1.0
symboldb,SymbolDB,hello,preset:Data Frag,10,10.1,1.79,7.4,12.8,0.485,0.026,0.483,54,56.5,9,17,1.0
symboldb,SymbolDB,hello,preset:Synthwave Full Body,10,9.86,1.43,8.4,12.6,0.515,0.03,0.45,47,55.3,10,16,1.0
symboldb,SymbolDB,hello,preset:Cryptic Symbols,10,7.5,2.62,3.0,11.0,0.524,0.016,0.453,34,35.9,8,13,1.0
symboldb,SymbolDB,hello,preset:Corrupt Sigils,10,9.6,2.94,4.0,13.0,0.463,0.031,0.506,47,54,9,17,1.0
symboldb,SymbolDB,hello,preset:Cursed Sigils,10,9.8,2.96,4.0,13.0,0.524,0.029,0.44,42,52.5,9,15,1.0
symboldb,SymbolDB,hello,preset:Abyssal Glyphs,10,9.5,3.32,3.0,15.0,0.427,0.018,0.547,48,55.1,10,18,1.0
symboldb,SymbolDB,hello,preset:Strikethrough Curse,10,7.5,1.68,4.8,10.6,0.416,0.037,0.547,40,42.5,7,14,1.0
symboldb,SymbolDB,hello,preset:Underline Corruption,10,10.92,1.04,9.2,12.4,0.441,0.033,0.526,47,59.6,9,17,1.0
symboldb,SymbolDB,hello,preset:Wave Curse,10,9.46,1.24,6.8,11.0,0.512,0.025,0.452,48,52.3,9,15,1.0
symboldb,SymbolDB,hello,preset:Large Wave,10,9.8,1.26,6.4,10.8,0.496,0.018,0.484,45,54,9,17,1.0
symboldb,SymbolDB,hello,preset:Mini Full Body,10,6.9,1.34,5.2,9.4,0.426,0.026,0.516,35,39.5,8,13,0.98
symboldb,SymbolDB,hello,preset:Mega Full Body,10,11.02,1.35,8.4,13.2,0.452,0.049,0.475,52,60.1,9,17,1.0
symboldb,SymbolDB,watching,task:light,2,6.43,1.1,5.333,7.524,0.467,0.0,0.533,75,183.5,7,14,0.953
symboldb,SymbolDB,watching,task:mostly_readable,2,6.43,1.1,5.333,7.524,0.467,0.0,0.533,75,183.5,7,14,0.953
symboldb,SymbolDB,watching,task:strikethrough,2,7.38,0.95,6.429,8.333,0.545,0.022,0.43,89,205.5,8,15,1.0
symboldb,SymbolDB,watching,task:middle_only,2,7.29,0.62,6.667,7.905,0.463,0.012,0.519,85,192.5,8,15,1.0
symboldb,SymbolDB,watching,task:above_only (template Slight Top),2,6.43,1.1,5.333,7.524,0.467,0.0,0.533,75,183.5,7,14,0.953
symboldb,SymbolDB,watching,task:below_only (template Slight Bottom),2,6.67,0.05,6.619,6.714,0.515,0.0,0.485,71,177.5,7,12,1.0
symboldb,SymbolDB,hello,"ctl:custom mode default (insanity 15, top+mid+bottom)",10,31.0,0.0,31.0,31.0,0.547,0.008,0.445,64,160,20,31,1.0
symboldb,SymbolDB,hello,ctl:custom insanity 0,5,0.0,0.0,0.0,0.0,0.0,0.0,0.0,0,5,0,0,0.0
symboldb,SymbolDB,hello,ctl:custom insanity 1,10,1.0,0.0,1.0,1.0,1.0,0.0,0.0,5,10,1,1,1.0
symboldb,SymbolDB,hello,ctl:custom insanity 50 (max),10,105.0,0.0,105.0,105.0,0.545,0.007,0.449,68,530,63,105,1.0
symboldb,SymbolDB,hello,ctl:custom top-only (insanity 15),10,15.0,0.0,15.0,15.0,1.0,0.0,0.0,31,80,15,15,1.0
symboldb,SymbolDB,hello,ctl:custom middle-only (insanity 15),10,9.0,0.0,9.0,9.0,0.116,0.0,0.884,22,50,3,9,1.0
symboldb,SymbolDB,hello,ctl:custom bottom-only (insanity 15),10,7.0,0.0,7.0,7.0,0.12,0.031,0.849,22,40,3,7,1.0
symboldb,SymbolDB,hello,ctl:custom top+bottom (insanity 15),10,22.0,0.0,22.0,22.0,0.722,0.011,0.267,52,115,20,22,1.0
symboldb,SymbolDB,watching,task:extreme (custom insanity 50 top mid bottom),2,105.0,0.0,105.0,105.0,0.537,0.008,0.455,68,2544,62,105,1.0
symboldb,SymbolDB,watching,task:dense_unreadable (custom insanity 50 top mid bottom),2,105.0,0.0,105.0,105.0,0.544,0.007,0.449,68,2544,62,105,1.0
symboldb,SymbolDB,watching,task:above_only (custom insanity 15 top),2,15.0,0.0,15.0,15.0,1.0,0.0,0.0,32,384,15,15,1.0
symboldb,SymbolDB,watching,task:below_only (custom insanity 15 bottom),2,7.0,0.0,7.0,7.0,0.11,0.036,0.854,29,192,2,7,1.0
symboldb,SymbolDB,watching,task:middle_only (custom insanity 15 mid),2,9.0,0.0,9.0,9.0,0.137,0.0,0.863,22,240,4,9,1.0
symboldb,SymbolDB,watching,task:tiny_stack (custom insanity 2 top),2,2.0,0.0,2.0,2.0,1.0,0.0,0.0,26,72,2,2,1.0
symboldb,SymbolDB,watching,task:roots_downward (custom insanity 30 bottom),2,15.0,0.0,15.0,15.0,0.096,0.044,0.86,29,384,5,15,1.0
symboldb,SymbolDB,watching,task:light (custom insanity 2 top mid bottom),2,4.0,0.0,4.0,4.0,0.557,0.01,0.432,51,120,3,4,1.0
symboldb,SymbolDB,watching,task:mostly_readable (custom insanity 1 top bottom),2,1.0,0.0,1.0,1.0,1.0,0.0,0.0,18,48,1,1,1.0
textavia-glitch,Textavia Glitch Text Converter,hello,default,20,1.52,0.25,1.2,2.0,1.0,0.0,0.0,9,12.6,2,2,1.0
textavia-glitch,Textavia Glitch Text Converter,hello,preset:Below Light,5,1.52,0.1,1.4,1.6,0.0,0.0,1.0,8,12.6,0,2,1.0
textavia-glitch,Textavia Glitch Text Converter,hello,preset:Electric,5,1.52,0.2,1.2,1.8,1.0,0.0,0.0,9,12.6,2,2,1.0
textavia-glitch,Textavia Glitch Text Converter,hello,preset:Flicker,5,0.6,0.0,0.6,0.6,1.0,0.0,0.0,3,8,1,1,0.6
textavia-glitch,Textavia Glitch Text Converter,hello,preset:Frozen,5,1.6,0.13,1.4,1.8,0.1,0.125,0.725,9,13,1,2,1.0
textavia-glitch,Textavia Glitch Text Converter,hello,preset:Mid Light,5,1.4,0.13,1.2,1.6,0.371,0.229,0.371,7,12,2,2,1.0
textavia-glitch,Textavia Glitch Text Converter,hello,preset:Mist,5,1.0,0.0,1.0,1.0,0.0,0.0,1.0,5,10,0,1,1.0
textavia-glitch,Textavia Glitch Text Converter,hello,preset:Soft Scratch,5,1.0,0.0,1.0,1.0,0.28,0.24,0.44,5,10,1,1,1.0
textavia-glitch,Textavia Glitch Text Converter,hello,preset:Static Light,5,1.0,0.0,1.0,1.0,0.32,0.04,0.6,5,10,1,1,1.0
textavia-glitch,Textavia Glitch Text Converter,hello,preset:Underwater,5,2.2,0.25,1.8,2.4,0.0,0.0,1.0,11,16,0,3,1.0
textavia-glitch,Textavia Glitch Text Converter,hello,preset:Weathered,5,1.32,0.1,1.2,1.4,0.697,0.121,0.182,7,11.6,2,2,1.0
textavia-glitch,Textavia Glitch Text Converter,hello,preset:Whisper,5,1.0,0.0,1.0,1.0,1.0,0.0,0.0,5,10,1,1,1.0
textavia-glitch,Textavia Glitch Text Converter,hello,preset:Cascade Down,5,3.0,0.0,3.0,3.0,0.493,0.04,0.467,15,20,3,3,1.0
textavia-glitch,Textavia Glitch Text Converter,hello,preset:Center Focus,5,2.68,0.45,2.2,3.4,0.567,0.06,0.358,15,18.4,7,8,1.0
textavia-glitch,Textavia Glitch Text Converter,hello,preset:Data Corrupt,5,2.48,0.48,1.8,3.0,0.565,0.097,0.29,12,17.4,3,4,1.0
textavia-glitch,Textavia Glitch Text Converter,hello,preset:Decay,5,4.0,0.7,2.8,4.6,0.43,0.12,0.4,21,25,4,12,1.0
textavia-glitch,Textavia Glitch Text Converter,hello,preset:Edges Only,5,4.44,1.44,3.0,7.0,0.423,0.036,0.505,27,27.2,5,10,0.8
textavia-glitch,Textavia Glitch Text Converter,hello,preset:Fragmented,5,1.2,0.54,0.2,1.8,0.467,0.067,0.467,9,11,3,3,0.52
textavia-glitch,Textavia Glitch Text Converter,hello,preset:Glitch Scan,5,2.84,0.9,1.4,3.8,0.535,0.07,0.366,17,19.2,6,8,1.0
textavia-glitch,Textavia Glitch Text Converter,hello,preset:Haunted,5,2.92,0.2,2.6,3.2,0.548,0.0,0.452,15,19.6,4,5,1.0
textavia-glitch,Textavia Glitch Text Converter,hello,preset:Heartbeat,5,2.12,0.47,1.6,2.8,0.623,0.075,0.283,13,15.6,6,10,1.0
textavia-glitch,Textavia Glitch Text Converter,hello,preset:Interference,5,2.08,0.48,1.4,2.8,0.5,0.0,0.5,14,15.4,2,3,1.0
textavia-glitch,Textavia Glitch Text Converter,hello,preset:Matrix Rain,5,3.32,0.41,2.8,4.0,0.0,0.0,1.0,14,21.6,0,5,1.0
textavia-glitch,Textavia Glitch Text Converter,hello,preset:Medium Static,5,2.4,0.52,2.0,3.4,0.5,0.05,0.417,17,17,4,4,1.0
textavia-glitch,Textavia Glitch Text Converter,hello,preset:Mid Heavy,5,3.48,0.45,2.6,3.8,0.391,0.207,0.299,15,22.4,3,6,1.0
textavia-glitch,Textavia Glitch Text Converter,hello,preset:Neon Flicker,5,1.56,0.2,1.2,1.8,0.615,0.051,0.308,9,12.8,3,3,1.0
textavia-glitch,Textavia Glitch Text Converter,hello,preset:Progressive,5,3.96,0.87,2.6,5.0,0.434,0.081,0.465,24,24.8,7,12,1.0
textavia-glitch,Textavia Glitch Text Converter,hello,preset:Pulse,5,2.52,0.3,2.2,3.0,0.508,0.063,0.381,14,17.6,3,6,1.0
textavia-glitch,Textavia Glitch Text Converter,hello,preset:Radioactive,5,2.52,0.5,1.6,3.0,0.46,0.111,0.429,15,17.6,3,4,1.0
textavia-glitch,Textavia Glitch Text Converter,hello,preset:Redacted,5,3.52,0.57,2.8,4.4,0.307,0.261,0.375,16,22.6,3,6,1.0
textavia-glitch,Textavia Glitch Text Converter,hello,preset:Scratched,5,2.24,0.46,1.6,2.8,0.375,0.25,0.304,12,16.2,2,4,1.0
textavia-glitch,Textavia Glitch Text Converter,hello,preset:Shimmer,5,1.8,0.22,1.4,2.0,1.0,0.0,0.0,10,14,3,3,1.0
textavia-glitch,Textavia Glitch Text Converter,hello,preset:Signal Loss,5,1.8,0.55,1.2,2.8,0.4,0.089,0.489,14,14,3,5,1.0
textavia-glitch,Textavia Glitch Text Converter,hello,preset:Spectral,5,2.64,0.5,1.8,3.2,0.864,0.106,0.015,14,18.2,4,4,1.0
textavia-glitch,Textavia Glitch Text Converter,hello,preset:Tremor,5,2.16,0.41,1.4,2.6,0.0,0.0,1.0,12,15.8,0,3,1.0
textavia-glitch,Textavia Glitch Text Converter,hello,preset:TV Static,5,1.64,0.56,1.0,2.4,1.0,0.0,0.0,9,13.2,5,5,1.0
textavia-glitch,Textavia Glitch Text Converter,hello,preset:Wave,5,2.92,0.41,2.2,3.4,0.521,0.041,0.397,16,19.6,5,8,1.0
textavia-glitch,Textavia Glitch Text Converter,hello,preset:Above Heavy,5,3.92,1.45,2.2,6.0,1.0,0.0,0.0,21,24.6,8,8,1.0
textavia-glitch,Textavia Glitch Text Converter,hello,preset:Below Heavy,5,3.2,0.69,2.4,4.2,0.0,0.0,1.0,16,21,0,8,1.0
textavia-glitch,Textavia Glitch Text Converter,hello,preset:Bleeding,5,3.52,0.9,2.4,4.6,0.091,0.034,0.852,19,22.6,2,7,1.0
textavia-glitch,Textavia Glitch Text Converter,hello,preset:Burning,5,5.24,1.15,3.6,6.6,1.0,0.0,0.0,25,31.2,10,10,1.0
textavia-glitch,Textavia Glitch Text Converter,hello,preset:Corrupted,5,4.36,1.49,1.8,6.4,0.734,0.138,0.073,23,26.8,6,7,1.0
textavia-glitch,Textavia Glitch Text Converter,hello,preset:Cursed,5,3.8,0.63,2.8,4.6,0.505,0.053,0.389,20,24,6,8,1.0
textavia-glitch,Textavia Glitch Text Converter,hello,preset:Demon Text,5,5.8,1.29,3.6,7.2,0.448,0.062,0.462,29,34,7,12,1.0
textavia-glitch,Textavia Glitch Text Converter,hello,preset:Heavy Mixed,5,4.48,1.15,2.4,5.6,0.473,0.071,0.402,26,27.4,5,8,1.0
textavia-glitch,Textavia Glitch Text Converter,hello,preset:Insane,5,7.04,1.56,4.4,9.0,0.517,0.091,0.364,40,40.2,8,15,1.0
textavia-glitch,Textavia Glitch Text Converter,hello,preset:Maximum,5,12.8,1.99,9.2,15.0,0.475,0.069,0.428,55,69,14,24,1.0
textavia-glitch,Textavia Glitch Text Converter,hello,preset:Melting,5,6.0,0.42,5.4,6.4,0.0,0.0,1.0,24,35,0,10,1.0
textavia-glitch,Textavia Glitch Text Converter,hello,preset:Overload,5,5.76,1.26,3.6,7.2,0.507,0.062,0.382,30,33.8,7,10,1.0
textavia-glitch,Textavia Glitch Text Converter,hello,preset:Poltergeist,5,3.88,0.71,2.6,4.4,0.454,0.124,0.412,21,24.4,5,8,1.0
textavia-glitch,Textavia Glitch Text Converter,hello,preset:Possessed,5,11.12,2.84,7.2,15.0,0.486,0.011,0.489,54,60.6,11,17,1.0
textavia-glitch,Textavia Glitch Text Converter,hello,preset:Random Scatter,5,3.0,1.01,1.8,4.8,0.56,0.027,0.387,23,20,5,8,1.0
textavia-glitch,Textavia Glitch Text Converter,hello,preset:Shattered,5,7.76,1.51,5.4,9.8,0.495,0.036,0.433,38,43.8,11,20,0.64
textavia-glitch,Textavia Glitch Text Converter,hello,preset:Submerged,5,4.04,0.27,3.6,4.4,0.238,0.129,0.574,19,25.2,3,8,1.0
textavia-glitch,Textavia Glitch Text Converter,hello,preset:Void,5,11.88,1.45,10.2,14.4,0.192,0.061,0.717,51,64.4,6,19,1.0
textavia-glitch,Textavia Glitch Text Converter,he_comes,default,3,1.48,0.13,1.286,1.571,1.0,0.0,0.0,10,18.3,2,2,1.0
textavia-glitch,Textavia Glitch Text Converter,he_comes,preset:Below Light,1,1.29,0.0,1.286,1.286,0.0,0.0,1.0,7,17,0,2,1.0
textavia-glitch,Textavia Glitch Text Converter,he_comes,preset:Electric,1,1.29,0.0,1.286,1.286,1.0,0.0,0.0,7,17,2,2,1.0
textavia-glitch,Textavia Glitch Text Converter,he_comes,preset:Flicker,1,0.57,0.0,0.571,0.571,1.0,0.0,0.0,4,12,1,1,0.571
textavia-glitch,Textavia Glitch Text Converter,he_comes,preset:Frozen,1,1.43,0.0,1.429,1.429,0.1,0.2,0.7,9,18,1,2,1.0
textavia-glitch,Textavia Glitch Text Converter,he_comes,preset:Mid Light,1,1.43,0.0,1.429,1.429,0.5,0.3,0.1,8,18,1,2,1.0
textavia-glitch,Textavia Glitch Text Converter,he_comes,preset:Mist,1,1.0,0.0,1.0,1.0,0.0,0.0,1.0,6,15,0,1,1.0
textavia-glitch,Textavia Glitch Text Converter,he_comes,preset:Soft Scratch,1,1.0,0.0,1.0,1.0,0.286,0.286,0.286,7,15,1,1,1.0
textavia-glitch,Textavia Glitch Text Converter,he_comes,preset:Static Light,1,1.0,0.0,1.0,1.0,0.286,0.0,0.714,7,15,1,1,1.0
textavia-glitch,Textavia Glitch Text Converter,he_comes,preset:Underwater,1,2.0,0.0,2.0,2.0,0.0,0.0,1.0,13,22,0,3,1.0
textavia-glitch,Textavia Glitch Text Converter,he_comes,preset:Weathered,1,1.43,0.0,1.429,1.429,0.7,0.0,0.1,8,18,2,2,1.0
textavia-glitch,Textavia Glitch Text Converter,he_comes,preset:Whisper,1,1.0,0.0,1.0,1.0,1.0,0.0,0.0,7,15,1,1,1.0
textavia-glitch,Textavia Glitch Text Converter,he_comes,preset:Cascade Down,1,3.0,0.0,3.0,3.0,0.286,0.048,0.619,17,29,3,3,1.0
textavia-glitch,Textavia Glitch Text Converter,he_comes,preset:Center Focus,1,2.14,0.0,2.143,2.143,0.467,0.133,0.333,14,23,2,5,1.0
textavia-glitch,Textavia Glitch Text Converter,he_comes,preset:Data Corrupt,1,2.57,0.0,2.571,2.571,0.333,0.333,0.111,11,26,3,4,1.0
textavia-glitch,Textavia Glitch Text Converter,he_comes,preset:Decay,1,2.86,0.0,2.857,2.857,0.55,0.0,0.45,18,28,5,7,1.0
textavia-glitch,Textavia Glitch Text Converter,he_comes,preset:Edges Only,1,4.43,0.0,4.429,4.429,0.581,0.065,0.355,28,39,6,10,0.571
textavia-glitch,Textavia Glitch Text Converter,he_comes,preset:Fragmented,1,1.14,0.0,1.143,1.143,0.625,0.0,0.375,7,16,2,3,0.571
textavia-glitch,Textavia Glitch Text Converter,he_comes,preset:Glitch Scan,1,2.86,0.0,2.857,2.857,0.45,0.15,0.35,19,28,6,7,1.0
textavia-glitch,Textavia Glitch Text Converter,he_comes,preset:Haunted,1,3.29,0.0,3.286,3.286,0.565,0.0,0.435,19,31,3,5,1.0
textavia-glitch,Textavia Glitch Text Converter,he_comes,preset:Heartbeat,1,2.14,0.0,2.143,2.143,0.4,0.0,0.533,15,23,4,9,1.0
textavia-glitch,Textavia Glitch Text Converter,he_comes,preset:Interference,1,2.14,0.0,2.143,2.143,0.4,0.0,0.6,14,23,2,3,1.0
textavia-glitch,Textavia Glitch Text Converter,he_comes,preset:Matrix Rain,1,3.57,0.0,3.571,3.571,0.0,0.0,1.0,19,33,0,5,1.0
textavia-glitch,Textavia Glitch Text Converter,he_comes,preset:Medium Static,1,2.71,0.0,2.714,2.714,0.211,0.0,0.737,17,27,2,4,1.0
textavia-glitch,Textavia Glitch Text Converter,he_comes,preset:Mid Heavy,1,3.29,0.0,3.286,3.286,0.435,0.261,0.217,17,31,3,6,1.0
textavia-glitch,Textavia Glitch Text Converter,he_comes,preset:Neon Flicker,1,1.0,0.0,1.0,1.0,0.571,0.0,0.429,7,15,1,1,1.0
textavia-glitch,Textavia Glitch Text Converter,he_comes,preset:Progressive,1,4.14,0.0,4.143,4.143,0.448,0.138,0.345,28,37,3,10,1.0
textavia-glitch,Textavia Glitch Text Converter,he_comes,preset:Pulse,1,3.0,0.0,3.0,3.0,0.429,0.0,0.524,21,29,3,6,1.0
textavia-glitch,Textavia Glitch Text Converter,he_comes,preset:Radioactive,1,2.71,0.0,2.714,2.714,0.684,0.053,0.263,19,27,3,4,1.0
textavia-glitch,Textavia Glitch Text Converter,he_comes,preset:Redacted,1,3.71,0.0,3.714,3.714,0.385,0.346,0.192,17,34,5,6,1.0
textavia-glitch,Textavia Glitch Text Converter,he_comes,preset:Scratched,1,2.43,0.0,2.429,2.429,0.294,0.0,0.706,11,25,2,3,1.0
textavia-glitch,Textavia Glitch Text Converter,he_comes,preset:Shimmer,1,2.14,0.0,2.143,2.143,1.0,0.0,0.0,13,23,3,3,1.0
textavia-glitch,Textavia Glitch Text Converter,he_comes,preset:Signal Loss,1,2.71,0.0,2.714,2.714,0.368,0.158,0.474,16,27,2,4,1.0
textavia-glitch,Textavia Glitch Text Converter,he_comes,preset:Spectral,1,2.29,0.0,2.286,2.286,0.812,0.062,0.125,13,24,3,4,1.0
textavia-glitch,Textavia Glitch Text Converter,he_comes,preset:Tremor,1,2.0,0.0,2.0,2.0,0.0,0.0,1.0,14,22,0,3,1.0
textavia-glitch,Textavia Glitch Text Converter,he_comes,preset:TV Static,1,2.43,0.0,2.429,2.429,1.0,0.0,0.0,16,25,4,4,1.0
textavia-glitch,Textavia Glitch Text Converter,he_comes,preset:Wave,1,3.14,0.0,3.143,3.143,0.5,0.0,0.455,20,30,4,7,1.0
textavia-glitch,Textavia Glitch Text Converter,he_comes,preset:Above Heavy,1,4.86,0.0,4.857,4.857,1.0,0.0,0.0,22,42,8,8,1.0
textavia-glitch,Textavia Glitch Text Converter,he_comes,preset:Below Heavy,1,4.71,0.0,4.714,4.714,0.0,0.0,1.0,27,41,0,8,1.0
textavia-glitch,Textavia Glitch Text Converter,he_comes,preset:Bleeding,1,3.71,0.0,3.714,3.714,0.192,0.0,0.769,21,34,2,7,1.0
textavia-glitch,Textavia Glitch Text Converter,he_comes,preset:Burning,1,4.71,0.0,4.714,4.714,1.0,0.0,0.0,24,41,8,8,1.0
textavia-glitch,Textavia Glitch Text Converter,he_comes,preset:Corrupted,1,5.0,0.0,5.0,5.0,0.829,0.086,0.057,26,43,7,7,1.0
textavia-glitch,Textavia Glitch Text Converter,he_comes,preset:Cursed,1,5.14,0.0,5.143,5.143,0.417,0.028,0.5,31,44,5,7,1.0
textavia-glitch,Textavia Glitch Text Converter,he_comes,preset:Demon Text,1,8.71,0.0,8.714,8.714,0.361,0.066,0.557,45,69,5,12,1.0
textavia-glitch,Textavia Glitch Text Converter,he_comes,preset:Heavy Mixed,1,4.29,0.0,4.286,4.286,0.5,0.133,0.333,25,38,5,7,1.0
textavia-glitch,Textavia Glitch Text Converter,he_comes,preset:Insane,1,6.57,0.0,6.571,6.571,0.5,0.087,0.413,36,54,4,11,1.0
textavia-glitch,Textavia Glitch Text Converter,he_comes,preset:Maximum,1,16.14,0.0,16.143,16.143,0.487,0.062,0.381,67,121,11,23,1.0
textavia-glitch,Textavia Glitch Text Converter,he_comes,preset:Melting,1,4.86,0.0,4.857,4.857,0.0,0.0,1.0,22,42,0,10,1.0
textavia-glitch,Textavia Glitch Text Converter,he_comes,preset:Overload,1,6.43,0.0,6.429,6.429,0.622,0.067,0.289,36,53,6,10,1.0
textavia-glitch,Textavia Glitch Text Converter,he_comes,preset:Poltergeist,1,2.71,0.0,2.714,2.714,0.316,0.053,0.632,18,27,3,6,1.0
textavia-glitch,Textavia Glitch Text Converter,he_comes,preset:Possessed,1,9.71,0.0,9.714,9.714,0.471,0.029,0.485,54,76,10,16,1.0
textavia-glitch,Textavia Glitch Text Converter,he_comes,preset:Random Scatter,1,2.71,0.0,2.714,2.714,0.474,0.0,0.526,17,27,4,7,1.0
textavia-glitch,Textavia Glitch Text Converter,he_comes,preset:Shattered,1,8.57,0.0,8.571,8.571,0.533,0.067,0.333,46,68,9,19,0.857
textavia-glitch,Textavia Glitch Text Converter,he_comes,preset:Submerged,1,4.29,0.0,4.286,4.286,0.233,0.067,0.633,25,38,2,8,1.0
textavia-glitch,Textavia Glitch Text Converter,he_comes,preset:Void,1,10.86,0.0,10.857,10.857,0.211,0.079,0.684,52,84,6,18,1.0
textavia-glitch,Textavia Glitch Text Converter,watching,default,3,1.49,0.11,1.333,1.571,1.0,0.0,0.0,24,55.3,2,2,1.0
textavia-glitch,Textavia Glitch Text Converter,watching,preset:Below Light,1,1.52,0.0,1.524,1.524,0.0,0.0,1.0,22,56,0,2,1.0
textavia-glitch,Textavia Glitch Text Converter,watching,preset:Electric,1,1.62,0.0,1.619,1.619,1.0,0.0,0.0,25,58,2,2,1.0
textavia-glitch,Textavia Glitch Text Converter,watching,preset:Flicker,1,0.52,0.0,0.524,0.524,1.0,0.0,0.0,11,35,1,1,0.524
textavia-glitch,Textavia Glitch Text Converter,watching,preset:Frozen,1,1.67,0.0,1.667,1.667,0.314,0.029,0.629,27,59,2,2,1.0
textavia-glitch,Textavia Glitch Text Converter,watching,preset:Mid Light,1,1.62,0.0,1.619,1.619,0.382,0.265,0.235,19,58,2,2,1.0
textavia-glitch,Textavia Glitch Text Converter,watching,preset:Mist,1,1.0,0.0,1.0,1.0,0.0,0.0,1.0,20,45,0,1,1.0
textavia-glitch,Textavia Glitch Text Converter,watching,preset:Soft Scratch,1,1.0,0.0,1.0,1.0,0.286,0.143,0.571,15,45,1,1,1.0
textavia-glitch,Textavia Glitch Text Converter,watching,preset:Static Light,1,1.0,0.0,1.0,1.0,0.524,0.048,0.333,21,45,1,1,1.0
textavia-glitch,Textavia Glitch Text Converter,watching,preset:Underwater,1,2.14,0.0,2.143,2.143,0.0,0.0,1.0,29,69,0,3,1.0
textavia-glitch,Textavia Glitch Text Converter,watching,preset:Weathered,1,1.52,0.0,1.524,1.524,0.594,0.125,0.188,25,56,2,2,1.0
textavia-glitch,Textavia Glitch Text Converter,watching,preset:Whisper,1,1.0,0.0,1.0,1.0,1.0,0.0,0.0,18,45,1,1,1.0
textavia-glitch,Textavia Glitch Text Converter,watching,preset:Cascade Down,4,3.0,0.0,3.0,3.0,0.452,0.075,0.444,51,87,3,3,1.0
textavia-glitch,Textavia Glitch Text Converter,watching,preset:Center Focus,1,3.29,0.0,3.286,3.286,0.391,0.13,0.406,49,93,5,10,1.0
textavia-glitch,Textavia Glitch Text Converter,watching,preset:Data Corrupt,1,2.62,0.0,2.619,2.619,0.618,0.091,0.218,29,79,4,4,1.0
textavia-glitch,Textavia Glitch Text Converter,watching,preset:Decay,1,3.43,0.0,3.429,3.429,0.444,0.069,0.444,50,96,6,9,1.0
textavia-glitch,Textavia Glitch Text Converter,watching,preset:Edges Only,1,1.48,0.0,1.476,1.476,0.29,0.194,0.484,27,55,4,10,0.19
textavia-glitch,Textavia Glitch Text Converter,watching,preset:Fragmented,1,0.95,0.0,0.952,0.952,0.55,0.0,0.45,17,44,3,3,0.476
textavia-glitch,Textavia Glitch Text Converter,watching,preset:Glitch Scan,1,2.81,0.0,2.81,2.81,0.593,0.017,0.373,42,83,5,6,1.0
textavia-glitch,Textavia Glitch Text Converter,watching,preset:Haunted,1,3.19,0.0,3.19,3.19,0.463,0.0,0.537,46,91,3,5,1.0
textavia-glitch,Textavia Glitch Text Converter,watching,preset:Heartbeat,1,2.24,0.0,2.238,2.238,0.447,0.085,0.426,37,71,4,9,1.0
textavia-glitch,Textavia Glitch Text Converter,watching,preset:Interference,1,2.14,0.0,2.143,2.143,0.644,0.0,0.356,32,69,3,3,1.0
textavia-glitch,Textavia Glitch Text Converter,watching,preset:Matrix Rain,1,2.81,0.0,2.81,2.81,0.0,0.0,1.0,32,83,0,5,1.0
textavia-glitch,Textavia Glitch Text Converter,watching,preset:Medium Static,1,2.19,0.0,2.19,2.19,0.5,0.109,0.391,36,70,3,4,1.0
textavia-glitch,Textavia Glitch Text Converter,watching,preset:Mid Heavy,1,3.86,0.0,3.857,3.857,0.457,0.16,0.296,23,105,5,6,1.0
textavia-glitch,Textavia Glitch Text Converter,watching,preset:Neon Flicker,1,1.62,0.0,1.619,1.619,0.441,0.029,0.5,30,58,3,3,1.0
textavia-glitch,Textavia Glitch Text Converter,watching,preset:Progressive,1,3.43,0.0,3.429,3.429,0.417,0.056,0.486,55,96,5,10,1.0
textavia-glitch,Textavia Glitch Text Converter,watching,preset:Pulse,1,2.1,0.0,2.095,2.095,0.409,0.091,0.455,34,68,2,6,1.0
textavia-glitch,Textavia Glitch Text Converter,watching,preset:Radioactive,1,2.43,0.0,2.429,2.429,0.569,0.098,0.294,41,75,3,4,1.0
textavia-glitch,Textavia Glitch Text Converter,watching,preset:Redacted,1,3.57,0.0,3.571,3.571,0.373,0.227,0.333,22,99,3,6,1.0
textavia-glitch,Textavia Glitch Text Converter,watching,preset:Scratched,1,2.29,0.0,2.286,2.286,0.333,0.271,0.333,20,72,2,4,1.0
textavia-glitch,Textavia Glitch Text Converter,watching,preset:Shimmer,1,1.91,0.0,1.905,1.905,1.0,0.0,0.0,27,64,3,3,1.0
textavia-glitch,Textavia Glitch Text Converter,watching,preset:Signal Loss,1,2.33,0.0,2.333,2.333,0.408,0.0,0.571,36,73,2,4,1.0
textavia-glitch,Textavia Glitch Text Converter,watching,preset:Spectral,1,2.43,0.0,2.429,2.429,0.824,0.098,0.078,34,75,3,4,1.0
textavia-glitch,Textavia Glitch Text Converter,watching,preset:Tremor,1,1.95,0.0,1.952,1.952,0.0,0.0,1.0,29,65,0,3,1.0
textavia-glitch,Textavia Glitch Text Converter,watching,preset:TV Static,1,1.95,0.0,1.952,1.952,1.0,0.0,0.0,29,65,5,5,1.0
textavia-glitch,Textavia Glitch Text Converter,watching,preset:Wave,1,3.24,0.0,3.238,3.238,0.397,0.074,0.515,49,92,4,7,1.0
textavia-glitch,Textavia Glitch Text Converter,watching,preset:Above Heavy,1,4.91,0.0,4.905,4.905,1.0,0.0,0.0,39,127,8,8,1.0
textavia-glitch,Textavia Glitch Text Converter,watching,preset:Below Heavy,1,4.43,0.0,4.429,4.429,0.0,0.0,1.0,36,117,0,8,1.0
textavia-glitch,Textavia Glitch Text Converter,watching,preset:Bleeding,1,3.95,0.0,3.952,3.952,0.084,0.072,0.807,45,107,2,7,1.0
textavia-glitch,Textavia Glitch Text Converter,watching,preset:Burning,1,5.29,0.0,5.286,5.286,1.0,0.0,0.0,44,135,9,9,1.0
textavia-glitch,Textavia Glitch Text Converter,watching,preset:Corrupted,1,3.57,0.0,3.571,3.571,0.707,0.107,0.147,46,99,6,7,1.0
textavia-glitch,Textavia Glitch Text Converter,watching,preset:Cursed,1,5.09,0.0,5.095,5.095,0.421,0.103,0.458,64,131,6,8,1.0
textavia-glitch,Textavia Glitch Text Converter,watching,preset:Demon Text,1,5.67,0.0,5.667,5.667,0.454,0.084,0.445,72,143,6,12,1.0
textavia-glitch,Textavia Glitch Text Converter,watching,preset:Heavy Mixed,1,3.9,0.0,3.905,3.905,0.451,0.049,0.5,51,106,6,8,1.0
textavia-glitch,Textavia Glitch Text Converter,watching,preset:Insane,1,8.48,0.0,8.476,8.476,0.427,0.056,0.5,80,202,8,15,1.0
textavia-glitch,Textavia Glitch Text Converter,watching,preset:Maximum,1,13.24,0.0,13.238,13.238,0.464,0.05,0.478,101,302,10,24,1.0
textavia-glitch,Textavia Glitch Text Converter,watching,preset:Melting,1,5.29,0.0,5.286,5.286,0.0,0.0,1.0,37,135,0,10,1.0
textavia-glitch,Textavia Glitch Text Converter,watching,preset:Overload,1,5.09,0.0,5.095,5.095,0.402,0.065,0.477,69,131,5,10,1.0
textavia-glitch,Textavia Glitch Text Converter,watching,preset:Poltergeist,1,3.33,0.0,3.333,3.333,0.429,0.043,0.443,49,94,4,7,1.0
textavia-glitch,Textavia Glitch Text Converter,watching,preset:Possessed,1,6.09,0.0,6.095,6.095,0.477,0.0,0.516,73,152,8,16,1.0
textavia-glitch,Textavia Glitch Text Converter,watching,preset:Random Scatter,1,2.62,0.0,2.619,2.619,0.473,0.109,0.4,43,79,6,9,1.0
textavia-glitch,Textavia Glitch Text Converter,watching,preset:Shattered,1,7.05,0.0,7.048,7.048,0.419,0.088,0.466,82,172,10,18,0.619
textavia-glitch,Textavia Glitch Text Converter,watching,preset:Submerged,1,3.62,0.0,3.619,3.619,0.171,0.118,0.632,41,100,3,8,1.0
textavia-glitch,Textavia Glitch Text Converter,watching,preset:Void,1,9.9,0.0,9.905,9.905,0.192,0.053,0.75,77,232,5,20,1.0
textavia-glitch,Textavia Glitch Text Converter,digits,default,3,1.67,0.27,1.333,2.0,1.0,0.0,0.0,10,16,2,2,1.0
textavia-glitch,Textavia Glitch Text Converter,digits,preset:Below Light,1,1.67,0.0,1.667,1.667,0.0,0.0,1.0,10,16,0,2,1.0
textavia-glitch,Textavia Glitch Text Converter,digits,preset:Electric,1,1.67,0.0,1.667,1.667,1.0,0.0,0.0,10,16,2,2,1.0
textavia-glitch,Textavia Glitch Text Converter,digits,preset:Flicker,1,0.5,0.0,0.5,0.5,1.0,0.0,0.0,3,9,1,1,0.5
textavia-glitch,Textavia Glitch Text Converter,digits,preset:Frozen,1,1.33,0.0,1.333,1.333,0.125,0.25,0.625,8,14,1,2,1.0
textavia-glitch,Textavia Glitch Text Converter,digits,preset:Mid Light,1,1.17,0.0,1.167,1.167,0.571,0.286,0.143,7,13,1,2,1.0
textavia-glitch,Textavia Glitch Text Converter,digits,preset:Mist,1,1.0,0.0,1.0,1.0,0.0,0.0,1.0,5,12,0,1,1.0
textavia-glitch,Textavia Glitch Text Converter,digits,preset:Soft Scratch,1,1.0,0.0,1.0,1.0,0.333,0.0,0.5,6,12,1,1,1.0
textavia-glitch,Textavia Glitch Text Converter,digits,preset:Static Light,1,1.0,0.0,1.0,1.0,0.5,0.333,0.167,6,12,1,1,1.0
textavia-glitch,Textavia Glitch Text Converter,digits,preset:Underwater,1,1.5,0.0,1.5,1.5,0.0,0.0,1.0,9,15,0,3,1.0
textavia-glitch,Textavia Glitch Text Converter,digits,preset:Weathered,1,1.33,0.0,1.333,1.333,0.625,0.25,0.125,8,14,2,2,1.0
textavia-glitch,Textavia Glitch Text Converter,digits,preset:Whisper,1,1.0,0.0,1.0,1.0,1.0,0.0,0.0,6,12,1,1,1.0
textavia-glitch,Textavia Glitch Text Converter,digits,preset:Cascade Down,1,3.0,0.0,3.0,3.0,0.389,0.111,0.5,16,24,3,3,1.0
textavia-glitch,Textavia Glitch Text Converter,digits,preset:Center Focus,1,2.33,0.0,2.333,2.333,0.5,0.071,0.429,14,20,4,5,1.0
textavia-glitch,Textavia Glitch Text Converter,digits,preset:Data Corrupt,1,1.67,0.0,1.667,1.667,0.4,0.4,0.1,9,16,3,3,1.0
textavia-glitch,Textavia Glitch Text Converter,digits,preset:Decay,1,3.5,0.0,3.5,3.5,0.667,0.095,0.19,18,27,10,12,1.0
textavia-glitch,Textavia Glitch Text Converter,digits,preset:Edges Only,1,3.5,0.0,3.5,3.5,0.524,0.095,0.381,21,27,5,9,0.667
textavia-glitch,Textavia Glitch Text Converter,digits,preset:Fragmented,1,1.83,0.0,1.833,1.833,0.455,0.0,0.273,10,17,2,3,0.833
textavia-glitch,Textavia Glitch Text Converter,digits,preset:Glitch Scan,1,2.67,0.0,2.667,2.667,0.375,0.125,0.5,16,22,3,5,1.0
textavia-glitch,Textavia Glitch Text Converter,digits,preset:Haunted,1,2.0,0.0,2.0,2.0,0.417,0.0,0.583,11,18,2,3,1.0
textavia-glitch,Textavia Glitch Text Converter,digits,preset:Heartbeat,1,1.67,0.0,1.667,1.667,0.5,0.0,0.5,9,16,1,5,1.0
textavia-glitch,Textavia Glitch Text Converter,digits,preset:Interference,1,1.5,0.0,1.5,1.5,0.667,0.0,0.333,9,15,3,3,1.0
textavia-glitch,Textavia Glitch Text Converter,digits,preset:Matrix Rain,1,2.83,0.0,2.833,2.833,0.0,0.0,1.0,14,23,0,5,1.0
textavia-glitch,Textavia Glitch Text Converter,digits,preset:Medium Static,1,2.83,0.0,2.833,2.833,0.353,0.118,0.529,15,23,2,4,1.0
textavia-glitch,Textavia Glitch Text Converter,digits,preset:Mid Heavy,1,1.83,0.0,1.833,1.833,0.455,0.273,0.273,8,17,3,4,1.0
textavia-glitch,Textavia Glitch Text Converter,digits,preset:Neon Flicker,1,1.5,0.0,1.5,1.5,0.111,0.222,0.667,8,15,1,3,1.0
textavia-glitch,Textavia Glitch Text Converter,digits,preset:Progressive,1,4.0,0.0,4.0,4.0,0.583,0.083,0.292,21,30,7,12,1.0
textavia-glitch,Textavia Glitch Text Converter,digits,preset:Pulse,1,1.33,0.0,1.333,1.333,0.375,0.125,0.5,8,14,1,2,1.0
textavia-glitch,Textavia Glitch Text Converter,digits,preset:Radioactive,1,1.83,0.0,1.833,1.833,0.364,0.0,0.636,9,17,2,4,1.0
textavia-glitch,Textavia Glitch Text Converter,digits,preset:Redacted,1,3.17,0.0,3.167,3.167,0.579,0.158,0.211,12,25,3,6,1.0
textavia-glitch,Textavia Glitch Text Converter,digits,preset:Scratched,1,2.5,0.0,2.5,2.5,0.533,0.133,0.2,12,21,3,3,1.0
textavia-glitch,Textavia Glitch Text Converter,digits,preset:Shimmer,1,2.0,0.0,2.0,2.0,1.0,0.0,0.0,11,18,3,3,1.0
textavia-glitch,Textavia Glitch Text Converter,digits,preset:Signal Loss,1,2.17,0.0,2.167,2.167,0.538,0.0,0.462,13,19,2,5,1.0
textavia-glitch,Textavia Glitch Text Converter,digits,preset:Spectral,1,2.0,0.0,2.0,2.0,0.75,0.083,0.167,11,18,2,3,1.0
textavia-glitch,Textavia Glitch Text Converter,digits,preset:Tremor,1,2.17,0.0,2.167,2.167,0.0,0.0,1.0,12,19,0,3,1.0
textavia-glitch,Textavia Glitch Text Converter,digits,preset:TV Static,1,2.5,0.0,2.5,2.5,1.0,0.0,0.0,13,21,5,5,1.0
textavia-glitch,Textavia Glitch Text Converter,digits,preset:Wave,1,2.17,0.0,2.167,2.167,0.462,0.077,0.462,13,19,3,5,1.0
textavia-glitch,Textavia Glitch Text Converter,digits,preset:Above Heavy,1,5.33,0.0,5.333,5.333,1.0,0.0,0.0,22,38,8,8,1.0
textavia-glitch,Textavia Glitch Text Converter,digits,preset:Below Heavy,1,5.17,0.0,5.167,5.167,0.0,0.0,1.0,22,37,0,8,1.0
textavia-glitch,Textavia Glitch Text Converter,digits,preset:Bleeding,1,4.33,0.0,4.333,4.333,0.077,0.0,0.923,20,32,1,7,1.0
textavia-glitch,Textavia Glitch Text Converter,digits,preset:Burning,1,4.67,0.0,4.667,4.667,1.0,0.0,0.0,19,34,7,7,1.0
textavia-glitch,Textavia Glitch Text Converter,digits,preset:Corrupted,1,4.5,0.0,4.5,4.5,0.667,0.259,0.074,21,33,5,7,1.0
textavia-glitch,Textavia Glitch Text Converter,digits,preset:Cursed,1,3.33,0.0,3.333,3.333,0.6,0.1,0.3,19,26,4,6,1.0
textavia-glitch,Textavia Glitch Text Converter,digits,preset:Demon Text,1,3.67,0.0,3.667,3.667,0.5,0.045,0.318,17,28,3,8,1.0
textavia-glitch,Textavia Glitch Text Converter,digits,preset:Heavy Mixed,1,3.83,0.0,3.833,3.833,0.522,0.087,0.348,23,29,3,6,1.0
textavia-glitch,Textavia Glitch Text Converter,digits,preset:Insane,1,6.83,0.0,6.833,6.833,0.439,0.098,0.439,32,47,6,11,1.0
textavia-glitch,Textavia Glitch Text Converter,digits,preset:Maximum,1,13.83,0.0,13.833,13.833,0.446,0.084,0.458,57,89,12,20,1.0
textavia-glitch,Textavia Glitch Text Converter,digits,preset:Melting,1,5.83,0.0,5.833,5.833,0.0,0.0,1.0,24,41,0,10,1.0
textavia-glitch,Textavia Glitch Text Converter,digits,preset:Overload,1,5.83,0.0,5.833,5.833,0.286,0.057,0.629,29,41,3,10,1.0
textavia-glitch,Textavia Glitch Text Converter,digits,preset:Poltergeist,1,2.83,0.0,2.833,2.833,0.353,0.0,0.588,15,23,2,5,1.0
textavia-glitch,Textavia Glitch Text Converter,digits,preset:Possessed,1,8.67,0.0,8.667,8.667,0.481,0.019,0.481,38,58,11,18,1.0
textavia-glitch,Textavia Glitch Text Converter,digits,preset:Random Scatter,1,4.33,0.0,4.333,4.333,0.423,0.077,0.5,25,32,6,9,1.0
textavia-glitch,Textavia Glitch Text Converter,digits,preset:Shattered,1,3.17,0.0,3.167,3.167,0.316,0.105,0.579,19,25,2,7,0.667
textavia-glitch,Textavia Glitch Text Converter,digits,preset:Submerged,1,3.83,0.0,3.833,3.833,0.174,0.043,0.696,20,29,3,7,1.0
textavia-glitch,Textavia Glitch Text Converter,digits,preset:Void,1,13.5,0.0,13.5,13.5,0.247,0.012,0.741,53,87,5,20,1.0
textavia-glitch,Textavia Glitch Text Converter,accents,default,3,1.43,0.05,1.4,1.5,1.0,0.0,0.0,12,26.3,2,2,1.0
textavia-glitch,Textavia Glitch Text Converter,accents,preset:Below Light,1,1.4,0.0,1.4,1.4,0.0,0.0,1.0,12,26,0,2,1.0
textavia-glitch,Textavia Glitch Text Converter,accents,preset:Electric,1,1.6,0.0,1.6,1.6,1.0,0.0,0.0,14,28,2,2,1.0
textavia-glitch,Textavia Glitch Text Converter,accents,preset:Flicker,1,0.5,0.0,0.5,0.5,1.0,0.0,0.0,4,17,1,1,0.5
textavia-glitch,Textavia Glitch Text Converter,accents,preset:Frozen,1,1.5,0.0,1.5,1.5,0.0,0.133,0.8,14,27,0,2,1.0
textavia-glitch,Textavia Glitch Text Converter,accents,preset:Mid Light,1,1.7,0.0,1.7,1.7,0.471,0.176,0.235,15,29,2,2,1.0
textavia-glitch,Textavia Glitch Text Converter,accents,preset:Mist,1,1.0,0.0,1.0,1.0,0.0,0.0,1.0,9,22,0,1,1.0
textavia-glitch,Textavia Glitch Text Converter,accents,preset:Soft Scratch,1,1.0,0.0,1.0,1.0,0.4,0.2,0.3,8,22,1,1,1.0
textavia-glitch,Textavia Glitch Text Converter,accents,preset:Static Light,1,1.0,0.0,1.0,1.0,0.6,0.1,0.3,10,22,1,1,1.0
textavia-glitch,Textavia Glitch Text Converter,accents,preset:Underwater,1,1.8,0.0,1.8,1.8,0.0,0.0,1.0,14,30,0,3,1.0
textavia-glitch,Textavia Glitch Text Converter,accents,preset:Weathered,1,1.4,0.0,1.4,1.4,0.571,0.214,0.143,12,26,2,2,1.0
textavia-glitch,Textavia Glitch Text Converter,accents,preset:Whisper,1,1.0,0.0,1.0,1.0,1.0,0.0,0.0,10,22,1,1,1.0
textavia-glitch,Textavia Glitch Text Converter,accents,preset:Cascade Down,1,3.0,0.0,3.0,3.0,0.433,0.033,0.5,29,42,3,3,1.0
textavia-glitch,Textavia Glitch Text Converter,accents,preset:Center Focus,1,3.5,0.0,3.5,3.5,0.314,0.086,0.6,29,47,2,9,1.0
textavia-glitch,Textavia Glitch Text Converter,accents,preset:Data Corrupt,1,2.3,0.0,2.3,2.3,0.522,0.13,0.13,17,35,2,4,1.0
textavia-glitch,Textavia Glitch Text Converter,accents,preset:Decay,1,5.2,0.0,5.2,5.2,0.462,0.077,0.423,39,64,6,11,1.0
textavia-glitch,Textavia Glitch Text Converter,accents,preset:Edges Only,1,2.4,0.0,2.4,2.4,0.417,0.125,0.417,21,36,4,10,0.4
textavia-glitch,Textavia Glitch Text Converter,accents,preset:Fragmented,1,1.7,0.0,1.7,1.7,0.647,0.118,0.235,17,29,2,3,0.7
textavia-glitch,Textavia Glitch Text Converter,accents,preset:Glitch Scan,1,3.2,0.0,3.2,3.2,0.562,0.062,0.375,28,44,4,6,1.0
textavia-glitch,Textavia Glitch Text Converter,accents,preset:Haunted,1,3.2,0.0,3.2,3.2,0.688,0.0,0.312,27,44,4,5,1.0
textavia-glitch,Textavia Glitch Text Converter,accents,preset:Heartbeat,1,2.2,0.0,2.2,2.2,0.409,0.045,0.545,21,34,3,7,1.0
textavia-glitch,Textavia Glitch Text Converter,accents,preset:Interference,1,1.9,0.0,1.9,1.9,0.368,0.0,0.632,17,31,1,3,1.0
textavia-glitch,Textavia Glitch Text Converter,accents,preset:Matrix Rain,1,2.9,0.0,2.9,2.9,0.0,0.0,1.0,22,41,0,4,1.0
textavia-glitch,Textavia Glitch Text Converter,accents,preset:Medium Static,1,2.0,0.0,2.0,2.0,0.6,0.05,0.3,15,32,3,4,1.0
textavia-glitch,Textavia Glitch Text Converter,accents,preset:Mid Heavy,1,4.5,0.0,4.5,4.5,0.467,0.222,0.267,20,57,5,6,1.0
textavia-glitch,Textavia Glitch Text Converter,accents,preset:Neon Flicker,1,1.5,0.0,1.5,1.5,0.533,0.067,0.4,15,27,2,3,1.0
textavia-glitch,Textavia Glitch Text Converter,accents,preset:Progressive,1,3.8,0.0,3.8,3.8,0.526,0.053,0.421,31,50,8,12,1.0
textavia-glitch,Textavia Glitch Text Converter,accents,preset:Pulse,1,2.7,0.0,2.7,2.7,0.519,0.074,0.407,24,39,6,6,1.0
textavia-glitch,Textavia Glitch Text Converter,accents,preset:Radioactive,1,2.3,0.0,2.3,2.3,0.391,0.13,0.478,22,35,3,4,1.0
textavia-glitch,Textavia Glitch Text Converter,accents,preset:Redacted,1,3.7,0.0,3.7,3.7,0.432,0.27,0.189,19,49,2,6,1.0
textavia-glitch,Textavia Glitch Text Converter,accents,preset:Scratched,1,2.8,0.0,2.8,2.8,0.357,0.214,0.286,18,40,2,4,1.0
textavia-glitch,Textavia Glitch Text Converter,accents,preset:Shimmer,1,1.8,0.0,1.8,1.8,1.0,0.0,0.0,16,30,3,3,1.0
textavia-glitch,Textavia Glitch Text Converter,accents,preset:Signal Loss,1,2.2,0.0,2.2,2.2,0.455,0.045,0.5,19,34,3,6,1.0
textavia-glitch,Textavia Glitch Text Converter,accents,preset:Spectral,1,3.2,0.0,3.2,3.2,0.812,0.125,0.062,24,44,4,4,1.0
textavia-glitch,Textavia Glitch Text Converter,accents,preset:Tremor,1,1.7,0.0,1.7,1.7,0.0,0.0,1.0,15,29,0,3,1.0
textavia-glitch,Textavia Glitch Text Converter,accents,preset:TV Static,1,2.1,0.0,2.1,2.1,1.0,0.0,0.0,14,33,5,5,1.0
textavia-glitch,Textavia Glitch Text Converter,accents,preset:Wave,1,2.0,0.0,2.0,2.0,0.2,0.1,0.7,18,32,2,5,1.0
textavia-glitch,Textavia Glitch Text Converter,accents,preset:Above Heavy,1,6.0,0.0,6.0,6.0,1.0,0.0,0.0,35,72,8,8,1.0
textavia-glitch,Textavia Glitch Text Converter,accents,preset:Below Heavy,1,2.9,0.0,2.9,2.9,0.0,0.0,1.0,21,41,0,6,1.0
textavia-glitch,Textavia Glitch Text Converter,accents,preset:Bleeding,1,3.9,0.0,3.9,3.9,0.051,0.026,0.923,28,51,1,6,1.0
textavia-glitch,Textavia Glitch Text Converter,accents,preset:Burning,1,5.9,0.0,5.9,5.9,1.0,0.0,0.0,36,71,10,10,1.0
textavia-glitch,Textavia Glitch Text Converter,accents,preset:Corrupted,1,4.5,0.0,4.5,4.5,0.689,0.111,0.111,32,57,6,7,1.0
textavia-glitch,Textavia Glitch Text Converter,accents,preset:Cursed,1,4.7,0.0,4.7,4.7,0.511,0.043,0.447,37,59,6,8,1.0
textavia-glitch,Textavia Glitch Text Converter,accents,preset:Demon Text,1,6.9,0.0,6.9,6.9,0.406,0.043,0.493,49,81,4,12,1.0
textavia-glitch,Textavia Glitch Text Converter,accents,preset:Heavy Mixed,1,4.2,0.0,4.2,4.2,0.476,0.024,0.476,37,54,4,8,1.0
textavia-glitch,Textavia Glitch Text Converter,accents,preset:Insane,1,6.7,0.0,6.7,6.7,0.522,0.075,0.373,48,79,7,11,1.0
textavia-glitch,Textavia Glitch Text Converter,accents,preset:Maximum,1,16.5,0.0,16.5,16.5,0.448,0.097,0.43,90,177,13,23,1.0
textavia-glitch,Textavia Glitch Text Converter,accents,preset:Melting,1,5.0,0.0,5.0,5.0,0.0,0.0,1.0,29,62,0,10,1.0
textavia-glitch,Textavia Glitch Text Converter,accents,preset:Overload,1,5.5,0.0,5.5,5.5,0.509,0.109,0.364,44,67,5,9,1.0
textavia-glitch,Textavia Glitch Text Converter,accents,preset:Poltergeist,1,3.0,0.0,3.0,3.0,0.5,0.033,0.367,25,42,6,8,1.0
textavia-glitch,Textavia Glitch Text Converter,accents,preset:Possessed,1,7.9,0.0,7.9,7.9,0.557,0.038,0.405,55,91,11,17,1.0
textavia-glitch,Textavia Glitch Text Converter,accents,preset:Random Scatter,1,3.0,0.0,3.0,3.0,0.367,0.133,0.5,28,42,2,6,1.0
textavia-glitch,Textavia Glitch Text Converter,accents,preset:Shattered,1,13.0,0.0,13.0,13.0,0.492,0.077,0.392,74,142,10,18,1.0
textavia-glitch,Textavia Glitch Text Converter,accents,preset:Submerged,1,4.3,0.0,4.3,4.3,0.209,0.163,0.605,29,55,2,8,1.0
textavia-glitch,Textavia Glitch Text Converter,accents,preset:Void,1,10.0,0.0,10.0,10.0,0.23,0.06,0.67,58,112,9,20,1.0
textavia-glitch,Textavia Glitch Text Converter,emoji,default,3,1.73,0.25,1.4,2.0,1.0,0.0,0.0,12,23,2,2,1.0
textavia-glitch,Textavia Glitch Text Converter,emoji,preset:Below Light,1,1.4,0.0,1.4,1.4,0.0,0.0,1.0,10,21,0,2,1.0
textavia-glitch,Textavia Glitch Text Converter,emoji,preset:Electric,1,1.4,0.0,1.4,1.4,1.0,0.0,0.0,9,20,2,2,1.0
textavia-glitch,Textavia Glitch Text Converter,emoji,preset:Flicker,1,0.4,0.0,0.4,0.4,1.0,0.0,0.0,4,15,1,1,0.4
textavia-glitch,Textavia Glitch Text Converter,emoji,preset:Frozen,1,1.6,0.0,1.6,1.6,0.091,0.0,0.727,9,22,1,2,1.0
textavia-glitch,Textavia Glitch Text Converter,emoji,preset:Mid Light,1,1.4,0.0,1.4,1.4,0.1,0.5,0.3,8,21,1,2,1.0
textavia-glitch,Textavia Glitch Text Converter,emoji,preset:Mist,1,1.0,0.0,1.0,1.0,0.0,0.0,1.0,6,18,0,1,1.0
textavia-glitch,Textavia Glitch Text Converter,emoji,preset:Soft Scratch,1,1.0,0.0,1.0,1.0,0.714,0.143,0.143,7,18,1,1,1.0
textavia-glitch,Textavia Glitch Text Converter,emoji,preset:Static Light,1,1.0,0.0,1.0,1.0,0.143,0.0,0.714,7,18,1,1,1.0
textavia-glitch,Textavia Glitch Text Converter,emoji,preset:Underwater,1,1.8,0.0,1.8,1.8,0.0,0.0,1.0,9,22,0,3,1.0
textavia-glitch,Textavia Glitch Text Converter,emoji,preset:Weathered,1,2.0,0.0,2.0,2.0,0.846,0.154,0.0,10,24,2,2,1.0
textavia-glitch,Textavia Glitch Text Converter,emoji,preset:Whisper,1,1.0,0.0,1.0,1.0,1.0,0.0,0.0,7,18,1,1,1.0
textavia-glitch,Textavia Glitch Text Converter,emoji,preset:Cascade Down,1,3.0,0.0,3.0,3.0,0.381,0.048,0.476,18,32,3,3,1.0
textavia-glitch,Textavia Glitch Text Converter,emoji,preset:Center Focus,1,3.4,0.0,3.4,3.4,0.632,0.0,0.368,16,30,4,6,1.0
textavia-glitch,Textavia Glitch Text Converter,emoji,preset:Data Corrupt,1,2.4,0.0,2.4,2.4,0.312,0.375,0.25,12,27,2,4,1.0
textavia-glitch,Textavia Glitch Text Converter,emoji,preset:Decay,1,3.6,0.0,3.6,3.6,0.333,0.143,0.524,16,32,2,7,1.0
textavia-glitch,Textavia Glitch Text Converter,emoji,preset:Edges Only,1,1.4,0.0,1.4,1.4,0.5,0.111,0.278,15,29,4,8,0.4
textavia-glitch,Textavia Glitch Text Converter,emoji,preset:Fragmented,1,1.0,0.0,1.0,1.0,0.5,0.125,0.375,8,19,2,3,0.4
textavia-glitch,Textavia Glitch Text Converter,emoji,preset:Glitch Scan,1,3.4,0.0,3.4,3.4,0.385,0.192,0.385,22,37,5,8,1.0
textavia-glitch,Textavia Glitch Text Converter,emoji,preset:Haunted,1,4.6,0.0,4.6,4.6,0.6,0.0,0.4,24,41,4,5,1.0
textavia-glitch,Textavia Glitch Text Converter,emoji,preset:Heartbeat,1,2.2,0.0,2.2,2.2,0.615,0.231,0.154,12,24,4,7,1.0
textavia-glitch,Textavia Glitch Text Converter,emoji,preset:Interference,1,1.6,0.0,1.6,1.6,0.6,0.0,0.4,10,21,2,2,1.0
textavia-glitch,Textavia Glitch Text Converter,emoji,preset:Matrix Rain,1,3.6,0.0,3.6,3.6,0.0,0.0,1.0,22,38,0,5,1.0
textavia-glitch,Textavia Glitch Text Converter,emoji,preset:Medium Static,1,3.0,0.0,3.0,3.0,0.524,0.0,0.429,19,32,4,4,1.0
textavia-glitch,Textavia Glitch Text Converter,emoji,preset:Mid Heavy,1,2.6,0.0,2.6,2.6,0.318,0.227,0.227,16,33,2,6,1.0
textavia-glitch,Textavia Glitch Text Converter,emoji,preset:Neon Flicker,1,1.2,0.0,1.2,1.2,0.125,0.125,0.625,8,19,1,2,1.0
textavia-glitch,Textavia Glitch Text Converter,emoji,preset:Progressive,1,4.6,0.0,4.6,4.6,0.406,0.031,0.5,29,43,4,8,1.0
textavia-glitch,Textavia Glitch Text Converter,emoji,preset:Pulse,1,2.6,0.0,2.6,2.6,0.556,0.0,0.444,18,29,3,6,1.0
textavia-glitch,Textavia Glitch Text Converter,emoji,preset:Radioactive,1,2.6,0.0,2.6,2.6,0.667,0.0,0.333,14,29,3,4,1.0
textavia-glitch,Textavia Glitch Text Converter,emoji,preset:Redacted,1,4.0,0.0,4.0,4.0,0.464,0.179,0.214,16,39,4,6,1.0
textavia-glitch,Textavia Glitch Text Converter,emoji,preset:Scratched,1,1.6,0.0,1.6,1.6,0.462,0.0,0.385,11,24,3,3,1.0
textavia-glitch,Textavia Glitch Text Converter,emoji,preset:Shimmer,1,2.0,0.0,2.0,2.0,1.0,0.0,0.0,12,25,3,3,1.0
textavia-glitch,Textavia Glitch Text Converter,emoji,preset:Signal Loss,1,2.4,0.0,2.4,2.4,0.333,0.278,0.389,15,29,3,5,1.0
textavia-glitch,Textavia Glitch Text Converter,emoji,preset:Spectral,1,2.2,0.0,2.2,2.2,0.875,0.062,0.0,14,27,3,4,1.0
textavia-glitch,Textavia Glitch Text Converter,emoji,preset:Tremor,1,1.8,0.0,1.8,1.8,0.0,0.0,1.0,11,22,0,3,1.0
textavia-glitch,Textavia Glitch Text Converter,emoji,preset:TV Static,1,2.0,0.0,2.0,2.0,1.0,0.0,0.0,13,27,5,5,1.0
textavia-glitch,Textavia Glitch Text Converter,emoji,preset:Wave,1,3.6,0.0,3.6,3.6,0.462,0.115,0.423,24,37,3,6,1.0
textavia-glitch,Textavia Glitch Text Converter,emoji,preset:Above Heavy,1,4.4,0.0,4.4,4.4,1.0,0.0,0.0,26,47,8,8,1.0
textavia-glitch,Textavia Glitch Text Converter,emoji,preset:Below Heavy,1,5.8,0.0,5.8,5.8,0.0,0.0,1.0,24,50,0,8,1.0
textavia-glitch,Textavia Glitch Text Converter,emoji,preset:Bleeding,1,4.4,0.0,4.4,4.4,0.086,0.057,0.857,29,46,2,7,1.0
textavia-glitch,Textavia Glitch Text Converter,emoji,preset:Burning,1,5.6,0.0,5.6,5.6,1.0,0.0,0.0,30,57,10,10,1.0
textavia-glitch,Textavia Glitch Text Converter,emoji,preset:Corrupted,1,3.8,0.0,3.8,3.8,0.643,0.071,0.107,22,39,5,7,1.0
textavia-glitch,Textavia Glitch Text Converter,emoji,preset:Cursed,1,4.0,0.0,4.0,4.0,0.793,0.069,0.138,26,40,6,7,1.0
textavia-glitch,Textavia Glitch Text Converter,emoji,preset:Demon Text,1,3.8,0.0,3.8,3.8,0.6,0.0,0.4,24,41,6,9,1.0
textavia-glitch,Textavia Glitch Text Converter,emoji,preset:Heavy Mixed,1,4.2,0.0,4.2,4.2,0.517,0.069,0.345,25,40,3,8,1.0
textavia-glitch,Textavia Glitch Text Converter,emoji,preset:Insane,1,8.4,0.0,8.4,8.4,0.556,0.074,0.37,43,65,7,12,1.0
textavia-glitch,Textavia Glitch Text Converter,emoji,preset:Maximum,1,11.4,0.0,11.4,11.4,0.36,0.116,0.512,53,97,7,19,1.0
textavia-glitch,Textavia Glitch Text Converter,emoji,preset:Melting,1,5.6,0.0,5.6,5.6,0.0,0.0,1.0,26,54,0,9,1.0
textavia-glitch,Textavia Glitch Text Converter,emoji,preset:Overload,1,4.6,0.0,4.6,4.6,0.472,0.028,0.5,33,47,4,8,1.0
textavia-glitch,Textavia Glitch Text Converter,emoji,preset:Poltergeist,1,5.0,0.0,5.0,5.0,0.63,0.0,0.333,25,38,7,9,1.0
textavia-glitch,Textavia Glitch Text Converter,emoji,preset:Possessed,1,6.2,0.0,6.2,6.2,0.396,0.038,0.566,39,64,5,13,1.0
textavia-glitch,Textavia Glitch Text Converter,emoji,preset:Random Scatter,1,3.6,0.0,3.6,3.6,0.375,0.083,0.542,24,35,3,7,1.0
textavia-glitch,Textavia Glitch Text Converter,emoji,preset:Shattered,1,12.2,0.0,12.2,12.2,0.368,0.105,0.5,53,87,8,19,0.8
textavia-glitch,Textavia Glitch Text Converter,emoji,preset:Submerged,1,4.0,0.0,4.0,4.0,0.333,0.074,0.593,24,38,3,7,1.0
textavia-glitch,Textavia Glitch Text Converter,emoji,preset:Void,1,11.6,0.0,11.6,11.6,0.21,0.037,0.716,51,92,6,20,1.0
textavia-glitch,Textavia Glitch Text Converter,long100,default,3,1.51,0.01,1.494,1.519,1.0,0.0,0.0,47,225.3,2,2,1.0
textavia-glitch,Textavia Glitch Text Converter,long100,preset:Below Light,1,1.62,0.0,1.617,1.617,0.0,0.0,1.0,37,235,0,2,1.0
textavia-glitch,Textavia Glitch Text Converter,long100,preset:Electric,1,1.46,0.0,1.457,1.457,1.0,0.0,0.0,44,220,2,2,1.0
textavia-glitch,Textavia Glitch Text Converter,long100,preset:Flicker,1,0.51,0.0,0.506,0.506,1.0,0.0,0.0,28,142,1,1,0.506
textavia-glitch,Textavia Glitch Text Converter,long100,preset:Frozen,1,1.52,0.0,1.519,1.519,0.248,0.128,0.576,50,225,2,2,1.0
textavia-glitch,Textavia Glitch Text Converter,long100,preset:Mid Light,1,1.48,0.0,1.481,1.481,0.48,0.154,0.276,23,223,2,2,1.0
textavia-glitch,Textavia Glitch Text Converter,long100,preset:Mist,1,1.0,0.0,1.0,1.0,0.0,0.0,1.0,36,183,0,1,1.0
textavia-glitch,Textavia Glitch Text Converter,long100,preset:Soft Scratch,1,1.0,0.0,1.0,1.0,0.349,0.241,0.361,22,183,1,1,1.0
textavia-glitch,Textavia Glitch Text Converter,long100,preset:Static Light,1,1.0,0.0,1.0,1.0,0.542,0.048,0.398,60,183,1,1,1.0
textavia-glitch,Textavia Glitch Text Converter,long100,preset:Underwater,1,1.99,0.0,1.988,1.988,0.0,0.0,1.0,40,264,0,3,1.0
textavia-glitch,Textavia Glitch Text Converter,long100,preset:Weathered,1,1.53,0.0,1.531,1.531,0.78,0.102,0.071,57,227,2,2,1.0
textavia-glitch,Textavia Glitch Text Converter,long100,preset:Whisper,1,1.0,0.0,1.0,1.0,1.0,0.0,0.0,43,183,1,1,1.0
textavia-glitch,Textavia Glitch Text Converter,long100,preset:Cascade Down,1,3.0,0.0,3.0,3.0,0.474,0.1,0.394,98,349,3,3,1.0
textavia-glitch,Textavia Glitch Text Converter,long100,preset:Center Focus,1,3.67,0.0,3.667,3.667,0.482,0.05,0.435,105,401,8,11,1.0
textavia-glitch,Textavia Glitch Text Converter,long100,preset:Data Corrupt,1,2.4,0.0,2.395,2.395,0.462,0.156,0.296,46,299,4,4,1.0
textavia-glitch,Textavia Glitch Text Converter,long100,preset:Decay,1,3.68,0.0,3.679,3.679,0.464,0.05,0.447,101,402,5,10,1.0
textavia-glitch,Textavia Glitch Text Converter,long100,preset:Edges Only,1,0.33,0.0,0.333,0.333,0.382,0.029,0.588,29,134,5,10,0.037
textavia-glitch,Textavia Glitch Text Converter,long100,preset:Fragmented,1,1.11,0.0,1.111,1.111,0.419,0.086,0.462,64,193,3,3,0.58
textavia-glitch,Textavia Glitch Text Converter,long100,preset:Glitch Scan,1,2.93,0.0,2.926,2.926,0.455,0.074,0.446,91,342,4,8,1.0
textavia-glitch,Textavia Glitch Text Converter,long100,preset:Haunted,1,3.04,0.0,3.037,3.037,0.496,0.0,0.504,81,348,4,5,1.0
textavia-glitch,Textavia Glitch Text Converter,long100,preset:Heartbeat,1,1.99,0.0,1.988,1.988,0.436,0.085,0.448,89,265,6,10,1.0
textavia-glitch,Textavia Glitch Text Converter,long100,preset:Interference,1,1.95,0.0,1.951,1.951,0.488,0.0,0.512,73,262,3,3,1.0
textavia-glitch,Textavia Glitch Text Converter,long100,preset:Matrix Rain,1,2.84,0.0,2.84,2.84,0.0,0.0,1.0,40,336,0,5,1.0
textavia-glitch,Textavia Glitch Text Converter,long100,preset:Medium Static,1,2.43,0.0,2.432,2.432,0.485,0.095,0.41,94,300,4,4,1.0
textavia-glitch,Textavia Glitch Text Converter,long100,preset:Mid Heavy,1,3.56,0.0,3.556,3.556,0.373,0.231,0.305,23,395,4,6,1.0
textavia-glitch,Textavia Glitch Text Converter,long100,preset:Neon Flicker,1,1.49,0.0,1.494,1.494,0.448,0.056,0.48,69,225,2,3,1.0
textavia-glitch,Textavia Glitch Text Converter,long100,preset:Progressive,1,3.75,0.0,3.753,3.753,0.448,0.082,0.423,105,417,5,11,1.0
textavia-glitch,Textavia Glitch Text Converter,long100,preset:Pulse,1,2.16,0.0,2.16,2.16,0.451,0.044,0.473,89,282,4,6,1.0
textavia-glitch,Textavia Glitch Text Converter,long100,preset:Radioactive,1,2.53,0.0,2.531,2.531,0.502,0.075,0.385,82,313,3,4,1.0
textavia-glitch,Textavia Glitch Text Converter,long100,preset:Redacted,1,3.86,0.0,3.864,3.864,0.401,0.207,0.313,23,419,4,6,1.0
textavia-glitch,Textavia Glitch Text Converter,long100,preset:Scratched,1,2.44,0.0,2.444,2.444,0.377,0.216,0.338,23,304,4,4,1.0
textavia-glitch,Textavia Glitch Text Converter,long100,preset:Shimmer,1,2.02,0.0,2.025,2.025,1.0,0.0,0.0,47,266,3,3,1.0
textavia-glitch,Textavia Glitch Text Converter,long100,preset:Signal Loss,1,2.33,0.0,2.333,2.333,0.479,0.067,0.428,91,294,4,6,1.0
textavia-glitch,Textavia Glitch Text Converter,long100,preset:Spectral,1,2.67,0.0,2.667,2.667,0.82,0.045,0.108,67,322,4,4,1.0
textavia-glitch,Textavia Glitch Text Converter,long100,preset:Tremor,1,2.07,0.0,2.074,2.074,0.0,0.0,1.0,39,274,0,3,1.0
textavia-glitch,Textavia Glitch Text Converter,long100,preset:TV Static,1,1.79,0.0,1.79,1.79,1.0,0.0,0.0,47,248,5,5,1.0
textavia-glitch,Textavia Glitch Text Converter,long100,preset:Wave,1,2.67,0.0,2.667,2.667,0.39,0.083,0.5,94,318,4,8,1.0
textavia-glitch,Textavia Glitch Text Converter,long100,preset:Above Heavy,1,4.73,0.0,4.728,4.728,1.0,0.0,0.0,48,489,8,8,1.0
textavia-glitch,Textavia Glitch Text Converter,long100,preset:Below Heavy,1,5.18,0.0,5.185,5.185,0.0,0.0,1.0,40,522,0,8,1.0
textavia-glitch,Textavia Glitch Text Converter,long100,preset:Bleeding,1,4.11,0.0,4.111,4.111,0.086,0.042,0.857,63,436,2,7,1.0
textavia-glitch,Textavia Glitch Text Converter,long100,preset:Burning,1,5.63,0.0,5.63,5.63,1.0,0.0,0.0,48,564,10,10,1.0
textavia-glitch,Textavia Glitch Text Converter,long100,preset:Corrupted,1,3.84,0.0,3.84,3.84,0.702,0.111,0.152,71,415,7,7,1.0
textavia-glitch,Textavia Glitch Text Converter,long100,preset:Cursed,1,4.85,0.0,4.852,4.852,0.451,0.09,0.439,107,499,5,8,1.0
textavia-glitch,Textavia Glitch Text Converter,long100,preset:Demon Text,1,6.58,0.0,6.58,6.58,0.454,0.058,0.452,111,638,8,12,1.0
textavia-glitch,Textavia Glitch Text Converter,long100,preset:Heavy Mixed,1,5.0,0.0,5.0,5.0,0.494,0.079,0.405,110,517,6,8,1.0
textavia-glitch,Textavia Glitch Text Converter,long100,preset:Insane,1,8.47,0.0,8.469,8.469,0.442,0.075,0.462,111,803,11,15,1.0
textavia-glitch,Textavia Glitch Text Converter,long100,preset:Maximum,1,10.59,0.0,10.593,10.593,0.453,0.07,0.432,111,968,17,25,1.0
textavia-glitch,Textavia Glitch Text Converter,long100,preset:Melting,1,5.41,0.0,5.407,5.407,0.0,0.0,1.0,40,550,0,10,1.0
textavia-glitch,Textavia Glitch Text Converter,long100,preset:Overload,1,5.07,0.0,5.074,5.074,0.473,0.091,0.418,106,519,8,10,1.0
textavia-glitch,Textavia Glitch Text Converter,long100,preset:Poltergeist,1,3.46,0.0,3.457,3.457,0.448,0.062,0.459,104,390,5,8,1.0
textavia-glitch,Textavia Glitch Text Converter,long100,preset:Possessed,1,10.12,0.0,10.123,10.123,0.485,0.019,0.491,110,951,11,18,1.0
textavia-glitch,Textavia Glitch Text Converter,long100,preset:Random Scatter,1,3.49,0.0,3.494,3.494,0.457,0.1,0.392,103,391,8,9,1.0
textavia-glitch,Textavia Glitch Text Converter,long100,preset:Shattered,1,6.37,0.0,6.37,6.37,0.475,0.086,0.414,109,624,11,20,0.63
textavia-glitch,Textavia Glitch Text Converter,long100,preset:Submerged,1,3.98,0.0,3.975,3.975,0.213,0.128,0.641,62,429,3,8,1.0
textavia-glitch,Textavia Glitch Text Converter,long100,preset:Void,1,10.1,0.0,10.099,10.099,0.216,0.043,0.718,105,933,9,20,1.0
textavia-glitch,Textavia Glitch Text Converter,punct,default,3,1.62,0.05,1.565,1.696,1.0,0.0,0.0,35,100.3,2,2,1.0
textavia-glitch,Textavia Glitch Text Converter,punct,preset:Below Light,1,1.61,0.0,1.609,1.609,0.0,0.0,1.0,31,103,0,2,1.0
textavia-glitch,Textavia Glitch Text Converter,punct,preset:Electric,1,1.48,0.0,1.478,1.478,1.0,0.0,0.0,30,95,2,2,1.0
textavia-glitch,Textavia Glitch Text Converter,punct,preset:Flicker,1,0.48,0.0,0.478,0.478,1.0,0.0,0.0,15,63,1,1,0.478
textavia-glitch,Textavia Glitch Text Converter,punct,preset:Frozen,1,1.65,0.0,1.652,1.652,0.172,0.103,0.672,40,102,2,2,1.0
textavia-glitch,Textavia Glitch Text Converter,punct,preset:Mid Light,1,1.65,0.0,1.652,1.652,0.361,0.23,0.344,23,105,2,2,1.0
textavia-glitch,Textavia Glitch Text Converter,punct,preset:Mist,1,1.0,0.0,1.0,1.0,0.0,0.0,1.0,23,81,0,1,1.0
textavia-glitch,Textavia Glitch Text Converter,punct,preset:Soft Scratch,1,1.0,0.0,1.0,1.0,0.297,0.297,0.27,17,81,1,1,1.0
textavia-glitch,Textavia Glitch Text Converter,punct,preset:Static Light,1,1.0,0.0,1.0,1.0,0.378,0.135,0.486,33,81,1,1,1.0
textavia-glitch,Textavia Glitch Text Converter,punct,preset:Underwater,1,2.04,0.0,2.043,2.043,0.0,0.0,1.0,38,115,0,3,1.0
textavia-glitch,Textavia Glitch Text Converter,punct,preset:Weathered,1,1.48,0.0,1.478,1.478,0.804,0.039,0.137,33,95,2,2,1.0
textavia-glitch,Textavia Glitch Text Converter,punct,preset:Whisper,1,1.0,0.0,1.0,1.0,1.0,0.0,0.0,26,81,1,1,1.0
textavia-glitch,Textavia Glitch Text Converter,punct,preset:Cascade Down,1,3.0,0.0,3.0,3.0,0.45,0.045,0.45,62,155,3,3,1.0
textavia-glitch,Textavia Glitch Text Converter,punct,preset:Center Focus,1,3.39,0.0,3.391,3.391,0.445,0.039,0.484,72,172,5,9,1.0
textavia-glitch,Textavia Glitch Text Converter,punct,preset:Data Corrupt,1,2.65,0.0,2.652,2.652,0.621,0.189,0.147,39,139,4,4,1.0
textavia-glitch,Textavia Glitch Text Converter,punct,preset:Decay,1,4.26,0.0,4.261,4.261,0.5,0.093,0.386,76,184,6,10,1.0
textavia-glitch,Textavia Glitch Text Converter,punct,preset:Edges Only,1,0.48,0.0,0.478,0.478,0.4,0.15,0.45,19,64,3,9,0.13
textavia-glitch,Textavia Glitch Text Converter,punct,preset:Fragmented,1,1.74,0.0,1.739,1.739,0.492,0.068,0.441,47,103,3,3,0.826
textavia-glitch,Textavia Glitch Text Converter,punct,preset:Glitch Scan,1,2.26,0.0,2.261,2.261,0.5,0.058,0.43,61,130,3,5,1.0
textavia-glitch,Textavia Glitch Text Converter,punct,preset:Haunted,1,2.91,0.0,2.913,2.913,0.561,0.0,0.439,67,158,4,5,1.0
textavia-glitch,Textavia Glitch Text Converter,punct,preset:Heartbeat,1,2.22,0.0,2.217,2.217,0.452,0.083,0.464,63,128,6,10,1.0
textavia-glitch,Textavia Glitch Text Converter,punct,preset:Interference,1,1.96,0.0,1.957,1.957,0.459,0.0,0.541,48,118,3,3,1.0
textavia-glitch,Textavia Glitch Text Converter,punct,preset:Matrix Rain,1,2.56,0.0,2.565,2.565,0.0,0.0,1.0,37,142,0,5,1.0
textavia-glitch,Textavia Glitch Text Converter,punct,preset:Medium Static,1,2.44,0.0,2.435,2.435,0.553,0.059,0.376,61,129,3,4,1.0
textavia-glitch,Textavia Glitch Text Converter,punct,preset:Mid Heavy,1,3.44,0.0,3.435,3.435,0.421,0.207,0.306,23,165,4,6,1.0
textavia-glitch,Textavia Glitch Text Converter,punct,preset:Neon Flicker,1,1.48,0.0,1.478,1.478,0.298,0.053,0.632,43,101,2,3,1.0
textavia-glitch,Textavia Glitch Text Converter,punct,preset:Progressive,1,4.39,0.0,4.391,4.391,0.484,0.052,0.431,79,197,5,12,1.0
textavia-glitch,Textavia Glitch Text Converter,punct,preset:Pulse,1,2.17,0.0,2.174,2.174,0.429,0.039,0.519,60,121,5,6,1.0
textavia-glitch,Textavia Glitch Text Converter,punct,preset:Radioactive,1,2.48,0.0,2.478,2.478,0.449,0.079,0.438,58,133,4,4,1.0
textavia-glitch,Textavia Glitch Text Converter,punct,preset:Redacted,1,3.22,0.0,3.217,3.217,0.415,0.252,0.26,23,167,4,6,1.0
textavia-glitch,Textavia Glitch Text Converter,punct,preset:Scratched,1,2.56,0.0,2.565,2.565,0.367,0.143,0.327,23,142,2,4,1.0
textavia-glitch,Textavia Glitch Text Converter,punct,preset:Shimmer,1,1.74,0.0,1.739,1.739,1.0,0.0,0.0,36,115,3,3,1.0
textavia-glitch,Textavia Glitch Text Converter,punct,preset:Signal Loss,1,2.39,0.0,2.391,2.391,0.506,0.082,0.365,57,129,4,6,1.0
textavia-glitch,Textavia Glitch Text Converter,punct,preset:Spectral,1,2.78,0.0,2.783,2.783,0.816,0.092,0.082,57,142,4,4,1.0
textavia-glitch,Textavia Glitch Text Converter,punct,preset:Tremor,1,2.04,0.0,2.043,2.043,0.0,0.0,1.0,35,121,0,3,1.0
textavia-glitch,Textavia Glitch Text Converter,punct,preset:TV Static,1,2.13,0.0,2.13,2.13,1.0,0.0,0.0,36,115,5,5,1.0
textavia-glitch,Textavia Glitch Text Converter,punct,preset:Wave,1,2.78,0.0,2.783,2.783,0.391,0.057,0.483,60,131,4,7,1.0
textavia-glitch,Textavia Glitch Text Converter,punct,preset:Above Heavy,1,4.39,0.0,4.391,4.391,1.0,0.0,0.0,47,200,8,8,1.0
textavia-glitch,Textavia Glitch Text Converter,punct,preset:Below Heavy,1,4.17,0.0,4.174,4.174,0.0,0.0,1.0,40,231,0,8,1.0
textavia-glitch,Textavia Glitch Text Converter,punct,preset:Bleeding,1,3.87,0.0,3.87,3.87,0.066,0.04,0.868,58,195,2,7,1.0
textavia-glitch,Textavia Glitch Text Converter,punct,preset:Burning,1,5.22,0.0,5.217,5.217,1.0,0.0,0.0,48,234,10,10,1.0
textavia-glitch,Textavia Glitch Text Converter,punct,preset:Corrupted,1,3.87,0.0,3.87,3.87,0.669,0.083,0.172,58,201,6,7,1.0
textavia-glitch,Textavia Glitch Text Converter,punct,preset:Cursed,1,4.43,0.0,4.435,4.435,0.443,0.098,0.408,84,218,6,8,1.0
textavia-glitch,Textavia Glitch Text Converter,punct,preset:Demon Text,1,6.3,0.0,6.304,6.304,0.372,0.098,0.509,88,278,7,12,1.0
textavia-glitch,Textavia Glitch Text Converter,punct,preset:Heavy Mixed,1,4.96,0.0,4.957,4.957,0.457,0.069,0.428,84,217,4,8,1.0
textavia-glitch,Textavia Glitch Text Converter,punct,preset:Insane,1,6.0,0.0,6.0,6.0,0.477,0.074,0.418,103,300,9,15,1.0
textavia-glitch,Textavia Glitch Text Converter,punct,preset:Maximum,1,12.65,0.0,12.652,12.652,0.477,0.052,0.455,107,488,15,25,1.0
textavia-glitch,Textavia Glitch Text Converter,punct,preset:Melting,1,5.65,0.0,5.652,5.652,0.0,0.0,1.0,40,260,0,10,1.0
textavia-glitch,Textavia Glitch Text Converter,punct,preset:Overload,1,5.09,0.0,5.087,5.087,0.452,0.074,0.442,95,261,9,10,1.0
textavia-glitch,Textavia Glitch Text Converter,punct,preset:Poltergeist,1,3.04,0.0,3.043,3.043,0.556,0.073,0.339,76,168,5,9,1.0
textavia-glitch,Textavia Glitch Text Converter,punct,preset:Possessed,1,8.26,0.0,8.261,8.261,0.461,0.022,0.505,103,361,9,16,1.0
textavia-glitch,Textavia Glitch Text Converter,punct,preset:Random Scatter,1,3.35,0.0,3.348,3.348,0.459,0.036,0.459,67,155,5,10,1.0
textavia-glitch,Textavia Glitch Text Converter,punct,preset:Shattered,1,9.44,0.0,9.435,9.435,0.439,0.101,0.433,105,379,12,20,0.87
textavia-glitch,Textavia Glitch Text Converter,punct,preset:Submerged,1,4.87,0.0,4.87,4.87,0.235,0.112,0.62,59,223,4,8,1.0
textavia-glitch,Textavia Glitch Text Converter,punct,preset:Void,1,13.65,0.0,13.652,13.652,0.184,0.057,0.742,91,517,6,20,1.0
textavia-glitch,Textavia Glitch Text Converter,spaces,default,3,1.25,0.35,1.0,1.75,1.0,0.0,0.0,7,18,2,2,1.0
textavia-glitch,Textavia Glitch Text Converter,spaces,preset:Below Light,1,1.5,0.0,1.5,1.5,0.0,0.0,1.0,6,19,0,2,1.0
textavia-glitch,Textavia Glitch Text Converter,spaces,preset:Electric,1,1.5,0.0,1.5,1.5,1.0,0.0,0.0,6,19,2,2,1.0
textavia-glitch,Textavia Glitch Text Converter,spaces,preset:Flicker,1,0.5,0.0,0.5,0.5,1.0,0.0,0.0,2,15,1,1,0.5
textavia-glitch,Textavia Glitch Text Converter,spaces,preset:Frozen,1,1.75,0.0,1.75,1.75,0.429,0.0,0.571,7,20,2,2,1.0
textavia-glitch,Textavia Glitch Text Converter,spaces,preset:Mid Light,1,1.5,0.0,1.5,1.5,0.333,0.167,0.333,5,19,1,2,1.0
textavia-glitch,Textavia Glitch Text Converter,spaces,preset:Mist,1,1.0,0.0,1.0,1.0,0.0,0.0,1.0,4,17,0,1,1.0
textavia-glitch,Textavia Glitch Text Converter,spaces,preset:Soft Scratch,1,1.0,0.0,1.0,1.0,0.0,0.25,0.5,3,17,0,1,1.0
textavia-glitch,Textavia Glitch Text Converter,spaces,preset:Static Light,1,1.0,0.0,1.0,1.0,0.75,0.25,0.0,4,17,1,1,1.0
textavia-glitch,Textavia Glitch Text Converter,spaces,preset:Underwater,1,2.0,0.0,2.0,2.0,0.0,0.0,1.0,8,21,0,3,1.0
textavia-glitch,Textavia Glitch Text Converter,spaces,preset:Weathered,1,1.5,0.0,1.5,1.5,0.833,0.0,0.167,6,19,2,2,1.0
textavia-glitch,Textavia Glitch Text Converter,spaces,preset:Whisper,1,1.0,0.0,1.0,1.0,1.0,0.0,0.0,4,17,1,1,1.0
textavia-glitch,Textavia Glitch Text Converter,spaces,preset:Cascade Down,1,3.0,0.0,3.0,3.0,0.417,0.0,0.583,8,25,3,3,1.0
textavia-glitch,Textavia Glitch Text Converter,spaces,preset:Center Focus,1,1.5,0.0,1.5,1.5,0.5,0.0,0.5,6,19,1,3,1.0
textavia-glitch,Textavia Glitch Text Converter,spaces,preset:Data Corrupt,1,2.75,0.0,2.75,2.75,0.273,0.273,0.455,7,24,2,4,1.0
textavia-glitch,Textavia Glitch Text Converter,spaces,preset:Decay,1,4.25,0.0,4.25,4.25,0.588,0.059,0.353,16,30,4,7,1.0
textavia-glitch,Textavia Glitch Text Converter,spaces,preset:Edges Only,1,2.25,0.0,2.25,2.25,0.444,0.0,0.556,9,22,2,3,1.0
textavia-glitch,Textavia Glitch Text Converter,spaces,preset:Fragmented,1,1.75,0.0,1.75,1.75,0.0,0.143,0.714,7,20,0,3,1.0
textavia-glitch,Textavia Glitch Text Converter,spaces,preset:Glitch Scan,1,3.25,0.0,3.25,3.25,0.385,0.077,0.538,13,26,3,5,1.0
textavia-glitch,Textavia Glitch Text Converter,spaces,preset:Haunted,1,3.0,0.0,3.0,3.0,0.75,0.0,0.25,12,25,4,4,1.0
textavia-glitch,Textavia Glitch Text Converter,spaces,preset:Heartbeat,1,1.5,0.0,1.5,1.5,0.5,0.0,0.333,6,19,2,3,1.0
textavia-glitch,Textavia Glitch Text Converter,spaces,preset:Interference,1,2.0,0.0,2.0,2.0,0.5,0.0,0.5,8,21,2,2,1.0
textavia-glitch,Textavia Glitch Text Converter,spaces,preset:Matrix Rain,1,3.0,0.0,3.0,3.0,0.0,0.0,1.0,12,25,0,5,1.0
textavia-glitch,Textavia Glitch Text Converter,spaces,preset:Medium Static,1,1.75,0.0,1.75,1.75,0.286,0.143,0.571,7,20,1,3,1.0
textavia-glitch,Textavia Glitch Text Converter,spaces,preset:Mid Heavy,1,4.0,0.0,4.0,4.0,0.562,0.188,0.25,12,29,3,5,1.0
textavia-glitch,Textavia Glitch Text Converter,spaces,preset:Neon Flicker,1,1.5,0.0,1.5,1.5,0.5,0.333,0.167,6,19,1,2,1.0
textavia-glitch,Textavia Glitch Text Converter,spaces,preset:Progressive,1,3.0,0.0,3.0,3.0,0.583,0.0,0.417,12,25,3,6,1.0
textavia-glitch,Textavia Glitch Text Converter,spaces,preset:Pulse,1,2.25,0.0,2.25,2.25,0.556,0.0,0.444,8,22,3,6,1.0
textavia-glitch,Textavia Glitch Text Converter,spaces,preset:Radioactive,1,2.0,0.0,2.0,2.0,0.375,0.125,0.375,8,21,2,3,1.0
textavia-glitch,Textavia Glitch Text Converter,spaces,preset:Redacted,1,4.5,0.0,4.5,4.5,0.556,0.111,0.278,11,31,5,6,1.0
textavia-glitch,Textavia Glitch Text Converter,spaces,preset:Scratched,1,1.75,0.0,1.75,1.75,0.429,0.0,0.571,5,20,1,3,1.0
textavia-glitch,Textavia Glitch Text Converter,spaces,preset:Shimmer,1,1.25,0.0,1.25,1.25,1.0,0.0,0.0,5,18,2,2,1.0
textavia-glitch,Textavia Glitch Text Converter,spaces,preset:Signal Loss,1,2.25,0.0,2.25,2.25,0.667,0.0,0.222,9,22,2,5,1.0
textavia-glitch,Textavia Glitch Text Converter,spaces,preset:Spectral,1,3.25,0.0,3.25,3.25,0.923,0.077,0.0,10,26,4,4,1.0
textavia-glitch,Textavia Glitch Text Converter,spaces,preset:Tremor,1,1.75,0.0,1.75,1.75,0.0,0.0,1.0,7,20,0,2,1.0
textavia-glitch,Textavia Glitch Text Converter,spaces,preset:TV Static,1,2.0,0.0,2.0,2.0,1.0,0.0,0.0,6,21,4,4,1.0
textavia-glitch,Textavia Glitch Text Converter,spaces,preset:Wave,1,4.75,0.0,4.75,4.75,0.474,0.0,0.474,18,32,5,8,1.0
textavia-glitch,Textavia Glitch Text Converter,spaces,preset:Above Heavy,1,4.75,0.0,4.75,4.75,1.0,0.0,0.0,16,32,7,7,1.0
textavia-glitch,Textavia Glitch Text Converter,spaces,preset:Below Heavy,1,5.5,0.0,5.5,5.5,0.0,0.0,1.0,18,35,0,8,1.0
textavia-glitch,Textavia Glitch Text Converter,spaces,preset:Bleeding,1,5.5,0.0,5.5,5.5,0.045,0.045,0.864,14,35,1,7,1.0
textavia-glitch,Textavia Glitch Text Converter,spaces,preset:Burning,1,3.0,0.0,3.0,3.0,1.0,0.0,0.0,11,25,5,5,1.0
textavia-glitch,Textavia Glitch Text Converter,spaces,preset:Corrupted,1,3.0,0.0,3.0,3.0,0.667,0.083,0.167,12,25,7,7,1.0
textavia-glitch,Textavia Glitch Text Converter,spaces,preset:Cursed,1,4.5,0.0,4.5,4.5,0.611,0.056,0.333,17,31,4,7,1.0
textavia-glitch,Textavia Glitch Text Converter,spaces,preset:Demon Text,1,6.5,0.0,6.5,6.5,0.577,0.038,0.346,23,39,7,11,1.0
textavia-glitch,Textavia Glitch Text Converter,spaces,preset:Heavy Mixed,1,6.0,0.0,6.0,6.0,0.417,0.042,0.542,22,37,4,8,1.0
textavia-glitch,Textavia Glitch Text Converter,spaces,preset:Insane,1,4.0,0.0,4.0,4.0,0.375,0.188,0.438,16,29,3,6,1.0
textavia-glitch,Textavia Glitch Text Converter,spaces,preset:Maximum,1,16.75,0.0,16.75,16.75,0.537,0.03,0.388,46,80,13,24,1.0
textavia-glitch,Textavia Glitch Text Converter,spaces,preset:Melting,1,4.5,0.0,4.5,4.5,0.0,0.0,1.0,16,31,0,9,1.0
textavia-glitch,Textavia Glitch Text Converter,spaces,preset:Overload,1,3.5,0.0,3.5,3.5,0.429,0.214,0.214,12,27,3,7,1.0
textavia-glitch,Textavia Glitch Text Converter,spaces,preset:Poltergeist,1,4.0,0.0,4.0,4.0,0.312,0.188,0.5,16,29,2,7,1.0
textavia-glitch,Textavia Glitch Text Converter,spaces,preset:Possessed,1,15.75,0.0,15.75,15.75,0.508,0.0,0.476,50,76,11,17,1.0
textavia-glitch,Textavia Glitch Text Converter,spaces,preset:Random Scatter,1,1.25,0.0,1.25,1.25,0.2,0.2,0.6,5,18,1,2,1.0
textavia-glitch,Textavia Glitch Text Converter,spaces,preset:Shattered,1,8.5,0.0,8.5,8.5,0.471,0.265,0.265,24,47,8,17,1.0
textavia-glitch,Textavia Glitch Text Converter,spaces,preset:Submerged,1,2.75,0.0,2.75,2.75,0.091,0.091,0.727,10,24,1,3,1.0
textavia-glitch,Textavia Glitch Text Converter,spaces,preset:Void,1,7.5,0.0,7.5,7.5,0.133,0.1,0.733,26,43,3,15,1.0
textavia-glitch,Textavia Glitch Text Converter,mixed,default,3,1.58,0.21,1.312,1.812,1.0,0.0,0.0,21,44.3,2,2,1.0
textavia-glitch,Textavia Glitch Text Converter,mixed,preset:Below Light,1,1.31,0.0,1.312,1.312,0.0,0.0,1.0,18,40,0,2,1.0
textavia-glitch,Textavia Glitch Text Converter,mixed,preset:Electric,1,1.62,0.0,1.625,1.625,1.0,0.0,0.0,22,45,2,2,1.0
textavia-glitch,Textavia Glitch Text Converter,mixed,preset:Flicker,1,0.5,0.0,0.5,0.5,1.0,0.0,0.0,7,27,1,1,0.5
textavia-glitch,Textavia Glitch Text Converter,mixed,preset:Frozen,1,1.56,0.0,1.562,1.562,0.12,0.08,0.76,21,44,1,2,1.0
textavia-glitch,Textavia Glitch Text Converter,mixed,preset:Mid Light,1,1.69,0.0,1.688,1.688,0.37,0.222,0.407,16,46,2,2,1.0
textavia-glitch,Textavia Glitch Text Converter,mixed,preset:Mist,1,1.0,0.0,1.0,1.0,0.0,0.0,1.0,13,35,0,1,1.0
textavia-glitch,Textavia Glitch Text Converter,mixed,preset:Soft Scratch,1,1.0,0.0,1.0,1.0,0.312,0.25,0.312,12,35,1,1,1.0
textavia-glitch,Textavia Glitch Text Converter,mixed,preset:Static Light,1,1.0,0.0,1.0,1.0,0.688,0.0,0.25,13,35,1,1,1.0
textavia-glitch,Textavia Glitch Text Converter,mixed,preset:Underwater,1,1.94,0.0,1.938,1.938,0.0,0.0,1.0,21,50,0,3,1.0
textavia-glitch,Textavia Glitch Text Converter,mixed,preset:Weathered,1,1.5,0.0,1.5,1.5,0.708,0.042,0.167,18,43,2,2,1.0
textavia-glitch,Textavia Glitch Text Converter,mixed,preset:Whisper,1,1.0,0.0,1.0,1.0,1.0,0.0,0.0,13,35,1,1,1.0
textavia-glitch,Textavia Glitch Text Converter,mixed,preset:Cascade Down,1,3.0,0.0,3.0,3.0,0.417,0.062,0.521,34,67,3,3,1.0
textavia-glitch,Textavia Glitch Text Converter,mixed,preset:Center Focus,1,3.12,0.0,3.125,3.125,0.58,0.04,0.38,36,69,4,6,1.0
textavia-glitch,Textavia Glitch Text Converter,mixed,preset:Data Corrupt,1,2.81,0.0,2.812,2.812,0.467,0.178,0.289,25,64,3,4,1.0
textavia-glitch,Textavia Glitch Text Converter,mixed,preset:Decay,1,3.19,0.0,3.188,3.188,0.392,0.059,0.529,37,70,3,7,1.0
textavia-glitch,Textavia Glitch Text Converter,mixed,preset:Edges Only,1,1.38,0.0,1.375,1.375,0.455,0.091,0.409,19,41,5,9,0.25
textavia-glitch,Textavia Glitch Text Converter,mixed,preset:Fragmented,1,1.44,0.0,1.438,1.438,0.522,0.0,0.391,22,42,2,3,0.688
textavia-glitch,Textavia Glitch Text Converter,mixed,preset:Glitch Scan,1,2.31,0.0,2.312,2.312,0.405,0.054,0.541,34,56,4,5,1.0
textavia-glitch,Textavia Glitch Text Converter,mixed,preset:Haunted,1,3.31,0.0,3.312,3.312,0.528,0.0,0.472,43,72,3,5,1.0
textavia-glitch,Textavia Glitch Text Converter,mixed,preset:Heartbeat,1,1.88,0.0,1.875,1.875,0.4,0.033,0.533,26,49,5,10,1.0
textavia-glitch,Textavia Glitch Text Converter,mixed,preset:Interference,1,2.44,0.0,2.438,2.438,0.564,0.0,0.436,34,58,3,3,1.0
textavia-glitch,Textavia Glitch Text Converter,mixed,preset:Matrix Rain,1,3.12,0.0,3.125,3.125,0.0,0.0,1.0,29,69,0,5,1.0
textavia-glitch,Textavia Glitch Text Converter,mixed,preset:Medium Static,1,2.62,0.0,2.625,2.625,0.452,0.024,0.452,31,61,4,4,1.0
textavia-glitch,Textavia Glitch Text Converter,mixed,preset:Mid Heavy,1,3.06,0.0,3.062,3.062,0.592,0.102,0.265,18,68,4,6,1.0
textavia-glitch,Textavia Glitch Text Converter,mixed,preset:Neon Flicker,1,1.44,0.0,1.438,1.438,0.522,0.174,0.304,20,42,2,3,1.0
textavia-glitch,Textavia Glitch Text Converter,mixed,preset:Progressive,1,4.06,0.0,4.062,4.062,0.446,0.015,0.462,50,84,5,11,1.0
textavia-glitch,Textavia Glitch Text Converter,mixed,preset:Pulse,1,2.31,0.0,2.312,2.312,0.459,0.027,0.486,33,56,4,6,1.0
textavia-glitch,Textavia Glitch Text Converter,mixed,preset:Radioactive,1,2.12,0.0,2.125,2.125,0.382,0.059,0.559,27,53,2,4,1.0
textavia-glitch,Textavia Glitch Text Converter,mixed,preset:Redacted,1,4.0,0.0,4.0,4.0,0.375,0.25,0.328,23,83,3,6,1.0
textavia-glitch,Textavia Glitch Text Converter,mixed,preset:Scratched,1,2.5,0.0,2.5,2.5,0.55,0.075,0.175,20,59,4,4,1.0
textavia-glitch,Textavia Glitch Text Converter,mixed,preset:Shimmer,1,2.0,0.0,2.0,2.0,1.0,0.0,0.0,24,51,3,3,1.0
textavia-glitch,Textavia Glitch Text Converter,mixed,preset:Signal Loss,1,2.12,0.0,2.125,2.125,0.412,0.029,0.441,30,53,3,5,1.0
textavia-glitch,Textavia Glitch Text Converter,mixed,preset:Spectral,1,2.44,0.0,2.438,2.438,0.872,0.026,0.103,28,58,4,4,1.0
textavia-glitch,Textavia Glitch Text Converter,mixed,preset:Tremor,1,1.81,0.0,1.812,1.812,0.0,0.0,1.0,21,48,0,3,1.0
textavia-glitch,Textavia Glitch Text Converter,mixed,preset:TV Static,1,2.19,0.0,2.188,2.188,1.0,0.0,0.0,24,54,5,5,1.0
textavia-glitch,Textavia Glitch Text Converter,mixed,preset:Wave,1,3.19,0.0,3.188,3.188,0.431,0.059,0.49,41,70,4,8,1.0
textavia-glitch,Textavia Glitch Text Converter,mixed,preset:Above Heavy,1,3.0,0.0,3.0,3.0,1.0,0.0,0.0,28,67,7,7,1.0
textavia-glitch,Textavia Glitch Text Converter,mixed,preset:Below Heavy,1,5.25,0.0,5.25,5.25,0.0,0.0,1.0,34,103,0,8,1.0
textavia-glitch,Textavia Glitch Text Converter,mixed,preset:Bleeding,1,4.69,0.0,4.688,4.688,0.053,0.107,0.813,46,94,2,7,1.0
textavia-glitch,Textavia Glitch Text Converter,mixed,preset:Burning,1,5.88,0.0,5.875,5.875,1.0,0.0,0.0,41,113,10,10,1.0
textavia-glitch,Textavia Glitch Text Converter,mixed,preset:Corrupted,1,4.0,0.0,4.0,4.0,0.703,0.156,0.125,35,83,6,7,1.0
textavia-glitch,Textavia Glitch Text Converter,mixed,preset:Cursed,1,5.0,0.0,5.0,5.0,0.525,0.037,0.375,53,99,5,8,1.0
textavia-glitch,Textavia Glitch Text Converter,mixed,preset:Demon Text,1,6.19,0.0,6.188,6.188,0.485,0.081,0.424,66,118,8,12,1.0
textavia-glitch,Textavia Glitch Text Converter,mixed,preset:Heavy Mixed,1,5.5,0.0,5.5,5.5,0.42,0.057,0.466,58,107,6,8,1.0
textavia-glitch,Textavia Glitch Text Converter,mixed,preset:Insane,1,6.69,0.0,6.688,6.688,0.514,0.056,0.402,62,126,8,14,1.0
textavia-glitch,Textavia Glitch Text Converter,mixed,preset:Maximum,1,11.62,0.0,11.625,11.625,0.419,0.075,0.457,84,205,10,21,1.0
textavia-glitch,Textavia Glitch Text Converter,mixed,preset:Melting,1,5.88,0.0,5.875,5.875,0.0,0.0,1.0,35,113,0,10,1.0
textavia-glitch,Textavia Glitch Text Converter,mixed,preset:Overload,1,6.38,0.0,6.375,6.375,0.549,0.029,0.402,64,121,8,10,1.0
textavia-glitch,Textavia Glitch Text Converter,mixed,preset:Poltergeist,1,3.0,0.0,3.0,3.0,0.562,0.062,0.354,38,67,6,7,1.0
textavia-glitch,Textavia Glitch Text Converter,mixed,preset:Possessed,1,9.25,0.0,9.25,9.25,0.473,0.047,0.473,78,167,12,18,1.0
textavia-glitch,Textavia Glitch Text Converter,mixed,preset:Random Scatter,1,3.19,0.0,3.188,3.188,0.49,0.039,0.451,38,70,5,7,1.0
textavia-glitch,Textavia Glitch Text Converter,mixed,preset:Shattered,1,8.81,0.0,8.812,8.812,0.504,0.05,0.404,79,160,11,20,0.812
textavia-glitch,Textavia Glitch Text Converter,mixed,preset:Submerged,1,4.5,0.0,4.5,4.5,0.194,0.069,0.694,43,91,4,8,1.0
textavia-glitch,Textavia Glitch Text Converter,mixed,preset:Void,1,8.88,0.0,8.875,8.875,0.197,0.077,0.718,68,161,4,18,1.0
textavia-glitch,Textavia Glitch Text Converter,watching,task:light,2,1.0,0.0,1.0,1.0,1.0,0.0,0.0,17,45,1,1,1.0
textavia-glitch,Textavia Glitch Text Converter,watching,task:extreme,2,14.02,0.55,13.476,14.571,0.435,0.078,0.458,105,318.5,13,25,1.0
textavia-glitch,Textavia Glitch Text Converter,watching,task:above_only,2,3.93,0.17,3.762,4.095,1.0,0.0,0.0,39,106.5,8,8,1.0
textavia-glitch,Textavia Glitch Text Converter,watching,task:below_only,2,5.38,0.05,5.333,5.429,0.0,0.0,1.0,39,137,0,8,1.0
textavia-glitch,Textavia Glitch Text Converter,watching,task:middle_only,2,3.98,0.02,3.952,4.0,0.413,0.162,0.323,23,107.5,4,6,1.0
textavia-glitch,Textavia Glitch Text Converter,watching,task:mostly_readable,2,1.0,0.0,1.0,1.0,1.0,0.0,0.0,17,45,1,1,1.0
textavia-glitch,Textavia Glitch Text Converter,watching,task:dense_unreadable,2,14.02,0.55,13.476,14.571,0.435,0.078,0.458,105,318.5,13,25,1.0
textavia-glitch,Textavia Glitch Text Converter,watching,task:increasing,2,3.69,0.17,3.524,3.857,0.432,0.077,0.445,59,101.5,6,9,1.0
textavia-glitch,Textavia Glitch Text Converter,watching,task:decreasing,2,3.67,0.0,3.667,3.667,0.435,0.065,0.487,57,101,5,10,1.0
textavia-glitch,Textavia Glitch Text Converter,watching,task:wave,2,3.52,0.14,3.381,3.667,0.48,0.061,0.446,60,98,4,8,1.0
textavia-glitch,Textavia Glitch Text Converter,watching,task:middle_peak,2,3.81,0.1,3.714,3.905,0.419,0.1,0.469,59,104,6,10,1.0
textavia-glitch,Textavia Glitch Text Converter,watching,task:middle_valley,2,1.24,0.05,1.19,1.286,0.346,0.077,0.577,24,50,4,10,0.19
textavia-glitch,Textavia Glitch Text Converter,watching,task:strikethrough,2,1.48,0.0,1.476,1.476,0.435,0.242,0.274,17,55,2,2,1.0
textavia-glitch,Textavia Glitch Text Converter,watching,task:tiny_stack,2,1.6,0.07,1.524,1.667,1.0,0.0,0.0,27,57.5,2,2,1.0
textavia-glitch,Textavia Glitch Text Converter,watching,task:roots_downward,2,5.31,0.69,4.619,6.0,0.0,0.0,1.0,37,135.5,0,10,1.0
textavia,Textavia Zalgo Text Generator,hello,default,20,3.9,0.4,3.2,4.6,0.495,0.0,0.505,21,24.5,3,6,1.0
textavia,Textavia Zalgo Text Generator,he_comes,default,3,3.52,0.24,3.286,3.857,0.494,0.0,0.506,26,37,3,5,1.0
textavia,Textavia Zalgo Text Generator,watching,default,3,3.81,0.21,3.524,4.0,0.514,0.0,0.486,59,116.7,3,6,1.0
textavia,Textavia Zalgo Text Generator,digits,default,3,4.11,0.31,3.667,4.333,0.459,0.0,0.541,22,30.7,3,6,1.0
textavia,Textavia Zalgo Text Generator,accents,default,3,3.7,0.14,3.5,3.8,0.536,0.0,0.464,39,58,3,6,1.0
textavia,Textavia Zalgo Text Generator,emoji,default,3,3.73,0.34,3.4,4.2,0.5,0.0,0.5,32,45,3,6,1.0
textavia,Textavia Zalgo Text Generator,long100,default,3,3.79,0.08,3.679,3.864,0.482,0.0,0.518,87,480.7,3,6,1.0
textavia,Textavia Zalgo Text Generator,punct,default,3,3.81,0.09,3.696,3.913,0.506,0.0,0.494,76,210.7,3,6,1.0
textavia,Textavia Zalgo Text Generator,spaces,default,3,3.92,0.47,3.25,4.25,0.486,0.0,0.514,38,60.3,3,5,1.0
textavia,Textavia Zalgo Text Generator,mixed,default,3,3.73,0.23,3.438,4.0,0.493,0.0,0.507,51,89.3,3,6,1.0
textavia,Textavia Zalgo Text Generator,hello,ctl:intensity=Low (subtle),10,2.0,0.0,2.0,2.0,0.5,0.0,0.5,10,15,1,2,1.0
textavia,Textavia Zalgo Text Generator,hello,ctl:intensity=High (extreme),10,7.14,0.76,6.0,8.4,0.504,0.042,0.443,33,40.7,6,12,1.0
textavia,Textavia Zalgo Text Generator,watching,task:light,2,2.0,0.0,2.0,2.0,0.5,0.0,0.5,38,72,1,2,1.0
textavia,Textavia Zalgo Text Generator,watching,task:mostly_readable,2,2.0,0.0,2.0,2.0,0.5,0.0,0.5,38,72,1,2,1.0
textavia,Textavia Zalgo Text Generator,watching,task:extreme,2,8.17,0.26,7.905,8.429,0.492,0.031,0.469,95,219,7,15,1.0
textavia,Textavia Zalgo Text Generator,watching,task:dense_unreadable,2,8.17,0.26,7.905,8.429,0.492,0.031,0.469,95,219,7,15,1.0
ultratextgen,UltraTextGen,hello,default,20,4.56,0.9,3.6,6.0,0.5,0.167,0.333,28,27.8,3,6,0.76
ultratextgen,UltraTextGen,he_comes,default,3,4.29,0.7,3.429,5.143,0.5,0.167,0.333,31,38,3,6,0.714
ultratextgen,UltraTextGen,watching,default,3,4.86,0.47,4.286,5.429,0.5,0.167,0.333,62,126,3,6,0.81
ultratextgen,UltraTextGen,digits,default,3,5.0,0.82,4.0,6.0,0.5,0.167,0.333,30,36,3,6,0.833
ultratextgen,UltraTextGen,accents,default,3,5.4,0.49,4.8,6.0,0.5,0.167,0.333,42,66,3,6,0.9
ultratextgen,UltraTextGen,emoji,default,3,4.0,1.13,2.4,4.8,0.5,0.167,0.333,28,39,3,6,0.667
ultratextgen,UltraTextGen,long100,default,3,4.79,0.23,4.593,5.111,0.5,0.167,0.333,95,500,3,6,0.798
ultratextgen,UltraTextGen,punct,default,3,4.44,0.37,4.174,4.957,0.5,0.167,0.333,80,214,3,6,0.739
ultratextgen,UltraTextGen,spaces,default,3,6.0,0.0,6.0,6.0,0.5,0.167,0.333,22,37,3,6,1.0
ultratextgen,UltraTextGen,mixed,default,3,5.0,0.35,4.5,5.25,0.5,0.167,0.333,54,99,3,6,0.833
ultratextgen,UltraTextGen,hello,preset:Subtle,10,0.84,0.42,0.0,1.6,0.5,0.0,0.5,8,9.2,1,2,0.42
ultratextgen,UltraTextGen,hello,preset:Classic,10,4.32,1.22,2.4,6.0,0.5,0.167,0.333,27,26.6,3,6,0.72
ultratextgen,UltraTextGen,hello,preset:Cursed,10,8.46,0.82,7.2,9.0,0.556,0.111,0.333,40,47.3,5,9,0.94
ultratextgen,UltraTextGen,hello,preset:HE COMES,10,18.0,0.0,18.0,18.0,0.556,0.111,0.333,64,95,10,18,1.0
ultratextgen,UltraTextGen,hello,preset:Tiny Stack,10,1.0,0.0,1.0,1.0,1.0,0.0,0.0,5,10,1,1,1.0
ultratextgen,UltraTextGen,hello,preset:Extreme,10,48.0,0.0,48.0,48.0,0.583,0.042,0.375,95,245,28,48,1.0
ultratextgen,UltraTextGen,hello,preset:Thai Cascade,5,13.33,0.0,13.333,13.333,0.0,0.0,0.0,1,87,0,80,0.167
ultratextgen,UltraTextGen,hello,ctl:cascade placement=suffix,2,13.33,0.0,13.333,13.333,0.0,0.0,0.0,1,87,0,80,0.167
ultratextgen,UltraTextGen,hello,ctl:cascade placement=each,2,80.0,0.0,80.0,80.0,0.0,0.0,0.0,1,405,0,80,1.0
ultratextgen,UltraTextGen,hello,ctl:cascade anchor=text,2,80.0,0.0,80.0,80.0,0.0,0.0,0.0,1,405,0,80,1.0
ultratextgen,UltraTextGen,hello,ctl:cascade depth=10 (min),2,10.0,0.0,10.0,10.0,0.0,0.0,0.0,1,55,0,10,1.0
ultratextgen,UltraTextGen,hello,ctl:cascade depth=150 (max),2,150.0,0.0,150.0,150.0,0.0,0.0,0.0,1,755,0,150,1.0
ultratextgen,UltraTextGen,hello,ctl:cascade mark=mai-ek,1,150.0,0.0,150.0,150.0,0.0,0.0,0.0,1,755,0,150,1.0
ultratextgen,UltraTextGen,hello,ctl:amplitude=1 (min),10,2.46,0.5,1.2,3.0,0.333,0.333,0.333,14,17.3,1,3,0.82
ultratextgen,UltraTextGen,hello,ctl:amplitude=20 (max),10,16.4,4.18,8.0,20.0,0.55,0.1,0.35,67,87,11,20,0.82
ultratextgen,UltraTextGen,hello,ctl:frequency=0 (min),10,0.0,0.0,0.0,0.0,0.0,0.0,0.0,0,5,0,0,0.0
ultratextgen,UltraTextGen,hello,ctl:frequency=1 (max),10,6.0,0.0,6.0,6.0,0.5,0.167,0.333,26,35,3,6,1.0
ultratextgen,UltraTextGen,hello,ctl:extreme amplitude=100 (max),10,92.0,0.0,92.0,92.0,0.598,0.022,0.38,97,465,55,92,1.0
ultratextgen,UltraTextGen,hello,ctl:extreme amplitude=1 (min),10,3.0,0.0,3.0,3.0,0.333,0.333,0.333,13,20,1,3,1.0
ultratextgen,UltraTextGen,hello,ctl:position=up,10,4.1,0.7,3.0,5.0,1.0,0.0,0.0,22,25.5,5,5,0.82
ultratextgen,UltraTextGen,hello,ctl:position=mid,10,4.5,0.67,3.0,5.0,0.0,1.0,0.0,5,27.5,0,5,0.9
ultratextgen,UltraTextGen,hello,ctl:position=down,10,3.6,0.92,2.0,5.0,0.0,0.0,1.0,19,23,0,5,0.72
ultratextgen,UltraTextGen,hello,ctl:position=up-down,10,4.0,0.77,3.0,5.0,0.6,0.0,0.4,25,25,3,5,0.8
ultratextgen,UltraTextGen,hello,ctl:chars=bars,5,4.32,1.22,2.4,6.0,0.5,0.167,0.333,12,26.6,3,6,0.72
ultratextgen,UltraTextGen,hello,ctl:chars=letters,5,5.28,0.96,3.6,6.0,0.5,0.167,0.333,24,31.4,3,6,0.88
ultratextgen,UltraTextGen,hello,ctl:chars=symbols,5,5.04,1.18,3.6,6.0,0.5,0.167,0.333,20,30.2,3,6,0.84
ultratextgen,UltraTextGen,hello,ctl:chars=noise,5,4.8,0.76,3.6,6.0,0.5,0.167,0.333,23,29,3,6,0.8
ultratextgen,UltraTextGen,hello,ctl:shape=uniform,10,4.68,0.65,3.6,6.0,0.5,0.167,0.333,25,28.4,3,6,0.78
ultratextgen,UltraTextGen,hello,ctl:shape=slope-up,10,2.96,0.65,1.4,3.4,0.473,0.236,0.291,16,19.8,3,6,0.7
ultratextgen,UltraTextGen,hello,ctl:shape=slope-down,10,2.68,0.63,1.4,3.4,0.478,0.231,0.291,17,18.4,3,6,0.62
ultratextgen,UltraTextGen,hello,ctl:shape=wave,10,3.18,1.04,0.6,4.2,0.428,0.239,0.333,18,20.9,3,6,0.76
ultratextgen,UltraTextGen,hello,ctl:shape=pyramid,10,2.44,0.45,1.6,2.8,0.5,0.213,0.287,14,17.2,3,6,0.52
ultratextgen,UltraTextGen,hello,ctl:shape=valley,10,3.26,0.87,1.4,4.6,0.472,0.221,0.307,19,21.3,3,6,0.72
ultratextgen,UltraTextGen,hello,ctl:shape=staircase,10,3.68,0.57,2.6,4.6,0.484,0.212,0.304,22,23.4,3,6,0.78
ultratextgen,UltraTextGen,hello,ctl:shape=random,10,3.26,0.65,2.2,4.6,0.46,0.252,0.288,18,21.3,3,6,0.82
ultratextgen,UltraTextGen,watching,ctl:shape=uniform,5,4.63,0.38,4.0,5.143,0.5,0.167,0.333,65,121.2,3,6,0.772
ultratextgen,UltraTextGen,watching,ctl:shape=slope-up,5,2.86,0.29,2.429,3.238,0.443,0.263,0.293,47,84,3,6,0.752
ultratextgen,UltraTextGen,watching,ctl:shape=slope-down,5,2.92,0.24,2.619,3.19,0.446,0.257,0.296,43,85.4,3,6,0.753
ultratextgen,UltraTextGen,watching,ctl:shape=wave,5,3.52,0.42,3.143,4.143,0.476,0.216,0.308,57,98,3,6,0.762
ultratextgen,UltraTextGen,watching,ctl:shape=pyramid,5,2.39,0.39,1.857,2.857,0.442,0.271,0.287,40,74.2,3,6,0.648
ultratextgen,UltraTextGen,watching,ctl:shape=valley,5,3.39,0.26,3.095,3.857,0.449,0.25,0.301,50,95.2,3,6,0.848
ultratextgen,UltraTextGen,watching,ctl:shape=staircase,5,3.3,0.52,2.286,3.714,0.465,0.237,0.298,50,93.2,3,6,0.781
ultratextgen,UltraTextGen,watching,ctl:shape=random,5,3.07,0.27,2.667,3.476,0.453,0.252,0.295,47,88.4,3,6,0.772
ultratextgen,UltraTextGen,hello,ctl:variant row Up & Down,5,4.4,0.49,4.0,5.0,0.6,0.0,0.4,25,27,3,5,0.88
ultratextgen,UltraTextGen,hello,ctl:variant row Spires,5,6.0,0.0,6.0,6.0,1.0,0.0,0.0,25,35,6,6,1.0
ultratextgen,UltraTextGen,hello,ctl:variant row Roots,5,6.0,0.0,6.0,6.0,0.0,0.0,1.0,25,35,0,6,1.0
ultratextgen,UltraTextGen,hello,ctl:variant row Strikethrough,5,2.0,0.0,2.0,2.0,0.0,1.0,0.0,5,15,0,2,1.0
ultratextgen,UltraTextGen,hello,ctl:variant row Tiny Stack,5,1.0,0.0,1.0,1.0,1.0,0.0,0.0,5,10,1,1,1.0
ultratextgen,UltraTextGen,watching,task:light,2,0.86,0.0,0.857,0.857,0.5,0.0,0.5,17,42,1,2,0.429
ultratextgen,UltraTextGen,watching,task:mostly_readable,2,1.05,0.29,0.762,1.333,0.5,0.0,0.5,24,46,1,2,0.524
ultratextgen,UltraTextGen,watching,task:extreme,2,48.0,0.0,48.0,48.0,0.583,0.042,0.375,97,1032,28,48,1.0
ultratextgen,UltraTextGen,watching,task:dense_unreadable,2,18.0,0.0,18.0,18.0,0.556,0.111,0.333,96,402,10,18,1.0
ultratextgen,UltraTextGen,watching,task:above_only,2,4.05,0.24,3.81,4.286,1.0,0.0,0.0,38,109,5,5,0.809
ultratextgen,UltraTextGen,watching,task:below_only,2,4.29,0.24,4.048,4.524,0.0,0.0,1.0,41,114,0,5,0.858
ultratextgen,UltraTextGen,watching,task:middle_only,2,4.17,0.36,3.81,4.524,0.0,1.0,0.0,5,111.5,0,5,0.834
ultratextgen,UltraTextGen,watching,task:roots_downward,2,4.4,0.12,4.286,4.524,0.0,0.0,1.0,43,116.5,0,5,0.881
ultratextgen,UltraTextGen,watching,task:strikethrough,2,0.88,0.02,0.857,0.905,0.0,1.0,0.0,5,42.5,0,1,0.881
ultratextgen,UltraTextGen,watching,task:tiny_stack,2,1.0,0.0,1.0,1.0,1.0,0.0,0.0,10,45,1,1,1.0
ultratextgen,UltraTextGen,watching,task:increasing,2,3.24,0.0,3.238,3.238,0.441,0.265,0.294,44,92,3,6,0.857
ultratextgen,UltraTextGen,watching,task:decreasing,2,3.52,0.0,3.524,3.524,0.446,0.257,0.297,47,98,3,6,0.905
ultratextgen,UltraTextGen,watching,task:wave,2,4.52,0.0,4.524,4.524,0.474,0.221,0.305,56,119,3,6,1.0
ultratextgen,UltraTextGen,watching,task:middle_peak,2,3.0,0.0,3.0,3.0,0.444,0.27,0.286,42,87,3,6,0.81
ultratextgen,UltraTextGen,watching,task:middle_valley,2,4.0,0.0,4.0,4.0,0.452,0.25,0.298,54,108,3,6,1.0
zalgo-io,Zalgo.io,hello,default,20,8.03,0.96,5.8,9.4,0.442,0.05,0.508,41,45.1,8,13,1.0
zalgo-io,Zalgo.io,he_comes,default,3,8.14,0.0,8.143,8.143,0.433,0.035,0.532,45,65,7,13,1.0
zalgo-io,Zalgo.io,watching,default,3,7.46,0.16,7.238,7.619,0.434,0.043,0.523,87,180.7,7,12,1.0
zalgo-io,Zalgo.io,digits,default,3,8.11,0.64,7.5,9.0,0.404,0.055,0.541,45,54.7,6,12,1.0
zalgo-io,Zalgo.io,accents,default,3,7.83,0.45,7.2,8.2,0.494,0.017,0.489,58,90.3,6,12,1.0
zalgo-io,Zalgo.io,emoji,default,3,7.13,0.25,6.8,7.4,0.427,0.024,0.549,53,79.7,6,11,1.0
zalgo-io,Zalgo.io,long100,default,3,7.93,0.23,7.617,8.16,0.435,0.043,0.522,111,761,7,13,1.0
zalgo-io,Zalgo.io,punct,default,3,7.8,0.07,7.696,7.87,0.434,0.024,0.542,104,331.3,6,13,1.0
zalgo-io,Zalgo.io,spaces,default,3,7.08,0.59,6.25,7.5,0.388,0.024,0.588,26,41.3,5,11,1.0
zalgo-io,Zalgo.io,mixed,default,3,7.65,0.48,7.188,8.312,0.441,0.038,0.52,74,141.3,7,13,1.0
zalgo-io,Zalgo.io,hello,preset:Mild,10,2.98,0.36,2.2,3.6,0.503,0.0,0.497,18,19.9,2,4,1.0
zalgo-io,Zalgo.io,hello,preset:Medium,10,8.14,1.09,6.2,9.6,0.467,0.032,0.501,38,45.7,7,13,1.0
zalgo-io,Zalgo.io,hello,preset:Chaotic,10,13.94,1.59,11.0,16.2,0.433,0.03,0.537,58,74.7,12,23,1.0
zalgo-io,Zalgo.io,hello,preset:Extreme,10,26.6,4.49,17.0,31.4,0.512,0.036,0.452,84,138,21,47,1.0
zalgo-io,Zalgo.io,hello,ctl:intensity=1 (min),10,3.0,0.0,3.0,3.0,0.393,0.06,0.547,15,20,2,3,1.0
zalgo-io,Zalgo.io,hello,ctl:intensity=20 (max),10,27.78,4.97,21.2,35.8,0.456,0.032,0.512,91,143.9,23,49,1.0
zalgo-io,Zalgo.io,hello,"ctl:above-only (Direction toggles, intensity 5)",10,2.88,0.47,2.2,3.8,1.0,0.0,0.0,15,19.4,5,5,1.0
zalgo-io,Zalgo.io,hello,"ctl:middle-only (Direction toggles, intensity 5)",10,1.88,0.26,1.4,2.4,0.16,0.16,0.681,11,14.4,2,3,1.0
zalgo-io,Zalgo.io,hello,"ctl:below-only (Direction toggles, intensity 5)",10,3.04,0.58,2.4,4.4,0.0,0.0,1.0,15,20.2,0,5,1.0
zalgo-io,Zalgo.io,hello,ctl:Extreme preset + Platform-Safe on,10,7.42,0.68,6.2,8.8,0.429,0.03,0.542,34,42.1,6,11,1.0
zalgo-io,Zalgo.io,hello,ctl:Consistent on (default otherwise),5,7.0,0.0,7.0,7.0,0.543,0.029,0.429,29,40,5,8,1.0
zalgo-io,Zalgo.io,watching,ctl:Consistent on (default otherwise),2,7.95,0.0,7.952,7.952,0.455,0.018,0.527,87,191,6,13,1.0
zalgo-io,Zalgo.io,watching,task:light,3,3.02,0.12,2.905,3.19,0.505,0.0,0.495,52,87.3,2,4,1.0
zalgo-io,Zalgo.io,watching,task:mostly_readable,3,3.02,0.12,2.857,3.143,0.532,0.0,0.468,49,87.3,2,4,1.0
zalgo-io,Zalgo.io,watching,task:extreme,3,28.14,2.63,25.762,31.81,0.439,0.036,0.525,111,615,22,47,1.0
zalgo-io,Zalgo.io,watching,task:dense_unreadable,3,25.83,1.91,24.381,28.524,0.455,0.045,0.499,111,566.3,23,45,1.0
zalgo-io,Zalgo.io,watching,task:above_only,3,3.29,0.1,3.143,3.381,1.0,0.0,0.0,38,93,5,5,1.0
zalgo-io,Zalgo.io,watching,task:below_only,3,2.97,0.34,2.619,3.429,0.0,0.0,1.0,37,86.3,0,5,1.0
zalgo-io,Zalgo.io,watching,task:middle_only,3,1.68,0.2,1.476,1.952,0.189,0.151,0.66,24,59.3,2,3,1.0
zalgo-io,Zalgo.io,watching,task:strikethrough,3,1.0,0.0,1.0,1.0,0.222,0.111,0.667,15,45,1,1,1.0
zalgo-io,Zalgo.io,watching,task:roots_downward,3,11.49,0.67,10.619,12.238,0.0,0.0,1.0,44,265.3,0,20,1.0
zalgo-io,Zalgo.io,watching,task:tiny_stack,3,3.0,0.0,3.0,3.0,0.402,0.042,0.556,49,87,2,3,1.0
zalgo-org,Zalgo.org,hello,default,20,19.9,3.0,13.8,25.2,0.471,0.05,0.479,73,104.5,17,35,1.0
zalgo-org,Zalgo.org,he_comes,default,3,17.71,0.47,17.143,18.286,0.514,0.053,0.433,79,159.7,17,32,1.0
zalgo-org,Zalgo.org,watching,default,3,20.02,0.18,19.81,20.238,0.479,0.051,0.47,94,497,17,33,1.0
zalgo-org,Zalgo.org,digits,default,3,18.11,2.75,14.5,21.167,0.417,0.055,0.528,68,114.7,17,33,1.0
zalgo-org,Zalgo.org,accents,default,3,19.93,1.14,18.5,21.3,0.493,0.049,0.459,90,257.7,17,29,1.0
zalgo-org,Zalgo.org,emoji,default,3,16.0,2.44,13.8,19.4,0.496,0.06,0.443,83,193.7,16,30,1.0
zalgo-org,Zalgo.org,long100,default,3,19.11,0.15,18.926,19.296,0.473,0.053,0.475,94,2002.3,17,35,1.0
zalgo-org,Zalgo.org,punct,default,3,17.49,1.08,16.174,18.826,0.46,0.057,0.483,94,819,17,33,1.0
zalgo-org,Zalgo.org,spaces,default,3,15.42,0.72,14.5,16.25,0.409,0.06,0.531,84,230,17,33,1.0
zalgo-org,Zalgo.org,mixed,default,3,19.33,1.4,17.625,21.062,0.488,0.05,0.462,94,399.7,17,33,1.0
zalgo-org,Zalgo.org,hello,ctl:craziness=0 (min) (slider moved after typing),10,1.0,0.0,1.0,1.0,0.0,1.0,0.0,4,10,0,1,1.0
zalgo-org,Zalgo.org,hello,ctl:craziness=300 (max) (slider moved after typing),10,290.86,50.18,237.4,366.6,0.489,0.003,0.507,94,1459.3,288,517,1.0
zalgo-org,Zalgo.org,hello,"ctl:craziness=0 set, then text typed (typing handler resets maxHeight to 17)",5,19.48,1.19,17.2,20.6,0.507,0.051,0.441,66,102.4,17,34,1.0
zalgo-org,Zalgo.org,hello,ctl:craziness=5 (slider re-fired at its displayed default after typing),10,6.52,0.52,5.8,7.6,0.429,0.153,0.417,35,37.6,5,10,1.0
zalgo-org,Zalgo.org,watching,task:light,3,4.9,0.07,4.857,5.0,0.388,0.202,0.41,63,142.7,3,7,1.0
zalgo-org,Zalgo.org,watching,task:mostly_readable,3,3.98,0.26,3.619,4.19,0.37,0.249,0.381,59,120.3,2,5,1.0
zalgo-org,Zalgo.org,watching,task:tiny_stack,3,3.0,0.0,3.0,3.0,0.333,0.333,0.333,44,96,1,3,1.0
zalgo-org,Zalgo.org,watching,task:extreme,3,282.51,35.51,233.143,315.19,0.563,0.003,0.433,94,6949.3,300,496,1.0
zalgo-org,Zalgo.org,watching,task:dense_unreadable,3,309.68,27.15,279.048,345.048,0.53,0.003,0.467,94,7265,298,528,1.0
zalgo-org,Zalgo.org,watching,task:middle_only,3,1.0,0.0,1.0,1.0,0.0,1.0,0.0,5,48,0,1,1.0
zalgo-org,Zalgo.org,watching,task:strikethrough,3,1.0,0.0,1.0,1.0,0.0,1.0,0.0,5,48,0,1,1.0
