case,worksheet_type,treatment,capture,wd_pct,ttc_pct,wd_saving_pct,wd_points_saved,ttc_saving_pct,credit_qr_p10_luma,credit_qr_median_luma,credit_qr_visible_after_copy1,credit_qr_visible_after_copy2,heading_p10_luma,heading_median_luma,heading_visible_after_copy1,heading_visible_after_copy2,name_date_line_p10_luma,name_date_line_median_luma,name_date_line_visible_after_copy1,name_date_line_visible_after_copy2,writing_guides_p10_luma,writing_guides_median_luma,writing_guides_visible_after_copy1,writing_guides_visible_after_copy2,example_row_p10_luma,example_row_median_luma,example_row_visible_after_copy1,example_row_visible_after_copy2,trace_rows_p10_luma,trace_rows_median_luma,trace_rows_visible_after_copy1,trace_rows_visible_after_copy2,other_marks_p10_luma,other_marks_median_luma,other_marks_visible_after_copy1,other_marks_visible_after_copy2
hw-finedot,Tracing with dark dotted or dashed marks,standard,measured,1.8604,3.0358,0.0,0.0,0.0,0.1076,0.1819,0.916,0.9192,0.1076,0.1233,0.9341,0.9362,0.123,0.9071,0.291,0.292,0.6494,0.7827,0.4305,0.0172,0.1076,0.1076,0.9717,0.9757,0.174,0.318,0.8571,0.8276,0.5833,0.7247,0.5772,0.2395
hw-finedot,Tracing with dark dotted or dashed marks,broad_fade_72,measured,1.4251,1.954,23.4,0.4353,35.63,0.353,0.4076,0.836,0.8046,0.1076,0.1233,0.9341,0.9362,0.123,0.9071,0.291,0.292,0.744,0.8423,0.0643,0.0048,0.353,0.353,0.9504,0.9399,0.404,0.5072,0.7538,0.6794,0.5833,0.7247,0.5772,0.2395
hw-finedot,Tracing with dark dotted or dashed marks,high_contrast,measured,2.9901,3.897,-60.72,-1.1297,-28.37,0.1076,0.1819,0.916,0.9192,0.1076,0.1233,0.9341,0.9362,0.123,0.9071,0.291,0.292,0.0039,0.1725,1.0,0.9963,0.1076,0.1076,0.9722,0.9765,0.0,0.1725,0.9116,0.9131,0.5833,0.7247,0.5772,0.2395
hw-finedot,Tracing with dark dotted or dashed marks,page_wide_fade_75,measured,1.3973,1.8595,24.89,0.4631,38.75,0.3297,0.388,0.8455,0.817,0.3297,0.3415,0.8732,0.8434,0.3415,0.9278,0.2727,0.2584,0.7362,0.8348,0.089,0.0051,0.3297,0.3297,0.953,0.945,0.3807,0.4897,0.7657,0.6973,0.6861,0.7916,0.3353,0.0084
hw-finedot,Tracing with dark dotted or dashed marks,page_wide_fade_60,measured,1.1197,1.4087,39.81,0.7407,53.6,0.4622,0.509,0.7909,0.7224,0.4622,0.4737,0.809,0.762,0.4701,0.9429,0.2492,0.2247,0.7903,0.8695,0.0075,0.0032,0.4622,0.4622,0.9328,0.9065,0.5051,0.5908,0.6927,0.5791,0.7451,0.8314,0.0847,0.0
hw-finedot,Tracing with dark dotted or dashed marks,lighter_color_75_all,measured,1.3986,1.8652,24.82,0.4618,38.56,0.3297,0.388,0.8449,0.8163,0.3297,0.3415,0.8753,0.8478,0.3376,0.9309,0.2737,0.2608,0.7365,0.8351,0.0889,0.0051,0.3297,0.3297,0.9544,0.9464,0.3804,0.4894,0.766,0.6973,0.6889,0.7916,0.3288,0.0072
hw-finedot,Tracing with dark dotted or dashed marks,lighter_dark_marks_75,measured,1.5187,2.0385,18.37,0.3417,32.85,0.3297,0.388,0.8449,0.8163,0.3297,0.3415,0.8753,0.8478,0.3376,0.9071,0.2737,0.2608,0.6494,0.7827,0.4298,0.0159,0.3297,0.3297,0.9552,0.9469,0.3804,0.4894,0.7662,0.6974,0.5833,0.7247,0.5772,0.2395
hw-finedot,Tracing with dark dotted or dashed marks,lighter_dark_marks_60,measured,1.3085,1.6835,29.67,0.552,44.54,0.4661,0.5129,0.7876,0.7179,0.4661,0.474,0.8104,0.7631,0.474,0.9071,0.2514,0.2254,0.6494,0.7827,0.4289,0.0148,0.4661,0.4661,0.9355,0.9093,0.5051,0.5908,0.6924,0.5787,0.5833,0.7247,0.5772,0.2395
hw-finedot,Tracing with dark dotted or dashed marks,lighter_fills_55,measured,1.7234,2.725,7.37,0.137,10.24,0.509,0.5519,0.7627,0.6716,0.1076,0.1233,0.9341,0.9362,0.123,0.9071,0.291,0.292,0.6494,0.7827,0.4305,0.0172,0.1076,0.1076,0.9717,0.9757,0.174,0.318,0.8571,0.8276,0.5833,0.7247,0.5772,0.2395
hw-finedot,Tracing with dark dotted or dashed marks,credit_qr_removed,measured,1.5558,2.5217,16.37,0.3046,16.93,1.0,1.0,0.0,0.0,0.1076,0.1233,0.9341,0.9362,0.123,0.9071,0.291,0.292,0.6494,0.7827,0.4305,0.0172,0.1076,0.1076,0.9717,0.9757,0.174,0.318,0.8571,0.8276,0.5833,0.7247,0.5772,0.2395
hw-finedot,Tracing with dark dotted or dashed marks,lighter_dark_marks_75_keep_qr,measured,1.5946,2.2509,14.29,0.2659,25.86,0.1076,0.1819,0.916,0.9192,0.3297,0.3415,0.8753,0.8478,0.3376,0.9071,0.2737,0.2608,0.6494,0.7827,0.4298,0.0159,0.3297,0.3297,0.9552,0.9469,0.3804,0.4894,0.7662,0.6974,0.5833,0.7247,0.5772,0.2395
hw-sentence-faded,Name and word tracing,standard,measured,1.9923,3.2332,0.0,0.0,0.0,0.1076,0.1819,0.916,0.9192,0.1076,0.1233,0.9314,0.9344,0.123,0.9071,0.291,0.292,0.7597,0.8426,0.0342,0.0195,0.1076,0.1076,0.948,0.9507,0.7869,0.7869,0.2284,0.0012,0.5836,0.7479,0.5363,0.2204
hw-sentence-faded,Name and word tracing,broad_fade_72,measured,1.5938,2.3082,20.0,0.3985,28.61,0.353,0.4076,0.836,0.8046,0.1076,0.1233,0.9314,0.9344,0.123,0.9071,0.291,0.292,0.8261,0.886,0.0141,0.0101,0.353,0.353,0.8991,0.8779,0.8426,0.8426,0.0025,0.0,0.5836,0.7479,0.531,0.2204
hw-sentence-faded,Name and word tracing,high_contrast,measured,2.8739,3.876,-44.25,-0.8816,-19.88,0.1076,0.1819,0.916,0.9192,0.1076,0.1233,0.9314,0.9344,0.123,0.9071,0.291,0.292,0.1412,0.4314,0.9732,0.8726,0.1076,0.1076,0.9516,0.9558,0.1843,0.9294,0.4712,0.4663,0.5718,0.7015,0.6063,0.2959
hw-sentence-faded,Name and word tracing,page_wide_fade_75,measured,1.4979,2.0139,24.81,0.4944,37.71,0.3297,0.388,0.8455,0.817,0.3297,0.3415,0.8722,0.8455,0.3415,0.9278,0.2727,0.2584,0.8213,0.8821,0.0149,0.0112,0.3297,0.3297,0.906,0.8873,0.8387,0.8387,0.0039,0.0,0.6861,0.811,0.3085,0.0077
hw-sentence-faded,Name and word tracing,page_wide_fade_60,measured,1.2043,1.5441,39.55,0.788,52.24,0.4622,0.509,0.7909,0.7224,0.4622,0.4737,0.8178,0.7654,0.4701,0.9429,0.2492,0.2247,0.8541,0.9053,0.009,0.0057,0.4622,0.4622,0.8636,0.823,0.8695,0.8695,0.0,0.0,0.7488,0.8468,0.0779,0.0
hw-sentence-faded,Name and word tracing,lighter_color_75_all,measured,1.4959,2.0129,24.91,0.4963,37.74,0.3297,0.388,0.8449,0.8163,0.3297,0.3415,0.8748,0.8499,0.3376,0.9309,0.2737,0.2608,0.8194,0.8821,0.015,0.0113,0.3297,0.3297,0.9083,0.8906,0.8415,0.8415,0.0029,0.0,0.6891,0.811,0.3025,0.0066
hw-sentence-faded,Name and word tracing,lighter_dark_marks_75,measured,1.6645,2.2641,16.45,0.3278,29.97,0.3297,0.388,0.8449,0.8163,0.3297,0.3415,0.8748,0.8499,0.3376,0.9071,0.2737,0.2608,0.7625,0.8426,0.0299,0.0141,0.3297,0.3297,0.9105,0.8946,0.7869,0.7869,0.2284,0.0012,0.5836,0.7479,0.5357,0.2204
hw-sentence-faded,Name and word tracing,lighter_dark_marks_60,measured,1.4614,1.9209,26.65,0.5309,40.59,0.4661,0.5129,0.7876,0.7179,0.4661,0.474,0.8202,0.7666,0.474,0.9071,0.2514,0.2254,0.7631,0.8426,0.027,0.0084,0.4661,0.4661,0.8733,0.8298,0.7869,0.7869,0.2284,0.0012,0.5836,0.7479,0.5357,0.2204
hw-sentence-faded,Name and word tracing,lighter_fills_55,measured,1.8552,2.9224,6.88,0.137,9.61,0.509,0.5519,0.7627,0.6716,0.1076,0.1233,0.9314,0.9344,0.123,0.9071,0.291,0.292,0.7597,0.8426,0.0342,0.0195,0.1076,0.1076,0.948,0.9507,0.7869,0.7869,0.2284,0.0012,0.5836,0.7479,0.5363,0.2204
hw-sentence-faded,Name and word tracing,credit_qr_removed,measured,1.6877,2.7191,15.29,0.3046,15.9,1.0,1.0,0.0,0.0,0.1076,0.1233,0.9314,0.9344,0.123,0.9071,0.291,0.292,0.7597,0.8426,0.0342,0.0195,0.1076,0.1076,0.948,0.9507,0.7869,0.7869,0.2284,0.0012,0.5836,0.7479,0.5363,0.2204
hw-sentence-faded,Name and word tracing,lighter_dark_marks_75_keep_qr,measured,1.7403,2.4765,12.65,0.252,23.4,0.1076,0.1819,0.916,0.9192,0.3297,0.3415,0.8748,0.8499,0.3376,0.9071,0.2737,0.2608,0.7625,0.8426,0.0299,0.0141,0.3297,0.3297,0.9105,0.8946,0.7869,0.7869,0.2284,0.0012,0.5836,0.7479,0.5357,0.2204
letter-tracing-gen,Tracing with dark dotted or dashed marks,standard,measured,1.2796,2.0503,0.0,0.0,0.0,0.1076,0.1776,0.9228,0.9254,0.1076,0.1272,0.9211,0.9263,0.123,0.9071,0.291,0.292,0.6494,0.7827,0.4272,0.0132,0.1076,0.1076,0.9815,0.984,0.1076,0.1155,0.9113,0.9113,0.5833,0.7286,0.5696,0.2259
letter-tracing-gen,Tracing with dark dotted or dashed marks,broad_fade_72,measured,0.9869,1.362,22.87,0.2926,33.57,0.353,0.4037,0.8549,0.8231,0.1076,0.1272,0.9211,0.9263,0.123,0.9071,0.291,0.292,0.744,0.8423,0.061,0.0017,0.353,0.353,0.9616,0.951,0.353,0.3608,0.8505,0.8159,0.5833,0.7286,0.5692,0.2255
letter-tracing-gen,Tracing with dark dotted or dashed marks,high_contrast,measured,2.3872,2.8721,-86.56,-1.1076,-40.08,0.1076,0.1776,0.9228,0.9254,0.1076,0.1272,0.9211,0.9263,0.123,0.9071,0.291,0.292,0.0039,0.1725,1.0,0.9962,0.1076,0.1076,0.9819,0.9851,0.0,0.0118,0.9375,0.9477,0.5833,0.7286,0.5717,0.228
letter-tracing-gen,Tracing with dark dotted or dashed marks,page_wide_fade_75,measured,0.9614,1.2788,24.87,0.3182,37.63,0.3297,0.3804,0.8628,0.8368,0.3297,0.3451,0.8554,0.8288,0.3415,0.9278,0.2727,0.2584,0.7362,0.8348,0.0858,0.0019,0.3297,0.3297,0.9645,0.9562,0.3297,0.3376,0.8591,0.8265,0.6861,0.7956,0.3242,0.0082
letter-tracing-gen,Tracing with dark dotted or dashed marks,page_wide_fade_60,measured,0.7704,0.9762,39.79,0.5091,52.39,0.4622,0.5051,0.8046,0.7445,0.4622,0.474,0.7986,0.7561,0.4701,0.9429,0.2492,0.2247,0.7903,0.8695,0.0046,0.001,0.4622,0.4622,0.946,0.9279,0.4622,0.4698,0.8079,0.7464,0.7451,0.835,0.0724,0.0
letter-tracing-gen,Tracing with dark dotted or dashed marks,lighter_color_75_all,measured,0.9619,1.2859,24.83,0.3177,37.28,0.3297,0.3804,0.8627,0.8365,0.3297,0.3415,0.8577,0.8343,0.3376,0.9309,0.2737,0.2608,0.7365,0.8351,0.0857,0.0019,0.3297,0.3297,0.9652,0.9568,0.3297,0.3376,0.8591,0.8265,0.6889,0.7956,0.3153,0.0071
letter-tracing-gen,Tracing with dark dotted or dashed marks,lighter_dark_marks_75,measured,1.0782,1.4535,15.74,0.2014,29.11,0.3297,0.3804,0.8627,0.8365,0.3297,0.3415,0.8577,0.8343,0.3376,0.9071,0.2737,0.2608,0.6494,0.7827,0.4267,0.0122,0.3297,0.3297,0.9661,0.9575,0.3297,0.3376,0.8599,0.8278,0.5833,0.7286,0.5692,0.2255
letter-tracing-gen,Tracing with dark dotted or dashed marks,lighter_dark_marks_60,measured,0.954,1.2434,25.44,0.3255,39.35,0.4661,0.509,0.802,0.74,0.4661,0.4776,0.8009,0.7574,0.474,0.9071,0.2514,0.2254,0.6494,0.7827,0.4263,0.0117,0.4661,0.4661,0.948,0.9299,0.4661,0.4737,0.809,0.7477,0.5833,0.7286,0.5692,0.2255
letter-tracing-gen,Tracing with dark dotted or dashed marks,lighter_fills_55,measured,1.1467,1.747,10.38,0.1328,14.79,0.509,0.5479,0.7802,0.6942,0.1076,0.1272,0.9211,0.9263,0.123,0.9071,0.291,0.292,0.6494,0.7827,0.4272,0.0132,0.1076,0.1076,0.9815,0.984,0.1076,0.1155,0.9113,0.9113,0.5833,0.7286,0.5696,0.2259
letter-tracing-gen,Tracing with dark dotted or dashed marks,credit_qr_removed,measured,0.9842,1.5497,23.08,0.2953,24.42,1.0,1.0,0.0,0.0,0.1076,0.1272,0.9211,0.9263,0.123,0.9071,0.291,0.292,0.6494,0.7827,0.4272,0.0132,0.1076,0.1076,0.9815,0.984,0.1076,0.1155,0.9113,0.9113,0.5833,0.7286,0.5696,0.2259
letter-tracing-gen,Tracing with dark dotted or dashed marks,lighter_dark_marks_75_keep_qr,measured,1.1517,1.6611,9.99,0.1279,18.98,0.1076,0.1776,0.9228,0.9254,0.3297,0.3415,0.8577,0.8343,0.3376,0.9071,0.2737,0.2608,0.6494,0.7827,0.4267,0.0122,0.3297,0.3297,0.9661,0.9575,0.3297,0.3376,0.8599,0.8278,0.5833,0.7286,0.5692,0.2255
calligraphy-name,Name and word tracing,standard,measured,1.2618,2.102,0.0,0.0,0.0,0.1076,0.1779,0.9183,0.9208,0.1076,0.1312,0.9169,0.9182,0.1348,0.9071,0.2834,0.2837,,,,,0.1076,0.1076,0.8207,0.7495,0.6228,0.7482,0.5243,0.0124,0.627,0.6982,0.5411,0.0848
calligraphy-name,Name and word tracing,broad_fade_72,measured,1.0259,1.4648,18.7,0.2359,30.31,0.3533,0.404,0.8474,0.8159,0.1076,0.1312,0.9169,0.9182,0.1348,0.9071,0.2834,0.2837,,,,,0.353,0.353,0.7953,0.7121,0.6884,0.7841,0.2554,0.001,0.627,0.6982,0.5411,0.0848
calligraphy-name,Name and word tracing,high_contrast,measured,1.5289,2.3058,-21.17,-0.2671,-9.7,0.1076,0.1779,0.9183,0.9208,0.1076,0.1312,0.9169,0.9182,0.1348,0.9071,0.2834,0.2837,,,,,0.1076,0.1076,0.8207,0.7495,0.0706,0.5882,0.8562,0.6673,0.627,0.6982,0.5411,0.0848
calligraphy-name,Name and word tracing,page_wide_fade_75,measured,0.9473,1.2892,24.92,0.3145,38.67,0.3297,0.3844,0.857,0.8289,0.3297,0.3491,0.8466,0.8168,0.3493,0.9309,0.2543,0.2442,,,,,0.3297,0.3297,0.7387,0.7155,0.7172,0.8118,0.1046,0.0,0.7183,0.7762,0.1609,0.0028
calligraphy-name,Name and word tracing,page_wide_fade_60,measured,0.7595,0.9773,39.81,0.5023,53.51,0.4622,0.5051,0.7972,0.7297,0.4622,0.4776,0.7863,0.7416,0.4779,0.9432,0.2371,0.2105,,,,,0.4622,0.4622,0.707,0.6876,0.7723,0.8496,0.0052,0.0,0.7762,0.8188,0.0265,0.0001
calligraphy-name,Name and word tracing,lighter_color_75_all,measured,0.9471,1.2892,24.94,0.3148,38.67,0.3297,0.3844,0.8571,0.8289,0.3297,0.3454,0.8509,0.8202,0.3491,0.9309,0.2561,0.2457,,,,,0.3297,0.3297,0.7383,0.7156,0.7172,0.8118,0.1033,0.0,0.7208,0.7754,0.1581,0.0025
calligraphy-name,Name and word tracing,lighter_dark_marks_75,measured,1.044,1.4422,17.26,0.2178,31.39,0.3297,0.3844,0.8571,0.8289,0.3297,0.3454,0.8509,0.8202,0.3491,0.9071,0.2561,0.2457,,,,,0.3297,0.3297,0.7974,0.716,0.6228,0.7482,0.5243,0.0124,0.627,0.6982,0.5411,0.0848
calligraphy-name,Name and word tracing,lighter_dark_marks_60,measured,0.9098,1.2132,27.89,0.352,42.28,0.4661,0.509,0.7948,0.7271,0.4661,0.4815,0.7886,0.7436,0.4815,0.9071,0.2376,0.2108,,,,,0.4661,0.4661,0.7803,0.6871,0.6228,0.7482,0.5243,0.0124,0.627,0.6982,0.5411,0.0848
calligraphy-name,Name and word tracing,lighter_fills_55,measured,1.136,1.8155,9.97,0.1258,13.63,0.509,0.5479,0.7684,0.6824,0.1076,0.1312,0.9169,0.9182,0.1348,0.9071,0.2834,0.2837,,,,,0.1076,0.1076,0.8207,0.7495,0.6228,0.7482,0.5243,0.0124,0.627,0.6982,0.5411,0.0848
calligraphy-name,Name and word tracing,credit_qr_removed,measured,0.9821,1.6287,22.16,0.2797,22.52,1.0,1.0,0.0,0.0,0.1076,0.1312,0.9169,0.9182,0.1348,0.9071,0.2834,0.2837,,,,,0.1076,0.1076,0.8207,0.7495,0.6228,0.7482,0.5243,0.0124,0.627,0.6982,0.5411,0.0848
calligraphy-name,Name and word tracing,lighter_dark_marks_75_keep_qr,measured,1.1136,1.6382,11.75,0.1482,22.07,0.1076,0.1779,0.9183,0.9208,0.3297,0.3454,0.8509,0.8202,0.3491,0.9071,0.2561,0.2457,,,,,0.3297,0.3297,0.7974,0.716,0.6228,0.7482,0.5243,0.0124,0.627,0.6982,0.5411,0.0848
fr-prenom,Name and word tracing,standard,measured,2.4324,3.9716,0.0,0.0,0.0,0.1076,0.1544,0.9317,0.9363,0.1076,0.1351,0.9296,0.9315,0.1155,0.9071,0.3342,0.3333,0.6561,0.834,0.2456,0.0329,0.1076,0.1076,0.9763,0.9805,0.611,0.8071,0.427,0.0433,0.5872,0.7404,0.5377,0.2163
fr-prenom,Name and word tracing,broad_fade_72,measured,1.8228,2.4853,25.06,0.6096,37.42,0.353,0.388,0.8694,0.8463,0.1076,0.1351,0.9296,0.9315,0.1155,0.9071,0.3342,0.3333,0.748,0.8779,0.0652,0.0035,0.353,0.353,0.9583,0.9502,0.7172,0.8591,0.1227,0.0003,0.5872,0.7519,0.517,0.2076
fr-prenom,Name and word tracing,high_contrast,measured,5.5242,6.7086,-127.11,-3.0919,-68.91,0.1076,0.1544,0.9317,0.9363,0.1076,0.1351,0.9296,0.9315,0.1155,0.9071,0.3342,0.3333,0.0,0.1333,1.0,1.0,0.1076,0.1076,0.9798,0.9851,0.0431,0.4118,0.7873,0.7917,0.5757,0.7057,0.6273,0.3304
fr-prenom,Name and word tracing,page_wide_fade_75,measured,1.8301,2.4688,24.76,0.6023,37.84,0.3297,0.3647,0.877,0.8577,0.3297,0.353,0.8731,0.8476,0.3337,0.9278,0.3053,0.2889,0.7401,0.8743,0.0841,0.0038,0.3297,0.3297,0.9604,0.9538,0.7088,0.8544,0.155,0.0007,0.6897,0.8042,0.3013,0.0074
fr-prenom,Name and word tracing,page_wide_fade_60,measured,1.4676,1.8842,39.67,0.9648,52.56,0.4622,0.4897,0.8308,0.7657,0.4622,0.4815,0.8192,0.7576,0.4661,0.9429,0.2795,0.2483,0.7914,0.8981,0.0096,0.0025,0.4622,0.4622,0.945,0.9301,0.7648,0.8852,0.0136,0.0,0.7491,0.8429,0.0708,0.0
fr-prenom,Name and word tracing,lighter_color_75_all,measured,1.8262,2.4734,24.92,0.6061,37.72,0.3297,0.3647,0.8768,0.8571,0.3297,0.3493,0.8751,0.852,0.3337,0.9309,0.3075,0.2904,0.7404,0.8743,0.0835,0.0038,0.3297,0.3297,0.9604,0.9538,0.7088,0.8544,0.1533,0.0007,0.6928,0.8043,0.2934,0.0068
fr-prenom,Name and word tracing,lighter_dark_marks_75,measured,2.0752,2.8397,14.68,0.3572,28.5,0.3297,0.3647,0.8768,0.8571,0.3297,0.3493,0.8751,0.852,0.3337,0.9071,0.3075,0.2904,0.6561,0.834,0.2451,0.0321,0.3297,0.3297,0.9613,0.9548,0.611,0.8071,0.427,0.0433,0.5872,0.7404,0.5372,0.2152
fr-prenom,Name and word tracing,lighter_dark_marks_60,measured,1.8555,2.4568,23.72,0.5768,38.14,0.4661,0.4936,0.8282,0.7605,0.4661,0.4818,0.8217,0.7581,0.4701,0.9071,0.2805,0.2495,0.6561,0.834,0.2447,0.0316,0.4661,0.4661,0.9459,0.9315,0.611,0.8071,0.427,0.0433,0.5872,0.7404,0.5372,0.2152
fr-prenom,Name and word tracing,lighter_fills_55,measured,2.3034,3.6757,5.3,0.129,7.45,0.509,0.5362,0.8044,0.7147,0.1076,0.1351,0.9296,0.9315,0.1155,0.9071,0.3342,0.3333,0.6561,0.834,0.2456,0.0329,0.1076,0.1076,0.9763,0.9805,0.611,0.8071,0.427,0.0433,0.5872,0.7404,0.5377,0.2163
fr-prenom,Name and word tracing,credit_qr_removed,measured,2.1458,3.4841,11.78,0.2866,12.27,1.0,1.0,0.0,0.0,0.1076,0.1351,0.9296,0.9315,0.1155,0.9071,0.3342,0.3333,0.6561,0.834,0.2456,0.0329,0.1076,0.1076,0.9763,0.9805,0.611,0.8071,0.427,0.0433,0.5872,0.7404,0.5377,0.2163
fr-prenom,Name and word tracing,lighter_dark_marks_75_keep_qr,measured,2.1466,3.0424,11.75,0.2858,23.4,0.1076,0.1544,0.9317,0.9363,0.3297,0.3493,0.8751,0.852,0.3337,0.9071,0.3075,0.2904,0.6561,0.834,0.2451,0.0321,0.3297,0.3297,0.9613,0.9548,0.611,0.8071,0.427,0.0433,0.5872,0.7404,0.5372,0.2152
cursive-alphabet,Letter practice list,standard,measured,0.9188,1.493,0.0,0.0,0.0,0.1076,0.1855,0.916,0.9188,0.1076,0.1348,0.9356,0.9379,,,,,,,,,0.1076,0.1973,0.9218,0.9286,0.8304,0.8343,0.0034,0.0,0.6758,0.8407,0.0703,0.0149
cursive-alphabet,Letter practice list,broad_fade_72,measured,0.8788,1.3834,4.35,0.04,7.35,0.353,0.4076,0.8458,0.8166,0.1076,0.1348,0.9356,0.9379,,,,,,,,,0.1076,0.1973,0.9218,0.9286,0.8304,0.8343,0.0034,0.0,0.6758,0.8407,0.0703,0.0149
cursive-alphabet,Letter practice list,high_contrast,measured,0.9188,1.493,0.0,0.0,0.0,0.1076,0.1855,0.916,0.9188,0.1076,0.1348,0.9356,0.9379,,,,,,,,,0.1076,0.1973,0.9218,0.9286,0.8304,0.8343,0.0034,0.0,0.6758,0.8407,0.0703,0.0149
cursive-alphabet,Letter practice list,page_wide_fade_75,measured,0.6908,0.9422,24.81,0.228,36.89,0.3297,0.388,0.8554,0.8307,0.3297,0.3493,0.8811,0.8465,,,,,,,,,0.3297,0.3961,0.8489,0.8272,0.8712,0.8751,0.0,0.0,0.7553,0.8802,0.0216,0.0006
cursive-alphabet,Letter practice list,page_wide_fade_60,measured,0.5556,0.7239,39.53,0.3632,51.51,0.4622,0.509,0.802,0.7364,0.4622,0.4779,0.8163,0.7541,,,,,,,,,0.4622,0.5166,0.7898,0.7286,0.895,0.8989,0.0,0.0,0.8015,0.9042,0.005,0.0
cursive-alphabet,Letter practice list,lighter_color_75_all,measured,0.6909,0.9447,24.8,0.2278,36.73,0.3297,0.388,0.8552,0.8302,0.3297,0.3454,0.8829,0.8512,,,,,,,,,0.3297,0.3922,0.8536,0.8312,0.8743,0.8782,0.0,0.0,0.7564,0.881,0.021,0.0006
cursive-alphabet,Letter practice list,lighter_dark_marks_75,measured,0.7657,1.0626,16.66,0.1531,28.83,0.3297,0.388,0.8552,0.8302,0.3297,0.3454,0.8829,0.8512,,,,,,,,,0.3297,0.3922,0.8536,0.8312,0.8304,0.8343,0.0034,0.0,0.6758,0.8407,0.0703,0.0149
cursive-alphabet,Letter practice list,lighter_dark_marks_60,measured,0.6705,0.9049,27.03,0.2483,39.39,0.4661,0.5129,0.7995,0.7326,0.4661,0.4779,0.8208,0.756,,,,,,,,,0.4661,0.5166,0.7929,0.7307,0.8304,0.8343,0.0034,0.0,0.6758,0.8407,0.0703,0.0149
cursive-alphabet,Letter practice list,lighter_fills_55,measured,0.8533,1.3439,7.12,0.0654,9.99,0.509,0.5519,0.7761,0.6893,0.1076,0.1348,0.9356,0.9379,,,,,,,,,0.1076,0.1973,0.9218,0.9286,0.8304,0.8343,0.0034,0.0,0.6758,0.8407,0.0703,0.0149
cursive-alphabet,Letter practice list,credit_qr_removed,measured,0.7733,1.2467,15.84,0.1455,16.5,1.0,1.0,0.0,0.0,0.1076,0.1348,0.9356,0.9379,,,,,,,,,0.1076,0.1973,0.9218,0.9286,0.8304,0.8343,0.0034,0.0,0.6758,0.8407,0.0703,0.0149
cursive-alphabet,Letter practice list,lighter_dark_marks_75_keep_qr,measured,0.8019,1.1646,12.72,0.1168,22.0,0.1076,0.1855,0.916,0.9188,0.3297,0.3454,0.8829,0.8512,,,,,,,,,0.3297,0.3922,0.8536,0.8312,0.8304,0.8343,0.0034,0.0,0.6758,0.8407,0.0703,0.0149
block-letters-name,Name and word tracing,standard,measured,2.9652,5.2195,0.0,0.0,0.0,0.1076,0.1855,0.9204,0.9225,0.1076,0.1191,0.9276,0.9323,0.1348,0.9071,0.2834,0.2837,,,,,0.1076,0.1076,0.9342,0.9163,0.6228,0.7404,0.5299,0.0207,0.6348,0.7015,0.5377,0.0806
block-letters-name,Name and word tracing,broad_fade_72,measured,2.2615,3.1213,23.73,0.7037,40.2,0.3533,0.4079,0.846,0.8132,0.1076,0.1191,0.9276,0.9323,0.1348,0.9071,0.2834,0.2837,,,,,0.353,0.353,0.924,0.9003,0.7046,0.7852,0.1986,0.0009,0.6348,0.7015,0.5377,0.0806
block-letters-name,Name and word tracing,high_contrast,measured,3.4948,5.6227,-17.86,-0.5296,-7.73,0.1076,0.1855,0.9204,0.9225,0.1076,0.1191,0.9276,0.9323,0.1348,0.9071,0.2834,0.2837,,,,,0.1076,0.1076,0.9342,0.9163,0.0627,0.4196,0.9108,0.7952,0.6348,0.7015,0.5377,0.0806
block-letters-name,Name and word tracing,page_wide_fade_75,measured,2.2268,3.0402,24.9,0.7384,41.75,0.3297,0.388,0.8534,0.8274,0.3297,0.3376,0.8605,0.8347,0.3493,0.9309,0.2543,0.2442,,,,,0.3297,0.3297,0.909,0.9015,0.7163,0.8068,0.1183,0.0004,0.725,0.7762,0.1533,0.0025
block-letters-name,Name and word tracing,page_wide_fade_60,measured,1.7861,2.2793,39.77,1.1792,56.33,0.4622,0.509,0.796,0.731,0.4622,0.4698,0.8039,0.7526,0.4779,0.9432,0.2371,0.2105,,,,,0.4622,0.4622,0.8979,0.8902,0.7723,0.8429,0.0082,0.0,0.7802,0.8199,0.0225,0.0
block-letters-name,Name and word tracing,lighter_color_75_all,measured,2.2263,3.0397,24.92,0.7389,41.76,0.3297,0.388,0.8529,0.827,0.3297,0.3376,0.8647,0.8387,0.3491,0.9309,0.2561,0.2457,,,,,0.3297,0.3297,0.9089,0.9017,0.7163,0.8071,0.117,0.0004,0.725,0.7762,0.1512,0.0022
block-letters-name,Name and word tracing,lighter_dark_marks_75,measured,2.3619,3.2521,20.35,0.6033,37.69,0.3297,0.388,0.8529,0.827,0.3297,0.3376,0.8647,0.8387,0.3491,0.9071,0.2561,0.2457,,,,,0.3297,0.3297,0.9252,0.9018,0.6228,0.7404,0.5299,0.0207,0.6348,0.7015,0.5377,0.0806
block-letters-name,Name and word tracing,lighter_dark_marks_60,measured,1.9911,2.5985,32.85,0.9741,50.22,0.4661,0.5129,0.7944,0.7281,0.4661,0.4737,0.8059,0.7517,0.4815,0.9071,0.2376,0.2108,,,,,0.4661,0.4661,0.918,0.8898,0.6228,0.7404,0.5299,0.0207,0.6348,0.7015,0.5377,0.0806
block-letters-name,Name and word tracing,lighter_fills_55,measured,2.8408,4.9363,4.2,0.1244,5.43,0.509,0.5519,0.7658,0.6837,0.1076,0.1191,0.9276,0.9323,0.1348,0.9071,0.2834,0.2837,,,,,0.1076,0.1076,0.9342,0.9163,0.6228,0.7404,0.5299,0.0207,0.6348,0.7015,0.5377,0.0806
block-letters-name,Name and word tracing,credit_qr_removed,measured,2.6886,4.7516,9.33,0.2766,8.96,1.0,1.0,0.0,0.0,0.1076,0.1191,0.9276,0.9323,0.1348,0.9071,0.2834,0.2837,,,,,0.1076,0.1076,0.9342,0.9163,0.6228,0.7404,0.5299,0.0207,0.6348,0.7015,0.5377,0.0806
block-letters-name,Name and word tracing,lighter_dark_marks_75_keep_qr,measured,2.4308,3.4458,18.02,0.5345,33.98,0.1076,0.1855,0.9204,0.9225,0.3297,0.3376,0.8647,0.8387,0.3491,0.9071,0.2561,0.2457,,,,,0.3297,0.3297,0.9252,0.9018,0.6228,0.7404,0.5299,0.0207,0.6348,0.7015,0.5377,0.0806
block-letters-name,Name and word tracing,display_letters_55,measured,2.0801,2.8924,29.85,0.8851,44.59,0.1076,0.1855,0.9204,0.9225,0.1076,0.1191,0.9276,0.9323,0.1348,0.9071,0.2834,0.2837,,,,,0.509,0.509,0.9151,0.8834,0.6228,0.7404,0.5299,0.0207,0.6348,0.7015,0.5377,0.0806
spanish-chart,Outline alphabet,standard,measured,1.7435,2.756,0.0,0.0,0.0,0.1076,0.162,0.9191,0.921,0.1076,0.2986,0.8681,0.8698,,,,,,,,,,,,,,,,,0.123,0.6405,0.7296,0.5981
spanish-chart,Outline alphabet,broad_fade_72,measured,1.3748,1.8538,21.15,0.3688,32.74,0.353,0.3919,0.8535,0.8265,0.1076,0.2986,0.8681,0.8698,,,,,,,,,,,,,,,,,0.3647,0.6604,0.6662,0.5011
spanish-chart,Outline alphabet,high_contrast,measured,1.7435,2.756,0.0,0.0,0.0,0.1076,0.162,0.9191,0.921,0.1076,0.2986,0.8681,0.8698,,,,,,,,,,,,,,,,,0.123,0.6405,0.7296,0.5981
spanish-chart,Outline alphabet,page_wide_fade_75,measured,1.3102,1.7371,24.85,0.4333,36.97,0.3297,0.3687,0.8599,0.8383,0.3297,0.4701,0.7969,0.7605,,,,,,,,,,,,,,,,,0.3415,0.7295,0.5645,0.4466
spanish-chart,Outline alphabet,page_wide_fade_60,measured,1.0527,1.3283,39.62,0.6908,51.8,0.4622,0.4933,0.8133,0.7542,0.4622,0.579,0.7248,0.6535,,,,,,,,,,,,,,,,,0.4701,0.7813,0.4407,0.3672
spanish-chart,Outline alphabet,lighter_color_75_all,measured,1.3097,1.7378,24.88,0.4338,36.95,0.3297,0.3687,0.8596,0.8379,0.3297,0.4661,0.8004,0.7657,,,,,,,,,,,,,,,,,0.3415,0.7308,0.5626,0.4463
spanish-chart,Outline alphabet,lighter_dark_marks_75,measured,1.3921,1.8741,20.16,0.3514,32.0,0.3297,0.3687,0.8596,0.8379,0.3297,0.4661,0.8004,0.7657,,,,,,,,,,,,,,,,,0.3415,0.6567,0.6735,0.5128
spanish-chart,Outline alphabet,lighter_dark_marks_60,measured,1.1758,1.531,32.56,0.5677,44.45,0.4661,0.4972,0.8114,0.7496,0.4661,0.5751,0.7279,0.6575,,,,,,,,,,,,,,,,,0.474,0.6884,0.6239,0.4343
spanish-chart,Outline alphabet,lighter_fills_55,measured,1.6084,2.4463,7.75,0.1351,11.24,0.509,0.5364,0.7886,0.7051,0.1076,0.2986,0.8681,0.8698,,,,,,,,,,,,,,,,,0.123,0.6405,0.7296,0.5981
spanish-chart,Outline alphabet,credit_qr_removed,measured,1.4431,2.2454,17.23,0.3004,18.53,1.0,1.0,0.0,0.0,0.1076,0.2986,0.8681,0.8698,,,,,,,,,,,,,,,,,0.123,0.6405,0.7296,0.5981
spanish-chart,Outline alphabet,lighter_dark_marks_75_keep_qr,measured,1.4669,2.0862,15.87,0.2767,24.3,0.1076,0.162,0.9191,0.921,0.3297,0.4661,0.8004,0.7657,,,,,,,,,,,,,,,,,0.3415,0.6567,0.6735,0.5128
coloring-page-stripes-stars,Coloring and dot-to-dot,standard,measured,1.5081,2.4705,0.0,0.0,0.0,0.1076,0.1701,0.9172,0.9208,,,,,,,,,0.5939,0.636,0.8636,0.7713,,,,,,,,,0.1076,0.7373,0.5482,0.5176
coloring-page-stripes-stars,Coloring and dot-to-dot,broad_fade_72,measured,1.1079,1.461,26.54,0.4002,40.86,0.353,0.3998,0.8448,0.8147,,,,,,,,,0.7051,0.7354,0.7286,0.2789,,,,,,,,,0.353,0.7894,0.5082,0.4743
coloring-page-stripes-stars,Coloring and dot-to-dot,high_contrast,measured,1.5081,2.4705,0.0,0.0,0.0,0.1076,0.1701,0.9172,0.9208,,,,,,,,,0.5939,0.636,0.8636,0.7713,,,,,,,,,0.1076,0.7373,0.5482,0.5176
coloring-page-stripes-stars,Coloring and dot-to-dot,page_wide_fade_75,measured,1.1345,1.5203,24.77,0.3736,38.46,0.3297,0.3765,0.8548,0.8277,,,,,,,,,0.6962,0.7267,0.7554,0.3467,,,,,,,,,0.3297,0.8014,0.4927,0.4613
coloring-page-stripes-stars,Coloring and dot-to-dot,page_wide_fade_60,measured,0.9135,1.1565,39.43,0.5947,53.19,0.4622,0.4975,0.8012,0.736,,,,,,,,,0.7552,0.7788,0.4078,0.1139,,,,,,,,,0.4622,0.8403,0.4571,0.4306
coloring-page-stripes-stars,Coloring and dot-to-dot,lighter_color_75_all,measured,1.133,1.5171,24.88,0.3752,38.59,0.3297,0.3765,0.8544,0.8274,,,,,,,,,0.6962,0.7267,0.7542,0.3459,,,,,,,,,0.3297,0.8031,0.4918,0.4609
coloring-page-stripes-stars,Coloring and dot-to-dot,lighter_dark_marks_75,measured,1.2304,1.6699,18.42,0.2778,32.41,0.3297,0.3765,0.8544,0.8274,,,,,,,,,0.6172,0.636,0.8624,0.7683,,,,,,,,,0.3297,0.7818,0.5214,0.4794
coloring-page-stripes-stars,Coloring and dot-to-dot,lighter_dark_marks_60,measured,1.0599,1.3838,29.72,0.4483,43.99,0.4661,0.5014,0.7972,0.7314,,,,,,,,,0.6281,0.636,0.8616,0.7648,,,,,,,,,0.4661,0.7995,0.5036,0.4493
coloring-page-stripes-stars,Coloring and dot-to-dot,lighter_fills_55,measured,1.3814,2.181,8.4,0.1267,11.72,0.509,0.544,0.7714,0.6884,,,,,,,,,0.5939,0.636,0.8636,0.7713,,,,,,,,,0.1076,0.7373,0.5482,0.5176
coloring-page-stripes-stars,Coloring and dot-to-dot,credit_qr_removed,measured,1.2265,1.9928,18.68,0.2817,19.34,1.0,1.0,0.0,0.0,,,,,,,,,0.5939,0.636,0.8636,0.7713,,,,,,,,,0.1076,0.7373,0.5482,0.5176
coloring-page-stripes-stars,Coloring and dot-to-dot,lighter_dark_marks_75_keep_qr,measured,1.3005,1.868,13.77,0.2077,24.39,0.1076,0.1701,0.9172,0.9208,,,,,,,,,0.6172,0.636,0.8624,0.7683,,,,,,,,,0.3297,0.7818,0.5214,0.4794
monogram-circle,Display lettering,standard,measured,4.4741,8.1524,0.0,0.0,0.0,,,,,,,,,,,,,,,,,,,,,,,,,0.1076,0.1076,0.9602,0.9609
monogram-circle,Display lettering,broad_fade_72,measured,3.237,4.2844,27.65,1.2371,47.45,,,,,,,,,,,,,,,,,,,,,,,,,0.3569,0.3569,0.931,0.9183
monogram-circle,Display lettering,high_contrast,measured,4.4741,8.1524,0.0,0.0,0.0,,,,,,,,,,,,,,,,,,,,,,,,,0.1076,0.1076,0.9602,0.9609
monogram-circle,Display lettering,page_wide_fade_75,simulated_on_raster,3.3556,4.5493,25.0,1.1185,44.2,,,,,,,,,,,,,,,,,,,,,,,,,0.3307,0.3307,0.9338,0.9224
monogram-circle,Display lettering,page_wide_fade_60,simulated_on_raster,2.6844,3.3667,40.0,1.7896,58.7,,,,,,,,,,,,,,,,,,,,,,,,,0.4646,0.4646,0.9109,0.8876
monogram-circle,Display lettering,lighter_color_75_all,simulated_on_raster,3.3556,4.5493,25.0,1.1185,44.2,,,,,,,,,,,,,,,,,,,,,,,,,0.3307,0.3307,0.9338,0.9224
monogram-circle,Display lettering,lighter_dark_marks_75,simulated_on_raster,3.3556,4.5493,25.0,1.1185,44.2,,,,,,,,,,,,,,,,,,,,,,,,,0.3307,0.3307,0.9338,0.9224
monogram-circle,Display lettering,lighter_dark_marks_60,simulated_on_raster,2.6844,3.3667,40.0,1.7896,58.7,,,,,,,,,,,,,,,,,,,,,,,,,0.4646,0.4646,0.9109,0.8876
monogram-circle,Display lettering,lighter_fills_55,simulated_on_raster,2.4607,3.0272,45.0,2.0133,62.87,,,,,,,,,,,,,,,,,,,,,,,,,0.5092,0.5092,0.9011,0.8702
monogram-circle,Display lettering,lighter_dark_marks_75_keep_qr,simulated_on_raster,3.3556,4.5493,25.0,1.1185,44.2,,,,,,,,,,,,,,,,,,,,,,,,,0.3307,0.3307,0.9338,0.9224
monogram-circle,Display lettering,display_letters_55,simulated_on_raster,2.4607,3.0272,45.0,2.0133,62.87,,,,,,,,,,,,,,,,,,,,,,,,,0.5092,0.5092,0.9011,0.8702
word-search-hard,Word search,standard,measured,4.8762,8.62,0.0,0.0,0.0,0.1076,0.1819,0.92,0.923,0.1076,0.2166,0.9183,0.9156,0.1505,0.6399,0.6753,0.6032,,,,,,,,,,,,,0.1076,0.1076,0.9,0.8697
word-search-hard,Word search,broad_fade_72,measured,3.6447,4.9036,25.26,1.2315,43.11,0.353,0.4076,0.8383,0.8041,0.1076,0.2166,0.9183,0.9156,0.1505,0.6399,0.6753,0.6032,,,,,,,,,,,,,0.353,0.353,0.8413,0.8176
word-search-hard,Word search,high_contrast,measured,4.8762,8.62,0.0,0.0,0.0,0.1076,0.1819,0.92,0.923,0.1076,0.2166,0.9183,0.9156,0.1505,0.6399,0.6753,0.6032,,,,,,,,,,,,,0.1076,0.1076,0.9,0.8697
word-search-hard,Word search,page_wide_fade_75,measured,3.6633,4.9324,24.87,1.2129,42.78,0.3297,0.3844,0.8488,0.8165,0.3297,0.4115,0.8407,0.8099,0.3608,0.7306,0.5613,0.2672,,,,,,,,,,,,,0.3297,0.3297,0.8359,0.8117
word-search-hard,Word search,page_wide_fade_60,measured,2.9402,3.6826,39.7,1.936,57.28,0.4622,0.507,0.7844,0.7168,0.4622,0.5283,0.7774,0.7066,0.4894,0.7827,0.3211,0.2211,,,,,,,,,,,,,0.4622,0.4622,0.7958,0.7616
word-search-hard,Word search,lighter_color_75_all,measured,3.6705,4.9438,24.73,1.2057,42.65,0.3297,0.3845,0.8485,0.8164,0.3297,0.4076,0.8459,0.815,0.3608,0.7306,0.5634,0.2681,,,,,,,,,,,,,0.3297,0.3297,0.837,0.8133
word-search-hard,Word search,lighter_dark_marks_75,measured,3.7112,5.0076,23.89,1.165,41.91,0.3297,0.3845,0.8485,0.8164,0.3297,0.4076,0.8459,0.815,0.3608,0.6399,0.6448,0.5583,,,,,,,,,,,,,0.3297,0.3297,0.866,0.8178
word-search-hard,Word search,lighter_dark_marks_60,measured,2.9907,3.7641,38.67,1.8856,56.33,0.4661,0.511,0.782,0.7107,0.4661,0.5283,0.7807,0.7096,0.4894,0.6399,0.6167,0.5212,,,,,,,,,,,,,0.4661,0.4661,0.8343,0.7668
word-search-hard,Word search,lighter_fills_55,measured,4.7546,8.3432,2.5,0.1217,3.21,0.509,0.5519,0.7535,0.6685,0.1076,0.2166,0.9183,0.9156,0.1505,0.6399,0.6753,0.6032,,,,,,,,,,,,,0.1076,0.1076,0.9,0.8697
word-search-hard,Word search,credit_qr_removed,measured,4.6058,8.1627,5.55,0.2704,5.31,1.0,1.0,0.0,0.0,0.1076,0.2166,0.9183,0.9156,0.1505,0.6399,0.6753,0.6032,,,,,,,,,,,,,0.1076,0.1076,0.9,0.8697
word-search-hard,Word search,lighter_dark_marks_75_keep_qr,measured,3.7785,5.1968,22.51,1.0977,39.71,0.1076,0.1819,0.92,0.923,0.3297,0.4076,0.8459,0.815,0.3608,0.6399,0.6448,0.5583,,,,,,,,,,,,,0.3297,0.3297,0.866,0.8178
word-search-hard,Word search,regular_weight_grid_letters,measured,3.598,6.1868,26.21,1.2782,28.23,0.1076,0.1819,0.92,0.923,0.1076,0.2166,0.9183,0.9156,0.1505,0.6399,0.6753,0.6032,,,,,,,,,,,,,0.1076,0.4115,0.6747,0.6442
cross-stitch-filled-red,Cross-stitch chart,standard,measured,3.4472,8.1597,0.0,0.0,0.0,,,,,,,,,,,,,,,,,,,,,,,,,0.3321,0.3321,0.7756,0.7607
cross-stitch-filled-red,Cross-stitch chart,broad_fade_72,measured,2.5011,5.4045,27.45,0.9461,33.77,,,,,,,,,,,,,,,,,,,,,,,,,0.5181,0.5181,0.7438,0.7264
cross-stitch-filled-red,Cross-stitch chart,high_contrast,measured,3.4472,8.1597,0.0,0.0,0.0,,,,,,,,,,,,,,,,,,,,,,,,,0.3321,0.3321,0.7756,0.7607
cross-stitch-filled-red,Cross-stitch chart,page_wide_fade_75,simulated_on_raster,2.5854,5.6283,25.0,0.8618,31.02,,,,,,,,,,,,,,,,,,,,,,,,,0.4991,0.4991,0.7471,0.7305
cross-stitch-filled-red,Cross-stitch chart,page_wide_fade_60,simulated_on_raster,2.0683,4.3305,40.0,1.3789,46.93,,,,,,,,,,,,,,,,,,,,,,,,,0.5993,0.5993,0.7271,0.7002
cross-stitch-filled-red,Cross-stitch chart,lighter_color_75_all,simulated_on_raster,2.5854,5.6283,25.0,0.8618,31.02,,,,,,,,,,,,,,,,,,,,,,,,,0.4991,0.4991,0.7471,0.7305
cross-stitch-filled-red,Cross-stitch chart,lighter_dark_marks_75,simulated_on_raster,2.5854,5.6283,25.0,0.8618,31.02,,,,,,,,,,,,,,,,,,,,,,,,,0.4991,0.4991,0.7471,0.7305
cross-stitch-filled-red,Cross-stitch chart,lighter_dark_marks_60,simulated_on_raster,2.0683,4.3305,40.0,1.3789,46.93,,,,,,,,,,,,,,,,,,,,,,,,,0.5993,0.5993,0.7271,0.7002
cross-stitch-filled-red,Cross-stitch chart,lighter_fills_55,simulated_on_raster,1.896,3.9219,45.0,1.5513,51.94,,,,,,,,,,,,,,,,,,,,,,,,,0.6327,0.6327,0.7187,0.6811
cross-stitch-filled-red,Cross-stitch chart,lighter_dark_marks_75_keep_qr,simulated_on_raster,2.5854,5.6283,25.0,0.8618,31.02,,,,,,,,,,,,,,,,,,,,,,,,,0.4991,0.4991,0.7471,0.7305
cross-stitch-filled-red,Cross-stitch chart,display_letters_55,simulated_on_raster,1.896,3.9219,45.0,1.5513,51.94,,,,,,,,,,,,,,,,,,,,,,,,,0.6327,0.6327,0.7187,0.6811
hw-bolddot,Tracing with dark dotted or dashed marks,standard,measured,2.2996,3.8552,0.0,0.0,0.0,0.1076,0.1819,0.916,0.9192,0.1076,0.123,0.9334,0.9374,0.123,0.9071,0.291,0.292,0.6494,0.7827,0.4334,0.0219,0.1076,0.1076,0.9717,0.9757,0.1076,0.1194,0.9183,0.9146,0.5833,0.7247,0.5762,0.2398
hw-bolddot,Tracing with dark dotted or dashed marks,broad_fade_72,measured,1.7467,2.385,24.04,0.5528,38.14,0.353,0.4076,0.836,0.8046,0.1076,0.123,0.9334,0.9374,0.123,0.9071,0.291,0.292,0.744,0.8423,0.0672,0.0061,0.353,0.353,0.9504,0.9399,0.353,0.3608,0.8506,0.8134,0.5833,0.7247,0.5755,0.2388
hw-bolddot,Tracing with dark dotted or dashed marks,high_contrast,measured,3.4587,4.3736,-50.41,-1.1591,-13.45,0.1076,0.1819,0.916,0.9192,0.1076,0.123,0.9334,0.9374,0.123,0.9071,0.291,0.292,0.0039,0.1725,1.0,0.9963,0.1076,0.1076,0.9722,0.9765,0.0,0.0118,0.9408,0.9493,0.5833,0.7247,0.5784,0.2417
hw-bolddot,Tracing with dark dotted or dashed marks,page_wide_fade_75,measured,1.7273,2.3071,24.89,0.5723,40.16,0.3297,0.388,0.8455,0.817,0.3297,0.3415,0.8733,0.8425,0.3415,0.9278,0.2727,0.2584,0.7362,0.8348,0.0923,0.0066,0.3297,0.3297,0.953,0.945,0.3297,0.3376,0.859,0.825,0.6861,0.7925,0.3343,0.0084
hw-bolddot,Tracing with dark dotted or dashed marks,page_wide_fade_60,measured,1.385,1.7428,39.77,0.9146,54.79,0.4622,0.509,0.7909,0.7224,0.4622,0.4701,0.8071,0.7655,0.4701,0.9429,0.2492,0.2247,0.7903,0.8695,0.0089,0.0038,0.4622,0.4622,0.9328,0.9065,0.4622,0.4701,0.8061,0.7456,0.7451,0.8322,0.0845,0.0
hw-bolddot,Tracing with dark dotted or dashed marks,lighter_color_75_all,measured,1.7287,2.3155,24.82,0.5708,39.94,0.3297,0.388,0.8449,0.8163,0.3297,0.3376,0.8754,0.8481,0.3376,0.9309,0.2737,0.2608,0.7365,0.8351,0.0922,0.0066,0.3297,0.3297,0.9544,0.9464,0.3297,0.3376,0.8592,0.8251,0.6889,0.7916,0.3278,0.0072
hw-bolddot,Tracing with dark dotted or dashed marks,lighter_dark_marks_75,measured,1.8488,2.4888,19.6,0.4507,35.44,0.3297,0.388,0.8449,0.8163,0.3297,0.3376,0.8754,0.8481,0.3376,0.9071,0.2737,0.2608,0.6494,0.7827,0.4324,0.0194,0.3297,0.3297,0.9552,0.9469,0.3297,0.3376,0.8599,0.8261,0.5833,0.7247,0.5755,0.2388
hw-bolddot,Tracing with dark dotted or dashed marks,lighter_dark_marks_60,measured,1.5711,2.0141,31.68,0.7285,47.76,0.4661,0.5129,0.7876,0.7179,0.4661,0.474,0.8085,0.7664,0.474,0.9071,0.2514,0.2254,0.6494,0.7827,0.4312,0.0175,0.4661,0.4661,0.9355,0.9093,0.4661,0.474,0.806,0.7451,0.5833,0.7247,0.5755,0.2388
hw-bolddot,Tracing with dark dotted or dashed marks,lighter_fills_55,measured,2.1625,3.5445,5.96,0.137,8.06,0.509,0.5519,0.7627,0.6716,0.1076,0.123,0.9334,0.9374,0.123,0.9071,0.291,0.292,0.6494,0.7827,0.4334,0.0219,0.1076,0.1076,0.9717,0.9757,0.1076,0.1194,0.9183,0.9146,0.5833,0.7247,0.5762,0.2398
hw-bolddot,Tracing with dark dotted or dashed marks,credit_qr_removed,measured,1.995,3.3411,13.25,0.3046,13.34,1.0,1.0,0.0,0.0,0.1076,0.123,0.9334,0.9374,0.123,0.9071,0.291,0.292,0.6494,0.7827,0.4334,0.0219,0.1076,0.1076,0.9717,0.9757,0.1076,0.1194,0.9183,0.9146,0.5833,0.7247,0.5762,0.2398
hw-bolddot,Tracing with dark dotted or dashed marks,lighter_dark_marks_75_keep_qr,measured,1.9246,2.7012,16.3,0.3749,29.94,0.1076,0.1819,0.916,0.9192,0.3297,0.3376,0.8754,0.8481,0.3376,0.9071,0.2737,0.2608,0.6494,0.7827,0.4324,0.0194,0.3297,0.3297,0.9552,0.9469,0.3297,0.3376,0.8599,0.8261,0.5833,0.7247,0.5755,0.2388
hw-faint,Name and word tracing,standard,measured,1.6278,2.6851,0.0,0.0,0.0,0.1076,0.1819,0.916,0.9192,0.1076,0.123,0.9396,0.9385,0.123,0.9071,0.291,0.292,0.6494,0.7827,0.4301,0.0171,0.1076,0.1076,0.9717,0.9757,0.862,0.9012,0.0,0.0,0.5833,0.7247,0.577,0.2394
hw-faint,Name and word tracing,broad_fade_72,measured,1.2576,1.7423,22.74,0.3702,35.11,0.353,0.4076,0.836,0.8046,0.1076,0.123,0.9396,0.9385,0.123,0.9071,0.291,0.292,0.744,0.8423,0.0642,0.0047,0.353,0.353,0.9504,0.9399,0.8984,0.9264,0.0,0.0,0.5833,0.7247,0.577,0.2394
hw-faint,Name and word tracing,high_contrast,measured,2.7491,3.6566,-68.89,-1.1214,-36.18,0.1076,0.1819,0.916,0.9192,0.1076,0.123,0.9396,0.9385,0.123,0.9071,0.291,0.292,0.0039,0.1725,1.0,0.9963,0.1076,0.1076,0.9722,0.9765,0.0353,0.3098,1.0,1.0,0.5833,0.7247,0.5773,0.2397
hw-faint,Name and word tracing,page_wide_fade_75,measured,1.2229,1.6348,24.87,0.4049,39.12,0.3297,0.388,0.8455,0.817,0.3297,0.3412,0.88,0.8515,0.3415,0.9278,0.2727,0.2584,0.7362,0.8348,0.0889,0.005,0.3297,0.3297,0.953,0.945,0.8972,0.9252,0.0,0.0,0.6861,0.7916,0.3352,0.0084
hw-faint,Name and word tracing,page_wide_fade_60,measured,0.9803,1.2408,39.78,0.6474,53.79,0.4622,0.509,0.7909,0.7224,0.4622,0.4701,0.8163,0.7608,0.4701,0.9429,0.2492,0.2247,0.7903,0.8695,0.0074,0.0032,0.4622,0.4622,0.9328,0.9065,0.9166,0.9404,0.0,0.0,0.7451,0.8314,0.0847,0.0
hw-faint,Name and word tracing,lighter_color_75_all,measured,1.224,1.643,24.8,0.4037,38.81,0.3297,0.388,0.8449,0.8163,0.3297,0.3376,0.8816,0.8562,0.3376,0.9309,0.2737,0.2608,0.7365,0.8351,0.0888,0.0051,0.3297,0.3297,0.9544,0.9464,0.8975,0.9252,0.0,0.0,0.6889,0.7916,0.3287,0.0072
hw-faint,Name and word tracing,lighter_dark_marks_75,measured,1.3459,1.8188,17.31,0.2818,32.27,0.3297,0.388,0.8449,0.8163,0.3297,0.3376,0.8816,0.8562,0.3376,0.9071,0.2737,0.2608,0.6494,0.7827,0.4295,0.0158,0.3297,0.3297,0.9552,0.9469,0.862,0.9012,0.0,0.0,0.5833,0.7247,0.577,0.2394
hw-faint,Name and word tracing,lighter_dark_marks_60,measured,1.1719,1.5197,28.0,0.4558,43.4,0.4661,0.5129,0.7876,0.7179,0.4661,0.474,0.8178,0.7629,0.474,0.9071,0.2514,0.2254,0.6494,0.7827,0.4286,0.0148,0.4661,0.4661,0.9355,0.9093,0.862,0.9012,0.0,0.0,0.5833,0.7247,0.577,0.2394
hw-faint,Name and word tracing,lighter_fills_55,measured,1.4907,2.3744,8.42,0.137,11.57,0.509,0.5519,0.7627,0.6716,0.1076,0.123,0.9396,0.9385,0.123,0.9071,0.291,0.292,0.6494,0.7827,0.4301,0.0171,0.1076,0.1076,0.9717,0.9757,0.862,0.9012,0.0,0.0,0.5833,0.7247,0.577,0.2394
hw-faint,Name and word tracing,credit_qr_removed,measured,1.3232,2.171,18.71,0.3046,19.15,1.0,1.0,0.0,0.0,0.1076,0.123,0.9396,0.9385,0.123,0.9071,0.291,0.292,0.6494,0.7827,0.4301,0.0171,0.1076,0.1076,0.9717,0.9757,0.862,0.9012,0.0,0.0,0.5833,0.7247,0.577,0.2394
hw-faint,Name and word tracing,lighter_dark_marks_75_keep_qr,measured,1.4217,2.0311,12.66,0.206,24.36,0.1076,0.1819,0.916,0.9192,0.3297,0.3376,0.8816,0.8562,0.3376,0.9071,0.2737,0.2608,0.6494,0.7827,0.4295,0.0158,0.3297,0.3297,0.9552,0.9469,0.862,0.9012,0.0,0.0,0.5833,0.7247,0.577,0.2394
sight-word,Tracing with dark dotted or dashed marks,standard,measured,1.5271,2.4892,0.0,0.0,0.0,0.1076,0.1662,0.9209,0.9239,0.1076,0.1309,0.9279,0.9364,0.123,0.9071,0.291,0.292,0.6494,0.7827,0.4292,0.016,0.1076,0.1076,0.9807,0.9849,0.1076,0.1191,0.9214,0.9174,0.5844,0.7132,0.5849,0.2451
sight-word,Tracing with dark dotted or dashed marks,broad_fade_72,measured,1.1714,1.6107,23.29,0.3557,35.29,0.353,0.3958,0.8499,0.8173,0.1076,0.1309,0.9279,0.9364,0.123,0.9071,0.291,0.292,0.744,0.8423,0.063,0.0031,0.353,0.353,0.958,0.9443,0.353,0.3608,0.8516,0.816,0.5844,0.7132,0.5839,0.2441
sight-word,Tracing with dark dotted or dashed marks,high_contrast,measured,2.6475,3.2325,-73.37,-1.1204,-29.86,0.1076,0.1662,0.9209,0.9239,0.1076,0.1309,0.9279,0.9364,0.123,0.9071,0.291,0.292,0.0039,0.1725,1.0,0.9962,0.1076,0.1076,0.9822,0.9861,0.0,0.0118,0.9465,0.9534,0.5844,0.7132,0.5871,0.2473
sight-word,Tracing with dark dotted or dashed marks,page_wide_fade_75,measured,1.1472,1.5284,24.88,0.3799,38.6,0.3297,0.3726,0.858,0.8309,0.3297,0.3454,0.8593,0.8387,0.3415,0.9278,0.2727,0.2584,0.7362,0.8348,0.0878,0.0033,0.3297,0.3297,0.9612,0.9507,0.3297,0.3376,0.8603,0.8284,0.6861,0.7838,0.3369,0.0083
sight-word,Tracing with dark dotted or dashed marks,page_wide_fade_60,measured,0.9195,1.1622,39.78,0.6076,53.31,0.4622,0.4972,0.7993,0.7368,0.4622,0.4758,0.8041,0.7579,0.4701,0.9429,0.2492,0.2247,0.7903,0.8695,0.0057,0.0019,0.4622,0.4622,0.9346,0.9075,0.4622,0.4698,0.8117,0.7504,0.7489,0.8264,0.0772,0.0
sight-word,Tracing with dark dotted or dashed marks,lighter_color_75_all,measured,1.148,1.5359,24.82,0.3791,38.3,0.3297,0.3726,0.8576,0.8308,0.3297,0.3451,0.8624,0.8417,0.3376,0.9309,0.2737,0.2608,0.7365,0.8351,0.0877,0.0033,0.3297,0.3297,0.9622,0.9533,0.3297,0.3376,0.8608,0.8286,0.6891,0.7841,0.3293,0.0083
sight-word,Tracing with dark dotted or dashed marks,lighter_dark_marks_75,measured,1.2652,1.7049,17.15,0.2619,31.51,0.3297,0.3726,0.8576,0.8308,0.3297,0.3451,0.8624,0.8417,0.3376,0.9071,0.2737,0.2608,0.6494,0.7827,0.4288,0.0148,0.3297,0.3297,0.9631,0.9547,0.3297,0.3376,0.8616,0.8301,0.5844,0.7132,0.5839,0.2441
sight-word,Tracing with dark dotted or dashed marks,lighter_dark_marks_60,measured,1.1038,1.4305,27.72,0.4233,42.53,0.4661,0.5012,0.7966,0.7325,0.4661,0.4779,0.8072,0.7588,0.474,0.9071,0.2514,0.2254,0.6494,0.7827,0.4279,0.0136,0.4661,0.4661,0.9383,0.9107,0.4661,0.4737,0.8124,0.7499,0.5844,0.7132,0.5839,0.2441
sight-word,Tracing with dark dotted or dashed marks,lighter_fills_55,measured,1.3951,2.1871,8.64,0.132,12.14,0.509,0.5404,0.772,0.6871,0.1076,0.1309,0.9279,0.9364,0.123,0.9071,0.291,0.292,0.6494,0.7827,0.4292,0.016,0.1076,0.1076,0.9807,0.9849,0.1076,0.1191,0.9214,0.9174,0.5844,0.7132,0.5849,0.2451
sight-word,Tracing with dark dotted or dashed marks,credit_qr_removed,measured,1.2336,1.9909,19.22,0.2935,20.02,1.0,1.0,0.0,0.0,0.1076,0.1309,0.9279,0.9364,0.123,0.9071,0.291,0.292,0.6494,0.7827,0.4292,0.016,0.1076,0.1076,0.9807,0.9849,0.1076,0.1191,0.9214,0.9174,0.5844,0.7132,0.5849,0.2451
sight-word,Tracing with dark dotted or dashed marks,lighter_dark_marks_75_keep_qr,measured,1.3383,1.9118,12.36,0.1888,23.2,0.1076,0.1662,0.9209,0.9239,0.3297,0.3451,0.8624,0.8417,0.3376,0.9071,0.2737,0.2608,0.6494,0.7827,0.4288,0.0148,0.3297,0.3297,0.9631,0.9547,0.3297,0.3376,0.8616,0.8301,0.5844,0.7132,0.5839,0.2441
mom-in-cursive,Name and word tracing,standard,measured,2.2705,3.7397,0.0,0.0,0.0,0.1076,0.1544,0.9281,0.9287,0.1076,0.1233,0.9271,0.9287,0.123,0.9071,0.291,0.292,0.6483,0.7903,0.4376,0.032,0.1076,0.1076,0.9729,0.9763,0.6256,0.7637,0.4513,0.0195,0.5844,0.7289,0.5581,0.2109
mom-in-cursive,Name and word tracing,broad_fade_72,measured,1.7004,2.3064,25.11,0.5702,38.33,0.353,0.3844,0.8561,0.8286,0.1076,0.1233,0.9271,0.9287,0.123,0.9071,0.291,0.292,0.7438,0.8463,0.0812,0.0048,0.353,0.353,0.9425,0.931,0.7258,0.8272,0.0718,0.0004,0.5844,0.7412,0.5282,0.203
mom-in-cursive,Name and word tracing,high_contrast,measured,3.9509,5.1441,-74.01,-1.6803,-37.55,0.1076,0.1544,0.9281,0.9287,0.1076,0.1233,0.9271,0.9287,0.123,0.9071,0.291,0.292,0.0,0.149,1.0,0.9978,0.1076,0.1076,0.9738,0.9774,0.0745,0.3647,0.9429,0.9412,0.5757,0.7093,0.6191,0.3069
mom-in-cursive,Name and word tracing,page_wide_fade_75,measured,1.7067,2.2938,24.83,0.5639,38.66,0.3297,0.3647,0.8639,0.8415,0.3297,0.3415,0.8606,0.834,0.3415,0.9278,0.2727,0.2584,0.7354,0.8423,0.1094,0.0055,0.3297,0.3297,0.9457,0.9369,0.7174,0.8225,0.0972,0.0005,0.6869,0.7964,0.3072,0.0072
mom-in-cursive,Name and word tracing,page_wide_fade_60,measured,1.3693,1.7436,39.69,0.9012,53.38,0.4622,0.4894,0.8139,0.7533,0.4622,0.4737,0.8089,0.7614,0.4701,0.9429,0.2492,0.2247,0.7874,0.8734,0.0111,0.0031,0.4622,0.4622,0.9232,0.9002,0.7723,0.858,0.0062,0.0,0.7488,0.8362,0.0752,0.0
mom-in-cursive,Name and word tracing,lighter_color_75_all,measured,1.7074,2.3008,24.8,0.5631,38.48,0.3297,0.3647,0.8633,0.841,0.3297,0.3415,0.8641,0.8371,0.3376,0.9309,0.2737,0.2608,0.7354,0.8426,0.1087,0.0056,0.3297,0.3297,0.9471,0.9385,0.7174,0.8225,0.0972,0.0005,0.6891,0.7984,0.3006,0.006
mom-in-cursive,Name and word tracing,lighter_dark_marks_75,measured,1.9045,2.5912,16.12,0.3661,30.71,0.3297,0.3647,0.8633,0.841,0.3297,0.3415,0.8641,0.8371,0.3376,0.9071,0.2737,0.2608,0.6483,0.7903,0.4373,0.031,0.3297,0.3297,0.9474,0.9389,0.6256,0.7637,0.4513,0.0195,0.5844,0.7289,0.5581,0.2103
mom-in-cursive,Name and word tracing,lighter_dark_marks_60,measured,1.6785,2.1993,26.08,0.5921,41.19,0.4661,0.4933,0.8118,0.7493,0.4661,0.474,0.8105,0.7611,0.474,0.9071,0.2514,0.2254,0.6483,0.7903,0.437,0.0298,0.4661,0.4661,0.9254,0.9029,0.6256,0.7637,0.4513,0.0195,0.5844,0.7289,0.5581,0.2103
mom-in-cursive,Name and word tracing,lighter_fills_55,measured,2.1335,3.4233,6.03,0.137,8.46,0.509,0.5325,0.7902,0.7065,0.1076,0.1233,0.9271,0.9287,0.123,0.9071,0.291,0.292,0.6483,0.7903,0.4376,0.032,0.1076,0.1076,0.9729,0.9763,0.6256,0.7637,0.4513,0.0195,0.5844,0.7289,0.5581,0.2109
mom-in-cursive,Name and word tracing,credit_qr_removed,measured,1.966,3.2195,13.41,0.3046,13.91,1.0,1.0,0.0,0.0,0.1076,0.1233,0.9271,0.9287,0.123,0.9071,0.291,0.292,0.6483,0.7903,0.4376,0.032,0.1076,0.1076,0.9729,0.9763,0.6256,0.7637,0.4513,0.0195,0.5844,0.7289,0.5581,0.2109
mom-in-cursive,Name and word tracing,lighter_dark_marks_75_keep_qr,measured,1.9803,2.8083,12.78,0.2903,24.91,0.1076,0.1544,0.9281,0.9287,0.3297,0.3415,0.8641,0.8371,0.3376,0.9071,0.2737,0.2608,0.6483,0.7903,0.4373,0.031,0.3297,0.3297,0.9474,0.9389,0.6256,0.7637,0.4513,0.0195,0.5844,0.7289,0.5581,0.2103
de-schreibuebungen,Name and word tracing,standard,measured,2.2816,3.5205,0.0,0.0,0.0,0.1076,0.1737,0.9213,0.9254,0.1076,0.1309,0.9323,0.933,0.1115,0.9071,0.3334,0.3346,0.653,0.7989,0.4061,0.0178,0.1076,0.1076,0.9829,0.984,0.7869,0.7869,0.3082,0.002,0.5872,0.7877,0.4617,0.1785
de-schreibuebungen,Name and word tracing,broad_fade_72,measured,1.7387,2.422,23.79,0.5428,31.2,0.353,0.3998,0.8577,0.8294,0.1076,0.1309,0.9323,0.933,0.1115,0.9071,0.3334,0.3346,0.7477,0.8541,0.072,0.0017,0.353,0.353,0.959,0.9487,0.8426,0.8426,0.0033,0.0,0.5872,0.8073,0.4509,0.177
de-schreibuebungen,Name and word tracing,high_contrast,measured,4.4385,5.4601,-94.54,-2.1569,-55.09,0.1076,0.1737,0.9213,0.9254,0.1076,0.1309,0.9323,0.933,0.1115,0.9071,0.3334,0.3346,0.0,0.1961,0.9994,0.9969,0.1076,0.1076,0.9858,0.9864,0.0039,0.9443,0.3673,0.3743,0.0078,0.6774,0.6406,0.3672
de-schreibuebungen,Name and word tracing,page_wide_fade_75,measured,1.7056,2.3047,25.24,0.5759,34.54,0.3297,0.3765,0.8647,0.8408,0.3297,0.3454,0.8718,0.8438,0.3337,0.9278,0.3094,0.2925,0.739,0.8502,0.0982,0.0018,0.3297,0.3297,0.9619,0.9543,0.8387,0.8387,0.0053,0.0,0.6897,0.8392,0.253,0.0076
de-schreibuebungen,Name and word tracing,page_wide_fade_60,measured,1.3769,1.8177,39.65,0.9047,48.37,0.4622,0.5012,0.8182,0.7506,0.4622,0.4758,0.8174,0.7665,0.4661,0.9429,0.2854,0.2582,0.7905,0.881,0.006,0.0012,0.4622,0.4622,0.9409,0.9196,0.8695,0.8695,0.0001,0.0,0.7491,0.8712,0.0625,0.0
de-schreibuebungen,Name and word tracing,lighter_color_75_all,measured,1.7167,2.3087,24.76,0.5648,34.42,0.3297,0.3765,0.8644,0.8408,0.3297,0.3454,0.8742,0.8489,0.3337,0.9309,0.3104,0.2944,0.7393,0.8502,0.1001,0.0019,0.3297,0.3297,0.963,0.9556,0.8415,0.8415,0.0038,0.0,0.69,0.8415,0.2463,0.007
de-schreibuebungen,Name and word tracing,lighter_dark_marks_75,measured,2.0476,2.808,10.26,0.234,20.24,0.3297,0.3765,0.8644,0.8408,0.3297,0.3454,0.8742,0.8489,0.3337,0.9071,0.3104,0.2944,0.653,0.7989,0.406,0.0174,0.3297,0.3297,0.9642,0.9568,0.7869,0.7869,0.3082,0.002,0.5872,0.7877,0.4609,0.177
de-schreibuebungen,Name and word tracing,lighter_dark_marks_60,measured,1.9031,2.5608,16.59,0.3785,27.26,0.4661,0.5051,0.8161,0.7462,0.4661,0.4779,0.8202,0.7679,0.47,0.9071,0.2856,0.2589,0.653,0.7989,0.4059,0.0169,0.4661,0.4661,0.945,0.925,0.7869,0.7869,0.3082,0.002,0.5872,0.7877,0.4609,0.177
de-schreibuebungen,Name and word tracing,lighter_fills_55,measured,2.0009,3.035,12.3,0.2807,13.79,0.509,0.544,0.7897,0.6998,0.1076,0.1309,0.9323,0.933,0.1115,0.9071,0.3334,0.3346,0.653,0.7989,0.4044,0.0166,0.1076,0.1076,0.9818,0.9832,0.7869,0.7869,0.3074,0.0019,0.5872,0.7877,0.4613,0.1775
de-schreibuebungen,Name and word tracing,credit_qr_removed,measured,1.998,3.0396,12.43,0.2836,13.66,1.0,1.0,0.0,0.0,0.1076,0.1309,0.9323,0.933,0.1115,0.9071,0.3334,0.3346,0.653,0.7989,0.4061,0.0178,0.1076,0.1076,0.9829,0.984,0.7869,0.7869,0.3082,0.002,0.5872,0.7877,0.4617,0.1785
de-schreibuebungen,Name and word tracing,lighter_dark_marks_75_keep_qr,measured,2.1182,3.0074,7.16,0.1634,14.57,0.1076,0.1737,0.9213,0.9254,0.3297,0.3454,0.8742,0.8489,0.3337,0.9071,0.3104,0.2944,0.653,0.7989,0.406,0.0174,0.3297,0.3297,0.9642,0.9568,0.7869,0.7869,0.3082,0.002,0.5872,0.7877,0.4609,0.177
tr-harf-name,Name and word tracing,standard,measured,2.0973,3.6496,0.0,0.0,0.0,0.1076,0.1622,0.9255,0.9286,0.1076,0.1309,0.927,0.9321,0.1776,0.9146,0.2239,0.227,,,,,0.1076,0.1076,0.9678,0.9264,0.6264,0.7715,0.4586,0.0152,0.6309,0.7363,0.4827,0.0782
tr-harf-name,Name and word tracing,broad_fade_72,measured,1.6155,2.232,22.97,0.4818,38.84,0.353,0.3919,0.86,0.8296,0.1076,0.1309,0.927,0.9321,0.1776,0.9146,0.2239,0.227,,,,,0.353,0.353,0.9466,0.8961,0.6682,0.8292,0.1738,0.0012,0.6309,0.7363,0.4827,0.0782
tr-harf-name,Name and word tracing,high_contrast,measured,2.4969,3.9545,-19.05,-0.3996,-8.35,0.1076,0.1622,0.9255,0.9286,0.1076,0.1309,0.927,0.9321,0.1776,0.9146,0.2239,0.227,,,,,0.1076,0.1076,0.9678,0.9264,0.0745,0.5373,0.7797,0.6777,0.6309,0.7363,0.4827,0.0782
tr-harf-name,Name and word tracing,page_wide_fade_75,measured,1.5757,2.1506,24.87,0.5216,41.07,0.3297,0.3726,0.8676,0.8426,0.3297,0.3454,0.8603,0.8298,0.3804,0.9325,0.2054,0.1982,,,,,0.3297,0.3297,0.9106,0.8996,0.7202,0.8275,0.1132,0.0,0.7208,0.8006,0.1423,0.0024
tr-harf-name,Name and word tracing,page_wide_fade_60,measured,1.2651,1.6198,39.68,0.8322,55.62,0.4622,0.4936,0.813,0.7455,0.4622,0.4776,0.8005,0.749,0.5051,0.9468,0.1913,0.1695,,,,,0.4622,0.4622,0.8909,0.878,0.7723,0.8619,0.0058,0.0,0.776,0.841,0.0275,0.0001
tr-harf-name,Name and word tracing,lighter_color_75_all,measured,1.5752,2.1505,24.9,0.5221,41.08,0.3297,0.3723,0.8671,0.8424,0.3297,0.3454,0.8648,0.8328,0.3804,0.9356,0.2068,0.1982,,,,,0.3297,0.3297,0.9106,0.8998,0.7202,0.8275,0.1113,0.0,0.7239,0.8043,0.1418,0.0021
tr-harf-name,Name and word tracing,lighter_dark_marks_75,measured,1.6878,2.3274,19.52,0.4094,36.23,0.3297,0.3723,0.8671,0.8424,0.3297,0.3454,0.8648,0.8328,0.3804,0.9146,0.2068,0.1982,,,,,0.3297,0.3297,0.9502,0.8999,0.6264,0.7715,0.4586,0.0152,0.6309,0.7363,0.4827,0.0782
tr-harf-name,Name and word tracing,lighter_dark_marks_60,measured,1.4362,1.8856,31.52,0.6611,48.33,0.4661,0.4975,0.8116,0.7419,0.4661,0.4779,0.8032,0.7496,0.509,0.9146,0.193,0.1703,,,,,0.4661,0.4661,0.9323,0.8777,0.6264,0.7715,0.4586,0.0152,0.6309,0.7363,0.4827,0.0782
tr-harf-name,Name and word tracing,lighter_fills_55,measured,1.974,3.3668,5.88,0.1233,7.75,0.509,0.5401,0.7855,0.6939,0.1076,0.1309,0.927,0.9321,0.1776,0.9146,0.2239,0.227,,,,,0.1076,0.1076,0.9678,0.9264,0.6264,0.7715,0.4586,0.0152,0.6309,0.7363,0.4827,0.0782
tr-harf-name,Name and word tracing,credit_qr_removed,measured,1.8231,3.1835,13.07,0.2742,12.77,1.0,1.0,0.0,0.0,0.1076,0.1309,0.927,0.9321,0.1776,0.9146,0.2239,0.227,,,,,0.1076,0.1076,0.9678,0.9264,0.6264,0.7715,0.4586,0.0152,0.6309,0.7363,0.4827,0.0782
tr-harf-name,Name and word tracing,lighter_dark_marks_75_keep_qr,measured,1.7561,2.5212,16.27,0.3411,30.92,0.1076,0.1622,0.9255,0.9286,0.3297,0.3454,0.8648,0.8328,0.3804,0.9146,0.2068,0.1982,,,,,0.3297,0.3297,0.9502,0.8999,0.6264,0.7715,0.4586,0.0152,0.6309,0.7363,0.4827,0.0782
block-letters,Outline alphabet,standard,measured,1.7931,3.011,0.0,0.0,0.0,0.1076,0.1622,0.9251,0.9276,0.1076,0.1272,0.9218,0.9307,,,,,,,,,,,,,,,,,0.1076,0.2051,0.9083,0.9129
block-letters,Outline alphabet,broad_fade_72,measured,1.3151,1.7186,26.66,0.478,42.92,0.353,0.3919,0.8418,0.8048,0.1076,0.1272,0.9218,0.9307,,,,,,,,,,,,,,,,,0.353,0.4233,0.8311,0.7974
block-letters,Outline alphabet,high_contrast,measured,1.7931,3.011,0.0,0.0,0.0,0.1076,0.1622,0.9251,0.9276,0.1076,0.1272,0.9218,0.9307,,,,,,,,,,,,,,,,,0.1076,0.2051,0.9083,0.9129
block-letters,Outline alphabet,page_wide_fade_75,measured,1.3469,1.7754,24.88,0.4462,41.04,0.3297,0.369,0.8521,0.8196,0.3297,0.3454,0.8612,0.8335,,,,,,,,,,,,,,,,,0.3297,0.4037,0.8354,0.807
block-letters,Outline alphabet,page_wide_fade_60,measured,1.0809,1.3334,39.72,0.7122,55.72,0.4622,0.4936,0.7874,0.7264,0.4622,0.474,0.8119,0.7701,,,,,,,,,,,,,,,,,0.4622,0.5208,0.7735,0.7157
block-letters,Outline alphabet,lighter_color_75_all,measured,1.347,1.7756,24.88,0.4461,41.03,0.3297,0.3708,0.8518,0.8192,0.3297,0.3415,0.8635,0.8376,,,,,,,,,,,,,,,,,0.3297,0.4037,0.8352,0.8069
block-letters,Outline alphabet,lighter_dark_marks_75,measured,1.3499,1.7799,24.72,0.4432,40.89,0.3297,0.3708,0.8518,0.8192,0.3297,0.3415,0.8635,0.8376,,,,,,,,,,,,,,,,,0.3297,0.4037,0.8395,0.8107
block-letters,Outline alphabet,lighter_dark_marks_60,measured,1.0776,1.3304,39.9,0.7155,55.82,0.4661,0.4975,0.7836,0.7225,0.4661,0.4776,0.8152,0.7723,,,,,,,,,,,,,,,,,0.4661,0.5247,0.78,0.7164
block-letters,Outline alphabet,lighter_fills_55,measured,1.7497,2.9115,2.42,0.0434,3.31,0.509,0.5401,0.7608,0.6861,0.1076,0.1272,0.9218,0.9307,,,,,,,,,,,,,,,,,0.1076,0.2051,0.9083,0.9129
block-letters,Outline alphabet,credit_qr_removed,measured,1.6966,2.847,5.38,0.0965,5.45,1.0,1.0,0.0,0.0,0.1076,0.1272,0.9218,0.9307,,,,,,,,,,,,,,,,,0.1076,0.2051,0.9083,0.9129
block-letters,Outline alphabet,lighter_dark_marks_75_keep_qr,measured,1.3739,1.848,23.38,0.4192,38.63,0.1076,0.1622,0.9251,0.9276,0.3297,0.3415,0.8635,0.8376,,,,,,,,,,,,,,,,,0.3297,0.4037,0.8395,0.8107
alphabet-coloring,Outline alphabet,standard,measured,1.4248,2.2564,0.0,0.0,0.0,0.1076,0.1858,0.9153,0.9207,0.1076,0.2908,0.8862,0.8854,,,,,,,,,,,,,,,,,0.1269,0.6489,0.7045,0.5504
alphabet-coloring,Outline alphabet,broad_fade_72,measured,1.1433,1.5609,19.76,0.2816,30.83,0.353,0.4112,0.8574,0.8314,0.1076,0.2908,0.8862,0.8854,,,,,,,,,,,,,,,,,0.3684,0.673,0.648,0.4659
alphabet-coloring,Outline alphabet,high_contrast,measured,1.4248,2.2564,0.0,0.0,0.0,0.1076,0.1858,0.9153,0.9207,0.1076,0.2908,0.8862,0.8854,,,,,,,,,,,,,,,,,0.1269,0.6489,0.7045,0.5504
alphabet-coloring,Outline alphabet,page_wide_fade_75,measured,1.0708,1.4242,24.85,0.3541,36.88,0.3297,0.3883,0.8634,0.8428,0.3297,0.4698,0.8178,0.7874,,,,,,,,,,,,,,,,,0.3451,0.7351,0.5267,0.3995
alphabet-coloring,Outline alphabet,page_wide_fade_60,measured,0.8604,1.0899,39.61,0.5644,51.7,0.4622,0.509,0.8187,0.7474,0.4622,0.5751,0.748,0.6611,,,,,,,,,,,,,,,,,0.474,0.7852,0.3999,0.3284
alphabet-coloring,Outline alphabet,lighter_color_75_all,measured,1.0704,1.4251,24.87,0.3544,36.84,0.3297,0.3883,0.8631,0.8426,0.3297,0.4661,0.8217,0.7915,,,,,,,,,,,,,,,,,0.3451,0.7363,0.5245,0.3992
alphabet-coloring,Outline alphabet,lighter_dark_marks_75,measured,1.1462,1.5501,19.56,0.2787,31.3,0.3297,0.3883,0.8631,0.8426,0.3297,0.4661,0.8217,0.7915,,,,,,,,,,,,,,,,,0.3451,0.6689,0.6542,0.4754
alphabet-coloring,Outline alphabet,lighter_dark_marks_60,measured,0.9747,1.2772,31.59,0.4501,43.4,0.4661,0.5129,0.8166,0.7423,0.4661,0.5751,0.7533,0.6649,,,,,,,,,,,,,,,,,0.4779,0.6892,0.6134,0.405
alphabet-coloring,Outline alphabet,lighter_fills_55,measured,1.2947,1.9605,9.13,0.1301,13.12,0.509,0.5519,0.7919,0.6943,0.1076,0.2908,0.8862,0.8854,,,,,,,,,,,,,,,,,0.1269,0.6489,0.7045,0.5504
alphabet-coloring,Outline alphabet,credit_qr_removed,measured,1.1355,1.7672,20.3,0.2893,21.68,1.0,1.0,0.0,0.0,0.1076,0.2908,0.8862,0.8854,,,,,,,,,,,,,,,,,0.1269,0.6489,0.7045,0.5504
alphabet-coloring,Outline alphabet,lighter_dark_marks_75_keep_qr,measured,1.2182,1.7524,14.5,0.2067,22.34,0.1076,0.1858,0.9153,0.9207,0.3297,0.4661,0.8217,0.7915,,,,,,,,,,,,,,,,,0.3451,0.6689,0.6542,0.4754
coloring-page,Coloring and dot-to-dot,standard,measured,0.76,1.2208,0.0,0.0,0.0,0.1076,0.1701,0.9172,0.9208,,,,,,,,,,,,,,,,,,,,,0.1272,0.8832,0.4761,0.4447
coloring-page,Coloring and dot-to-dot,broad_fade_72,measured,0.5646,0.733,25.71,0.1954,39.96,0.353,0.3998,0.8448,0.8147,,,,,,,,,,,,,,,,,,,,,0.3687,0.9064,0.4351,0.3782
coloring-page,Coloring and dot-to-dot,high_contrast,measured,0.76,1.2208,0.0,0.0,0.0,0.1076,0.1701,0.9172,0.9208,,,,,,,,,,,,,,,,,,,,,0.1272,0.8832,0.4761,0.4447
coloring-page,Coloring and dot-to-dot,page_wide_fade_75,measured,0.5719,0.7536,24.75,0.1881,38.28,0.3297,0.3765,0.8548,0.8277,,,,,,,,,,,,,,,,,,,,,0.3454,0.9137,0.4124,0.3612
coloring-page,Coloring and dot-to-dot,page_wide_fade_60,measured,0.4608,0.5738,39.37,0.2992,53.0,0.4622,0.4975,0.8012,0.736,,,,,,,,,,,,,,,,,,,,,0.474,0.93,0.3508,0.3024
coloring-page,Coloring and dot-to-dot,lighter_color_75_all,measured,0.5714,0.753,24.82,0.1886,38.32,0.3297,0.3765,0.8544,0.8274,,,,,,,,,,,,,,,,,,,,,0.3454,0.9137,0.4112,0.3608
coloring-page,Coloring and dot-to-dot,lighter_dark_marks_75,measured,0.5952,0.7891,21.68,0.1648,35.37,0.3297,0.3765,0.8544,0.8274,,,,,,,,,,,,,,,,,,,,,0.3454,0.9009,0.4398,0.3869
coloring-page,Coloring and dot-to-dot,lighter_dark_marks_60,measured,0.4941,0.6263,34.99,0.2659,48.7,0.4661,0.5014,0.7972,0.7314,,,,,,,,,,,,,,,,,,,,,0.4779,0.9009,0.4031,0.3265
coloring-page,Coloring and dot-to-dot,lighter_fills_55,measured,0.6333,0.9313,16.67,0.1267,23.72,0.509,0.544,0.7714,0.6884,,,,,,,,,,,,,,,,,,,,,0.1272,0.8832,0.4761,0.4447
coloring-page,Coloring and dot-to-dot,credit_qr_removed,measured,0.4783,0.743,37.06,0.2817,39.14,1.0,1.0,0.0,0.0,,,,,,,,,,,,,,,,,,,,,0.1272,0.8832,0.4761,0.4447
coloring-page,Coloring and dot-to-dot,lighter_dark_marks_75_keep_qr,measured,0.6653,0.9872,12.46,0.0947,19.14,0.1076,0.1701,0.9172,0.9208,,,,,,,,,,,,,,,,,,,,,0.3454,0.9009,0.4398,0.3869
monogram-classic,Display lettering,standard,measured,3.2757,6.0636,0.0,0.0,0.0,,,,,,,,,,,,,,,,,,,,,,,,,0.1076,0.1076,0.9709,0.9713
monogram-classic,Display lettering,broad_fade_72,measured,2.3649,3.1475,27.8,0.9108,48.09,,,,,,,,,,,,,,,,,,,,,,,,,0.3569,0.3569,0.9516,0.944
monogram-classic,Display lettering,high_contrast,measured,3.2757,6.0636,0.0,0.0,0.0,,,,,,,,,,,,,,,,,,,,,,,,,0.1076,0.1076,0.9709,0.9713
monogram-classic,Display lettering,page_wide_fade_75,simulated_on_raster,2.4568,3.3501,25.0,0.8189,44.75,,,,,,,,,,,,,,,,,,,,,,,,,0.3307,0.3307,0.9536,0.9469
monogram-classic,Display lettering,page_wide_fade_60,simulated_on_raster,1.9654,2.4733,40.0,1.3103,59.21,,,,,,,,,,,,,,,,,,,,,,,,,0.4646,0.4646,0.9398,0.9253
monogram-classic,Display lettering,lighter_color_75_all,simulated_on_raster,2.4568,3.3501,25.0,0.8189,44.75,,,,,,,,,,,,,,,,,,,,,,,,,0.3307,0.3307,0.9536,0.9469
monogram-classic,Display lettering,lighter_dark_marks_75,simulated_on_raster,2.4568,3.3501,25.0,0.8189,44.75,,,,,,,,,,,,,,,,,,,,,,,,,0.3307,0.3307,0.9536,0.9469
monogram-classic,Display lettering,lighter_dark_marks_60,simulated_on_raster,1.9654,2.4733,40.0,1.3103,59.21,,,,,,,,,,,,,,,,,,,,,,,,,0.4646,0.4646,0.9398,0.9253
monogram-classic,Display lettering,lighter_fills_55,simulated_on_raster,1.8016,2.2227,45.0,1.4741,63.34,,,,,,,,,,,,,,,,,,,,,,,,,0.5092,0.5092,0.9334,0.9155
monogram-classic,Display lettering,lighter_dark_marks_75_keep_qr,simulated_on_raster,2.4568,3.3501,25.0,0.8189,44.75,,,,,,,,,,,,,,,,,,,,,,,,,0.3307,0.3307,0.9536,0.9469
monogram-classic,Display lettering,display_letters_55,simulated_on_raster,1.8016,2.2227,45.0,1.4741,63.34,,,,,,,,,,,,,,,,,,,,,,,,,0.5092,0.5092,0.9334,0.9155
word-search,Word search,standard,measured,4.8543,8.58,0.0,0.0,0.0,0.1076,0.1819,0.92,0.923,0.1076,0.2166,0.9183,0.9156,0.1505,0.6399,0.6753,0.6032,,,,,,,,,,,,,0.1076,0.1076,0.8992,0.8689
word-search,Word search,broad_fade_72,measured,3.6287,4.8825,25.25,1.2256,43.09,0.353,0.4076,0.8383,0.8041,0.1076,0.2166,0.9183,0.9156,0.1505,0.6399,0.6753,0.6032,,,,,,,,,,,,,0.353,0.353,0.8413,0.8177
word-search,Word search,high_contrast,measured,4.8543,8.58,0.0,0.0,0.0,0.1076,0.1819,0.92,0.923,0.1076,0.2166,0.9183,0.9156,0.1505,0.6399,0.6753,0.6032,,,,,,,,,,,,,0.1076,0.1076,0.8992,0.8689
word-search,Word search,page_wide_fade_75,measured,3.6467,4.91,24.88,1.2076,42.77,0.3297,0.3844,0.8488,0.8165,0.3297,0.4115,0.8407,0.8099,0.3608,0.7306,0.5613,0.2672,,,,,,,,,,,,,0.3297,0.3297,0.8357,0.8115
word-search,Word search,page_wide_fade_60,measured,2.927,3.6663,39.7,1.9273,57.27,0.4622,0.507,0.7844,0.7168,0.4622,0.5283,0.7774,0.7066,0.4894,0.7827,0.3211,0.2211,,,,,,,,,,,,,0.4622,0.4622,0.7957,0.7616
word-search,Word search,lighter_color_75_all,measured,3.6537,4.9209,24.73,1.2006,42.65,0.3297,0.3845,0.8485,0.8164,0.3297,0.4076,0.8459,0.815,0.3608,0.7306,0.5634,0.2681,,,,,,,,,,,,,0.3297,0.3297,0.8366,0.8131
word-search,Word search,lighter_dark_marks_75,measured,3.6944,4.9847,23.89,1.1599,41.9,0.3297,0.3845,0.8485,0.8164,0.3297,0.4076,0.8459,0.815,0.3608,0.6399,0.6448,0.5583,,,,,,,,,,,,,0.3297,0.3297,0.8658,0.8177
word-search,Word search,lighter_dark_marks_60,measured,2.9774,3.7478,38.67,1.877,56.32,0.4661,0.511,0.782,0.7107,0.4661,0.5283,0.7807,0.7096,0.4894,0.6399,0.6167,0.5212,,,,,,,,,,,,,0.4661,0.4661,0.8344,0.7669
word-search,Word search,lighter_fills_55,measured,4.7327,8.3031,2.51,0.1217,3.23,0.509,0.5519,0.7535,0.6685,0.1076,0.2166,0.9183,0.9156,0.1505,0.6399,0.6753,0.6032,,,,,,,,,,,,,0.1076,0.1076,0.8992,0.8689
word-search,Word search,credit_qr_removed,measured,4.5839,8.1226,5.57,0.2704,5.33,1.0,1.0,0.0,0.0,0.1076,0.2166,0.9183,0.9156,0.1505,0.6399,0.6753,0.6032,,,,,,,,,,,,,0.1076,0.1076,0.8992,0.8689
word-search,Word search,lighter_dark_marks_75_keep_qr,measured,3.7617,5.1739,22.51,1.0926,39.7,0.1076,0.1819,0.92,0.923,0.3297,0.4076,0.8459,0.815,0.3608,0.6399,0.6448,0.5583,,,,,,,,,,,,,0.3297,0.3297,0.8658,0.8177
word-search,Word search,regular_weight_grid_letters,measured,3.5722,6.1414,26.41,1.2822,28.42,0.1076,0.1819,0.92,0.923,0.1076,0.2166,0.9183,0.9156,0.1505,0.6399,0.6753,0.6032,,,,,,,,,,,,,0.1076,0.4194,0.6742,0.6432
cross-stitch-x,Cross-stitch chart,standard,measured,2.503,2.9619,0.0,0.0,0.0,,,,,,,,,,,,,,,,,,,,,,,,,0.1686,0.2902,0.6844,0.6686
cross-stitch-x,Cross-stitch chart,broad_fade_72,measured,1.8198,2.0022,27.3,0.6832,32.4,,,,,,,,,,,,,,,,,,,,,,,,,0.4,0.4863,0.6328,0.6125
cross-stitch-x,Cross-stitch chart,high_contrast,measured,2.503,2.9619,0.0,0.0,0.0,,,,,,,,,,,,,,,,,,,,,,,,,0.1686,0.2902,0.6844,0.6686
cross-stitch-x,Cross-stitch chart,page_wide_fade_75,simulated_on_raster,1.8773,2.0623,25.0,0.6258,30.37,,,,,,,,,,,,,,,,,,,,,,,,,0.3765,0.4676,0.638,0.6187
cross-stitch-x,Cross-stitch chart,page_wide_fade_60,simulated_on_raster,1.5018,1.6189,40.0,1.0012,45.34,,,,,,,,,,,,,,,,,,,,,,,,,0.5012,0.5741,0.6067,0.5709
cross-stitch-x,Cross-stitch chart,lighter_color_75_all,simulated_on_raster,1.8773,2.0623,25.0,0.6258,30.37,,,,,,,,,,,,,,,,,,,,,,,,,0.3765,0.4676,0.638,0.6187
cross-stitch-x,Cross-stitch chart,lighter_dark_marks_75,simulated_on_raster,1.8773,2.0623,25.0,0.6258,30.37,,,,,,,,,,,,,,,,,,,,,,,,,0.3765,0.4676,0.638,0.6187
cross-stitch-x,Cross-stitch chart,lighter_dark_marks_60,simulated_on_raster,1.5018,1.6189,40.0,1.0012,45.34,,,,,,,,,,,,,,,,,,,,,,,,,0.5012,0.5741,0.6067,0.5709
cross-stitch-x,Cross-stitch chart,lighter_fills_55,simulated_on_raster,1.3767,1.477,45.0,1.1264,50.13,,,,,,,,,,,,,,,,,,,,,,,,,0.5427,0.6096,0.5941,0.5479
cross-stitch-x,Cross-stitch chart,lighter_dark_marks_75_keep_qr,simulated_on_raster,1.8773,2.0623,25.0,0.6258,30.37,,,,,,,,,,,,,,,,,,,,,,,,,0.3765,0.4676,0.638,0.6187
cross-stitch-x,Cross-stitch chart,display_letters_55,simulated_on_raster,1.3767,1.477,45.0,1.1264,50.13,,,,,,,,,,,,,,,,,,,,,,,,,0.5427,0.6096,0.5941,0.5479
hw-dashed,Tracing with dark dotted or dashed marks,standard,measured,1.9285,3.11,0.0,0.0,0.0,0.1076,0.1819,0.916,0.9192,0.1076,0.1269,0.9368,0.9397,0.123,0.9071,0.291,0.292,0.6494,0.7827,0.431,0.0174,0.1076,0.1076,0.9717,0.9757,0.2365,0.2872,0.8726,0.8497,0.5833,0.7247,0.5772,0.2395
hw-dashed,Tracing with dark dotted or dashed marks,broad_fade_72,measured,1.4668,1.9878,23.94,0.4617,36.08,0.353,0.4076,0.836,0.8046,0.1076,0.1269,0.9368,0.9397,0.123,0.9071,0.291,0.292,0.744,0.8423,0.0645,0.0047,0.353,0.353,0.9504,0.9399,0.4505,0.4858,0.7891,0.7161,0.5833,0.7247,0.5772,0.2395
hw-dashed,Tracing with dark dotted or dashed marks,high_contrast,measured,3.1096,3.9984,-61.24,-1.1811,-28.57,0.1076,0.1819,0.916,0.9192,0.1076,0.1269,0.9368,0.9397,0.123,0.9071,0.291,0.292,0.0039,0.1725,1.0,0.9963,0.1076,0.1076,0.9722,0.9765,0.0,0.0667,0.9336,0.9357,0.5833,0.7247,0.5772,0.2395
hw-dashed,Tracing with dark dotted or dashed marks,page_wide_fade_75,measured,1.4471,1.9107,24.96,0.4814,38.56,0.3297,0.388,0.8455,0.817,0.3297,0.3451,0.8726,0.8427,0.3415,0.9278,0.2727,0.2584,0.7362,0.8348,0.0892,0.0051,0.3297,0.3297,0.953,0.945,0.4308,0.4698,0.8001,0.7324,0.6861,0.7916,0.3353,0.0084
hw-dashed,Tracing with dark dotted or dashed marks,page_wide_fade_60,measured,1.1613,1.4559,39.78,0.7672,53.19,0.4622,0.509,0.7909,0.7224,0.4622,0.474,0.8077,0.7578,0.4701,0.9429,0.2492,0.2247,0.7903,0.8695,0.0076,0.0032,0.4622,0.4622,0.9328,0.9065,0.5401,0.5712,0.7294,0.6272,0.7451,0.8314,0.0847,0.0
hw-dashed,Tracing with dark dotted or dashed marks,lighter_color_75_all,measured,1.4495,1.9244,24.84,0.4789,38.12,0.3297,0.388,0.8449,0.8163,0.3297,0.3415,0.875,0.8491,0.3376,0.9309,0.2737,0.2608,0.7365,0.8351,0.0891,0.0052,0.3297,0.3297,0.9544,0.9464,0.4272,0.4661,0.8012,0.7357,0.6889,0.7916,0.3288,0.0072
hw-dashed,Tracing with dark dotted or dashed marks,lighter_dark_marks_75,measured,1.5696,2.0977,18.61,0.3589,32.55,0.3297,0.388,0.8449,0.8163,0.3297,0.3415,0.875,0.8491,0.3376,0.9071,0.2737,0.2608,0.6494,0.7827,0.4304,0.016,0.3297,0.3297,0.9552,0.9469,0.4272,0.4661,0.8013,0.7359,0.5833,0.7247,0.5772,0.2395
hw-dashed,Tracing with dark dotted or dashed marks,lighter_dark_marks_60,measured,1.3486,1.7292,30.07,0.5798,44.4,0.4661,0.5129,0.7876,0.7179,0.4661,0.4776,0.8108,0.7591,0.474,0.9071,0.2514,0.2254,0.6494,0.7827,0.4294,0.0148,0.4661,0.4661,0.9355,0.9093,0.544,0.5751,0.7274,0.6247,0.5833,0.7247,0.5772,0.2395
hw-dashed,Tracing with dark dotted or dashed marks,lighter_fills_55,measured,1.7914,2.7993,7.11,0.137,9.99,0.509,0.5519,0.7627,0.6716,0.1076,0.1269,0.9368,0.9397,0.123,0.9071,0.291,0.292,0.6494,0.7827,0.431,0.0174,0.1076,0.1076,0.9717,0.9757,0.2365,0.2872,0.8726,0.8497,0.5833,0.7247,0.5772,0.2395
hw-dashed,Tracing with dark dotted or dashed marks,credit_qr_removed,measured,1.6239,2.5959,15.79,0.3046,16.53,1.0,1.0,0.0,0.0,0.1076,0.1269,0.9368,0.9397,0.123,0.9071,0.291,0.292,0.6494,0.7827,0.431,0.0174,0.1076,0.1076,0.9717,0.9757,0.2365,0.2872,0.8726,0.8497,0.5833,0.7247,0.5772,0.2395
hw-dashed,Tracing with dark dotted or dashed marks,lighter_dark_marks_75_keep_qr,measured,1.6454,2.31,14.68,0.2831,25.72,0.1076,0.1819,0.916,0.9192,0.3297,0.3415,0.875,0.8491,0.3376,0.9071,0.2737,0.2608,0.6494,0.7827,0.4304,0.016,0.3297,0.3297,0.9552,0.9469,0.4272,0.4661,0.8013,0.7359,0.5833,0.7247,0.5772,0.2395
name-tracing,Name and word tracing,standard,measured,2.3824,3.977,0.0,0.0,0.0,0.1076,0.1701,0.9222,0.925,0.1076,0.1233,0.9216,0.9298,0.123,0.9071,0.291,0.292,0.6522,0.7749,0.4605,0.0454,0.1076,0.1076,0.976,0.9789,0.6267,0.7491,0.4741,0.0192,0.5833,0.7289,0.5598,0.1999
name-tracing,Name and word tracing,broad_fade_72,measured,1.7844,2.4255,25.1,0.598,39.01,0.353,0.3998,0.8506,0.8225,0.1076,0.1233,0.9216,0.9298,0.123,0.9071,0.291,0.292,0.7449,0.8387,0.1014,0.0074,0.353,0.353,0.9526,0.9421,0.7289,0.8166,0.0736,0.0,0.5833,0.7569,0.5139,0.1962
name-tracing,Name and word tracing,high_contrast,measured,3.9244,5.257,-64.72,-1.542,-32.19,0.1076,0.1701,0.9222,0.925,0.1076,0.1233,0.9216,0.9298,0.123,0.9071,0.291,0.292,0.0,0.1765,1.0,0.9984,0.1076,0.1076,0.977,0.9802,0.0784,0.3412,0.9504,0.9491,0.5718,0.7017,0.6288,0.319
name-tracing,Name and word tracing,page_wide_fade_75,measured,1.7897,2.4106,24.88,0.5927,39.39,0.3297,0.3765,0.86,0.8341,0.3297,0.3415,0.8638,0.8366,0.3415,0.9278,0.2727,0.2584,0.739,0.8309,0.1323,0.0083,0.3297,0.3297,0.9556,0.9473,0.7211,0.8118,0.0995,0.0002,0.6861,0.7956,0.2969,0.0057
name-tracing,Name and word tracing,page_wide_fade_60,measured,1.4359,1.8264,39.73,0.9465,54.08,0.4622,0.5012,0.8061,0.7419,0.4622,0.4737,0.812,0.7616,0.4701,0.9429,0.2492,0.2247,0.7903,0.8656,0.0146,0.0043,0.4622,0.4622,0.9346,0.9168,0.7751,0.8493,0.0067,0.0,0.7451,0.8351,0.0661,0.0
name-tracing,Name and word tracing,lighter_color_75_all,measured,1.7908,2.4176,24.83,0.5916,39.21,0.3297,0.3765,0.8596,0.834,0.3297,0.3415,0.8661,0.8398,0.3376,0.9309,0.2737,0.2608,0.7393,0.8311,0.132,0.0084,0.3297,0.3297,0.9567,0.9484,0.7211,0.8118,0.0994,0.0002,0.6889,0.7956,0.2912,0.0041
name-tracing,Name and word tracing,lighter_dark_marks_75,measured,1.9803,2.6978,16.88,0.4021,32.16,0.3297,0.3765,0.8596,0.834,0.3297,0.3415,0.8661,0.8398,0.3376,0.9071,0.2737,0.2608,0.6522,0.7749,0.4591,0.0429,0.3297,0.3297,0.9573,0.9496,0.6267,0.7491,0.4741,0.0192,0.5833,0.7289,0.5598,0.1999
name-tracing,Name and word tracing,lighter_dark_marks_60,measured,1.7324,2.2653,27.28,0.65,43.04,0.4661,0.5051,0.8046,0.7372,0.4661,0.474,0.8148,0.7622,0.474,0.9071,0.2514,0.2254,0.6522,0.7749,0.4575,0.0392,0.4661,0.4661,0.9377,0.9194,0.6267,0.7491,0.4741,0.0192,0.5833,0.7289,0.5598,0.1999
name-tracing,Name and word tracing,lighter_fills_55,measured,2.2508,3.6757,5.52,0.1316,7.58,0.509,0.544,0.7799,0.6897,0.1076,0.1233,0.9216,0.9298,0.123,0.9071,0.291,0.292,0.6522,0.7749,0.4605,0.0454,0.1076,0.1076,0.976,0.9789,0.6267,0.7491,0.4741,0.0192,0.5833,0.7289,0.5598,0.1999
name-tracing,Name and word tracing,credit_qr_removed,measured,2.0899,3.4802,12.28,0.2925,12.49,1.0,1.0,0.0,0.0,0.1076,0.1233,0.9216,0.9298,0.123,0.9071,0.291,0.292,0.6522,0.7749,0.4605,0.0454,0.1076,0.1076,0.976,0.9789,0.6267,0.7491,0.4741,0.0192,0.5833,0.7289,0.5598,0.1999
name-tracing,Name and word tracing,lighter_dark_marks_75_keep_qr,measured,2.0532,2.9042,13.82,0.3292,26.97,0.1076,0.1701,0.9222,0.925,0.3297,0.3415,0.8661,0.8398,0.3376,0.9071,0.2737,0.2608,0.6522,0.7749,0.4591,0.0429,0.3297,0.3297,0.9573,0.9496,0.6267,0.7491,0.4741,0.0192,0.5833,0.7289,0.5598,0.1999
name-tracing,Name and word tracing,display_letters_55,measured,1.8546,2.6065,22.15,0.5278,34.46,0.1076,0.1701,0.9222,0.925,0.1076,0.1233,0.9216,0.9298,0.123,0.9071,0.291,0.292,0.6522,0.7749,0.4566,0.0383,0.509,0.509,0.9306,0.9085,0.6267,0.7491,0.4741,0.0192,0.5833,0.7289,0.5598,0.1999
cursive-name,Name and word tracing,standard,measured,2.724,4.5183,0.0,0.0,0.0,0.1076,0.1858,0.914,0.9176,0.1076,0.1251,0.9325,0.9322,0.123,0.9071,0.291,0.292,0.6483,0.7903,0.4371,0.0364,0.1076,0.1076,0.9725,0.9763,0.6264,0.7645,0.448,0.0171,0.5872,0.7365,0.546,0.2103
cursive-name,Name and word tracing,broad_fade_72,measured,2.0308,2.7478,25.45,0.6932,39.18,0.353,0.4112,0.8555,0.8321,0.1076,0.1251,0.9325,0.9322,0.123,0.9071,0.291,0.292,0.7438,0.8463,0.0831,0.0067,0.353,0.353,0.9437,0.9319,0.7261,0.8283,0.0701,0.0002,0.5872,0.7522,0.5138,0.2031
cursive-name,Name and word tracing,high_contrast,measured,4.5633,6.0405,-67.52,-1.8393,-33.69,0.1076,0.1858,0.914,0.9176,0.1076,0.1251,0.9325,0.9322,0.123,0.9071,0.291,0.292,0.0,0.149,1.0,0.9978,0.1076,0.1076,0.9733,0.9772,0.0745,0.3686,0.9376,0.9353,0.5757,0.7093,0.6223,0.3307
cursive-name,Name and word tracing,page_wide_fade_75,measured,2.0472,2.755,24.85,0.6768,39.03,0.3297,0.3883,0.8596,0.8431,0.3297,0.3415,0.8658,0.8367,0.3415,0.9278,0.2727,0.2584,0.7354,0.8423,0.1124,0.0072,0.3297,0.3297,0.9472,0.9373,0.7174,0.8233,0.0952,0.0004,0.6897,0.8003,0.3113,0.005
cursive-name,Name and word tracing,page_wide_fade_60,measured,1.6426,2.0913,39.7,1.0814,53.71,0.4622,0.509,0.8185,0.7485,0.4622,0.4737,0.8076,0.7518,0.4701,0.9429,0.2492,0.2247,0.7874,0.8734,0.0142,0.0042,0.4622,0.4622,0.9233,0.8998,0.7751,0.8583,0.0071,0.0,0.7491,0.8392,0.0698,0.0
cursive-name,Name and word tracing,lighter_color_75_all,measured,2.0485,2.7626,24.8,0.6755,38.86,0.3297,0.3883,0.8596,0.8431,0.3297,0.3415,0.8712,0.8409,0.3376,0.9309,0.2737,0.2608,0.7354,0.8426,0.1118,0.0072,0.3297,0.3297,0.9487,0.9389,0.7174,0.8233,0.0952,0.0004,0.6928,0.8003,0.3019,0.0047
cursive-name,Name and word tracing,lighter_dark_marks_75,measured,2.2721,3.0939,16.59,0.4519,31.52,0.3297,0.3883,0.8596,0.8431,0.3297,0.3415,0.8712,0.8409,0.3376,0.9071,0.2737,0.2608,0.6483,0.7903,0.4367,0.0348,0.3297,0.3297,0.9491,0.9392,0.6264,0.7645,0.448,0.0171,0.5872,0.7365,0.546,0.2093
cursive-name,Name and word tracing,lighter_dark_marks_60,measured,1.9931,2.6092,26.83,0.7309,42.25,0.4661,0.5129,0.816,0.7424,0.4661,0.474,0.8091,0.7527,0.474,0.9071,0.2514,0.2254,0.6483,0.7903,0.4362,0.0336,0.4661,0.4661,0.9249,0.9023,0.6264,0.7645,0.448,0.0171,0.5872,0.7365,0.546,0.2093
cursive-name,Name and word tracing,lighter_fills_55,measured,2.5952,4.2256,4.73,0.1288,6.48,0.509,0.5519,0.7908,0.6912,0.1076,0.1251,0.9325,0.9322,0.123,0.9071,0.291,0.292,0.6483,0.7903,0.4371,0.0364,0.1076,0.1076,0.9725,0.9763,0.6264,0.7645,0.448,0.0171,0.5872,0.7365,0.546,0.2103
cursive-name,Name and word tracing,credit_qr_removed,measured,2.4377,4.0344,10.51,0.2863,10.71,1.0,1.0,0.0,0.0,0.1076,0.1251,0.9325,0.9322,0.123,0.9071,0.291,0.292,0.6483,0.7903,0.4371,0.0364,0.1076,0.1076,0.9725,0.9763,0.6264,0.7645,0.448,0.0171,0.5872,0.7365,0.546,0.2103
cursive-name,Name and word tracing,lighter_dark_marks_75_keep_qr,measured,2.3434,3.294,13.97,0.3806,27.1,0.1076,0.1858,0.914,0.9176,0.3297,0.3415,0.8712,0.8409,0.3376,0.9071,0.2737,0.2608,0.6483,0.7903,0.4367,0.0348,0.3297,0.3297,0.9491,0.9392,0.6264,0.7645,0.448,0.0171,0.5872,0.7365,0.546,0.2093
happy-birthday,Tracing with dark dotted or dashed marks,standard,measured,2.6396,4.4936,0.0,0.0,0.0,0.1076,0.1701,0.9199,0.9211,0.1076,0.123,0.9349,0.9366,0.123,0.9071,0.291,0.292,0.6726,0.8261,0.237,0.0217,0.1076,0.1076,0.9669,0.9731,0.1076,0.248,0.8869,0.8707,0.5367,0.7006,0.6198,0.3311
happy-birthday,Tracing with dark dotted or dashed marks,broad_fade_72,measured,1.9938,2.7451,24.46,0.6457,38.91,0.353,0.3961,0.8505,0.8192,0.1076,0.123,0.9349,0.9366,0.123,0.9071,0.291,0.292,0.7603,0.8734,0.024,0.0121,0.353,0.353,0.9297,0.9137,0.353,0.4547,0.7993,0.739,0.5872,0.7129,0.599,0.2917
happy-birthday,Tracing with dark dotted or dashed marks,high_contrast,measured,3.6495,4.9599,-38.26,-1.0099,-10.38,0.1076,0.1701,0.9199,0.9211,0.1076,0.123,0.9349,0.9366,0.123,0.9071,0.291,0.292,0.0431,0.2706,0.9998,0.9921,0.1076,0.1076,0.9684,0.9748,0.0,0.1176,0.9223,0.9228,0.5342,0.6939,0.635,0.3487
happy-birthday,Tracing with dark dotted or dashed marks,page_wide_fade_75,measured,1.9834,2.6849,24.86,0.6561,40.25,0.3297,0.3765,0.858,0.8327,0.3297,0.3415,0.8771,0.8539,0.3415,0.9278,0.2727,0.2584,0.7547,0.8695,0.0296,0.0131,0.3297,0.3297,0.9339,0.9212,0.3297,0.4351,0.8089,0.7554,0.6543,0.7734,0.4003,0.1177
happy-birthday,Tracing with dark dotted or dashed marks,page_wide_fade_60,measured,1.5902,2.0211,39.76,1.0494,55.02,0.4622,0.4975,0.8045,0.7333,0.4622,0.4701,0.8235,0.7755,0.4701,0.9429,0.2492,0.2247,0.8029,0.8939,0.0124,0.007,0.4622,0.4622,0.9033,0.8732,0.4622,0.5479,0.7419,0.6475,0.7196,0.8188,0.1781,0.0713
happy-birthday,Tracing with dark dotted or dashed marks,lighter_color_75_all,measured,1.9851,2.6906,24.79,0.6545,40.12,0.3297,0.3765,0.8576,0.8322,0.3297,0.3412,0.8811,0.8561,0.3376,0.9309,0.2737,0.2608,0.7547,0.8695,0.0294,0.0131,0.3297,0.3297,0.936,0.9237,0.3297,0.4351,0.8091,0.7554,0.6518,0.7751,0.3938,0.117
happy-birthday,Tracing with dark dotted or dashed marks,lighter_dark_marks_75,measured,2.0768,2.819,21.32,0.5628,37.27,0.3297,0.3765,0.8576,0.8322,0.3297,0.3412,0.8811,0.8561,0.3376,0.9071,0.2737,0.2608,0.6726,0.8261,0.234,0.0168,0.3297,0.3297,0.9363,0.9243,0.3297,0.4351,0.8099,0.7573,0.5796,0.7093,0.6006,0.296
happy-birthday,Tracing with dark dotted or dashed marks,lighter_dark_marks_60,measured,1.7299,2.2215,34.46,0.9097,50.56,0.4661,0.5014,0.8024,0.7288,0.4661,0.474,0.8259,0.7767,0.474,0.9071,0.2514,0.2254,0.6726,0.8261,0.2323,0.0124,0.4661,0.4661,0.906,0.8765,0.4661,0.5481,0.7429,0.6483,0.5872,0.7199,0.5814,0.2564
happy-birthday,Tracing with dark dotted or dashed marks,lighter_fills_55,measured,2.4909,4.1296,5.63,0.1487,8.1,0.509,0.544,0.7733,0.6839,0.1076,0.123,0.9349,0.9366,0.123,0.9071,0.291,0.292,0.6726,0.8261,0.2368,0.0213,0.1076,0.1076,0.9669,0.9731,0.1076,0.248,0.8677,0.8332,0.5872,0.725,0.5714,0.2283
happy-birthday,Tracing with dark dotted or dashed marks,credit_qr_removed,measured,2.356,4.0126,10.74,0.2835,10.7,1.0,1.0,0.0,0.0,0.1076,0.123,0.9349,0.9366,0.123,0.9071,0.291,0.292,0.6726,0.8261,0.237,0.0217,0.1076,0.1076,0.9669,0.9731,0.1076,0.248,0.8869,0.8707,0.5367,0.7006,0.6198,0.3311
happy-birthday,Tracing with dark dotted or dashed marks,lighter_dark_marks_75_keep_qr,measured,2.1474,3.0185,18.65,0.4922,32.83,0.1076,0.1701,0.9199,0.9211,0.3297,0.3412,0.8811,0.8561,0.3376,0.9071,0.2737,0.2608,0.6726,0.8261,0.234,0.0168,0.3297,0.3297,0.9363,0.9243,0.3297,0.4351,0.8099,0.7573,0.5796,0.7093,0.6006,0.296
pl-imie,Name and word tracing,standard,measured,2.3071,3.8511,0.0,0.0,0.0,0.1076,0.1662,0.92,0.9281,0.1076,0.1233,0.9375,0.9413,0.1348,0.9071,0.2691,0.2673,0.6368,0.7555,0.4927,0.0655,0.1076,0.1076,0.982,0.9838,0.6102,0.76,0.4988,0.0414,0.5833,0.7258,0.5684,0.2288
pl-imie,Name and word tracing,broad_fade_72,measured,1.7328,2.3629,24.9,0.5744,38.64,0.353,0.3958,0.863,0.8395,0.1076,0.1233,0.9375,0.9413,0.1348,0.9071,0.2691,0.2673,0.7362,0.8222,0.1291,0.0081,0.353,0.353,0.9609,0.9531,0.7172,0.8264,0.1305,0.0001,0.5833,0.7373,0.5448,0.2147
pl-imie,Name and word tracing,high_contrast,measured,3.9072,5.1927,-69.35,-1.6001,-34.83,0.1076,0.1662,0.92,0.9281,0.1076,0.1233,0.9375,0.9413,0.1348,0.9071,0.2691,0.2673,0.0,0.0902,1.0,0.9995,0.1076,0.1076,0.9829,0.9846,0.0471,0.3333,0.9242,0.9252,0.5757,0.7096,0.6225,0.3145
pl-imie,Name and word tracing,page_wide_fade_75,measured,1.7338,2.3357,24.85,0.5733,39.35,0.3297,0.3726,0.8685,0.8502,0.3297,0.3415,0.8685,0.8406,0.3493,0.9278,0.2486,0.2344,0.7275,0.8143,0.1659,0.0085,0.3297,0.3297,0.9631,0.9565,0.7085,0.8197,0.1681,0.0003,0.6858,0.7956,0.3249,0.0058
pl-imie,Name and word tracing,page_wide_fade_60,measured,1.3907,1.7722,39.72,0.9164,53.98,0.4622,0.4972,0.8251,0.7625,0.4622,0.4701,0.8175,0.756,0.4779,0.9429,0.2266,0.2009,0.7824,0.853,0.0193,0.006,0.4622,0.4622,0.9486,0.9321,0.7645,0.8544,0.0133,0.0,0.746,0.8353,0.0731,0.0
pl-imie,Name and word tracing,lighter_color_75_all,measured,1.7325,2.3411,24.91,0.5746,39.21,0.3297,0.3726,0.8684,0.8499,0.3297,0.3412,0.8721,0.8433,0.3491,0.9309,0.2499,0.2359,0.7278,0.8146,0.1646,0.0085,0.3297,0.3297,0.9632,0.9565,0.7085,0.8197,0.1666,0.0003,0.6889,0.7956,0.3197,0.0052
pl-imie,Name and word tracing,lighter_dark_marks_75,measured,1.9197,2.6201,16.79,0.3874,31.96,0.3297,0.3726,0.8684,0.8499,0.3297,0.3412,0.8721,0.8433,0.3491,0.9071,0.2499,0.2359,0.6368,0.7555,0.4926,0.0648,0.3297,0.3297,0.9634,0.9568,0.6102,0.76,0.4988,0.0414,0.5833,0.7258,0.5684,0.2279
pl-imie,Name and word tracing,lighter_dark_marks_60,measured,1.6815,2.2047,27.12,0.6256,42.75,0.4661,0.5012,0.8236,0.7568,0.4661,0.474,0.8197,0.7577,0.4801,0.9071,0.2274,0.2004,0.6368,0.7555,0.4924,0.064,0.4661,0.4661,0.9487,0.9329,0.6102,0.76,0.4988,0.0414,0.5833,0.7258,0.5684,0.2279
pl-imie,Name and word tracing,lighter_fills_55,measured,2.1783,3.5557,5.59,0.1289,7.67,0.509,0.5404,0.7967,0.7129,0.1076,0.1233,0.9375,0.9413,0.1348,0.9071,0.2691,0.2673,0.6368,0.7555,0.4927,0.0655,0.1076,0.1076,0.982,0.9838,0.6102,0.76,0.4988,0.0414,0.5833,0.7258,0.5684,0.2288
pl-imie,Name and word tracing,credit_qr_removed,measured,2.0207,3.3642,12.42,0.2865,12.64,1.0,1.0,0.0,0.0,0.1076,0.1233,0.9375,0.9413,0.1348,0.9071,0.2691,0.2673,0.6368,0.7555,0.4927,0.0655,0.1076,0.1076,0.982,0.9838,0.6102,0.76,0.4988,0.0414,0.5833,0.7258,0.5684,0.2288
pl-imie,Name and word tracing,lighter_dark_marks_75_keep_qr,measured,1.991,2.8224,13.7,0.3161,26.71,0.1076,0.1662,0.92,0.9281,0.3297,0.3412,0.8721,0.8433,0.3491,0.9071,0.2499,0.2359,0.6368,0.7555,0.4926,0.0648,0.3297,0.3297,0.9634,0.9568,0.6102,0.76,0.4988,0.0414,0.5833,0.7258,0.5684,0.2279
calligraphy-alphabet,Letter practice list,standard,measured,0.7926,1.2811,0.0,0.0,0.0,0.1076,0.1701,0.9251,0.9282,0.1076,0.1348,0.9275,0.932,,,,,,,,,0.1076,0.2362,0.9085,0.8997,0.8304,0.8379,0.0054,0.0,0.673,0.8407,0.0742,0.0169
calligraphy-alphabet,Letter practice list,broad_fade_72,measured,0.7536,1.1739,4.92,0.039,8.37,0.353,0.3998,0.8538,0.8173,0.1076,0.1348,0.9275,0.932,,,,,,,,,0.1076,0.2362,0.9085,0.8997,0.8304,0.8379,0.0054,0.0,0.673,0.8407,0.0742,0.0169
calligraphy-alphabet,Letter practice list,high_contrast,measured,0.7926,1.2811,0.0,0.0,0.0,0.1076,0.1701,0.9251,0.9282,0.1076,0.1348,0.9275,0.932,,,,,,,,,0.1076,0.2362,0.9085,0.8997,0.8304,0.8379,0.0054,0.0,0.673,0.8407,0.0742,0.0169
calligraphy-alphabet,Letter practice list,page_wide_fade_75,measured,0.5959,0.8126,24.82,0.1967,36.57,0.3297,0.3765,0.8624,0.8305,0.3297,0.3493,0.8662,0.842,,,,,,,,,0.3297,0.4272,0.835,0.7791,0.8712,0.8751,0.0001,0.0,0.7553,0.8802,0.0234,0.0005
calligraphy-alphabet,Letter practice list,page_wide_fade_60,measured,0.4792,0.6254,39.54,0.3134,51.18,0.4622,0.5012,0.8013,0.7379,0.4622,0.4779,0.8173,0.7624,,,,,,,,,0.4622,0.5401,0.7614,0.6636,0.895,0.8989,0.0,0.0,0.8006,0.904,0.0058,0.0
calligraphy-alphabet,Letter practice list,lighter_color_75_all,measured,0.596,0.8145,24.81,0.1966,36.42,0.3297,0.3765,0.8621,0.8305,0.3297,0.3454,0.8701,0.8451,,,,,,,,,0.3297,0.4197,0.8402,0.7864,0.8743,0.8782,0.0001,0.0,0.7564,0.881,0.0229,0.0004
calligraphy-alphabet,Letter practice list,lighter_dark_marks_75,measured,0.6652,0.9236,16.07,0.1273,27.91,0.3297,0.3765,0.8621,0.8305,0.3297,0.3454,0.8701,0.8451,,,,,,,,,0.3297,0.4197,0.8402,0.7864,0.8304,0.8379,0.0054,0.0,0.673,0.8407,0.0742,0.0169
calligraphy-alphabet,Letter practice list,lighter_dark_marks_60,measured,0.586,0.7926,26.06,0.2066,38.13,0.4661,0.5051,0.7993,0.7329,0.4661,0.4779,0.8192,0.7633,,,,,,,,,0.4661,0.5364,0.7655,0.6676,0.8304,0.8379,0.0054,0.0,0.673,0.8407,0.0742,0.0169
calligraphy-alphabet,Letter practice list,lighter_fills_55,measured,0.7288,1.1355,8.05,0.0638,11.37,0.509,0.544,0.7707,0.6894,0.1076,0.1348,0.9275,0.932,,,,,,,,,0.1076,0.2362,0.9085,0.8997,0.8304,0.8379,0.0054,0.0,0.673,0.8407,0.0742,0.0169
calligraphy-alphabet,Letter practice list,credit_qr_removed,measured,0.6507,1.0407,17.9,0.1419,18.77,1.0,1.0,0.0,0.0,0.1076,0.1348,0.9275,0.932,,,,,,,,,0.1076,0.2362,0.9085,0.8997,0.8304,0.8379,0.0054,0.0,0.673,0.8407,0.0742,0.0169
calligraphy-alphabet,Letter practice list,lighter_dark_marks_75_keep_qr,measured,0.7006,1.0233,11.61,0.092,20.12,0.1076,0.1701,0.9251,0.9282,0.3297,0.3454,0.8701,0.8451,,,,,,,,,0.3297,0.4197,0.8402,0.7864,0.8304,0.8379,0.0054,0.0,0.673,0.8407,0.0742,0.0169
bubble-letters,Outline alphabet,standard,measured,1.4998,2.3943,0.0,0.0,0.0,0.1076,0.1701,0.9198,0.9257,0.1076,0.279,0.8775,0.8781,,,,,,,,,,,,,,,,,0.1191,0.645,0.7223,0.5793
bubble-letters,Outline alphabet,broad_fade_72,measured,1.19,1.6167,20.66,0.3098,32.48,0.353,0.3961,0.856,0.8282,0.1076,0.279,0.8775,0.8781,,,,,,,,,,,,,,,,,0.3608,0.6604,0.6631,0.4909
bubble-letters,Outline alphabet,high_contrast,measured,1.4998,2.3943,0.0,0.0,0.0,0.1076,0.1701,0.9198,0.9257,0.1076,0.279,0.8775,0.8781,,,,,,,,,,,,,,,,,0.1191,0.645,0.7223,0.5793
bubble-letters,Outline alphabet,page_wide_fade_75,measured,1.1271,1.5008,24.85,0.3727,37.32,0.3297,0.3765,0.8638,0.8408,0.3297,0.4586,0.7991,0.7727,,,,,,,,,,,,,,,,,0.3376,0.7323,0.55,0.4303
bubble-letters,Outline alphabet,page_wide_fade_60,measured,0.9056,1.1464,39.62,0.5942,52.12,0.4622,0.4975,0.8112,0.7431,0.4622,0.5673,0.7335,0.6583,,,,,,,,,,,,,,,,,0.4698,0.7844,0.4263,0.3587
bubble-letters,Outline alphabet,lighter_color_75_all,measured,1.1267,1.5014,24.88,0.3731,37.29,0.3297,0.3765,0.8637,0.8406,0.3297,0.4544,0.8045,0.7771,,,,,,,,,,,,,,,,,0.3376,0.7334,0.548,0.4301
bubble-letters,Outline alphabet,lighter_dark_marks_75,measured,1.2001,1.623,19.98,0.2997,32.21,0.3297,0.3765,0.8637,0.8406,0.3297,0.4544,0.8045,0.7771,,,,,,,,,,,,,,,,,0.3376,0.655,0.6698,0.5013
bubble-letters,Outline alphabet,lighter_dark_marks_60,measured,1.0157,1.3278,32.28,0.4841,44.54,0.4661,0.5014,0.8086,0.7379,0.4661,0.5636,0.7363,0.6617,,,,,,,,,,,,,,,,,0.4737,0.6843,0.6258,0.4304
bubble-letters,Outline alphabet,lighter_fills_55,measured,1.3642,2.0828,9.04,0.1356,13.01,0.509,0.544,0.7817,0.6933,0.1076,0.279,0.8775,0.8781,,,,,,,,,,,,,,,,,0.1191,0.645,0.7223,0.5793
bubble-letters,Outline alphabet,credit_qr_removed,measured,1.1983,1.8811,20.11,0.3015,21.43,1.0,1.0,0.0,0.0,0.1076,0.279,0.8775,0.8781,,,,,,,,,,,,,,,,,0.1191,0.645,0.7223,0.5793
bubble-letters,Outline alphabet,lighter_dark_marks_75_keep_qr,measured,1.2751,1.8364,14.98,0.2247,23.3,0.1076,0.1701,0.9198,0.9257,0.3297,0.4544,0.8045,0.7771,,,,,,,,,,,,,,,,,0.3376,0.655,0.6698,0.5013
name-puzzle,Outline alphabet,standard,measured,1.1193,1.8903,0.0,0.0,0.0,0.1076,0.1662,0.9248,0.9266,,,,,,,,,,,,,,,,,,,,,0.1076,0.6327,0.686,0.5986
name-puzzle,Outline alphabet,broad_fade_72,measured,0.8841,1.2327,21.02,0.2353,34.79,0.353,0.3958,0.8594,0.835,,,,,,,,,,,,,,,,,,,,,0.3533,0.6339,0.6599,0.5591
name-puzzle,Outline alphabet,high_contrast,measured,1.1193,1.8903,0.0,0.0,0.0,0.1076,0.1662,0.9248,0.9266,,,,,,,,,,,,,,,,,,,,,0.1076,0.6327,0.686,0.5986
name-puzzle,Outline alphabet,page_wide_fade_75,measured,0.8415,1.1309,24.82,0.2778,40.17,0.3297,0.3726,0.8666,0.8476,,,,,,,,,,,,,,,,,,,,,0.3297,0.7237,0.5801,0.4851
name-puzzle,Outline alphabet,page_wide_fade_60,measured,0.6756,0.8542,39.64,0.4437,54.81,0.4622,0.4972,0.8201,0.751,,,,,,,,,,,,,,,,,,,,,0.4622,0.7766,0.4868,0.4314
name-puzzle,Outline alphabet,lighter_color_75_all,measured,0.8408,1.1314,24.88,0.2785,40.15,0.3297,0.3726,0.8664,0.8473,,,,,,,,,,,,,,,,,,,,,0.3297,0.7248,0.579,0.4848
name-puzzle,Outline alphabet,lighter_dark_marks_75,measured,0.8792,1.194,21.45,0.2401,36.84,0.3297,0.3726,0.8664,0.8473,,,,,,,,,,,,,,,,,,,,,0.3297,0.6356,0.6569,0.554
name-puzzle,Outline alphabet,lighter_dark_marks_60,measured,0.7316,0.9464,34.64,0.3877,49.93,0.4661,0.5012,0.8171,0.7452,,,,,,,,,,,,,,,,,,,,,0.4661,0.6565,0.6287,0.5102
name-puzzle,Outline alphabet,lighter_fills_55,measured,0.9859,1.5851,11.92,0.1334,16.15,0.509,0.5404,0.7907,0.6979,,,,,,,,,,,,,,,,,,,,,0.1076,0.6327,0.686,0.5986
name-puzzle,Outline alphabet,credit_qr_removed,measured,0.8228,1.3869,26.49,0.2965,26.63,1.0,1.0,0.0,0.0,,,,,,,,,,,,,,,,,,,,,0.1076,0.6327,0.686,0.5986
name-puzzle,Outline alphabet,lighter_dark_marks_75_keep_qr,measured,0.953,1.4031,14.85,0.1663,25.78,0.1076,0.1662,0.9248,0.9266,,,,,,,,,,,,,,,,,,,,,0.3297,0.6356,0.6569,0.554
dot-to-dot-name,Coloring and dot-to-dot,standard,measured,0.9059,1.5281,0.0,0.0,0.0,0.1076,0.1698,0.9191,0.9236,,,,,,,,,,,,,,,,,,,,,0.1076,0.8286,0.4554,0.4218
dot-to-dot-name,Coloring and dot-to-dot,broad_fade_72,measured,0.6692,0.8899,26.13,0.2367,41.76,0.353,0.3958,0.8501,0.8221,,,,,,,,,,,,,,,,,,,,,0.353,0.8706,0.4199,0.3738
dot-to-dot-name,Coloring and dot-to-dot,high_contrast,measured,0.9059,1.5281,0.0,0.0,0.0,0.1076,0.1698,0.9191,0.9236,,,,,,,,,,,,,,,,,,,,,0.1076,0.8286,0.4554,0.4218
dot-to-dot-name,Coloring and dot-to-dot,page_wide_fade_75,measured,0.6817,0.9217,24.76,0.2243,39.68,0.3297,0.3765,0.8589,0.8337,,,,,,,,,,,,,,,,,,,,,0.3297,0.8713,0.4027,0.3607
dot-to-dot-name,Coloring and dot-to-dot,page_wide_fade_60,measured,0.5488,0.6984,39.42,0.3571,54.3,0.4622,0.4972,0.8047,0.7436,,,,,,,,,,,,,,,,,,,,,0.4622,0.8958,0.3546,0.3219
dot-to-dot-name,Coloring and dot-to-dot,lighter_color_75_all,measured,0.682,0.9227,24.72,0.224,39.62,0.3297,0.3765,0.8585,0.8337,,,,,,,,,,,,,,,,,,,,,0.3297,0.8714,0.4031,0.3615
dot-to-dot-name,Coloring and dot-to-dot,lighter_dark_marks_75,measured,0.713,0.973,21.29,0.1929,36.33,0.3297,0.3765,0.8585,0.8337,,,,,,,,,,,,,,,,,,,,,0.3297,0.8443,0.429,0.3816
dot-to-dot-name,Coloring and dot-to-dot,lighter_dark_marks_60,measured,0.5938,0.7739,34.45,0.3121,49.36,0.4661,0.5012,0.8019,0.7394,,,,,,,,,,,,,,,,,,,,,0.4661,0.8569,0.4024,0.3424
dot-to-dot-name,Coloring and dot-to-dot,lighter_fills_55,measured,0.67,0.9688,26.04,0.2359,36.6,0.509,0.544,0.7772,0.6941,,,,,,,,,,,,,,,,,,,,,0.1583,0.839,0.4375,0.3938
dot-to-dot-name,Coloring and dot-to-dot,credit_qr_removed,measured,0.6114,1.0273,32.51,0.2945,32.77,1.0,1.0,0.0,0.0,,,,,,,,,,,,,,,,,,,,,0.1076,0.8286,0.4554,0.4218
dot-to-dot-name,Coloring and dot-to-dot,lighter_dark_marks_75_keep_qr,measured,0.7864,1.1812,13.2,0.1196,22.7,0.1076,0.1698,0.9191,0.9236,,,,,,,,,,,,,,,,,,,,,0.3297,0.8443,0.429,0.3816
bubble-name-solid,Name and word tracing,standard,measured,1.1392,1.9573,0.0,0.0,0.0,0.1076,0.1776,0.9249,0.928,0.1076,0.1194,0.9381,0.9398,0.1348,0.9071,0.2834,0.2837,,,,,0.3579,0.442,0.8688,0.812,0.6306,0.7337,0.5478,0.0113,0.6309,0.6939,0.5391,0.0872
bubble-name-solid,Name and word tracing,broad_fade_72,measured,0.9241,1.4673,18.88,0.2151,25.04,0.3533,0.404,0.8496,0.8174,0.1076,0.1194,0.9381,0.9398,0.1348,0.9071,0.2834,0.2837,,,,,0.534,0.5943,0.8563,0.7937,0.6884,0.7704,0.319,0.0015,0.6309,0.6939,0.5391,0.0872
bubble-name-solid,Name and word tracing,high_contrast,measured,1.2946,2.0758,-13.64,-0.1554,-6.05,0.1076,0.1776,0.9249,0.928,0.1076,0.1194,0.9381,0.9398,0.1348,0.9071,0.2834,0.2837,,,,,0.3579,0.442,0.8688,0.812,0.0863,0.673,0.8011,0.5359,0.6309,0.6939,0.5391,0.0872
bubble-name-solid,Name and word tracing,page_wide_fade_75,measured,0.8544,1.3198,25.0,0.2848,32.57,0.3297,0.3804,0.8581,0.8313,0.3297,0.3412,0.8735,0.8433,0.3493,0.9309,0.2543,0.2442,,,,,0.5189,0.5823,0.8123,0.7953,0.7242,0.8003,0.0927,0.0,0.7213,0.7715,0.1547,0.0026
bubble-name-solid,Name and word tracing,page_wide_fade_60,measured,0.6853,1.0205,39.84,0.4539,47.86,0.4622,0.5051,0.799,0.724,0.4622,0.4701,0.813,0.7647,0.4779,0.9432,0.2371,0.2105,,,,,0.6142,0.6642,0.7922,0.7789,0.7791,0.839,0.005,0.0,0.7777,0.8159,0.0267,0.0
bubble-name-solid,Name and word tracing,lighter_color_75_all,measured,0.8538,1.3171,25.05,0.2854,32.71,0.3297,0.3804,0.8583,0.8307,0.3297,0.3376,0.8769,0.8484,0.3491,0.9309,0.2561,0.2457,,,,,0.5191,0.5826,0.812,0.7953,0.7242,0.8003,0.0916,0.0,0.7239,0.7715,0.1524,0.0022
bubble-name-solid,Name and word tracing,lighter_dark_marks_75,measured,0.9333,1.4434,18.07,0.2059,26.25,0.3297,0.3804,0.8583,0.8307,0.3297,0.3376,0.8769,0.8484,0.3491,0.9071,0.2561,0.2457,,,,,0.5191,0.5826,0.8576,0.7957,0.6306,0.7337,0.5478,0.0113,0.6309,0.6939,0.5391,0.0872
bubble-name-solid,Name and word tracing,lighter_dark_marks_60,measured,0.809,1.2181,28.99,0.3302,37.77,0.4661,0.509,0.7967,0.721,0.4661,0.474,0.815,0.765,0.4815,0.9071,0.2376,0.2108,,,,,0.615,0.665,0.8489,0.7788,0.6306,0.7337,0.5478,0.0113,0.6309,0.6939,0.5391,0.0872
bubble-name-solid,Name and word tracing,lighter_fills_55,measured,1.0162,1.6773,10.8,0.1231,14.31,0.509,0.5479,0.7683,0.6774,0.1076,0.1194,0.9381,0.9398,0.1348,0.9071,0.2834,0.2837,,,,,0.3579,0.442,0.8688,0.812,0.6306,0.7337,0.5478,0.0113,0.6309,0.6939,0.5391,0.0872
bubble-name-solid,Name and word tracing,credit_qr_removed,measured,0.8657,1.4946,24.01,0.2736,23.64,1.0,1.0,0.0,0.0,0.1076,0.1194,0.9381,0.9398,0.1348,0.9071,0.2834,0.2837,,,,,0.3579,0.442,0.8688,0.812,0.6306,0.7337,0.5478,0.0113,0.6309,0.6939,0.5391,0.0872
bubble-name-solid,Name and word tracing,lighter_dark_marks_75_keep_qr,measured,1.0014,1.6349,12.09,0.1378,16.47,0.1076,0.1776,0.9249,0.928,0.3297,0.3376,0.8769,0.8484,0.3491,0.9071,0.2561,0.2457,,,,,0.5191,0.5826,0.8576,0.7957,0.6306,0.7337,0.5478,0.0113,0.6309,0.6939,0.5391,0.0872
bubble-name-solid,Name and word tracing,solid_to_outline,measured,0.7609,1.2294,33.21,0.3783,37.19,0.1076,0.1776,0.9249,0.928,0.1076,0.1194,0.9381,0.9398,0.1348,0.9071,0.2834,0.2837,,,,,0.6528,1.0,0.1573,0.0598,0.6306,0.7337,0.5478,0.0113,0.6309,0.6939,0.5391,0.0872
bubble-name-solid,Name and word tracing,display_letters_55,measured,0.986,1.6301,13.45,0.1533,16.72,0.1076,0.1776,0.9249,0.928,0.1076,0.1194,0.9381,0.9398,0.1348,0.9071,0.2834,0.2837,,,,,0.4742,0.6925,0.8687,0.7648,0.6306,0.7337,0.5478,0.0113,0.6309,0.6939,0.5391,0.0872
crossword,Crossword,standard,measured,1.0625,1.5172,0.0,0.0,0.0,0.1076,0.2519,0.9169,0.9221,0.1076,0.2908,0.8802,0.8768,0.1776,0.7393,0.7089,0.4492,,,,,,,,,,,,,0.2362,0.5401,0.8322,0.7703
crossword,Crossword,broad_fade_72,measured,0.8529,1.1098,19.73,0.2097,26.86,0.3533,0.4586,0.8344,0.8057,0.1076,0.2908,0.8802,0.8768,0.1776,0.7393,0.7089,0.4492,,,,,,,,,,,,,0.3726,0.6219,0.7472,0.5856
crossword,Crossword,high_contrast,measured,1.0625,1.5172,0.0,0.0,0.0,0.1076,0.2519,0.9169,0.9221,0.1076,0.2908,0.8802,0.8768,0.1776,0.7393,0.7089,0.4492,,,,,,,,,,,,,0.2362,0.5401,0.8322,0.7703
crossword,Crossword,page_wide_fade_75,measured,0.7974,0.9973,24.96,0.2652,34.27,0.3297,0.4387,0.8461,0.8188,0.3297,0.4661,0.8067,0.763,0.3804,0.8051,0.4482,0.2526,,,,,,,,,,,,,0.4272,0.653,0.7054,0.548
crossword,Crossword,page_wide_fade_60,measured,0.6394,0.7671,39.82,0.4231,49.44,0.4622,0.5482,0.7793,0.7024,0.4622,0.5715,0.7305,0.6459,0.5051,0.8454,0.2639,0.1971,,,,,,,,,,,,,0.5401,0.7233,0.5893,0.2964
crossword,Crossword,lighter_color_75_all,measured,0.8001,1.0003,24.7,0.2625,34.07,0.3297,0.4387,0.8457,0.8192,0.3297,0.4622,0.8118,0.7673,0.3765,0.8059,0.4528,0.2541,,,,,,,,,,,,,0.4272,0.653,0.7075,0.5526
crossword,Crossword,lighter_dark_marks_75,measured,0.8092,1.0133,23.84,0.2533,33.21,0.3297,0.4387,0.8457,0.8192,0.3297,0.4622,0.8118,0.7673,0.3765,0.7393,0.6709,0.3835,,,,,,,,,,,,,0.4272,0.6493,0.7209,0.5543
crossword,Crossword,lighter_dark_marks_60,measured,0.652,0.784,38.63,0.4105,48.33,0.4661,0.5519,0.7771,0.6987,0.4661,0.5675,0.7331,0.6476,0.5038,0.7393,0.6268,0.3296,,,,,,,,,,,,,0.544,0.7115,0.6065,0.2958
crossword,Crossword,lighter_fills_55,measured,0.9909,1.3617,6.74,0.0716,10.25,0.509,0.5871,0.7469,0.6395,0.1076,0.2908,0.8802,0.8768,0.1776,0.7393,0.7089,0.4492,,,,,,,,,,,,,0.2362,0.5401,0.8322,0.7703
crossword,Crossword,credit_qr_removed,measured,0.9034,1.256,14.98,0.1592,17.22,1.0,1.0,0.0,0.0,0.1076,0.2908,0.8802,0.8768,0.1776,0.7393,0.7089,0.4492,,,,,,,,,,,,,0.2362,0.5401,0.8322,0.7703
crossword,Crossword,lighter_dark_marks_75_keep_qr,measured,0.8488,1.1183,20.11,0.2137,26.29,0.1076,0.2519,0.9169,0.9221,0.3297,0.4622,0.8118,0.7673,0.3765,0.7393,0.6709,0.3835,,,,,,,,,,,,,0.4272,0.6493,0.7209,0.5543
crossword,Crossword,regular_weight_grid_letters,measured,1.0625,1.5172,0.0,0.0,0.0,0.1076,0.2519,0.9169,0.9221,0.1076,0.2908,0.8802,0.8768,0.1776,0.7393,0.7089,0.4492,,,,,,,,,,,,,0.2362,0.5401,0.8322,0.7703
kana-hiragana,Kana chart,standard,measured,0.7769,1.236,0.0,0.0,0.0,,,,,,,,,,,,,,,,,,,,,,,,,0.1076,0.8174,0.3979,0.3959
kana-hiragana,Kana chart,page_wide_fade_75,measured,0.9003,1.0903,-15.88,-0.1234,11.78,,,,,,,,,,,,,,,,,,,,,,,,,0.3258,0.8578,0.3671,0.3463
kana-hiragana,Kana chart,page_wide_fade_60,measured,0.785,0.9065,-1.04,-0.0081,26.66,,,,,,,,,,,,,,,,,,,,,,,,,0.4583,0.8855,0.3365,0.2934
kana-hiragana,Kana chart,lighter_color_75_all,measured,0.5993,0.7884,22.87,0.1777,36.21,,,,,,,,,,,,,,,,,,,,,,,,,0.3295,0.8645,0.3712,0.3555
kana-hiragana,Kana chart,lighter_dark_marks_75,measured,0.6488,0.8631,16.5,0.1282,30.17,,,,,,,,,,,,,,,,,,,,,,,,,0.3295,0.8174,0.3737,0.3596
kana-hiragana,Kana chart,lighter_dark_marks_60,measured,0.7254,0.9098,6.64,0.0516,26.39,,,,,,,,,,,,,,,,,,,,,,,,,0.1622,0.8174,0.389,0.3829
hw-faded,Name and word tracing,standard,measured,2.0709,3.3334,0.0,0.0,0.0,0.1076,0.1819,0.916,0.9192,0.1076,0.1233,0.9395,0.942,0.123,0.9071,0.291,0.292,0.6494,0.7827,0.435,0.0188,0.1076,0.1076,0.9717,0.9757,0.7869,0.7869,0.3062,0.0024,0.5836,0.7451,0.5498,0.2208
hw-faded,Name and word tracing,broad_fade_72,measured,1.5879,2.2171,23.32,0.483,33.49,0.353,0.4076,0.836,0.8046,0.1076,0.1233,0.9395,0.942,0.123,0.9071,0.291,0.292,0.744,0.8423,0.0653,0.0048,0.353,0.353,0.9504,0.9399,0.8426,0.8426,0.0036,0.0,0.5836,0.7451,0.5323,0.2208
hw-faded,Name and word tracing,high_contrast,measured,3.5875,4.5041,-73.23,-1.5166,-35.12,0.1076,0.1819,0.916,0.9192,0.1076,0.1233,0.9395,0.942,0.123,0.9071,0.291,0.292,0.0,0.1608,1.0,0.9966,0.1076,0.1076,0.9722,0.9765,0.0039,1.0,0.3708,0.3797,0.5718,0.6978,0.6102,0.2989
hw-faded,Name and word tracing,page_wide_fade_75,measured,1.5582,2.1095,24.76,0.5128,36.72,0.3297,0.388,0.8455,0.817,0.3297,0.3415,0.8773,0.8505,0.3415,0.9278,0.2727,0.2584,0.7362,0.8348,0.0907,0.0051,0.3297,0.3297,0.953,0.945,0.8387,0.8387,0.0056,0.0,0.6861,0.8082,0.3095,0.0077
hw-faded,Name and word tracing,page_wide_fade_60,measured,1.2515,1.624,39.57,0.8194,51.28,0.4622,0.509,0.7909,0.7224,0.4622,0.4737,0.8112,0.7604,0.4701,0.9429,0.2492,0.2247,0.7903,0.8695,0.0076,0.0033,0.4622,0.4622,0.9328,0.9065,0.8695,0.8695,0.0001,0.0,0.7488,0.8468,0.0781,0.0
hw-faded,Name and word tracing,lighter_color_75_all,measured,1.5536,2.1085,24.98,0.5173,36.75,0.3297,0.388,0.8449,0.8163,0.3297,0.3415,0.8801,0.8551,0.3376,0.9309,0.2737,0.2608,0.7365,0.8351,0.0904,0.0052,0.3297,0.3297,0.9544,0.9464,0.8415,0.8415,0.0041,0.0,0.6891,0.8105,0.3033,0.0066
hw-faded,Name and word tracing,lighter_dark_marks_75,measured,1.786,2.458,13.76,0.2849,26.26,0.3297,0.388,0.8449,0.8163,0.3297,0.3415,0.8801,0.8551,0.3376,0.9071,0.2737,0.2608,0.6494,0.7827,0.4343,0.0174,0.3297,0.3297,0.9552,0.9469,0.7869,0.7869,0.3062,0.0024,0.5836,0.7451,0.5498,0.2208
hw-faded,Name and word tracing,lighter_dark_marks_60,measured,1.6102,2.1557,22.25,0.4608,35.33,0.4661,0.5129,0.7876,0.7179,0.4661,0.474,0.8124,0.7615,0.474,0.9071,0.2514,0.2254,0.6494,0.7827,0.4334,0.0164,0.4661,0.4661,0.9355,0.9093,0.7869,0.7869,0.3062,0.0024,0.5836,0.7451,0.5498,0.2208
hw-faded,Name and word tracing,lighter_fills_55,measured,1.9339,3.0227,6.62,0.137,9.32,0.509,0.5519,0.7627,0.6716,0.1076,0.1233,0.9395,0.942,0.123,0.9071,0.291,0.292,0.6494,0.7827,0.435,0.0188,0.1076,0.1076,0.9717,0.9757,0.7869,0.7869,0.3062,0.0024,0.5836,0.7451,0.5498,0.2208
hw-faded,Name and word tracing,credit_qr_removed,measured,1.7663,2.8193,14.71,0.3046,15.42,1.0,1.0,0.0,0.0,0.1076,0.1233,0.9395,0.942,0.123,0.9071,0.291,0.292,0.6494,0.7827,0.435,0.0188,0.1076,0.1076,0.9717,0.9757,0.7869,0.7869,0.3062,0.0024,0.5836,0.7451,0.5498,0.2208
hw-faded,Name and word tracing,lighter_dark_marks_75_keep_qr,measured,1.8619,2.6704,10.1,0.2091,19.89,0.1076,0.1819,0.916,0.9192,0.3297,0.3415,0.8801,0.8551,0.3376,0.9071,0.2737,0.2608,0.6494,0.7827,0.4343,0.0174,0.3297,0.3297,0.9552,0.9469,0.7869,0.7869,0.3062,0.0024,0.5836,0.7451,0.5498,0.2208
name-tracing-roster,Name and word tracing,standard,measured,2.3482,3.9149,0.0,0.0,0.0,0.1076,0.1701,0.9221,0.9263,,,,,0.123,0.9071,0.2918,0.2906,0.6444,0.7903,0.4885,0.0581,0.1076,0.1076,0.9801,0.9826,0.611,0.7482,0.5112,0.0415,0.5833,0.7199,0.5674,0.2158
name-tracing-roster,Name and word tracing,broad_fade_72,measured,1.7286,2.3078,26.38,0.6195,41.05,0.353,0.3998,0.851,0.8226,,,,,0.123,0.9071,0.2918,0.2906,0.7401,0.8463,0.1196,0.0082,0.353,0.353,0.9597,0.9528,0.7172,0.8157,0.1306,0.0005,0.5836,0.7491,0.5074,0.1943
name-tracing-roster,Name and word tracing,high_contrast,measured,4.0594,5.3444,-72.87,-1.7112,-36.51,0.1076,0.1701,0.9221,0.9263,,,,,0.123,0.9071,0.2918,0.2906,0.0,0.1176,1.0,0.9988,0.1076,0.1076,0.9811,0.9835,0.0471,0.3137,0.9644,0.9654,0.4722,0.7017,0.6533,0.379
name-tracing-roster,Name and word tracing,page_wide_fade_75,measured,1.7641,2.3795,24.87,0.5841,39.22,0.3297,0.3765,0.8594,0.8345,,,,,0.3415,0.9278,0.2718,0.2585,0.7314,0.8423,0.1571,0.009,0.3297,0.3297,0.9619,0.9561,0.7085,0.811,0.1682,0.0009,0.6861,0.7885,0.3134,0.0068
name-tracing-roster,Name and word tracing,page_wide_fade_60,measured,1.4152,1.804,39.73,0.933,53.92,0.4622,0.5012,0.8072,0.7403,,,,,0.4701,0.9429,0.2489,0.2234,0.7863,0.8734,0.0185,0.0053,0.4622,0.4622,0.9478,0.9321,0.7645,0.8468,0.0144,0.0,0.748,0.8311,0.0685,0.0001
name-tracing-roster,Name and word tracing,lighter_color_75_all,measured,1.7638,2.3857,24.89,0.5844,39.06,0.3297,0.3765,0.859,0.8341,,,,,0.3376,0.9309,0.2731,0.2603,0.7317,0.8426,0.1579,0.009,0.3297,0.3297,0.9619,0.9562,0.7085,0.811,0.1669,0.0009,0.6891,0.7886,0.3074,0.0061
name-tracing-roster,Name and word tracing,lighter_dark_marks_75,measured,1.9635,2.6824,16.38,0.3847,31.48,0.3297,0.3765,0.859,0.8341,,,,,0.3376,0.9071,0.2731,0.2603,0.6444,0.7903,0.4882,0.057,0.3297,0.3297,0.9622,0.9566,0.611,0.7482,0.5112,0.0415,0.5833,0.7199,0.5674,0.2157
name-tracing-roster,Name and word tracing,lighter_dark_marks_60,measured,1.7272,2.2686,26.45,0.621,42.05,0.4661,0.5051,0.805,0.7355,,,,,0.474,0.9071,0.2505,0.224,0.6444,0.7903,0.4879,0.0559,0.4661,0.4661,0.9478,0.9324,0.611,0.7482,0.5112,0.0415,0.5833,0.7199,0.5674,0.2157
name-tracing-roster,Name and word tracing,lighter_fills_55,measured,2.2166,3.6136,5.6,0.1316,7.7,0.509,0.544,0.7799,0.6896,,,,,0.123,0.9071,0.2918,0.2906,0.6444,0.7903,0.4885,0.0581,0.1076,0.1076,0.9801,0.9826,0.611,0.7482,0.5112,0.0415,0.5833,0.7199,0.5674,0.2158
name-tracing-roster,Name and word tracing,credit_qr_removed,measured,2.0556,3.4181,12.46,0.2925,12.69,1.0,1.0,0.0,0.0,,,,,0.123,0.9071,0.2918,0.2906,0.6444,0.7903,0.4885,0.0581,0.1076,0.1076,0.9801,0.9826,0.611,0.7482,0.5112,0.0415,0.5833,0.7199,0.5674,0.2158
name-tracing-roster,Name and word tracing,lighter_dark_marks_75_keep_qr,measured,2.0364,2.8888,13.28,0.3118,26.21,0.1076,0.1701,0.9221,0.9263,,,,,0.3376,0.9071,0.2731,0.2603,0.6444,0.7903,0.4882,0.057,0.3297,0.3297,0.9622,0.9566,0.611,0.7482,0.5112,0.0415,0.5833,0.7199,0.5674,0.2157
cursive-name-long,Name and word tracing,standard,measured,2.5134,4.1493,0.0,0.0,0.0,0.1076,0.1858,0.914,0.9176,0.1076,0.1194,0.9418,0.9435,0.123,0.9071,0.291,0.292,0.6483,0.7903,0.4359,0.0321,0.1076,0.1076,0.9735,0.9774,0.6256,0.7645,0.4494,0.0198,0.5872,0.7365,0.5462,0.2127
cursive-name-long,Name and word tracing,broad_fade_72,measured,1.89,2.5774,24.8,0.6234,37.88,0.353,0.4112,0.8555,0.8321,0.1076,0.1194,0.9418,0.9435,0.123,0.9071,0.291,0.292,0.7438,0.8463,0.0799,0.0054,0.353,0.353,0.9427,0.9307,0.7261,0.8278,0.0689,0.0004,0.5872,0.7479,0.5169,0.2048
cursive-name-long,Name and word tracing,high_contrast,measured,4.2744,5.6124,-70.07,-1.761,-35.26,0.1076,0.1858,0.914,0.9176,0.1076,0.1194,0.9418,0.9435,0.123,0.9071,0.291,0.292,0.0,0.149,1.0,0.998,0.1076,0.1076,0.9744,0.9786,0.0745,0.3686,0.9393,0.9363,0.5757,0.7093,0.6198,0.3247
cursive-name-long,Name and word tracing,page_wide_fade_75,measured,1.8891,2.5391,24.84,0.6243,38.81,0.3297,0.3883,0.8596,0.8431,0.3297,0.3412,0.8831,0.8546,0.3415,0.9278,0.2727,0.2584,0.7354,0.8423,0.1085,0.006,0.3297,0.3297,0.9464,0.9362,0.7174,0.8233,0.0942,0.0006,0.6897,0.8003,0.3108,0.005
cursive-name-long,Name and word tracing,page_wide_fade_60,measured,1.5157,1.9289,39.7,0.9977,53.51,0.4622,0.509,0.8185,0.7485,0.4622,0.4701,0.8236,0.7601,0.4701,0.9429,0.2492,0.2247,0.7874,0.8734,0.0113,0.0031,0.4622,0.4622,0.9221,0.8976,0.7751,0.8583,0.0068,0.0,0.7491,0.8392,0.0694,0.0
cursive-name-long,Name and word tracing,lighter_color_75_all,measured,1.8902,2.5467,24.79,0.6232,38.62,0.3297,0.3883,0.8596,0.8431,0.3297,0.3376,0.8852,0.8576,0.3376,0.9309,0.2737,0.2608,0.7354,0.8426,0.1078,0.006,0.3297,0.3297,0.9477,0.9379,0.7174,0.8233,0.094,0.0006,0.69,0.8003,0.3014,0.0047
cursive-name-long,Name and word tracing,lighter_dark_marks_75,measured,2.101,2.8581,16.41,0.4125,31.12,0.3297,0.3883,0.8596,0.8431,0.3297,0.3376,0.8852,0.8576,0.3376,0.9071,0.2737,0.2608,0.6483,0.7903,0.4355,0.0306,0.3297,0.3297,0.948,0.9384,0.6256,0.7645,0.4494,0.0198,0.5872,0.7365,0.5462,0.2124
cursive-name-long,Name and word tracing,lighter_dark_marks_60,measured,1.8462,2.4168,26.55,0.6672,41.75,0.4661,0.5129,0.816,0.7424,0.4661,0.474,0.8261,0.7632,0.474,0.9071,0.2514,0.2254,0.6483,0.7903,0.4353,0.0292,0.4661,0.4661,0.9239,0.9004,0.6256,0.7645,0.4494,0.0198,0.5872,0.7365,0.5462,0.2124
cursive-name-long,Name and word tracing,lighter_fills_55,measured,2.3846,3.8567,5.12,0.1288,7.05,0.509,0.5519,0.7908,0.6912,0.1076,0.1194,0.9418,0.9435,0.123,0.9071,0.291,0.292,0.6483,0.7903,0.4359,0.0321,0.1076,0.1076,0.9735,0.9774,0.6256,0.7645,0.4494,0.0198,0.5872,0.7365,0.5462,0.2127
cursive-name-long,Name and word tracing,credit_qr_removed,measured,2.2271,3.6654,11.39,0.2863,11.66,1.0,1.0,0.0,0.0,0.1076,0.1194,0.9418,0.9435,0.123,0.9071,0.291,0.292,0.6483,0.7903,0.4359,0.0321,0.1076,0.1076,0.9735,0.9774,0.6256,0.7645,0.4494,0.0198,0.5872,0.7365,0.5462,0.2127
cursive-name-long,Name and word tracing,lighter_dark_marks_75_keep_qr,measured,2.1722,3.0581,13.57,0.3412,26.3,0.1076,0.1858,0.914,0.9176,0.3297,0.3376,0.8852,0.8576,0.3376,0.9071,0.2737,0.2608,0.6483,0.7903,0.4355,0.0306,0.3297,0.3297,0.948,0.9384,0.6256,0.7645,0.4494,0.0198,0.5872,0.7365,0.5462,0.2124
de-namen-schreiben,Name and word tracing,standard,measured,2.7528,4.425,0.0,0.0,0.0,0.1076,0.1659,0.928,0.9288,0.1076,0.1309,0.9236,0.9262,0.1115,0.9071,0.3334,0.3346,0.6483,0.7709,0.4521,0.0208,0.1076,0.1076,0.98,0.9821,0.639,0.7712,0.4077,0.0104,0.5959,0.8944,0.3437,0.1294
de-namen-schreiben,Name and word tracing,broad_fade_72,measured,2.0684,2.8272,24.86,0.6844,36.11,0.353,0.3958,0.8589,0.8331,0.1076,0.1309,0.9236,0.9262,0.1115,0.9071,0.3334,0.3346,0.7438,0.8337,0.0748,0.0037,0.353,0.353,0.9554,0.9462,0.7376,0.8311,0.0477,0.0,0.5959,0.9017,0.3263,0.1269
de-namen-schreiben,Name and word tracing,high_contrast,measured,4.7762,6.2529,-73.5,-2.0234,-41.31,0.1076,0.1659,0.928,0.9288,0.1076,0.1309,0.9236,0.9262,0.1115,0.9071,0.3334,0.3346,0.0039,0.2196,0.9995,0.9952,0.1076,0.1076,0.9838,0.9853,0.102,0.3922,0.9148,0.9127,0.5872,0.795,0.6932,0.4878
de-namen-schreiben,Name and word tracing,page_wide_fade_75,measured,2.059,2.772,25.2,0.6938,37.36,0.3297,0.3726,0.8672,0.8452,0.3297,0.3454,0.8602,0.8336,0.3337,0.9278,0.3094,0.2925,0.7354,0.8297,0.1021,0.0039,0.3297,0.3297,0.9581,0.9501,0.7289,0.8272,0.0665,0.0,0.6975,0.9216,0.1889,0.0048
de-namen-schreiben,Name and word tracing,page_wide_fade_60,measured,1.6585,2.1471,39.75,1.0943,51.48,0.4622,0.4972,0.8172,0.7515,0.4622,0.474,0.805,0.759,0.4661,0.9429,0.2854,0.2582,0.7874,0.8617,0.0083,0.0027,0.4622,0.4622,0.9385,0.9184,0.7838,0.8619,0.0037,0.0,0.7566,0.937,0.0453,0.0002
de-namen-schreiben,Name and word tracing,lighter_color_75_all,measured,2.0734,2.7836,24.68,0.6794,37.09,0.3297,0.3726,0.8666,0.8447,0.3297,0.3451,0.8623,0.8369,0.3337,0.9309,0.3104,0.2944,0.7357,0.8272,0.1028,0.0039,0.3297,0.3297,0.9595,0.9512,0.7289,0.8272,0.0672,0.0,0.6978,0.9216,0.1852,0.0039
de-namen-schreiben,Name and word tracing,lighter_dark_marks_75,measured,2.3746,3.2329,13.74,0.3782,26.94,0.3297,0.3726,0.8666,0.8447,0.3297,0.3451,0.8623,0.8369,0.3337,0.9071,0.3104,0.2944,0.6483,0.7709,0.4518,0.0203,0.3297,0.3297,0.96,0.9525,0.639,0.7712,0.4077,0.0104,0.5959,0.8944,0.3425,0.1279
de-namen-schreiben,Name and word tracing,lighter_dark_marks_60,measured,2.1412,2.8273,22.22,0.6116,36.1,0.4661,0.5012,0.8151,0.7479,0.4661,0.4776,0.8069,0.7609,0.47,0.9071,0.2856,0.2589,0.6483,0.7709,0.4516,0.0198,0.4661,0.4661,0.9421,0.9221,0.639,0.7712,0.4077,0.0104,0.5959,0.8944,0.3425,0.1279
de-namen-schreiben,Name and word tracing,lighter_fills_55,measured,2.4907,3.9671,9.52,0.262,10.35,0.509,0.5401,0.7897,0.7023,0.1076,0.1309,0.9236,0.9262,0.1115,0.9071,0.3334,0.3346,0.6483,0.7709,0.4493,0.0203,0.1076,0.1076,0.9785,0.9808,0.6393,0.7715,0.3988,0.0097,0.5959,0.8944,0.3428,0.1288
de-namen-schreiben,Name and word tracing,credit_qr_removed,measured,2.4788,3.9604,9.95,0.274,10.5,1.0,1.0,0.0,0.0,0.1076,0.1309,0.9236,0.9262,0.1115,0.9071,0.3334,0.3346,0.6483,0.7709,0.4521,0.0208,0.1076,0.1076,0.98,0.9821,0.639,0.7712,0.4077,0.0104,0.5959,0.8944,0.3437,0.1294
de-namen-schreiben,Name and word tracing,lighter_dark_marks_75_keep_qr,measured,2.4427,3.4255,11.26,0.31,22.59,0.1076,0.1659,0.928,0.9288,0.3297,0.3451,0.8623,0.8369,0.3337,0.9071,0.3104,0.2944,0.6483,0.7709,0.4518,0.0203,0.3297,0.3297,0.96,0.9525,0.639,0.7712,0.4077,0.0104,0.5959,0.8944,0.3425,0.1279
es-nombre,Name and word tracing,standard,measured,2.1303,3.5401,0.0,0.0,0.0,0.1076,0.1779,0.9135,0.9164,0.1076,0.1233,0.9384,0.9393,0.1115,0.9071,0.3597,0.357,0.6368,0.7555,0.4944,0.0625,0.1076,0.1076,0.9775,0.9811,0.611,0.7558,0.5003,0.0393,0.5836,0.7258,0.5665,0.233
es-nombre,Name and word tracing,broad_fade_72,measured,1.6043,2.1882,24.69,0.5259,38.19,0.353,0.4037,0.8478,0.8152,0.1076,0.1233,0.9384,0.9393,0.1115,0.9071,0.3597,0.357,0.7362,0.8222,0.1265,0.0059,0.353,0.353,0.9578,0.9521,0.7172,0.8233,0.1321,0.0002,0.5836,0.7363,0.5465,0.2221
es-nombre,Name and word tracing,high_contrast,measured,3.6821,4.8451,-72.85,-1.5519,-36.86,0.1076,0.1779,0.9135,0.9164,0.1076,0.1233,0.9384,0.9393,0.1115,0.9071,0.3597,0.357,0.0,0.0902,1.0,0.9995,0.1076,0.1076,0.978,0.9819,0.0471,0.3373,0.9383,0.9388,0.5757,0.7096,0.6141,0.3033
es-nombre,Name and word tracing,page_wide_fade_75,measured,1.601,2.1549,24.85,0.5293,39.13,0.3297,0.3844,0.8553,0.8283,0.3297,0.3415,0.8763,0.8545,0.3337,0.9278,0.3312,0.3163,0.7275,0.8143,0.1643,0.0063,0.3297,0.3297,0.96,0.9551,0.7085,0.8157,0.1676,0.0005,0.6861,0.7956,0.3161,0.0067
es-nombre,Name and word tracing,page_wide_fade_60,measured,1.2841,1.6364,39.72,0.8462,53.77,0.4622,0.5051,0.8024,0.7387,0.4622,0.4701,0.823,0.77,0.4659,0.9429,0.3087,0.2773,0.7824,0.853,0.0175,0.0041,0.4622,0.4622,0.9463,0.9324,0.7645,0.8516,0.0138,0.0,0.7488,0.8353,0.0786,0.0
es-nombre,Name and word tracing,lighter_color_75_all,measured,1.5997,2.1606,24.91,0.5306,38.97,0.3297,0.3844,0.855,0.8279,0.3297,0.3412,0.8774,0.8588,0.3334,0.9309,0.3336,0.3182,0.7278,0.8146,0.1631,0.0063,0.3297,0.3297,0.9602,0.9552,0.7085,0.8157,0.1661,0.0005,0.6891,0.7956,0.3103,0.0061
es-nombre,Name and word tracing,lighter_dark_marks_75,measured,1.7794,2.4273,16.47,0.3509,31.43,0.3297,0.3844,0.855,0.8279,0.3297,0.3412,0.8774,0.8588,0.3334,0.9071,0.3336,0.3182,0.6368,0.7555,0.4941,0.0619,0.3297,0.3297,0.9603,0.9554,0.611,0.7558,0.5003,0.0393,0.5836,0.7258,0.566,0.2325
es-nombre,Name and word tracing,lighter_dark_marks_60,measured,1.5636,2.0513,26.6,0.5666,42.05,0.4661,0.509,0.8004,0.7343,0.4661,0.474,0.8264,0.7723,0.4661,0.9071,0.3096,0.2778,0.6368,0.7555,0.494,0.061,0.4661,0.4661,0.9467,0.9329,0.611,0.7558,0.5003,0.0393,0.5836,0.7258,0.566,0.2325
es-nombre,Name and word tracing,lighter_fills_55,measured,2.0103,3.2667,5.63,0.12,7.72,0.509,0.5479,0.7753,0.6907,0.1076,0.1233,0.9384,0.9393,0.1115,0.9071,0.3597,0.357,0.6368,0.7555,0.4944,0.0625,0.1076,0.1076,0.9775,0.9811,0.611,0.7558,0.5003,0.0393,0.5836,0.7258,0.5665,0.233
es-nombre,Name and word tracing,credit_qr_removed,measured,1.8635,3.0885,12.52,0.2668,12.76,1.0,1.0,0.0,0.0,0.1076,0.1233,0.9384,0.9393,0.1115,0.9071,0.3597,0.357,0.6368,0.7555,0.4944,0.0625,0.1076,0.1076,0.9775,0.9811,0.611,0.7558,0.5003,0.0393,0.5836,0.7258,0.5665,0.233
es-nombre,Name and word tracing,lighter_dark_marks_75_keep_qr,measured,1.8458,2.6143,13.36,0.2845,26.15,0.1076,0.1779,0.9135,0.9164,0.3297,0.3412,0.8774,0.8588,0.3334,0.9071,0.3336,0.3182,0.6368,0.7555,0.4941,0.0619,0.3297,0.3297,0.9603,0.9554,0.611,0.7558,0.5003,0.0393,0.5836,0.7258,0.566,0.2325
letter-tracing-ruled,Letter practice list,standard,measured,0.4017,0.5906,0.0,0.0,0.0,0.1076,0.1816,0.9345,0.9306,0.1076,0.1429,0.9029,0.9005,,,,,,,,,0.248,0.5751,0.8208,0.7632,0.8304,0.8379,0.0037,0.0,0.6849,0.837,0.0556,0.0087
letter-tracing-ruled,Letter practice list,broad_fade_72,measured,0.3389,0.4692,15.63,0.0628,20.56,0.353,0.4037,0.8433,0.8066,0.1076,0.1429,0.9029,0.9005,,,,,,,,,0.4544,0.6922,0.6499,0.4597,0.8304,0.8379,0.0037,0.0,0.6849,0.837,0.0556,0.0087
letter-tracing-ruled,Letter practice list,high_contrast,measured,0.4017,0.5906,0.0,0.0,0.0,0.1076,0.1816,0.9345,0.9306,0.1076,0.1429,0.9029,0.9005,,,,,,,,,0.248,0.5751,0.8208,0.7632,0.8304,0.8379,0.0037,0.0,0.6849,0.837,0.0556,0.0087
letter-tracing-ruled,Letter practice list,page_wide_fade_75,measured,0.3021,0.3996,24.8,0.0996,32.34,0.3297,0.3844,0.8535,0.8227,0.3297,0.3572,0.8429,0.8166,,,,,,,,,0.4351,0.6804,0.67,0.5041,0.8712,0.876,0.0,0.0,0.764,0.879,0.0128,0.0004
letter-tracing-ruled,Letter practice list,page_wide_fade_60,measured,0.243,0.3111,39.51,0.1587,47.32,0.4622,0.5051,0.7873,0.7261,0.4622,0.4855,0.8003,0.7407,,,,,,,,,0.5479,0.7429,0.5466,0.1684,0.895,0.8989,0.0,0.0,0.809,0.9012,0.0029,0.0
letter-tracing-ruled,Letter practice list,lighter_color_75_all,measured,0.303,0.402,24.56,0.0987,31.94,0.3297,0.3844,0.8525,0.8222,0.3297,0.353,0.8461,0.8218,,,,,,,,,0.4311,0.6765,0.6765,0.5166,0.8743,0.8791,0.0,0.0,0.7643,0.8802,0.0125,0.0004
letter-tracing-ruled,Letter practice list,lighter_dark_marks_75,measured,0.3381,0.4571,15.84,0.0636,22.6,0.3297,0.3844,0.8525,0.8222,0.3297,0.353,0.8461,0.8218,,,,,,,,,0.4311,0.6765,0.6765,0.5166,0.8304,0.8379,0.0037,0.0,0.6849,0.837,0.0556,0.0087
letter-tracing-ruled,Letter practice list,lighter_dark_marks_60,measured,0.298,0.398,25.81,0.1037,32.62,0.4661,0.509,0.7851,0.7214,0.4661,0.4855,0.8033,0.7442,,,,,,,,,0.5479,0.7426,0.5504,0.1764,0.8304,0.8379,0.0037,0.0,0.6849,0.837,0.0556,0.0087
letter-tracing-ruled,Letter practice list,lighter_fills_55,measured,0.3751,0.5305,6.62,0.0266,10.18,0.509,0.5479,0.7626,0.6796,0.1076,0.1429,0.9029,0.9005,,,,,,,,,0.248,0.5751,0.8208,0.7632,0.8304,0.8379,0.0037,0.0,0.6849,0.837,0.0556,0.0087
letter-tracing-ruled,Letter practice list,credit_qr_removed,measured,0.3426,0.491,14.7,0.0591,16.86,1.0,1.0,0.0,0.0,0.1076,0.1429,0.9029,0.9005,,,,,,,,,0.248,0.5751,0.8208,0.7632,0.8304,0.8379,0.0037,0.0,0.6849,0.837,0.0556,0.0087
letter-tracing-ruled,Letter practice list,lighter_dark_marks_75_keep_qr,measured,0.3528,0.4982,12.18,0.0489,15.65,0.1076,0.1816,0.9345,0.9306,0.3297,0.353,0.8461,0.8218,,,,,,,,,0.4311,0.6765,0.6765,0.5166,0.8304,0.8379,0.0037,0.0,0.6849,0.837,0.0556,0.0087
graffiti-letters,Outline alphabet,standard,measured,1.4337,2.275,0.0,0.0,0.0,0.1076,0.1701,0.9224,0.9272,0.1076,0.2986,0.8923,0.8929,,,,,,,,,,,,,,,,,0.1269,0.6489,0.7105,0.5629
graffiti-letters,Outline alphabet,broad_fade_72,measured,1.1417,1.5521,20.37,0.2921,31.78,0.353,0.3961,0.8535,0.8273,0.1076,0.2986,0.8923,0.8929,,,,,,,,,,,,,,,,,0.3647,0.6726,0.6535,0.4751
graffiti-letters,Outline alphabet,high_contrast,measured,1.4337,2.275,0.0,0.0,0.0,0.1076,0.1701,0.9224,0.9272,0.1076,0.2986,0.8923,0.8929,,,,,,,,,,,,,,,,,0.1269,0.6489,0.7105,0.5629
graffiti-letters,Outline alphabet,page_wide_fade_75,measured,1.0775,1.4335,24.85,0.3563,36.99,0.3297,0.3765,0.8616,0.8389,0.3297,0.474,0.8194,0.7845,,,,,,,,,,,,,,,,,0.3415,0.7351,0.5373,0.4133
graffiti-letters,Outline alphabet,page_wide_fade_60,measured,0.8658,1.0965,39.61,0.568,51.8,0.4622,0.4975,0.8095,0.7457,0.4622,0.579,0.749,0.659,,,,,,,,,,,,,,,,,0.474,0.7852,0.4103,0.3372
graffiti-letters,Outline alphabet,lighter_color_75_all,measured,1.0769,1.4339,24.89,0.3568,36.97,0.3297,0.3765,0.8613,0.8386,0.3297,0.4698,0.8245,0.7881,,,,,,,,,,,,,,,,,0.3415,0.7363,0.5352,0.4131
graffiti-letters,Outline alphabet,lighter_dark_marks_75,measured,1.1503,1.5555,19.77,0.2835,31.63,0.3297,0.3765,0.8613,0.8386,0.3297,0.4698,0.8245,0.7881,,,,,,,,,,,,,,,,,0.3415,0.6682,0.6602,0.4858
graffiti-letters,Outline alphabet,lighter_dark_marks_60,measured,0.976,1.2779,31.93,0.4578,43.83,0.4661,0.5014,0.8073,0.7402,0.4661,0.5754,0.7527,0.6605,,,,,,,,,,,,,,,,,0.4776,0.6892,0.6147,0.4103
graffiti-letters,Outline alphabet,lighter_fills_55,measured,1.2994,1.9672,9.37,0.1343,13.53,0.509,0.544,0.7827,0.6962,0.1076,0.2986,0.8923,0.8929,,,,,,,,,,,,,,,,,0.1269,0.6489,0.7105,0.5629
graffiti-letters,Outline alphabet,credit_qr_removed,measured,1.1352,1.7677,20.82,0.2985,22.3,1.0,1.0,0.0,0.0,0.1076,0.2986,0.8923,0.8929,,,,,,,,,,,,,,,,,0.1269,0.6489,0.7105,0.5629
graffiti-letters,Outline alphabet,lighter_dark_marks_75_keep_qr,measured,1.2246,1.7664,14.59,0.2091,22.36,0.1076,0.1701,0.9224,0.9272,0.3297,0.4698,0.8245,0.7881,,,,,,,,,,,,,,,,,0.3415,0.6682,0.6602,0.4858
bubble-name,Name and word tracing,standard,measured,1.266,2.1659,0.0,0.0,0.0,0.1076,0.1776,0.9249,0.928,0.1076,0.1194,0.9381,0.9398,0.1348,0.9071,0.2834,0.2837,,,,,0.1076,0.1076,0.8559,0.793,0.6306,0.7337,0.5478,0.0113,0.6309,0.6939,0.5391,0.0872
bubble-name,Name and word tracing,broad_fade_72,measured,1.0154,1.4359,19.79,0.2506,33.7,0.3533,0.404,0.8496,0.8174,0.1076,0.1194,0.9381,0.9398,0.1348,0.9071,0.2834,0.2837,,,,,0.353,0.353,0.8447,0.7763,0.6884,0.7704,0.319,0.0015,0.6309,0.6939,0.5391,0.0872
bubble-name,Name and word tracing,high_contrast,measured,1.4214,2.2844,-12.27,-0.1554,-5.47,0.1076,0.1776,0.9249,0.928,0.1076,0.1194,0.9381,0.9398,0.1348,0.9071,0.2834,0.2837,,,,,0.1076,0.1076,0.8559,0.793,0.0863,0.673,0.8011,0.5359,0.6309,0.6939,0.5391,0.0872
bubble-name,Name and word tracing,page_wide_fade_75,measured,0.9505,1.2992,24.92,0.3155,40.02,0.3297,0.3804,0.8581,0.8313,0.3297,0.3412,0.8735,0.8433,0.3493,0.9309,0.2543,0.2442,,,,,0.3297,0.3297,0.7963,0.7784,0.7242,0.8003,0.0927,0.0,0.7213,0.7715,0.1547,0.0026
bubble-name,Name and word tracing,page_wide_fade_60,measured,0.7621,0.9797,39.81,0.504,54.77,0.4622,0.5051,0.799,0.724,0.4622,0.4701,0.813,0.7647,0.4779,0.9432,0.2371,0.2105,,,,,0.4622,0.4622,0.7726,0.7609,0.7791,0.839,0.005,0.0,0.7777,0.8159,0.0267,0.0
bubble-name,Name and word tracing,lighter_color_75_all,measured,0.9501,1.2989,24.95,0.3159,40.03,0.3297,0.3804,0.8583,0.8307,0.3297,0.3376,0.8769,0.8484,0.3491,0.9309,0.2561,0.2457,,,,,0.3297,0.3297,0.7959,0.7785,0.7242,0.8003,0.0916,0.0,0.7239,0.7715,0.1524,0.0022
bubble-name,Name and word tracing,lighter_dark_marks_75,measured,1.0296,1.4253,18.67,0.2364,34.2,0.3297,0.3804,0.8583,0.8307,0.3297,0.3376,0.8769,0.8484,0.3491,0.9071,0.2561,0.2457,,,,,0.3297,0.3297,0.8465,0.7788,0.6306,0.7337,0.5478,0.0113,0.6309,0.6939,0.5391,0.0872
bubble-name,Name and word tracing,lighter_dark_marks_60,measured,0.8842,1.1733,30.16,0.3818,45.83,0.4661,0.509,0.7967,0.721,0.4661,0.474,0.815,0.765,0.4815,0.9071,0.2376,0.2108,,,,,0.4661,0.4661,0.8352,0.7603,0.6306,0.7337,0.5478,0.0113,0.6309,0.6939,0.5391,0.0872
bubble-name,Name and word tracing,lighter_fills_55,measured,1.143,1.8859,9.72,0.1231,12.93,0.509,0.5479,0.7683,0.6774,0.1076,0.1194,0.9381,0.9398,0.1348,0.9071,0.2834,0.2837,,,,,0.1076,0.1076,0.8559,0.793,0.6306,0.7337,0.5478,0.0113,0.6309,0.6939,0.5391,0.0872
bubble-name,Name and word tracing,credit_qr_removed,measured,0.9925,1.7032,21.61,0.2736,21.36,1.0,1.0,0.0,0.0,0.1076,0.1194,0.9381,0.9398,0.1348,0.9071,0.2834,0.2837,,,,,0.1076,0.1076,0.8559,0.793,0.6306,0.7337,0.5478,0.0113,0.6309,0.6939,0.5391,0.0872
bubble-name,Name and word tracing,lighter_dark_marks_75_keep_qr,measured,1.0977,1.6167,13.29,0.1683,25.36,0.1076,0.1776,0.9249,0.928,0.3297,0.3376,0.8769,0.8484,0.3491,0.9071,0.2561,0.2457,,,,,0.3297,0.3297,0.8465,0.7788,0.6306,0.7337,0.5478,0.0113,0.6309,0.6939,0.5391,0.0872
bubble-name,Name and word tracing,display_letters_55,measured,1.0205,1.5203,19.39,0.2455,29.81,0.1076,0.1776,0.9249,0.928,0.1076,0.1194,0.9381,0.9398,0.1348,0.9071,0.2834,0.2837,,,,,0.509,0.509,0.8305,0.7535,0.6306,0.7337,0.5478,0.0113,0.6309,0.6939,0.5391,0.0872
banner,Display lettering,standard,measured,3.0133,5.4096,0.0,0.0,0.0,0.1076,0.1819,0.9118,0.9161,0.1076,0.5195,0.8477,0.7773,,,,,,,,,,,,,,,,,0.1076,0.1076,0.9237,0.8915
banner,Display lettering,broad_fade_72,measured,2.2498,3.0281,25.34,0.7636,44.02,0.353,0.4076,0.8481,0.819,0.1076,0.5195,0.8477,0.7773,,,,,,,,,,,,,,,,,0.353,0.353,0.8959,0.8472
banner,Display lettering,high_contrast,measured,3.0133,5.4096,0.0,0.0,0.0,0.1076,0.1819,0.9118,0.9161,0.1076,0.5195,0.8477,0.7773,,,,,,,,,,,,,,,,,0.1076,0.1076,0.9237,0.8915
banner,Display lettering,page_wide_fade_75,measured,2.2636,3.0648,24.88,0.7498,43.34,0.3297,0.3844,0.8553,0.8314,0.3297,0.6382,0.719,0.5559,,,,,,,,,,,,,,,,,0.3297,0.3297,0.8732,0.8389
banner,Display lettering,page_wide_fade_60,measured,1.8165,2.2828,39.72,1.1969,57.8,0.4622,0.5054,0.8051,0.7394,0.4622,0.7096,0.594,0.4247,,,,,,,,,,,,,,,,,0.4622,0.4622,0.8323,0.8034
banner,Display lettering,lighter_color_75_all,measured,2.2637,3.0652,24.88,0.7497,43.34,0.3297,0.3844,0.855,0.8313,0.3297,0.6382,0.7198,0.556,,,,,,,,,,,,,,,,,0.3297,0.3297,0.8728,0.8388
banner,Display lettering,lighter_dark_marks_75,measured,2.2832,3.0956,24.23,0.7301,42.77,0.3297,0.3844,0.855,0.8313,0.3297,0.6382,0.7198,0.556,,,,,,,,,,,,,,,,,0.3297,0.3297,0.8996,0.8529
banner,Display lettering,lighter_dark_marks_60,measured,1.8349,2.3139,39.11,1.1785,57.23,0.4661,0.509,0.8029,0.7358,0.4661,0.7096,0.5938,0.4257,,,,,,,,,,,,,,,,,0.4661,0.4661,0.874,0.8163
banner,Display lettering,lighter_fills_55,measured,2.8828,5.1116,4.33,0.1306,5.51,0.509,0.5482,0.7791,0.6909,0.1076,0.5195,0.8477,0.7773,,,,,,,,,,,,,,,,,0.1076,0.1076,0.9237,0.8915
banner,Display lettering,credit_qr_removed,measured,2.7231,4.9177,9.63,0.2903,9.09,1.0,1.0,0.0,0.0,0.1076,0.5195,0.8477,0.7773,,,,,,,,,,,,,,,,,0.1076,0.1076,0.9237,0.8915
banner,Display lettering,lighter_dark_marks_75_keep_qr,measured,2.3555,3.2996,21.83,0.6579,39.01,0.1076,0.1819,0.9118,0.9161,0.3297,0.6382,0.7198,0.556,,,,,,,,,,,,,,,,,0.3297,0.3297,0.8996,0.8529
banner,Display lettering,solid_to_outline,measured,1.4275,2.3684,52.63,1.5859,56.22,0.1076,0.1819,0.9118,0.9161,0.1076,0.5195,0.8477,0.7773,,,,,,,,,,,,,,,,,0.1076,1.0,0.3431,0.3107
banner,Display lettering,display_letters_55,measured,2.1876,3.2178,27.4,0.8257,40.52,0.1076,0.1819,0.9118,0.9161,0.1076,0.5195,0.8477,0.7773,,,,,,,,,,,,,,,,,0.1076,0.509,0.9098,0.8713
graffiti-name,Name and word tracing,standard,measured,1.9333,3.3553,0.0,0.0,0.0,0.1076,0.1737,0.9274,0.9271,0.1076,0.1194,0.932,0.9286,0.1348,0.9071,0.2834,0.2837,,,,,0.1076,0.1076,0.912,0.8786,0.6225,0.7443,0.5272,0.0179,0.6309,0.7006,0.5367,0.081
graffiti-name,Name and word tracing,broad_fade_72,measured,1.5069,2.1038,22.05,0.4264,37.3,0.3533,0.4,0.8491,0.8149,0.1076,0.1194,0.932,0.9286,0.1348,0.9071,0.2834,0.2837,,,,,0.353,0.353,0.8979,0.8576,0.7046,0.7841,0.2381,0.0009,0.6309,0.7006,0.5367,0.081
graffiti-name,Name and word tracing,high_contrast,measured,2.2648,3.6078,-17.15,-0.3316,-7.53,0.1076,0.1737,0.9274,0.9271,0.1076,0.1194,0.932,0.9286,0.1348,0.9071,0.2834,0.2837,,,,,0.1076,0.1076,0.912,0.8786,0.0667,0.5373,0.8747,0.7133,0.6309,0.7006,0.5367,0.081
graffiti-name,Name and word tracing,page_wide_fade_75,measured,1.4516,1.9823,24.91,0.4816,40.92,0.3297,0.3802,0.8595,0.8325,0.3297,0.3412,0.8584,0.8337,0.3493,0.9309,0.2543,0.2442,,,,,0.3297,0.3297,0.8719,0.86,0.7163,0.8079,0.1118,0.0,0.7219,0.7762,0.1503,0.0036
graffiti-name,Name and word tracing,page_wide_fade_60,measured,1.1642,1.4906,39.78,0.7691,55.57,0.4622,0.5012,0.8001,0.7295,0.4622,0.4701,0.8006,0.7484,0.4779,0.9432,0.2371,0.2105,,,,,0.4622,0.4622,0.8537,0.8426,0.7723,0.8465,0.0057,0.0,0.779,0.8188,0.0265,0.0001
graffiti-name,Name and word tracing,lighter_color_75_all,measured,1.4512,1.9823,24.93,0.482,40.92,0.3297,0.3802,0.8594,0.8318,0.3297,0.3376,0.8618,0.8358,0.3491,0.9309,0.2561,0.2457,,,,,0.3297,0.3297,0.8717,0.86,0.7163,0.8079,0.1108,0.0,0.7247,0.7754,0.1473,0.0035
graffiti-name,Name and word tracing,lighter_dark_marks_75,measured,1.557,2.1489,19.46,0.3762,35.95,0.3297,0.3802,0.8594,0.8318,0.3297,0.3376,0.8618,0.8358,0.3491,0.9071,0.2561,0.2457,,,,,0.3297,0.3297,0.8997,0.8602,0.6225,0.7443,0.5272,0.0179,0.6309,0.7006,0.5367,0.081
graffiti-name,Name and word tracing,lighter_dark_marks_60,measured,1.3257,1.7439,31.43,0.6076,48.03,0.4661,0.5051,0.7986,0.7257,0.4661,0.474,0.8012,0.7494,0.4815,0.9071,0.2376,0.2108,,,,,0.4661,0.4661,0.8883,0.842,0.6225,0.7443,0.5272,0.0179,0.6309,0.7006,0.5367,0.081
graffiti-name,Name and word tracing,lighter_fills_55,measured,1.8131,3.0813,6.22,0.1202,8.16,0.509,0.544,0.7717,0.6839,0.1076,0.1194,0.932,0.9286,0.1348,0.9071,0.2834,0.2837,,,,,0.1076,0.1076,0.912,0.8786,0.6225,0.7443,0.5272,0.0179,0.6309,0.7006,0.5367,0.081
graffiti-name,Name and word tracing,credit_qr_removed,measured,1.666,2.9028,13.83,0.2673,13.48,1.0,1.0,0.0,0.0,0.1076,0.1194,0.932,0.9286,0.1348,0.9071,0.2834,0.2837,,,,,0.1076,0.1076,0.912,0.8786,0.6225,0.7443,0.5272,0.0179,0.6309,0.7006,0.5367,0.081
graffiti-name,Name and word tracing,lighter_dark_marks_75_keep_qr,measured,1.6236,2.3362,16.02,0.3097,30.37,0.1076,0.1737,0.9274,0.9271,0.3297,0.3376,0.8618,0.8358,0.3491,0.9071,0.2561,0.2457,,,,,0.3297,0.3297,0.8997,0.8602,0.6225,0.7443,0.5272,0.0179,0.6309,0.7006,0.5367,0.081
graffiti-name,Name and word tracing,solid_to_outline,measured,0.9856,1.5275,49.02,0.9476,54.47,0.1076,0.1737,0.9274,0.9271,0.1076,0.1194,0.932,0.9286,0.1348,0.9071,0.2834,0.2837,,,,,0.7,1.0,0.1192,0.0825,0.6225,0.7443,0.5275,0.0177,0.6309,0.7006,0.5367,0.081
graffiti-name,Name and word tracing,display_letters_55,measured,1.4444,2.0723,25.29,0.4889,38.24,0.1076,0.1737,0.9274,0.9271,0.1076,0.1194,0.932,0.9286,0.1348,0.9071,0.2834,0.2837,,,,,0.509,0.509,0.8839,0.8341,0.6225,0.7443,0.5272,0.0179,0.6309,0.7006,0.5367,0.081
scramble,Word scramble,standard,measured,1.1483,1.8201,0.0,0.0,0.0,0.1076,0.1816,0.911,0.9165,0.1076,0.2286,0.9187,0.9203,0.1387,0.636,0.7458,0.614,,,,,,,,,,,,,0.1155,0.6438,0.7788,0.6095
scramble,Word scramble,broad_fade_72,measured,1.0674,1.5982,7.04,0.0809,12.19,0.353,0.4076,0.8543,0.827,0.1076,0.2286,0.9187,0.9203,0.1387,0.636,0.7458,0.614,,,,,,,,,,,,,0.1155,0.6438,0.7788,0.6095
scramble,Word scramble,high_contrast,measured,1.1483,1.8201,0.0,0.0,0.0,0.1076,0.1816,0.911,0.9165,0.1076,0.2286,0.9187,0.9203,0.1387,0.636,0.7458,0.614,,,,,,,,,,,,,0.1155,0.6438,0.7788,0.6095
scramble,Word scramble,page_wide_fade_75,measured,0.8628,1.1443,24.86,0.2855,37.13,0.3297,0.3844,0.861,0.8381,0.3297,0.423,0.8577,0.8206,0.353,0.7267,0.5739,0.2696,,,,,,,,,,,,,0.3373,0.7306,0.6033,0.2477
scramble,Word scramble,page_wide_fade_60,measured,0.694,0.8746,39.56,0.4542,51.95,0.4622,0.5051,0.8146,0.7416,0.4622,0.5362,0.7841,0.7064,0.4815,0.7788,0.3322,0.2208,,,,,,,,,,,,,0.4661,0.7827,0.3178,0.1978
scramble,Word scramble,lighter_color_75_all,measured,0.8645,1.147,24.71,0.2837,36.98,0.3297,0.3844,0.861,0.838,0.3297,0.4157,0.8621,0.8248,0.3493,0.7267,0.5771,0.2711,,,,,,,,,,,,,0.3337,0.7306,0.6036,0.2485
scramble,Word scramble,lighter_dark_marks_75,measured,0.9594,1.2943,16.45,0.1889,28.89,0.3297,0.3844,0.861,0.838,0.3297,0.4157,0.8621,0.8248,0.3493,0.636,0.7147,0.5672,,,,,,,,,,,,,0.3337,0.6438,0.7601,0.5815
scramble,Word scramble,lighter_dark_marks_60,measured,0.8422,1.1011,26.65,0.3061,39.5,0.4661,0.509,0.8126,0.7372,0.4661,0.5362,0.7887,0.7094,0.4818,0.636,0.6876,0.5297,,,,,,,,,,,,,0.4701,0.6438,0.743,0.555
scramble,Word scramble,lighter_fills_55,measured,1.0158,1.5183,11.53,0.1324,16.58,0.509,0.5516,0.7883,0.6914,0.1076,0.2286,0.9187,0.9203,0.1387,0.636,0.7458,0.614,,,,,,,,,,,,,0.1155,0.6438,0.7788,0.6095
scramble,Word scramble,credit_qr_removed,measured,0.8538,1.3215,25.64,0.2944,27.39,1.0,1.0,0.0,0.0,0.1076,0.2286,0.9187,0.9203,0.1387,0.636,0.7458,0.614,,,,,,,,,,,,,0.1155,0.6438,0.7788,0.6095
scramble,Word scramble,lighter_dark_marks_75_keep_qr,measured,1.0326,1.5008,10.07,0.1156,17.54,0.1076,0.1816,0.911,0.9165,0.3297,0.4157,0.8621,0.8248,0.3493,0.636,0.7147,0.5672,,,,,,,,,,,,,0.3337,0.6438,0.7601,0.5815
scramble,Word scramble,regular_weight_grid_letters,measured,1.1483,1.8201,0.0,0.0,0.0,0.1076,0.1816,0.911,0.9165,0.1076,0.2286,0.9187,0.9203,0.1387,0.636,0.7458,0.614,,,,,,,,,,,,,0.1155,0.6438,0.7788,0.6095
kana-katakana,Kana chart,standard,measured,0.7142,1.1301,0.0,0.0,0.0,,,,,,,,,,,,,,,,,,,,,,,,,0.1076,0.8174,0.372,0.3693
kana-katakana,Kana chart,page_wide_fade_75,measured,0.8532,1.028,-19.46,-0.139,9.04,,,,,,,,,,,,,,,,,,,,,,,,,0.3258,0.8578,0.3431,0.3222
kana-katakana,Kana chart,page_wide_fade_60,measured,0.7472,0.8598,-4.62,-0.033,23.92,,,,,,,,,,,,,,,,,,,,,,,,,0.4583,0.8855,0.3138,0.2714
kana-katakana,Kana chart,lighter_color_75_all,measured,0.5521,0.7271,22.7,0.1621,35.67,,,,,,,,,,,,,,,,,,,,,,,,,0.3295,0.8645,0.3477,0.3322
kana-katakana,Kana chart,lighter_dark_marks_75,measured,0.6016,0.8017,15.77,0.1126,29.06,,,,,,,,,,,,,,,,,,,,,,,,,0.3295,0.8174,0.3504,0.3366
kana-katakana,Kana chart,lighter_dark_marks_60,measured,0.6665,0.8402,6.68,0.0477,25.65,,,,,,,,,,,,,,,,,,,,,,,,,0.1622,0.8174,0.3632,0.3563
hw-finedot,Tracing with dark dotted or dashed marks,early_role_rule_75,measured,1.5788,2.1701,15.14,0.2816,28.52,0.3297,0.388,0.8449,0.8163,0.3297,0.3415,0.8753,0.8478,0.3376,0.9071,0.2737,0.2608,0.6494,0.7827,0.4298,0.0159,0.3297,0.3297,0.9552,0.9469,0.174,0.318,0.8571,0.8276,0.5833,0.7247,0.5772,0.2395
hw-finedot,Tracing with dark dotted or dashed marks,early_role_rule_60,measured,1.405,1.8712,24.48,0.4554,38.36,0.4661,0.5129,0.7876,0.7179,0.4661,0.474,0.8104,0.7631,0.474,0.9071,0.2514,0.2254,0.6494,0.7827,0.429,0.0149,0.4661,0.4661,0.9355,0.9093,0.174,0.318,0.8571,0.8276,0.5833,0.7247,0.5772,0.2395
hw-sentence-faded,Name and word tracing,early_role_rule_75,measured,1.6645,2.2641,16.45,0.3278,29.97,0.3297,0.388,0.8449,0.8163,0.3297,0.3415,0.8748,0.8499,0.3376,0.9071,0.2737,0.2608,0.7625,0.8426,0.0299,0.0141,0.3297,0.3297,0.9105,0.8946,0.7869,0.7869,0.2284,0.0012,0.5836,0.7479,0.5357,0.2204
hw-sentence-faded,Name and word tracing,early_role_rule_60,measured,1.4614,1.9209,26.65,0.5309,40.59,0.4661,0.5129,0.7876,0.7179,0.4661,0.474,0.8202,0.7666,0.474,0.9071,0.2514,0.2254,0.7631,0.8426,0.027,0.0084,0.4661,0.4661,0.8733,0.8298,0.7869,0.7869,0.2284,0.0012,0.5836,0.7479,0.5357,0.2204
letter-tracing-gen,Tracing with dark dotted or dashed marks,early_role_rule_75,measured,1.1235,1.5877,12.19,0.156,22.56,0.3297,0.3804,0.8627,0.8365,0.3297,0.3415,0.8577,0.8343,0.3376,0.9071,0.2737,0.2608,0.6494,0.7827,0.4269,0.0126,0.3297,0.3297,0.9661,0.9575,0.1076,0.1155,0.9113,0.9113,0.5833,0.7286,0.5696,0.2259
letter-tracing-gen,Tracing with dark dotted or dashed marks,early_role_rule_60,measured,1.0273,1.4248,19.72,0.2523,30.51,0.4661,0.509,0.802,0.74,0.4661,0.4776,0.8009,0.7574,0.474,0.9071,0.2514,0.2254,0.6494,0.7827,0.4266,0.0123,0.4661,0.4661,0.948,0.9299,0.1076,0.1155,0.9113,0.9113,0.5833,0.7286,0.5696,0.2259
calligraphy-name,Name and word tracing,early_role_rule_75,measured,1.044,1.4422,17.26,0.2178,31.39,0.3297,0.3844,0.8571,0.8289,0.3297,0.3454,0.8509,0.8202,0.3491,0.9071,0.2561,0.2457,,,,,0.3297,0.3297,0.7974,0.716,0.6228,0.7482,0.5243,0.0124,0.627,0.6982,0.5411,0.0848
calligraphy-name,Name and word tracing,early_role_rule_60,measured,0.9098,1.2132,27.89,0.352,42.28,0.4661,0.509,0.7948,0.7271,0.4661,0.4815,0.7886,0.7436,0.4815,0.9071,0.2376,0.2108,,,,,0.4661,0.4661,0.7803,0.6871,0.6228,0.7482,0.5243,0.0124,0.627,0.6982,0.5411,0.0848
fr-prenom,Name and word tracing,early_role_rule_75,measured,2.0752,2.8397,14.68,0.3572,28.5,0.3297,0.3647,0.8768,0.8571,0.3297,0.3493,0.8751,0.852,0.3337,0.9071,0.3075,0.2904,0.6561,0.834,0.2451,0.0321,0.3297,0.3297,0.9613,0.9548,0.611,0.8071,0.427,0.0433,0.5872,0.7404,0.5372,0.2152
fr-prenom,Name and word tracing,early_role_rule_60,measured,1.8555,2.4568,23.72,0.5768,38.14,0.4661,0.4936,0.8282,0.7605,0.4661,0.4818,0.8217,0.7581,0.4701,0.9071,0.2805,0.2495,0.6561,0.834,0.2447,0.0316,0.4661,0.4661,0.9459,0.9315,0.611,0.8071,0.427,0.0433,0.5872,0.7404,0.5372,0.2152
cursive-alphabet,Letter practice list,early_role_rule_75,measured,0.7657,1.0626,16.66,0.1531,28.83,0.3297,0.388,0.8552,0.8302,0.3297,0.3454,0.8829,0.8512,,,,,,,,,0.3297,0.3922,0.8536,0.8312,0.8304,0.8343,0.0034,0.0,0.6758,0.8407,0.0703,0.0149
cursive-alphabet,Letter practice list,early_role_rule_60,measured,0.6705,0.9049,27.03,0.2483,39.39,0.4661,0.5129,0.7995,0.7326,0.4661,0.4779,0.8208,0.756,,,,,,,,,0.4661,0.5166,0.7929,0.7307,0.8304,0.8343,0.0034,0.0,0.6758,0.8407,0.0703,0.0149
block-letters-name,Name and word tracing,early_role_rule_75,measured,2.3619,3.2521,20.35,0.6033,37.69,0.3297,0.388,0.8529,0.827,0.3297,0.3376,0.8647,0.8387,0.3491,0.9071,0.2561,0.2457,,,,,0.3297,0.3297,0.9252,0.9018,0.6228,0.7404,0.5299,0.0207,0.6348,0.7015,0.5377,0.0806
block-letters-name,Name and word tracing,early_role_rule_60,measured,1.9911,2.5985,32.85,0.9741,50.22,0.4661,0.5129,0.7944,0.7281,0.4661,0.4737,0.8059,0.7517,0.4815,0.9071,0.2376,0.2108,,,,,0.4661,0.4661,0.918,0.8898,0.6228,0.7404,0.5299,0.0207,0.6348,0.7015,0.5377,0.0806
hw-bolddot,Tracing with dark dotted or dashed marks,early_role_rule_75,measured,2.0155,2.9817,12.35,0.284,22.66,0.3297,0.388,0.8449,0.8163,0.3297,0.3376,0.8754,0.8481,0.3376,0.9071,0.2737,0.2608,0.6494,0.7827,0.4328,0.0205,0.3297,0.3297,0.9552,0.9469,0.1076,0.1194,0.9183,0.9146,0.5833,0.7247,0.5762,0.2398
hw-bolddot,Tracing with dark dotted or dashed marks,early_role_rule_60,measured,1.8402,2.6802,19.98,0.4594,30.48,0.4661,0.5129,0.7876,0.7179,0.4661,0.474,0.8085,0.7664,0.474,0.9071,0.2514,0.2254,0.6494,0.7827,0.4319,0.0195,0.4661,0.4661,0.9355,0.9093,0.1076,0.1194,0.9183,0.9146,0.5833,0.7247,0.5762,0.2398
hw-faint,Name and word tracing,early_role_rule_75,measured,1.3459,1.8188,17.31,0.2818,32.27,0.3297,0.388,0.8449,0.8163,0.3297,0.3376,0.8816,0.8562,0.3376,0.9071,0.2737,0.2608,0.6494,0.7827,0.4295,0.0158,0.3297,0.3297,0.9552,0.9469,0.862,0.9012,0.0,0.0,0.5833,0.7247,0.577,0.2394
hw-faint,Name and word tracing,early_role_rule_60,measured,1.1719,1.5197,28.0,0.4558,43.4,0.4661,0.5129,0.7876,0.7179,0.4661,0.474,0.8178,0.7629,0.474,0.9071,0.2514,0.2254,0.6494,0.7827,0.4286,0.0148,0.4661,0.4661,0.9355,0.9093,0.862,0.9012,0.0,0.0,0.5833,0.7247,0.577,0.2394
sight-word,Tracing with dark dotted or dashed marks,early_role_rule_75,measured,1.3419,1.9315,12.13,0.1852,22.4,0.3297,0.3726,0.8576,0.8308,0.3297,0.3451,0.8624,0.8417,0.3376,0.9071,0.2737,0.2608,0.6494,0.7827,0.429,0.0155,0.3297,0.3297,0.9631,0.9547,0.1076,0.1191,0.9214,0.9174,0.5844,0.7132,0.5849,0.2451
sight-word,Tracing with dark dotted or dashed marks,early_role_rule_60,measured,1.2275,1.7368,19.62,0.2996,30.23,0.4661,0.5012,0.7966,0.7325,0.4661,0.4779,0.8072,0.7588,0.474,0.9071,0.2514,0.2254,0.6494,0.7827,0.4284,0.0148,0.4661,0.4661,0.9383,0.9107,0.1076,0.1191,0.9214,0.9174,0.5844,0.7132,0.5849,0.2451
mom-in-cursive,Name and word tracing,early_role_rule_75,measured,1.9045,2.5912,16.12,0.3661,30.71,0.3297,0.3647,0.8633,0.841,0.3297,0.3415,0.8641,0.8371,0.3376,0.9071,0.2737,0.2608,0.6483,0.7903,0.4373,0.031,0.3297,0.3297,0.9474,0.9389,0.6256,0.7637,0.4513,0.0195,0.5844,0.7289,0.5581,0.2103
mom-in-cursive,Name and word tracing,early_role_rule_60,measured,1.6785,2.1993,26.08,0.5921,41.19,0.4661,0.4933,0.8118,0.7493,0.4661,0.474,0.8105,0.7611,0.474,0.9071,0.2514,0.2254,0.6483,0.7903,0.437,0.0298,0.4661,0.4661,0.9254,0.9029,0.6256,0.7637,0.4513,0.0195,0.5844,0.7289,0.5581,0.2103
de-schreibuebungen,Name and word tracing,early_role_rule_75,measured,2.0476,2.808,10.26,0.234,20.24,0.3297,0.3765,0.8644,0.8408,0.3297,0.3454,0.8742,0.8489,0.3337,0.9071,0.3104,0.2944,0.653,0.7989,0.406,0.0174,0.3297,0.3297,0.9642,0.9568,0.7869,0.7869,0.3082,0.002,0.5872,0.7877,0.4609,0.177
de-schreibuebungen,Name and word tracing,early_role_rule_60,measured,1.9031,2.5608,16.59,0.3785,27.26,0.4661,0.5051,0.8161,0.7462,0.4661,0.4779,0.8202,0.7679,0.47,0.9071,0.2856,0.2589,0.653,0.7989,0.4059,0.0169,0.4661,0.4661,0.945,0.925,0.7869,0.7869,0.3082,0.002,0.5872,0.7877,0.4609,0.177
tr-harf-name,Name and word tracing,early_role_rule_75,measured,1.6878,2.3274,19.52,0.4094,36.23,0.3297,0.3723,0.8671,0.8424,0.3297,0.3454,0.8648,0.8328,0.3804,0.9146,0.2068,0.1982,,,,,0.3297,0.3297,0.9502,0.8999,0.6264,0.7715,0.4586,0.0152,0.6309,0.7363,0.4827,0.0782
tr-harf-name,Name and word tracing,early_role_rule_60,measured,1.4362,1.8856,31.52,0.6611,48.33,0.4661,0.4975,0.8116,0.7419,0.4661,0.4779,0.8032,0.7496,0.509,0.9146,0.193,0.1703,,,,,0.4661,0.4661,0.9323,0.8777,0.6264,0.7715,0.4586,0.0152,0.6309,0.7363,0.4827,0.0782
hw-dashed,Tracing with dark dotted or dashed marks,early_role_rule_75,measured,1.653,2.2622,14.29,0.2755,27.26,0.3297,0.388,0.8449,0.8163,0.3297,0.3415,0.875,0.8491,0.3376,0.9071,0.2737,0.2608,0.6494,0.7827,0.4304,0.0161,0.3297,0.3297,0.9552,0.9469,0.2365,0.2872,0.8726,0.8497,0.5833,0.7247,0.5772,0.2395
hw-dashed,Tracing with dark dotted or dashed marks,early_role_rule_60,measured,1.4829,1.9698,23.1,0.4456,36.66,0.4661,0.5129,0.7876,0.7179,0.4661,0.4776,0.8108,0.7591,0.474,0.9071,0.2514,0.2254,0.6494,0.7827,0.4295,0.0151,0.4661,0.4661,0.9355,0.9093,0.2365,0.2872,0.8726,0.8497,0.5833,0.7247,0.5772,0.2395
name-tracing,Name and word tracing,early_role_rule_75,measured,1.9803,2.6978,16.88,0.4021,32.16,0.3297,0.3765,0.8596,0.834,0.3297,0.3415,0.8661,0.8398,0.3376,0.9071,0.2737,0.2608,0.6522,0.7749,0.4591,0.0429,0.3297,0.3297,0.9573,0.9496,0.6267,0.7491,0.4741,0.0192,0.5833,0.7289,0.5598,0.1999
name-tracing,Name and word tracing,early_role_rule_60,measured,1.7324,2.2653,27.28,0.65,43.04,0.4661,0.5051,0.8046,0.7372,0.4661,0.474,0.8148,0.7622,0.474,0.9071,0.2514,0.2254,0.6522,0.7749,0.4575,0.0392,0.4661,0.4661,0.9377,0.9194,0.6267,0.7491,0.4741,0.0192,0.5833,0.7289,0.5598,0.1999
cursive-name,Name and word tracing,early_role_rule_75,measured,2.2721,3.0939,16.59,0.4519,31.52,0.3297,0.3883,0.8596,0.8431,0.3297,0.3415,0.8712,0.8409,0.3376,0.9071,0.2737,0.2608,0.6483,0.7903,0.4367,0.0348,0.3297,0.3297,0.9491,0.9392,0.6264,0.7645,0.448,0.0171,0.5872,0.7365,0.546,0.2093
cursive-name,Name and word tracing,early_role_rule_60,measured,1.9931,2.6092,26.83,0.7309,42.25,0.4661,0.5129,0.816,0.7424,0.4661,0.474,0.8091,0.7527,0.474,0.9071,0.2514,0.2254,0.6483,0.7903,0.4362,0.0336,0.4661,0.4661,0.9249,0.9023,0.6264,0.7645,0.448,0.0171,0.5872,0.7365,0.546,0.2093
happy-birthday,Tracing with dark dotted or dashed marks,early_role_rule_75,measured,2.2521,3.2996,14.68,0.3874,26.57,0.3297,0.3765,0.8576,0.8322,0.3297,0.3412,0.8811,0.8561,0.3376,0.9071,0.2737,0.2608,0.6726,0.8261,0.2357,0.0193,0.3297,0.3297,0.9363,0.9243,0.1076,0.248,0.8869,0.8707,0.5796,0.7093,0.6008,0.2964
happy-birthday,Tracing with dark dotted or dashed marks,early_role_rule_60,measured,2.0126,2.8846,23.75,0.627,35.81,0.4661,0.5014,0.8024,0.7288,0.4661,0.474,0.8259,0.7767,0.474,0.9071,0.2514,0.2254,0.6726,0.8261,0.235,0.0175,0.4661,0.4661,0.906,0.8765,0.1076,0.248,0.8869,0.8707,0.5872,0.7199,0.5816,0.2568
pl-imie,Name and word tracing,early_role_rule_75,measured,1.9197,2.6201,16.79,0.3874,31.96,0.3297,0.3726,0.8684,0.8499,0.3297,0.3412,0.8721,0.8433,0.3491,0.9071,0.2499,0.2359,0.6368,0.7555,0.4926,0.0648,0.3297,0.3297,0.9634,0.9568,0.6102,0.76,0.4988,0.0414,0.5833,0.7258,0.5684,0.2279
pl-imie,Name and word tracing,early_role_rule_60,measured,1.6815,2.2047,27.12,0.6256,42.75,0.4661,0.5012,0.8236,0.7568,0.4661,0.474,0.8197,0.7577,0.4801,0.9071,0.2274,0.2004,0.6368,0.7555,0.4924,0.064,0.4661,0.4661,0.9487,0.9329,0.6102,0.76,0.4988,0.0414,0.5833,0.7258,0.5684,0.2279
calligraphy-alphabet,Letter practice list,early_role_rule_75,measured,0.6652,0.9236,16.07,0.1273,27.91,0.3297,0.3765,0.8621,0.8305,0.3297,0.3454,0.8701,0.8451,,,,,,,,,0.3297,0.4197,0.8402,0.7864,0.8304,0.8379,0.0054,0.0,0.673,0.8407,0.0742,0.0169
calligraphy-alphabet,Letter practice list,early_role_rule_60,measured,0.586,0.7926,26.06,0.2066,38.13,0.4661,0.5051,0.7993,0.7329,0.4661,0.4779,0.8192,0.7633,,,,,,,,,0.4661,0.5364,0.7655,0.6676,0.8304,0.8379,0.0054,0.0,0.673,0.8407,0.0742,0.0169
hw-faded,Name and word tracing,early_role_rule_75,measured,1.786,2.458,13.76,0.2849,26.26,0.3297,0.388,0.8449,0.8163,0.3297,0.3415,0.8801,0.8551,0.3376,0.9071,0.2737,0.2608,0.6494,0.7827,0.4343,0.0174,0.3297,0.3297,0.9552,0.9469,0.7869,0.7869,0.3062,0.0024,0.5836,0.7451,0.5498,0.2208
hw-faded,Name and word tracing,early_role_rule_60,measured,1.6102,2.1557,22.25,0.4608,35.33,0.4661,0.5129,0.7876,0.7179,0.4661,0.474,0.8124,0.7615,0.474,0.9071,0.2514,0.2254,0.6494,0.7827,0.4334,0.0164,0.4661,0.4661,0.9355,0.9093,0.7869,0.7869,0.3062,0.0024,0.5836,0.7451,0.5498,0.2208
name-tracing-roster,Name and word tracing,early_role_rule_75,measured,1.9635,2.6824,16.38,0.3847,31.48,0.3297,0.3765,0.859,0.8341,,,,,0.3376,0.9071,0.2731,0.2603,0.6444,0.7903,0.4882,0.057,0.3297,0.3297,0.9622,0.9566,0.611,0.7482,0.5112,0.0415,0.5833,0.7199,0.5674,0.2157
name-tracing-roster,Name and word tracing,early_role_rule_60,measured,1.7272,2.2686,26.45,0.621,42.05,0.4661,0.5051,0.805,0.7355,,,,,0.474,0.9071,0.2505,0.224,0.6444,0.7903,0.4879,0.0559,0.4661,0.4661,0.9478,0.9324,0.611,0.7482,0.5112,0.0415,0.5833,0.7199,0.5674,0.2157
cursive-name-long,Name and word tracing,early_role_rule_75,measured,2.101,2.8581,16.41,0.4125,31.12,0.3297,0.3883,0.8596,0.8431,0.3297,0.3376,0.8852,0.8576,0.3376,0.9071,0.2737,0.2608,0.6483,0.7903,0.4355,0.0306,0.3297,0.3297,0.948,0.9384,0.6256,0.7645,0.4494,0.0198,0.5872,0.7365,0.5462,0.2124
cursive-name-long,Name and word tracing,early_role_rule_60,measured,1.8462,2.4168,26.55,0.6672,41.75,0.4661,0.5129,0.816,0.7424,0.4661,0.474,0.8261,0.7632,0.474,0.9071,0.2514,0.2254,0.6483,0.7903,0.4353,0.0292,0.4661,0.4661,0.9239,0.9004,0.6256,0.7645,0.4494,0.0198,0.5872,0.7365,0.5462,0.2124
de-namen-schreiben,Name and word tracing,early_role_rule_75,measured,2.3746,3.2329,13.74,0.3782,26.94,0.3297,0.3726,0.8666,0.8447,0.3297,0.3451,0.8623,0.8369,0.3337,0.9071,0.3104,0.2944,0.6483,0.7709,0.4518,0.0203,0.3297,0.3297,0.96,0.9525,0.639,0.7712,0.4077,0.0104,0.5959,0.8944,0.3425,0.1279
de-namen-schreiben,Name and word tracing,early_role_rule_60,measured,2.1412,2.8273,22.22,0.6116,36.1,0.4661,0.5012,0.8151,0.7479,0.4661,0.4776,0.8069,0.7609,0.47,0.9071,0.2856,0.2589,0.6483,0.7709,0.4516,0.0198,0.4661,0.4661,0.9421,0.9221,0.639,0.7712,0.4077,0.0104,0.5959,0.8944,0.3425,0.1279
es-nombre,Name and word tracing,early_role_rule_75,measured,1.7794,2.4273,16.47,0.3509,31.43,0.3297,0.3844,0.855,0.8279,0.3297,0.3412,0.8774,0.8588,0.3334,0.9071,0.3336,0.3182,0.6368,0.7555,0.4941,0.0619,0.3297,0.3297,0.9603,0.9554,0.611,0.7558,0.5003,0.0393,0.5836,0.7258,0.566,0.2325
es-nombre,Name and word tracing,early_role_rule_60,measured,1.5636,2.0513,26.6,0.5666,42.05,0.4661,0.509,0.8004,0.7343,0.4661,0.474,0.8264,0.7723,0.4661,0.9071,0.3096,0.2778,0.6368,0.7555,0.494,0.061,0.4661,0.4661,0.9467,0.9329,0.611,0.7558,0.5003,0.0393,0.5836,0.7258,0.566,0.2325
letter-tracing-ruled,Letter practice list,early_role_rule_75,measured,0.3381,0.4571,15.84,0.0636,22.6,0.3297,0.3844,0.8525,0.8222,0.3297,0.353,0.8461,0.8218,,,,,,,,,0.4311,0.6765,0.6765,0.5166,0.8304,0.8379,0.0037,0.0,0.6849,0.837,0.0556,0.0087
letter-tracing-ruled,Letter practice list,early_role_rule_60,measured,0.298,0.398,25.81,0.1037,32.62,0.4661,0.509,0.7851,0.7214,0.4661,0.4855,0.8033,0.7442,,,,,,,,,0.5479,0.7426,0.5504,0.1764,0.8304,0.8379,0.0037,0.0,0.6849,0.837,0.0556,0.0087
bubble-name,Name and word tracing,early_role_rule_75,measured,1.0296,1.4253,18.67,0.2364,34.2,0.3297,0.3804,0.8583,0.8307,0.3297,0.3376,0.8769,0.8484,0.3491,0.9071,0.2561,0.2457,,,,,0.3297,0.3297,0.8465,0.7788,0.6306,0.7337,0.5478,0.0113,0.6309,0.6939,0.5391,0.0872
bubble-name,Name and word tracing,early_role_rule_60,measured,0.8842,1.1733,30.16,0.3818,45.83,0.4661,0.509,0.7967,0.721,0.4661,0.474,0.815,0.765,0.4815,0.9071,0.2376,0.2108,,,,,0.4661,0.4661,0.8352,0.7603,0.6306,0.7337,0.5478,0.0113,0.6309,0.6939,0.5391,0.0872
letter-bubble-m,Single outline letter,standard,measured,4.5251,8.337,0.0,0.0,0.0,0.1076,0.1776,0.9074,0.9103,0.1076,0.1155,0.9474,0.9464,,,,,,,,,,,,,,,,,0.1076,0.1076,0.9767,0.9669
letter-bubble-m,Single outline letter,broad_fade_72,measured,3.328,4.4823,26.45,1.1971,46.24,0.353,0.4037,0.8517,0.8245,0.1076,0.1155,0.9474,0.9464,,,,,,,,,,,,,,,,,0.353,0.353,0.961,0.9453
letter-bubble-m,Single outline letter,high_contrast,measured,4.5251,8.337,0.0,0.0,0.0,0.1076,0.1776,0.9074,0.9103,0.1076,0.1155,0.9474,0.9464,,,,,,,,,,,,,,,,,0.1076,0.1076,0.9767,0.9669
letter-bubble-m,Single outline letter,page_wide_fade_75,measured,3.399,4.6301,24.89,1.1261,44.46,0.3297,0.3804,0.8585,0.8376,0.3297,0.3373,0.8969,0.8729,,,,,,,,,,,,,,,,,0.3297,0.3297,0.9545,0.9402
letter-bubble-m,Single outline letter,page_wide_fade_60,measured,2.7274,3.4307,39.73,1.7977,58.85,0.4622,0.5051,0.8116,0.7449,0.4622,0.4661,0.8394,0.7829,,,,,,,,,,,,,,,,,0.4622,0.4622,0.9372,0.9187
letter-bubble-m,Single outline letter,lighter_color_75_all,measured,3.3991,4.6305,24.88,1.1259,44.46,0.3297,0.3804,0.8582,0.8373,0.3297,0.3337,0.8998,0.8765,,,,,,,,,,,,,,,,,0.3297,0.3297,0.9542,0.9402
letter-bubble-m,Single outline letter,lighter_dark_marks_75,measured,3.4101,4.6462,24.64,1.115,44.27,0.3297,0.3804,0.8582,0.8373,0.3297,0.3337,0.8998,0.8765,,,,,,,,,,,,,,,,,0.3297,0.3297,0.9622,0.9476
letter-bubble-m,Single outline letter,lighter_dark_marks_60,measured,2.725,3.4289,39.78,1.8001,58.87,0.4661,0.509,0.8101,0.7413,0.4661,0.4701,0.8415,0.7834,,,,,,,,,,,,,,,,,0.4661,0.4661,0.9528,0.9253
letter-bubble-m,Single outline letter,lighter_fills_55,measured,4.3973,8.0444,2.82,0.1278,3.51,0.509,0.5479,0.7851,0.6954,0.1076,0.1155,0.9474,0.9464,,,,,,,,,,,,,,,,,0.1076,0.1076,0.9767,0.9669
letter-bubble-m,Single outline letter,credit_qr_removed,measured,4.2409,7.8544,6.28,0.2842,5.79,1.0,1.0,0.0,0.0,0.1076,0.1155,0.9474,0.9464,,,,,,,,,,,,,,,,,0.1076,0.1076,0.9767,0.9669
letter-bubble-m,Single outline letter,lighter_dark_marks_75_keep_qr,measured,3.4808,4.8465,23.08,1.0443,41.87,0.1076,0.1776,0.9074,0.9103,0.3297,0.3337,0.8998,0.8765,,,,,,,,,,,,,,,,,0.3297,0.3297,0.9622,0.9476
letter-bubble-m,Single outline letter,role_aware_75,measured,4.4938,8.2445,0.69,0.0313,1.11,0.1076,0.1776,0.9074,0.9103,0.3297,0.3337,0.8998,0.8765,,,,,,,,,,,,,,,,,0.1076,0.1076,0.9767,0.9669
letter-bubble-m,Single outline letter,role_aware_75_all_content,measured,3.4808,4.8465,23.08,1.0443,41.87,0.1076,0.1776,0.9074,0.9103,0.3297,0.3337,0.8998,0.8765,,,,,,,,,,,,,,,,,0.3297,0.3297,0.9622,0.9476
letter-calligraphy-g,Single outline letter,standard,measured,1.6242,2.801,0.0,0.0,0.0,0.1076,0.2129,0.9006,0.9041,0.1076,0.1272,0.9264,0.9357,,,,,,,,,,,,,,,,,0.1076,0.1269,0.9055,0.8751
letter-calligraphy-g,Single outline letter,broad_fade_72,measured,1.2351,1.6806,23.96,0.3892,40.0,0.353,0.4272,0.8198,0.7909,0.1076,0.1272,0.9264,0.9357,,,,,,,,,,,,,,,,,0.353,0.3647,0.8538,0.7973
letter-calligraphy-g,Single outline letter,high_contrast,measured,1.9991,2.3315,-23.08,-0.3749,16.76,0.1076,0.2129,0.9006,0.9041,0.1076,0.1272,0.9264,0.9357,,,,,,,,,,,,,,,,,0.0,0.0,0.9385,0.9082
letter-calligraphy-g,Single outline letter,page_wide_fade_75,measured,1.2201,1.6245,24.88,0.4041,42.0,0.3297,0.4076,0.8276,0.8043,0.3297,0.3451,0.8699,0.8463,,,,,,,,,,,,,,,,,0.3297,0.3451,0.8319,0.7827
letter-calligraphy-g,Single outline letter,page_wide_fade_60,measured,0.9792,1.2164,39.72,0.6451,56.57,0.4622,0.5247,0.7775,0.7132,0.4622,0.474,0.821,0.7667,,,,,,,,,,,,,,,,,0.4622,0.474,0.7667,0.7191
letter-calligraphy-g,Single outline letter,lighter_color_75_all,measured,1.2204,1.6254,24.86,0.4038,41.97,0.3297,0.4076,0.8273,0.8042,0.3297,0.3415,0.873,0.8504,,,,,,,,,,,,,,,,,0.3297,0.3451,0.8313,0.7827
letter-calligraphy-g,Single outline letter,lighter_dark_marks_75,measured,1.233,1.6435,24.09,0.3912,41.32,0.3297,0.4076,0.8273,0.8042,0.3297,0.3415,0.873,0.8504,,,,,,,,,,,,,,,,,0.3297,0.3451,0.8595,0.8074
letter-calligraphy-g,Single outline letter,lighter_dark_marks_60,measured,0.9924,1.2362,38.9,0.6318,55.86,0.4661,0.5286,0.7751,0.7098,0.4661,0.4776,0.8216,0.7682,,,,,,,,,,,,,,,,,0.4661,0.4779,0.8198,0.7423
letter-calligraphy-g,Single outline letter,lighter_fills_55,measured,1.4907,2.5015,8.22,0.1335,10.69,0.509,0.5673,0.7508,0.6674,0.1076,0.1272,0.9264,0.9357,,,,,,,,,,,,,,,,,0.1076,0.1269,0.9055,0.8751
letter-calligraphy-g,Single outline letter,credit_qr_removed,measured,1.3274,2.3035,18.27,0.2968,17.76,1.0,1.0,0.0,0.0,0.1076,0.1272,0.9264,0.9357,,,,,,,,,,,,,,,,,0.1076,0.1269,0.9055,0.8751
letter-calligraphy-g,Single outline letter,lighter_dark_marks_75_keep_qr,measured,1.3069,1.8475,19.54,0.3173,34.04,0.1076,0.2129,0.9006,0.9041,0.3297,0.3415,0.873,0.8504,,,,,,,,,,,,,,,,,0.3297,0.3451,0.8595,0.8074
letter-calligraphy-g,Single outline letter,role_aware_75,measured,1.5852,2.686,2.4,0.039,4.11,0.1076,0.2129,0.9006,0.9041,0.3297,0.3415,0.873,0.8504,,,,,,,,,,,,,,,,,0.1076,0.1269,0.9055,0.8751
letter-calligraphy-g,Single outline letter,role_aware_75_all_content,measured,1.3069,1.8475,19.54,0.3173,34.04,0.1076,0.2129,0.9006,0.9041,0.3297,0.3415,0.873,0.8504,,,,,,,,,,,,,,,,,0.3297,0.3451,0.8595,0.8074
number-coloring-3,Single outline letter,standard,measured,1.8546,3.2937,0.0,0.0,0.0,0.1076,0.1933,0.9009,0.9024,0.1076,0.1272,0.9274,0.9333,,,,,,,,,,,,,,,,,0.1076,0.1076,0.9262,0.8932
number-coloring-3,Single outline letter,broad_fade_72,measured,1.4114,1.9392,23.9,0.4432,41.12,0.353,0.4154,0.8185,0.7841,0.1076,0.1272,0.9274,0.9333,,,,,,,,,,,,,,,,,0.353,0.353,0.8964,0.8469
number-coloring-3,Single outline letter,high_contrast,measured,1.8546,3.2937,0.0,0.0,0.0,0.1076,0.1933,0.9009,0.9024,0.1076,0.1272,0.9274,0.9333,,,,,,,,,,,,,,,,,0.1076,0.1076,0.9262,0.8932
number-coloring-3,Single outline letter,page_wide_fade_75,measured,1.3931,1.8739,24.88,0.4615,43.11,0.3297,0.3958,0.829,0.7996,0.3297,0.3451,0.8704,0.8472,,,,,,,,,,,,,,,,,0.3297,0.3297,0.8727,0.8271
number-coloring-3,Single outline letter,page_wide_fade_60,measured,1.118,1.3971,39.72,0.7366,57.58,0.4622,0.5129,0.7699,0.7156,0.4622,0.474,0.82,0.7714,,,,,,,,,,,,,,,,,0.4622,0.4622,0.8213,0.7913
number-coloring-3,Single outline letter,lighter_color_75_all,measured,1.3934,1.8748,24.87,0.4612,43.08,0.3297,0.3958,0.8286,0.7989,0.3297,0.3415,0.8728,0.8503,,,,,,,,,,,,,,,,,0.3297,0.3297,0.872,0.8272
number-coloring-3,Single outline letter,lighter_dark_marks_75,measured,1.4071,1.8945,24.13,0.4475,42.48,0.3297,0.3958,0.8286,0.7989,0.3297,0.3415,0.8728,0.8503,,,,,,,,,,,,,,,,,0.3297,0.3297,0.9001,0.853
number-coloring-3,Single outline letter,lighter_dark_marks_60,measured,1.132,1.418,38.96,0.7226,56.95,0.4661,0.5168,0.7679,0.711,0.4661,0.4776,0.8225,0.7725,,,,,,,,,,,,,,,,,0.4661,0.4661,0.8748,0.8172
number-coloring-3,Single outline letter,lighter_fills_55,measured,1.7191,2.9873,7.31,0.1355,9.3,0.509,0.5558,0.748,0.6663,0.1076,0.1272,0.9274,0.9333,,,,,,,,,,,,,,,,,0.1076,0.1076,0.9262,0.8932
number-coloring-3,Single outline letter,credit_qr_removed,measured,1.5533,2.7862,16.25,0.3013,15.41,1.0,1.0,0.0,0.0,0.1076,0.1272,0.9274,0.9333,,,,,,,,,,,,,,,,,0.1076,0.1076,0.9262,0.8932
number-coloring-3,Single outline letter,lighter_dark_marks_75_keep_qr,measured,1.4821,2.1037,20.08,0.3725,36.13,0.1076,0.1933,0.9009,0.9024,0.3297,0.3415,0.8728,0.8503,,,,,,,,,,,,,,,,,0.3297,0.3297,0.9001,0.853
number-coloring-3,Single outline letter,role_aware_75,measured,1.8084,3.1576,2.49,0.0462,4.13,0.1076,0.1933,0.9009,0.9024,0.3297,0.3415,0.8728,0.8503,,,,,,,,,,,,,,,,,0.1076,0.1076,0.9262,0.8932
number-coloring-3,Single outline letter,role_aware_75_all_content,measured,1.4821,2.1037,20.08,0.3725,36.13,0.1076,0.1933,0.9009,0.9024,0.3297,0.3415,0.8728,0.8503,,,,,,,,,,,,,,,,,0.3297,0.3297,0.9001,0.853
letter-block-a,Single outline letter,standard,measured,3.0158,5.5077,0.0,0.0,0.0,0.1076,0.1737,0.9178,0.9203,0.1076,0.1194,0.9434,0.9453,,,,,,,,,,,,,,,,,0.1076,0.1076,0.9652,0.9517
letter-block-a,Single outline letter,broad_fade_72,measured,2.2272,3.001,26.15,0.7887,45.51,0.353,0.3998,0.8494,0.8233,0.1076,0.1194,0.9434,0.9453,,,,,,,,,,,,,,,,,0.353,0.353,0.9447,0.921
letter-block-a,Single outline letter,high_contrast,measured,3.0158,5.5077,0.0,0.0,0.0,0.1076,0.1737,0.9178,0.9203,0.1076,0.1194,0.9434,0.9453,,,,,,,,,,,,,,,,,0.1076,0.1076,0.9652,0.9517
letter-block-a,Single outline letter,page_wide_fade_75,measured,2.2653,3.0761,24.89,0.7505,44.15,0.3297,0.3802,0.8566,0.8359,0.3297,0.3376,0.8799,0.8512,,,,,,,,,,,,,,,,,0.3297,0.3297,0.9354,0.9135
letter-block-a,Single outline letter,page_wide_fade_60,measured,1.8177,2.2827,39.73,1.1981,58.55,0.4622,0.5012,0.8057,0.7395,0.4622,0.4701,0.8243,0.7764,,,,,,,,,,,,,,,,,0.4622,0.4622,0.9083,0.8893
letter-block-a,Single outline letter,lighter_color_75_all,measured,2.2654,3.0765,24.88,0.7504,44.14,0.3297,0.3802,0.8565,0.8356,0.3297,0.3376,0.884,0.8537,,,,,,,,,,,,,,,,,0.3297,0.3297,0.9349,0.9134
letter-block-a,Single outline letter,lighter_dark_marks_75,measured,2.2759,3.0915,24.54,0.74,43.87,0.3297,0.3802,0.8565,0.8356,0.3297,0.3376,0.884,0.8537,,,,,,,,,,,,,,,,,0.3297,0.3297,0.947,0.9246
letter-block-a,Single outline letter,lighter_dark_marks_60,measured,1.8212,2.2889,39.61,1.1946,58.44,0.4661,0.5051,0.8037,0.7355,0.4661,0.474,0.8271,0.7774,,,,,,,,,,,,,,,,,0.4661,0.4661,0.9317,0.8997
letter-block-a,Single outline letter,lighter_fills_55,measured,2.8843,5.2073,4.36,0.1315,5.45,0.509,0.544,0.7801,0.6899,0.1076,0.1194,0.9434,0.9453,,,,,,,,,,,,,,,,,0.1076,0.1076,0.9652,0.9517
letter-block-a,Single outline letter,credit_qr_removed,measured,2.7236,5.012,9.69,0.2923,9.0,1.0,1.0,0.0,0.0,0.1076,0.1194,0.9434,0.9453,,,,,,,,,,,,,,,,,0.1076,0.1076,0.9652,0.9517
letter-block-a,Single outline letter,lighter_dark_marks_75_keep_qr,measured,2.3486,3.2971,22.12,0.6672,40.14,0.1076,0.1737,0.9178,0.9203,0.3297,0.3376,0.884,0.8537,,,,,,,,,,,,,,,,,0.3297,0.3297,0.947,0.9246
letter-block-a,Single outline letter,role_aware_75,measured,2.9898,5.4305,0.86,0.0261,1.4,0.1076,0.1737,0.9178,0.9203,0.3297,0.3376,0.884,0.8537,,,,,,,,,,,,,,,,,0.1076,0.1076,0.9652,0.9517
letter-block-a,Single outline letter,role_aware_75_all_content,measured,2.3486,3.2971,22.12,0.6672,40.14,0.1076,0.1737,0.9178,0.9203,0.3297,0.3376,0.884,0.8537,,,,,,,,,,,,,,,,,0.3297,0.3297,0.947,0.9246
letter-cursive-a,Single outline letter,standard,measured,1.4812,2.4608,0.0,0.0,0.0,0.1076,0.174,0.9202,0.922,0.1076,0.1309,0.9315,0.9312,,,,,0.6329,0.6329,0.7495,0.5857,,,,,,,,,0.1076,0.1779,0.8945,0.8574
letter-cursive-a,Single outline letter,broad_fade_72,measured,1.1183,1.5098,24.5,0.3628,38.65,0.353,0.4034,0.8636,0.8391,0.1076,0.1309,0.9315,0.9312,,,,,0.7323,0.7323,0.554,0.1442,,,,,,,,,0.353,0.4037,0.8338,0.7685
letter-cursive-a,Single outline letter,high_contrast,measured,2.3001,2.6012,-55.29,-0.8189,-5.71,0.1076,0.174,0.9202,0.922,0.1076,0.1309,0.9315,0.9312,,,,,0.0,0.0,1.0,1.0,,,,,,,,,0.0,0.0039,0.9287,0.8922
letter-cursive-a,Single outline letter,page_wide_fade_75,measured,1.1132,1.4797,24.84,0.368,39.87,0.3297,0.3804,0.8687,0.8481,0.3297,0.3454,0.8742,0.845,,,,,0.7236,0.7236,0.5836,0.2038,,,,,,,,,0.3297,0.3841,0.8097,0.7514
letter-cursive-a,Single outline letter,page_wide_fade_60,measured,0.893,1.1181,39.71,0.5882,54.56,0.4622,0.5014,0.8285,0.7567,0.4622,0.4776,0.813,0.7598,,,,,0.7788,0.7788,0.2567,0.0208,,,,,,,,,0.4622,0.5051,0.7316,0.6805
letter-cursive-a,Single outline letter,lighter_color_75_all,measured,1.1129,1.4828,24.86,0.3682,39.74,0.3297,0.3804,0.8686,0.8481,0.3297,0.3454,0.8783,0.8491,,,,,0.7239,0.7239,0.5828,0.2015,,,,,,,,,0.3297,0.3841,0.809,0.7513
letter-cursive-a,Single outline letter,lighter_dark_marks_75,measured,1.1768,1.5793,20.55,0.3044,35.82,0.3297,0.3804,0.8686,0.8481,0.3297,0.3454,0.8783,0.8491,,,,,0.6329,0.6329,0.749,0.5844,,,,,,,,,0.3297,0.3841,0.8415,0.7791
letter-cursive-a,Single outline letter,lighter_dark_marks_60,measured,0.9896,1.2652,33.19,0.4916,48.59,0.4661,0.5054,0.826,0.7515,0.4661,0.4779,0.8164,0.7609,,,,,0.6329,0.6329,0.7484,0.5831,,,,,,,,,0.4661,0.509,0.7936,0.7061
letter-cursive-a,Single outline letter,lighter_fills_55,measured,1.3488,2.1583,8.94,0.1324,12.29,0.509,0.5479,0.8007,0.7037,0.1076,0.1309,0.9315,0.9312,,,,,0.6329,0.6329,0.7495,0.5857,,,,,,,,,0.1076,0.1779,0.8945,0.8574
letter-cursive-a,Single outline letter,credit_qr_removed,measured,1.1868,1.9615,19.87,0.2943,20.29,1.0,1.0,0.0,0.0,0.1076,0.1309,0.9315,0.9312,,,,,0.6329,0.6329,0.7495,0.5857,,,,,,,,,0.1076,0.1779,0.8945,0.8574
letter-cursive-a,Single outline letter,lighter_dark_marks_75_keep_qr,measured,1.25,1.7863,15.61,0.2312,27.41,0.1076,0.174,0.9202,0.922,0.3297,0.3454,0.8783,0.8491,,,,,0.6329,0.6329,0.749,0.5844,,,,,,,,,0.3297,0.3841,0.8415,0.7791
letter-cursive-a,Single outline letter,role_aware_75,measured,1.4535,2.3793,1.87,0.0277,3.31,0.1076,0.174,0.9202,0.922,0.3297,0.3454,0.8783,0.8491,,,,,0.6329,0.6329,0.7495,0.5857,,,,,,,,,0.1076,0.1779,0.8945,0.8574
letter-cursive-a,Single outline letter,role_aware_75_all_content,measured,1.25,1.7863,15.61,0.2312,27.41,0.1076,0.174,0.9202,0.922,0.3297,0.3454,0.8783,0.8491,,,,,0.6329,0.6329,0.749,0.5844,,,,,,,,,0.3297,0.3841,0.8415,0.7791
letter-dot-a,Coloring and dot-to-dot,standard,measured,1.3728,2.4095,0.0,0.0,0.0,0.1076,0.2129,0.899,0.9009,0.1076,0.1309,0.9254,0.9259,,,,,,,,,,,,,,,,,0.1076,0.1194,0.775,0.7181
letter-dot-a,Coloring and dot-to-dot,broad_fade_72,measured,1.0454,1.4468,23.84,0.3273,39.96,0.353,0.4308,0.8131,0.7787,0.1076,0.1309,0.9254,0.9259,,,,,,,,,,,,,,,,,0.353,0.3608,0.7249,0.676
letter-dot-a,Coloring and dot-to-dot,high_contrast,measured,1.3728,2.4095,0.0,0.0,0.0,0.1076,0.2129,0.899,0.9009,0.1076,0.1309,0.9254,0.9259,,,,,,,,,,,,,,,,,0.1076,0.1194,0.775,0.7181
letter-dot-a,Coloring and dot-to-dot,page_wide_fade_75,measured,1.0314,1.3977,24.87,0.3414,41.99,0.3297,0.4115,0.8207,0.794,0.3297,0.3454,0.8649,0.8428,,,,,,,,,,,,,,,,,0.3297,0.3376,0.701,0.6534
letter-dot-a,Coloring and dot-to-dot,page_wide_fade_60,measured,0.8278,1.0477,39.7,0.545,56.52,0.4622,0.5247,0.7662,0.7022,0.4622,0.474,0.8116,0.761,,,,,,,,,,,,,,,,,0.4622,0.4701,0.6509,0.62
letter-dot-a,Coloring and dot-to-dot,lighter_color_75_all,measured,1.0319,1.3994,24.83,0.3408,41.92,0.3297,0.4115,0.8205,0.7933,0.3297,0.3451,0.8673,0.845,,,,,,,,,,,,,,,,,0.3297,0.3376,0.7006,0.6541
letter-dot-a,Coloring and dot-to-dot,lighter_dark_marks_75,measured,1.0557,1.4389,23.1,0.3171,40.28,0.3297,0.4115,0.8205,0.7933,0.3297,0.3451,0.8673,0.845,,,,,,,,,,,,,,,,,0.3297,0.3376,0.7493,0.6814
letter-dot-a,Coloring and dot-to-dot,lighter_dark_marks_60,measured,0.8602,1.1035,37.34,0.5126,54.2,0.4661,0.5286,0.7634,0.6969,0.4661,0.4779,0.814,0.7619,,,,,,,,,,,,,,,,,0.4661,0.474,0.729,0.6482
letter-dot-a,Coloring and dot-to-dot,lighter_fills_55,measured,0.9939,1.476,27.6,0.3788,38.74,0.509,0.5675,0.7399,0.6487,0.1076,0.1309,0.9254,0.9259,,,,,,,,,,,,,,,,,0.1076,0.509,0.7533,0.6833
letter-dot-a,Coloring and dot-to-dot,credit_qr_removed,measured,1.0756,1.9124,21.65,0.2971,20.63,1.0,1.0,0.0,0.0,0.1076,0.1309,0.9254,0.9259,,,,,,,,,,,,,,,,,0.1076,0.1194,0.775,0.7181
letter-dot-a,Coloring and dot-to-dot,lighter_dark_marks_75_keep_qr,measured,1.1297,1.6424,17.71,0.2431,31.84,0.1076,0.2129,0.899,0.9009,0.3297,0.3451,0.8673,0.845,,,,,,,,,,,,,,,,,0.3297,0.3376,0.7493,0.6814
letter-dot-a,Coloring and dot-to-dot,role_aware_75,measured,1.3397,2.3122,2.41,0.033,4.04,0.1076,0.2129,0.899,0.9009,0.3297,0.3451,0.8673,0.845,,,,,,,,,,,,,,,,,0.1076,0.1194,0.775,0.7181
letter-dot-a,Coloring and dot-to-dot,role_aware_75_all_content,measured,1.1297,1.6424,17.71,0.2431,31.84,0.1076,0.2129,0.899,0.9009,0.3297,0.3451,0.8673,0.845,,,,,,,,,,,,,,,,,0.3297,0.3376,0.7493,0.6814
hw-finedot,Tracing with dark dotted or dashed marks,role_aware_75,measured,1.6039,2.2755,13.79,0.2566,25.04,0.1076,0.1819,0.916,0.9192,0.3297,0.3415,0.8753,0.8478,0.123,0.9071,0.291,0.292,0.6494,0.7827,0.4298,0.0159,0.3297,0.3297,0.9552,0.9469,0.3804,0.4894,0.7662,0.6974,0.5833,0.7247,0.5772,0.2395
hw-finedot,Tracing with dark dotted or dashed marks,role_aware_75_all_content,measured,1.6039,2.2755,13.79,0.2566,25.04,0.1076,0.1819,0.916,0.9192,0.3297,0.3415,0.8753,0.8478,0.123,0.9071,0.291,0.292,0.6494,0.7827,0.4298,0.0159,0.3297,0.3297,0.9552,0.9469,0.3804,0.4894,0.7662,0.6974,0.5833,0.7247,0.5772,0.2395
hw-sentence-faded,Name and word tracing,role_aware_75,measured,1.7496,2.5011,12.18,0.2427,22.64,0.1076,0.1819,0.916,0.9192,0.3297,0.3415,0.8748,0.8499,0.123,0.9071,0.291,0.292,0.7625,0.8426,0.0299,0.0141,0.3297,0.3297,0.9105,0.8946,0.7869,0.7869,0.2284,0.0012,0.5836,0.7479,0.5357,0.2204
hw-sentence-faded,Name and word tracing,role_aware_75_all_content,measured,1.7496,2.5011,12.18,0.2427,22.64,0.1076,0.1819,0.916,0.9192,0.3297,0.3415,0.8748,0.8499,0.123,0.9071,0.291,0.292,0.7625,0.8426,0.0299,0.0141,0.3297,0.3297,0.9105,0.8946,0.7869,0.7869,0.2284,0.0012,0.5836,0.7479,0.5357,0.2204
letter-tracing-gen,Tracing with dark dotted or dashed marks,role_aware_75,measured,1.161,1.6858,9.27,0.1186,17.78,0.1076,0.1776,0.9228,0.9254,0.3297,0.3415,0.8577,0.8343,0.123,0.9071,0.291,0.292,0.6494,0.7827,0.4267,0.0122,0.3297,0.3297,0.9661,0.9575,0.3297,0.3376,0.8599,0.8278,0.5833,0.7286,0.5692,0.2255
letter-tracing-gen,Tracing with dark dotted or dashed marks,role_aware_75_all_content,measured,1.161,1.6858,9.27,0.1186,17.78,0.1076,0.1776,0.9228,0.9254,0.3297,0.3415,0.8577,0.8343,0.123,0.9071,0.291,0.292,0.6494,0.7827,0.4267,0.0122,0.3297,0.3297,0.9661,0.9575,0.3297,0.3376,0.8599,0.8278,0.5833,0.7286,0.5692,0.2255
calligraphy-name,Name and word tracing,role_aware_75,measured,1.1223,1.6612,11.05,0.1395,20.97,0.1076,0.1779,0.9183,0.9208,0.3297,0.3454,0.8509,0.8202,0.1348,0.9071,0.2834,0.2837,,,,,0.3297,0.3297,0.7974,0.716,0.6228,0.7482,0.5243,0.0124,0.627,0.6982,0.5411,0.0848
calligraphy-name,Name and word tracing,role_aware_75_all_content,measured,1.1223,1.6612,11.05,0.1395,20.97,0.1076,0.1779,0.9183,0.9208,0.3297,0.3454,0.8509,0.8202,0.1348,0.9071,0.2834,0.2837,,,,,0.3297,0.3297,0.7974,0.716,0.6228,0.7482,0.5243,0.0124,0.627,0.6982,0.5411,0.0848
fr-prenom,Name and word tracing,role_aware_75,measured,2.1569,3.0697,11.33,0.2755,22.71,0.1076,0.1544,0.9317,0.9363,0.3297,0.3493,0.8751,0.852,0.1155,0.9071,0.3342,0.3333,0.6561,0.834,0.2451,0.0321,0.3297,0.3297,0.9613,0.9548,0.611,0.8071,0.427,0.0433,0.5872,0.7404,0.5372,0.2152
fr-prenom,Name and word tracing,role_aware_75_all_content,measured,2.1569,3.0697,11.33,0.2755,22.71,0.1076,0.1544,0.9317,0.9363,0.3297,0.3493,0.8751,0.852,0.1155,0.9071,0.3342,0.3333,0.6561,0.834,0.2451,0.0321,0.3297,0.3297,0.9613,0.9548,0.611,0.8071,0.427,0.0433,0.5872,0.7404,0.5372,0.2152
cursive-alphabet,Letter practice list,role_aware_75,measured,0.8019,1.1646,12.72,0.1168,22.0,0.1076,0.1855,0.916,0.9188,0.3297,0.3454,0.8829,0.8512,,,,,,,,,0.3297,0.3922,0.8536,0.8312,0.8304,0.8343,0.0034,0.0,0.6758,0.8407,0.0703,0.0149
cursive-alphabet,Letter practice list,role_aware_75_all_content,measured,0.8019,1.1646,12.72,0.1168,22.0,0.1076,0.1855,0.916,0.9188,0.3297,0.3454,0.8829,0.8512,,,,,,,,,0.3297,0.3922,0.8536,0.8312,0.8304,0.8343,0.0034,0.0,0.6758,0.8407,0.0703,0.0149
block-letters-name,Name and word tracing,role_aware_75,measured,2.4395,3.4688,17.73,0.5257,33.54,0.1076,0.1855,0.9204,0.9225,0.3297,0.3376,0.8647,0.8387,0.1348,0.9071,0.2834,0.2837,,,,,0.3297,0.3297,0.9252,0.9018,0.6228,0.7404,0.5299,0.0207,0.6348,0.7015,0.5377,0.0806
block-letters-name,Name and word tracing,role_aware_75_all_content,measured,2.4395,3.4688,17.73,0.5257,33.54,0.1076,0.1855,0.9204,0.9225,0.3297,0.3376,0.8647,0.8387,0.1348,0.9071,0.2834,0.2837,,,,,0.3297,0.3297,0.9252,0.9018,0.6228,0.7404,0.5299,0.0207,0.6348,0.7015,0.5377,0.0806
spanish-chart,Outline alphabet,role_aware_75,measured,1.7258,2.7097,1.02,0.0177,1.68,0.1076,0.162,0.9191,0.921,0.3297,0.4661,0.8004,0.7657,,,,,,,,,,,,,,,,,0.123,0.6405,0.7296,0.5981
spanish-chart,Outline alphabet,role_aware_75_all_content,measured,1.4669,2.0862,15.87,0.2767,24.3,0.1076,0.162,0.9191,0.921,0.3297,0.4661,0.8004,0.7657,,,,,,,,,,,,,,,,,0.3415,0.6567,0.6735,0.5128
coloring-page-stripes-stars,Coloring and dot-to-dot,role_aware_75,measured,1.5081,2.4705,0.0,0.0,0.0,0.1076,0.1701,0.9172,0.9208,,,,,,,,,0.5939,0.636,0.8636,0.7713,,,,,,,,,0.1076,0.7373,0.5482,0.5176
coloring-page-stripes-stars,Coloring and dot-to-dot,role_aware_75_all_content,measured,1.3005,1.868,13.77,0.2077,24.39,0.1076,0.1701,0.9172,0.9208,,,,,,,,,0.6172,0.636,0.8624,0.7683,,,,,,,,,0.3297,0.7818,0.5214,0.4794
word-search-hard,Word search,role_aware_75,measured,4.8762,8.62,0.0,0.0,0.0,0.1076,0.1819,0.92,0.923,0.1076,0.2166,0.9183,0.9156,0.1505,0.6399,0.6753,0.6032,,,,,,,,,,,,,0.1076,0.1076,0.9,0.8697
word-search-hard,Word search,role_aware_75_all_content,measured,3.7863,5.2166,22.35,1.0899,39.48,0.1076,0.1819,0.92,0.923,0.3297,0.4076,0.8459,0.815,0.1505,0.6399,0.6753,0.6032,,,,,,,,,,,,,0.3297,0.3297,0.866,0.8178
hw-dashed,Tracing with dark dotted or dashed marks,role_aware_75,measured,1.6547,2.3347,14.2,0.2737,24.93,0.1076,0.1819,0.916,0.9192,0.3297,0.3415,0.875,0.8491,0.123,0.9071,0.291,0.292,0.6494,0.7827,0.4304,0.016,0.3297,0.3297,0.9552,0.9469,0.4272,0.4661,0.8013,0.7359,0.5833,0.7247,0.5772,0.2395
hw-dashed,Tracing with dark dotted or dashed marks,role_aware_75_all_content,measured,1.6547,2.3347,14.2,0.2737,24.93,0.1076,0.1819,0.916,0.9192,0.3297,0.3415,0.875,0.8491,0.123,0.9071,0.291,0.292,0.6494,0.7827,0.4304,0.016,0.3297,0.3297,0.9552,0.9469,0.4272,0.4661,0.8013,0.7359,0.5833,0.7247,0.5772,0.2395
name-tracing,Name and word tracing,role_aware_75,measured,2.0625,2.9289,13.43,0.3199,26.35,0.1076,0.1701,0.9222,0.925,0.3297,0.3415,0.8661,0.8398,0.123,0.9071,0.291,0.292,0.6522,0.7749,0.4591,0.0429,0.3297,0.3297,0.9573,0.9496,0.6267,0.7491,0.4741,0.0192,0.5833,0.7289,0.5598,0.1999
name-tracing,Name and word tracing,role_aware_75_all_content,measured,2.0625,2.9289,13.43,0.3199,26.35,0.1076,0.1701,0.9222,0.925,0.3297,0.3415,0.8661,0.8398,0.123,0.9071,0.291,0.292,0.6522,0.7749,0.4591,0.0429,0.3297,0.3297,0.9573,0.9496,0.6267,0.7491,0.4741,0.0192,0.5833,0.7289,0.5598,0.1999
cursive-name,Name and word tracing,role_aware_75,measured,2.3527,3.3186,13.63,0.3713,26.55,0.1076,0.1858,0.914,0.9176,0.3297,0.3415,0.8712,0.8409,0.123,0.9071,0.291,0.292,0.6483,0.7903,0.4367,0.0348,0.3297,0.3297,0.9491,0.9392,0.6264,0.7645,0.448,0.0171,0.5872,0.7365,0.546,0.2093
cursive-name,Name and word tracing,role_aware_75_all_content,measured,2.3527,3.3186,13.63,0.3713,26.55,0.1076,0.1858,0.914,0.9176,0.3297,0.3415,0.8712,0.8409,0.123,0.9071,0.291,0.292,0.6483,0.7903,0.4367,0.0348,0.3297,0.3297,0.9491,0.9392,0.6264,0.7645,0.448,0.0171,0.5872,0.7365,0.546,0.2093
happy-birthday,Tracing with dark dotted or dashed marks,role_aware_75,measured,2.1606,3.0578,18.15,0.479,31.95,0.1076,0.1701,0.9199,0.9211,0.3297,0.3412,0.8811,0.8561,0.123,0.9071,0.291,0.292,0.6726,0.8261,0.234,0.0168,0.3297,0.3297,0.9363,0.9243,0.3297,0.4351,0.8099,0.7573,0.5367,0.7006,0.6196,0.3306
happy-birthday,Tracing with dark dotted or dashed marks,role_aware_75_all_content,measured,2.1567,3.0431,18.29,0.4829,32.28,0.1076,0.1701,0.9199,0.9211,0.3297,0.3412,0.8811,0.8561,0.123,0.9071,0.291,0.292,0.6726,0.8261,0.234,0.0168,0.3297,0.3297,0.9363,0.9243,0.3297,0.4351,0.8099,0.7573,0.5796,0.7093,0.6006,0.296
pl-imie,Name and word tracing,role_aware_75,measured,1.9989,2.8432,13.36,0.3082,26.17,0.1076,0.1662,0.92,0.9281,0.3297,0.3412,0.8721,0.8433,0.1348,0.9071,0.2691,0.2673,0.6368,0.7555,0.4926,0.0648,0.3297,0.3297,0.9634,0.9568,0.6102,0.76,0.4988,0.0414,0.5833,0.7258,0.5684,0.2279
pl-imie,Name and word tracing,role_aware_75_all_content,measured,1.9989,2.8432,13.36,0.3082,26.17,0.1076,0.1662,0.92,0.9281,0.3297,0.3412,0.8721,0.8433,0.1348,0.9071,0.2691,0.2673,0.6368,0.7555,0.4926,0.0648,0.3297,0.3297,0.9634,0.9568,0.6102,0.76,0.4988,0.0414,0.5833,0.7258,0.5684,0.2279
calligraphy-alphabet,Letter practice list,role_aware_75,measured,0.7006,1.0233,11.61,0.092,20.12,0.1076,0.1701,0.9251,0.9282,0.3297,0.3454,0.8701,0.8451,,,,,,,,,0.3297,0.4197,0.8402,0.7864,0.8304,0.8379,0.0054,0.0,0.673,0.8407,0.0742,0.0169
calligraphy-alphabet,Letter practice list,role_aware_75_all_content,measured,0.7006,1.0233,11.61,0.092,20.12,0.1076,0.1701,0.9251,0.9282,0.3297,0.3454,0.8701,0.8451,,,,,,,,,0.3297,0.4197,0.8402,0.7864,0.8304,0.8379,0.0054,0.0,0.673,0.8407,0.0742,0.0169
bubble-letters,Outline alphabet,role_aware_75,measured,1.4803,2.3432,1.3,0.0195,2.14,0.1076,0.1701,0.9198,0.9257,0.3297,0.4544,0.8045,0.7771,,,,,,,,,,,,,,,,,0.1191,0.645,0.7223,0.5793
bubble-letters,Outline alphabet,role_aware_75_all_content,measured,1.2751,1.8364,14.98,0.2247,23.3,0.1076,0.1701,0.9198,0.9257,0.3297,0.4544,0.8045,0.7771,,,,,,,,,,,,,,,,,0.3376,0.655,0.6698,0.5013
name-puzzle,Outline alphabet,role_aware_75,measured,1.1193,1.8903,0.0,0.0,0.0,0.1076,0.1662,0.9248,0.9266,,,,,,,,,,,,,,,,,,,,,0.1076,0.6327,0.686,0.5986
name-puzzle,Outline alphabet,role_aware_75_all_content,measured,0.953,1.4031,14.85,0.1663,25.78,0.1076,0.1662,0.9248,0.9266,,,,,,,,,,,,,,,,,,,,,0.3297,0.6356,0.6569,0.554
dot-to-dot-name,Coloring and dot-to-dot,role_aware_75,measured,0.9059,1.5281,0.0,0.0,0.0,0.1076,0.1698,0.9191,0.9236,,,,,,,,,,,,,,,,,,,,,0.1076,0.8286,0.4554,0.4218
dot-to-dot-name,Coloring and dot-to-dot,role_aware_75_all_content,measured,0.7864,1.1812,13.2,0.1196,22.7,0.1076,0.1698,0.9191,0.9236,,,,,,,,,,,,,,,,,,,,,0.3297,0.8443,0.429,0.3816
bubble-name-solid,Name and word tracing,role_aware_75,measured,1.0102,1.6579,11.33,0.129,15.3,0.1076,0.1776,0.9249,0.928,0.3297,0.3376,0.8769,0.8484,0.1348,0.9071,0.2834,0.2837,,,,,0.5191,0.5826,0.8576,0.7957,0.6306,0.7337,0.5478,0.0113,0.6309,0.6939,0.5391,0.0872
bubble-name-solid,Name and word tracing,role_aware_75_all_content,measured,1.0102,1.6579,11.33,0.129,15.3,0.1076,0.1776,0.9249,0.928,0.3297,0.3376,0.8769,0.8484,0.1348,0.9071,0.2834,0.2837,,,,,0.5191,0.5826,0.8576,0.7957,0.6306,0.7337,0.5478,0.0113,0.6309,0.6939,0.5391,0.0872
crossword,Crossword,role_aware_75,measured,1.0625,1.5172,0.0,0.0,0.0,0.1076,0.2519,0.9169,0.9221,0.1076,0.2908,0.8802,0.8768,0.1776,0.7393,0.7089,0.4492,,,,,,,,,,,,,0.2362,0.5401,0.8322,0.7703
crossword,Crossword,role_aware_75_all_content,measured,0.8531,1.1285,19.71,0.2094,25.62,0.1076,0.2519,0.9169,0.9221,0.3297,0.4622,0.8118,0.7673,0.1776,0.7393,0.7089,0.4492,,,,,,,,,,,,,0.4272,0.6493,0.7209,0.5543
hw-bolddot,Tracing with dark dotted or dashed marks,role_aware_75,measured,1.934,2.7258,15.9,0.3656,29.3,0.1076,0.1819,0.916,0.9192,0.3297,0.3376,0.8754,0.8481,0.123,0.9071,0.291,0.292,0.6494,0.7827,0.4324,0.0194,0.3297,0.3297,0.9552,0.9469,0.3297,0.3376,0.8599,0.8261,0.5833,0.7247,0.5755,0.2388
hw-bolddot,Tracing with dark dotted or dashed marks,role_aware_75_all_content,measured,1.934,2.7258,15.9,0.3656,29.3,0.1076,0.1819,0.916,0.9192,0.3297,0.3376,0.8754,0.8481,0.123,0.9071,0.291,0.292,0.6494,0.7827,0.4324,0.0194,0.3297,0.3297,0.9552,0.9469,0.3297,0.3376,0.8599,0.8261,0.5833,0.7247,0.5755,0.2388
hw-faint,Name and word tracing,role_aware_75,measured,1.431,2.0558,12.08,0.1967,23.44,0.1076,0.1819,0.916,0.9192,0.3297,0.3376,0.8816,0.8562,0.123,0.9071,0.291,0.292,0.6494,0.7827,0.4295,0.0158,0.3297,0.3297,0.9552,0.9469,0.862,0.9012,0.0,0.0,0.5833,0.7247,0.577,0.2394
hw-faint,Name and word tracing,role_aware_75_all_content,measured,1.431,2.0558,12.08,0.1967,23.44,0.1076,0.1819,0.916,0.9192,0.3297,0.3376,0.8816,0.8562,0.123,0.9071,0.291,0.292,0.6494,0.7827,0.4295,0.0158,0.3297,0.3297,0.9552,0.9469,0.862,0.9012,0.0,0.0,0.5833,0.7247,0.577,0.2394
sight-word,Tracing with dark dotted or dashed marks,role_aware_75,measured,1.3476,1.9364,11.76,0.1795,22.21,0.1076,0.1662,0.9209,0.9239,0.3297,0.3451,0.8624,0.8417,0.123,0.9071,0.291,0.292,0.6494,0.7827,0.4288,0.0148,0.3297,0.3297,0.9631,0.9547,0.3297,0.3376,0.8616,0.8301,0.5844,0.7132,0.5839,0.2441
sight-word,Tracing with dark dotted or dashed marks,role_aware_75_all_content,measured,1.3476,1.9364,11.76,0.1795,22.21,0.1076,0.1662,0.9209,0.9239,0.3297,0.3451,0.8624,0.8417,0.123,0.9071,0.291,0.292,0.6494,0.7827,0.4288,0.0148,0.3297,0.3297,0.9631,0.9547,0.3297,0.3376,0.8616,0.8301,0.5844,0.7132,0.5839,0.2441
mom-in-cursive,Name and word tracing,role_aware_75,measured,1.9896,2.8329,12.37,0.281,24.25,0.1076,0.1544,0.9281,0.9287,0.3297,0.3415,0.8641,0.8371,0.123,0.9071,0.291,0.292,0.6483,0.7903,0.4373,0.031,0.3297,0.3297,0.9474,0.9389,0.6256,0.7637,0.4513,0.0195,0.5844,0.7289,0.5581,0.2103
mom-in-cursive,Name and word tracing,role_aware_75_all_content,measured,1.9896,2.8329,12.37,0.281,24.25,0.1076,0.1544,0.9281,0.9287,0.3297,0.3415,0.8641,0.8371,0.123,0.9071,0.291,0.292,0.6483,0.7903,0.4373,0.031,0.3297,0.3297,0.9474,0.9389,0.6256,0.7637,0.4513,0.0195,0.5844,0.7289,0.5581,0.2103
de-schreibuebungen,Name and word tracing,role_aware_75,measured,2.1286,3.0351,6.7,0.153,13.79,0.1076,0.1737,0.9213,0.9254,0.3297,0.3454,0.8742,0.8489,0.1115,0.9071,0.3334,0.3346,0.653,0.7989,0.406,0.0174,0.3297,0.3297,0.9642,0.9568,0.7869,0.7869,0.3082,0.002,0.5872,0.7877,0.4609,0.177
de-schreibuebungen,Name and word tracing,role_aware_75_all_content,measured,2.1286,3.0351,6.7,0.153,13.79,0.1076,0.1737,0.9213,0.9254,0.3297,0.3454,0.8742,0.8489,0.1115,0.9071,0.3334,0.3346,0.653,0.7989,0.406,0.0174,0.3297,0.3297,0.9642,0.9568,0.7869,0.7869,0.3082,0.002,0.5872,0.7877,0.4609,0.177
tr-harf-name,Name and word tracing,role_aware_75,measured,1.7624,2.5378,15.97,0.3349,30.46,0.1076,0.1622,0.9255,0.9286,0.3297,0.3454,0.8648,0.8328,0.1776,0.9146,0.2239,0.227,,,,,0.3297,0.3297,0.9502,0.8999,0.6264,0.7715,0.4586,0.0152,0.6309,0.7363,0.4827,0.0782
tr-harf-name,Name and word tracing,role_aware_75_all_content,measured,1.7624,2.5378,15.97,0.3349,30.46,0.1076,0.1622,0.9255,0.9286,0.3297,0.3454,0.8648,0.8328,0.1776,0.9146,0.2239,0.227,,,,,0.3297,0.3297,0.9502,0.8999,0.6264,0.7715,0.4586,0.0152,0.6309,0.7363,0.4827,0.0782
block-letters,Outline alphabet,role_aware_75,measured,1.7826,2.9797,0.59,0.0106,1.04,0.1076,0.1622,0.9251,0.9276,0.3297,0.3415,0.8635,0.8376,,,,,,,,,,,,,,,,,0.1076,0.2051,0.9083,0.9129
block-letters,Outline alphabet,role_aware_75_all_content,measured,1.3739,1.848,23.38,0.4192,38.63,0.1076,0.1622,0.9251,0.9276,0.3297,0.3415,0.8635,0.8376,,,,,,,,,,,,,,,,,0.3297,0.4037,0.8395,0.8107
alphabet-coloring,Outline alphabet,role_aware_75,measured,1.4009,2.1941,1.68,0.0239,2.76,0.1076,0.1858,0.9153,0.9207,0.3297,0.4661,0.8217,0.7915,,,,,,,,,,,,,,,,,0.1269,0.6489,0.7045,0.5504
alphabet-coloring,Outline alphabet,role_aware_75_all_content,measured,1.2182,1.7524,14.5,0.2067,22.34,0.1076,0.1858,0.9153,0.9207,0.3297,0.4661,0.8217,0.7915,,,,,,,,,,,,,,,,,0.3451,0.6689,0.6542,0.4754
coloring-page,Coloring and dot-to-dot,role_aware_75,measured,0.76,1.2208,0.0,0.0,0.0,0.1076,0.1701,0.9172,0.9208,,,,,,,,,,,,,,,,,,,,,0.1272,0.8832,0.4761,0.4447
coloring-page,Coloring and dot-to-dot,role_aware_75_all_content,measured,0.6653,0.9872,12.46,0.0947,19.14,0.1076,0.1701,0.9172,0.9208,,,,,,,,,,,,,,,,,,,,,0.3454,0.9009,0.4398,0.3869
word-search,Word search,role_aware_75,measured,4.8543,8.58,0.0,0.0,0.0,0.1076,0.1819,0.92,0.923,0.1076,0.2166,0.9183,0.9156,0.1505,0.6399,0.6753,0.6032,,,,,,,,,,,,,0.1076,0.1076,0.8992,0.8689
word-search,Word search,role_aware_75_all_content,measured,3.7695,5.1936,22.35,1.0849,39.47,0.1076,0.1819,0.92,0.923,0.3297,0.4076,0.8459,0.815,0.1505,0.6399,0.6753,0.6032,,,,,,,,,,,,,0.3297,0.3297,0.8658,0.8177
hw-faded,Name and word tracing,role_aware_75,measured,1.8712,2.695,9.65,0.1998,19.15,0.1076,0.1819,0.916,0.9192,0.3297,0.3415,0.8801,0.8551,0.123,0.9071,0.291,0.292,0.6494,0.7827,0.4343,0.0174,0.3297,0.3297,0.9552,0.9469,0.7869,0.7869,0.3062,0.0024,0.5836,0.7451,0.5498,0.2208
hw-faded,Name and word tracing,role_aware_75_all_content,measured,1.8712,2.695,9.65,0.1998,19.15,0.1076,0.1819,0.916,0.9192,0.3297,0.3415,0.8801,0.8551,0.123,0.9071,0.291,0.292,0.6494,0.7827,0.4343,0.0174,0.3297,0.3297,0.9552,0.9469,0.7869,0.7869,0.3062,0.0024,0.5836,0.7451,0.5498,0.2208
name-tracing-roster,Name and word tracing,role_aware_75,measured,2.0457,2.9134,12.88,0.3025,25.58,0.1076,0.1701,0.9221,0.9263,,,,,0.123,0.9071,0.2918,0.2906,0.6444,0.7903,0.4882,0.057,0.3297,0.3297,0.9622,0.9566,0.611,0.7482,0.5112,0.0415,0.5833,0.7199,0.5674,0.2157
name-tracing-roster,Name and word tracing,role_aware_75_all_content,measured,2.0457,2.9134,12.88,0.3025,25.58,0.1076,0.1701,0.9221,0.9263,,,,,0.123,0.9071,0.2918,0.2906,0.6444,0.7903,0.4882,0.057,0.3297,0.3297,0.9622,0.9566,0.611,0.7482,0.5112,0.0415,0.5833,0.7199,0.5674,0.2157
cursive-name-long,Name and word tracing,role_aware_75,measured,2.1815,3.0828,13.2,0.3319,25.7,0.1076,0.1858,0.914,0.9176,0.3297,0.3376,0.8852,0.8576,0.123,0.9071,0.291,0.292,0.6483,0.7903,0.4355,0.0306,0.3297,0.3297,0.948,0.9384,0.6256,0.7645,0.4494,0.0198,0.5872,0.7365,0.5462,0.2124
cursive-name-long,Name and word tracing,role_aware_75_all_content,measured,2.1815,3.0828,13.2,0.3319,25.7,0.1076,0.1858,0.914,0.9176,0.3297,0.3376,0.8852,0.8576,0.123,0.9071,0.291,0.292,0.6483,0.7903,0.4355,0.0306,0.3297,0.3297,0.948,0.9384,0.6256,0.7645,0.4494,0.0198,0.5872,0.7365,0.5462,0.2124
de-namen-schreiben,Name and word tracing,role_aware_75,measured,2.4532,3.4531,10.88,0.2996,21.96,0.1076,0.1659,0.928,0.9288,0.3297,0.3451,0.8623,0.8369,0.1115,0.9071,0.3334,0.3346,0.6483,0.7709,0.4518,0.0203,0.3297,0.3297,0.96,0.9525,0.639,0.7712,0.4077,0.0104,0.5959,0.8944,0.3425,0.1279
de-namen-schreiben,Name and word tracing,role_aware_75_all_content,measured,2.4532,3.4531,10.88,0.2996,21.96,0.1076,0.1659,0.928,0.9288,0.3297,0.3451,0.8623,0.8369,0.1115,0.9071,0.3334,0.3346,0.6483,0.7709,0.4518,0.0203,0.3297,0.3297,0.96,0.9525,0.639,0.7712,0.4077,0.0104,0.5959,0.8944,0.3425,0.1279
es-nombre,Name and word tracing,role_aware_75,measured,1.8573,2.6447,12.82,0.273,25.29,0.1076,0.1779,0.9135,0.9164,0.3297,0.3412,0.8774,0.8588,0.1115,0.9071,0.3597,0.357,0.6368,0.7555,0.4941,0.0619,0.3297,0.3297,0.9603,0.9554,0.611,0.7558,0.5003,0.0393,0.5836,0.7258,0.566,0.2325
es-nombre,Name and word tracing,role_aware_75_all_content,measured,1.8573,2.6447,12.82,0.273,25.29,0.1076,0.1779,0.9135,0.9164,0.3297,0.3412,0.8774,0.8588,0.1115,0.9071,0.3597,0.357,0.6368,0.7555,0.4941,0.0619,0.3297,0.3297,0.9603,0.9554,0.611,0.7558,0.5003,0.0393,0.5836,0.7258,0.566,0.2325
letter-tracing-ruled,Letter practice list,role_aware_75,measured,0.3528,0.4982,12.18,0.0489,15.65,0.1076,0.1816,0.9345,0.9306,0.3297,0.353,0.8461,0.8218,,,,,,,,,0.4311,0.6765,0.6765,0.5166,0.8304,0.8379,0.0037,0.0,0.6849,0.837,0.0556,0.0087
letter-tracing-ruled,Letter practice list,role_aware_75_all_content,measured,0.3528,0.4982,12.18,0.0489,15.65,0.1076,0.1816,0.9345,0.9306,0.3297,0.353,0.8461,0.8218,,,,,,,,,0.4311,0.6765,0.6765,0.5166,0.8304,0.8379,0.0037,0.0,0.6849,0.837,0.0556,0.0087
graffiti-letters,Outline alphabet,role_aware_75,measured,1.4146,2.2248,1.34,0.0192,2.21,0.1076,0.1701,0.9224,0.9272,0.3297,0.4698,0.8245,0.7881,,,,,,,,,,,,,,,,,0.1269,0.6489,0.7105,0.5629
graffiti-letters,Outline alphabet,role_aware_75_all_content,measured,1.2246,1.7664,14.59,0.2091,22.36,0.1076,0.1701,0.9224,0.9272,0.3297,0.4698,0.8245,0.7881,,,,,,,,,,,,,,,,,0.3415,0.6682,0.6602,0.4858
bubble-name,Name and word tracing,role_aware_75,measured,1.1065,1.6397,12.6,0.1595,24.29,0.1076,0.1776,0.9249,0.928,0.3297,0.3376,0.8769,0.8484,0.1348,0.9071,0.2834,0.2837,,,,,0.3297,0.3297,0.8465,0.7788,0.6306,0.7337,0.5478,0.0113,0.6309,0.6939,0.5391,0.0872
bubble-name,Name and word tracing,role_aware_75_all_content,measured,1.1065,1.6397,12.6,0.1595,24.29,0.1076,0.1776,0.9249,0.928,0.3297,0.3376,0.8769,0.8484,0.1348,0.9071,0.2834,0.2837,,,,,0.3297,0.3297,0.8465,0.7788,0.6306,0.7337,0.5478,0.0113,0.6309,0.6939,0.5391,0.0872
banner,Display lettering,role_aware_75,measured,3.0133,5.4096,0.0,0.0,0.0,0.1076,0.1819,0.9118,0.9161,0.1076,0.5195,0.8477,0.7773,,,,,,,,,,,,,,,,,0.1076,0.1076,0.9237,0.8915
banner,Display lettering,role_aware_75_all_content,measured,2.3555,3.2996,21.83,0.6579,39.01,0.1076,0.1819,0.9118,0.9161,0.3297,0.6382,0.7198,0.556,,,,,,,,,,,,,,,,,0.3297,0.3297,0.8996,0.8529
graffiti-name,Name and word tracing,role_aware_75,measured,1.6324,2.3592,15.56,0.3009,29.69,0.1076,0.1737,0.9274,0.9271,0.3297,0.3376,0.8618,0.8358,0.1348,0.9071,0.2834,0.2837,,,,,0.3297,0.3297,0.8997,0.8602,0.6225,0.7443,0.5272,0.0179,0.6309,0.7006,0.5367,0.081
graffiti-name,Name and word tracing,role_aware_75_all_content,measured,1.6324,2.3592,15.56,0.3009,29.69,0.1076,0.1737,0.9274,0.9271,0.3297,0.3376,0.8618,0.8358,0.1348,0.9071,0.2834,0.2837,,,,,0.3297,0.3297,0.8997,0.8602,0.6225,0.7443,0.5272,0.0179,0.6309,0.7006,0.5367,0.081
scramble,Word scramble,role_aware_75,measured,1.1483,1.8201,0.0,0.0,0.0,0.1076,0.1816,0.911,0.9165,0.1076,0.2286,0.9187,0.9203,0.1387,0.636,0.7458,0.614,,,,,,,,,,,,,0.1155,0.6438,0.7788,0.6095
scramble,Word scramble,role_aware_75_all_content,measured,1.0407,1.5216,9.37,0.1076,16.4,0.1076,0.1816,0.911,0.9165,0.3297,0.4157,0.8621,0.8248,0.1387,0.636,0.7458,0.614,,,,,,,,,,,,,0.3337,0.6438,0.7601,0.5815
