case,treatment,printed_sheets,marked_area,weighted_darkness,black_proxy,c_proxy,m_proxy,y_proxy,color_proxy,total_tonal_coverage,cmy_composite_proxy
alphabet-coloring,high_contrast,3,0.034323,0.014248,0.01265,0.005238,0.004675,0.0,0.009914,0.022564,0.041632
alphabet-coloring,lighter_fills_55,3,0.034176,0.012947,0.011455,0.004356,0.003793,0.0,0.008149,0.019605,0.037818
alphabet-coloring,without_credit_web_address,3,0.032373,0.013787,0.012253,0.005115,0.004587,0.0,0.009703,0.021956,0.040289
alphabet-coloring,without_writing_guides,3,0.034323,0.014248,0.01265,0.005238,0.004675,0.0,0.009914,0.022564,0.041632
alphabet-coloring,without_heading,3,0.032556,0.013266,0.011748,0.004894,0.004331,0.0,0.009225,0.020973,0.038753
alphabet-coloring,without_example_row,3,0.034323,0.014248,0.01265,0.005238,0.004675,0.0,0.009914,0.022564,0.041632
alphabet-coloring,without_name_date_line,3,0.034323,0.014248,0.01265,0.005238,0.004675,0.0,0.009914,0.022564,0.041632
alphabet-coloring,without_credit_qr,3,0.029701,0.011355,0.009993,0.004121,0.003558,0.0,0.007678,0.017672,0.033152
alphabet-coloring,without_trace_rows,3,0.034323,0.014248,0.01265,0.005238,0.004675,0.0,0.009914,0.022564,0.041632
alphabet-coloring,broad_fade_72,3,0.033928,0.011433,0.010081,0.003045,0.002482,0.0,0.005528,0.015609,0.033393
alphabet-coloring,page_wide_fade_60,3,0.032937,0.008604,0.007636,0.001781,0.001483,0.0,0.003264,0.010899,0.025135
alphabet-coloring,page_wide_fade_75,3,0.033592,0.010708,0.009522,0.002568,0.002152,0.0,0.00472,0.014242,0.031308
alphabet-coloring,credit_qr_removed,3,0.029701,0.011355,0.009993,0.004121,0.003558,0.0,0.007678,0.017672,0.033152
alphabet-coloring,role_aware_75,3,0.0343,0.014009,0.012431,0.005037,0.004474,0.0,0.00951,0.021941,0.040931
alphabet-coloring,role_aware_75_all_content,3,0.034018,0.012182,0.010753,0.003667,0.003104,0.0,0.006771,0.017524,0.035575
alphabet-coloring,standard,3,0.034323,0.014248,0.01265,0.005238,0.004675,0.0,0.009914,0.022564,0.041632
alphabet-coloring,lighter_dark_marks_60,3,0.033597,0.009747,0.008514,0.002411,0.001847,0.0,0.004258,0.012772,0.028436
alphabet-coloring,lighter_color_75_all,3,0.033587,0.010704,0.009498,0.00257,0.002183,0.0,0.004753,0.014251,0.031269
alphabet-coloring,lighter_dark_marks_75,3,0.033951,0.011462,0.010092,0.002986,0.002423,0.0,0.005409,0.015501,0.033465
alphabet-coloring,lighter_dark_marks_75_keep_qr,3,0.034018,0.012182,0.010753,0.003667,0.003104,0.0,0.006771,0.017524,0.035575
banner,high_contrast,3,0.043449,0.030133,0.02755,0.013363,0.013182,0.0,0.026546,0.054096,0.088291
banner,display_letters_55,3,0.043377,0.021876,0.019967,0.006196,0.006015,0.0,0.012211,0.032178,0.064088
banner,lighter_fills_55,3,0.043311,0.028828,0.026351,0.012473,0.012292,0.0,0.024765,0.051116,0.084464
banner,without_credit_web_address,3,0.041972,0.029773,0.027239,0.013267,0.013114,0.0,0.026381,0.05362,0.087239
banner,without_writing_guides,3,0.043449,0.030133,0.02755,0.013363,0.013182,0.0,0.026546,0.054096,0.088291
banner,without_heading,3,0.040033,0.028555,0.026137,0.012781,0.012669,0.0,0.02545,0.051587,0.08367
banner,without_example_row,3,0.043449,0.030133,0.02755,0.013363,0.013182,0.0,0.026546,0.054096,0.088291
banner,without_name_date_line,3,0.043449,0.030133,0.02755,0.013363,0.013182,0.0,0.026546,0.054096,0.088291
banner,without_credit_qr,3,0.038856,0.027231,0.024884,0.012237,0.012056,0.0,0.024293,0.049177,0.079783
banner,without_trace_rows,3,0.043449,0.030133,0.02755,0.013363,0.013182,0.0,0.026546,0.054096,0.088291
banner,broad_fade_72,3,0.04315,0.022498,0.020591,0.004935,0.004754,0.0,0.009689,0.030281,0.065955
banner,solid_to_outline,3,0.026577,0.014275,0.012984,0.00544,0.005259,0.0,0.0107,0.023684,0.041807
banner,page_wide_fade_60,3,0.042575,0.018165,0.016614,0.003154,0.00306,0.0,0.006214,0.022828,0.053228
banner,page_wide_fade_75,3,0.042954,0.022636,0.0207,0.005037,0.004912,0.0,0.009949,0.030648,0.066327
banner,credit_qr_removed,3,0.038856,0.027231,0.024884,0.012237,0.012056,0.0,0.024293,0.049177,0.079783
banner,role_aware_75,3,0.043449,0.030133,0.02755,0.013363,0.013182,0.0,0.026546,0.054096,0.088291
banner,role_aware_75_all_content,3,0.043166,0.023555,0.021521,0.005816,0.005659,0.0,0.011475,0.032996,0.069013
banner,standard,3,0.043449,0.030133,0.02755,0.013363,0.013182,0.0,0.026546,0.054096,0.088291
banner,lighter_dark_marks_60,3,0.042841,0.018349,0.016736,0.003276,0.003127,0.0,0.006403,0.023139,0.053748
banner,lighter_color_75_all,3,0.04296,0.022637,0.020699,0.005039,0.004914,0.0,0.009952,0.030652,0.066329
banner,lighter_dark_marks_75,3,0.043106,0.022832,0.020858,0.005128,0.00497,0.0,0.010099,0.030956,0.066896
banner,lighter_dark_marks_75_keep_qr,3,0.043166,0.023555,0.021521,0.005816,0.005659,0.0,0.011475,0.032996,0.069013
block-letters-name,high_contrast,1,0.059522,0.034948,0.03245,0.012093,0.011685,0.0,0.023778,0.056227,0.102913
block-letters-name,display_letters_55,1,0.057137,0.020801,0.01843,0.005608,0.004886,0.0,0.010494,0.028924,0.060708
block-letters-name,lighter_fills_55,1,0.057219,0.028408,0.025417,0.012334,0.011613,0.0,0.023947,0.049363,0.083005
block-letters-name,without_credit_web_address,1,0.056051,0.029328,0.026279,0.013093,0.012396,0.0,0.025488,0.051768,0.085707
block-letters-name,without_writing_guides,1,0.057386,0.029652,0.026559,0.013179,0.012457,0.0,0.025636,0.052195,0.086652
block-letters-name,without_heading,1,0.055167,0.028193,0.025218,0.01258,0.011859,0.0,0.024439,0.049658,0.082375
block-letters-name,without_example_row,1,0.032178,0.009679,0.008263,0.003753,0.003089,0.0,0.006842,0.015105,0.028124
block-letters-name,without_name_date_line,1,0.055031,0.029171,0.026152,0.012976,0.012286,0.0,0.025262,0.051414,0.085254
block-letters-name,without_credit_qr,1,0.052976,0.026886,0.024019,0.012109,0.011388,0.0,0.023497,0.047516,0.078545
block-letters-name,without_trace_rows,1,0.038666,0.025589,0.023304,0.011665,0.011435,0.0,0.023101,0.046405,0.074938
block-letters-name,broad_fade_72,1,0.056305,0.022615,0.020218,0.005794,0.0052,0.0,0.010994,0.031213,0.066083
block-letters-name,page_wide_fade_60,1,0.054135,0.017861,0.016012,0.003585,0.003196,0.0,0.006781,0.022793,0.052205
block-letters-name,page_wide_fade_75,1,0.055367,0.022268,0.019946,0.005479,0.004978,0.0,0.010456,0.030402,0.065072
block-letters-name,early_role_rule_60,1,0.05693,0.019911,0.017606,0.00455,0.003829,0.0,0.008379,0.025985,0.058094
block-letters-name,early_role_rule_75,1,0.057058,0.023619,0.02102,0.006111,0.00539,0.0,0.011501,0.032521,0.06897
block-letters-name,credit_qr_removed,1,0.052976,0.026886,0.024019,0.012109,0.011388,0.0,0.023497,0.047516,0.078545
block-letters-name,role_aware_75,1,0.057158,0.024395,0.021733,0.006838,0.006117,0.0,0.012955,0.034688,0.071245
block-letters-name,role_aware_75_all_content,1,0.057158,0.024395,0.021733,0.006838,0.006117,0.0,0.012955,0.034688,0.071245
block-letters-name,standard,1,0.057386,0.029652,0.026559,0.013179,0.012457,0.0,0.025636,0.052195,0.086652
block-letters-name,lighter_dark_marks_60,1,0.05693,0.019911,0.017606,0.00455,0.003829,0.0,0.008379,0.025985,0.058094
block-letters-name,lighter_color_75_all,1,0.055362,0.022263,0.019944,0.005482,0.004971,0.0,0.010453,0.030397,0.065064
block-letters-name,lighter_dark_marks_75,1,0.057058,0.023619,0.02102,0.006111,0.00539,0.0,0.011501,0.032521,0.06897
block-letters-name,lighter_dark_marks_75_keep_qr,1,0.057148,0.024308,0.021652,0.006763,0.006042,0.0,0.012806,0.034458,0.070988
block-letters,high_contrast,3,0.029535,0.017931,0.016463,0.006828,0.006819,0.0,0.013647,0.03011,0.052557
block-letters,lighter_fills_55,3,0.029486,0.017497,0.016064,0.00653,0.006521,0.0,0.01305,0.029115,0.051284
block-letters,without_credit_web_address,3,0.029062,0.017814,0.016362,0.006797,0.006797,0.0,0.013593,0.029956,0.052217
block-letters,without_writing_guides,3,0.029535,0.017931,0.016463,0.006828,0.006819,0.0,0.013647,0.03011,0.052557
block-letters,without_heading,3,0.028885,0.017502,0.016069,0.006653,0.006644,0.0,0.013297,0.029366,0.0513
block-letters,without_example_row,3,0.029535,0.017931,0.016463,0.006828,0.006819,0.0,0.013647,0.03011,0.052557
block-letters,without_name_date_line,3,0.029535,0.017931,0.016463,0.006828,0.006819,0.0,0.013647,0.03011,0.052557
block-letters,without_credit_qr,3,0.028004,0.016966,0.015576,0.006451,0.006442,0.0,0.012893,0.02847,0.049727
block-letters,without_trace_rows,3,0.029535,0.017931,0.016463,0.006828,0.006819,0.0,0.013647,0.03011,0.052557
block-letters,broad_fade_72,3,0.028967,0.013151,0.012103,0.002546,0.002537,0.0,0.005083,0.017186,0.038571
block-letters,page_wide_fade_60,3,0.028673,0.010809,0.009929,0.001705,0.0017,0.0,0.003405,0.013334,0.031686
block-letters,page_wide_fade_75,3,0.02901,0.013469,0.012367,0.002696,0.00269,0.0,0.005386,0.017754,0.03948
block-letters,credit_qr_removed,3,0.028004,0.016966,0.015576,0.006451,0.006442,0.0,0.012893,0.02847,0.049727
block-letters,role_aware_75,3,0.029526,0.017826,0.016366,0.00672,0.006711,0.0,0.013431,0.029797,0.052248
block-letters,role_aware_75_all_content,3,0.029039,0.013739,0.012613,0.002938,0.002929,0.0,0.005866,0.01848,0.040271
block-letters,standard,3,0.029535,0.017931,0.016463,0.006828,0.006819,0.0,0.013647,0.03011,0.052557
block-letters,lighter_dark_marks_60,3,0.028673,0.010776,0.009887,0.001713,0.001704,0.0,0.003416,0.013304,0.031582
block-letters,lighter_color_75_all,3,0.029011,0.01347,0.012368,0.002698,0.002691,0.0,0.005389,0.017756,0.039481
block-letters,lighter_dark_marks_75,3,0.029024,0.013499,0.012393,0.002707,0.002698,0.0,0.005406,0.017799,0.039567
block-letters,lighter_dark_marks_75_keep_qr,3,0.029039,0.013739,0.012613,0.002938,0.002929,0.0,0.005866,0.01848,0.040271
bubble-letters,high_contrast,3,0.035061,0.014998,0.013345,0.005577,0.005021,0.0,0.010598,0.023943,0.043832
bubble-letters,lighter_fills_55,3,0.034947,0.013642,0.012099,0.004642,0.004086,0.0,0.008728,0.020828,0.039857
bubble-letters,without_credit_web_address,3,0.03349,0.014631,0.013028,0.005479,0.004951,0.0,0.01043,0.023458,0.042763
bubble-letters,without_writing_guides,3,0.035061,0.014998,0.013345,0.005577,0.005021,0.0,0.010598,0.023943,0.043832
bubble-letters,without_heading,3,0.033612,0.014197,0.012609,0.005294,0.004738,0.0,0.010033,0.022642,0.041484
bubble-letters,without_example_row,3,0.035061,0.014998,0.013345,0.005577,0.005021,0.0,0.010598,0.023943,0.043832
bubble-letters,without_name_date_line,3,0.035061,0.014998,0.013345,0.005577,0.005021,0.0,0.010598,0.023943,0.043832
bubble-letters,without_credit_qr,3,0.030345,0.011983,0.010575,0.004396,0.00384,0.0,0.008236,0.018811,0.034993
bubble-letters,without_trace_rows,3,0.035061,0.014998,0.013345,0.005577,0.005021,0.0,0.010598,0.023943,0.043832
bubble-letters,broad_fade_72,3,0.03469,0.0119,0.010518,0.003103,0.002547,0.0,0.005649,0.016167,0.034767
bubble-letters,page_wide_fade_60,3,0.033648,0.009056,0.008054,0.001852,0.001558,0.0,0.003411,0.011464,0.02646
bubble-letters,page_wide_fade_75,3,0.034343,0.011271,0.010042,0.002689,0.002277,0.0,0.004966,0.015008,0.032961
bubble-letters,credit_qr_removed,3,0.030345,0.011983,0.010575,0.004396,0.00384,0.0,0.008236,0.018811,0.034993
bubble-letters,role_aware_75,3,0.035039,0.014803,0.013166,0.005411,0.004855,0.0,0.010266,0.023432,0.043261
bubble-letters,role_aware_75_all_content,3,0.034745,0.012751,0.011282,0.003819,0.003263,0.0,0.007082,0.018364,0.037247
bubble-letters,standard,3,0.035061,0.014998,0.013345,0.005577,0.005021,0.0,0.010598,0.023943,0.043832
bubble-letters,lighter_dark_marks_60,3,0.034337,0.010157,0.008895,0.00247,0.001913,0.0,0.004383,0.013278,0.029639
bubble-letters,lighter_color_75_all,3,0.034334,0.011267,0.010019,0.002688,0.002306,0.0,0.004994,0.015014,0.03292
bubble-letters,lighter_dark_marks_75,3,0.034702,0.012001,0.010593,0.003097,0.00254,0.0,0.005637,0.01623,0.035048
bubble-letters,lighter_dark_marks_75_keep_qr,3,0.034745,0.012751,0.011282,0.003819,0.003263,0.0,0.007082,0.018364,0.037247
bubble-name-solid,high_contrast,1,0.030665,0.012946,0.009096,0.002748,0.006749,0.002165,0.011662,0.020758,0.035295
bubble-name-solid,display_letters_55,1,0.030021,0.00986,0.007149,0.003077,0.004932,0.001142,0.009152,0.016301,0.027239
bubble-name-solid,lighter_fills_55,1,0.029934,0.010162,0.006239,0.002229,0.006139,0.002165,0.010533,0.016773,0.026919
bubble-name-solid,without_credit_web_address,1,0.028664,0.011059,0.007082,0.002976,0.006911,0.002165,0.012052,0.019134,0.029555
bubble-name-solid,without_writing_guides,1,0.030021,0.011392,0.007369,0.003065,0.006974,0.002165,0.012204,0.019573,0.030526
bubble-name-solid,without_heading,1,0.028545,0.010429,0.006485,0.002673,0.006582,0.002165,0.011419,0.017904,0.027704
bubble-name-solid,without_example_row,1,0.021057,0.006908,0.005955,0.002768,0.002325,0.0,0.005092,0.011047,0.02011
bubble-name-solid,without_name_date_line,1,0.027666,0.010911,0.006962,0.002861,0.006803,0.002165,0.011829,0.018791,0.029128
bubble-name-solid,without_credit_qr,1,0.025709,0.008657,0.004857,0.002007,0.005917,0.002165,0.010089,0.014946,0.022507
bubble-name-solid,without_trace_rows,1,0.021603,0.009581,0.005946,0.002321,0.006499,0.002165,0.010985,0.016931,0.025306
bubble-name-solid,broad_fade_72,1,0.029776,0.009241,0.006145,0.002197,0.00481,0.001521,0.008528,0.014673,0.024966
bubble-name-solid,solid_to_outline,1,0.024099,0.007609,0.00623,0.002909,0.002904,0.000251,0.006064,0.012294,0.021825
bubble-name-solid,page_wide_fade_60,1,0.028,0.006853,0.004456,0.001146,0.003375,0.001229,0.005749,0.010205,0.018373
bubble-name-solid,page_wide_fade_75,1,0.028728,0.008544,0.005524,0.001622,0.004455,0.001598,0.007674,0.013198,0.022907
bubble-name-solid,credit_qr_removed,1,0.025709,0.008657,0.004857,0.002007,0.005917,0.002165,0.010089,0.014946,0.022507
bubble-name-solid,role_aware_75,1,0.029978,0.010102,0.006848,0.002737,0.005422,0.001572,0.009731,0.016579,0.027417
bubble-name-solid,role_aware_75_all_content,1,0.029978,0.010102,0.006848,0.002737,0.005422,0.001572,0.009731,0.016579,0.027417
bubble-name-solid,standard,1,0.030021,0.011392,0.007369,0.003065,0.006974,0.002165,0.012204,0.019573,0.030526
bubble-name-solid,lighter_dark_marks_60,1,0.029843,0.00809,0.005387,0.001764,0.003781,0.001249,0.006794,0.012181,0.021918
bubble-name-solid,lighter_color_75_all,1,0.028748,0.008538,0.005522,0.001627,0.00445,0.001572,0.007649,0.013171,0.022876
bubble-name-solid,lighter_dark_marks_75,1,0.029918,0.009333,0.006143,0.002017,0.004702,0.001572,0.008292,0.014434,0.025164
bubble-name-solid,lighter_dark_marks_75_keep_qr,1,0.029968,0.010014,0.006767,0.002662,0.005347,0.001572,0.009581,0.016349,0.02716
bubble-name,high_contrast,1,0.029784,0.014214,0.012916,0.005168,0.004759,0.0,0.009927,0.022844,0.041725
bubble-name,display_letters_55,1,0.029105,0.010205,0.008934,0.003384,0.002885,0.0,0.006269,0.015203,0.029758
bubble-name,lighter_fills_55,1,0.029053,0.01143,0.01006,0.004649,0.00415,0.0,0.008799,0.018859,0.033348
bubble-name,without_credit_web_address,1,0.027783,0.012327,0.010902,0.005396,0.004922,0.0,0.010318,0.02122,0.035984
bubble-name,without_writing_guides,1,0.02914,0.01266,0.011189,0.005484,0.004985,0.0,0.01047,0.021659,0.036955
bubble-name,without_heading,1,0.027664,0.011698,0.010305,0.005092,0.004593,0.0,0.009685,0.01999,0.034133
bubble-name,without_example_row,1,0.021057,0.006908,0.005955,0.002768,0.002325,0.0,0.005092,0.011047,0.02011
bubble-name,without_name_date_line,1,0.026785,0.012179,0.010783,0.005281,0.004814,0.0,0.010095,0.020878,0.035557
bubble-name,without_credit_qr,1,0.024829,0.009925,0.008677,0.004427,0.003928,0.0,0.008355,0.017032,0.028936
bubble-name,without_trace_rows,1,0.020723,0.010849,0.009766,0.004741,0.00451,0.0,0.009251,0.019017,0.031735
bubble-name,broad_fade_72,1,0.028895,0.010154,0.008919,0.002952,0.002488,0.0,0.00544,0.014359,0.029623
bubble-name,page_wide_fade_60,1,0.027121,0.007621,0.006746,0.001662,0.001389,0.0,0.00305,0.009797,0.022253
bubble-name,page_wide_fade_75,1,0.027845,0.009505,0.0084,0.002471,0.00212,0.0,0.004591,0.012992,0.027745
bubble-name,early_role_rule_60,1,0.028965,0.008842,0.00768,0.002276,0.001777,0.0,0.004053,0.011733,0.025761
bubble-name,early_role_rule_75,1,0.029034,0.010296,0.009019,0.002866,0.002367,0.0,0.005233,0.014253,0.030026
bubble-name,credit_qr_removed,1,0.024829,0.009925,0.008677,0.004427,0.003928,0.0,0.008355,0.017032,0.028936
bubble-name,role_aware_75,1,0.029095,0.011065,0.009724,0.003586,0.003086,0.0,0.006672,0.016397,0.032279
bubble-name,role_aware_75_all_content,1,0.029095,0.011065,0.009724,0.003586,0.003086,0.0,0.006672,0.016397,0.032279
bubble-name,standard,1,0.02914,0.01266,0.011189,0.005484,0.004985,0.0,0.01047,0.021659,0.036955
bubble-name,lighter_dark_marks_60,1,0.028965,0.008842,0.00768,0.002276,0.001777,0.0,0.004053,0.011733,0.025761
bubble-name,lighter_color_75_all,1,0.027865,0.009501,0.008398,0.002476,0.002115,0.0,0.004591,0.012989,0.027738
bubble-name,lighter_dark_marks_75,1,0.029034,0.010296,0.009019,0.002866,0.002367,0.0,0.005233,0.014253,0.030026
bubble-name,lighter_dark_marks_75_keep_qr,1,0.029085,0.010977,0.009644,0.003511,0.003012,0.0,0.006523,0.016167,0.032022
calligraphy-alphabet,high_contrast,2,0.02752,0.007926,0.006829,0.003257,0.002725,0.0,0.005982,0.012811,0.023096
calligraphy-alphabet,lighter_fills_55,2,0.027443,0.007288,0.006243,0.002822,0.00229,0.0,0.005112,0.011355,0.021225
calligraphy-alphabet,without_credit_web_address,2,0.026603,0.00771,0.006643,0.003199,0.002683,0.0,0.005883,0.012526,0.022466
calligraphy-alphabet,without_writing_guides,2,0.02752,0.007926,0.006829,0.003257,0.002725,0.0,0.005982,0.012811,0.023096
calligraphy-alphabet,without_heading,2,0.025909,0.006871,0.00586,0.002832,0.0023,0.0,0.005132,0.010992,0.020005
calligraphy-alphabet,without_example_row,2,0.022949,0.005216,0.00434,0.002247,0.001715,0.0,0.003962,0.008302,0.015153
calligraphy-alphabet,without_name_date_line,2,0.02752,0.007926,0.006829,0.003257,0.002725,0.0,0.005982,0.012811,0.023096
calligraphy-alphabet,without_credit_qr,2,0.025272,0.006507,0.005526,0.002707,0.002174,0.0,0.004881,0.010407,0.018937
calligraphy-alphabet,without_trace_rows,2,0.023433,0.007404,0.006467,0.002962,0.002564,0.0,0.005525,0.011993,0.0216
calligraphy-alphabet,broad_fade_72,2,0.027501,0.007536,0.006474,0.002899,0.002367,0.0,0.005266,0.011739,0.021956
calligraphy-alphabet,page_wide_fade_60,2,0.025294,0.004792,0.004125,0.001214,0.000915,0.0,0.002129,0.006254,0.01396
calligraphy-alphabet,page_wide_fade_75,2,0.026389,0.005959,0.005146,0.001686,0.001294,0.0,0.00298,0.008126,0.017377
calligraphy-alphabet,early_role_rule_60,2,0.027279,0.00586,0.00493,0.001764,0.001232,0.0,0.002996,0.007926,0.01704
calligraphy-alphabet,early_role_rule_75,2,0.027402,0.006652,0.00566,0.002054,0.001522,0.0,0.003576,0.009236,0.019364
calligraphy-alphabet,credit_qr_removed,2,0.025272,0.006507,0.005526,0.002707,0.002174,0.0,0.004881,0.010407,0.018937
calligraphy-alphabet,role_aware_75,2,0.027421,0.007006,0.005984,0.002391,0.001858,0.0,0.004249,0.010233,0.020399
calligraphy-alphabet,role_aware_75_all_content,2,0.027421,0.007006,0.005984,0.002391,0.001858,0.0,0.004249,0.010233,0.020399
calligraphy-alphabet,standard,2,0.02752,0.007926,0.006829,0.003257,0.002725,0.0,0.005982,0.012811,0.023096
calligraphy-alphabet,lighter_dark_marks_60,2,0.027279,0.00586,0.00493,0.001764,0.001232,0.0,0.002996,0.007926,0.01704
calligraphy-alphabet,lighter_color_75_all,2,0.026366,0.00596,0.005134,0.001699,0.001312,0.0,0.003011,0.008145,0.017368
calligraphy-alphabet,lighter_dark_marks_75,2,0.027402,0.006652,0.00566,0.002054,0.001522,0.0,0.003576,0.009236,0.019364
calligraphy-alphabet,lighter_dark_marks_75_keep_qr,2,0.027421,0.007006,0.005984,0.002391,0.001858,0.0,0.004249,0.010233,0.020399
calligraphy-name,high_contrast,1,0.033296,0.015289,0.014047,0.004711,0.0043,0.0,0.009011,0.023058,0.044999
calligraphy-name,lighter_fills_55,1,0.032032,0.01136,0.009923,0.004399,0.003833,0.0,0.008232,0.018155,0.03311
calligraphy-name,without_credit_web_address,1,0.030649,0.01225,0.010761,0.005156,0.004618,0.0,0.009774,0.020535,0.035725
calligraphy-name,without_writing_guides,1,0.032147,0.012618,0.011078,0.005254,0.004688,0.0,0.009941,0.02102,0.036797
calligraphy-name,without_heading,1,0.029949,0.011206,0.009781,0.004683,0.004117,0.0,0.008801,0.018582,0.032658
calligraphy-name,without_example_row,1,0.025168,0.008115,0.00699,0.003206,0.002697,0.0,0.005904,0.012894,0.023613
calligraphy-name,without_name_date_line,1,0.029792,0.012137,0.010671,0.005051,0.004516,0.0,0.009567,0.020239,0.0354
calligraphy-name,without_credit_qr,1,0.027716,0.009821,0.008509,0.004172,0.003606,0.0,0.007777,0.016287,0.028599
calligraphy-name,without_trace_rows,1,0.020601,0.010146,0.009118,0.004284,0.00405,0.0,0.008334,0.017452,0.029673
calligraphy-name,broad_fade_72,1,0.031757,0.010259,0.008959,0.003097,0.002591,0.0,0.005689,0.014648,0.029902
calligraphy-name,page_wide_fade_60,1,0.029808,0.007595,0.006679,0.001701,0.001393,0.0,0.003094,0.009773,0.022158
calligraphy-name,page_wide_fade_75,1,0.030727,0.009473,0.008316,0.002485,0.00209,0.0,0.004575,0.012892,0.027624
calligraphy-name,early_role_rule_60,1,0.031903,0.009098,0.007843,0.002427,0.001861,0.0,0.004288,0.012132,0.026478
calligraphy-name,early_role_rule_75,1,0.03201,0.01044,0.009079,0.002955,0.002389,0.0,0.005343,0.014422,0.030413
calligraphy-name,credit_qr_removed,1,0.027716,0.009821,0.008509,0.004172,0.003606,0.0,0.007777,0.016287,0.028599
calligraphy-name,role_aware_75,1,0.032084,0.011223,0.009798,0.00369,0.003124,0.0,0.006814,0.016612,0.032709
calligraphy-name,role_aware_75_all_content,1,0.032084,0.011223,0.009798,0.00369,0.003124,0.0,0.006814,0.016612,0.032709
calligraphy-name,standard,1,0.032147,0.012618,0.011078,0.005254,0.004688,0.0,0.009941,0.02102,0.036797
calligraphy-name,lighter_dark_marks_60,1,0.031903,0.009098,0.007843,0.002427,0.001861,0.0,0.004288,0.012132,0.026478
calligraphy-name,lighter_color_75_all,1,0.030737,0.009471,0.008316,0.002491,0.002084,0.0,0.004576,0.012892,0.027624
calligraphy-name,lighter_dark_marks_75,1,0.03201,0.01044,0.009079,0.002955,0.002389,0.0,0.005343,0.014422,0.030413
calligraphy-name,lighter_dark_marks_75_keep_qr,1,0.032074,0.011136,0.009717,0.003615,0.003049,0.0,0.006664,0.016382,0.032453
coloring-page-stripes-stars,high_contrast,1,0.03654,0.015081,0.013416,0.005907,0.005382,0.0,0.011289,0.024705,0.044052
coloring-page-stripes-stars,lighter_fills_55,1,0.03639,0.013814,0.012253,0.005041,0.004516,0.0,0.009557,0.02181,0.040338
coloring-page-stripes-stars,without_credit_web_address,1,0.034744,0.014659,0.013052,0.005794,0.005301,0.0,0.011096,0.024148,0.042822
coloring-page-stripes-stars,without_writing_guides,1,0.029939,0.01364,0.012321,0.0055,0.005333,0.0,0.010833,0.023153,0.039886
coloring-page-stripes-stars,without_heading,1,0.03654,0.015081,0.013416,0.005907,0.005382,0.0,0.011289,0.024705,0.044052
coloring-page-stripes-stars,without_example_row,1,0.03654,0.015081,0.013416,0.005907,0.005382,0.0,0.011289,0.024705,0.044052
coloring-page-stripes-stars,without_name_date_line,1,0.03654,0.015081,0.013416,0.005907,0.005382,0.0,0.011289,0.024705,0.044052
coloring-page-stripes-stars,without_credit_qr,1,0.032074,0.012265,0.010829,0.004812,0.004287,0.0,0.009099,0.019928,0.035796
coloring-page-stripes-stars,without_trace_rows,1,0.03654,0.015081,0.013416,0.005907,0.005382,0.0,0.011289,0.024705,0.044052
coloring-page-stripes-stars,broad_fade_72,1,0.036145,0.011079,0.009873,0.002531,0.002206,0.0,0.004737,0.01461,0.032362
coloring-page-stripes-stars,page_wide_fade_60,1,0.035729,0.009135,0.008135,0.001843,0.001587,0.0,0.00343,0.011565,0.026678
coloring-page-stripes-stars,page_wide_fade_75,1,0.036108,0.011345,0.010094,0.002737,0.002372,0.0,0.005109,0.015203,0.033141
coloring-page-stripes-stars,credit_qr_removed,1,0.032074,0.012265,0.010829,0.004812,0.004287,0.0,0.009099,0.019928,0.035796
coloring-page-stripes-stars,role_aware_75,1,0.03654,0.015081,0.013416,0.005907,0.005382,0.0,0.011289,0.024705,0.044052
coloring-page-stripes-stars,role_aware_75_all_content,1,0.036331,0.013005,0.01151,0.003844,0.003326,0.0,0.00717,0.01868,0.037966
coloring-page-stripes-stars,standard,1,0.03654,0.015081,0.013416,0.005907,0.005382,0.0,0.011289,0.024705,0.044052
coloring-page-stripes-stars,lighter_dark_marks_60,1,0.036056,0.010599,0.009295,0.002529,0.002014,0.0,0.004543,0.013838,0.030909
coloring-page-stripes-stars,lighter_color_75_all,1,0.036098,0.01133,0.010089,0.002723,0.002359,0.0,0.005081,0.015171,0.033102
coloring-page-stripes-stars,lighter_dark_marks_75,1,0.03626,0.012304,0.010867,0.003175,0.002657,0.0,0.005832,0.016699,0.035911
coloring-page-stripes-stars,lighter_dark_marks_75_keep_qr,1,0.036331,0.013005,0.01151,0.003844,0.003326,0.0,0.00717,0.01868,0.037966
coloring-page,high_contrast,1,0.020602,0.0076,0.006818,0.002761,0.002629,0.0,0.00539,0.012208,0.022203
coloring-page,lighter_fills_55,1,0.020453,0.006333,0.005655,0.001894,0.001763,0.0,0.003658,0.009313,0.018489
coloring-page,without_credit_web_address,1,0.018806,0.007178,0.006454,0.002648,0.002549,0.0,0.005197,0.011651,0.020973
coloring-page,without_writing_guides,1,0.020602,0.0076,0.006818,0.002761,0.002629,0.0,0.00539,0.012208,0.022203
coloring-page,without_heading,1,0.020602,0.0076,0.006818,0.002761,0.002629,0.0,0.00539,0.012208,0.022203
coloring-page,without_example_row,1,0.020602,0.0076,0.006818,0.002761,0.002629,0.0,0.00539,0.012208,0.022203
coloring-page,without_name_date_line,1,0.020602,0.0076,0.006818,0.002761,0.002629,0.0,0.00539,0.012208,0.022203
coloring-page,without_credit_qr,1,0.016136,0.004783,0.004231,0.001665,0.001534,0.0,0.003199,0.00743,0.013946
coloring-page,without_trace_rows,1,0.020602,0.0076,0.006818,0.002761,0.002629,0.0,0.00539,0.012208,0.022203
coloring-page,broad_fade_72,1,0.020283,0.005646,0.005071,0.001172,0.001087,0.0,0.002259,0.00733,0.016493
coloring-page,page_wide_fade_60,1,0.020004,0.004608,0.004138,0.000831,0.00077,0.0,0.001601,0.005738,0.013458
coloring-page,page_wide_fade_75,1,0.020241,0.005719,0.00513,0.001249,0.001157,0.0,0.002406,0.007536,0.016705
coloring-page,credit_qr_removed,1,0.016136,0.004783,0.004231,0.001665,0.001534,0.0,0.003199,0.00743,0.013946
coloring-page,role_aware_75,1,0.020602,0.0076,0.006818,0.002761,0.002629,0.0,0.00539,0.012208,0.022203
coloring-page,role_aware_75_all_content,1,0.020383,0.006653,0.005949,0.002027,0.001896,0.0,0.003923,0.009872,0.019428
coloring-page,standard,1,0.020602,0.0076,0.006818,0.002761,0.002629,0.0,0.00539,0.012208,0.022203
coloring-page,lighter_dark_marks_60,1,0.020133,0.004941,0.004373,0.00101,0.000879,0.0,0.00189,0.006263,0.014406
coloring-page,lighter_color_75_all,1,0.02024,0.005714,0.005125,0.001248,0.001156,0.0,0.002404,0.00753,0.01669
coloring-page,lighter_dark_marks_75,1,0.020311,0.005952,0.005306,0.001358,0.001227,0.0,0.002585,0.007891,0.017373
coloring-page,lighter_dark_marks_75_keep_qr,1,0.020383,0.006653,0.005949,0.002027,0.001896,0.0,0.003923,0.009872,0.019428
cross-stitch-filled-red,high_contrast,1,0.068744,0.034472,0.016638,0.002888,0.030812,0.03126,0.06496,0.081597,0.096864
cross-stitch-filled-red,lighter_fills_55,1,0.068744,0.034472,0.016638,0.002888,0.030812,0.03126,0.06496,0.081597,0.096864
cross-stitch-filled-red,without_credit_web_address,1,0.068744,0.034472,0.016638,0.002888,0.030812,0.03126,0.06496,0.081597,0.096864
cross-stitch-filled-red,without_writing_guides,1,0.068744,0.034472,0.016638,0.002888,0.030812,0.03126,0.06496,0.081597,0.096864
cross-stitch-filled-red,without_heading,1,0.068744,0.034472,0.016638,0.002888,0.030812,0.03126,0.06496,0.081597,0.096864
cross-stitch-filled-red,without_example_row,1,0.068744,0.034472,0.016638,0.002888,0.030812,0.03126,0.06496,0.081597,0.096864
cross-stitch-filled-red,without_name_date_line,1,0.068744,0.034472,0.016638,0.002888,0.030812,0.03126,0.06496,0.081597,0.096864
cross-stitch-filled-red,without_credit_qr,1,0.068744,0.034472,0.016638,0.002888,0.030812,0.03126,0.06496,0.081597,0.096864
cross-stitch-filled-red,without_trace_rows,1,0.068744,0.034472,0.016638,0.002888,0.030812,0.03126,0.06496,0.081597,0.096864
cross-stitch-filled-red,broad_fade_72,1,0.068399,0.025011,0.012069,0.001316,0.019908,0.020751,0.041976,0.054045,0.070258
cross-stitch-filled-red,solid_to_outline,1,0.068744,0.034472,0.016638,0.002888,0.030812,0.03126,0.06496,0.081597,0.096864
cross-stitch-filled-red,page_wide_fade_60,1,0.068744,0.034472,0.016638,0.002888,0.030812,0.03126,0.06496,0.081597,0.096864
cross-stitch-filled-red,page_wide_fade_75,1,0.068744,0.034472,0.016638,0.002888,0.030812,0.03126,0.06496,0.081597,0.096864
cross-stitch-filled-red,credit_qr_removed,1,0.068744,0.034472,0.016638,0.002888,0.030812,0.03126,0.06496,0.081597,0.096864
cross-stitch-filled-red,standard,1,0.068744,0.034472,0.016638,0.002888,0.030812,0.03126,0.06496,0.081597,0.096864
cross-stitch-filled-red,lighter_dark_marks_60,1,0.068744,0.034472,0.016638,0.002888,0.030812,0.03126,0.06496,0.081597,0.096864
cross-stitch-filled-red,lighter_color_75_all,1,0.068744,0.034472,0.016638,0.002888,0.030812,0.03126,0.06496,0.081597,0.096864
cross-stitch-filled-red,lighter_dark_marks_75,1,0.068744,0.034472,0.016638,0.002888,0.030812,0.03126,0.06496,0.081597,0.096864
cross-stitch-filled-red,lighter_dark_marks_75_keep_qr,1,0.068744,0.034472,0.016638,0.002888,0.030812,0.03126,0.06496,0.081597,0.096864
cross-stitch-x,high_contrast,1,0.051412,0.02503,0.02424,0.002888,0.002491,0.0,0.005379,0.029619,0.07456
cross-stitch-x,lighter_fills_55,1,0.051412,0.02503,0.02424,0.002888,0.002491,0.0,0.005379,0.029619,0.07456
cross-stitch-x,without_credit_web_address,1,0.051412,0.02503,0.02424,0.002888,0.002491,0.0,0.005379,0.029619,0.07456
cross-stitch-x,without_writing_guides,1,0.051412,0.02503,0.02424,0.002888,0.002491,0.0,0.005379,0.029619,0.07456
cross-stitch-x,without_heading,1,0.051412,0.02503,0.02424,0.002888,0.002491,0.0,0.005379,0.029619,0.07456
cross-stitch-x,without_example_row,1,0.051412,0.02503,0.02424,0.002888,0.002491,0.0,0.005379,0.029619,0.07456
cross-stitch-x,without_name_date_line,1,0.051412,0.02503,0.02424,0.002888,0.002491,0.0,0.005379,0.029619,0.07456
cross-stitch-x,without_credit_qr,1,0.051412,0.02503,0.02424,0.002888,0.002491,0.0,0.005379,0.029619,0.07456
cross-stitch-x,without_trace_rows,1,0.051412,0.02503,0.02424,0.002888,0.002491,0.0,0.005379,0.029619,0.07456
cross-stitch-x,broad_fade_72,1,0.05092,0.018198,0.017627,0.001316,0.00108,0.0,0.002395,0.020022,0.054211
cross-stitch-x,solid_to_outline,1,0.051412,0.02503,0.02424,0.002888,0.002491,0.0,0.005379,0.029619,0.07456
cross-stitch-x,page_wide_fade_60,1,0.051412,0.02503,0.02424,0.002888,0.002491,0.0,0.005379,0.029619,0.07456
cross-stitch-x,page_wide_fade_75,1,0.051412,0.02503,0.02424,0.002888,0.002491,0.0,0.005379,0.029619,0.07456
cross-stitch-x,credit_qr_removed,1,0.051412,0.02503,0.02424,0.002888,0.002491,0.0,0.005379,0.029619,0.07456
cross-stitch-x,standard,1,0.051412,0.02503,0.02424,0.002888,0.002491,0.0,0.005379,0.029619,0.07456
cross-stitch-x,lighter_dark_marks_60,1,0.051412,0.02503,0.02424,0.002888,0.002491,0.0,0.005379,0.029619,0.07456
cross-stitch-x,lighter_color_75_all,1,0.051412,0.02503,0.02424,0.002888,0.002491,0.0,0.005379,0.029619,0.07456
cross-stitch-x,lighter_dark_marks_75,1,0.051412,0.02503,0.02424,0.002888,0.002491,0.0,0.005379,0.029619,0.07456
cross-stitch-x,lighter_dark_marks_75_keep_qr,1,0.051412,0.02503,0.02424,0.002888,0.002491,0.0,0.005379,0.029619,0.07456
crossword,high_contrast,1,0.024046,0.010625,0.009725,0.002746,0.002702,0.0,0.005447,0.015172,0.031133
crossword,lighter_fills_55,1,0.023923,0.009909,0.009067,0.002297,0.002253,0.0,0.00455,0.013617,0.029035
crossword,without_credit_web_address,1,0.023074,0.010422,0.00955,0.002694,0.002665,0.0,0.005359,0.014909,0.030541
crossword,without_writing_guides,1,0.024046,0.010625,0.009725,0.002746,0.002702,0.0,0.005447,0.015172,0.031133
crossword,without_heading,1,0.023451,0.010297,0.009423,0.00263,0.002585,0.0,0.005215,0.014638,0.03017
crossword,without_example_row,1,0.024046,0.010625,0.009725,0.002746,0.002702,0.0,0.005447,0.015172,0.031133
crossword,without_name_date_line,1,0.023097,0.010287,0.009428,0.002636,0.002612,0.0,0.005248,0.014676,0.030144
crossword,without_credit_qr,1,0.02133,0.009034,0.008263,0.002171,0.002126,0.0,0.004297,0.01256,0.026468
crossword,without_trace_rows,1,0.024046,0.010625,0.009725,0.002746,0.002702,0.0,0.005447,0.015172,0.031133
crossword,broad_fade_72,1,0.023655,0.008529,0.007806,0.001668,0.001624,0.0,0.003292,0.011098,0.024993
crossword,page_wide_fade_60,1,0.023131,0.006394,0.005857,0.000919,0.000895,0.0,0.001814,0.007671,0.01874
crossword,page_wide_fade_75,1,0.023442,0.007974,0.0073,0.001352,0.001321,0.0,0.002674,0.009973,0.023365
crossword,credit_qr_removed,1,0.02133,0.009034,0.008263,0.002171,0.002126,0.0,0.004297,0.01256,0.026468
crossword,role_aware_75,1,0.024046,0.010625,0.009725,0.002746,0.002702,0.0,0.005447,0.015172,0.031133
crossword,role_aware_75_all_content,1,0.023557,0.008531,0.007811,0.001757,0.001716,0.0,0.003474,0.011285,0.025003
crossword,standard,1,0.024046,0.010625,0.009725,0.002746,0.002702,0.0,0.005447,0.015172,0.031133
crossword,lighter_dark_marks_60,1,0.023208,0.00652,0.005965,0.000957,0.000918,0.0,0.001875,0.00784,0.019109
crossword,lighter_color_75_all,1,0.023465,0.008001,0.00733,0.001353,0.00132,0.0,0.002672,0.010003,0.023451
crossword,lighter_dark_marks_75,1,0.023495,0.008092,0.007408,0.001383,0.001342,0.0,0.002726,0.010133,0.023715
crossword,lighter_dark_marks_75_keep_qr,1,0.023552,0.008488,0.007772,0.001726,0.001685,0.0,0.003412,0.011183,0.024876
crossword,regular_weight_grid_letters,1,0.024046,0.010625,0.009725,0.002746,0.002702,0.0,0.005447,0.015172,0.031133
cursive-alphabet,high_contrast,2,0.030731,0.009188,0.007936,0.003793,0.003201,0.0,0.006994,0.01493,0.02678
cursive-alphabet,lighter_fills_55,2,0.030662,0.008533,0.007335,0.003348,0.002756,0.0,0.006104,0.013439,0.024862
cursive-alphabet,without_credit_web_address,2,0.029912,0.008994,0.007769,0.003742,0.003164,0.0,0.006906,0.014675,0.026216
cursive-alphabet,without_writing_guides,2,0.030731,0.009188,0.007936,0.003793,0.003201,0.0,0.006994,0.01493,0.02678
cursive-alphabet,without_heading,2,0.02946,0.008352,0.007169,0.003458,0.002866,0.0,0.006325,0.013493,0.024331
cursive-alphabet,without_example_row,2,0.024292,0.005247,0.004317,0.002299,0.001707,0.0,0.004006,0.008322,0.015229
cursive-alphabet,without_name_date_line,2,0.030731,0.009188,0.007936,0.003793,0.003201,0.0,0.006994,0.01493,0.02678
cursive-alphabet,without_credit_qr,2,0.028423,0.007733,0.0066,0.00323,0.002638,0.0,0.005867,0.012467,0.022515
cursive-alphabet,without_trace_rows,2,0.024922,0.008429,0.00741,0.003363,0.002967,0.0,0.00633,0.01374,0.024606
cursive-alphabet,broad_fade_72,2,0.030706,0.008788,0.007572,0.003427,0.002835,0.0,0.006262,0.013834,0.025611
cursive-alphabet,page_wide_fade_60,2,0.028416,0.005556,0.004796,0.001388,0.001055,0.0,0.002443,0.007239,0.01619
cursive-alphabet,page_wide_fade_75,2,0.029546,0.006908,0.005979,0.001938,0.001505,0.0,0.003443,0.009422,0.020148
cursive-alphabet,early_role_rule_60,2,0.030478,0.006705,0.005654,0.001994,0.001402,0.0,0.003395,0.009049,0.0195
cursive-alphabet,early_role_rule_75,2,0.030599,0.007657,0.006531,0.002344,0.001752,0.0,0.004095,0.010626,0.022294
cursive-alphabet,credit_qr_removed,2,0.028423,0.007733,0.0066,0.00323,0.002638,0.0,0.005867,0.012467,0.022515
cursive-alphabet,role_aware_75,2,0.030622,0.008019,0.006863,0.002688,0.002096,0.0,0.004783,0.011646,0.023355
cursive-alphabet,role_aware_75_all_content,2,0.030622,0.008019,0.006863,0.002688,0.002096,0.0,0.004783,0.011646,0.023355
cursive-alphabet,standard,2,0.030731,0.009188,0.007936,0.003793,0.003201,0.0,0.006994,0.01493,0.02678
cursive-alphabet,lighter_dark_marks_60,2,0.030478,0.006705,0.005654,0.001994,0.001402,0.0,0.003395,0.009049,0.0195
cursive-alphabet,lighter_color_75_all,2,0.029527,0.006909,0.005966,0.001957,0.001524,0.0,0.00348,0.009447,0.020141
cursive-alphabet,lighter_dark_marks_75,2,0.030599,0.007657,0.006531,0.002344,0.001752,0.0,0.004095,0.010626,0.022294
cursive-alphabet,lighter_dark_marks_75_keep_qr,2,0.030622,0.008019,0.006863,0.002688,0.002096,0.0,0.004783,0.011646,0.023355
cursive-name-long,high_contrast,1,0.074117,0.042744,0.04129,0.007447,0.007387,0.0,0.014834,0.056124,0.127033
cursive-name-long,lighter_fills_55,1,0.065432,0.023846,0.021065,0.009198,0.008304,0.0,0.017502,0.038567,0.069565
cursive-name-long,without_credit_web_address,1,0.06409,0.024783,0.021945,0.009977,0.009109,0.0,0.019086,0.041031,0.072319
cursive-name-long,without_writing_guides,1,0.045554,0.021251,0.019027,0.008811,0.008353,0.0,0.017164,0.036191,0.062068
cursive-name-long,without_heading,1,0.063263,0.023615,0.020853,0.009456,0.008562,0.0,0.018018,0.038871,0.068888
cursive-name-long,without_example_row,1,0.050836,0.013319,0.011389,0.0047,0.003797,0.0,0.008497,0.019886,0.038706
cursive-name-long,without_name_date_line,1,0.063192,0.024627,0.021818,0.009854,0.008994,0.0,0.018848,0.040667,0.071868
cursive-name-long,without_credit_qr,1,0.061008,0.022271,0.019618,0.008965,0.008071,0.0,0.017036,0.036654,0.064948
cursive-name-long,without_trace_rows,1,0.048347,0.021399,0.019218,0.008796,0.008258,0.0,0.017054,0.036272,0.062582
cursive-name-long,broad_fade_72,1,0.063332,0.0189,0.016768,0.004786,0.004219,0.0,0.009005,0.025774,0.055156
cursive-name-long,page_wide_fade_60,1,0.061517,0.015157,0.013429,0.003174,0.002687,0.0,0.00586,0.019289,0.04424
cursive-name-long,page_wide_fade_75,1,0.063347,0.018891,0.016726,0.004638,0.004028,0.0,0.008666,0.025391,0.055119
cursive-name-long,early_role_rule_60,1,0.065182,0.018462,0.016117,0.004473,0.003579,0.0,0.008052,0.024168,0.053781
cursive-name-long,early_role_rule_75,1,0.065372,0.02101,0.018462,0.005506,0.004613,0.0,0.010119,0.028581,0.061253
cursive-name-long,credit_qr_removed,1,0.061008,0.022271,0.019618,0.008965,0.008071,0.0,0.017036,0.036654,0.064948
cursive-name-long,role_aware_75,1,0.065443,0.021815,0.019201,0.00626,0.005367,0.0,0.011627,0.030828,0.063614
cursive-name-long,role_aware_75_all_content,1,0.065443,0.021815,0.019201,0.00626,0.005367,0.0,0.011627,0.030828,0.063614
cursive-name-long,standard,1,0.065587,0.025134,0.022247,0.01007,0.009176,0.0,0.019246,0.041493,0.07334
cursive-name-long,lighter_dark_marks_60,1,0.065182,0.018462,0.016117,0.004473,0.003579,0.0,0.008052,0.024168,0.053781
cursive-name-long,lighter_color_75_all,1,0.063369,0.018902,0.016702,0.004693,0.004072,0.0,0.008765,0.025467,0.055129
cursive-name-long,lighter_dark_marks_75,1,0.065372,0.02101,0.018462,0.005506,0.004613,0.0,0.010119,0.028581,0.061253
cursive-name-long,lighter_dark_marks_75_keep_qr,1,0.065438,0.021722,0.019115,0.00618,0.005286,0.0,0.011466,0.030581,0.063341
cursive-name,high_contrast,1,0.07869,0.045633,0.04405,0.008208,0.008147,0.0,0.016355,0.060405,0.135591
cursive-name,lighter_fills_55,1,0.06971,0.025952,0.022943,0.010128,0.009186,0.0,0.019314,0.042256,0.07571
cursive-name,without_credit_web_address,1,0.068368,0.02689,0.023823,0.010906,0.009991,0.0,0.020897,0.04472,0.078465
cursive-name,without_writing_guides,1,0.050211,0.023425,0.020962,0.009762,0.009248,0.0,0.01901,0.039971,0.068412
cursive-name,without_heading,1,0.068222,0.02616,0.023133,0.010563,0.009621,0.0,0.020184,0.043318,0.076319
cursive-name,without_example_row,1,0.052655,0.013412,0.011417,0.004703,0.00375,0.0,0.008453,0.01987,0.038951
cursive-name,without_name_date_line,1,0.06747,0.026733,0.023696,0.010784,0.009876,0.0,0.02066,0.044356,0.078013
cursive-name,without_credit_qr,1,0.065286,0.024377,0.021496,0.009895,0.008953,0.0,0.018848,0.040344,0.071093
cursive-name,without_trace_rows,1,0.050125,0.022973,0.020665,0.009545,0.009009,0.0,0.018555,0.03922,0.067198
cursive-name,broad_fade_72,1,0.067518,0.020308,0.018024,0.005026,0.004429,0.0,0.009455,0.027478,0.059265
cursive-name,page_wide_fade_60,1,0.065719,0.016426,0.014561,0.003433,0.00292,0.0,0.006352,0.020913,0.047945
cursive-name,page_wide_fade_75,1,0.067577,0.020472,0.018137,0.005029,0.004385,0.0,0.009413,0.02755,0.059734
cursive-name,early_role_rule_60,1,0.069494,0.019931,0.01741,0.004812,0.00387,0.0,0.008682,0.026092,0.05806
cursive-name,early_role_rule_75,1,0.069683,0.022721,0.019978,0.005952,0.00501,0.0,0.010961,0.030939,0.066243
cursive-name,credit_qr_removed,1,0.065286,0.024377,0.021496,0.009895,0.008953,0.0,0.018848,0.040344,0.071093
cursive-name,role_aware_75,1,0.069754,0.023527,0.020717,0.006706,0.005764,0.0,0.012469,0.033186,0.068604
cursive-name,role_aware_75_all_content,1,0.069754,0.023527,0.020717,0.006706,0.005764,0.0,0.012469,0.033186,0.068604
cursive-name,standard,1,0.069865,0.02724,0.024125,0.011,0.010057,0.0,0.021057,0.045183,0.079486
cursive-name,lighter_dark_marks_60,1,0.069494,0.019931,0.01741,0.004812,0.00387,0.0,0.008682,0.026092,0.05806
cursive-name,lighter_color_75_all,1,0.067591,0.020485,0.018114,0.005084,0.004429,0.0,0.009512,0.027626,0.059748
cursive-name,lighter_dark_marks_75,1,0.069683,0.022721,0.019978,0.005952,0.00501,0.0,0.010961,0.030939,0.066243
cursive-name,lighter_dark_marks_75_keep_qr,1,0.069749,0.023434,0.020632,0.006625,0.005683,0.0,0.012308,0.03294,0.068331
de-namen-schreiben,high_contrast,1,0.176344,0.047762,0.045047,0.009248,0.008234,0.0,0.017482,0.062529,0.141485
de-namen-schreiben,lighter_fills_55,1,0.066559,0.024907,0.021423,0.009587,0.008662,0.0,0.018249,0.039671,0.072169
de-namen-schreiben,without_credit_web_address,1,0.16771,0.027081,0.023472,0.010766,0.009422,0.0,0.020188,0.043661,0.07881
de-namen-schreiben,without_writing_guides,1,0.038006,0.018644,0.016767,0.007821,0.007489,0.0,0.015311,0.032078,0.054489
de-namen-schreiben,without_heading,1,0.167257,0.025996,0.02245,0.010265,0.008887,0.0,0.019152,0.041602,0.075621
de-namen-schreiben,without_example_row,1,0.165171,0.017272,0.014388,0.006137,0.004723,0.0,0.01086,0.025248,0.050025
de-namen-schreiben,without_name_date_line,1,0.167292,0.026984,0.023392,0.01066,0.009312,0.0,0.019972,0.043364,0.078531
de-namen-schreiben,without_credit_qr,1,0.165275,0.024788,0.02134,0.009821,0.008443,0.0,0.018264,0.039604,0.072078
de-namen-schreiben,without_trace_rows,1,0.18547,0.025845,0.022437,0.010349,0.009104,0.0,0.019453,0.04189,0.075241
de-namen-schreiben,broad_fade_72,1,0.168384,0.020684,0.017824,0.005521,0.004926,0.0,0.010447,0.028272,0.059907
de-namen-schreiben,page_wide_fade_60,1,0.06422,0.016585,0.014135,0.003929,0.003408,0.0,0.007336,0.021471,0.04793
de-namen-schreiben,page_wide_fade_75,1,0.167988,0.02059,0.017717,0.005329,0.004674,0.0,0.010003,0.02772,0.05964
de-namen-schreiben,early_role_rule_60,1,0.16937,0.021412,0.018237,0.005707,0.00433,0.0,0.010037,0.028273,0.062181
de-namen-schreiben,early_role_rule_75,1,0.169486,0.023746,0.020385,0.00666,0.005283,0.0,0.011944,0.032329,0.069026
de-namen-schreiben,credit_qr_removed,1,0.165275,0.024788,0.02134,0.009821,0.008443,0.0,0.018264,0.039604,0.072078
de-namen-schreiben,role_aware_75,1,0.169559,0.024532,0.021106,0.007401,0.006024,0.0,0.013425,0.034531,0.071329
de-namen-schreiben,role_aware_75_all_content,1,0.169559,0.024532,0.021106,0.007401,0.006024,0.0,0.013425,0.034531,0.071329
de-namen-schreiben,standard,1,0.169605,0.027528,0.023857,0.010886,0.009507,0.0,0.020393,0.04425,0.08011
de-namen-schreiben,lighter_dark_marks_60,1,0.16937,0.021412,0.018237,0.005707,0.00433,0.0,0.010037,0.028273,0.062181
de-namen-schreiben,lighter_color_75_all,1,0.168334,0.020734,0.0181,0.005407,0.004329,0.0,0.009736,0.027836,0.060499
de-namen-schreiben,lighter_dark_marks_75,1,0.169486,0.023746,0.020385,0.00666,0.005283,0.0,0.011944,0.032329,0.069026
de-namen-schreiben,lighter_dark_marks_75_keep_qr,1,0.16955,0.024427,0.021011,0.00731,0.005934,0.0,0.013244,0.034255,0.071023
de-schreibuebungen,high_contrast,1,0.183512,0.044385,0.041909,0.006914,0.005778,0.0,0.012692,0.054601,0.131628
de-schreibuebungen,lighter_fills_55,1,0.063368,0.020009,0.016601,0.007433,0.006316,0.0,0.01375,0.03035,0.057635
de-schreibuebungen,without_credit_web_address,1,0.177701,0.022361,0.018813,0.008682,0.007109,0.0,0.015791,0.034604,0.064817
de-schreibuebungen,without_writing_guides,1,0.032797,0.013129,0.011489,0.005462,0.004992,0.0,0.010454,0.021943,0.038216
de-schreibuebungen,without_heading,1,0.176777,0.020945,0.017487,0.00805,0.006442,0.0,0.014492,0.031979,0.060659
de-schreibuebungen,without_example_row,1,0.177732,0.018619,0.015331,0.006869,0.005248,0.0,0.012117,0.027448,0.053832
de-schreibuebungen,without_name_date_line,1,0.177317,0.022272,0.01874,0.008579,0.007,0.0,0.015578,0.034319,0.064564
de-schreibuebungen,without_credit_qr,1,0.175171,0.01998,0.016601,0.007702,0.006093,0.0,0.013795,0.030396,0.057832
de-schreibuebungen,without_trace_rows,1,0.174104,0.020079,0.017143,0.007653,0.006405,0.0,0.014058,0.031201,0.058339
de-schreibuebungen,broad_fade_72,1,0.178796,0.017387,0.014509,0.00521,0.004501,0.0,0.009711,0.02422,0.05006
de-schreibuebungen,page_wide_fade_60,1,0.062695,0.013769,0.011312,0.003764,0.003101,0.0,0.006865,0.018177,0.039551
de-schreibuebungen,page_wide_fade_75,1,0.178687,0.017056,0.014208,0.004797,0.004042,0.0,0.008839,0.023047,0.049112
de-schreibuebungen,early_role_rule_60,1,0.179419,0.019031,0.015728,0.005744,0.004137,0.0,0.00988,0.025608,0.055048
de-schreibuebungen,early_role_rule_75,1,0.179511,0.020476,0.017058,0.006315,0.004707,0.0,0.011022,0.02808,0.059286
de-schreibuebungen,credit_qr_removed,1,0.175171,0.01998,0.016601,0.007702,0.006093,0.0,0.013795,0.030396,0.057832
de-schreibuebungen,role_aware_75,1,0.179581,0.021286,0.017802,0.007079,0.005471,0.0,0.01255,0.030351,0.061661
de-schreibuebungen,role_aware_75_all_content,1,0.179581,0.021286,0.017802,0.007079,0.005471,0.0,0.01255,0.030351,0.061661
de-schreibuebungen,standard,1,0.179631,0.022816,0.019205,0.008804,0.007196,0.0,0.015999,0.035205,0.066143
de-schreibuebungen,lighter_dark_marks_60,1,0.179419,0.019031,0.015728,0.005744,0.004137,0.0,0.00988,0.025608,0.055048
de-schreibuebungen,lighter_color_75_all,1,0.178951,0.017167,0.014638,0.004873,0.003576,0.0,0.008449,0.023087,0.05
de-schreibuebungen,lighter_dark_marks_75,1,0.179511,0.020476,0.017058,0.006315,0.004707,0.0,0.011022,0.02808,0.059286
de-schreibuebungen,lighter_dark_marks_75_keep_qr,1,0.179573,0.021182,0.017706,0.006988,0.005381,0.0,0.012369,0.030074,0.061354
dot-to-dot-name,high_contrast,1,0.023496,0.009059,0.00794,0.003705,0.003635,0.0,0.007341,0.015281,0.026265
dot-to-dot-name,lighter_fills_55,1,0.023297,0.0067,0.005774,0.001992,0.001922,0.0,0.003914,0.009688,0.019351
dot-to-dot-name,without_credit_web_address,1,0.021903,0.008686,0.007618,0.003605,0.003564,0.0,0.00717,0.014788,0.025177
dot-to-dot-name,without_writing_guides,1,0.023496,0.009059,0.00794,0.003705,0.003635,0.0,0.007341,0.015281,0.026265
dot-to-dot-name,without_heading,1,0.023496,0.009059,0.00794,0.003705,0.003635,0.0,0.007341,0.015281,0.026265
dot-to-dot-name,without_example_row,1,0.023496,0.009059,0.00794,0.003705,0.003635,0.0,0.007341,0.015281,0.026265
dot-to-dot-name,without_name_date_line,1,0.023496,0.009059,0.00794,0.003705,0.003635,0.0,0.007341,0.015281,0.026265
dot-to-dot-name,without_credit_qr,1,0.018872,0.006114,0.005235,0.002554,0.002484,0.0,0.005038,0.010273,0.017632
dot-to-dot-name,without_trace_rows,1,0.023496,0.009059,0.00794,0.003705,0.003635,0.0,0.007341,0.015281,0.026265
dot-to-dot-name,broad_fade_72,1,0.02318,0.006692,0.005877,0.001532,0.00149,0.0,0.003022,0.008899,0.019406
dot-to-dot-name,page_wide_fade_60,1,0.022817,0.005488,0.004819,0.001095,0.00107,0.0,0.002165,0.006984,0.015912
dot-to-dot-name,page_wide_fade_75,1,0.023158,0.006817,0.005977,0.001642,0.001598,0.0,0.00324,0.009217,0.019762
dot-to-dot-name,credit_qr_removed,1,0.018872,0.006114,0.005235,0.002554,0.002484,0.0,0.005038,0.010273,0.017632
dot-to-dot-name,role_aware_75,1,0.023496,0.009059,0.00794,0.003705,0.003635,0.0,0.007341,0.015281,0.026265
dot-to-dot-name,role_aware_75_all_content,1,0.023388,0.007864,0.006842,0.00252,0.00245,0.0,0.00497,0.011812,0.022761
dot-to-dot-name,standard,1,0.023496,0.009059,0.00794,0.003705,0.003635,0.0,0.007341,0.015281,0.026265
dot-to-dot-name,lighter_dark_marks_60,1,0.023195,0.005938,0.005072,0.001369,0.001299,0.0,0.002667,0.007739,0.017115
dot-to-dot-name,lighter_color_75_all,1,0.023153,0.00682,0.005978,0.001649,0.001599,0.0,0.003249,0.009227,0.019772
dot-to-dot-name,lighter_dark_marks_75,1,0.023356,0.00713,0.00617,0.001815,0.001745,0.0,0.00356,0.00973,0.020612
dot-to-dot-name,lighter_dark_marks_75_keep_qr,1,0.023388,0.007864,0.006842,0.00252,0.00245,0.0,0.00497,0.011812,0.022761
es-nombre,high_contrast,1,0.059932,0.036821,0.035568,0.006472,0.006411,0.0,0.012883,0.048451,0.109433
es-nombre,lighter_fills_55,1,0.054466,0.020103,0.017761,0.007842,0.007064,0.0,0.014906,0.032667,0.058655
es-nombre,without_credit_web_address,1,0.052757,0.020876,0.018496,0.008544,0.007798,0.0,0.016342,0.034838,0.060929
es-nombre,without_writing_guides,1,0.033318,0.017107,0.015395,0.007269,0.006968,0.0,0.014237,0.029632,0.050001
es-nombre,without_heading,1,0.052901,0.020199,0.017849,0.00821,0.007433,0.0,0.015643,0.033492,0.058935
es-nombre,without_example_row,1,0.04294,0.011487,0.009842,0.004077,0.003292,0.0,0.007369,0.017211,0.033398
es-nombre,without_name_date_line,1,0.052218,0.020718,0.01836,0.008419,0.00767,0.0,0.016089,0.034449,0.060472
es-nombre,without_credit_qr,1,0.050332,0.018635,0.016413,0.007625,0.006847,0.0,0.014472,0.030885,0.054353
es-nombre,without_trace_rows,1,0.044944,0.019143,0.017111,0.007909,0.00734,0.0,0.015249,0.032361,0.055953
es-nombre,broad_fade_72,1,0.051784,0.016043,0.014247,0.004056,0.003579,0.0,0.007635,0.021882,0.046828
es-nombre,page_wide_fade_60,1,0.05093,0.012841,0.011385,0.002705,0.002274,0.0,0.004979,0.016364,0.037494
es-nombre,page_wide_fade_75,1,0.051759,0.01601,0.014198,0.003941,0.00341,0.0,0.007351,0.021549,0.046737
es-nombre,early_role_rule_60,1,0.054328,0.015636,0.013657,0.003817,0.00304,0.0,0.006857,0.020513,0.045561
es-nombre,early_role_rule_75,1,0.054482,0.017794,0.015642,0.004704,0.003927,0.0,0.008631,0.024273,0.051888
es-nombre,credit_qr_removed,1,0.050332,0.018635,0.016413,0.007625,0.006847,0.0,0.014472,0.030885,0.054353
es-nombre,role_aware_75,1,0.054519,0.018573,0.016357,0.005434,0.004657,0.0,0.01009,0.026447,0.054171
es-nombre,role_aware_75_all_content,1,0.054519,0.018573,0.016357,0.005434,0.004657,0.0,0.01009,0.026447,0.054171
es-nombre,standard,1,0.054567,0.021303,0.018863,0.008658,0.00788,0.0,0.016538,0.035401,0.062172
es-nombre,lighter_dark_marks_60,1,0.054328,0.015636,0.013657,0.003817,0.00304,0.0,0.006857,0.020513,0.045561
es-nombre,lighter_color_75_all,1,0.051759,0.015997,0.014144,0.004004,0.003458,0.0,0.007462,0.021606,0.046672
es-nombre,lighter_dark_marks_75,1,0.054482,0.017794,0.015642,0.004704,0.003927,0.0,0.008631,0.024273,0.051888
es-nombre,lighter_dark_marks_75_keep_qr,1,0.054513,0.018458,0.016251,0.005334,0.004557,0.0,0.009891,0.026143,0.053833
fr-prenom,high_contrast,1,0.091766,0.055242,0.053973,0.006586,0.006527,0.0,0.013113,0.067086,0.164682
fr-prenom,lighter_fills_55,1,0.076825,0.023034,0.020038,0.008908,0.007811,0.0,0.016719,0.036757,0.067049
fr-prenom,without_credit_web_address,1,0.075297,0.023928,0.020881,0.00969,0.008623,0.0,0.018314,0.039195,0.069677
fr-prenom,without_writing_guides,1,0.034225,0.017463,0.015709,0.007417,0.007104,0.0,0.014521,0.03023,0.051038
fr-prenom,without_heading,1,0.075225,0.023182,0.020174,0.009338,0.008241,0.0,0.017578,0.037752,0.067483
fr-prenom,without_example_row,1,0.066113,0.014539,0.012214,0.005225,0.00411,0.0,0.009335,0.02155,0.042139
fr-prenom,without_name_date_line,1,0.07469,0.023789,0.020764,0.009573,0.008505,0.0,0.018078,0.038842,0.069273
fr-prenom,without_credit_qr,1,0.072477,0.021458,0.01859,0.008674,0.007577,0.0,0.016252,0.034841,0.062427
fr-prenom,without_trace_rows,1,0.069863,0.022365,0.019617,0.009122,0.00821,0.0,0.017332,0.036949,0.065179
fr-prenom,broad_fade_72,1,0.074661,0.018228,0.015963,0.004794,0.004096,0.0,0.00889,0.024853,0.053096
fr-prenom,page_wide_fade_60,1,0.073062,0.014676,0.012823,0.003314,0.002705,0.0,0.006019,0.018842,0.042754
fr-prenom,page_wide_fade_75,1,0.074648,0.018301,0.015976,0.004716,0.003996,0.0,0.008712,0.024688,0.05327
fr-prenom,early_role_rule_60,1,0.076674,0.018555,0.015922,0.004871,0.003775,0.0,0.008646,0.024568,0.053919
fr-prenom,early_role_rule_75,1,0.076881,0.020752,0.017944,0.005775,0.004678,0.0,0.010453,0.028397,0.060361
fr-prenom,credit_qr_removed,1,0.072477,0.021458,0.01859,0.008674,0.007577,0.0,0.016252,0.034841,0.062427
fr-prenom,role_aware_75,1,0.076937,0.021569,0.018693,0.00655,0.005454,0.0,0.012004,0.030697,0.062754
fr-prenom,role_aware_75_all_content,1,0.076937,0.021569,0.018693,0.00655,0.005454,0.0,0.012004,0.030697,0.062754
fr-prenom,standard,1,0.076977,0.024324,0.021222,0.009796,0.008699,0.0,0.018494,0.039716,0.070829
fr-prenom,lighter_dark_marks_60,1,0.076674,0.018555,0.015922,0.004871,0.003775,0.0,0.008646,0.024568,0.053919
fr-prenom,lighter_color_75_all,1,0.07465,0.018262,0.015905,0.004807,0.004022,0.0,0.008829,0.024734,0.05316
fr-prenom,lighter_dark_marks_75,1,0.076881,0.020752,0.017944,0.005775,0.004678,0.0,0.010453,0.028397,0.060361
fr-prenom,lighter_dark_marks_75_keep_qr,1,0.076927,0.021466,0.018598,0.006461,0.005364,0.0,0.011825,0.030424,0.062452
graffiti-letters,high_contrast,3,0.034267,0.014337,0.012737,0.005284,0.004728,0.0,0.010013,0.02275,0.041895
graffiti-letters,lighter_fills_55,3,0.034158,0.012994,0.011504,0.004362,0.003806,0.0,0.008168,0.019672,0.037958
graffiti-letters,without_credit_web_address,3,0.032704,0.013973,0.012423,0.005187,0.004659,0.0,0.009846,0.022269,0.040832
graffiti-letters,without_writing_guides,3,0.034267,0.014337,0.012737,0.005284,0.004728,0.0,0.010013,0.02275,0.041895
graffiti-letters,without_heading,3,0.032834,0.01355,0.012015,0.005007,0.004451,0.0,0.009458,0.021473,0.039588
graffiti-letters,without_example_row,3,0.034267,0.014337,0.012737,0.005284,0.004728,0.0,0.010013,0.02275,0.041895
graffiti-letters,without_name_date_line,3,0.034267,0.014337,0.012737,0.005284,0.004728,0.0,0.010013,0.02275,0.041895
graffiti-letters,without_credit_qr,3,0.029578,0.011352,0.009996,0.004119,0.003563,0.0,0.007681,0.017677,0.033144
graffiti-letters,without_trace_rows,3,0.034267,0.014337,0.012737,0.005284,0.004728,0.0,0.010013,0.02275,0.041895
graffiti-letters,broad_fade_72,3,0.033861,0.011417,0.010073,0.003002,0.002446,0.0,0.005447,0.015521,0.03335
graffiti-letters,page_wide_fade_60,3,0.032845,0.008658,0.007687,0.001786,0.001492,0.0,0.003278,0.010965,0.025292
graffiti-letters,page_wide_fade_75,3,0.033507,0.010775,0.009586,0.00258,0.002169,0.0,0.004749,0.014335,0.031505
graffiti-letters,credit_qr_removed,3,0.029578,0.011352,0.009996,0.004119,0.003563,0.0,0.007681,0.017677,0.033144
graffiti-letters,role_aware_75,3,0.034235,0.014146,0.012562,0.005121,0.004565,0.0,0.009687,0.022248,0.041333
graffiti-letters,role_aware_75_all_content,3,0.033922,0.012246,0.010817,0.003701,0.003145,0.0,0.006846,0.017664,0.035765
graffiti-letters,standard,3,0.034267,0.014337,0.012737,0.005284,0.004728,0.0,0.010013,0.02275,0.041895
graffiti-letters,lighter_dark_marks_60,3,0.033525,0.00976,0.008531,0.002402,0.001846,0.0,0.004248,0.012779,0.028475
graffiti-letters,lighter_color_75_all,3,0.033498,0.010769,0.009563,0.002579,0.002197,0.0,0.004777,0.014339,0.031461
graffiti-letters,lighter_dark_marks_75,3,0.033871,0.011503,0.010135,0.002988,0.002432,0.0,0.005419,0.015555,0.033587
graffiti-letters,lighter_dark_marks_75_keep_qr,3,0.033922,0.012246,0.010817,0.003701,0.003145,0.0,0.006846,0.017664,0.035765
graffiti-name,high_contrast,1,0.042243,0.022648,0.020893,0.007797,0.007389,0.0,0.015185,0.036078,0.066641
graffiti-name,display_letters_55,1,0.040819,0.014444,0.012717,0.004304,0.003702,0.0,0.008006,0.020723,0.042131
graffiti-name,lighter_fills_55,1,0.040753,0.018131,0.016103,0.007656,0.007054,0.0,0.014711,0.030813,0.052937
graffiti-name,without_credit_web_address,1,0.039547,0.019001,0.016921,0.008386,0.007809,0.0,0.016196,0.033117,0.055496
graffiti-name,without_writing_guides,1,0.040915,0.019333,0.017206,0.008474,0.007872,0.0,0.016346,0.033553,0.05646
graffiti-name,without_heading,1,0.039028,0.018097,0.016072,0.00797,0.007368,0.0,0.015337,0.031409,0.05284
graffiti-name,without_example_row,1,0.026307,0.00817,0.007002,0.003218,0.002672,0.0,0.00589,0.012892,0.023758
graffiti-name,without_name_date_line,1,0.03856,0.018851,0.0168,0.008271,0.007701,0.0,0.015972,0.032771,0.055063
graffiti-name,without_credit_qr,1,0.036661,0.01666,0.014751,0.007439,0.006838,0.0,0.014277,0.029028,0.048626
graffiti-name,without_trace_rows,1,0.027611,0.016468,0.014927,0.007369,0.007139,0.0,0.014508,0.029435,0.048204
graffiti-name,broad_fade_72,1,0.040393,0.015069,0.013363,0.0041,0.003575,0.0,0.007675,0.021038,0.043998
graffiti-name,solid_to_outline,1,0.031136,0.009856,0.008503,0.003687,0.003085,0.0,0.006772,0.015275,0.028684
graffiti-name,page_wide_fade_60,1,0.038439,0.011642,0.010373,0.00243,0.002103,0.0,0.004533,0.014906,0.034009
graffiti-name,page_wide_fade_75,1,0.039389,0.014516,0.012919,0.003662,0.003242,0.0,0.006904,0.019823,0.042393
graffiti-name,credit_qr_removed,1,0.036661,0.01666,0.014751,0.007439,0.006838,0.0,0.014277,0.029028,0.048626
graffiti-name,role_aware_75,1,0.040851,0.016324,0.014443,0.004875,0.004274,0.0,0.009149,0.023592,0.047641
graffiti-name,role_aware_75_all_content,1,0.040851,0.016324,0.014443,0.004875,0.004274,0.0,0.009149,0.023592,0.047641
graffiti-name,standard,1,0.040915,0.019333,0.017206,0.008474,0.007872,0.0,0.016346,0.033553,0.05646
graffiti-name,lighter_dark_marks_60,1,0.040633,0.013257,0.011622,0.003209,0.002607,0.0,0.005816,0.017439,0.038648
graffiti-name,lighter_color_75_all,1,0.039394,0.014512,0.012918,0.003668,0.003237,0.0,0.006905,0.019823,0.042388
graffiti-name,lighter_dark_marks_75,1,0.040738,0.01557,0.013752,0.004169,0.003567,0.0,0.007737,0.021489,0.045434
graffiti-name,lighter_dark_marks_75_keep_qr,1,0.04084,0.016236,0.014363,0.004801,0.004199,0.0,0.008999,0.023362,0.047384
happy-birthday,high_contrast,1,0.062612,0.036495,0.035036,0.007369,0.006769,0.000426,0.014564,0.049599,0.108664
happy-birthday,lighter_fills_55,1,0.056404,0.024909,0.022503,0.009617,0.008998,0.000177,0.018792,0.041296,0.073077
happy-birthday,without_credit_web_address,1,0.054621,0.025939,0.023455,0.010673,0.009783,0.000423,0.020879,0.044334,0.076258
happy-birthday,without_writing_guides,1,0.038139,0.023292,0.021281,0.009816,0.009219,0.000423,0.019458,0.040739,0.06859
happy-birthday,without_heading,1,0.053639,0.024451,0.022063,0.010007,0.009083,0.000423,0.019513,0.041576,0.071888
happy-birthday,without_example_row,1,0.043337,0.016117,0.014401,0.00623,0.005299,0.000423,0.011951,0.026353,0.047457
happy-birthday,without_name_date_line,1,0.054169,0.025889,0.023419,0.010579,0.009689,0.000423,0.02069,0.044109,0.076115
happy-birthday,without_credit_qr,1,0.052092,0.02356,0.021244,0.009692,0.008767,0.000423,0.018882,0.040126,0.069277
happy-birthday,without_trace_rows,1,0.044728,0.019387,0.017442,0.007967,0.007393,0.000141,0.015501,0.032943,0.056818
happy-birthday,broad_fade_72,1,0.054167,0.019938,0.018052,0.004865,0.004278,0.000256,0.009399,0.027451,0.05862
happy-birthday,page_wide_fade_60,1,0.053401,0.015902,0.014385,0.003053,0.002573,0.0002,0.005825,0.020211,0.046765
happy-birthday,page_wide_fade_75,1,0.05467,0.019834,0.017922,0.004636,0.004022,0.000269,0.008927,0.026849,0.058302
happy-birthday,early_role_rule_60,1,0.056186,0.020126,0.018093,0.005617,0.004788,0.000348,0.010753,0.028846,0.059163
happy-birthday,early_role_rule_75,1,0.056388,0.022521,0.020296,0.006594,0.005735,0.000372,0.0127,0.032996,0.066205
happy-birthday,credit_qr_removed,1,0.052092,0.02356,0.021244,0.009692,0.008767,0.000423,0.018882,0.040126,0.069277
happy-birthday,role_aware_75,1,0.056211,0.021606,0.019461,0.005796,0.005001,0.00032,0.011117,0.030578,0.063494
happy-birthday,role_aware_75_all_content,1,0.056206,0.021567,0.019429,0.005731,0.005001,0.000269,0.011002,0.030431,0.063351
happy-birthday,standard,1,0.056564,0.026396,0.023849,0.010794,0.00987,0.000423,0.021087,0.044936,0.077588
happy-birthday,lighter_dark_marks_60,1,0.05574,0.017299,0.015512,0.003573,0.002932,0.000199,0.006703,0.022215,0.050789
happy-birthday,lighter_color_75_all,1,0.054699,0.019851,0.017913,0.004676,0.004048,0.000269,0.008993,0.026906,0.058336
happy-birthday,lighter_dark_marks_75,1,0.056154,0.020768,0.018696,0.004977,0.004247,0.000269,0.009494,0.02819,0.061011
happy-birthday,lighter_dark_marks_75_keep_qr,1,0.056201,0.021474,0.019344,0.005651,0.004921,0.000269,0.010841,0.030185,0.063079
hw-bolddot,high_contrast,1,0.057179,0.034587,0.033531,0.00514,0.005065,0.0,0.010205,0.043736,0.102902
hw-bolddot,lighter_fills_55,1,0.051697,0.021625,0.019412,0.008282,0.007751,0.0,0.016033,0.035445,0.063233
hw-bolddot,without_credit_web_address,1,0.049538,0.022464,0.020213,0.009064,0.008574,0.0,0.017638,0.037851,0.0657
hw-bolddot,without_writing_guides,1,0.030443,0.018828,0.017225,0.007853,0.007778,0.0,0.01563,0.032856,0.055163
hw-bolddot,without_heading,1,0.049052,0.021181,0.019004,0.008468,0.007937,0.0,0.016405,0.03541,0.06193
hw-bolddot,without_example_row,1,0.044234,0.0168,0.014977,0.006368,0.005835,0.0,0.012202,0.027179,0.049086
hw-bolddot,without_name_date_line,1,0.049422,0.022489,0.020241,0.00899,0.008494,0.0,0.017484,0.037726,0.065776
hw-bolddot,without_credit_qr,1,0.046942,0.01995,0.017873,0.008035,0.007504,0.0,0.015538,0.033411,0.058321
hw-bolddot,without_trace_rows,1,0.041651,0.016299,0.014519,0.006466,0.005935,0.0,0.0124,0.02692,0.047619
hw-bolddot,broad_fade_72,1,0.050143,0.017467,0.015735,0.004231,0.003884,0.0,0.008115,0.02385,0.051096
hw-bolddot,page_wide_fade_60,1,0.049117,0.01385,0.012472,0.002637,0.002318,0.0,0.004956,0.017428,0.040537
hw-bolddot,page_wide_fade_75,1,0.05006,0.017273,0.015542,0.003948,0.003581,0.0,0.007529,0.023071,0.050524
hw-bolddot,early_role_rule_60,1,0.051573,0.018402,0.016449,0.005441,0.004911,0.0,0.010353,0.026802,0.053782
hw-bolddot,early_role_rule_75,1,0.051649,0.020155,0.018063,0.006142,0.005612,0.0,0.011753,0.029817,0.058925
hw-bolddot,credit_qr_removed,1,0.046942,0.01995,0.017873,0.008035,0.007504,0.0,0.015538,0.033411,0.058321
hw-bolddot,role_aware_75,1,0.051595,0.01934,0.017314,0.005237,0.004707,0.0,0.009944,0.027258,0.056533
hw-bolddot,role_aware_75_all_content,1,0.051595,0.01934,0.017314,0.005237,0.004707,0.0,0.009944,0.027258,0.056533
hw-bolddot,standard,1,0.051817,0.022996,0.020671,0.009206,0.008675,0.0,0.017882,0.038552,0.067249
hw-bolddot,lighter_dark_marks_60,1,0.051284,0.015711,0.013977,0.003347,0.002817,0.0,0.006165,0.020141,0.045893
hw-bolddot,lighter_color_75_all,1,0.050083,0.017287,0.015516,0.004008,0.003631,0.0,0.007639,0.023155,0.050538
hw-bolddot,lighter_dark_marks_75,1,0.051494,0.018488,0.016533,0.004443,0.003913,0.0,0.008355,0.024888,0.054039
hw-bolddot,lighter_dark_marks_75_keep_qr,1,0.051589,0.019246,0.017229,0.005157,0.004626,0.0,0.009783,0.027012,0.056261
hw-dashed,high_contrast,1,0.052815,0.031096,0.030068,0.004996,0.004921,0.0,0.009916,0.039984,0.092452
hw-dashed,lighter_fills_55,1,0.047308,0.017914,0.015992,0.006266,0.005735,0.0,0.012001,0.027993,0.052345
hw-dashed,without_credit_web_address,1,0.045149,0.018753,0.016792,0.007048,0.006558,0.0,0.013606,0.030399,0.054813
hw-dashed,without_writing_guides,1,0.026007,0.015118,0.013806,0.005837,0.005762,0.0,0.0116,0.025406,0.04428
hw-dashed,without_heading,1,0.045196,0.017817,0.015903,0.006597,0.006066,0.0,0.012663,0.028565,0.05206
hw-dashed,without_example_row,1,0.039845,0.013089,0.011557,0.004352,0.003819,0.0,0.00817,0.019727,0.038199
hw-dashed,without_name_date_line,1,0.045033,0.018778,0.016821,0.006974,0.006478,0.0,0.013452,0.030274,0.054889
hw-dashed,without_credit_qr,1,0.042553,0.016239,0.014453,0.006019,0.005488,0.0,0.011506,0.025959,0.047434
hw-dashed,without_trace_rows,1,0.041118,0.015952,0.014201,0.006321,0.00579,0.0,0.012111,0.026312,0.046602
hw-dashed,broad_fade_72,1,0.045715,0.014668,0.013156,0.003534,0.003188,0.0,0.006722,0.019878,0.042883
hw-dashed,page_wide_fade_60,1,0.044754,0.011613,0.010421,0.002229,0.001909,0.0,0.004138,0.014559,0.033983
hw-dashed,page_wide_fade_75,1,0.045652,0.014471,0.012978,0.003248,0.002881,0.0,0.006129,0.019107,0.042318
hw-dashed,early_role_rule_60,1,0.047211,0.014829,0.013156,0.003536,0.003006,0.0,0.006541,0.019698,0.0433
hw-dashed,early_role_rule_75,1,0.047286,0.01653,0.014721,0.004216,0.003685,0.0,0.007901,0.022622,0.048287
hw-dashed,credit_qr_removed,1,0.042553,0.016239,0.014453,0.006019,0.005488,0.0,0.011506,0.025959,0.047434
hw-dashed,role_aware_75,1,0.047184,0.016547,0.014747,0.004565,0.004035,0.0,0.0086,0.023347,0.048347
hw-dashed,role_aware_75_all_content,1,0.047184,0.016547,0.014747,0.004565,0.004035,0.0,0.0086,0.023347,0.048347
hw-dashed,standard,1,0.047428,0.019285,0.01725,0.00719,0.006659,0.0,0.01385,0.0311,0.056362
hw-dashed,lighter_dark_marks_60,1,0.04692,0.013486,0.011937,0.002943,0.002413,0.0,0.005356,0.017292,0.039376
hw-dashed,lighter_color_75_all,1,0.045671,0.014495,0.012949,0.003336,0.00296,0.0,0.006295,0.019244,0.042352
hw-dashed,lighter_dark_marks_75,1,0.047084,0.015696,0.013966,0.003771,0.00324,0.0,0.007011,0.020977,0.045852
hw-dashed,lighter_dark_marks_75_keep_qr,1,0.047179,0.016454,0.014662,0.004484,0.003954,0.0,0.008439,0.0231,0.048074
hw-faded,high_contrast,1,0.060806,0.035875,0.034816,0.00515,0.005075,0.0,0.010225,0.045041,0.106764
hw-faded,lighter_fills_55,1,0.063561,0.019339,0.016588,0.007371,0.006268,0.0,0.013639,0.030227,0.056181
hw-faded,without_credit_web_address,1,0.061402,0.020178,0.017388,0.008154,0.007091,0.0,0.015245,0.032633,0.058649
hw-faded,without_writing_guides,1,0.04307,0.016641,0.014483,0.006975,0.006316,0.0,0.013292,0.027775,0.048402
hw-faded,without_heading,1,0.060864,0.01886,0.016148,0.007548,0.006444,0.0,0.013992,0.03014,0.054777
hw-faded,without_example_row,1,0.056097,0.014513,0.012152,0.005457,0.004351,0.0,0.009809,0.021961,0.042035
hw-faded,without_name_date_line,1,0.061286,0.020202,0.017417,0.00808,0.007011,0.0,0.015091,0.032508,0.058725
hw-faded,without_credit_qr,1,0.058806,0.017663,0.015049,0.007124,0.00602,0.0,0.013145,0.028193,0.05127
hw-faded,without_trace_rows,1,0.041702,0.016333,0.014551,0.006475,0.005944,0.0,0.01242,0.026971,0.04772
hw-faded,broad_fade_72,1,0.061982,0.015879,0.013707,0.004589,0.003876,0.0,0.008465,0.022171,0.046136
hw-faded,page_wide_fade_60,1,0.060967,0.012515,0.010794,0.00306,0.002386,0.0,0.005446,0.01624,0.036417
hw-faded,page_wide_fade_75,1,0.061906,0.015582,0.013438,0.004196,0.003461,0.0,0.007657,0.021095,0.045277
hw-faded,early_role_rule_60,1,0.063444,0.016102,0.013612,0.004524,0.003421,0.0,0.007945,0.021557,0.04669
hw-faded,early_role_rule_75,1,0.063528,0.01786,0.015231,0.005226,0.004123,0.0,0.009349,0.02458,0.051848
hw-faded,credit_qr_removed,1,0.058806,0.017663,0.015049,0.007124,0.00602,0.0,0.013145,0.028193,0.05127
hw-faded,role_aware_75,1,0.063628,0.018712,0.016012,0.006021,0.004917,0.0,0.010938,0.02695,0.054343
hw-faded,role_aware_75_all_content,1,0.063628,0.018712,0.016012,0.006021,0.004917,0.0,0.010938,0.02695,0.054343
hw-faded,standard,1,0.063681,0.020709,0.017846,0.008296,0.007192,0.0,0.015488,0.033334,0.060198
hw-faded,lighter_dark_marks_60,1,0.063444,0.016102,0.013612,0.004524,0.003421,0.0,0.007945,0.021557,0.04669
hw-faded,lighter_color_75_all,1,0.061926,0.015536,0.01341,0.004255,0.003419,0.0,0.007674,0.021085,0.045206
hw-faded,lighter_dark_marks_75,1,0.063528,0.01786,0.015231,0.005226,0.004123,0.0,0.009349,0.02458,0.051848
hw-faded,lighter_dark_marks_75_keep_qr,1,0.063623,0.018619,0.015927,0.00594,0.004837,0.0,0.010777,0.026704,0.05407
hw-faint,high_contrast,1,0.048061,0.027491,0.026443,0.005099,0.005024,0.0,0.010123,0.036566,0.081622
hw-faint,lighter_fills_55,1,0.042223,0.014907,0.01323,0.005527,0.004988,0.0,0.010514,0.023744,0.043535
hw-faint,without_credit_web_address,1,0.040064,0.015746,0.01403,0.006309,0.005811,0.0,0.01212,0.02615,0.046002
hw-faint,without_writing_guides,1,0.020885,0.012108,0.011041,0.005098,0.005015,0.0,0.010113,0.021154,0.03546
hw-faint,without_heading,1,0.039734,0.014553,0.012904,0.005754,0.005215,0.0,0.010969,0.023874,0.042497
hw-faint,without_example_row,1,0.03476,0.010082,0.008794,0.003613,0.003071,0.0,0.006684,0.015478,0.029388
hw-faint,without_name_date_line,1,0.039948,0.015771,0.014059,0.006236,0.005731,0.0,0.011966,0.026025,0.046078
hw-faint,without_credit_qr,1,0.037468,0.013232,0.01169,0.00528,0.00474,0.0,0.01002,0.02171,0.038623
hw-faint,without_trace_rows,1,0.041494,0.016208,0.014436,0.006425,0.005894,0.0,0.012318,0.026755,0.047354
hw-faint,broad_fade_72,1,0.040752,0.012576,0.01122,0.003277,0.002926,0.0,0.006203,0.017423,0.036742
hw-faint,page_wide_fade_60,1,0.039794,0.009803,0.008747,0.001993,0.001668,0.0,0.003661,0.012408,0.028672
hw-faint,page_wide_fade_75,1,0.040679,0.012229,0.0109,0.00291,0.002537,0.0,0.005447,0.016348,0.035734
hw-faint,early_role_rule_60,1,0.042125,0.011719,0.010299,0.002718,0.002179,0.0,0.004897,0.015197,0.034189
hw-faint,early_role_rule_75,1,0.042197,0.013459,0.011901,0.003413,0.002874,0.0,0.006287,0.018188,0.039291
hw-faint,credit_qr_removed,1,0.037468,0.013232,0.01169,0.00528,0.00474,0.0,0.01002,0.02171,0.038623
hw-faint,role_aware_75,1,0.042297,0.01431,0.012682,0.004207,0.003668,0.0,0.007876,0.020558,0.041786
hw-faint,role_aware_75_all_content,1,0.042297,0.01431,0.012682,0.004207,0.003668,0.0,0.007876,0.020558,0.041786
hw-faint,standard,1,0.042343,0.016278,0.014488,0.006451,0.005912,0.0,0.012363,0.026851,0.047551
hw-faint,lighter_dark_marks_60,1,0.042125,0.011719,0.010299,0.002718,0.002179,0.0,0.004897,0.015197,0.034189
hw-faint,lighter_color_75_all,1,0.040696,0.01224,0.01087,0.002971,0.002589,0.0,0.005559,0.01643,0.035739
hw-faint,lighter_dark_marks_75,1,0.042197,0.013459,0.011901,0.003413,0.002874,0.0,0.006287,0.018188,0.039291
hw-faint,lighter_dark_marks_75_keep_qr,1,0.042292,0.014217,0.012597,0.004127,0.003588,0.0,0.007714,0.020311,0.041513
hw-finedot,high_contrast,1,0.05146,0.029901,0.028854,0.005096,0.005021,0.0,0.010117,0.03897,0.088853
hw-finedot,lighter_fills_55,1,0.045966,0.017234,0.015374,0.006203,0.005673,0.0,0.011876,0.02725,0.050357
hw-finedot,without_credit_web_address,1,0.043807,0.018073,0.016175,0.006986,0.006496,0.0,0.013482,0.029656,0.052825
hw-finedot,without_writing_guides,1,0.024636,0.014435,0.013187,0.005775,0.0057,0.0,0.011475,0.024662,0.042286
hw-finedot,without_heading,1,0.043476,0.01689,0.015058,0.006434,0.005903,0.0,0.012338,0.027396,0.049348
hw-finedot,without_example_row,1,0.038502,0.012408,0.010939,0.004289,0.003756,0.0,0.008045,0.018984,0.036211
hw-finedot,without_name_date_line,1,0.043691,0.018097,0.016204,0.006912,0.006416,0.0,0.013328,0.029531,0.0529
hw-finedot,without_credit_qr,1,0.041211,0.015558,0.013835,0.005956,0.005425,0.0,0.011382,0.025217,0.045445
hw-finedot,without_trace_rows,1,0.041495,0.016199,0.014427,0.006421,0.00589,0.0,0.012312,0.026739,0.047326
hw-finedot,broad_fade_72,1,0.044444,0.014251,0.012763,0.003562,0.003215,0.0,0.006777,0.01954,0.041653
hw-finedot,page_wide_fade_60,1,0.043467,0.011197,0.010036,0.002186,0.001866,0.0,0.004052,0.014087,0.032763
hw-finedot,page_wide_fade_75,1,0.044366,0.013973,0.012502,0.00323,0.002864,0.0,0.006094,0.018595,0.040843
hw-finedot,early_role_rule_60,1,0.045847,0.01405,0.012448,0.003397,0.002867,0.0,0.006264,0.018712,0.041022
hw-finedot,early_role_rule_75,1,0.045922,0.015788,0.014048,0.004092,0.003561,0.0,0.007653,0.021701,0.04612
hw-finedot,credit_qr_removed,1,0.041211,0.015558,0.013835,0.005956,0.005425,0.0,0.011382,0.025217,0.045445
hw-finedot,role_aware_75,1,0.045905,0.016039,0.01428,0.004503,0.003972,0.0,0.008475,0.022755,0.046856
hw-finedot,role_aware_75_all_content,1,0.045905,0.016039,0.01428,0.004503,0.003972,0.0,0.008475,0.022755,0.046856
hw-finedot,standard,1,0.046085,0.018604,0.016633,0.007128,0.006597,0.0,0.013725,0.030358,0.054373
hw-finedot,lighter_dark_marks_60,1,0.04564,0.013085,0.011566,0.002899,0.002369,0.0,0.005269,0.016835,0.038197
hw-finedot,lighter_color_75_all,1,0.044388,0.013986,0.012482,0.003273,0.002897,0.0,0.00617,0.018652,0.04086
hw-finedot,lighter_dark_marks_75,1,0.045805,0.015187,0.013499,0.003708,0.003178,0.0,0.006886,0.020385,0.044362
hw-finedot,lighter_dark_marks_75_keep_qr,1,0.0459,0.015946,0.014195,0.004422,0.003892,0.0,0.008314,0.022509,0.046584
hw-sentence-faded,high_contrast,1,0.059048,0.028739,0.027535,0.00565,0.005575,0.0,0.011225,0.03876,0.085234
hw-sentence-faded,lighter_fills_55,1,0.060171,0.018552,0.016132,0.006944,0.006149,0.0,0.013092,0.029224,0.053978
hw-sentence-faded,without_credit_web_address,1,0.058012,0.019391,0.016932,0.007726,0.006972,0.0,0.014698,0.03163,0.056446
hw-sentence-faded,without_writing_guides,1,0.046573,0.018003,0.015803,0.007293,0.006692,0.0,0.013985,0.029789,0.052427
hw-sentence-faded,without_heading,1,0.053852,0.015692,0.013504,0.006154,0.005359,0.0,0.011514,0.025018,0.045593
hw-sentence-faded,without_example_row,1,0.052727,0.014323,0.012244,0.005487,0.00469,0.0,0.010176,0.02242,0.041579
hw-sentence-faded,without_name_date_line,1,0.057896,0.019416,0.016961,0.007652,0.006892,0.0,0.014544,0.031505,0.056522
hw-sentence-faded,without_credit_qr,1,0.055416,0.016877,0.014593,0.006697,0.005901,0.0,0.012598,0.027191,0.049067
hw-sentence-faded,without_trace_rows,1,0.039021,0.015949,0.014396,0.006225,0.005949,0.0,0.012175,0.02657,0.046662
hw-sentence-faded,broad_fade_72,1,0.05886,0.015938,0.013956,0.004829,0.004297,0.0,0.009126,0.023082,0.046393
hw-sentence-faded,page_wide_fade_60,1,0.057578,0.012043,0.010515,0.002703,0.002223,0.0,0.004926,0.015441,0.035074
hw-sentence-faded,page_wide_fade_75,1,0.059306,0.014979,0.01308,0.003794,0.003264,0.0,0.007058,0.020139,0.043588
hw-sentence-faded,early_role_rule_60,1,0.059913,0.014614,0.012512,0.003746,0.002952,0.0,0.006697,0.019209,0.042432
hw-sentence-faded,early_role_rule_75,1,0.060046,0.016645,0.014381,0.004527,0.003733,0.0,0.00826,0.022641,0.048388
hw-sentence-faded,credit_qr_removed,1,0.055416,0.016877,0.014593,0.006697,0.005901,0.0,0.012598,0.027191,0.049067
hw-sentence-faded,role_aware_75,1,0.060146,0.017496,0.015162,0.005321,0.004527,0.0,0.009849,0.025011,0.050883
hw-sentence-faded,role_aware_75_all_content,1,0.060146,0.017496,0.015162,0.005321,0.004527,0.0,0.009849,0.025011,0.050883
hw-sentence-faded,standard,1,0.06029,0.019923,0.01739,0.007868,0.007073,0.0,0.014941,0.032332,0.057995
hw-sentence-faded,lighter_dark_marks_60,1,0.059913,0.014614,0.012512,0.003746,0.002952,0.0,0.006697,0.019209,0.042432
hw-sentence-faded,lighter_color_75_all,1,0.05933,0.014959,0.013089,0.003825,0.003216,0.0,0.007041,0.020129,0.043591
hw-sentence-faded,lighter_dark_marks_75,1,0.060046,0.016645,0.014381,0.004527,0.003733,0.0,0.00826,0.022641,0.048388
hw-sentence-faded,lighter_dark_marks_75_keep_qr,1,0.060141,0.017403,0.015077,0.005241,0.004447,0.0,0.009688,0.024765,0.05061
kana-hiragana,page_wide_fade_60,5,0.023792,0.00785,0.007337,0.00096,0.000768,0.0,0.001728,0.009065,0.023204
kana-hiragana,page_wide_fade_75,5,0.024564,0.009003,0.008359,0.001399,0.001145,0.0,0.002545,0.010903,0.026574
kana-hiragana,standard,5,0.024632,0.007769,0.006917,0.002931,0.002511,0.0,0.005442,0.01236,0.02274
kana-hiragana,lighter_dark_marks_60,5,0.024617,0.007254,0.006693,0.001377,0.001028,0.0,0.002405,0.009098,0.021434
kana-hiragana,lighter_color_75_all,5,0.024318,0.005993,0.005378,0.001397,0.001108,0.0,0.002505,0.007884,0.01758
kana-hiragana,lighter_dark_marks_75,5,0.024566,0.006488,0.005755,0.001617,0.001259,0.0,0.002876,0.008631,0.018989
kana-katakana,page_wide_fade_60,5,0.022798,0.007472,0.00699,0.0009,0.000708,0.0,0.001608,0.008598,0.022097
kana-katakana,page_wide_fade_75,5,0.023559,0.008532,0.007926,0.001304,0.00105,0.0,0.002354,0.01028,0.025193
kana-katakana,standard,5,0.023625,0.007142,0.006342,0.00269,0.00227,0.0,0.00496,0.011301,0.020902
kana-katakana,lighter_dark_marks_60,5,0.023611,0.006665,0.006117,0.001317,0.000968,0.0,0.002285,0.008402,0.019679
kana-katakana,lighter_color_75_all,5,0.023325,0.005521,0.004943,0.001308,0.00102,0.0,0.002328,0.007271,0.016196
kana-katakana,lighter_dark_marks_75,5,0.023573,0.006016,0.005319,0.001528,0.00117,0.0,0.002699,0.008017,0.017605
letter-block-a,high_contrast,1,0.039138,0.030158,0.027675,0.013717,0.013685,0.0,0.027402,0.055077,0.088391
letter-block-a,lighter_fills_55,1,0.038995,0.028843,0.026468,0.012818,0.012787,0.0,0.025605,0.052073,0.084537
letter-block-a,without_credit_web_address,1,0.037383,0.029743,0.027317,0.013606,0.013606,0.0,0.027212,0.054529,0.087181
letter-block-a,without_writing_guides,1,0.039138,0.030158,0.027675,0.013717,0.013685,0.0,0.027402,0.055077,0.088391
letter-block-a,without_heading,1,0.037532,0.029099,0.026702,0.013285,0.013253,0.0,0.026538,0.053241,0.085287
letter-block-a,without_example_row,1,0.039138,0.030158,0.027675,0.013717,0.013685,0.0,0.027402,0.055077,0.088391
letter-block-a,without_name_date_line,1,0.039138,0.030158,0.027675,0.013717,0.013685,0.0,0.027402,0.055077,0.088391
letter-block-a,without_credit_qr,1,0.034517,0.027236,0.02499,0.012581,0.012549,0.0,0.02513,0.05012,0.079823
letter-block-a,without_trace_rows,1,0.039138,0.030158,0.027675,0.013717,0.013685,0.0,0.027402,0.055077,0.088391
letter-block-a,broad_fade_72,1,0.038987,0.022272,0.020489,0.004776,0.004744,0.0,0.009521,0.03001,0.065322
letter-block-a,page_wide_fade_60,1,0.038697,0.018177,0.016689,0.003076,0.003062,0.0,0.006138,0.022827,0.053282
letter-block-a,page_wide_fade_75,1,0.038911,0.022653,0.020792,0.004995,0.004975,0.0,0.00997,0.030761,0.066397
letter-block-a,credit_qr_removed,1,0.034517,0.027236,0.02499,0.012581,0.012549,0.0,0.02513,0.05012,0.079823
letter-block-a,role_aware_75,1,0.039101,0.029898,0.027436,0.01345,0.013419,0.0,0.026869,0.054305,0.087627
letter-block-a,role_aware_75_all_content,1,0.039022,0.023486,0.02155,0.005727,0.005695,0.0,0.011421,0.032971,0.068836
letter-block-a,standard,1,0.039138,0.030158,0.027675,0.013717,0.013685,0.0,0.027402,0.055077,0.088391
letter-block-a,lighter_dark_marks_60,1,0.038796,0.018212,0.016699,0.003111,0.003079,0.0,0.00619,0.022889,0.053372
letter-block-a,lighter_color_75_all,1,0.038915,0.022654,0.020792,0.004998,0.004974,0.0,0.009972,0.030765,0.066401
letter-block-a,lighter_dark_marks_75,1,0.038964,0.022759,0.020882,0.005032,0.005,0.0,0.010033,0.030915,0.066704
letter-block-a,lighter_dark_marks_75_keep_qr,1,0.039022,0.023486,0.02155,0.005727,0.005695,0.0,0.011421,0.032971,0.068836
letter-bubble-m,high_contrast,1,0.056637,0.045251,0.041537,0.020933,0.020899,0.0,0.041832,0.08337,0.13263
letter-bubble-m,lighter_fills_55,1,0.05654,0.043973,0.040364,0.020057,0.020024,0.0,0.040081,0.080444,0.128884
letter-bubble-m,without_credit_web_address,1,0.054773,0.044815,0.041162,0.020816,0.020816,0.0,0.041633,0.082794,0.13136
letter-bubble-m,without_writing_guides,1,0.056637,0.045251,0.041537,0.020933,0.020899,0.0,0.041832,0.08337,0.13263
letter-bubble-m,without_heading,1,0.054745,0.04398,0.04037,0.020416,0.020383,0.0,0.040799,0.081169,0.128905
letter-bubble-m,without_example_row,1,0.056637,0.045251,0.041537,0.020933,0.020899,0.0,0.041832,0.08337,0.13263
letter-bubble-m,without_name_date_line,1,0.056637,0.045251,0.041537,0.020933,0.020899,0.0,0.041832,0.08337,0.13263
letter-bubble-m,without_credit_qr,1,0.052189,0.042409,0.038927,0.019825,0.019792,0.0,0.039617,0.078544,0.1243
letter-bubble-m,without_trace_rows,1,0.056637,0.045251,0.041537,0.020933,0.020899,0.0,0.041832,0.08337,0.13263
letter-bubble-m,broad_fade_72,1,0.05649,0.03328,0.030627,0.007115,0.007082,0.0,0.014197,0.044823,0.097612
letter-bubble-m,page_wide_fade_60,1,0.056199,0.027274,0.025046,0.004638,0.004623,0.0,0.00926,0.034307,0.079947
letter-bubble-m,page_wide_fade_75,1,0.056412,0.03399,0.031203,0.007559,0.007538,0.0,0.015098,0.046301,0.099625
letter-bubble-m,credit_qr_removed,1,0.052189,0.042409,0.038927,0.019825,0.019792,0.0,0.039617,0.078544,0.1243
letter-bubble-m,role_aware_75,1,0.056614,0.044938,0.04125,0.020614,0.020581,0.0,0.041195,0.082445,0.131713
letter-bubble-m,role_aware_75_all_content,1,0.056509,0.034808,0.031947,0.008275,0.008242,0.0,0.016517,0.048465,0.102022
letter-bubble-m,standard,1,0.056637,0.045251,0.041537,0.020933,0.020899,0.0,0.041832,0.08337,0.13263
letter-bubble-m,lighter_dark_marks_60,1,0.056311,0.02725,0.024998,0.004662,0.004629,0.0,0.009291,0.034289,0.079861
letter-bubble-m,lighter_color_75_all,1,0.056415,0.033991,0.031204,0.007563,0.007538,0.0,0.015101,0.046305,0.099632
letter-bubble-m,lighter_dark_marks_75,1,0.056479,0.034101,0.031299,0.007599,0.007565,0.0,0.015164,0.046462,0.09995
letter-bubble-m,lighter_dark_marks_75_keep_qr,1,0.056509,0.034808,0.031947,0.008275,0.008242,0.0,0.016517,0.048465,0.102022
letter-calligraphy-g,high_contrast,1,0.028093,0.019991,0.01955,0.001901,0.001863,0.0,0.003765,0.023315,0.059615
letter-calligraphy-g,lighter_fills_55,1,0.025472,0.014907,0.013664,0.005694,0.005656,0.0,0.011351,0.025015,0.043686
letter-calligraphy-g,without_credit_web_address,1,0.023527,0.015742,0.014459,0.006445,0.006445,0.0,0.012891,0.027349,0.046142
letter-calligraphy-g,without_writing_guides,1,0.025645,0.016242,0.01489,0.006579,0.006541,0.0,0.01312,0.02801,0.0476
letter-calligraphy-g,without_heading,1,0.023234,0.014652,0.01343,0.005936,0.005898,0.0,0.011833,0.025263,0.04294
letter-calligraphy-g,without_example_row,1,0.025645,0.016242,0.01489,0.006579,0.006541,0.0,0.01312,0.02801,0.0476
letter-calligraphy-g,without_name_date_line,1,0.025645,0.016242,0.01489,0.006579,0.006541,0.0,0.01312,0.02801,0.0476
letter-calligraphy-g,without_credit_qr,1,0.020766,0.013274,0.012164,0.005454,0.005416,0.0,0.010871,0.023035,0.0389
letter-calligraphy-g,without_trace_rows,1,0.025645,0.016242,0.01489,0.006579,0.006541,0.0,0.01312,0.02801,0.0476
letter-calligraphy-g,broad_fade_72,1,0.025302,0.012351,0.011342,0.002751,0.002713,0.0,0.005464,0.016806,0.036215
letter-calligraphy-g,page_wide_fade_60,1,0.024953,0.009792,0.00898,0.001601,0.001583,0.0,0.003184,0.012164,0.028697
letter-calligraphy-g,page_wide_fade_75,1,0.025234,0.012201,0.011188,0.00254,0.002516,0.0,0.005057,0.016245,0.035758
letter-calligraphy-g,credit_qr_removed,1,0.020766,0.013274,0.012164,0.005454,0.005416,0.0,0.010871,0.023035,0.0389
letter-calligraphy-g,role_aware_75,1,0.02561,0.015852,0.014531,0.006183,0.006145,0.0,0.012328,0.02686,0.046455
letter-calligraphy-g,role_aware_75_all_content,1,0.025407,0.013069,0.011976,0.003268,0.00323,0.0,0.006499,0.018475,0.038298
letter-calligraphy-g,standard,1,0.025645,0.016242,0.01489,0.006579,0.006541,0.0,0.01312,0.02801,0.0476
letter-calligraphy-g,lighter_dark_marks_60,1,0.025068,0.009924,0.009083,0.001658,0.00162,0.0,0.003279,0.012362,0.029077
letter-calligraphy-g,lighter_color_75_all,1,0.025235,0.012204,0.01119,0.002546,0.002518,0.0,0.005064,0.016254,0.035769
letter-calligraphy-g,lighter_dark_marks_75,1,0.025299,0.01233,0.011298,0.002587,0.002549,0.0,0.005137,0.016435,0.036134
letter-calligraphy-g,lighter_dark_marks_75_keep_qr,1,0.025407,0.013069,0.011976,0.003268,0.00323,0.0,0.006499,0.018475,0.038298
letter-cursive-a,high_contrast,1,0.031324,0.023001,0.022607,0.00172,0.001686,0.0,0.003406,0.026012,0.068683
letter-cursive-a,lighter_fills_55,1,0.027778,0.013488,0.012169,0.004852,0.004561,0.0,0.009414,0.021583,0.039463
letter-cursive-a,without_credit_web_address,1,0.02599,0.01436,0.012995,0.005637,0.00538,0.0,0.011017,0.024012,0.042028
letter-cursive-a,without_writing_guides,1,0.020761,0.012698,0.011637,0.00501,0.004975,0.0,0.009985,0.021622,0.037212
letter-cursive-a,without_heading,1,0.026201,0.013684,0.012348,0.005302,0.005011,0.0,0.010313,0.022661,0.040037
letter-cursive-a,without_example_row,1,0.027919,0.014812,0.013385,0.005757,0.005466,0.0,0.011223,0.024608,0.043344
letter-cursive-a,without_name_date_line,1,0.027919,0.014812,0.013385,0.005757,0.005466,0.0,0.011223,0.024608,0.043344
letter-cursive-a,without_credit_qr,1,0.023271,0.011868,0.010681,0.004612,0.004321,0.0,0.008934,0.019615,0.034716
letter-cursive-a,without_trace_rows,1,0.027919,0.014812,0.013385,0.005757,0.005466,0.0,0.011223,0.024608,0.043344
letter-cursive-a,broad_fade_72,1,0.027634,0.011183,0.010128,0.002576,0.002394,0.0,0.00497,0.015098,0.032736
letter-cursive-a,page_wide_fade_60,1,0.02729,0.00893,0.008077,0.001628,0.001475,0.0,0.003103,0.011181,0.02614
letter-cursive-a,page_wide_fade_75,1,0.027583,0.011132,0.010069,0.00246,0.002268,0.0,0.004728,0.014797,0.03258
letter-cursive-a,credit_qr_removed,1,0.023271,0.011868,0.010681,0.004612,0.004321,0.0,0.008934,0.019615,0.034716
letter-cursive-a,role_aware_75,1,0.027907,0.014535,0.01313,0.005477,0.005186,0.0,0.010663,0.023793,0.042531
letter-cursive-a,role_aware_75_all_content,1,0.02772,0.0125,0.011262,0.003446,0.003155,0.0,0.006601,0.017863,0.036569
letter-cursive-a,standard,1,0.027919,0.014812,0.013385,0.005757,0.005466,0.0,0.011223,0.024608,0.043344
letter-cursive-a,lighter_dark_marks_60,1,0.027423,0.009896,0.008868,0.002037,0.001747,0.0,0.003784,0.012652,0.028933
letter-cursive-a,lighter_color_75_all,1,0.027585,0.011129,0.010047,0.00249,0.002292,0.0,0.004782,0.014828,0.032559
letter-cursive-a,lighter_dark_marks_75,1,0.027658,0.011768,0.01059,0.002747,0.002456,0.0,0.005203,0.015793,0.034422
letter-cursive-a,lighter_dark_marks_75_keep_qr,1,0.02772,0.0125,0.011262,0.003446,0.003155,0.0,0.006601,0.017863,0.036569
letter-dot-a,high_contrast,1,0.02332,0.013728,0.012272,0.005889,0.005934,0.0,0.011823,0.024095,0.039926
letter-dot-a,lighter_fills_55,1,0.02311,0.009939,0.008793,0.002961,0.003006,0.0,0.005967,0.01476,0.028823
letter-dot-a,without_credit_web_address,1,0.021303,0.013253,0.011863,0.005763,0.005843,0.0,0.011606,0.023469,0.038544
letter-dot-a,without_writing_guides,1,0.02332,0.013728,0.012272,0.005889,0.005934,0.0,0.011823,0.024095,0.039926
letter-dot-a,without_heading,1,0.02127,0.012385,0.011039,0.005346,0.00539,0.0,0.010736,0.021775,0.035992
letter-dot-a,without_example_row,1,0.02332,0.013728,0.012272,0.005889,0.005934,0.0,0.011823,0.024095,0.039926
letter-dot-a,without_name_date_line,1,0.02332,0.013728,0.012272,0.005889,0.005934,0.0,0.011823,0.024095,0.039926
letter-dot-a,without_credit_qr,1,0.018424,0.010756,0.009543,0.004769,0.004813,0.0,0.009582,0.019124,0.031217
letter-dot-a,without_trace_rows,1,0.02332,0.013728,0.012272,0.005889,0.005934,0.0,0.011823,0.024095,0.039926
letter-dot-a,broad_fade_72,1,0.02297,0.010454,0.009372,0.002538,0.002558,0.0,0.005096,0.014468,0.030434
letter-dot-a,page_wide_fade_60,1,0.022609,0.008278,0.007406,0.00152,0.001551,0.0,0.003071,0.010477,0.02408
letter-dot-a,page_wide_fade_75,1,0.022897,0.010314,0.009225,0.002356,0.002396,0.0,0.004752,0.013977,0.029999
letter-dot-a,credit_qr_removed,1,0.018424,0.010756,0.009543,0.004769,0.004813,0.0,0.009582,0.019124,0.031217
letter-dot-a,role_aware_75,1,0.023292,0.013397,0.011969,0.005554,0.005599,0.0,0.011153,0.023122,0.038958
letter-dot-a,role_aware_75_all_content,1,0.023213,0.011297,0.01004,0.00317,0.003214,0.0,0.006384,0.016424,0.032802
letter-dot-a,standard,1,0.02332,0.013728,0.012272,0.005889,0.005934,0.0,0.011823,0.024095,0.039926
letter-dot-a,lighter_dark_marks_60,1,0.023012,0.008602,0.007561,0.001715,0.001759,0.0,0.003474,0.011035,0.0249
letter-dot-a,lighter_color_75_all,1,0.02291,0.010319,0.009228,0.002368,0.002397,0.0,0.004765,0.013994,0.030019
letter-dot-a,lighter_dark_marks_75,1,0.023152,0.010557,0.009361,0.002492,0.002536,0.0,0.005028,0.014389,0.030633
letter-dot-a,lighter_dark_marks_75_keep_qr,1,0.023213,0.011297,0.01004,0.00317,0.003214,0.0,0.006384,0.016424,0.032802
letter-tracing-gen,high_contrast,1,0.042337,0.023872,0.023262,0.00276,0.002699,0.0,0.005458,0.028721,0.071128
letter-tracing-gen,lighter_fills_55,1,0.03687,0.011467,0.010091,0.003949,0.003431,0.0,0.00738,0.01747,0.033461
letter-tracing-gen,without_credit_web_address,1,0.035505,0.012442,0.011005,0.004762,0.00427,0.0,0.009032,0.020037,0.036323
letter-tracing-gen,without_writing_guides,1,0.015372,0.008602,0.007844,0.003499,0.003437,0.0,0.006936,0.01478,0.025194
letter-tracing-gen,without_heading,1,0.035118,0.011552,0.010168,0.00435,0.003831,0.0,0.008181,0.018349,0.033708
letter-tracing-gen,without_example_row,1,0.034947,0.011083,0.009736,0.004069,0.00355,0.0,0.007619,0.017354,0.032332
letter-tracing-gen,without_name_date_line,1,0.034612,0.012289,0.010881,0.00464,0.004156,0.0,0.008796,0.019677,0.03588
letter-tracing-gen,without_credit_qr,1,0.032346,0.009842,0.008598,0.003709,0.00319,0.0,0.006899,0.015497,0.028697
letter-tracing-gen,without_trace_rows,1,0.03426,0.010974,0.009636,0.00411,0.003591,0.0,0.007702,0.017338,0.032013
letter-tracing-gen,broad_fade_72,1,0.035523,0.009869,0.008747,0.002604,0.00227,0.0,0.004873,0.01362,0.028813
letter-tracing-gen,page_wide_fade_60,1,0.034657,0.007704,0.00683,0.001623,0.001308,0.0,0.002932,0.009762,0.022524
letter-tracing-gen,page_wide_fade_75,1,0.035475,0.009614,0.008512,0.002318,0.001958,0.0,0.004276,0.012788,0.028074
letter-tracing-gen,early_role_rule_60,1,0.036827,0.010273,0.008991,0.002887,0.002369,0.0,0.005256,0.014248,0.029957
letter-tracing-gen,early_role_rule_75,1,0.036933,0.011235,0.009878,0.003259,0.00274,0.0,0.005999,0.015877,0.032781
letter-tracing-gen,credit_qr_removed,1,0.032346,0.009842,0.008598,0.003709,0.00319,0.0,0.006899,0.015497,0.028697
letter-tracing-gen,role_aware_75,1,0.03694,0.01161,0.010221,0.003578,0.003059,0.0,0.006637,0.016858,0.033878
letter-tracing-gen,role_aware_75_all_content,1,0.03694,0.01161,0.010221,0.003578,0.003059,0.0,0.006637,0.016858,0.033878
letter-tracing-gen,standard,1,0.037006,0.012796,0.01131,0.004856,0.004337,0.0,0.009194,0.020503,0.037353
letter-tracing-gen,lighter_dark_marks_60,1,0.036752,0.00954,0.008318,0.002317,0.001799,0.0,0.004116,0.012434,0.027809
letter-tracing-gen,lighter_color_75_all,1,0.035491,0.009619,0.008478,0.002374,0.002007,0.0,0.004381,0.012859,0.028061
letter-tracing-gen,lighter_dark_marks_75,1,0.03689,0.010782,0.009462,0.002796,0.002277,0.0,0.005073,0.014535,0.031451
letter-tracing-gen,lighter_dark_marks_75_keep_qr,1,0.036935,0.011517,0.010136,0.003497,0.002978,0.0,0.006476,0.016611,0.033605
letter-tracing-ruled,high_contrast,5,0.015607,0.004017,0.00346,0.00136,0.001086,0.0,0.002446,0.005906,0.011707
letter-tracing-ruled,lighter_fills_55,5,0.015576,0.003751,0.003216,0.001182,0.000907,0.0,0.002089,0.005305,0.010928
letter-tracing-ruled,without_credit_web_address,5,0.015334,0.00395,0.003402,0.001343,0.001073,0.0,0.002416,0.005817,0.01151
letter-tracing-ruled,without_writing_guides,5,0.015607,0.004017,0.00346,0.00136,0.001086,0.0,0.002446,0.005906,0.011707
letter-tracing-ruled,without_heading,5,0.015072,0.003676,0.003147,0.001225,0.00095,0.0,0.002175,0.005322,0.010708
letter-tracing-ruled,without_example_row,5,0.011265,0.002327,0.001907,0.001012,0.000738,0.0,0.00175,0.003658,0.006752
letter-tracing-ruled,without_name_date_line,5,0.015607,0.004017,0.00346,0.00136,0.001086,0.0,0.002446,0.005906,0.011707
letter-tracing-ruled,without_credit_qr,5,0.014654,0.003426,0.002917,0.001134,0.000859,0.0,0.001993,0.00491,0.009975
letter-tracing-ruled,without_trace_rows,5,0.013949,0.003806,0.003313,0.001241,0.001021,0.0,0.002261,0.005575,0.011102
letter-tracing-ruled,broad_fade_72,5,0.015471,0.003389,0.002886,0.00104,0.000766,0.0,0.001806,0.004692,0.009869
letter-tracing-ruled,page_wide_fade_60,5,0.014296,0.00243,0.002094,0.000584,0.000433,0.0,0.001017,0.003111,0.007081
letter-tracing-ruled,page_wide_fade_75,5,0.014865,0.003021,0.002606,0.000794,0.000595,0.0,0.001389,0.003996,0.008808
letter-tracing-ruled,early_role_rule_60,5,0.015384,0.00298,0.002506,0.000874,0.000599,0.0,0.001473,0.00398,0.008667
letter-tracing-ruled,early_role_rule_75,5,0.015485,0.003381,0.002875,0.000985,0.000711,0.0,0.001696,0.004571,0.009842
letter-tracing-ruled,credit_qr_removed,5,0.014654,0.003426,0.002917,0.001134,0.000859,0.0,0.001993,0.00491,0.009975
letter-tracing-ruled,role_aware_75,5,0.01549,0.003528,0.00301,0.001123,0.000848,0.0,0.001971,0.004982,0.010272
letter-tracing-ruled,role_aware_75_all_content,5,0.01549,0.003528,0.00301,0.001123,0.000848,0.0,0.001971,0.004982,0.010272
letter-tracing-ruled,standard,5,0.015607,0.004017,0.00346,0.00136,0.001086,0.0,0.002446,0.005906,0.011707
letter-tracing-ruled,lighter_dark_marks_60,5,0.015384,0.00298,0.002506,0.000874,0.000599,0.0,0.001473,0.00398,0.008667
letter-tracing-ruled,lighter_color_75_all,5,0.014847,0.00303,0.002607,0.000804,0.000609,0.0,0.001413,0.00402,0.008827
letter-tracing-ruled,lighter_dark_marks_75,5,0.015485,0.003381,0.002875,0.000985,0.000711,0.0,0.001696,0.004571,0.009842
letter-tracing-ruled,lighter_dark_marks_75_keep_qr,5,0.01549,0.003528,0.00301,0.001123,0.000848,0.0,0.001971,0.004982,0.010272
mom-in-cursive,high_contrast,1,0.068607,0.039509,0.038207,0.006648,0.006586,0.0,0.013234,0.051441,0.117455
mom-in-cursive,lighter_fills_55,1,0.060231,0.021335,0.018819,0.008128,0.007286,0.0,0.015413,0.034233,0.062236
mom-in-cursive,without_credit_web_address,1,0.058813,0.022345,0.019767,0.008985,0.00817,0.0,0.017155,0.036922,0.065201
mom-in-cursive,without_writing_guides,1,0.039843,0.018734,0.016783,0.007795,0.007398,0.0,0.015193,0.031976,0.054721
mom-in-cursive,without_heading,1,0.058786,0.021683,0.019139,0.008666,0.007824,0.0,0.016489,0.035628,0.063255
mom-in-cursive,without_example_row,1,0.047562,0.012438,0.010641,0.004405,0.003556,0.0,0.007962,0.018603,0.036153
mom-in-cursive,without_name_date_line,1,0.057957,0.022198,0.019648,0.008865,0.008057,0.0,0.016923,0.036571,0.064778
mom-in-cursive,without_credit_qr,1,0.055643,0.01966,0.01728,0.007879,0.007036,0.0,0.014915,0.032195,0.057323
mom-in-cursive,without_trace_rows,1,0.045799,0.019547,0.017515,0.008004,0.007463,0.0,0.015467,0.032982,0.057154
mom-in-cursive,broad_fade_72,1,0.058235,0.017004,0.015068,0.004265,0.003731,0.0,0.007996,0.023064,0.049619
mom-in-cursive,page_wide_fade_60,1,0.056547,0.013693,0.01212,0.002887,0.002429,0.0,0.005316,0.017436,0.039966
mom-in-cursive,page_wide_fade_75,1,0.05827,0.017067,0.015095,0.004208,0.003635,0.0,0.007844,0.022938,0.049793
mom-in-cursive,early_role_rule_60,1,0.060061,0.016785,0.014637,0.004099,0.003257,0.0,0.007356,0.021993,0.048895
mom-in-cursive,early_role_rule_75,1,0.060201,0.019045,0.016717,0.005018,0.004176,0.0,0.009195,0.025912,0.055522
mom-in-cursive,credit_qr_removed,1,0.055643,0.01966,0.01728,0.007879,0.007036,0.0,0.014915,0.032195,0.057323
mom-in-cursive,role_aware_75,1,0.060261,0.019896,0.017498,0.005837,0.004995,0.0,0.010832,0.028329,0.058016
mom-in-cursive,role_aware_75_all_content,1,0.060261,0.019896,0.017498,0.005837,0.004995,0.0,0.010832,0.028329,0.058016
mom-in-cursive,standard,1,0.060351,0.022705,0.020077,0.009081,0.008239,0.0,0.01732,0.037397,0.066251
mom-in-cursive,lighter_dark_marks_60,1,0.060061,0.016785,0.014637,0.004099,0.003257,0.0,0.007356,0.021993,0.048895
mom-in-cursive,lighter_color_75_all,1,0.058263,0.017074,0.015067,0.004263,0.003679,0.0,0.007942,0.023008,0.049791
mom-in-cursive,lighter_dark_marks_75,1,0.060201,0.019045,0.016717,0.005018,0.004176,0.0,0.009195,0.025912,0.055522
mom-in-cursive,lighter_dark_marks_75_keep_qr,1,0.060256,0.019803,0.017413,0.005756,0.004914,0.0,0.01067,0.028083,0.057744
monogram-circle,high_contrast,1,0.057644,0.044741,0.041089,0.02022,0.020215,0.0,0.040435,0.081524,0.131141
monogram-circle,lighter_fills_55,1,0.057644,0.044741,0.041089,0.02022,0.020215,0.0,0.040435,0.081524,0.131141
monogram-circle,without_credit_web_address,1,0.057644,0.044741,0.041089,0.02022,0.020215,0.0,0.040435,0.081524,0.131141
monogram-circle,without_writing_guides,1,0.057644,0.044741,0.041089,0.02022,0.020215,0.0,0.040435,0.081524,0.131141
monogram-circle,without_heading,1,0.057644,0.044741,0.041089,0.02022,0.020215,0.0,0.040435,0.081524,0.131141
monogram-circle,without_example_row,1,0.057644,0.044741,0.041089,0.02022,0.020215,0.0,0.040435,0.081524,0.131141
monogram-circle,without_name_date_line,1,0.057644,0.044741,0.041089,0.02022,0.020215,0.0,0.040435,0.081524,0.131141
monogram-circle,without_credit_qr,1,0.057644,0.044741,0.041089,0.02022,0.020215,0.0,0.040435,0.081524,0.131141
monogram-circle,without_trace_rows,1,0.057644,0.044741,0.041089,0.02022,0.020215,0.0,0.040435,0.081524,0.131141
monogram-circle,broad_fade_72,1,0.057641,0.03237,0.029803,0.006522,0.006519,0.0,0.013041,0.042844,0.094944
monogram-circle,solid_to_outline,1,0.057644,0.044741,0.041089,0.02022,0.020215,0.0,0.040435,0.081524,0.131141
monogram-circle,page_wide_fade_60,1,0.057644,0.044741,0.041089,0.02022,0.020215,0.0,0.040435,0.081524,0.131141
monogram-circle,page_wide_fade_75,1,0.057644,0.044741,0.041089,0.02022,0.020215,0.0,0.040435,0.081524,0.131141
monogram-circle,credit_qr_removed,1,0.057644,0.044741,0.041089,0.02022,0.020215,0.0,0.040435,0.081524,0.131141
monogram-circle,standard,1,0.057644,0.044741,0.041089,0.02022,0.020215,0.0,0.040435,0.081524,0.131141
monogram-circle,lighter_dark_marks_60,1,0.057644,0.044741,0.041089,0.02022,0.020215,0.0,0.040435,0.081524,0.131141
monogram-circle,lighter_color_75_all,1,0.057644,0.044741,0.041089,0.02022,0.020215,0.0,0.040435,0.081524,0.131141
monogram-circle,lighter_dark_marks_75,1,0.057644,0.044741,0.041089,0.02022,0.020215,0.0,0.040435,0.081524,0.131141
monogram-circle,lighter_dark_marks_75_keep_qr,1,0.057644,0.044741,0.041089,0.02022,0.020215,0.0,0.040435,0.081524,0.131141
monogram-classic,high_contrast,1,0.040029,0.032757,0.030081,0.01528,0.015275,0.0,0.030555,0.060636,0.096014
monogram-classic,lighter_fills_55,1,0.040029,0.032757,0.030081,0.01528,0.015275,0.0,0.030555,0.060636,0.096014
monogram-classic,without_credit_web_address,1,0.040029,0.032757,0.030081,0.01528,0.015275,0.0,0.030555,0.060636,0.096014
monogram-classic,without_writing_guides,1,0.040029,0.032757,0.030081,0.01528,0.015275,0.0,0.030555,0.060636,0.096014
monogram-classic,without_heading,1,0.040029,0.032757,0.030081,0.01528,0.015275,0.0,0.030555,0.060636,0.096014
monogram-classic,without_example_row,1,0.040029,0.032757,0.030081,0.01528,0.015275,0.0,0.030555,0.060636,0.096014
monogram-classic,without_name_date_line,1,0.040029,0.032757,0.030081,0.01528,0.015275,0.0,0.030555,0.060636,0.096014
monogram-classic,without_credit_qr,1,0.040029,0.032757,0.030081,0.01528,0.015275,0.0,0.030555,0.060636,0.096014
monogram-classic,without_trace_rows,1,0.040029,0.032757,0.030081,0.01528,0.015275,0.0,0.030555,0.060636,0.096014
monogram-classic,broad_fade_72,1,0.039912,0.023649,0.021772,0.004853,0.00485,0.0,0.009703,0.031475,0.069363
monogram-classic,solid_to_outline,1,0.040029,0.032757,0.030081,0.01528,0.015275,0.0,0.030555,0.060636,0.096014
monogram-classic,page_wide_fade_60,1,0.040029,0.032757,0.030081,0.01528,0.015275,0.0,0.030555,0.060636,0.096014
monogram-classic,page_wide_fade_75,1,0.040029,0.032757,0.030081,0.01528,0.015275,0.0,0.030555,0.060636,0.096014
monogram-classic,credit_qr_removed,1,0.040029,0.032757,0.030081,0.01528,0.015275,0.0,0.030555,0.060636,0.096014
monogram-classic,standard,1,0.040029,0.032757,0.030081,0.01528,0.015275,0.0,0.030555,0.060636,0.096014
monogram-classic,lighter_dark_marks_60,1,0.040029,0.032757,0.030081,0.01528,0.015275,0.0,0.030555,0.060636,0.096014
monogram-classic,lighter_color_75_all,1,0.040029,0.032757,0.030081,0.01528,0.015275,0.0,0.030555,0.060636,0.096014
monogram-classic,lighter_dark_marks_75,1,0.040029,0.032757,0.030081,0.01528,0.015275,0.0,0.030555,0.060636,0.096014
monogram-classic,lighter_dark_marks_75_keep_qr,1,0.040029,0.032757,0.030081,0.01528,0.015275,0.0,0.030555,0.060636,0.096014
name-puzzle,high_contrast,1,0.022981,0.011193,0.010053,0.004566,0.004285,0.0,0.008851,0.018903,0.032738
name-puzzle,lighter_fills_55,1,0.022827,0.009859,0.008828,0.003652,0.003371,0.0,0.007022,0.015851,0.028829
name-puzzle,without_credit_web_address,1,0.021271,0.010787,0.009702,0.004458,0.004207,0.0,0.008665,0.018367,0.031554
name-puzzle,without_writing_guides,1,0.022981,0.011193,0.010053,0.004566,0.004285,0.0,0.008851,0.018903,0.032738
name-puzzle,without_heading,1,0.022981,0.011193,0.010053,0.004566,0.004285,0.0,0.008851,0.018903,0.032738
name-puzzle,without_example_row,1,0.022981,0.011193,0.010053,0.004566,0.004285,0.0,0.008851,0.018903,0.032738
name-puzzle,without_name_date_line,1,0.022981,0.011193,0.010053,0.004566,0.004285,0.0,0.008851,0.018903,0.032738
name-puzzle,without_credit_qr,1,0.018333,0.008228,0.00733,0.00341,0.003129,0.0,0.006539,0.013869,0.024048
name-puzzle,without_trace_rows,1,0.022981,0.011193,0.010053,0.004566,0.004285,0.0,0.008851,0.018903,0.032738
name-puzzle,broad_fade_72,1,0.022839,0.008841,0.007886,0.002361,0.00208,0.0,0.00444,0.012327,0.025838
name-puzzle,page_wide_fade_60,1,0.022427,0.006756,0.006073,0.001311,0.001159,0.0,0.00247,0.008542,0.019765
name-puzzle,page_wide_fade_75,1,0.022689,0.008415,0.007566,0.001972,0.001772,0.0,0.003743,0.011309,0.02462
name-puzzle,credit_qr_removed,1,0.018333,0.008228,0.00733,0.00341,0.003129,0.0,0.006539,0.013869,0.024048
name-puzzle,role_aware_75,1,0.022981,0.011193,0.010053,0.004566,0.004285,0.0,0.008851,0.018903,0.032738
name-puzzle,role_aware_75_all_content,1,0.022893,0.00953,0.008526,0.002893,0.002612,0.0,0.005505,0.014031,0.027864
name-puzzle,standard,1,0.022981,0.011193,0.010053,0.004566,0.004285,0.0,0.008851,0.018903,0.032738
name-puzzle,lighter_dark_marks_60,1,0.022654,0.007316,0.006489,0.001628,0.001347,0.0,0.002975,0.009464,0.021371
name-puzzle,lighter_color_75_all,1,0.022689,0.008408,0.007549,0.001982,0.001784,0.0,0.003765,0.011314,0.02459
name-puzzle,lighter_dark_marks_75,1,0.022824,0.008792,0.007848,0.002186,0.001905,0.0,0.004092,0.01194,0.025701
name-puzzle,lighter_dark_marks_75_keep_qr,1,0.022893,0.00953,0.008526,0.002893,0.002612,0.0,0.005505,0.014031,0.027864
name-tracing-roster,high_contrast,4,0.067656,0.040594,0.039237,0.007134,0.007073,0.0,0.014207,0.053444,0.120664
name-tracing-roster,lighter_fills_55,4,0.059537,0.022166,0.019573,0.008716,0.007848,0.0,0.016564,0.036136,0.06467
name-tracing-roster,without_credit_web_address,4,0.058152,0.023127,0.020475,0.009524,0.008683,0.0,0.018206,0.038682,0.067494
name-tracing-roster,without_writing_guides,4,0.037845,0.019091,0.017145,0.008174,0.007805,0.0,0.015979,0.033125,0.055785
name-tracing-roster,without_heading,4,0.059658,0.023482,0.020781,0.009618,0.00875,0.0,0.018368,0.039149,0.068527
name-tracing-roster,without_example_row,4,0.045006,0.011362,0.009646,0.003978,0.003108,0.0,0.007086,0.016732,0.033
name-tracing-roster,without_name_date_line,4,0.057263,0.022975,0.020352,0.009402,0.008569,0.0,0.017971,0.038323,0.067054
name-tracing-roster,without_credit_qr,4,0.055038,0.020556,0.018094,0.008477,0.00761,0.0,0.016087,0.034181,0.059952
name-tracing-roster,without_trace_rows,4,0.047063,0.020607,0.018446,0.008626,0.008037,0.0,0.016663,0.035109,0.060247
name-tracing-roster,broad_fade_72,4,0.057651,0.017286,0.015322,0.004145,0.003611,0.0,0.007756,0.023078,0.050441
name-tracing-roster,page_wide_fade_60,4,0.056489,0.014152,0.012556,0.002984,0.0025,0.0,0.005484,0.01804,0.041335
name-tracing-roster,page_wide_fade_75,4,0.057756,0.017641,0.015625,0.004382,0.003788,0.0,0.00817,0.023795,0.051487
name-tracing-roster,early_role_rule_60,4,0.059423,0.017272,0.015075,0.004239,0.003372,0.0,0.007612,0.022686,0.050323
name-tracing-roster,early_role_rule_75,4,0.059546,0.019635,0.01725,0.005221,0.004353,0.0,0.009574,0.026824,0.057254
name-tracing-roster,credit_qr_removed,4,0.055038,0.020556,0.018094,0.008477,0.00761,0.0,0.016087,0.034181,0.059952
name-tracing-roster,role_aware_75,4,0.0596,0.020457,0.018003,0.005999,0.005132,0.0,0.011131,0.029134,0.059661
name-tracing-roster,role_aware_75_all_content,4,0.0596,0.020457,0.018003,0.005999,0.005132,0.0,0.011131,0.029134,0.059661
name-tracing-roster,standard,4,0.059658,0.023482,0.020781,0.009618,0.00875,0.0,0.018368,0.039149,0.068527
name-tracing-roster,lighter_dark_marks_60,4,0.059423,0.017272,0.015075,0.004239,0.003372,0.0,0.007612,0.022686,0.050323
name-tracing-roster,lighter_color_75_all,4,0.057706,0.017638,0.015578,0.004435,0.003844,0.0,0.008279,0.023857,0.05144
name-tracing-roster,lighter_dark_marks_75,4,0.059546,0.019635,0.01725,0.005221,0.004353,0.0,0.009574,0.026824,0.057254
name-tracing-roster,lighter_dark_marks_75_keep_qr,4,0.059594,0.020364,0.017918,0.005918,0.005051,0.0,0.01097,0.028888,0.059388
name-tracing,high_contrast,1,0.066666,0.039244,0.037826,0.007403,0.007342,0.0,0.014744,0.05257,0.116562
name-tracing,display_letters_55,1,0.059731,0.018546,0.016286,0.005298,0.004481,0.0,0.009779,0.026065,0.054074
name-tracing,lighter_fills_55,1,0.059742,0.022508,0.019925,0.008825,0.008007,0.0,0.016832,0.036757,0.065686
name-tracing,without_credit_web_address,1,0.058358,0.02347,0.020828,0.009633,0.008841,0.0,0.018474,0.039302,0.068511
name-tracing,without_writing_guides,1,0.038956,0.019701,0.01772,0.008374,0.008025,0.0,0.016399,0.034119,0.057579
name-tracing,without_heading,1,0.058097,0.022673,0.020077,0.009261,0.008442,0.0,0.017703,0.03778,0.066171
name-tracing,without_example_row,1,0.045743,0.012126,0.010383,0.004298,0.003473,0.0,0.007771,0.018154,0.035252
name-tracing,without_name_date_line,1,0.057468,0.023317,0.020704,0.009512,0.008727,0.0,0.018239,0.038943,0.068071
name-tracing,without_credit_qr,1,0.055244,0.020899,0.018447,0.008587,0.007768,0.0,0.016355,0.034802,0.060969
name-tracing,without_trace_rows,1,0.047751,0.021142,0.01896,0.008812,0.008246,0.0,0.017059,0.036018,0.061822
name-tracing,broad_fade_72,1,0.058408,0.017844,0.015867,0.004449,0.003939,0.0,0.008388,0.024255,0.052093
name-tracing,page_wide_fade_60,1,0.056752,0.014359,0.012757,0.002973,0.002534,0.0,0.005507,0.018264,0.04193
name-tracing,page_wide_fade_75,1,0.05839,0.017897,0.015886,0.004388,0.003832,0.0,0.00822,0.024106,0.052244
name-tracing,early_role_rule_60,1,0.059581,0.017324,0.015161,0.004155,0.003337,0.0,0.007492,0.022653,0.050489
name-tracing,early_role_rule_75,1,0.059751,0.019803,0.017443,0.005177,0.004359,0.0,0.009536,0.026978,0.05776
name-tracing,credit_qr_removed,1,0.055244,0.020899,0.018447,0.008587,0.007768,0.0,0.016355,0.034802,0.060969
name-tracing,role_aware_75,1,0.059805,0.020625,0.018196,0.005955,0.005137,0.0,0.011093,0.029289,0.060167
name-tracing,role_aware_75_all_content,1,0.059805,0.020625,0.018196,0.005955,0.005137,0.0,0.011093,0.029289,0.060167
name-tracing,standard,1,0.059863,0.023824,0.021133,0.009727,0.008909,0.0,0.018636,0.03977,0.069544
name-tracing,lighter_dark_marks_60,1,0.059581,0.017324,0.015161,0.004155,0.003337,0.0,0.007492,0.022653,0.050489
name-tracing,lighter_color_75_all,1,0.058411,0.017908,0.015861,0.004439,0.003876,0.0,0.008315,0.024176,0.05225
name-tracing,lighter_dark_marks_75,1,0.059751,0.019803,0.017443,0.005177,0.004359,0.0,0.009536,0.026978,0.05776
name-tracing,lighter_dark_marks_75_keep_qr,1,0.059799,0.020532,0.018111,0.005875,0.005057,0.0,0.010931,0.029042,0.059894
number-coloring-3,high_contrast,1,0.026984,0.018546,0.017003,0.007988,0.007946,0.0,0.015934,0.032937,0.054351
number-coloring-3,lighter_fills_55,1,0.026837,0.017191,0.015758,0.007078,0.007037,0.0,0.014115,0.029873,0.050378
number-coloring-3,without_credit_web_address,1,0.02468,0.018002,0.016534,0.007843,0.007843,0.0,0.015685,0.032219,0.052767
number-coloring-3,without_writing_guides,1,0.026984,0.018546,0.017003,0.007988,0.007946,0.0,0.015934,0.032937,0.054351
number-coloring-3,without_heading,1,0.024139,0.016667,0.015277,0.007227,0.007185,0.0,0.014412,0.029689,0.048844
number-coloring-3,without_example_row,1,0.026984,0.018546,0.017003,0.007988,0.007946,0.0,0.015934,0.032937,0.054351
number-coloring-3,without_name_date_line,1,0.026984,0.018546,0.017003,0.007988,0.007946,0.0,0.015934,0.032937,0.054351
number-coloring-3,without_credit_qr,1,0.02207,0.015533,0.014236,0.006834,0.006792,0.0,0.013626,0.027862,0.04552
number-coloring-3,without_trace_rows,1,0.026984,0.018546,0.017003,0.007988,0.007946,0.0,0.015934,0.032937,0.054351
number-coloring-3,broad_fade_72,1,0.026792,0.014114,0.012963,0.003235,0.003194,0.0,0.006429,0.019392,0.041386
number-coloring-3,page_wide_fade_60,1,0.026451,0.01118,0.010254,0.001868,0.001849,0.0,0.003717,0.013971,0.032767
number-coloring-3,page_wide_fade_75,1,0.026708,0.013931,0.012775,0.002995,0.002969,0.0,0.005964,0.018739,0.040828
number-coloring-3,credit_qr_removed,1,0.02207,0.015533,0.014236,0.006834,0.006792,0.0,0.013626,0.027862,0.04552
number-coloring-3,role_aware_75,1,0.02695,0.018084,0.016579,0.007519,0.007478,0.0,0.014997,0.031576,0.052998
number-coloring-3,role_aware_75_all_content,1,0.026847,0.014821,0.013584,0.003747,0.003706,0.0,0.007453,0.021037,0.043435
number-coloring-3,standard,1,0.026984,0.018546,0.017003,0.007988,0.007946,0.0,0.015934,0.032937,0.054351
number-coloring-3,lighter_dark_marks_60,1,0.026592,0.01132,0.010363,0.00193,0.001888,0.0,0.003818,0.01418,0.033168
number-coloring-3,lighter_color_75_all,1,0.026712,0.013934,0.012778,0.003001,0.00297,0.0,0.00597,0.018748,0.04084
number-coloring-3,lighter_dark_marks_75,1,0.026772,0.014071,0.012895,0.003046,0.003004,0.0,0.00605,0.018945,0.041236
number-coloring-3,lighter_dark_marks_75_keep_qr,1,0.026847,0.014821,0.013584,0.003747,0.003706,0.0,0.007453,0.021037,0.043435
pl-imie,high_contrast,1,0.063515,0.039072,0.037704,0.007141,0.007082,0.0,0.014223,0.051927,0.116088
pl-imie,lighter_fills_55,1,0.057696,0.021783,0.019265,0.008549,0.007742,0.0,0.016292,0.035557,0.063558
pl-imie,without_credit_web_address,1,0.056226,0.022703,0.020131,0.009337,0.008558,0.0,0.017895,0.038025,0.066261
pl-imie,without_writing_guides,1,0.037356,0.019035,0.017114,0.008096,0.007748,0.0,0.015843,0.032957,0.055627
pl-imie,without_heading,1,0.055813,0.021763,0.019246,0.008905,0.008098,0.0,0.017004,0.03625,0.063499
pl-imie,without_example_row,1,0.044858,0.012072,0.010338,0.004315,0.003498,0.0,0.007813,0.018151,0.035092
pl-imie,without_name_date_line,1,0.055591,0.022627,0.020076,0.009245,0.008468,0.0,0.017713,0.037789,0.066047
pl-imie,without_credit_qr,1,0.053334,0.020207,0.017817,0.008316,0.007509,0.0,0.015825,0.033642,0.058937
pl-imie,without_trace_rows,1,0.046456,0.02053,0.018389,0.008553,0.00799,0.0,0.016542,0.034932,0.060019
pl-imie,broad_fade_72,1,0.054988,0.017328,0.015401,0.004361,0.003867,0.0,0.008228,0.023629,0.050578
pl-imie,page_wide_fade_60,1,0.054078,0.013907,0.012341,0.002914,0.002467,0.0,0.00538,0.017722,0.040608
pl-imie,page_wide_fade_75,1,0.054998,0.017338,0.015389,0.004259,0.003709,0.0,0.007968,0.023357,0.050614
pl-imie,early_role_rule_60,1,0.057555,0.016815,0.014699,0.004077,0.003271,0.0,0.007348,0.022047,0.048995
pl-imie,early_role_rule_75,1,0.057659,0.019197,0.016892,0.005058,0.004251,0.0,0.009309,0.026201,0.055981
pl-imie,credit_qr_removed,1,0.053334,0.020207,0.017817,0.008316,0.007509,0.0,0.015825,0.033642,0.058937
pl-imie,role_aware_75,1,0.057729,0.019989,0.017619,0.00581,0.005004,0.0,0.010813,0.028432,0.058301
pl-imie,role_aware_75_all_content,1,0.057729,0.019989,0.017619,0.00581,0.005004,0.0,0.010813,0.028432,0.058301
pl-imie,standard,1,0.057804,0.023071,0.020448,0.009435,0.008628,0.0,0.018063,0.038511,0.067335
pl-imie,lighter_dark_marks_60,1,0.057555,0.016815,0.014699,0.004077,0.003271,0.0,0.007348,0.022047,0.048995
pl-imie,lighter_color_75_all,1,0.055,0.017325,0.015337,0.00432,0.003754,0.0,0.008074,0.023411,0.050552
pl-imie,lighter_dark_marks_75,1,0.057659,0.019197,0.016892,0.005058,0.004251,0.0,0.009309,0.026201,0.055981
pl-imie,lighter_dark_marks_75_keep_qr,1,0.057726,0.01991,0.017546,0.005742,0.004936,0.0,0.010677,0.028224,0.05807
scramble,high_contrast,1,0.027584,0.011483,0.010223,0.004236,0.003742,0.0,0.007978,0.018201,0.033579
scramble,lighter_fills_55,1,0.027481,0.010158,0.009008,0.003334,0.002841,0.0,0.006175,0.015183,0.029698
scramble,without_credit_web_address,1,0.02576,0.011058,0.009858,0.004122,0.003661,0.0,0.007784,0.017642,0.032343
scramble,without_writing_guides,1,0.027584,0.011483,0.010223,0.004236,0.003742,0.0,0.007978,0.018201,0.033579
scramble,without_heading,1,0.025098,0.009971,0.008836,0.003672,0.003179,0.0,0.006851,0.015686,0.02915
scramble,without_example_row,1,0.027584,0.011483,0.010223,0.004236,0.003742,0.0,0.007978,0.018201,0.033579
scramble,without_name_date_line,1,0.025911,0.010847,0.009667,0.004014,0.003561,0.0,0.007575,0.017242,0.031724
scramble,without_credit_qr,1,0.022954,0.008538,0.00752,0.003095,0.002601,0.0,0.005696,0.013215,0.024949
scramble,without_trace_rows,1,0.027584,0.011483,0.010223,0.004236,0.003742,0.0,0.007978,0.018201,0.033579
scramble,broad_fade_72,1,0.027556,0.010674,0.009486,0.003495,0.003001,0.0,0.006496,0.015982,0.031214
scramble,page_wide_fade_60,1,0.026425,0.00694,0.006185,0.001397,0.001164,0.0,0.002561,0.008746,0.020289
scramble,page_wide_fade_75,1,0.027349,0.008628,0.007691,0.002048,0.001704,0.0,0.003752,0.011443,0.025241
scramble,credit_qr_removed,1,0.022954,0.008538,0.00752,0.003095,0.002601,0.0,0.005696,0.013215,0.024949
scramble,role_aware_75,1,0.027584,0.011483,0.010223,0.004236,0.003742,0.0,0.007978,0.018201,0.033579
scramble,role_aware_75_all_content,1,0.027473,0.010407,0.009236,0.003237,0.002743,0.0,0.00598,0.015216,0.030427
scramble,standard,1,0.027584,0.011483,0.010223,0.004236,0.003742,0.0,0.007978,0.018201,0.033579
scramble,lighter_dark_marks_60,1,0.027249,0.008422,0.007411,0.002047,0.001553,0.0,0.0036,0.011011,0.024607
scramble,lighter_color_75_all,1,0.02737,0.008645,0.007707,0.002056,0.001708,0.0,0.003763,0.01147,0.025294
scramble,lighter_dark_marks_75,1,0.027432,0.009594,0.00849,0.002473,0.00198,0.0,0.004453,0.012943,0.028043
scramble,lighter_dark_marks_75_keep_qr,1,0.027457,0.010326,0.009162,0.00317,0.002676,0.0,0.005846,0.015008,0.030191
scramble,regular_weight_grid_letters,1,0.027584,0.011483,0.010223,0.004236,0.003742,0.0,0.007978,0.018201,0.033579
sight-word,high_contrast,1,0.045928,0.026475,0.025763,0.003313,0.003249,0.0,0.006562,0.032325,0.078854
sight-word,lighter_fills_55,1,0.040458,0.013951,0.01237,0.005011,0.00449,0.0,0.009501,0.021871,0.04074
sight-word,without_credit_web_address,1,0.038892,0.014872,0.013237,0.005809,0.005318,0.0,0.011128,0.024365,0.043445
sight-word,without_writing_guides,1,0.019041,0.011086,0.010123,0.00456,0.004495,0.0,0.009055,0.019178,0.032474
sight-word,without_heading,1,0.038493,0.013889,0.012312,0.005352,0.004831,0.0,0.010183,0.022495,0.040557
sight-word,without_example_row,1,0.037228,0.012504,0.011038,0.004649,0.004126,0.0,0.008775,0.019813,0.036497
sight-word,without_name_date_line,1,0.038194,0.014764,0.013152,0.0057,0.005213,0.0,0.010913,0.024065,0.043135
sight-word,without_credit_qr,1,0.03596,0.012336,0.010886,0.004772,0.004251,0.0,0.009023,0.019909,0.036005
sight-word,without_trace_rows,1,0.03593,0.012194,0.010756,0.004656,0.004134,0.0,0.00879,0.019546,0.03559
sight-word,broad_fade_72,1,0.03906,0.011714,0.010444,0.003,0.002663,0.0,0.005663,0.016107,0.034223
sight-word,page_wide_fade_60,1,0.038151,0.009195,0.0082,0.001869,0.001553,0.0,0.003423,0.011622,0.026895
sight-word,page_wide_fade_75,1,0.039013,0.011472,0.010219,0.002713,0.002352,0.0,0.005065,0.015284,0.033522
sight-word,early_role_rule_60,1,0.040408,0.012275,0.010828,0.003531,0.003009,0.0,0.00654,0.017368,0.035824
sight-word,early_role_rule_75,1,0.04052,0.013419,0.011882,0.003978,0.003456,0.0,0.007434,0.019315,0.03918
sight-word,credit_qr_removed,1,0.03596,0.012336,0.010886,0.004772,0.004251,0.0,0.009023,0.019909,0.036005
sight-word,role_aware_75,1,0.040478,0.013476,0.011933,0.003976,0.003455,0.0,0.007431,0.019364,0.039347
sight-word,role_aware_75_all_content,1,0.040478,0.013476,0.011933,0.003976,0.003455,0.0,0.007431,0.019364,0.039347
sight-word,standard,1,0.040588,0.015271,0.013582,0.005916,0.005394,0.0,0.01131,0.024892,0.044608
sight-word,lighter_dark_marks_60,1,0.04026,0.011038,0.009692,0.002567,0.002046,0.0,0.004614,0.014305,0.032199
sight-word,lighter_color_75_all,1,0.039033,0.01148,0.010186,0.002771,0.002402,0.0,0.005173,0.015359,0.033517
sight-word,lighter_dark_marks_75,1,0.040434,0.012652,0.011178,0.003196,0.002675,0.0,0.005871,0.017049,0.036934
sight-word,lighter_dark_marks_75_keep_qr,1,0.040473,0.013383,0.011848,0.003896,0.003374,0.0,0.00727,0.019118,0.039074
spanish-chart,high_contrast,2,0.041234,0.017435,0.015532,0.006324,0.005704,0.0,0.012028,0.02756,0.050959
spanish-chart,lighter_fills_55,2,0.041081,0.016084,0.014291,0.005396,0.004776,0.0,0.010172,0.024463,0.046998
spanish-chart,without_credit_web_address,2,0.039343,0.016991,0.01515,0.006206,0.005619,0.0,0.011826,0.026975,0.049666
spanish-chart,without_writing_guides,2,0.041234,0.017435,0.015532,0.006324,0.005704,0.0,0.012028,0.02756,0.050959
spanish-chart,without_heading,2,0.039899,0.016706,0.014862,0.006068,0.005448,0.0,0.011515,0.026378,0.048821
spanish-chart,without_example_row,2,0.041234,0.017435,0.015532,0.006324,0.005704,0.0,0.012028,0.02756,0.050959
spanish-chart,without_name_date_line,2,0.041234,0.017435,0.015532,0.006324,0.005704,0.0,0.012028,0.02756,0.050959
spanish-chart,without_credit_qr,2,0.036516,0.014431,0.012773,0.005151,0.00453,0.0,0.009681,0.022454,0.042152
spanish-chart,without_trace_rows,2,0.041234,0.017435,0.015532,0.006324,0.005704,0.0,0.012028,0.02756,0.050959
spanish-chart,broad_fade_72,2,0.040843,0.013748,0.012166,0.003496,0.002876,0.0,0.006372,0.018538,0.040168
spanish-chart,page_wide_fade_60,2,0.039746,0.010527,0.009374,0.002118,0.001791,0.0,0.003909,0.013283,0.030761
spanish-chart,page_wide_fade_75,2,0.040485,0.013102,0.011687,0.003071,0.002612,0.0,0.005684,0.017371,0.038317
spanish-chart,credit_qr_removed,2,0.036516,0.014431,0.012773,0.005151,0.00453,0.0,0.009681,0.022454,0.042152
spanish-chart,role_aware_75,2,0.041211,0.017258,0.015369,0.006174,0.005554,0.0,0.011728,0.027097,0.050439
spanish-chart,role_aware_75_all_content,2,0.040906,0.014669,0.012993,0.004245,0.003624,0.0,0.007869,0.020862,0.042852
spanish-chart,standard,2,0.041234,0.017435,0.015532,0.006324,0.005704,0.0,0.012028,0.02756,0.050959
spanish-chart,lighter_dark_marks_60,2,0.040502,0.011758,0.010316,0.002807,0.002187,0.0,0.004994,0.01531,0.034317
spanish-chart,lighter_color_75_all,2,0.040474,0.013097,0.011662,0.003071,0.002645,0.0,0.005716,0.017378,0.038273
spanish-chart,lighter_dark_marks_75,2,0.04087,0.013921,0.012307,0.003527,0.002907,0.0,0.006434,0.018741,0.040661
spanish-chart,lighter_dark_marks_75_keep_qr,2,0.040906,0.014669,0.012993,0.004245,0.003624,0.0,0.007869,0.020862,0.042852
tr-harf-name,high_contrast,1,0.044232,0.024969,0.023135,0.0084,0.00801,0.0,0.01641,0.039545,0.073528
tr-harf-name,lighter_fills_55,1,0.042532,0.01974,0.017561,0.008365,0.007742,0.0,0.016107,0.033668,0.057644
tr-harf-name,without_credit_web_address,1,0.041089,0.020619,0.018388,0.009119,0.008523,0.0,0.017642,0.03603,0.060228
tr-harf-name,without_writing_guides,1,0.042611,0.020973,0.018693,0.009212,0.00859,0.0,0.017802,0.036496,0.061259
tr-harf-name,without_heading,1,0.041019,0.019935,0.01774,0.008794,0.008169,0.0,0.016963,0.034703,0.058218
tr-harf-name,without_example_row,1,0.026699,0.008266,0.007067,0.003225,0.002656,0.0,0.005881,0.012948,0.024028
tr-harf-name,without_name_date_line,1,0.040925,0.020598,0.018382,0.009048,0.008458,0.0,0.017506,0.035888,0.060172
tr-harf-name,without_credit_qr,1,0.038327,0.018231,0.016175,0.008141,0.007519,0.0,0.01566,0.031835,0.053221
tr-harf-name,without_trace_rows,1,0.027454,0.017768,0.016133,0.008004,0.007778,0.0,0.015782,0.031915,0.052022
tr-harf-name,broad_fade_72,1,0.042298,0.016155,0.014362,0.004246,0.003712,0.0,0.007957,0.02232,0.047187
tr-harf-name,page_wide_fade_60,1,0.041759,0.012651,0.011278,0.002631,0.002289,0.0,0.00492,0.016198,0.036956
tr-harf-name,page_wide_fade_75,1,0.042267,0.015757,0.014049,0.003952,0.003505,0.0,0.007457,0.021506,0.046031
tr-harf-name,early_role_rule_60,1,0.042413,0.014362,0.012618,0.00343,0.002808,0.0,0.006238,0.018856,0.041878
tr-harf-name,early_role_rule_75,1,0.042522,0.016878,0.014934,0.004481,0.003859,0.0,0.00834,0.023274,0.049259
tr-harf-name,credit_qr_removed,1,0.038327,0.018231,0.016175,0.008141,0.007519,0.0,0.01566,0.031835,0.053221
tr-harf-name,role_aware_75,1,0.042572,0.017624,0.015618,0.005191,0.004569,0.0,0.00976,0.025378,0.051444
tr-harf-name,role_aware_75_all_content,1,0.042572,0.017624,0.015618,0.005191,0.004569,0.0,0.00976,0.025378,0.051444
tr-harf-name,standard,1,0.042611,0.020973,0.018693,0.009212,0.00859,0.0,0.017802,0.036496,0.061259
tr-harf-name,lighter_dark_marks_60,1,0.042413,0.014362,0.012618,0.00343,0.002808,0.0,0.006238,0.018856,0.041878
tr-harf-name,lighter_color_75_all,1,0.042262,0.015752,0.014032,0.003949,0.003524,0.0,0.007473,0.021505,0.045996
tr-harf-name,lighter_dark_marks_75,1,0.042522,0.016878,0.014934,0.004481,0.003859,0.0,0.00834,0.023274,0.049259
tr-harf-name,lighter_dark_marks_75_keep_qr,1,0.042569,0.017561,0.01556,0.005137,0.004515,0.0,0.009652,0.025212,0.051259
word-search-hard,high_contrast,1,0.073661,0.048762,0.044585,0.020938,0.020677,0.0,0.041615,0.0862,0.142871
word-search-hard,lighter_fills_55,1,0.0736,0.047546,0.043468,0.020112,0.019852,0.0,0.039964,0.083432,0.139305
word-search-hard,without_credit_web_address,1,0.072067,0.048395,0.044268,0.020841,0.020608,0.0,0.041448,0.085717,0.1418
word-search-hard,without_writing_guides,1,0.073661,0.048762,0.044585,0.020938,0.020677,0.0,0.041615,0.0862,0.142871
word-search-hard,without_heading,1,0.071789,0.047644,0.043558,0.020523,0.020262,0.0,0.040785,0.084343,0.139592
word-search-hard,without_example_row,1,0.073661,0.048762,0.044585,0.020938,0.020677,0.0,0.041615,0.0862,0.142871
word-search-hard,without_name_date_line,1,0.072038,0.048157,0.044055,0.020729,0.020506,0.0,0.041235,0.08529,0.141105
word-search-hard,without_credit_qr,1,0.069361,0.046058,0.042101,0.019893,0.019632,0.0,0.039525,0.081627,0.134944
word-search-hard,without_trace_rows,1,0.073661,0.048762,0.044585,0.020938,0.020677,0.0,0.041615,0.0862,0.142871
word-search-hard,broad_fade_72,1,0.073164,0.036447,0.033409,0.007916,0.007712,0.0,0.015627,0.049036,0.106866
word-search-hard,page_wide_fade_60,1,0.072562,0.029402,0.026892,0.005037,0.004897,0.0,0.009934,0.036826,0.086153
word-search-hard,page_wide_fade_75,1,0.073023,0.036633,0.033502,0.008005,0.007817,0.0,0.015822,0.049324,0.10734
word-search-hard,credit_qr_removed,1,0.069361,0.046058,0.042101,0.019893,0.019632,0.0,0.039525,0.081627,0.134944
word-search-hard,role_aware_75,1,0.073661,0.048762,0.044585,0.020938,0.020677,0.0,0.041615,0.0862,0.142871
word-search-hard,role_aware_75_all_content,1,0.073184,0.037863,0.034578,0.008924,0.008663,0.0,0.017587,0.052166,0.110926
word-search-hard,standard,1,0.073661,0.048762,0.044585,0.020938,0.020677,0.0,0.041615,0.0862,0.142871
word-search-hard,lighter_dark_marks_60,1,0.072703,0.029907,0.027259,0.005321,0.005061,0.0,0.010382,0.037641,0.087595
word-search-hard,lighter_color_75_all,1,0.073106,0.036705,0.033562,0.00803,0.007846,0.0,0.015876,0.049438,0.107545
word-search-hard,lighter_dark_marks_75,1,0.073158,0.037112,0.033889,0.008224,0.007963,0.0,0.016187,0.050076,0.108726
word-search-hard,lighter_dark_marks_75_keep_qr,1,0.073177,0.037785,0.034507,0.008861,0.0086,0.0,0.017461,0.051968,0.110698
word-search-hard,regular_weight_grid_letters,1,0.059528,0.03598,0.032845,0.014642,0.014381,0.0,0.029023,0.061868,0.105404
word-search,high_contrast,1,0.073328,0.048543,0.044384,0.020838,0.020577,0.0,0.041415,0.0858,0.142229
word-search,lighter_fills_55,1,0.073267,0.047327,0.043267,0.020012,0.019752,0.0,0.039764,0.083031,0.138663
word-search,without_credit_web_address,1,0.071733,0.048176,0.044068,0.020741,0.020508,0.0,0.041249,0.085316,0.141159
word-search,without_writing_guides,1,0.073328,0.048543,0.044384,0.020838,0.020577,0.0,0.041415,0.0858,0.142229
word-search,without_heading,1,0.071456,0.047425,0.043357,0.020423,0.020162,0.0,0.040585,0.083942,0.13895
word-search,without_example_row,1,0.073328,0.048543,0.044384,0.020838,0.020577,0.0,0.041415,0.0858,0.142229
word-search,without_name_date_line,1,0.071705,0.047939,0.043855,0.020629,0.020406,0.0,0.041035,0.084889,0.140463
word-search,without_credit_qr,1,0.069028,0.045839,0.041901,0.019793,0.019532,0.0,0.039325,0.081226,0.134302
word-search,without_trace_rows,1,0.073328,0.048543,0.044384,0.020838,0.020577,0.0,0.041415,0.0858,0.142229
word-search,broad_fade_72,1,0.072838,0.036287,0.033261,0.007884,0.00768,0.0,0.015564,0.048825,0.106397
word-search,page_wide_fade_60,1,0.072219,0.02927,0.026769,0.005017,0.004877,0.0,0.009894,0.036663,0.085765
word-search,page_wide_fade_75,1,0.072693,0.036467,0.03335,0.00797,0.007781,0.0,0.015751,0.0491,0.106855
word-search,credit_qr_removed,1,0.069028,0.045839,0.041901,0.019793,0.019532,0.0,0.039325,0.081226,0.134302
word-search,role_aware_75,1,0.073328,0.048543,0.044384,0.020838,0.020577,0.0,0.041415,0.0858,0.142229
word-search,role_aware_75_all_content,1,0.072835,0.037695,0.034424,0.008887,0.008626,0.0,0.017513,0.051936,0.110433
word-search,standard,1,0.073328,0.048543,0.044384,0.020838,0.020577,0.0,0.041415,0.0858,0.142229
word-search,lighter_dark_marks_60,1,0.072362,0.029774,0.027135,0.005302,0.005041,0.0,0.010343,0.037478,0.087204
word-search,lighter_color_75_all,1,0.072758,0.036537,0.033407,0.007993,0.007809,0.0,0.015802,0.049209,0.107052
word-search,lighter_dark_marks_75,1,0.07281,0.036944,0.033735,0.008186,0.007926,0.0,0.016112,0.049847,0.108233
word-search,lighter_dark_marks_75_keep_qr,1,0.072829,0.037617,0.034352,0.008823,0.008563,0.0,0.017386,0.051739,0.110205
word-search,regular_weight_grid_letters,1,0.059129,0.035722,0.032607,0.014534,0.014273,0.0,0.028807,0.061414,0.104646
