case,worksheet_type,treatment,capture,wd_standard_pct,wd_pct,wd_points_saved,wd_saving_pct,ttc_points_saved,ttc_saving_pct,study1_materiality_class,passed,passed_with_posthoc_3to1_floor,failed_checks,checks
hw-finedot,Tracing with dark dotted or dashed marks,standard,measured,1.8604,1.8604,0.0,0.0,0.0,0.0,,True,True,,writing_guides:copy1 0.43/0.43; writing_guides:step 0.22/0.22; trace_rows:copy1 0.86/0.86; trace_rows:step 0.68/0.68; example_row:17.1:1
hw-finedot,Tracing with dark dotted or dashed marks,broad_fade_72,measured,1.8604,1.4251,0.4353,23.4,1.0818,35.63,PROMISING,False,False,writing_guides:copy1 0.06/0.43; writing_guides:step 0.16/0.22; trace_rows:copy1 0.75/0.86; trace_rows:step 0.49/0.68,writing_guides:copy1 0.06/0.43; writing_guides:step 0.16/0.22; trace_rows:copy1 0.75/0.86; trace_rows:step 0.49/0.68; example_row:6.9:1
hw-finedot,Tracing with dark dotted or dashed marks,high_contrast,measured,1.8604,2.9901,-1.1297,-60.72,-0.8612,-28.37,NEGLIGIBLE,True,True,,writing_guides:copy1 1.00/0.43; writing_guides:step 0.83/0.22; trace_rows:copy1 0.91/0.86; trace_rows:step 0.83/0.68; example_row:17.1:1
hw-finedot,Tracing with dark dotted or dashed marks,page_wide_fade_75,measured,1.8604,1.3973,0.4631,24.89,1.1762,38.75,PROMISING,False,False,writing_guides:copy1 0.09/0.43; writing_guides:step 0.17/0.22; trace_rows:copy1 0.77/0.86; trace_rows:step 0.51/0.68,writing_guides:copy1 0.09/0.43; writing_guides:step 0.17/0.22; trace_rows:copy1 0.77/0.86; trace_rows:step 0.51/0.68; example_row:7.6:1
hw-finedot,Tracing with dark dotted or dashed marks,page_wide_fade_60,measured,1.8604,1.1197,0.7407,39.81,1.627,53.6,PROMISING,False,False,writing_guides:copy1 0.01/0.43; writing_guides:step 0.13/0.22; trace_rows:copy1 0.69/0.86; trace_rows:step 0.41/0.68,writing_guides:copy1 0.01/0.43; writing_guides:step 0.13/0.22; trace_rows:copy1 0.69/0.86; trace_rows:step 0.41/0.68; example_row:4.6:1
hw-finedot,Tracing with dark dotted or dashed marks,lighter_color_75_all,measured,1.8604,1.3986,0.4618,24.82,1.1706,38.56,PROMISING,False,False,writing_guides:copy1 0.09/0.43; writing_guides:step 0.16/0.22; trace_rows:copy1 0.77/0.86; trace_rows:step 0.51/0.68,writing_guides:copy1 0.09/0.43; writing_guides:step 0.16/0.22; trace_rows:copy1 0.77/0.86; trace_rows:step 0.51/0.68; example_row:7.6:1
hw-finedot,Tracing with dark dotted or dashed marks,lighter_dark_marks_75,measured,1.8604,1.5187,0.3417,18.37,0.9973,32.85,SMALL,False,False,trace_rows:copy1 0.77/0.86; trace_rows:step 0.51/0.68,writing_guides:copy1 0.43/0.43; writing_guides:step 0.22/0.22; trace_rows:copy1 0.77/0.86; trace_rows:step 0.51/0.68; example_row:7.6:1
hw-finedot,Tracing with dark dotted or dashed marks,lighter_dark_marks_60,measured,1.8604,1.3085,0.552,29.67,1.3523,44.54,PROMISING,False,False,trace_rows:copy1 0.69/0.86; trace_rows:step 0.41/0.68,writing_guides:copy1 0.43/0.43; writing_guides:step 0.22/0.22; trace_rows:copy1 0.69/0.86; trace_rows:step 0.41/0.68; example_row:4.5:1
hw-finedot,Tracing with dark dotted or dashed marks,lighter_fills_55,measured,1.8604,1.7234,0.137,7.37,0.3107,10.24,SMALL,True,True,,writing_guides:copy1 0.43/0.43; writing_guides:step 0.22/0.22; trace_rows:copy1 0.86/0.86; trace_rows:step 0.68/0.68; example_row:17.1:1
hw-finedot,Tracing with dark dotted or dashed marks,credit_qr_removed,measured,1.8604,1.5558,0.3046,16.37,0.5141,16.93,SMALL,True,True,,writing_guides:copy1 0.43/0.43; writing_guides:step 0.22/0.22; trace_rows:copy1 0.86/0.86; trace_rows:step 0.68/0.68; example_row:17.1:1
hw-finedot,Tracing with dark dotted or dashed marks,lighter_dark_marks_75_keep_qr,measured,1.8604,1.5946,0.2659,14.29,0.7849,25.86,SMALL,False,False,trace_rows:copy1 0.77/0.86; trace_rows:step 0.51/0.68,writing_guides:copy1 0.43/0.43; writing_guides:step 0.22/0.22; trace_rows:copy1 0.77/0.86; trace_rows:step 0.51/0.68; example_row:7.6:1
hw-sentence-faded,Name and word tracing,standard,measured,1.9923,1.9923,0.0,0.0,0.0,0.0,,True,True,,writing_guides:copy1 n/a(std 0.03); writing_guides:step 0.16/0.16; trace_rows:copy1 0.23/0.23; trace_rows:step 0.21/0.21; example_row:17.1:1
hw-sentence-faded,Name and word tracing,broad_fade_72,measured,1.9923,1.5938,0.3985,20.0,0.925,28.61,SMALL,False,False,writing_guides:step 0.11/0.16; trace_rows:copy1 0.00/0.23; trace_rows:step 0.16/0.21,writing_guides:copy1 n/a(std 0.03); writing_guides:step 0.11/0.16; trace_rows:copy1 0.00/0.23; trace_rows:step 0.16/0.21; example_row:6.9:1
hw-sentence-faded,Name and word tracing,high_contrast,measured,1.9923,2.8739,-0.8816,-44.25,-0.6429,-19.88,NEGLIGIBLE,False,False,trace_rows:step 0.07/0.21,writing_guides:copy1 n/a(std 0.03); writing_guides:step 0.57/0.16; trace_rows:copy1 0.47/0.23; trace_rows:step 0.07/0.21; example_row:17.1:1
hw-sentence-faded,Name and word tracing,page_wide_fade_75,measured,1.9923,1.4979,0.4944,24.81,1.2193,37.71,PROMISING,False,False,writing_guides:step 0.12/0.16; trace_rows:copy1 0.00/0.23; trace_rows:step 0.16/0.21,writing_guides:copy1 n/a(std 0.03); writing_guides:step 0.12/0.16; trace_rows:copy1 0.00/0.23; trace_rows:step 0.16/0.21; example_row:7.6:1
hw-sentence-faded,Name and word tracing,page_wide_fade_60,measured,1.9923,1.2043,0.788,39.55,1.6891,52.24,PROMISING,False,False,writing_guides:step 0.09/0.16; trace_rows:copy1 0.00/0.23; trace_rows:step 0.13/0.21,writing_guides:copy1 n/a(std 0.03); writing_guides:step 0.09/0.16; trace_rows:copy1 0.00/0.23; trace_rows:step 0.13/0.21; example_row:4.6:1
hw-sentence-faded,Name and word tracing,lighter_color_75_all,measured,1.9923,1.4959,0.4963,24.91,1.2202,37.74,PROMISING,False,False,writing_guides:step 0.12/0.16; trace_rows:copy1 0.00/0.23; trace_rows:step 0.16/0.21,writing_guides:copy1 n/a(std 0.03); writing_guides:step 0.12/0.16; trace_rows:copy1 0.00/0.23; trace_rows:step 0.16/0.21; example_row:7.6:1
hw-sentence-faded,Name and word tracing,lighter_dark_marks_75,measured,1.9923,1.6645,0.3278,16.45,0.9691,29.97,SMALL,True,True,,writing_guides:copy1 n/a(std 0.03); writing_guides:step 0.16/0.16; trace_rows:copy1 0.23/0.23; trace_rows:step 0.21/0.21; example_row:7.6:1
hw-sentence-faded,Name and word tracing,lighter_dark_marks_60,measured,1.9923,1.4614,0.5309,26.65,1.3123,40.59,PROMISING,True,True,,writing_guides:copy1 n/a(std 0.03); writing_guides:step 0.16/0.16; trace_rows:copy1 0.23/0.23; trace_rows:step 0.21/0.21; example_row:4.5:1
hw-sentence-faded,Name and word tracing,lighter_fills_55,measured,1.9923,1.8552,0.137,6.88,0.3107,9.61,SMALL,True,True,,writing_guides:copy1 n/a(std 0.03); writing_guides:step 0.16/0.16; trace_rows:copy1 0.23/0.23; trace_rows:step 0.21/0.21; example_row:17.1:1
hw-sentence-faded,Name and word tracing,credit_qr_removed,measured,1.9923,1.6877,0.3046,15.29,0.5141,15.9,SMALL,True,True,,writing_guides:copy1 n/a(std 0.03); writing_guides:step 0.16/0.16; trace_rows:copy1 0.23/0.23; trace_rows:step 0.21/0.21; example_row:17.1:1
hw-sentence-faded,Name and word tracing,lighter_dark_marks_75_keep_qr,measured,1.9923,1.7403,0.252,12.65,0.7567,23.4,SMALL,True,True,,writing_guides:copy1 n/a(std 0.03); writing_guides:step 0.16/0.16; trace_rows:copy1 0.23/0.23; trace_rows:step 0.21/0.21; example_row:7.6:1
letter-tracing-gen,Tracing with dark dotted or dashed marks,standard,measured,1.2796,1.2796,0.0,0.0,0.0,0.0,,True,True,,writing_guides:copy1 0.43/0.43; writing_guides:step 0.22/0.22; trace_rows:copy1 0.91/0.91; trace_rows:step 0.88/0.88; example_row:17.1:1
letter-tracing-gen,Tracing with dark dotted or dashed marks,broad_fade_72,measured,1.2796,0.9869,0.2926,22.87,0.6883,33.57,SMALL,False,False,writing_guides:copy1 0.06/0.43; writing_guides:step 0.16/0.22; trace_rows:step 0.64/0.88,writing_guides:copy1 0.06/0.43; writing_guides:step 0.16/0.22; trace_rows:copy1 0.85/0.91; trace_rows:step 0.64/0.88; example_row:6.9:1
letter-tracing-gen,Tracing with dark dotted or dashed marks,high_contrast,measured,1.2796,2.3872,-1.1076,-86.56,-0.8217,-40.08,NEGLIGIBLE,False,False,hierarchy:trace darker than model,writing_guides:copy1 1.00/0.43; writing_guides:step 0.83/0.22; trace_rows:copy1 0.94/0.91; trace_rows:step 0.99/0.88; example_row:17.1:1
letter-tracing-gen,Tracing with dark dotted or dashed marks,page_wide_fade_75,measured,1.2796,0.9614,0.3182,24.87,0.7715,37.63,SMALL,False,False,writing_guides:copy1 0.09/0.43; writing_guides:step 0.17/0.22; trace_rows:step 0.66/0.88,writing_guides:copy1 0.09/0.43; writing_guides:step 0.17/0.22; trace_rows:copy1 0.86/0.91; trace_rows:step 0.66/0.88; example_row:7.6:1
letter-tracing-gen,Tracing with dark dotted or dashed marks,page_wide_fade_60,measured,1.2796,0.7704,0.5091,39.79,1.0742,52.39,PROMISING,False,False,writing_guides:copy1 0.00/0.43; writing_guides:step 0.13/0.22; trace_rows:copy1 0.81/0.91; trace_rows:step 0.53/0.88,writing_guides:copy1 0.00/0.43; writing_guides:step 0.13/0.22; trace_rows:copy1 0.81/0.91; trace_rows:step 0.53/0.88; example_row:4.6:1
letter-tracing-gen,Tracing with dark dotted or dashed marks,lighter_color_75_all,measured,1.2796,0.9619,0.3177,24.83,0.7645,37.28,SMALL,False,False,writing_guides:copy1 0.09/0.43; writing_guides:step 0.16/0.22; trace_rows:step 0.66/0.88,writing_guides:copy1 0.09/0.43; writing_guides:step 0.16/0.22; trace_rows:copy1 0.86/0.91; trace_rows:step 0.66/0.88; example_row:7.6:1
letter-tracing-gen,Tracing with dark dotted or dashed marks,lighter_dark_marks_75,measured,1.2796,1.0782,0.2014,15.74,0.5968,29.11,SMALL,False,True,trace_rows:step 0.66/0.88,writing_guides:copy1 0.43/0.43; writing_guides:step 0.22/0.22; trace_rows:copy1 0.86/0.91; trace_rows:step 0.66/0.88; example_row:7.6:1
letter-tracing-gen,Tracing with dark dotted or dashed marks,lighter_dark_marks_60,measured,1.2796,0.954,0.3255,25.44,0.8069,39.35,SMALL,False,False,trace_rows:copy1 0.81/0.91; trace_rows:step 0.53/0.88,writing_guides:copy1 0.43/0.43; writing_guides:step 0.22/0.22; trace_rows:copy1 0.81/0.91; trace_rows:step 0.53/0.88; example_row:4.5:1
letter-tracing-gen,Tracing with dark dotted or dashed marks,lighter_fills_55,measured,1.2796,1.1467,0.1328,10.38,0.3033,14.79,SMALL,True,True,,writing_guides:copy1 0.43/0.43; writing_guides:step 0.22/0.22; trace_rows:copy1 0.91/0.91; trace_rows:step 0.88/0.88; example_row:17.1:1
letter-tracing-gen,Tracing with dark dotted or dashed marks,credit_qr_removed,measured,1.2796,0.9842,0.2953,23.08,0.5007,24.42,SMALL,True,True,,writing_guides:copy1 0.43/0.43; writing_guides:step 0.22/0.22; trace_rows:copy1 0.91/0.91; trace_rows:step 0.88/0.88; example_row:17.1:1
letter-tracing-gen,Tracing with dark dotted or dashed marks,lighter_dark_marks_75_keep_qr,measured,1.2796,1.1517,0.1279,9.99,0.3892,18.98,SMALL,False,True,trace_rows:step 0.66/0.88,writing_guides:copy1 0.43/0.43; writing_guides:step 0.22/0.22; trace_rows:copy1 0.86/0.91; trace_rows:step 0.66/0.88; example_row:7.6:1
calligraphy-name,Name and word tracing,standard,measured,1.2618,1.2618,0.0,0.0,0.0,0.0,,True,True,,trace_rows:copy1 0.52/0.52; trace_rows:step 0.25/0.25; example_row:17.1:1
calligraphy-name,Name and word tracing,broad_fade_72,measured,1.2618,1.0259,0.2359,18.7,0.6372,30.31,SMALL,False,False,trace_rows:copy1 0.26/0.52; trace_rows:step 0.22/0.25,trace_rows:copy1 0.26/0.52; trace_rows:step 0.22/0.25; example_row:6.9:1
calligraphy-name,Name and word tracing,high_contrast,measured,1.2618,1.5289,-0.2671,-21.17,-0.2038,-9.7,NEGLIGIBLE,True,True,,trace_rows:copy1 0.86/0.52; trace_rows:step 0.41/0.25; example_row:17.1:1
calligraphy-name,Name and word tracing,page_wide_fade_75,measured,1.2618,0.9473,0.3145,24.92,0.8128,38.67,SMALL,False,False,trace_rows:copy1 0.10/0.52; trace_rows:step 0.19/0.25,trace_rows:copy1 0.10/0.52; trace_rows:step 0.19/0.25; example_row:7.6:1
calligraphy-name,Name and word tracing,page_wide_fade_60,measured,1.2618,0.7595,0.5023,39.81,1.1247,53.51,PROMISING,False,False,trace_rows:copy1 0.01/0.52; trace_rows:step 0.15/0.25,trace_rows:copy1 0.01/0.52; trace_rows:step 0.15/0.25; example_row:4.6:1
calligraphy-name,Name and word tracing,lighter_color_75_all,measured,1.2618,0.9471,0.3148,24.94,0.8128,38.67,SMALL,False,False,trace_rows:copy1 0.10/0.52; trace_rows:step 0.19/0.25,trace_rows:copy1 0.10/0.52; trace_rows:step 0.19/0.25; example_row:7.6:1
calligraphy-name,Name and word tracing,lighter_dark_marks_75,measured,1.2618,1.044,0.2178,17.26,0.6598,31.39,SMALL,True,True,,trace_rows:copy1 0.52/0.52; trace_rows:step 0.25/0.25; example_row:7.6:1
calligraphy-name,Name and word tracing,lighter_dark_marks_60,measured,1.2618,0.9098,0.352,27.89,0.8888,42.28,SMALL,True,True,,trace_rows:copy1 0.52/0.52; trace_rows:step 0.25/0.25; example_row:4.5:1
calligraphy-name,Name and word tracing,lighter_fills_55,measured,1.2618,1.136,0.1258,9.97,0.2865,13.63,SMALL,True,True,,trace_rows:copy1 0.52/0.52; trace_rows:step 0.25/0.25; example_row:17.1:1
calligraphy-name,Name and word tracing,credit_qr_removed,measured,1.2618,0.9821,0.2797,22.16,0.4733,22.52,SMALL,True,True,,trace_rows:copy1 0.52/0.52; trace_rows:step 0.25/0.25; example_row:17.1:1
calligraphy-name,Name and word tracing,lighter_dark_marks_75_keep_qr,measured,1.2618,1.1136,0.1482,11.75,0.4638,22.07,SMALL,True,True,,trace_rows:copy1 0.52/0.52; trace_rows:step 0.25/0.25; example_row:7.6:1
fr-prenom,Name and word tracing,standard,measured,2.4324,2.4324,0.0,0.0,0.0,0.0,,True,True,,writing_guides:copy1 0.25/0.25; writing_guides:step 0.17/0.17; trace_rows:copy1 0.43/0.43; trace_rows:step 0.19/0.19; example_row:17.1:1
fr-prenom,Name and word tracing,broad_fade_72,measured,2.4324,1.8228,0.6096,25.06,1.4863,37.42,PROMISING,False,False,writing_guides:copy1 0.07/0.25; writing_guides:step 0.12/0.17; trace_rows:copy1 0.12/0.43; trace_rows:step 0.14/0.19,writing_guides:copy1 0.07/0.25; writing_guides:step 0.12/0.17; trace_rows:copy1 0.12/0.43; trace_rows:step 0.14/0.19; example_row:6.9:1
fr-prenom,Name and word tracing,high_contrast,measured,2.4324,5.5242,-3.0919,-127.11,-2.737,-68.91,NEGLIGIBLE,True,True,,writing_guides:copy1 1.00/0.25; writing_guides:step 0.87/0.17; trace_rows:copy1 0.79/0.43; trace_rows:step 0.59/0.19; example_row:17.1:1
fr-prenom,Name and word tracing,page_wide_fade_75,measured,2.4324,1.8301,0.6023,24.76,1.5028,37.84,PROMISING,False,False,writing_guides:copy1 0.08/0.25; writing_guides:step 0.13/0.17; trace_rows:copy1 0.16/0.43; trace_rows:step 0.15/0.19,writing_guides:copy1 0.08/0.25; writing_guides:step 0.13/0.17; trace_rows:copy1 0.16/0.43; trace_rows:step 0.15/0.19; example_row:7.6:1
fr-prenom,Name and word tracing,page_wide_fade_60,measured,2.4324,1.4676,0.9648,39.67,2.0874,52.56,PROMISING,False,False,writing_guides:copy1 0.01/0.25; writing_guides:step 0.10/0.17; trace_rows:copy1 0.01/0.43; trace_rows:step 0.11/0.19,writing_guides:copy1 0.01/0.25; writing_guides:step 0.10/0.17; trace_rows:copy1 0.01/0.43; trace_rows:step 0.11/0.19; example_row:4.6:1
fr-prenom,Name and word tracing,lighter_color_75_all,measured,2.4324,1.8262,0.6061,24.92,1.4982,37.72,PROMISING,False,False,writing_guides:copy1 0.08/0.25; writing_guides:step 0.13/0.17; trace_rows:copy1 0.15/0.43; trace_rows:step 0.15/0.19,writing_guides:copy1 0.08/0.25; writing_guides:step 0.13/0.17; trace_rows:copy1 0.15/0.43; trace_rows:step 0.15/0.19; example_row:7.6:1
fr-prenom,Name and word tracing,lighter_dark_marks_75,measured,2.4324,2.0752,0.3572,14.68,1.132,28.5,PROMISING,True,True,,writing_guides:copy1 0.25/0.25; writing_guides:step 0.17/0.17; trace_rows:copy1 0.43/0.43; trace_rows:step 0.19/0.19; example_row:7.6:1
fr-prenom,Name and word tracing,lighter_dark_marks_60,measured,2.4324,1.8555,0.5768,23.72,1.5149,38.14,PROMISING,True,True,,writing_guides:copy1 0.24/0.25; writing_guides:step 0.17/0.17; trace_rows:copy1 0.43/0.43; trace_rows:step 0.19/0.19; example_row:4.5:1
fr-prenom,Name and word tracing,lighter_fills_55,measured,2.4324,2.3034,0.129,5.3,0.2959,7.45,SMALL,True,True,,writing_guides:copy1 0.25/0.25; writing_guides:step 0.17/0.17; trace_rows:copy1 0.43/0.43; trace_rows:step 0.19/0.19; example_row:17.1:1
fr-prenom,Name and word tracing,credit_qr_removed,measured,2.4324,2.1458,0.2866,11.78,0.4875,12.27,SMALL,True,True,,writing_guides:copy1 0.25/0.25; writing_guides:step 0.17/0.17; trace_rows:copy1 0.43/0.43; trace_rows:step 0.19/0.19; example_row:17.1:1
fr-prenom,Name and word tracing,lighter_dark_marks_75_keep_qr,measured,2.4324,2.1466,0.2858,11.75,0.9293,23.4,SMALL,True,True,,writing_guides:copy1 0.25/0.25; writing_guides:step 0.17/0.17; trace_rows:copy1 0.43/0.43; trace_rows:step 0.19/0.19; example_row:7.6:1
cursive-alphabet,Letter practice list,standard,measured,0.9188,0.9188,0.0,0.0,0.0,0.0,,True,True,,other_marks:copy1 0.07/0.07; example_row:17.1:1
cursive-alphabet,Letter practice list,broad_fade_72,measured,0.9188,0.8788,0.04,4.35,0.1097,7.35,NEGLIGIBLE,True,True,,other_marks:copy1 0.07/0.07; example_row:17.1:1
cursive-alphabet,Letter practice list,high_contrast,measured,0.9188,0.9188,0.0,0.0,0.0,0.0,NEGLIGIBLE,True,True,,other_marks:copy1 0.07/0.07; example_row:17.1:1
cursive-alphabet,Letter practice list,page_wide_fade_75,measured,0.9188,0.6908,0.228,24.81,0.5508,36.89,SMALL,False,False,other_marks:copy1 0.02/0.07,other_marks:copy1 0.02/0.07; example_row:7.6:1
cursive-alphabet,Letter practice list,page_wide_fade_60,measured,0.9188,0.5556,0.3632,39.53,0.7691,51.51,SMALL,False,False,other_marks:copy1 0.01/0.07,other_marks:copy1 0.01/0.07; example_row:4.6:1
cursive-alphabet,Letter practice list,lighter_color_75_all,measured,0.9188,0.6909,0.2278,24.8,0.5484,36.73,SMALL,False,False,other_marks:copy1 0.02/0.07,other_marks:copy1 0.02/0.07; example_row:7.6:1
cursive-alphabet,Letter practice list,lighter_dark_marks_75,measured,0.9188,0.7657,0.1531,16.66,0.4304,28.83,SMALL,True,True,,other_marks:copy1 0.07/0.07; example_row:7.6:1
cursive-alphabet,Letter practice list,lighter_dark_marks_60,measured,0.9188,0.6705,0.2483,27.03,0.5881,39.39,SMALL,True,True,,other_marks:copy1 0.07/0.07; example_row:4.5:1
cursive-alphabet,Letter practice list,lighter_fills_55,measured,0.9188,0.8533,0.0654,7.12,0.1491,9.99,NEGLIGIBLE,True,True,,other_marks:copy1 0.07/0.07; example_row:17.1:1
cursive-alphabet,Letter practice list,credit_qr_removed,measured,0.9188,0.7733,0.1455,15.84,0.2464,16.5,NEGLIGIBLE,True,True,,other_marks:copy1 0.07/0.07; example_row:17.1:1
cursive-alphabet,Letter practice list,lighter_dark_marks_75_keep_qr,measured,0.9188,0.8019,0.1168,12.72,0.3284,22.0,SMALL,True,True,,other_marks:copy1 0.07/0.07; example_row:7.6:1
block-letters-name,Name and word tracing,standard,measured,2.9652,2.9652,0.0,0.0,0.0,0.0,,True,True,,trace_rows:copy1 0.53/0.53; trace_rows:step 0.26/0.26; example_row:17.1:1
block-letters-name,Name and word tracing,broad_fade_72,measured,2.9652,2.2615,0.7037,23.73,2.0983,40.2,PROMISING,False,False,trace_rows:copy1 0.20/0.53; trace_rows:step 0.21/0.26,trace_rows:copy1 0.20/0.53; trace_rows:step 0.21/0.26; example_row:6.9:1
block-letters-name,Name and word tracing,high_contrast,measured,2.9652,3.4948,-0.5296,-17.86,-0.4032,-7.73,NEGLIGIBLE,True,True,,trace_rows:copy1 0.91/0.53; trace_rows:step 0.58/0.26; example_row:17.1:1
block-letters-name,Name and word tracing,page_wide_fade_75,measured,2.9652,2.2268,0.7384,24.9,2.1793,41.75,PROMISING,False,False,trace_rows:copy1 0.12/0.53; trace_rows:step 0.19/0.26,trace_rows:copy1 0.12/0.53; trace_rows:step 0.19/0.26; example_row:7.6:1
block-letters-name,Name and word tracing,page_wide_fade_60,measured,2.9652,1.7861,1.1792,39.77,2.9402,56.33,PROMISING,False,False,trace_rows:copy1 0.01/0.53; trace_rows:step 0.16/0.26,trace_rows:copy1 0.01/0.53; trace_rows:step 0.16/0.26; example_row:4.6:1
block-letters-name,Name and word tracing,lighter_color_75_all,measured,2.9652,2.2263,0.7389,24.92,2.1798,41.76,PROMISING,False,False,trace_rows:copy1 0.12/0.53; trace_rows:step 0.19/0.26,trace_rows:copy1 0.12/0.53; trace_rows:step 0.19/0.26; example_row:7.6:1
block-letters-name,Name and word tracing,lighter_dark_marks_75,measured,2.9652,2.3619,0.6033,20.35,1.9674,37.69,PROMISING,True,True,,trace_rows:copy1 0.53/0.53; trace_rows:step 0.26/0.26; example_row:7.6:1
block-letters-name,Name and word tracing,lighter_dark_marks_60,measured,2.9652,1.9911,0.9741,32.85,2.621,50.22,PROMISING,True,True,,trace_rows:copy1 0.53/0.53; trace_rows:step 0.26/0.26; example_row:4.5:1
block-letters-name,Name and word tracing,lighter_fills_55,measured,2.9652,2.8408,0.1244,4.2,0.2832,5.43,SMALL,True,True,,trace_rows:copy1 0.53/0.53; trace_rows:step 0.26/0.26; example_row:17.1:1
block-letters-name,Name and word tracing,credit_qr_removed,measured,2.9652,2.6886,0.2766,9.33,0.4679,8.96,SMALL,True,True,,trace_rows:copy1 0.53/0.53; trace_rows:step 0.26/0.26; example_row:17.1:1
block-letters-name,Name and word tracing,lighter_dark_marks_75_keep_qr,measured,2.9652,2.4308,0.5345,18.02,1.7737,33.98,PROMISING,True,True,,trace_rows:copy1 0.53/0.53; trace_rows:step 0.26/0.26; example_row:7.6:1
block-letters-name,Name and word tracing,display_letters_55,measured,2.9652,2.0801,0.8851,29.85,2.3271,44.59,PROMISING,True,True,,trace_rows:copy1 0.53/0.53; trace_rows:step 0.26/0.26; example_row:3.9:1
spanish-chart,Outline alphabet,standard,measured,1.7435,1.7435,0.0,0.0,0.0,0.0,,True,True,,other_marks:copy1 0.73/0.73; other_marks:16.4:1
spanish-chart,Outline alphabet,broad_fade_72,measured,1.7435,1.3748,0.3688,21.15,0.9022,32.74,SMALL,True,True,,other_marks:copy1 0.67/0.73; other_marks:6.6:1
spanish-chart,Outline alphabet,high_contrast,measured,1.7435,1.7435,0.0,0.0,0.0,0.0,NEGLIGIBLE,True,True,,other_marks:copy1 0.73/0.73; other_marks:16.4:1
spanish-chart,Outline alphabet,page_wide_fade_75,measured,1.7435,1.3102,0.4333,24.85,1.0189,36.97,PROMISING,False,False,other_marks:copy1 0.56/0.73,other_marks:copy1 0.56/0.73; other_marks:7.2:1
spanish-chart,Outline alphabet,page_wide_fade_60,measured,1.7435,1.0527,0.6908,39.62,1.4277,51.8,PROMISING,False,False,other_marks:copy1 0.44/0.73,other_marks:copy1 0.44/0.73; other_marks:4.4:1
spanish-chart,Outline alphabet,lighter_color_75_all,measured,1.7435,1.3097,0.4338,24.88,1.0182,36.95,PROMISING,False,False,other_marks:copy1 0.56/0.73,other_marks:copy1 0.56/0.73; other_marks:7.2:1
spanish-chart,Outline alphabet,lighter_dark_marks_75,measured,1.7435,1.3921,0.3514,20.16,0.8819,32.0,SMALL,True,True,,other_marks:copy1 0.67/0.73; other_marks:7.2:1
spanish-chart,Outline alphabet,lighter_dark_marks_60,measured,1.7435,1.1758,0.5677,32.56,1.225,44.45,PROMISING,False,False,other_marks:copy1 0.62/0.73,other_marks:copy1 0.62/0.73; other_marks:4.4:1
spanish-chart,Outline alphabet,lighter_fills_55,measured,1.7435,1.6084,0.1351,7.75,0.3098,11.24,SMALL,True,True,,other_marks:copy1 0.73/0.73; other_marks:16.4:1
spanish-chart,Outline alphabet,credit_qr_removed,measured,1.7435,1.4431,0.3004,17.23,0.5106,18.53,SMALL,True,True,,other_marks:copy1 0.73/0.73; other_marks:16.4:1
spanish-chart,Outline alphabet,lighter_dark_marks_75_keep_qr,measured,1.7435,1.4669,0.2767,15.87,0.6698,24.3,SMALL,True,True,,other_marks:copy1 0.67/0.73; other_marks:7.2:1
coloring-page-stripes-stars,Coloring and dot-to-dot,standard,measured,1.5081,1.5081,0.0,0.0,0.0,0.0,,True,True,,other_marks:copy1 0.55/0.55; other_marks:17.1:1
coloring-page-stripes-stars,Coloring and dot-to-dot,broad_fade_72,measured,1.5081,1.1079,0.4002,26.54,1.0095,40.86,PROMISING,True,True,,other_marks:copy1 0.51/0.55; other_marks:6.9:1
coloring-page-stripes-stars,Coloring and dot-to-dot,high_contrast,measured,1.5081,1.5081,0.0,0.0,0.0,0.0,NEGLIGIBLE,True,True,,other_marks:copy1 0.55/0.55; other_marks:17.1:1
coloring-page-stripes-stars,Coloring and dot-to-dot,page_wide_fade_75,measured,1.5081,1.1345,0.3736,24.77,0.9502,38.46,SMALL,False,False,other_marks:copy1 0.49/0.55,other_marks:copy1 0.49/0.55; other_marks:7.6:1
coloring-page-stripes-stars,Coloring and dot-to-dot,page_wide_fade_60,measured,1.5081,0.9135,0.5947,39.43,1.314,53.19,PROMISING,False,False,other_marks:copy1 0.46/0.55,other_marks:copy1 0.46/0.55; other_marks:4.6:1
coloring-page-stripes-stars,Coloring and dot-to-dot,lighter_color_75_all,measured,1.5081,1.133,0.3752,24.88,0.9535,38.59,SMALL,False,False,other_marks:copy1 0.49/0.55,other_marks:copy1 0.49/0.55; other_marks:7.6:1
coloring-page-stripes-stars,Coloring and dot-to-dot,lighter_dark_marks_75,measured,1.5081,1.2304,0.2778,18.42,0.8006,32.41,SMALL,True,True,,other_marks:copy1 0.52/0.55; other_marks:7.6:1
coloring-page-stripes-stars,Coloring and dot-to-dot,lighter_dark_marks_60,measured,1.5081,1.0599,0.4483,29.72,1.0868,43.99,PROMISING,True,True,,other_marks:copy1 0.50/0.55; other_marks:4.5:1
coloring-page-stripes-stars,Coloring and dot-to-dot,lighter_fills_55,measured,1.5081,1.3814,0.1267,8.4,0.2896,11.72,SMALL,True,True,,other_marks:copy1 0.55/0.55; other_marks:17.1:1
coloring-page-stripes-stars,Coloring and dot-to-dot,credit_qr_removed,measured,1.5081,1.2265,0.2817,18.68,0.4778,19.34,SMALL,True,True,,other_marks:copy1 0.55/0.55; other_marks:17.1:1
coloring-page-stripes-stars,Coloring and dot-to-dot,lighter_dark_marks_75_keep_qr,measured,1.5081,1.3005,0.2077,13.77,0.6025,24.39,SMALL,True,True,,other_marks:copy1 0.52/0.55; other_marks:7.6:1
monogram-circle,Display lettering,standard,measured,4.4741,4.4741,0.0,0.0,0.0,0.0,,True,True,,other_marks:17.1:1
monogram-circle,Display lettering,broad_fade_72,measured,4.4741,3.237,1.2371,27.65,3.868,47.45,PROMISING,True,True,,other_marks:6.8:1
monogram-circle,Display lettering,high_contrast,measured,4.4741,4.4741,0.0,0.0,0.0,0.0,NEGLIGIBLE,True,True,,other_marks:17.1:1
monogram-circle,Display lettering,page_wide_fade_75,simulated_on_raster,4.4741,3.3556,1.1185,25.0,3.6031,44.2,PROMISING,True,True,,other_marks:7.5:1
monogram-circle,Display lettering,page_wide_fade_60,simulated_on_raster,4.4741,2.6844,1.7896,40.0,4.7857,58.7,PROMISING,True,True,,other_marks:4.5:1
monogram-circle,Display lettering,lighter_color_75_all,simulated_on_raster,4.4741,3.3556,1.1185,25.0,3.6031,44.2,PROMISING,True,True,,other_marks:7.5:1
monogram-circle,Display lettering,lighter_dark_marks_75,simulated_on_raster,4.4741,3.3556,1.1185,25.0,3.6031,44.2,PROMISING,True,True,,other_marks:7.5:1
monogram-circle,Display lettering,lighter_dark_marks_60,simulated_on_raster,4.4741,2.6844,1.7896,40.0,4.7857,58.7,PROMISING,True,True,,other_marks:4.5:1
monogram-circle,Display lettering,lighter_fills_55,simulated_on_raster,4.4741,2.4607,2.0133,45.0,5.1252,62.87,PROMISING,False,False,other_marks:3.9:1,other_marks:3.9:1
monogram-circle,Display lettering,lighter_dark_marks_75_keep_qr,simulated_on_raster,4.4741,3.3556,1.1185,25.0,3.6031,44.2,PROMISING,True,True,,other_marks:7.5:1
monogram-circle,Display lettering,display_letters_55,simulated_on_raster,4.4741,2.4607,2.0133,45.0,5.1252,62.87,PROMISING,False,False,other_marks:3.9:1,other_marks:3.9:1
word-search-hard,Word search,standard,measured,4.8762,4.8762,0.0,0.0,0.0,0.0,,True,True,,other_marks:17.1:1; other_marks:copy2 0.87/0.87
word-search-hard,Word search,broad_fade_72,measured,4.8762,3.6447,1.2315,25.26,3.7164,43.11,PROMISING,False,False,other_marks:copy2 0.82/0.87,other_marks:6.9:1; other_marks:copy2 0.82/0.87
word-search-hard,Word search,high_contrast,measured,4.8762,4.8762,0.0,0.0,0.0,0.0,NEGLIGIBLE,True,True,,other_marks:17.1:1; other_marks:copy2 0.87/0.87
word-search-hard,Word search,page_wide_fade_75,measured,4.8762,3.6633,1.2129,24.87,3.6876,42.78,PROMISING,False,False,other_marks:copy2 0.81/0.87,other_marks:7.6:1; other_marks:copy2 0.81/0.87
word-search-hard,Word search,page_wide_fade_60,measured,4.8762,2.9402,1.936,39.7,4.9374,57.28,PROMISING,False,False,other_marks:copy2 0.76/0.87,other_marks:4.6:1; other_marks:copy2 0.76/0.87
word-search-hard,Word search,lighter_color_75_all,measured,4.8762,3.6705,1.2057,24.73,3.6762,42.65,PROMISING,False,False,other_marks:copy2 0.81/0.87,other_marks:7.6:1; other_marks:copy2 0.81/0.87
word-search-hard,Word search,lighter_dark_marks_75,measured,4.8762,3.7112,1.165,23.89,3.6124,41.91,PROMISING,False,False,other_marks:copy2 0.82/0.87,other_marks:7.6:1; other_marks:copy2 0.82/0.87
word-search-hard,Word search,lighter_dark_marks_60,measured,4.8762,2.9907,1.8856,38.67,4.8559,56.33,PROMISING,False,False,other_marks:4.5:1; other_marks:copy2 0.77/0.87,other_marks:4.5:1; other_marks:copy2 0.77/0.87
word-search-hard,Word search,lighter_fills_55,measured,4.8762,4.7546,0.1217,2.5,0.2768,3.21,NEGLIGIBLE,True,True,,other_marks:17.1:1; other_marks:copy2 0.87/0.87
word-search-hard,Word search,credit_qr_removed,measured,4.8762,4.6058,0.2704,5.55,0.4574,5.31,SMALL,True,True,,other_marks:17.1:1; other_marks:copy2 0.87/0.87
word-search-hard,Word search,lighter_dark_marks_75_keep_qr,measured,4.8762,3.7785,1.0977,22.51,3.4232,39.71,PROMISING,False,False,other_marks:copy2 0.82/0.87,other_marks:7.6:1; other_marks:copy2 0.82/0.87
word-search-hard,Word search,regular_weight_grid_letters,measured,4.8762,3.598,1.2782,26.21,2.4333,28.23,PROMISING,False,False,other_marks:copy2 0.64/0.87,other_marks:17.1:1; other_marks:copy2 0.64/0.87
cross-stitch-filled-red,Cross-stitch chart,standard,measured,3.4472,3.4472,0.0,0.0,0.0,0.0,,True,True,,other_marks:7.5:1; other_marks:copy1 0.78/0.78
cross-stitch-filled-red,Cross-stitch chart,broad_fade_72,measured,3.4472,2.5011,0.9461,27.45,2.7552,33.77,PROMISING,True,True,,other_marks:3.7:1; other_marks:copy1 0.74/0.78
cross-stitch-filled-red,Cross-stitch chart,high_contrast,measured,3.4472,3.4472,0.0,0.0,0.0,0.0,NEGLIGIBLE,True,True,,other_marks:7.5:1; other_marks:copy1 0.78/0.78
cross-stitch-filled-red,Cross-stitch chart,page_wide_fade_75,simulated_on_raster,3.4472,2.5854,0.8618,25.0,2.5315,31.02,PROMISING,True,True,,other_marks:4.0:1; other_marks:copy1 0.75/0.78
cross-stitch-filled-red,Cross-stitch chart,page_wide_fade_60,simulated_on_raster,3.4472,2.0683,1.3789,40.0,3.8293,46.93,PROMISING,False,False,other_marks:2.9:1,other_marks:2.9:1; other_marks:copy1 0.73/0.78
cross-stitch-filled-red,Cross-stitch chart,lighter_color_75_all,simulated_on_raster,3.4472,2.5854,0.8618,25.0,2.5315,31.02,PROMISING,True,True,,other_marks:4.0:1; other_marks:copy1 0.75/0.78
cross-stitch-filled-red,Cross-stitch chart,lighter_dark_marks_75,simulated_on_raster,3.4472,2.5854,0.8618,25.0,2.5315,31.02,PROMISING,True,True,,other_marks:4.0:1; other_marks:copy1 0.75/0.78
cross-stitch-filled-red,Cross-stitch chart,lighter_dark_marks_60,simulated_on_raster,3.4472,2.0683,1.3789,40.0,3.8293,46.93,PROMISING,False,False,other_marks:2.9:1,other_marks:2.9:1; other_marks:copy1 0.73/0.78
cross-stitch-filled-red,Cross-stitch chart,lighter_fills_55,simulated_on_raster,3.4472,1.896,1.5513,45.0,4.2378,51.94,PROMISING,False,False,other_marks:2.6:1,other_marks:2.6:1; other_marks:copy1 0.72/0.78
cross-stitch-filled-red,Cross-stitch chart,lighter_dark_marks_75_keep_qr,simulated_on_raster,3.4472,2.5854,0.8618,25.0,2.5315,31.02,PROMISING,True,True,,other_marks:4.0:1; other_marks:copy1 0.75/0.78
cross-stitch-filled-red,Cross-stitch chart,display_letters_55,simulated_on_raster,3.4472,1.896,1.5513,45.0,4.2378,51.94,PROMISING,False,False,other_marks:2.6:1,other_marks:2.6:1; other_marks:copy1 0.72/0.78
hw-bolddot,Tracing with dark dotted or dashed marks,standard,measured,2.2996,2.2996,0.0,0.0,0.0,0.0,,True,True,,writing_guides:copy1 0.43/0.43; writing_guides:step 0.22/0.22; trace_rows:copy1 0.92/0.92; trace_rows:step 0.88/0.88; example_row:17.1:1
hw-bolddot,Tracing with dark dotted or dashed marks,broad_fade_72,measured,2.2996,1.7467,0.5528,24.04,1.4702,38.14,PROMISING,False,False,writing_guides:copy1 0.07/0.43; writing_guides:step 0.16/0.22; trace_rows:step 0.64/0.88,writing_guides:copy1 0.07/0.43; writing_guides:step 0.16/0.22; trace_rows:copy1 0.85/0.92; trace_rows:step 0.64/0.88; example_row:6.9:1
hw-bolddot,Tracing with dark dotted or dashed marks,high_contrast,measured,2.2996,3.4587,-1.1591,-50.41,-0.5184,-13.45,NEGLIGIBLE,False,False,hierarchy:trace darker than model,writing_guides:copy1 1.00/0.43; writing_guides:step 0.83/0.22; trace_rows:copy1 0.94/0.92; trace_rows:step 0.99/0.88; example_row:17.1:1
hw-bolddot,Tracing with dark dotted or dashed marks,page_wide_fade_75,measured,2.2996,1.7273,0.5723,24.89,1.5481,40.16,PROMISING,False,False,writing_guides:copy1 0.09/0.43; writing_guides:step 0.17/0.22; trace_rows:step 0.66/0.88,writing_guides:copy1 0.09/0.43; writing_guides:step 0.17/0.22; trace_rows:copy1 0.86/0.92; trace_rows:step 0.66/0.88; example_row:7.6:1
hw-bolddot,Tracing with dark dotted or dashed marks,page_wide_fade_60,measured,2.2996,1.385,0.9146,39.77,2.1124,54.79,PROMISING,False,False,writing_guides:copy1 0.01/0.43; writing_guides:step 0.13/0.22; trace_rows:copy1 0.81/0.92; trace_rows:step 0.53/0.88,writing_guides:copy1 0.01/0.43; writing_guides:step 0.13/0.22; trace_rows:copy1 0.81/0.92; trace_rows:step 0.53/0.88; example_row:4.6:1
hw-bolddot,Tracing with dark dotted or dashed marks,lighter_color_75_all,measured,2.2996,1.7287,0.5708,24.82,1.5397,39.94,PROMISING,False,False,writing_guides:copy1 0.09/0.43; writing_guides:step 0.16/0.22; trace_rows:step 0.66/0.88,writing_guides:copy1 0.09/0.43; writing_guides:step 0.16/0.22; trace_rows:copy1 0.86/0.92; trace_rows:step 0.66/0.88; example_row:7.6:1
hw-bolddot,Tracing with dark dotted or dashed marks,lighter_dark_marks_75,measured,2.2996,1.8488,0.4507,19.6,1.3664,35.44,PROMISING,False,True,trace_rows:step 0.66/0.88,writing_guides:copy1 0.43/0.43; writing_guides:step 0.22/0.22; trace_rows:copy1 0.86/0.92; trace_rows:step 0.66/0.88; example_row:7.6:1
hw-bolddot,Tracing with dark dotted or dashed marks,lighter_dark_marks_60,measured,2.2996,1.5711,0.7285,31.68,1.8411,47.76,PROMISING,False,False,trace_rows:copy1 0.81/0.92; trace_rows:step 0.53/0.88,writing_guides:copy1 0.43/0.43; writing_guides:step 0.22/0.22; trace_rows:copy1 0.81/0.92; trace_rows:step 0.53/0.88; example_row:4.5:1
hw-bolddot,Tracing with dark dotted or dashed marks,lighter_fills_55,measured,2.2996,2.1625,0.137,5.96,0.3107,8.06,SMALL,True,True,,writing_guides:copy1 0.43/0.43; writing_guides:step 0.22/0.22; trace_rows:copy1 0.92/0.92; trace_rows:step 0.88/0.88; example_row:17.1:1
hw-bolddot,Tracing with dark dotted or dashed marks,credit_qr_removed,measured,2.2996,1.995,0.3046,13.25,0.5141,13.34,SMALL,True,True,,writing_guides:copy1 0.43/0.43; writing_guides:step 0.22/0.22; trace_rows:copy1 0.92/0.92; trace_rows:step 0.88/0.88; example_row:17.1:1
hw-bolddot,Tracing with dark dotted or dashed marks,lighter_dark_marks_75_keep_qr,measured,2.2996,1.9246,0.3749,16.3,1.1541,29.94,PROMISING,False,True,trace_rows:step 0.66/0.88,writing_guides:copy1 0.43/0.43; writing_guides:step 0.22/0.22; trace_rows:copy1 0.86/0.92; trace_rows:step 0.66/0.88; example_row:7.6:1
hw-faint,Name and word tracing,standard,measured,1.6278,1.6278,0.0,0.0,0.0,0.0,,True,True,,writing_guides:copy1 0.43/0.43; writing_guides:step 0.22/0.22; trace_rows:copy1 n/a(std 0.00); trace_rows:step 0.10/0.10; example_row:17.1:1
hw-faint,Name and word tracing,broad_fade_72,measured,1.6278,1.2576,0.3702,22.74,0.9428,35.11,SMALL,False,False,writing_guides:copy1 0.06/0.43; writing_guides:step 0.16/0.22; trace_rows:step 0.07/0.10,writing_guides:copy1 0.06/0.43; writing_guides:step 0.16/0.22; trace_rows:copy1 n/a(std 0.00); trace_rows:step 0.07/0.10; example_row:6.9:1
hw-faint,Name and word tracing,high_contrast,measured,1.6278,2.7491,-1.1214,-68.89,-0.9715,-36.18,NEGLIGIBLE,True,True,,writing_guides:copy1 1.00/0.43; writing_guides:step 0.83/0.22; trace_rows:copy1 n/a(std 0.00); trace_rows:step 0.69/0.10; example_row:17.1:1
hw-faint,Name and word tracing,page_wide_fade_75,measured,1.6278,1.2229,0.4049,24.87,1.0504,39.12,PROMISING,False,False,writing_guides:copy1 0.09/0.43; writing_guides:step 0.17/0.22; trace_rows:step 0.07/0.10,writing_guides:copy1 0.09/0.43; writing_guides:step 0.17/0.22; trace_rows:copy1 n/a(std 0.00); trace_rows:step 0.07/0.10; example_row:7.6:1
hw-faint,Name and word tracing,page_wide_fade_60,measured,1.6278,0.9803,0.6474,39.78,1.4443,53.79,PROMISING,False,False,writing_guides:copy1 0.01/0.43; writing_guides:step 0.13/0.22; trace_rows:step 0.06/0.10,writing_guides:copy1 0.01/0.43; writing_guides:step 0.13/0.22; trace_rows:copy1 n/a(std 0.00); trace_rows:step 0.06/0.10; example_row:4.6:1
hw-faint,Name and word tracing,lighter_color_75_all,measured,1.6278,1.224,0.4037,24.8,1.0422,38.81,PROMISING,False,False,writing_guides:copy1 0.09/0.43; writing_guides:step 0.16/0.22; trace_rows:step 0.07/0.10,writing_guides:copy1 0.09/0.43; writing_guides:step 0.16/0.22; trace_rows:copy1 n/a(std 0.00); trace_rows:step 0.07/0.10; example_row:7.6:1
hw-faint,Name and word tracing,lighter_dark_marks_75,measured,1.6278,1.3459,0.2818,17.31,0.8664,32.27,SMALL,True,True,,writing_guides:copy1 0.43/0.43; writing_guides:step 0.22/0.22; trace_rows:copy1 n/a(std 0.00); trace_rows:step 0.10/0.10; example_row:7.6:1
hw-faint,Name and word tracing,lighter_dark_marks_60,measured,1.6278,1.1719,0.4558,28.0,1.1654,43.4,PROMISING,True,True,,writing_guides:copy1 0.43/0.43; writing_guides:step 0.22/0.22; trace_rows:copy1 n/a(std 0.00); trace_rows:step 0.10/0.10; example_row:4.5:1
hw-faint,Name and word tracing,lighter_fills_55,measured,1.6278,1.4907,0.137,8.42,0.3107,11.57,SMALL,True,True,,writing_guides:copy1 0.43/0.43; writing_guides:step 0.22/0.22; trace_rows:copy1 n/a(std 0.00); trace_rows:step 0.10/0.10; example_row:17.1:1
hw-faint,Name and word tracing,credit_qr_removed,measured,1.6278,1.3232,0.3046,18.71,0.5141,19.15,SMALL,True,True,,writing_guides:copy1 0.43/0.43; writing_guides:step 0.22/0.22; trace_rows:copy1 n/a(std 0.00); trace_rows:step 0.10/0.10; example_row:17.1:1
hw-faint,Name and word tracing,lighter_dark_marks_75_keep_qr,measured,1.6278,1.4217,0.206,12.66,0.654,24.36,SMALL,True,True,,writing_guides:copy1 0.43/0.43; writing_guides:step 0.22/0.22; trace_rows:copy1 n/a(std 0.00); trace_rows:step 0.10/0.10; example_row:7.6:1
sight-word,Tracing with dark dotted or dashed marks,standard,measured,1.5271,1.5271,0.0,0.0,0.0,0.0,,True,True,,writing_guides:copy1 0.43/0.43; writing_guides:step 0.22/0.22; trace_rows:copy1 0.92/0.92; trace_rows:step 0.88/0.88; example_row:17.1:1
sight-word,Tracing with dark dotted or dashed marks,broad_fade_72,measured,1.5271,1.1714,0.3557,23.29,0.8785,35.29,SMALL,False,False,writing_guides:copy1 0.06/0.43; writing_guides:step 0.16/0.22; trace_rows:step 0.64/0.88,writing_guides:copy1 0.06/0.43; writing_guides:step 0.16/0.22; trace_rows:copy1 0.85/0.92; trace_rows:step 0.64/0.88; example_row:6.9:1
sight-word,Tracing with dark dotted or dashed marks,high_contrast,measured,1.5271,2.6475,-1.1204,-73.37,-0.7433,-29.86,NEGLIGIBLE,False,False,hierarchy:trace darker than model,writing_guides:copy1 1.00/0.43; writing_guides:step 0.83/0.22; trace_rows:copy1 0.95/0.92; trace_rows:step 0.99/0.88; example_row:17.1:1
sight-word,Tracing with dark dotted or dashed marks,page_wide_fade_75,measured,1.5271,1.1472,0.3799,24.88,0.9608,38.6,SMALL,False,False,writing_guides:copy1 0.09/0.43; writing_guides:step 0.17/0.22; trace_rows:step 0.66/0.88,writing_guides:copy1 0.09/0.43; writing_guides:step 0.17/0.22; trace_rows:copy1 0.86/0.92; trace_rows:step 0.66/0.88; example_row:7.6:1
sight-word,Tracing with dark dotted or dashed marks,page_wide_fade_60,measured,1.5271,0.9195,0.6076,39.78,1.327,53.31,PROMISING,False,False,writing_guides:copy1 0.01/0.43; writing_guides:step 0.13/0.22; trace_rows:copy1 0.81/0.92; trace_rows:step 0.53/0.88,writing_guides:copy1 0.01/0.43; writing_guides:step 0.13/0.22; trace_rows:copy1 0.81/0.92; trace_rows:step 0.53/0.88; example_row:4.6:1
sight-word,Tracing with dark dotted or dashed marks,lighter_color_75_all,measured,1.5271,1.148,0.3791,24.82,0.9533,38.3,SMALL,False,False,writing_guides:copy1 0.09/0.43; writing_guides:step 0.16/0.22; trace_rows:step 0.66/0.88,writing_guides:copy1 0.09/0.43; writing_guides:step 0.16/0.22; trace_rows:copy1 0.86/0.92; trace_rows:step 0.66/0.88; example_row:7.6:1
sight-word,Tracing with dark dotted or dashed marks,lighter_dark_marks_75,measured,1.5271,1.2652,0.2619,17.15,0.7843,31.51,SMALL,False,True,trace_rows:step 0.66/0.88,writing_guides:copy1 0.43/0.43; writing_guides:step 0.22/0.22; trace_rows:copy1 0.86/0.92; trace_rows:step 0.66/0.88; example_row:7.6:1
sight-word,Tracing with dark dotted or dashed marks,lighter_dark_marks_60,measured,1.5271,1.1038,0.4233,27.72,1.0587,42.53,PROMISING,False,False,trace_rows:copy1 0.81/0.92; trace_rows:step 0.53/0.88,writing_guides:copy1 0.43/0.43; writing_guides:step 0.22/0.22; trace_rows:copy1 0.81/0.92; trace_rows:step 0.53/0.88; example_row:4.5:1
sight-word,Tracing with dark dotted or dashed marks,lighter_fills_55,measured,1.5271,1.3951,0.132,8.64,0.3021,12.14,SMALL,True,True,,writing_guides:copy1 0.43/0.43; writing_guides:step 0.22/0.22; trace_rows:copy1 0.92/0.92; trace_rows:step 0.88/0.88; example_row:17.1:1
sight-word,Tracing with dark dotted or dashed marks,credit_qr_removed,measured,1.5271,1.2336,0.2935,19.22,0.4983,20.02,SMALL,True,True,,writing_guides:copy1 0.43/0.43; writing_guides:step 0.22/0.22; trace_rows:copy1 0.92/0.92; trace_rows:step 0.88/0.88; example_row:17.1:1
sight-word,Tracing with dark dotted or dashed marks,lighter_dark_marks_75_keep_qr,measured,1.5271,1.3383,0.1888,12.36,0.5774,23.2,SMALL,False,True,trace_rows:step 0.66/0.88,writing_guides:copy1 0.43/0.43; writing_guides:step 0.22/0.22; trace_rows:copy1 0.86/0.92; trace_rows:step 0.66/0.88; example_row:7.6:1
mom-in-cursive,Name and word tracing,standard,measured,2.2705,2.2705,0.0,0.0,0.0,0.0,,True,True,,writing_guides:copy1 0.44/0.44; writing_guides:step 0.21/0.21; trace_rows:copy1 0.45/0.45; trace_rows:step 0.24/0.24; example_row:17.1:1
mom-in-cursive,Name and word tracing,broad_fade_72,measured,2.2705,1.7004,0.5702,25.11,1.4333,38.33,PROMISING,False,False,writing_guides:copy1 0.08/0.44; writing_guides:step 0.15/0.21; trace_rows:copy1 0.07/0.45; trace_rows:step 0.17/0.24,writing_guides:copy1 0.08/0.44; writing_guides:step 0.15/0.21; trace_rows:copy1 0.07/0.45; trace_rows:step 0.17/0.24; example_row:6.9:1
mom-in-cursive,Name and word tracing,high_contrast,measured,2.2705,3.9509,-1.6803,-74.01,-1.4044,-37.55,NEGLIGIBLE,True,True,,writing_guides:copy1 1.00/0.44; writing_guides:step 0.85/0.21; trace_rows:copy1 0.94/0.45; trace_rows:step 0.64/0.24; example_row:17.1:1
mom-in-cursive,Name and word tracing,page_wide_fade_75,measured,2.2705,1.7067,0.5639,24.83,1.4459,38.66,PROMISING,False,False,writing_guides:copy1 0.11/0.44; writing_guides:step 0.16/0.21; trace_rows:copy1 0.10/0.45; trace_rows:step 0.18/0.24,writing_guides:copy1 0.11/0.44; writing_guides:step 0.16/0.21; trace_rows:copy1 0.10/0.45; trace_rows:step 0.18/0.24; example_row:7.6:1
mom-in-cursive,Name and word tracing,page_wide_fade_60,measured,2.2705,1.3693,0.9012,39.69,1.9961,53.38,PROMISING,False,False,writing_guides:copy1 0.01/0.44; writing_guides:step 0.13/0.21; trace_rows:copy1 0.01/0.45; trace_rows:step 0.14/0.24,writing_guides:copy1 0.01/0.44; writing_guides:step 0.13/0.21; trace_rows:copy1 0.01/0.45; trace_rows:step 0.14/0.24; example_row:4.6:1
mom-in-cursive,Name and word tracing,lighter_color_75_all,measured,2.2705,1.7074,0.5631,24.8,1.4389,38.48,PROMISING,False,False,writing_guides:copy1 0.11/0.44; writing_guides:step 0.16/0.21; trace_rows:copy1 0.10/0.45; trace_rows:step 0.18/0.24,writing_guides:copy1 0.11/0.44; writing_guides:step 0.16/0.21; trace_rows:copy1 0.10/0.45; trace_rows:step 0.18/0.24; example_row:7.6:1
mom-in-cursive,Name and word tracing,lighter_dark_marks_75,measured,2.2705,1.9045,0.3661,16.12,1.1485,30.71,PROMISING,True,True,,writing_guides:copy1 0.44/0.44; writing_guides:step 0.21/0.21; trace_rows:copy1 0.45/0.45; trace_rows:step 0.24/0.24; example_row:7.6:1
mom-in-cursive,Name and word tracing,lighter_dark_marks_60,measured,2.2705,1.6785,0.5921,26.08,1.5404,41.19,PROMISING,True,True,,writing_guides:copy1 0.44/0.44; writing_guides:step 0.21/0.21; trace_rows:copy1 0.45/0.45; trace_rows:step 0.24/0.24; example_row:4.5:1
mom-in-cursive,Name and word tracing,lighter_fills_55,measured,2.2705,2.1335,0.137,6.03,0.3164,8.46,SMALL,True,True,,writing_guides:copy1 0.44/0.44; writing_guides:step 0.21/0.21; trace_rows:copy1 0.45/0.45; trace_rows:step 0.24/0.24; example_row:17.1:1
mom-in-cursive,Name and word tracing,credit_qr_removed,measured,2.2705,1.966,0.3046,13.41,0.5202,13.91,SMALL,True,True,,writing_guides:copy1 0.44/0.44; writing_guides:step 0.21/0.21; trace_rows:copy1 0.45/0.45; trace_rows:step 0.24/0.24; example_row:17.1:1
mom-in-cursive,Name and word tracing,lighter_dark_marks_75_keep_qr,measured,2.2705,1.9803,0.2903,12.78,0.9314,24.91,SMALL,True,True,,writing_guides:copy1 0.44/0.44; writing_guides:step 0.21/0.21; trace_rows:copy1 0.45/0.45; trace_rows:step 0.24/0.24; example_row:7.6:1
de-schreibuebungen,Name and word tracing,standard,measured,2.2816,2.2816,0.0,0.0,0.0,0.0,,True,True,,writing_guides:copy1 0.41/0.41; writing_guides:step 0.20/0.20; trace_rows:copy1 0.31/0.31; trace_rows:step 0.21/0.21; example_row:17.1:1
de-schreibuebungen,Name and word tracing,broad_fade_72,measured,2.2816,1.7387,0.5428,23.79,1.0985,31.2,PROMISING,False,False,writing_guides:copy1 0.07/0.41; writing_guides:step 0.15/0.20; trace_rows:copy1 0.00/0.31; trace_rows:step 0.16/0.21,writing_guides:copy1 0.07/0.41; writing_guides:step 0.15/0.20; trace_rows:copy1 0.00/0.31; trace_rows:step 0.16/0.21; example_row:6.9:1
de-schreibuebungen,Name and word tracing,high_contrast,measured,2.2816,4.4385,-2.1569,-94.54,-1.9396,-55.09,NEGLIGIBLE,False,False,trace_rows:step 0.06/0.21,writing_guides:copy1 1.00/0.41; writing_guides:step 0.80/0.20; trace_rows:copy1 0.37/0.31; trace_rows:step 0.06/0.21; example_row:17.1:1
de-schreibuebungen,Name and word tracing,page_wide_fade_75,measured,2.2816,1.7056,0.5759,25.24,1.2158,34.54,PROMISING,False,False,writing_guides:copy1 0.10/0.41; writing_guides:step 0.15/0.20; trace_rows:copy1 0.01/0.31; trace_rows:step 0.16/0.21,writing_guides:copy1 0.10/0.41; writing_guides:step 0.15/0.20; trace_rows:copy1 0.01/0.31; trace_rows:step 0.16/0.21; example_row:7.6:1
de-schreibuebungen,Name and word tracing,page_wide_fade_60,measured,2.2816,1.3769,0.9047,39.65,1.7028,48.37,PROMISING,False,False,writing_guides:copy1 0.01/0.41; writing_guides:step 0.12/0.20; trace_rows:copy1 0.00/0.31; trace_rows:step 0.13/0.21,writing_guides:copy1 0.01/0.41; writing_guides:step 0.12/0.20; trace_rows:copy1 0.00/0.31; trace_rows:step 0.13/0.21; example_row:4.6:1
de-schreibuebungen,Name and word tracing,lighter_color_75_all,measured,2.2816,1.7167,0.5648,24.76,1.2118,34.42,PROMISING,False,False,writing_guides:copy1 0.10/0.41; writing_guides:step 0.15/0.20; trace_rows:copy1 0.00/0.31; trace_rows:step 0.16/0.21,writing_guides:copy1 0.10/0.41; writing_guides:step 0.15/0.20; trace_rows:copy1 0.00/0.31; trace_rows:step 0.16/0.21; example_row:7.6:1
de-schreibuebungen,Name and word tracing,lighter_dark_marks_75,measured,2.2816,2.0476,0.234,10.26,0.7124,20.24,SMALL,True,True,,writing_guides:copy1 0.41/0.41; writing_guides:step 0.20/0.20; trace_rows:copy1 0.31/0.31; trace_rows:step 0.21/0.21; example_row:7.6:1
de-schreibuebungen,Name and word tracing,lighter_dark_marks_60,measured,2.2816,1.9031,0.3785,16.59,0.9597,27.26,SMALL,True,True,,writing_guides:copy1 0.41/0.41; writing_guides:step 0.20/0.20; trace_rows:copy1 0.31/0.31; trace_rows:step 0.21/0.21; example_row:4.5:1
de-schreibuebungen,Name and word tracing,lighter_fills_55,measured,2.2816,2.0009,0.2807,12.3,0.4854,13.79,SMALL,True,True,,writing_guides:copy1 0.40/0.41; writing_guides:step 0.20/0.20; trace_rows:copy1 0.31/0.31; trace_rows:step 0.21/0.21; example_row:17.1:1
de-schreibuebungen,Name and word tracing,credit_qr_removed,measured,2.2816,1.998,0.2836,12.43,0.4809,13.66,SMALL,True,True,,writing_guides:copy1 0.41/0.41; writing_guides:step 0.20/0.20; trace_rows:copy1 0.31/0.31; trace_rows:step 0.21/0.21; example_row:17.1:1
de-schreibuebungen,Name and word tracing,lighter_dark_marks_75_keep_qr,measured,2.2816,2.1182,0.1634,7.16,0.513,14.57,SMALL,True,True,,writing_guides:copy1 0.41/0.41; writing_guides:step 0.20/0.20; trace_rows:copy1 0.31/0.31; trace_rows:step 0.21/0.21; example_row:7.6:1
tr-harf-name,Name and word tracing,standard,measured,2.0973,2.0973,0.0,0.0,0.0,0.0,,True,True,,trace_rows:copy1 0.46/0.46; trace_rows:step 0.23/0.23; example_row:17.1:1
tr-harf-name,Name and word tracing,broad_fade_72,measured,2.0973,1.6155,0.4818,22.97,1.4176,38.84,PROMISING,False,False,trace_rows:copy1 0.17/0.46; trace_rows:step 0.17/0.23,trace_rows:copy1 0.17/0.46; trace_rows:step 0.17/0.23; example_row:6.9:1
tr-harf-name,Name and word tracing,high_contrast,measured,2.0973,2.4969,-0.3996,-19.05,-0.3049,-8.35,NEGLIGIBLE,True,True,,trace_rows:copy1 0.78/0.46; trace_rows:step 0.46/0.23; example_row:17.1:1
tr-harf-name,Name and word tracing,page_wide_fade_75,measured,2.0973,1.5757,0.5216,24.87,1.499,41.07,PROMISING,False,False,trace_rows:copy1 0.11/0.46; trace_rows:step 0.17/0.23,trace_rows:copy1 0.11/0.46; trace_rows:step 0.17/0.23; example_row:7.6:1
tr-harf-name,Name and word tracing,page_wide_fade_60,measured,2.0973,1.2651,0.8322,39.68,2.0297,55.62,PROMISING,False,False,trace_rows:copy1 0.01/0.46; trace_rows:step 0.14/0.23,trace_rows:copy1 0.01/0.46; trace_rows:step 0.14/0.23; example_row:4.6:1
tr-harf-name,Name and word tracing,lighter_color_75_all,measured,2.0973,1.5752,0.5221,24.9,1.4991,41.08,PROMISING,False,False,trace_rows:copy1 0.11/0.46; trace_rows:step 0.17/0.23,trace_rows:copy1 0.11/0.46; trace_rows:step 0.17/0.23; example_row:7.6:1
tr-harf-name,Name and word tracing,lighter_dark_marks_75,measured,2.0973,1.6878,0.4094,19.52,1.3222,36.23,PROMISING,True,True,,trace_rows:copy1 0.46/0.46; trace_rows:step 0.23/0.23; example_row:7.6:1
tr-harf-name,Name and word tracing,lighter_dark_marks_60,measured,2.0973,1.4362,0.6611,31.52,1.764,48.33,PROMISING,True,True,,trace_rows:copy1 0.46/0.46; trace_rows:step 0.23/0.23; example_row:4.5:1
tr-harf-name,Name and word tracing,lighter_fills_55,measured,2.0973,1.974,0.1233,5.88,0.2828,7.75,SMALL,True,True,,trace_rows:copy1 0.46/0.46; trace_rows:step 0.23/0.23; example_row:17.1:1
tr-harf-name,Name and word tracing,credit_qr_removed,measured,2.0973,1.8231,0.2742,13.07,0.4661,12.77,SMALL,True,True,,trace_rows:copy1 0.46/0.46; trace_rows:step 0.23/0.23; example_row:17.1:1
tr-harf-name,Name and word tracing,lighter_dark_marks_75_keep_qr,measured,2.0973,1.7561,0.3411,16.27,1.1283,30.92,PROMISING,True,True,,trace_rows:copy1 0.46/0.46; trace_rows:step 0.23/0.23; example_row:7.6:1
block-letters,Outline alphabet,standard,measured,1.7931,1.7931,0.0,0.0,0.0,0.0,,True,True,,other_marks:copy1 0.91/0.91; other_marks:17.1:1
block-letters,Outline alphabet,broad_fade_72,measured,1.7931,1.3151,0.478,26.66,1.2924,42.92,PROMISING,True,True,,other_marks:copy1 0.83/0.91; other_marks:6.9:1
block-letters,Outline alphabet,high_contrast,measured,1.7931,1.7931,0.0,0.0,0.0,0.0,NEGLIGIBLE,True,True,,other_marks:copy1 0.91/0.91; other_marks:17.1:1
block-letters,Outline alphabet,page_wide_fade_75,measured,1.7931,1.3469,0.4462,24.88,1.2356,41.04,PROMISING,True,True,,other_marks:copy1 0.84/0.91; other_marks:7.6:1
block-letters,Outline alphabet,page_wide_fade_60,measured,1.7931,1.0809,0.7122,39.72,1.6776,55.72,PROMISING,False,False,other_marks:copy1 0.77/0.91,other_marks:copy1 0.77/0.91; other_marks:4.6:1
block-letters,Outline alphabet,lighter_color_75_all,measured,1.7931,1.347,0.4461,24.88,1.2353,41.03,PROMISING,True,True,,other_marks:copy1 0.84/0.91; other_marks:7.6:1
block-letters,Outline alphabet,lighter_dark_marks_75,measured,1.7931,1.3499,0.4432,24.72,1.2311,40.89,PROMISING,True,True,,other_marks:copy1 0.84/0.91; other_marks:7.6:1
block-letters,Outline alphabet,lighter_dark_marks_60,measured,1.7931,1.0776,0.7155,39.9,1.6806,55.82,PROMISING,False,False,other_marks:copy1 0.78/0.91,other_marks:copy1 0.78/0.91; other_marks:4.5:1
block-letters,Outline alphabet,lighter_fills_55,measured,1.7931,1.7497,0.0434,2.42,0.0995,3.31,NEGLIGIBLE,True,True,,other_marks:copy1 0.91/0.91; other_marks:17.1:1
block-letters,Outline alphabet,credit_qr_removed,measured,1.7931,1.6966,0.0965,5.38,0.164,5.45,NEGLIGIBLE,True,True,,other_marks:copy1 0.91/0.91; other_marks:17.1:1
block-letters,Outline alphabet,lighter_dark_marks_75_keep_qr,measured,1.7931,1.3739,0.4192,23.38,1.163,38.63,PROMISING,True,True,,other_marks:copy1 0.84/0.91; other_marks:7.6:1
alphabet-coloring,Outline alphabet,standard,measured,1.4248,1.4248,0.0,0.0,0.0,0.0,,True,True,,other_marks:copy1 0.70/0.70; other_marks:16.2:1
alphabet-coloring,Outline alphabet,broad_fade_72,measured,1.4248,1.1433,0.2816,19.76,0.6955,30.83,SMALL,True,True,,other_marks:copy1 0.65/0.70; other_marks:6.5:1
alphabet-coloring,Outline alphabet,high_contrast,measured,1.4248,1.4248,0.0,0.0,0.0,0.0,NEGLIGIBLE,True,True,,other_marks:copy1 0.70/0.70; other_marks:16.2:1
alphabet-coloring,Outline alphabet,page_wide_fade_75,measured,1.4248,1.0708,0.3541,24.85,0.8323,36.88,SMALL,False,False,other_marks:copy1 0.53/0.70,other_marks:copy1 0.53/0.70; other_marks:7.1:1
alphabet-coloring,Outline alphabet,page_wide_fade_60,measured,1.4248,0.8604,0.5644,39.61,1.1665,51.7,PROMISING,False,False,other_marks:copy1 0.40/0.70,other_marks:copy1 0.40/0.70; other_marks:4.4:1
alphabet-coloring,Outline alphabet,lighter_color_75_all,measured,1.4248,1.0704,0.3544,24.87,0.8313,36.84,SMALL,False,False,other_marks:copy1 0.52/0.70,other_marks:copy1 0.52/0.70; other_marks:7.1:1
alphabet-coloring,Outline alphabet,lighter_dark_marks_75,measured,1.4248,1.1462,0.2787,19.56,0.7063,31.3,SMALL,True,True,,other_marks:copy1 0.65/0.70; other_marks:7.1:1
alphabet-coloring,Outline alphabet,lighter_dark_marks_60,measured,1.4248,0.9747,0.4501,31.59,0.9792,43.4,SMALL,False,False,other_marks:copy1 0.61/0.70,other_marks:copy1 0.61/0.70; other_marks:4.3:1
alphabet-coloring,Outline alphabet,lighter_fills_55,measured,1.4248,1.2947,0.1301,9.13,0.2959,13.12,SMALL,True,True,,other_marks:copy1 0.70/0.70; other_marks:16.2:1
alphabet-coloring,Outline alphabet,credit_qr_removed,measured,1.4248,1.1355,0.2893,20.3,0.4892,21.68,SMALL,True,True,,other_marks:copy1 0.70/0.70; other_marks:16.2:1
alphabet-coloring,Outline alphabet,lighter_dark_marks_75_keep_qr,measured,1.4248,1.2182,0.2067,14.5,0.504,22.34,SMALL,True,True,,other_marks:copy1 0.65/0.70; other_marks:7.1:1
coloring-page,Coloring and dot-to-dot,standard,measured,0.76,0.76,0.0,0.0,0.0,0.0,,True,True,,other_marks:copy1 0.48/0.48; other_marks:16.2:1
coloring-page,Coloring and dot-to-dot,broad_fade_72,measured,0.76,0.5646,0.1954,25.71,0.4878,39.96,SMALL,True,True,,other_marks:copy1 0.44/0.48; other_marks:6.5:1
coloring-page,Coloring and dot-to-dot,high_contrast,measured,0.76,0.76,0.0,0.0,0.0,0.0,NEGLIGIBLE,True,True,,other_marks:copy1 0.48/0.48; other_marks:16.2:1
coloring-page,Coloring and dot-to-dot,page_wide_fade_75,measured,0.76,0.5719,0.1881,24.75,0.4673,38.28,SMALL,False,False,other_marks:copy1 0.41/0.48,other_marks:copy1 0.41/0.48; other_marks:7.1:1
coloring-page,Coloring and dot-to-dot,page_wide_fade_60,measured,0.76,0.4608,0.2992,39.37,0.647,53.0,SMALL,False,False,other_marks:copy1 0.35/0.48,other_marks:copy1 0.35/0.48; other_marks:4.4:1
coloring-page,Coloring and dot-to-dot,lighter_color_75_all,measured,0.76,0.5714,0.1886,24.82,0.4679,38.32,SMALL,False,False,other_marks:copy1 0.41/0.48,other_marks:copy1 0.41/0.48; other_marks:7.1:1
coloring-page,Coloring and dot-to-dot,lighter_dark_marks_75,measured,0.76,0.5952,0.1648,21.68,0.4318,35.37,SMALL,True,True,,other_marks:copy1 0.44/0.48; other_marks:7.1:1
coloring-page,Coloring and dot-to-dot,lighter_dark_marks_60,measured,0.76,0.4941,0.2659,34.99,0.5945,48.7,SMALL,False,False,other_marks:copy1 0.40/0.48,other_marks:copy1 0.40/0.48; other_marks:4.3:1
coloring-page,Coloring and dot-to-dot,lighter_fills_55,measured,0.76,0.6333,0.1267,16.67,0.2896,23.72,SMALL,True,True,,other_marks:copy1 0.48/0.48; other_marks:16.2:1
coloring-page,Coloring and dot-to-dot,credit_qr_removed,measured,0.76,0.4783,0.2817,37.06,0.4778,39.14,SMALL,True,True,,other_marks:copy1 0.48/0.48; other_marks:16.2:1
coloring-page,Coloring and dot-to-dot,lighter_dark_marks_75_keep_qr,measured,0.76,0.6653,0.0947,12.46,0.2336,19.14,NEGLIGIBLE,True,True,,other_marks:copy1 0.44/0.48; other_marks:7.1:1
monogram-classic,Display lettering,standard,measured,3.2757,3.2757,0.0,0.0,0.0,0.0,,True,True,,other_marks:17.1:1
monogram-classic,Display lettering,broad_fade_72,measured,3.2757,2.3649,0.9108,27.8,2.9161,48.09,PROMISING,True,True,,other_marks:6.8:1
monogram-classic,Display lettering,high_contrast,measured,3.2757,3.2757,0.0,0.0,0.0,0.0,NEGLIGIBLE,True,True,,other_marks:17.1:1
monogram-classic,Display lettering,page_wide_fade_75,simulated_on_raster,3.2757,2.4568,0.8189,25.0,2.7136,44.75,PROMISING,True,True,,other_marks:7.5:1
monogram-classic,Display lettering,page_wide_fade_60,simulated_on_raster,3.2757,1.9654,1.3103,40.0,3.5903,59.21,PROMISING,True,True,,other_marks:4.5:1
monogram-classic,Display lettering,lighter_color_75_all,simulated_on_raster,3.2757,2.4568,0.8189,25.0,2.7136,44.75,PROMISING,True,True,,other_marks:7.5:1
monogram-classic,Display lettering,lighter_dark_marks_75,simulated_on_raster,3.2757,2.4568,0.8189,25.0,2.7136,44.75,PROMISING,True,True,,other_marks:7.5:1
monogram-classic,Display lettering,lighter_dark_marks_60,simulated_on_raster,3.2757,1.9654,1.3103,40.0,3.5903,59.21,PROMISING,True,True,,other_marks:4.5:1
monogram-classic,Display lettering,lighter_fills_55,simulated_on_raster,3.2757,1.8016,1.4741,45.0,3.8409,63.34,PROMISING,False,False,other_marks:3.9:1,other_marks:3.9:1
monogram-classic,Display lettering,lighter_dark_marks_75_keep_qr,simulated_on_raster,3.2757,2.4568,0.8189,25.0,2.7136,44.75,PROMISING,True,True,,other_marks:7.5:1
monogram-classic,Display lettering,display_letters_55,simulated_on_raster,3.2757,1.8016,1.4741,45.0,3.8409,63.34,PROMISING,False,False,other_marks:3.9:1,other_marks:3.9:1
word-search,Word search,standard,measured,4.8543,4.8543,0.0,0.0,0.0,0.0,,True,True,,other_marks:17.1:1; other_marks:copy2 0.87/0.87
word-search,Word search,broad_fade_72,measured,4.8543,3.6287,1.2256,25.25,3.6974,43.09,PROMISING,False,False,other_marks:copy2 0.82/0.87,other_marks:6.9:1; other_marks:copy2 0.82/0.87
word-search,Word search,high_contrast,measured,4.8543,4.8543,0.0,0.0,0.0,0.0,NEGLIGIBLE,True,True,,other_marks:17.1:1; other_marks:copy2 0.87/0.87
word-search,Word search,page_wide_fade_75,measured,4.8543,3.6467,1.2076,24.88,3.6699,42.77,PROMISING,False,False,other_marks:copy2 0.81/0.87,other_marks:7.6:1; other_marks:copy2 0.81/0.87
word-search,Word search,page_wide_fade_60,measured,4.8543,2.927,1.9273,39.7,4.9137,57.27,PROMISING,False,False,other_marks:copy2 0.76/0.87,other_marks:4.6:1; other_marks:copy2 0.76/0.87
word-search,Word search,lighter_color_75_all,measured,4.8543,3.6537,1.2006,24.73,3.6591,42.65,PROMISING,False,False,other_marks:copy2 0.81/0.87,other_marks:7.6:1; other_marks:copy2 0.81/0.87
word-search,Word search,lighter_dark_marks_75,measured,4.8543,3.6944,1.1599,23.89,3.5953,41.9,PROMISING,False,False,other_marks:copy2 0.82/0.87,other_marks:7.6:1; other_marks:copy2 0.82/0.87
word-search,Word search,lighter_dark_marks_60,measured,4.8543,2.9774,1.877,38.67,4.8322,56.32,PROMISING,False,False,other_marks:4.5:1; other_marks:copy2 0.77/0.87,other_marks:4.5:1; other_marks:copy2 0.77/0.87
word-search,Word search,lighter_fills_55,measured,4.8543,4.7327,0.1217,2.51,0.2768,3.23,NEGLIGIBLE,True,True,,other_marks:17.1:1; other_marks:copy2 0.87/0.87
word-search,Word search,credit_qr_removed,measured,4.8543,4.5839,0.2704,5.57,0.4574,5.33,SMALL,True,True,,other_marks:17.1:1; other_marks:copy2 0.87/0.87
word-search,Word search,lighter_dark_marks_75_keep_qr,measured,4.8543,3.7617,1.0926,22.51,3.4061,39.7,PROMISING,False,False,other_marks:copy2 0.82/0.87,other_marks:7.6:1; other_marks:copy2 0.82/0.87
word-search,Word search,regular_weight_grid_letters,measured,4.8543,3.5722,1.2822,26.41,2.4385,28.42,PROMISING,False,False,other_marks:copy2 0.64/0.87,other_marks:17.1:1; other_marks:copy2 0.64/0.87
cross-stitch-x,Cross-stitch chart,standard,measured,2.503,2.503,0.0,0.0,0.0,0.0,,True,True,,other_marks:14.2:1; other_marks:copy1 0.68/0.68
cross-stitch-x,Cross-stitch chart,broad_fade_72,measured,2.503,1.8198,0.6832,27.3,0.9597,32.4,SMALL,True,True,,other_marks:5.7:1; other_marks:copy1 0.63/0.68
cross-stitch-x,Cross-stitch chart,high_contrast,measured,2.503,2.503,0.0,0.0,0.0,0.0,NEGLIGIBLE,True,True,,other_marks:14.2:1; other_marks:copy1 0.68/0.68
cross-stitch-x,Cross-stitch chart,page_wide_fade_75,simulated_on_raster,2.503,1.8773,0.6258,25.0,0.8996,30.37,SMALL,True,True,,other_marks:6.3:1; other_marks:copy1 0.64/0.68
cross-stitch-x,Cross-stitch chart,page_wide_fade_60,simulated_on_raster,2.503,1.5018,1.0012,40.0,1.343,45.34,PROMISING,False,False,other_marks:copy1 0.61/0.68,other_marks:4.0:1; other_marks:copy1 0.61/0.68
cross-stitch-x,Cross-stitch chart,lighter_color_75_all,simulated_on_raster,2.503,1.8773,0.6258,25.0,0.8996,30.37,SMALL,True,True,,other_marks:6.3:1; other_marks:copy1 0.64/0.68
cross-stitch-x,Cross-stitch chart,lighter_dark_marks_75,simulated_on_raster,2.503,1.8773,0.6258,25.0,0.8996,30.37,SMALL,True,True,,other_marks:6.3:1; other_marks:copy1 0.64/0.68
cross-stitch-x,Cross-stitch chart,lighter_dark_marks_60,simulated_on_raster,2.503,1.5018,1.0012,40.0,1.343,45.34,PROMISING,False,False,other_marks:copy1 0.61/0.68,other_marks:4.0:1; other_marks:copy1 0.61/0.68
cross-stitch-x,Cross-stitch chart,lighter_fills_55,simulated_on_raster,2.503,1.3767,1.1264,45.0,1.4849,50.13,PROMISING,False,False,other_marks:copy1 0.59/0.68,other_marks:3.4:1; other_marks:copy1 0.59/0.68
cross-stitch-x,Cross-stitch chart,lighter_dark_marks_75_keep_qr,simulated_on_raster,2.503,1.8773,0.6258,25.0,0.8996,30.37,SMALL,True,True,,other_marks:6.3:1; other_marks:copy1 0.64/0.68
cross-stitch-x,Cross-stitch chart,display_letters_55,simulated_on_raster,2.503,1.3767,1.1264,45.0,1.4849,50.13,PROMISING,False,False,other_marks:copy1 0.59/0.68,other_marks:3.4:1; other_marks:copy1 0.59/0.68
hw-dashed,Tracing with dark dotted or dashed marks,standard,measured,1.9285,1.9285,0.0,0.0,0.0,0.0,,True,True,,writing_guides:copy1 0.43/0.43; writing_guides:step 0.22/0.22; trace_rows:copy1 0.87/0.87; trace_rows:step 0.71/0.71; example_row:17.1:1
hw-dashed,Tracing with dark dotted or dashed marks,broad_fade_72,measured,1.9285,1.4668,0.4617,23.94,1.1222,36.08,PROMISING,False,False,writing_guides:copy1 0.06/0.43; writing_guides:step 0.16/0.22; trace_rows:step 0.51/0.71,writing_guides:copy1 0.06/0.43; writing_guides:step 0.16/0.22; trace_rows:copy1 0.79/0.87; trace_rows:step 0.51/0.71; example_row:6.9:1
hw-dashed,Tracing with dark dotted or dashed marks,high_contrast,measured,1.9285,3.1096,-1.1811,-61.24,-0.8884,-28.57,NEGLIGIBLE,False,False,hierarchy:trace darker than model,writing_guides:copy1 1.00/0.43; writing_guides:step 0.83/0.22; trace_rows:copy1 0.93/0.87; trace_rows:step 0.93/0.71; example_row:17.1:1
hw-dashed,Tracing with dark dotted or dashed marks,page_wide_fade_75,measured,1.9285,1.4471,0.4814,24.96,1.1993,38.56,PROMISING,False,False,writing_guides:copy1 0.09/0.43; writing_guides:step 0.17/0.22; trace_rows:step 0.53/0.71,writing_guides:copy1 0.09/0.43; writing_guides:step 0.17/0.22; trace_rows:copy1 0.80/0.87; trace_rows:step 0.53/0.71; example_row:7.6:1
hw-dashed,Tracing with dark dotted or dashed marks,page_wide_fade_60,measured,1.9285,1.1613,0.7672,39.78,1.6541,53.19,PROMISING,False,False,writing_guides:copy1 0.01/0.43; writing_guides:step 0.13/0.22; trace_rows:copy1 0.73/0.87; trace_rows:step 0.43/0.71,writing_guides:copy1 0.01/0.43; writing_guides:step 0.13/0.22; trace_rows:copy1 0.73/0.87; trace_rows:step 0.43/0.71; example_row:4.6:1
hw-dashed,Tracing with dark dotted or dashed marks,lighter_color_75_all,measured,1.9285,1.4495,0.4789,24.84,1.1856,38.12,PROMISING,False,False,writing_guides:copy1 0.09/0.43; writing_guides:step 0.16/0.22; trace_rows:step 0.53/0.71,writing_guides:copy1 0.09/0.43; writing_guides:step 0.16/0.22; trace_rows:copy1 0.80/0.87; trace_rows:step 0.53/0.71; example_row:7.6:1
hw-dashed,Tracing with dark dotted or dashed marks,lighter_dark_marks_75,measured,1.9285,1.5696,0.3589,18.61,1.0123,32.55,PROMISING,False,True,trace_rows:step 0.53/0.71,writing_guides:copy1 0.43/0.43; writing_guides:step 0.22/0.22; trace_rows:copy1 0.80/0.87; trace_rows:step 0.53/0.71; example_row:7.6:1
hw-dashed,Tracing with dark dotted or dashed marks,lighter_dark_marks_60,measured,1.9285,1.3486,0.5798,30.07,1.3808,44.4,PROMISING,False,False,trace_rows:copy1 0.73/0.87; trace_rows:step 0.42/0.71,writing_guides:copy1 0.43/0.43; writing_guides:step 0.22/0.22; trace_rows:copy1 0.73/0.87; trace_rows:step 0.42/0.71; example_row:4.5:1
hw-dashed,Tracing with dark dotted or dashed marks,lighter_fills_55,measured,1.9285,1.7914,0.137,7.11,0.3107,9.99,SMALL,True,True,,writing_guides:copy1 0.43/0.43; writing_guides:step 0.22/0.22; trace_rows:copy1 0.87/0.87; trace_rows:step 0.71/0.71; example_row:17.1:1
hw-dashed,Tracing with dark dotted or dashed marks,credit_qr_removed,measured,1.9285,1.6239,0.3046,15.79,0.5141,16.53,SMALL,True,True,,writing_guides:copy1 0.43/0.43; writing_guides:step 0.22/0.22; trace_rows:copy1 0.87/0.87; trace_rows:step 0.71/0.71; example_row:17.1:1
hw-dashed,Tracing with dark dotted or dashed marks,lighter_dark_marks_75_keep_qr,measured,1.9285,1.6454,0.2831,14.68,0.8,25.72,SMALL,False,True,trace_rows:step 0.53/0.71,writing_guides:copy1 0.43/0.43; writing_guides:step 0.22/0.22; trace_rows:copy1 0.80/0.87; trace_rows:step 0.53/0.71; example_row:7.6:1
name-tracing,Name and word tracing,standard,measured,2.3824,2.3824,0.0,0.0,0.0,0.0,,True,True,,writing_guides:copy1 0.46/0.46; writing_guides:step 0.23/0.23; trace_rows:copy1 0.47/0.47; trace_rows:step 0.25/0.25; example_row:17.1:1
name-tracing,Name and word tracing,broad_fade_72,measured,2.3824,1.7844,0.598,25.1,1.5515,39.01,PROMISING,False,False,writing_guides:copy1 0.10/0.46; writing_guides:step 0.16/0.23; trace_rows:copy1 0.07/0.47; trace_rows:step 0.18/0.25,writing_guides:copy1 0.10/0.46; writing_guides:step 0.16/0.23; trace_rows:copy1 0.07/0.47; trace_rows:step 0.18/0.25; example_row:6.9:1
name-tracing,Name and word tracing,high_contrast,measured,2.3824,3.9244,-1.542,-64.72,-1.28,-32.19,NEGLIGIBLE,True,True,,writing_guides:copy1 1.00/0.46; writing_guides:step 0.82/0.23; trace_rows:copy1 0.95/0.47; trace_rows:step 0.66/0.25; example_row:17.1:1
name-tracing,Name and word tracing,page_wide_fade_75,measured,2.3824,1.7897,0.5927,24.88,1.5664,39.39,PROMISING,False,False,writing_guides:copy1 0.13/0.46; writing_guides:step 0.17/0.23; trace_rows:copy1 0.10/0.47; trace_rows:step 0.19/0.25,writing_guides:copy1 0.13/0.46; writing_guides:step 0.17/0.23; trace_rows:copy1 0.10/0.47; trace_rows:step 0.19/0.25; example_row:7.6:1
name-tracing,Name and word tracing,page_wide_fade_60,measured,2.3824,1.4359,0.9465,39.73,2.1506,54.08,PROMISING,False,False,writing_guides:copy1 0.01/0.46; writing_guides:step 0.13/0.23; trace_rows:copy1 0.01/0.47; trace_rows:step 0.15/0.25,writing_guides:copy1 0.01/0.46; writing_guides:step 0.13/0.23; trace_rows:copy1 0.01/0.47; trace_rows:step 0.15/0.25; example_row:4.6:1
name-tracing,Name and word tracing,lighter_color_75_all,measured,2.3824,1.7908,0.5916,24.83,1.5594,39.21,PROMISING,False,False,writing_guides:copy1 0.13/0.46; writing_guides:step 0.17/0.23; trace_rows:copy1 0.10/0.47; trace_rows:step 0.19/0.25,writing_guides:copy1 0.13/0.46; writing_guides:step 0.17/0.23; trace_rows:copy1 0.10/0.47; trace_rows:step 0.19/0.25; example_row:7.6:1
name-tracing,Name and word tracing,lighter_dark_marks_75,measured,2.3824,1.9803,0.4021,16.88,1.2791,32.16,PROMISING,True,True,,writing_guides:copy1 0.46/0.46; writing_guides:step 0.23/0.23; trace_rows:copy1 0.47/0.47; trace_rows:step 0.25/0.25; example_row:7.6:1
name-tracing,Name and word tracing,lighter_dark_marks_60,measured,2.3824,1.7324,0.65,27.28,1.7117,43.04,PROMISING,True,True,,writing_guides:copy1 0.46/0.46; writing_guides:step 0.23/0.23; trace_rows:copy1 0.47/0.47; trace_rows:step 0.25/0.25; example_row:4.5:1
name-tracing,Name and word tracing,lighter_fills_55,measured,2.3824,2.2508,0.1316,5.52,0.3013,7.58,SMALL,True,True,,writing_guides:copy1 0.46/0.46; writing_guides:step 0.23/0.23; trace_rows:copy1 0.47/0.47; trace_rows:step 0.25/0.25; example_row:17.1:1
name-tracing,Name and word tracing,credit_qr_removed,measured,2.3824,2.0899,0.2925,12.28,0.4968,12.49,SMALL,True,True,,writing_guides:copy1 0.46/0.46; writing_guides:step 0.23/0.23; trace_rows:copy1 0.47/0.47; trace_rows:step 0.25/0.25; example_row:17.1:1
name-tracing,Name and word tracing,lighter_dark_marks_75_keep_qr,measured,2.3824,2.0532,0.3292,13.82,1.0728,26.97,PROMISING,True,True,,writing_guides:copy1 0.46/0.46; writing_guides:step 0.23/0.23; trace_rows:copy1 0.47/0.47; trace_rows:step 0.25/0.25; example_row:7.6:1
name-tracing,Name and word tracing,display_letters_55,measured,2.3824,1.8546,0.5278,22.15,1.3705,34.46,PROMISING,True,True,,writing_guides:copy1 0.46/0.46; writing_guides:step 0.23/0.23; trace_rows:copy1 0.47/0.47; trace_rows:step 0.25/0.25; example_row:3.9:1
cursive-name,Name and word tracing,standard,measured,2.724,2.724,0.0,0.0,0.0,0.0,,True,True,,writing_guides:copy1 0.44/0.44; writing_guides:step 0.21/0.21; trace_rows:copy1 0.45/0.45; trace_rows:step 0.24/0.24; example_row:17.1:1
cursive-name,Name and word tracing,broad_fade_72,measured,2.724,2.0308,0.6932,25.45,1.7704,39.18,PROMISING,False,False,writing_guides:copy1 0.08/0.44; writing_guides:step 0.15/0.21; trace_rows:copy1 0.07/0.45; trace_rows:step 0.17/0.24,writing_guides:copy1 0.08/0.44; writing_guides:step 0.15/0.21; trace_rows:copy1 0.07/0.45; trace_rows:step 0.17/0.24; example_row:6.9:1
cursive-name,Name and word tracing,high_contrast,measured,2.724,4.5633,-1.8393,-67.52,-1.5222,-33.69,NEGLIGIBLE,True,True,,writing_guides:copy1 1.00/0.44; writing_guides:step 0.85/0.21; trace_rows:copy1 0.94/0.45; trace_rows:step 0.63/0.24; example_row:17.1:1
cursive-name,Name and word tracing,page_wide_fade_75,measured,2.724,2.0472,0.6768,24.85,1.7633,39.03,PROMISING,False,False,writing_guides:copy1 0.11/0.44; writing_guides:step 0.16/0.21; trace_rows:copy1 0.10/0.45; trace_rows:step 0.18/0.24,writing_guides:copy1 0.11/0.44; writing_guides:step 0.16/0.21; trace_rows:copy1 0.10/0.45; trace_rows:step 0.18/0.24; example_row:7.6:1
cursive-name,Name and word tracing,page_wide_fade_60,measured,2.724,1.6426,1.0814,39.7,2.4269,53.71,PROMISING,False,False,writing_guides:copy1 0.01/0.44; writing_guides:step 0.13/0.21; trace_rows:copy1 0.01/0.45; trace_rows:step 0.14/0.24,writing_guides:copy1 0.01/0.44; writing_guides:step 0.13/0.21; trace_rows:copy1 0.01/0.45; trace_rows:step 0.14/0.24; example_row:4.6:1
cursive-name,Name and word tracing,lighter_color_75_all,measured,2.724,2.0485,0.6755,24.8,1.7556,38.86,PROMISING,False,False,writing_guides:copy1 0.11/0.44; writing_guides:step 0.16/0.21; trace_rows:copy1 0.10/0.45; trace_rows:step 0.18/0.24,writing_guides:copy1 0.11/0.44; writing_guides:step 0.16/0.21; trace_rows:copy1 0.10/0.45; trace_rows:step 0.18/0.24; example_row:7.6:1
cursive-name,Name and word tracing,lighter_dark_marks_75,measured,2.724,2.2721,0.4519,16.59,1.4243,31.52,PROMISING,True,True,,writing_guides:copy1 0.44/0.44; writing_guides:step 0.21/0.21; trace_rows:copy1 0.45/0.45; trace_rows:step 0.24/0.24; example_row:7.6:1
cursive-name,Name and word tracing,lighter_dark_marks_60,measured,2.724,1.9931,0.7309,26.83,1.9091,42.25,PROMISING,True,True,,writing_guides:copy1 0.44/0.44; writing_guides:step 0.21/0.21; trace_rows:copy1 0.45/0.45; trace_rows:step 0.24/0.24; example_row:4.5:1
cursive-name,Name and word tracing,lighter_fills_55,measured,2.724,2.5952,0.1288,4.73,0.2926,6.48,SMALL,True,True,,writing_guides:copy1 0.44/0.44; writing_guides:step 0.21/0.21; trace_rows:copy1 0.45/0.45; trace_rows:step 0.24/0.24; example_row:17.1:1
cursive-name,Name and word tracing,credit_qr_removed,measured,2.724,2.4377,0.2863,10.51,0.4839,10.71,SMALL,True,True,,writing_guides:copy1 0.44/0.44; writing_guides:step 0.21/0.21; trace_rows:copy1 0.45/0.45; trace_rows:step 0.24/0.24; example_row:17.1:1
cursive-name,Name and word tracing,lighter_dark_marks_75_keep_qr,measured,2.724,2.3434,0.3806,13.97,1.2243,27.1,PROMISING,True,True,,writing_guides:copy1 0.44/0.44; writing_guides:step 0.21/0.21; trace_rows:copy1 0.45/0.45; trace_rows:step 0.24/0.24; example_row:7.6:1
happy-birthday,Tracing with dark dotted or dashed marks,standard,measured,2.6396,2.6396,0.0,0.0,0.0,0.0,,True,True,,writing_guides:copy1 0.24/0.24; writing_guides:step 0.17/0.17; trace_rows:copy1 0.89/0.89; trace_rows:step 0.75/0.75; example_row:17.1:1
happy-birthday,Tracing with dark dotted or dashed marks,broad_fade_72,measured,2.6396,1.9938,0.6457,24.46,1.7485,38.91,PROMISING,False,False,writing_guides:copy1 0.02/0.24; writing_guides:step 0.13/0.17; trace_rows:step 0.55/0.75,writing_guides:copy1 0.02/0.24; writing_guides:step 0.13/0.17; trace_rows:copy1 0.80/0.89; trace_rows:step 0.55/0.75; example_row:6.9:1
happy-birthday,Tracing with dark dotted or dashed marks,high_contrast,measured,2.6396,3.6495,-1.0099,-38.26,-0.4664,-10.38,NEGLIGIBLE,True,True,,writing_guides:copy1 1.00/0.24; writing_guides:step 0.73/0.17; trace_rows:copy1 0.92/0.89; trace_rows:step 0.88/0.75; example_row:17.1:1
happy-birthday,Tracing with dark dotted or dashed marks,page_wide_fade_75,measured,2.6396,1.9834,0.6561,24.86,1.8087,40.25,PROMISING,False,False,writing_guides:copy1 0.03/0.24; writing_guides:step 0.13/0.17; trace_rows:step 0.56/0.75,writing_guides:copy1 0.03/0.24; writing_guides:step 0.13/0.17; trace_rows:copy1 0.81/0.89; trace_rows:step 0.56/0.75; example_row:7.6:1
happy-birthday,Tracing with dark dotted or dashed marks,page_wide_fade_60,measured,2.6396,1.5902,1.0494,39.76,2.4725,55.02,PROMISING,False,False,writing_guides:copy1 0.01/0.24; writing_guides:step 0.11/0.17; trace_rows:copy1 0.74/0.89; trace_rows:step 0.45/0.75,writing_guides:copy1 0.01/0.24; writing_guides:step 0.11/0.17; trace_rows:copy1 0.74/0.89; trace_rows:step 0.45/0.75; example_row:4.6:1
happy-birthday,Tracing with dark dotted or dashed marks,lighter_color_75_all,measured,2.6396,1.9851,0.6545,24.79,1.8029,40.12,PROMISING,False,False,writing_guides:copy1 0.03/0.24; writing_guides:step 0.13/0.17; trace_rows:step 0.56/0.75,writing_guides:copy1 0.03/0.24; writing_guides:step 0.13/0.17; trace_rows:copy1 0.81/0.89; trace_rows:step 0.56/0.75; example_row:7.6:1
happy-birthday,Tracing with dark dotted or dashed marks,lighter_dark_marks_75,measured,2.6396,2.0768,0.5628,21.32,1.6746,37.27,PROMISING,False,True,trace_rows:step 0.56/0.75,writing_guides:copy1 0.23/0.24; writing_guides:step 0.17/0.17; trace_rows:copy1 0.81/0.89; trace_rows:step 0.56/0.75; example_row:7.6:1
happy-birthday,Tracing with dark dotted or dashed marks,lighter_dark_marks_60,measured,2.6396,1.7299,0.9097,34.46,2.272,50.56,PROMISING,False,False,trace_rows:copy1 0.74/0.89; trace_rows:step 0.45/0.75,writing_guides:copy1 0.23/0.24; writing_guides:step 0.17/0.17; trace_rows:copy1 0.74/0.89; trace_rows:step 0.45/0.75; example_row:4.5:1
happy-birthday,Tracing with dark dotted or dashed marks,lighter_fills_55,measured,2.6396,2.4909,0.1487,5.63,0.364,8.1,SMALL,True,True,,writing_guides:copy1 0.24/0.24; writing_guides:step 0.17/0.17; trace_rows:copy1 0.87/0.89; trace_rows:step 0.75/0.75; example_row:17.1:1
happy-birthday,Tracing with dark dotted or dashed marks,credit_qr_removed,measured,2.6396,2.356,0.2835,10.74,0.4809,10.7,SMALL,True,True,,writing_guides:copy1 0.24/0.24; writing_guides:step 0.17/0.17; trace_rows:copy1 0.89/0.89; trace_rows:step 0.75/0.75; example_row:17.1:1
happy-birthday,Tracing with dark dotted or dashed marks,lighter_dark_marks_75_keep_qr,measured,2.6396,2.1474,0.4922,18.65,1.4751,32.83,PROMISING,False,True,trace_rows:step 0.56/0.75,writing_guides:copy1 0.23/0.24; writing_guides:step 0.17/0.17; trace_rows:copy1 0.81/0.89; trace_rows:step 0.56/0.75; example_row:7.6:1
pl-imie,Name and word tracing,standard,measured,2.3071,2.3071,0.0,0.0,0.0,0.0,,True,True,,writing_guides:copy1 0.49/0.49; writing_guides:step 0.24/0.24; trace_rows:copy1 0.50/0.50; trace_rows:step 0.24/0.24; example_row:17.1:1
pl-imie,Name and word tracing,broad_fade_72,measured,2.3071,1.7328,0.5744,24.9,1.4882,38.64,PROMISING,False,False,writing_guides:copy1 0.13/0.49; writing_guides:step 0.18/0.24; trace_rows:copy1 0.13/0.50; trace_rows:step 0.17/0.24,writing_guides:copy1 0.13/0.49; writing_guides:step 0.18/0.24; trace_rows:copy1 0.13/0.50; trace_rows:step 0.17/0.24; example_row:6.9:1
pl-imie,Name and word tracing,high_contrast,measured,2.3071,3.9072,-1.6001,-69.35,-1.3415,-34.83,NEGLIGIBLE,True,True,,writing_guides:copy1 1.00/0.49; writing_guides:step 0.91/0.24; trace_rows:copy1 0.92/0.50; trace_rows:step 0.67/0.24; example_row:17.1:1
pl-imie,Name and word tracing,page_wide_fade_75,measured,2.3071,1.7338,0.5733,24.85,1.5154,39.35,PROMISING,False,False,writing_guides:copy1 0.17/0.49; writing_guides:step 0.19/0.24; trace_rows:copy1 0.17/0.50; trace_rows:step 0.18/0.24,writing_guides:copy1 0.17/0.49; writing_guides:step 0.19/0.24; trace_rows:copy1 0.17/0.50; trace_rows:step 0.18/0.24; example_row:7.6:1
pl-imie,Name and word tracing,page_wide_fade_60,measured,2.3071,1.3907,0.9164,39.72,2.079,53.98,PROMISING,False,False,writing_guides:copy1 0.02/0.49; writing_guides:step 0.15/0.24; trace_rows:copy1 0.01/0.50; trace_rows:step 0.15/0.24,writing_guides:copy1 0.02/0.49; writing_guides:step 0.15/0.24; trace_rows:copy1 0.01/0.50; trace_rows:step 0.15/0.24; example_row:4.6:1
pl-imie,Name and word tracing,lighter_color_75_all,measured,2.3071,1.7325,0.5746,24.91,1.51,39.21,PROMISING,False,False,writing_guides:copy1 0.16/0.49; writing_guides:step 0.19/0.24; trace_rows:copy1 0.17/0.50; trace_rows:step 0.18/0.24,writing_guides:copy1 0.16/0.49; writing_guides:step 0.19/0.24; trace_rows:copy1 0.17/0.50; trace_rows:step 0.18/0.24; example_row:7.6:1
pl-imie,Name and word tracing,lighter_dark_marks_75,measured,2.3071,1.9197,0.3874,16.79,1.231,31.96,PROMISING,True,True,,writing_guides:copy1 0.49/0.49; writing_guides:step 0.24/0.24; trace_rows:copy1 0.50/0.50; trace_rows:step 0.24/0.24; example_row:7.6:1
pl-imie,Name and word tracing,lighter_dark_marks_60,measured,2.3071,1.6815,0.6256,27.12,1.6464,42.75,PROMISING,True,True,,writing_guides:copy1 0.49/0.49; writing_guides:step 0.24/0.24; trace_rows:copy1 0.50/0.50; trace_rows:step 0.24/0.24; example_row:4.5:1
pl-imie,Name and word tracing,lighter_fills_55,measured,2.3071,2.1783,0.1289,5.59,0.2954,7.67,SMALL,True,True,,writing_guides:copy1 0.49/0.49; writing_guides:step 0.24/0.24; trace_rows:copy1 0.50/0.50; trace_rows:step 0.24/0.24; example_row:17.1:1
pl-imie,Name and word tracing,credit_qr_removed,measured,2.3071,2.0207,0.2865,12.42,0.4869,12.64,SMALL,True,True,,writing_guides:copy1 0.49/0.49; writing_guides:step 0.24/0.24; trace_rows:copy1 0.50/0.50; trace_rows:step 0.24/0.24; example_row:17.1:1
pl-imie,Name and word tracing,lighter_dark_marks_75_keep_qr,measured,2.3071,1.991,0.3161,13.7,1.0287,26.71,PROMISING,True,True,,writing_guides:copy1 0.49/0.49; writing_guides:step 0.24/0.24; trace_rows:copy1 0.50/0.50; trace_rows:step 0.24/0.24; example_row:7.6:1
calligraphy-alphabet,Letter practice list,standard,measured,0.7926,0.7926,0.0,0.0,0.0,0.0,,True,True,,other_marks:copy1 0.07/0.07; example_row:17.1:1
calligraphy-alphabet,Letter practice list,broad_fade_72,measured,0.7926,0.7536,0.039,4.92,0.1072,8.37,NEGLIGIBLE,True,True,,other_marks:copy1 0.07/0.07; example_row:17.1:1
calligraphy-alphabet,Letter practice list,high_contrast,measured,0.7926,0.7926,0.0,0.0,0.0,0.0,NEGLIGIBLE,True,True,,other_marks:copy1 0.07/0.07; example_row:17.1:1
calligraphy-alphabet,Letter practice list,page_wide_fade_75,measured,0.7926,0.5959,0.1967,24.82,0.4685,36.57,SMALL,False,False,other_marks:copy1 0.02/0.07,other_marks:copy1 0.02/0.07; example_row:7.6:1
calligraphy-alphabet,Letter practice list,page_wide_fade_60,measured,0.7926,0.4792,0.3134,39.54,0.6557,51.18,SMALL,False,False,other_marks:copy1 0.01/0.07,other_marks:copy1 0.01/0.07; example_row:4.6:1
calligraphy-alphabet,Letter practice list,lighter_color_75_all,measured,0.7926,0.596,0.1966,24.81,0.4666,36.42,SMALL,False,False,other_marks:copy1 0.02/0.07,other_marks:copy1 0.02/0.07; example_row:7.6:1
calligraphy-alphabet,Letter practice list,lighter_dark_marks_75,measured,0.7926,0.6652,0.1273,16.07,0.3575,27.91,SMALL,True,True,,other_marks:copy1 0.07/0.07; example_row:7.6:1
calligraphy-alphabet,Letter practice list,lighter_dark_marks_60,measured,0.7926,0.586,0.2066,26.06,0.4884,38.13,SMALL,True,True,,other_marks:copy1 0.07/0.07; example_row:4.5:1
calligraphy-alphabet,Letter practice list,lighter_fills_55,measured,0.7926,0.7288,0.0638,8.05,0.1456,11.37,NEGLIGIBLE,True,True,,other_marks:copy1 0.07/0.07; example_row:17.1:1
calligraphy-alphabet,Letter practice list,credit_qr_removed,measured,0.7926,0.6507,0.1419,17.9,0.2404,18.77,NEGLIGIBLE,True,True,,other_marks:copy1 0.07/0.07; example_row:17.1:1
calligraphy-alphabet,Letter practice list,lighter_dark_marks_75_keep_qr,measured,0.7926,0.7006,0.092,11.61,0.2578,20.12,SMALL,True,True,,other_marks:copy1 0.07/0.07; example_row:7.6:1
bubble-letters,Outline alphabet,standard,measured,1.4998,1.4998,0.0,0.0,0.0,0.0,,True,True,,other_marks:copy1 0.72/0.72; other_marks:16.6:1
bubble-letters,Outline alphabet,broad_fade_72,measured,1.4998,1.19,0.3098,20.66,0.7776,32.48,SMALL,True,True,,other_marks:copy1 0.66/0.72; other_marks:6.7:1
bubble-letters,Outline alphabet,high_contrast,measured,1.4998,1.4998,0.0,0.0,0.0,0.0,NEGLIGIBLE,True,True,,other_marks:copy1 0.72/0.72; other_marks:16.6:1
bubble-letters,Outline alphabet,page_wide_fade_75,measured,1.4998,1.1271,0.3727,24.85,0.8935,37.32,SMALL,False,False,other_marks:copy1 0.55/0.72,other_marks:copy1 0.55/0.72; other_marks:7.3:1
bubble-letters,Outline alphabet,page_wide_fade_60,measured,1.4998,0.9056,0.5942,39.62,1.2479,52.12,PROMISING,False,False,other_marks:copy1 0.43/0.72,other_marks:copy1 0.43/0.72; other_marks:4.4:1
bubble-letters,Outline alphabet,lighter_color_75_all,measured,1.4998,1.1267,0.3731,24.88,0.8929,37.29,SMALL,False,False,other_marks:copy1 0.55/0.72,other_marks:copy1 0.55/0.72; other_marks:7.3:1
bubble-letters,Outline alphabet,lighter_dark_marks_75,measured,1.4998,1.2001,0.2997,19.98,0.7713,32.21,SMALL,True,True,,other_marks:copy1 0.67/0.72; other_marks:7.3:1
bubble-letters,Outline alphabet,lighter_dark_marks_60,measured,1.4998,1.0157,0.4841,32.28,1.0665,44.54,PROMISING,False,False,other_marks:copy1 0.63/0.72,other_marks:copy1 0.63/0.72; other_marks:4.4:1
bubble-letters,Outline alphabet,lighter_fills_55,measured,1.4998,1.3642,0.1356,9.04,0.3115,13.01,SMALL,True,True,,other_marks:copy1 0.72/0.72; other_marks:16.6:1
bubble-letters,Outline alphabet,credit_qr_removed,measured,1.4998,1.1983,0.3015,20.11,0.5132,21.43,SMALL,True,True,,other_marks:copy1 0.72/0.72; other_marks:16.6:1
bubble-letters,Outline alphabet,lighter_dark_marks_75_keep_qr,measured,1.4998,1.2751,0.2247,14.98,0.5579,23.3,SMALL,True,True,,other_marks:copy1 0.67/0.72; other_marks:7.3:1
name-puzzle,Outline alphabet,standard,measured,1.1193,1.1193,0.0,0.0,0.0,0.0,,True,True,,other_marks:copy1 0.69/0.69; other_marks:17.1:1
name-puzzle,Outline alphabet,broad_fade_72,measured,1.1193,0.8841,0.2353,21.02,0.6577,34.79,SMALL,True,True,,other_marks:copy1 0.66/0.69; other_marks:6.9:1
name-puzzle,Outline alphabet,high_contrast,measured,1.1193,1.1193,0.0,0.0,0.0,0.0,NEGLIGIBLE,True,True,,other_marks:copy1 0.69/0.69; other_marks:17.1:1
name-puzzle,Outline alphabet,page_wide_fade_75,measured,1.1193,0.8415,0.2778,24.82,0.7594,40.17,SMALL,False,False,other_marks:copy1 0.58/0.69,other_marks:copy1 0.58/0.69; other_marks:7.6:1
name-puzzle,Outline alphabet,page_wide_fade_60,measured,1.1193,0.6756,0.4437,39.64,1.0361,54.81,PROMISING,False,False,other_marks:copy1 0.49/0.69,other_marks:copy1 0.49/0.69; other_marks:4.6:1
name-puzzle,Outline alphabet,lighter_color_75_all,measured,1.1193,0.8408,0.2785,24.88,0.7589,40.15,SMALL,False,False,other_marks:copy1 0.58/0.69,other_marks:copy1 0.58/0.69; other_marks:7.6:1
name-puzzle,Outline alphabet,lighter_dark_marks_75,measured,1.1193,0.8792,0.2401,21.45,0.6963,36.84,SMALL,True,True,,other_marks:copy1 0.66/0.69; other_marks:7.6:1
name-puzzle,Outline alphabet,lighter_dark_marks_60,measured,1.1193,0.7316,0.3877,34.64,0.9439,49.93,SMALL,True,True,,other_marks:copy1 0.63/0.69; other_marks:4.5:1
name-puzzle,Outline alphabet,lighter_fills_55,measured,1.1193,0.9859,0.1334,11.92,0.3053,16.15,SMALL,True,True,,other_marks:copy1 0.69/0.69; other_marks:17.1:1
name-puzzle,Outline alphabet,credit_qr_removed,measured,1.1193,0.8228,0.2965,26.49,0.5034,26.63,SMALL,True,True,,other_marks:copy1 0.69/0.69; other_marks:17.1:1
name-puzzle,Outline alphabet,lighter_dark_marks_75_keep_qr,measured,1.1193,0.953,0.1663,14.85,0.4873,25.78,SMALL,True,True,,other_marks:copy1 0.66/0.69; other_marks:7.6:1
dot-to-dot-name,Coloring and dot-to-dot,standard,measured,0.9059,0.9059,0.0,0.0,0.0,0.0,,True,True,,other_marks:copy1 0.46/0.46; other_marks:17.1:1
dot-to-dot-name,Coloring and dot-to-dot,broad_fade_72,measured,0.9059,0.6692,0.2367,26.13,0.6381,41.76,SMALL,True,True,,other_marks:copy1 0.42/0.46; other_marks:6.9:1
dot-to-dot-name,Coloring and dot-to-dot,high_contrast,measured,0.9059,0.9059,0.0,0.0,0.0,0.0,NEGLIGIBLE,True,True,,other_marks:copy1 0.46/0.46; other_marks:17.1:1
dot-to-dot-name,Coloring and dot-to-dot,page_wide_fade_75,measured,0.9059,0.6817,0.2243,24.76,0.6064,39.68,SMALL,False,False,other_marks:copy1 0.40/0.46,other_marks:copy1 0.40/0.46; other_marks:7.6:1
dot-to-dot-name,Coloring and dot-to-dot,page_wide_fade_60,measured,0.9059,0.5488,0.3571,39.42,0.8297,54.3,SMALL,False,False,other_marks:copy1 0.35/0.46,other_marks:copy1 0.35/0.46; other_marks:4.6:1
dot-to-dot-name,Coloring and dot-to-dot,lighter_color_75_all,measured,0.9059,0.682,0.224,24.72,0.6054,39.62,SMALL,False,False,other_marks:copy1 0.40/0.46,other_marks:copy1 0.40/0.46; other_marks:7.6:1
dot-to-dot-name,Coloring and dot-to-dot,lighter_dark_marks_75,measured,0.9059,0.713,0.1929,21.29,0.5551,36.33,SMALL,True,True,,other_marks:copy1 0.43/0.46; other_marks:7.6:1
dot-to-dot-name,Coloring and dot-to-dot,lighter_dark_marks_60,measured,0.9059,0.5938,0.3121,34.45,0.7542,49.36,SMALL,False,False,other_marks:copy1 0.40/0.46,other_marks:copy1 0.40/0.46; other_marks:4.5:1
dot-to-dot-name,Coloring and dot-to-dot,lighter_fills_55,measured,0.9059,0.67,0.2359,26.04,0.5593,36.6,SMALL,True,True,,other_marks:copy1 0.44/0.46; other_marks:14.7:1
dot-to-dot-name,Coloring and dot-to-dot,credit_qr_removed,measured,0.9059,0.6114,0.2945,32.51,0.5007,32.77,SMALL,True,True,,other_marks:copy1 0.46/0.46; other_marks:17.1:1
dot-to-dot-name,Coloring and dot-to-dot,lighter_dark_marks_75_keep_qr,measured,0.9059,0.7864,0.1196,13.2,0.3469,22.7,SMALL,True,True,,other_marks:copy1 0.43/0.46; other_marks:7.6:1
bubble-name-solid,Name and word tracing,standard,measured,1.1392,1.1392,0.0,0.0,0.0,0.0,,True,True,,trace_rows:copy1 0.55/0.55; trace_rows:step 0.27/0.27; example_row:6.8:1
bubble-name-solid,Name and word tracing,broad_fade_72,measured,1.1392,0.9241,0.2151,18.88,0.49,25.04,SMALL,False,False,trace_rows:copy1 0.32/0.55; trace_rows:step 0.23/0.27,trace_rows:copy1 0.32/0.55; trace_rows:step 0.23/0.27; example_row:3.5:1
bubble-name-solid,Name and word tracing,high_contrast,measured,1.1392,1.2946,-0.1554,-13.64,-0.1185,-6.05,NEGLIGIBLE,True,True,,trace_rows:copy1 0.80/0.55; trace_rows:step 0.33/0.27; example_row:6.8:1
bubble-name-solid,Name and word tracing,page_wide_fade_75,measured,1.1392,0.8544,0.2848,25.0,0.6375,32.57,SMALL,False,False,trace_rows:copy1 0.09/0.55; trace_rows:step 0.20/0.27,trace_rows:copy1 0.09/0.55; trace_rows:step 0.20/0.27; example_row:3.7:1
bubble-name-solid,Name and word tracing,page_wide_fade_60,measured,1.1392,0.6853,0.4539,39.84,0.9368,47.86,SMALL,False,False,trace_rows:copy1 0.00/0.55; trace_rows:step 0.16/0.27; example_row:2.7:1,trace_rows:copy1 0.00/0.55; trace_rows:step 0.16/0.27; example_row:2.7:1
bubble-name-solid,Name and word tracing,lighter_color_75_all,measured,1.1392,0.8538,0.2854,25.05,0.6402,32.71,SMALL,False,False,trace_rows:copy1 0.09/0.55; trace_rows:step 0.20/0.27,trace_rows:copy1 0.09/0.55; trace_rows:step 0.20/0.27; example_row:3.7:1
bubble-name-solid,Name and word tracing,lighter_dark_marks_75,measured,1.1392,0.9333,0.2059,18.07,0.5138,26.25,SMALL,True,True,,trace_rows:copy1 0.55/0.55; trace_rows:step 0.27/0.27; example_row:3.7:1
bubble-name-solid,Name and word tracing,lighter_dark_marks_60,measured,1.1392,0.809,0.3302,28.99,0.7392,37.77,SMALL,False,False,example_row:2.7:1,trace_rows:copy1 0.55/0.55; trace_rows:step 0.27/0.27; example_row:2.7:1
bubble-name-solid,Name and word tracing,lighter_fills_55,measured,1.1392,1.0162,0.1231,10.8,0.28,14.31,SMALL,True,True,,trace_rows:copy1 0.55/0.55; trace_rows:step 0.27/0.27; example_row:6.8:1
bubble-name-solid,Name and word tracing,credit_qr_removed,measured,1.1392,0.8657,0.2736,24.01,0.4627,23.64,SMALL,True,True,,trace_rows:copy1 0.55/0.55; trace_rows:step 0.27/0.27; example_row:6.8:1
bubble-name-solid,Name and word tracing,lighter_dark_marks_75_keep_qr,measured,1.1392,1.0014,0.1378,12.09,0.3224,16.47,SMALL,True,True,,trace_rows:copy1 0.55/0.55; trace_rows:step 0.27/0.27; example_row:3.7:1
bubble-name-solid,Name and word tracing,solid_to_outline,measured,1.1392,0.7609,0.3783,33.21,0.7279,37.19,SMALL,False,False,example_row:2.4:1; hierarchy:trace darker than model,trace_rows:copy1 0.55/0.55; trace_rows:step 0.27/0.27; example_row:2.4:1
bubble-name-solid,Name and word tracing,display_letters_55,measured,1.1392,0.986,0.1533,13.45,0.3272,16.72,SMALL,True,True,,trace_rows:copy1 0.55/0.55; trace_rows:step 0.27/0.27; example_row:4.4:1
crossword,Crossword,standard,measured,1.0625,1.0625,0.0,0.0,0.0,0.0,,True,True,,other_marks:11.0:1; other_marks:copy2 0.77/0.77
crossword,Crossword,broad_fade_72,measured,1.0625,0.8529,0.2097,19.73,0.4075,26.86,SMALL,False,False,other_marks:copy2 0.59/0.77,other_marks:6.4:1; other_marks:copy2 0.59/0.77
crossword,Crossword,high_contrast,measured,1.0625,1.0625,0.0,0.0,0.0,0.0,NEGLIGIBLE,True,True,,other_marks:11.0:1; other_marks:copy2 0.77/0.77
crossword,Crossword,page_wide_fade_75,measured,1.0625,0.7974,0.2652,24.96,0.5199,34.27,SMALL,False,False,other_marks:copy2 0.55/0.77,other_marks:5.2:1; other_marks:copy2 0.55/0.77
crossword,Crossword,page_wide_fade_60,measured,1.0625,0.6394,0.4231,39.82,0.7502,49.44,SMALL,False,False,other_marks:3.5:1; other_marks:copy2 0.30/0.77,other_marks:3.5:1; other_marks:copy2 0.30/0.77
crossword,Crossword,lighter_color_75_all,measured,1.0625,0.8001,0.2625,24.7,0.517,34.07,SMALL,False,False,other_marks:copy2 0.55/0.77,other_marks:5.2:1; other_marks:copy2 0.55/0.77
crossword,Crossword,lighter_dark_marks_75,measured,1.0625,0.8092,0.2533,23.84,0.5039,33.21,SMALL,False,False,other_marks:copy2 0.55/0.77,other_marks:5.2:1; other_marks:copy2 0.55/0.77
crossword,Crossword,lighter_dark_marks_60,measured,1.0625,0.652,0.4105,38.63,0.7332,48.33,SMALL,False,False,other_marks:3.4:1; other_marks:copy2 0.30/0.77,other_marks:3.4:1; other_marks:copy2 0.30/0.77
crossword,Crossword,lighter_fills_55,measured,1.0625,0.9909,0.0716,6.74,0.1555,10.25,NEGLIGIBLE,True,True,,other_marks:11.0:1; other_marks:copy2 0.77/0.77
crossword,Crossword,credit_qr_removed,measured,1.0625,0.9034,0.1592,14.98,0.2613,17.22,SMALL,True,True,,other_marks:11.0:1; other_marks:copy2 0.77/0.77
crossword,Crossword,lighter_dark_marks_75_keep_qr,measured,1.0625,0.8488,0.2137,20.11,0.3989,26.29,SMALL,False,False,other_marks:copy2 0.55/0.77,other_marks:5.2:1; other_marks:copy2 0.55/0.77
crossword,Crossword,regular_weight_grid_letters,measured,1.0625,1.0625,0.0,0.0,0.0,0.0,NEGLIGIBLE,True,True,,other_marks:11.0:1; other_marks:copy2 0.77/0.77
kana-hiragana,Kana chart,standard,measured,0.7769,0.7769,0.0,0.0,0.0,0.0,,True,True,,other_marks:17.1:1; other_marks:copy2 0.40/0.40
kana-hiragana,Kana chart,page_wide_fade_75,measured,0.7769,0.9003,-0.1234,-15.88,0.1457,11.78,NEGLIGIBLE,False,False,other_marks:copy2 0.35/0.40,other_marks:7.7:1; other_marks:copy2 0.35/0.40
kana-hiragana,Kana chart,page_wide_fade_60,measured,0.7769,0.785,-0.0081,-1.04,0.3295,26.66,SMALL,False,False,other_marks:copy2 0.29/0.40,other_marks:4.6:1; other_marks:copy2 0.29/0.40
kana-hiragana,Kana chart,lighter_color_75_all,measured,0.7769,0.5993,0.1777,22.87,0.4476,36.21,SMALL,False,False,other_marks:copy2 0.36/0.40,other_marks:7.6:1; other_marks:copy2 0.36/0.40
kana-hiragana,Kana chart,lighter_dark_marks_75,measured,0.7769,0.6488,0.1282,16.5,0.3729,30.17,SMALL,False,False,other_marks:copy2 0.36/0.40,other_marks:7.6:1; other_marks:copy2 0.36/0.40
hw-faded,Name and word tracing,standard,measured,2.0709,2.0709,0.0,0.0,0.0,0.0,,True,True,,writing_guides:copy1 0.43/0.43; writing_guides:step 0.22/0.22; trace_rows:copy1 0.31/0.31; trace_rows:step 0.21/0.21; example_row:17.1:1
hw-faded,Name and word tracing,broad_fade_72,measured,2.0709,1.5879,0.483,23.32,1.1163,33.49,PROMISING,False,False,writing_guides:copy1 0.07/0.43; writing_guides:step 0.16/0.22; trace_rows:copy1 0.00/0.31; trace_rows:step 0.16/0.21,writing_guides:copy1 0.07/0.43; writing_guides:step 0.16/0.22; trace_rows:copy1 0.00/0.31; trace_rows:step 0.16/0.21; example_row:6.9:1
hw-faded,Name and word tracing,high_contrast,measured,2.0709,3.5875,-1.5166,-73.23,-1.1707,-35.12,NEGLIGIBLE,False,False,trace_rows:step 0.00/0.21,writing_guides:copy1 1.00/0.43; writing_guides:step 0.84/0.22; trace_rows:copy1 0.37/0.31; trace_rows:step 0.00/0.21; example_row:17.1:1
hw-faded,Name and word tracing,page_wide_fade_75,measured,2.0709,1.5582,0.5128,24.76,1.2239,36.72,PROMISING,False,False,writing_guides:copy1 0.09/0.43; writing_guides:step 0.17/0.22; trace_rows:copy1 0.01/0.31; trace_rows:step 0.16/0.21,writing_guides:copy1 0.09/0.43; writing_guides:step 0.17/0.22; trace_rows:copy1 0.01/0.31; trace_rows:step 0.16/0.21; example_row:7.6:1
hw-faded,Name and word tracing,page_wide_fade_60,measured,2.0709,1.2515,0.8194,39.57,1.7094,51.28,PROMISING,False,False,writing_guides:copy1 0.01/0.43; writing_guides:step 0.13/0.22; trace_rows:copy1 0.00/0.31; trace_rows:step 0.13/0.21,writing_guides:copy1 0.01/0.43; writing_guides:step 0.13/0.22; trace_rows:copy1 0.00/0.31; trace_rows:step 0.13/0.21; example_row:4.6:1
hw-faded,Name and word tracing,lighter_color_75_all,measured,2.0709,1.5536,0.5173,24.98,1.225,36.75,PROMISING,False,False,writing_guides:copy1 0.09/0.43; writing_guides:step 0.16/0.22; trace_rows:copy1 0.00/0.31; trace_rows:step 0.16/0.21,writing_guides:copy1 0.09/0.43; writing_guides:step 0.16/0.22; trace_rows:copy1 0.00/0.31; trace_rows:step 0.16/0.21; example_row:7.6:1
hw-faded,Name and word tracing,lighter_dark_marks_75,measured,2.0709,1.786,0.2849,13.76,0.8754,26.26,SMALL,True,True,,writing_guides:copy1 0.43/0.43; writing_guides:step 0.22/0.22; trace_rows:copy1 0.31/0.31; trace_rows:step 0.21/0.21; example_row:7.6:1
hw-faded,Name and word tracing,lighter_dark_marks_60,measured,2.0709,1.6102,0.4608,22.25,1.1777,35.33,PROMISING,True,True,,writing_guides:copy1 0.43/0.43; writing_guides:step 0.22/0.22; trace_rows:copy1 0.31/0.31; trace_rows:step 0.21/0.21; example_row:4.5:1
hw-faded,Name and word tracing,lighter_fills_55,measured,2.0709,1.9339,0.137,6.62,0.3107,9.32,SMALL,True,True,,writing_guides:copy1 0.43/0.43; writing_guides:step 0.22/0.22; trace_rows:copy1 0.31/0.31; trace_rows:step 0.21/0.21; example_row:17.1:1
hw-faded,Name and word tracing,credit_qr_removed,measured,2.0709,1.7663,0.3046,14.71,0.5141,15.42,SMALL,True,True,,writing_guides:copy1 0.43/0.43; writing_guides:step 0.22/0.22; trace_rows:copy1 0.31/0.31; trace_rows:step 0.21/0.21; example_row:17.1:1
hw-faded,Name and word tracing,lighter_dark_marks_75_keep_qr,measured,2.0709,1.8619,0.2091,10.1,0.6631,19.89,SMALL,True,True,,writing_guides:copy1 0.43/0.43; writing_guides:step 0.22/0.22; trace_rows:copy1 0.31/0.31; trace_rows:step 0.21/0.21; example_row:7.6:1
name-tracing-roster,Name and word tracing,standard,measured,2.3482,2.3482,0.0,0.0,0.0,0.0,,True,True,,writing_guides:copy1 0.49/0.49; writing_guides:step 0.21/0.21; trace_rows:copy1 0.51/0.51; trace_rows:step 0.25/0.25; example_row:17.1:1
name-tracing-roster,Name and word tracing,broad_fade_72,measured,2.3482,1.7286,0.6195,26.38,1.6071,41.05,PROMISING,False,False,writing_guides:copy1 0.12/0.49; writing_guides:step 0.15/0.21; trace_rows:copy1 0.13/0.51; trace_rows:step 0.18/0.25,writing_guides:copy1 0.12/0.49; writing_guides:step 0.15/0.21; trace_rows:copy1 0.13/0.51; trace_rows:step 0.18/0.25; example_row:6.9:1
name-tracing-roster,Name and word tracing,high_contrast,measured,2.3482,4.0594,-1.7112,-72.87,-1.4295,-36.51,NEGLIGIBLE,True,True,,writing_guides:copy1 1.00/0.49; writing_guides:step 0.88/0.21; trace_rows:copy1 0.96/0.51; trace_rows:step 0.69/0.25; example_row:17.1:1
name-tracing-roster,Name and word tracing,page_wide_fade_75,measured,2.3482,1.7641,0.5841,24.87,1.5354,39.22,PROMISING,False,False,writing_guides:copy1 0.16/0.49; writing_guides:step 0.16/0.21; trace_rows:copy1 0.17/0.51; trace_rows:step 0.19/0.25,writing_guides:copy1 0.16/0.49; writing_guides:step 0.16/0.21; trace_rows:copy1 0.17/0.51; trace_rows:step 0.19/0.25; example_row:7.6:1
name-tracing-roster,Name and word tracing,page_wide_fade_60,measured,2.3482,1.4152,0.933,39.73,2.1109,53.92,PROMISING,False,False,writing_guides:copy1 0.02/0.49; writing_guides:step 0.13/0.21; trace_rows:copy1 0.01/0.51; trace_rows:step 0.15/0.25,writing_guides:copy1 0.02/0.49; writing_guides:step 0.13/0.21; trace_rows:copy1 0.01/0.51; trace_rows:step 0.15/0.25; example_row:4.6:1
name-tracing-roster,Name and word tracing,lighter_color_75_all,measured,2.3482,1.7638,0.5844,24.89,1.5293,39.06,PROMISING,False,False,writing_guides:copy1 0.16/0.49; writing_guides:step 0.16/0.21; trace_rows:copy1 0.17/0.51; trace_rows:step 0.19/0.25,writing_guides:copy1 0.16/0.49; writing_guides:step 0.16/0.21; trace_rows:copy1 0.17/0.51; trace_rows:step 0.19/0.25; example_row:7.6:1
name-tracing-roster,Name and word tracing,lighter_dark_marks_75,measured,2.3482,1.9635,0.3847,16.38,1.2325,31.48,PROMISING,True,True,,writing_guides:copy1 0.49/0.49; writing_guides:step 0.21/0.21; trace_rows:copy1 0.51/0.51; trace_rows:step 0.25/0.25; example_row:7.6:1
name-tracing-roster,Name and word tracing,lighter_dark_marks_60,measured,2.3482,1.7272,0.621,26.45,1.6463,42.05,PROMISING,True,True,,writing_guides:copy1 0.49/0.49; writing_guides:step 0.21/0.21; trace_rows:copy1 0.51/0.51; trace_rows:step 0.25/0.25; example_row:4.5:1
name-tracing-roster,Name and word tracing,lighter_fills_55,measured,2.3482,2.2166,0.1316,5.6,0.3013,7.7,SMALL,True,True,,writing_guides:copy1 0.49/0.49; writing_guides:step 0.21/0.21; trace_rows:copy1 0.51/0.51; trace_rows:step 0.25/0.25; example_row:17.1:1
name-tracing-roster,Name and word tracing,credit_qr_removed,measured,2.3482,2.0556,0.2925,12.46,0.4968,12.69,SMALL,True,True,,writing_guides:copy1 0.49/0.49; writing_guides:step 0.21/0.21; trace_rows:copy1 0.51/0.51; trace_rows:step 0.25/0.25; example_row:17.1:1
name-tracing-roster,Name and word tracing,lighter_dark_marks_75_keep_qr,measured,2.3482,2.0364,0.3118,13.28,1.0261,26.21,PROMISING,True,True,,writing_guides:copy1 0.49/0.49; writing_guides:step 0.21/0.21; trace_rows:copy1 0.51/0.51; trace_rows:step 0.25/0.25; example_row:7.6:1
cursive-name-long,Name and word tracing,standard,measured,2.5134,2.5134,0.0,0.0,0.0,0.0,,True,True,,writing_guides:copy1 0.44/0.44; writing_guides:step 0.21/0.21; trace_rows:copy1 0.45/0.45; trace_rows:step 0.24/0.24; example_row:17.1:1
cursive-name-long,Name and word tracing,broad_fade_72,measured,2.5134,1.89,0.6234,24.8,1.5719,37.88,PROMISING,False,False,writing_guides:copy1 0.08/0.44; writing_guides:step 0.15/0.21; trace_rows:copy1 0.07/0.45; trace_rows:step 0.17/0.24,writing_guides:copy1 0.08/0.44; writing_guides:step 0.15/0.21; trace_rows:copy1 0.07/0.45; trace_rows:step 0.17/0.24; example_row:6.9:1
cursive-name-long,Name and word tracing,high_contrast,measured,2.5134,4.2744,-1.761,-70.07,-1.4631,-35.26,NEGLIGIBLE,True,True,,writing_guides:copy1 1.00/0.44; writing_guides:step 0.85/0.21; trace_rows:copy1 0.94/0.45; trace_rows:step 0.63/0.24; example_row:17.1:1
cursive-name-long,Name and word tracing,page_wide_fade_75,measured,2.5134,1.8891,0.6243,24.84,1.6102,38.81,PROMISING,False,False,writing_guides:copy1 0.11/0.44; writing_guides:step 0.16/0.21; trace_rows:copy1 0.09/0.45; trace_rows:step 0.18/0.24,writing_guides:copy1 0.11/0.44; writing_guides:step 0.16/0.21; trace_rows:copy1 0.09/0.45; trace_rows:step 0.18/0.24; example_row:7.6:1
cursive-name-long,Name and word tracing,page_wide_fade_60,measured,2.5134,1.5157,0.9977,39.7,2.2204,53.51,PROMISING,False,False,writing_guides:copy1 0.01/0.44; writing_guides:step 0.13/0.21; trace_rows:copy1 0.01/0.45; trace_rows:step 0.14/0.24,writing_guides:copy1 0.01/0.44; writing_guides:step 0.13/0.21; trace_rows:copy1 0.01/0.45; trace_rows:step 0.14/0.24; example_row:4.6:1
cursive-name-long,Name and word tracing,lighter_color_75_all,measured,2.5134,1.8902,0.6232,24.79,1.6026,38.62,PROMISING,False,False,writing_guides:copy1 0.11/0.44; writing_guides:step 0.16/0.21; trace_rows:copy1 0.09/0.45; trace_rows:step 0.18/0.24,writing_guides:copy1 0.11/0.44; writing_guides:step 0.16/0.21; trace_rows:copy1 0.09/0.45; trace_rows:step 0.18/0.24; example_row:7.6:1
cursive-name-long,Name and word tracing,lighter_dark_marks_75,measured,2.5134,2.101,0.4125,16.41,1.2912,31.12,PROMISING,True,True,,writing_guides:copy1 0.44/0.44; writing_guides:step 0.21/0.21; trace_rows:copy1 0.45/0.45; trace_rows:step 0.24/0.24; example_row:7.6:1
cursive-name-long,Name and word tracing,lighter_dark_marks_60,measured,2.5134,1.8462,0.6672,26.55,1.7325,41.75,PROMISING,True,True,,writing_guides:copy1 0.44/0.44; writing_guides:step 0.21/0.21; trace_rows:copy1 0.45/0.45; trace_rows:step 0.24/0.24; example_row:4.5:1
cursive-name-long,Name and word tracing,lighter_fills_55,measured,2.5134,2.3846,0.1288,5.12,0.2926,7.05,SMALL,True,True,,writing_guides:copy1 0.44/0.44; writing_guides:step 0.21/0.21; trace_rows:copy1 0.45/0.45; trace_rows:step 0.24/0.24; example_row:17.1:1
cursive-name-long,Name and word tracing,credit_qr_removed,measured,2.5134,2.2271,0.2863,11.39,0.4839,11.66,SMALL,True,True,,writing_guides:copy1 0.44/0.44; writing_guides:step 0.21/0.21; trace_rows:copy1 0.45/0.45; trace_rows:step 0.24/0.24; example_row:17.1:1
cursive-name-long,Name and word tracing,lighter_dark_marks_75_keep_qr,measured,2.5134,2.1722,0.3412,13.57,1.0912,26.3,PROMISING,True,True,,writing_guides:copy1 0.44/0.44; writing_guides:step 0.21/0.21; trace_rows:copy1 0.45/0.45; trace_rows:step 0.24/0.24; example_row:7.6:1
de-namen-schreiben,Name and word tracing,standard,measured,2.7528,2.7528,0.0,0.0,0.0,0.0,,True,True,,writing_guides:copy1 0.45/0.45; writing_guides:step 0.23/0.23; trace_rows:copy1 0.41/0.41; trace_rows:step 0.23/0.23; example_row:17.1:1
de-namen-schreiben,Name and word tracing,broad_fade_72,measured,2.7528,2.0684,0.6844,24.86,1.5978,36.11,PROMISING,False,False,writing_guides:copy1 0.07/0.45; writing_guides:step 0.17/0.23; trace_rows:copy1 0.05/0.41; trace_rows:step 0.17/0.23,writing_guides:copy1 0.07/0.45; writing_guides:step 0.17/0.23; trace_rows:copy1 0.05/0.41; trace_rows:step 0.17/0.23; example_row:6.9:1
de-namen-schreiben,Name and word tracing,high_contrast,measured,2.7528,4.7762,-2.0234,-73.5,-1.8279,-41.31,NEGLIGIBLE,True,True,,writing_guides:copy1 1.00/0.45; writing_guides:step 0.78/0.23; trace_rows:copy1 0.91/0.41; trace_rows:step 0.61/0.23; example_row:17.1:1
de-namen-schreiben,Name and word tracing,page_wide_fade_75,measured,2.7528,2.059,0.6938,25.2,1.653,37.36,PROMISING,False,False,writing_guides:copy1 0.10/0.45; writing_guides:step 0.17/0.23; trace_rows:copy1 0.07/0.41; trace_rows:step 0.17/0.23,writing_guides:copy1 0.10/0.45; writing_guides:step 0.17/0.23; trace_rows:copy1 0.07/0.41; trace_rows:step 0.17/0.23; example_row:7.6:1
de-namen-schreiben,Name and word tracing,page_wide_fade_60,measured,2.7528,1.6585,1.0943,39.75,2.2779,51.48,PROMISING,False,False,writing_guides:copy1 0.01/0.45; writing_guides:step 0.14/0.23; trace_rows:copy1 0.00/0.41; trace_rows:step 0.14/0.23,writing_guides:copy1 0.01/0.45; writing_guides:step 0.14/0.23; trace_rows:copy1 0.00/0.41; trace_rows:step 0.14/0.23; example_row:4.6:1
de-namen-schreiben,Name and word tracing,lighter_color_75_all,measured,2.7528,2.0734,0.6794,24.68,1.6414,37.09,PROMISING,False,False,writing_guides:copy1 0.10/0.45; writing_guides:step 0.17/0.23; trace_rows:copy1 0.07/0.41; trace_rows:step 0.17/0.23,writing_guides:copy1 0.10/0.45; writing_guides:step 0.17/0.23; trace_rows:copy1 0.07/0.41; trace_rows:step 0.17/0.23; example_row:7.6:1
de-namen-schreiben,Name and word tracing,lighter_dark_marks_75,measured,2.7528,2.3746,0.3782,13.74,1.1921,26.94,PROMISING,True,True,,writing_guides:copy1 0.45/0.45; writing_guides:step 0.23/0.23; trace_rows:copy1 0.41/0.41; trace_rows:step 0.23/0.23; example_row:7.6:1
de-namen-schreiben,Name and word tracing,lighter_dark_marks_60,measured,2.7528,2.1412,0.6116,22.22,1.5976,36.1,PROMISING,True,True,,writing_guides:copy1 0.45/0.45; writing_guides:step 0.23/0.23; trace_rows:copy1 0.41/0.41; trace_rows:step 0.23/0.23; example_row:4.5:1
de-namen-schreiben,Name and word tracing,lighter_fills_55,measured,2.7528,2.4907,0.262,9.52,0.4579,10.35,SMALL,True,True,,writing_guides:copy1 0.45/0.45; writing_guides:step 0.23/0.23; trace_rows:copy1 0.40/0.41; trace_rows:step 0.23/0.23; example_row:17.1:1
de-namen-schreiben,Name and word tracing,credit_qr_removed,measured,2.7528,2.4788,0.274,9.95,0.4646,10.5,SMALL,True,True,,writing_guides:copy1 0.45/0.45; writing_guides:step 0.23/0.23; trace_rows:copy1 0.41/0.41; trace_rows:step 0.23/0.23; example_row:17.1:1
de-namen-schreiben,Name and word tracing,lighter_dark_marks_75_keep_qr,measured,2.7528,2.4427,0.31,11.26,0.9995,22.59,SMALL,True,True,,writing_guides:copy1 0.45/0.45; writing_guides:step 0.23/0.23; trace_rows:copy1 0.41/0.41; trace_rows:step 0.23/0.23; example_row:7.6:1
es-nombre,Name and word tracing,standard,measured,2.1303,2.1303,0.0,0.0,0.0,0.0,,True,True,,writing_guides:copy1 0.49/0.49; writing_guides:step 0.24/0.24; trace_rows:copy1 0.50/0.50; trace_rows:step 0.24/0.24; example_row:17.1:1
es-nombre,Name and word tracing,broad_fade_72,measured,2.1303,1.6043,0.5259,24.69,1.3519,38.19,PROMISING,False,False,writing_guides:copy1 0.13/0.49; writing_guides:step 0.18/0.24; trace_rows:copy1 0.13/0.50; trace_rows:step 0.18/0.24,writing_guides:copy1 0.13/0.49; writing_guides:step 0.18/0.24; trace_rows:copy1 0.13/0.50; trace_rows:step 0.18/0.24; example_row:6.9:1
es-nombre,Name and word tracing,high_contrast,measured,2.1303,3.6821,-1.5519,-72.85,-1.305,-36.86,NEGLIGIBLE,True,True,,writing_guides:copy1 1.00/0.49; writing_guides:step 0.91/0.24; trace_rows:copy1 0.94/0.50; trace_rows:step 0.66/0.24; example_row:17.1:1
es-nombre,Name and word tracing,page_wide_fade_75,measured,2.1303,1.601,0.5293,24.85,1.3851,39.13,PROMISING,False,False,writing_guides:copy1 0.16/0.49; writing_guides:step 0.19/0.24; trace_rows:copy1 0.17/0.50; trace_rows:step 0.18/0.24,writing_guides:copy1 0.16/0.49; writing_guides:step 0.19/0.24; trace_rows:copy1 0.17/0.50; trace_rows:step 0.18/0.24; example_row:7.6:1
es-nombre,Name and word tracing,page_wide_fade_60,measured,2.1303,1.2841,0.8462,39.72,1.9036,53.77,PROMISING,False,False,writing_guides:copy1 0.02/0.49; writing_guides:step 0.15/0.24; trace_rows:copy1 0.01/0.50; trace_rows:step 0.15/0.24,writing_guides:copy1 0.02/0.49; writing_guides:step 0.15/0.24; trace_rows:copy1 0.01/0.50; trace_rows:step 0.15/0.24; example_row:4.6:1
es-nombre,Name and word tracing,lighter_color_75_all,measured,2.1303,1.5997,0.5306,24.91,1.3794,38.97,PROMISING,False,False,writing_guides:copy1 0.16/0.49; writing_guides:step 0.19/0.24; trace_rows:copy1 0.17/0.50; trace_rows:step 0.18/0.24,writing_guides:copy1 0.16/0.49; writing_guides:step 0.19/0.24; trace_rows:copy1 0.17/0.50; trace_rows:step 0.18/0.24; example_row:7.6:1
es-nombre,Name and word tracing,lighter_dark_marks_75,measured,2.1303,1.7794,0.3509,16.47,1.1127,31.43,PROMISING,True,True,,writing_guides:copy1 0.49/0.49; writing_guides:step 0.24/0.24; trace_rows:copy1 0.50/0.50; trace_rows:step 0.24/0.24; example_row:7.6:1
es-nombre,Name and word tracing,lighter_dark_marks_60,measured,2.1303,1.5636,0.5666,26.6,1.4887,42.05,PROMISING,True,True,,writing_guides:copy1 0.49/0.49; writing_guides:step 0.24/0.24; trace_rows:copy1 0.50/0.50; trace_rows:step 0.24/0.24; example_row:4.5:1
es-nombre,Name and word tracing,lighter_fills_55,measured,2.1303,2.0103,0.12,5.63,0.2734,7.72,SMALL,True,True,,writing_guides:copy1 0.49/0.49; writing_guides:step 0.24/0.24; trace_rows:copy1 0.50/0.50; trace_rows:step 0.24/0.24; example_row:17.1:1
es-nombre,Name and word tracing,credit_qr_removed,measured,2.1303,1.8635,0.2668,12.52,0.4516,12.76,SMALL,True,True,,writing_guides:copy1 0.49/0.49; writing_guides:step 0.24/0.24; trace_rows:copy1 0.50/0.50; trace_rows:step 0.24/0.24; example_row:17.1:1
es-nombre,Name and word tracing,lighter_dark_marks_75_keep_qr,measured,2.1303,1.8458,0.2845,13.36,0.9258,26.15,SMALL,True,True,,writing_guides:copy1 0.49/0.49; writing_guides:step 0.24/0.24; trace_rows:copy1 0.50/0.50; trace_rows:step 0.24/0.24; example_row:7.6:1
letter-tracing-ruled,Letter practice list,standard,measured,0.4017,0.4017,0.0,0.0,0.0,0.0,,True,True,,other_marks:copy1 0.06/0.06; example_row:10.5:1
letter-tracing-ruled,Letter practice list,broad_fade_72,measured,0.4017,0.3389,0.0628,15.63,0.1214,20.56,NEGLIGIBLE,True,True,,other_marks:copy1 0.06/0.06; example_row:4.7:1
letter-tracing-ruled,Letter practice list,high_contrast,measured,0.4017,0.4017,0.0,0.0,0.0,0.0,NEGLIGIBLE,True,True,,other_marks:copy1 0.06/0.06; example_row:10.5:1
letter-tracing-ruled,Letter practice list,page_wide_fade_75,measured,0.4017,0.3021,0.0996,24.8,0.191,32.34,NEGLIGIBLE,False,False,other_marks:copy1 0.01/0.06,other_marks:copy1 0.01/0.06; example_row:5.0:1
letter-tracing-ruled,Letter practice list,page_wide_fade_60,measured,0.4017,0.243,0.1587,39.51,0.2795,47.32,SMALL,False,False,other_marks:copy1 0.00/0.06,other_marks:copy1 0.00/0.06; example_row:3.4:1
letter-tracing-ruled,Letter practice list,lighter_color_75_all,measured,0.4017,0.303,0.0987,24.56,0.1886,31.94,NEGLIGIBLE,False,False,other_marks:copy1 0.01/0.06,other_marks:copy1 0.01/0.06; example_row:5.1:1
letter-tracing-ruled,Letter practice list,lighter_dark_marks_75,measured,0.4017,0.3381,0.0636,15.84,0.1335,22.6,NEGLIGIBLE,True,True,,other_marks:copy1 0.06/0.06; example_row:5.1:1
letter-tracing-ruled,Letter practice list,lighter_dark_marks_60,measured,0.4017,0.298,0.1037,25.81,0.1926,32.62,NEGLIGIBLE,True,True,,other_marks:copy1 0.06/0.06; example_row:3.4:1
letter-tracing-ruled,Letter practice list,lighter_fills_55,measured,0.4017,0.3751,0.0266,6.62,0.0601,10.18,NEGLIGIBLE,True,True,,other_marks:copy1 0.06/0.06; example_row:10.5:1
letter-tracing-ruled,Letter practice list,credit_qr_removed,measured,0.4017,0.3426,0.0591,14.7,0.0996,16.86,NEGLIGIBLE,True,True,,other_marks:copy1 0.06/0.06; example_row:10.5:1
letter-tracing-ruled,Letter practice list,lighter_dark_marks_75_keep_qr,measured,0.4017,0.3528,0.0489,12.18,0.0924,15.65,NEGLIGIBLE,True,True,,other_marks:copy1 0.06/0.06; example_row:5.1:1
graffiti-letters,Outline alphabet,standard,measured,1.4337,1.4337,0.0,0.0,0.0,0.0,,True,True,,other_marks:copy1 0.71/0.71; other_marks:16.2:1
graffiti-letters,Outline alphabet,broad_fade_72,measured,1.4337,1.1417,0.2921,20.37,0.7229,31.78,SMALL,True,True,,other_marks:copy1 0.65/0.71; other_marks:6.6:1
graffiti-letters,Outline alphabet,high_contrast,measured,1.4337,1.4337,0.0,0.0,0.0,0.0,NEGLIGIBLE,True,True,,other_marks:copy1 0.71/0.71; other_marks:16.2:1
graffiti-letters,Outline alphabet,page_wide_fade_75,measured,1.4337,1.0775,0.3563,24.85,0.8415,36.99,SMALL,False,False,other_marks:copy1 0.54/0.71,other_marks:copy1 0.54/0.71; other_marks:7.2:1
graffiti-letters,Outline alphabet,page_wide_fade_60,measured,1.4337,0.8658,0.568,39.61,1.1785,51.8,PROMISING,False,False,other_marks:copy1 0.41/0.71,other_marks:copy1 0.41/0.71; other_marks:4.4:1
graffiti-letters,Outline alphabet,lighter_color_75_all,measured,1.4337,1.0769,0.3568,24.89,0.8411,36.97,SMALL,False,False,other_marks:copy1 0.54/0.71,other_marks:copy1 0.54/0.71; other_marks:7.2:1
graffiti-letters,Outline alphabet,lighter_dark_marks_75,measured,1.4337,1.1503,0.2835,19.77,0.7195,31.63,SMALL,True,True,,other_marks:copy1 0.66/0.71; other_marks:7.2:1
graffiti-letters,Outline alphabet,lighter_dark_marks_60,measured,1.4337,0.976,0.4578,31.93,0.9971,43.83,SMALL,False,False,other_marks:copy1 0.61/0.71,other_marks:copy1 0.61/0.71; other_marks:4.3:1
graffiti-letters,Outline alphabet,lighter_fills_55,measured,1.4337,1.2994,0.1343,9.37,0.3078,13.53,SMALL,True,True,,other_marks:copy1 0.71/0.71; other_marks:16.2:1
graffiti-letters,Outline alphabet,credit_qr_removed,measured,1.4337,1.1352,0.2985,20.82,0.5073,22.3,SMALL,True,True,,other_marks:copy1 0.71/0.71; other_marks:16.2:1
graffiti-letters,Outline alphabet,lighter_dark_marks_75_keep_qr,measured,1.4337,1.2246,0.2091,14.59,0.5086,22.36,SMALL,True,True,,other_marks:copy1 0.66/0.71; other_marks:7.2:1
bubble-name,Name and word tracing,standard,measured,1.266,1.266,0.0,0.0,0.0,0.0,,True,True,,trace_rows:copy1 0.55/0.55; trace_rows:step 0.27/0.27; example_row:17.1:1
bubble-name,Name and word tracing,broad_fade_72,measured,1.266,1.0154,0.2506,19.79,0.73,33.7,SMALL,False,False,trace_rows:copy1 0.32/0.55; trace_rows:step 0.23/0.27,trace_rows:copy1 0.32/0.55; trace_rows:step 0.23/0.27; example_row:6.9:1
bubble-name,Name and word tracing,high_contrast,measured,1.266,1.4214,-0.1554,-12.27,-0.1185,-5.47,NEGLIGIBLE,True,True,,trace_rows:copy1 0.80/0.55; trace_rows:step 0.33/0.27; example_row:17.1:1
bubble-name,Name and word tracing,page_wide_fade_75,measured,1.266,0.9505,0.3155,24.92,0.8667,40.02,SMALL,False,False,trace_rows:copy1 0.09/0.55; trace_rows:step 0.20/0.27,trace_rows:copy1 0.09/0.55; trace_rows:step 0.20/0.27; example_row:7.6:1
bubble-name,Name and word tracing,page_wide_fade_60,measured,1.266,0.7621,0.504,39.81,1.1862,54.77,PROMISING,False,False,trace_rows:copy1 0.00/0.55; trace_rows:step 0.16/0.27,trace_rows:copy1 0.00/0.55; trace_rows:step 0.16/0.27; example_row:4.6:1
bubble-name,Name and word tracing,lighter_color_75_all,measured,1.266,0.9501,0.3159,24.95,0.867,40.03,SMALL,False,False,trace_rows:copy1 0.09/0.55; trace_rows:step 0.20/0.27,trace_rows:copy1 0.09/0.55; trace_rows:step 0.20/0.27; example_row:7.6:1
bubble-name,Name and word tracing,lighter_dark_marks_75,measured,1.266,1.0296,0.2364,18.67,0.7406,34.2,SMALL,True,True,,trace_rows:copy1 0.55/0.55; trace_rows:step 0.27/0.27; example_row:7.6:1
bubble-name,Name and word tracing,lighter_dark_marks_60,measured,1.266,0.8842,0.3818,30.16,0.9926,45.83,SMALL,True,True,,trace_rows:copy1 0.55/0.55; trace_rows:step 0.27/0.27; example_row:4.5:1
bubble-name,Name and word tracing,lighter_fills_55,measured,1.266,1.143,0.1231,9.72,0.28,12.93,SMALL,True,True,,trace_rows:copy1 0.55/0.55; trace_rows:step 0.27/0.27; example_row:17.1:1
bubble-name,Name and word tracing,credit_qr_removed,measured,1.266,0.9925,0.2736,21.61,0.4627,21.36,SMALL,True,True,,trace_rows:copy1 0.55/0.55; trace_rows:step 0.27/0.27; example_row:17.1:1
bubble-name,Name and word tracing,lighter_dark_marks_75_keep_qr,measured,1.266,1.0977,0.1683,13.29,0.5492,25.36,SMALL,True,True,,trace_rows:copy1 0.55/0.55; trace_rows:step 0.27/0.27; example_row:7.6:1
bubble-name,Name and word tracing,display_letters_55,measured,1.266,1.0205,0.2455,19.39,0.6456,29.81,SMALL,True,True,,trace_rows:copy1 0.55/0.55; trace_rows:step 0.27/0.27; example_row:3.9:1
banner,Display lettering,standard,measured,3.0133,3.0133,0.0,0.0,0.0,0.0,,True,True,,other_marks:17.1:1
banner,Display lettering,broad_fade_72,measured,3.0133,2.2498,0.7636,25.34,2.3815,44.02,PROMISING,True,True,,other_marks:6.9:1
banner,Display lettering,high_contrast,measured,3.0133,3.0133,0.0,0.0,0.0,0.0,NEGLIGIBLE,True,True,,other_marks:17.1:1
banner,Display lettering,page_wide_fade_75,measured,3.0133,2.2636,0.7498,24.88,2.3447,43.34,PROMISING,True,True,,other_marks:7.6:1
banner,Display lettering,page_wide_fade_60,measured,3.0133,1.8165,1.1969,39.72,3.1267,57.8,PROMISING,True,True,,other_marks:4.6:1
banner,Display lettering,lighter_color_75_all,measured,3.0133,2.2637,0.7497,24.88,2.3444,43.34,PROMISING,True,True,,other_marks:7.6:1
banner,Display lettering,lighter_dark_marks_75,measured,3.0133,2.2832,0.7301,24.23,2.3139,42.77,PROMISING,True,True,,other_marks:7.6:1
banner,Display lettering,lighter_dark_marks_60,measured,3.0133,1.8349,1.1785,39.11,3.0957,57.23,PROMISING,False,False,other_marks:4.5:1,other_marks:4.5:1
banner,Display lettering,lighter_fills_55,measured,3.0133,2.8828,0.1306,4.33,0.298,5.51,SMALL,True,True,,other_marks:17.1:1
banner,Display lettering,credit_qr_removed,measured,3.0133,2.7231,0.2903,9.63,0.4919,9.09,SMALL,True,True,,other_marks:17.1:1
banner,Display lettering,lighter_dark_marks_75_keep_qr,measured,3.0133,2.3555,0.6579,21.83,2.11,39.01,PROMISING,True,True,,other_marks:7.6:1
banner,Display lettering,solid_to_outline,measured,3.0133,1.4275,1.5859,52.63,3.0411,56.22,PROMISING,True,True,,other_marks:17.1:1
banner,Display lettering,display_letters_55,measured,3.0133,2.1876,0.8257,27.4,2.1918,40.52,PROMISING,True,True,,other_marks:17.1:1
graffiti-name,Name and word tracing,standard,measured,1.9333,1.9333,0.0,0.0,0.0,0.0,,True,True,,trace_rows:copy1 0.53/0.53; trace_rows:step 0.26/0.26; example_row:17.1:1
graffiti-name,Name and word tracing,broad_fade_72,measured,1.9333,1.5069,0.4264,22.05,1.2515,37.3,PROMISING,False,False,trace_rows:copy1 0.24/0.53; trace_rows:step 0.22/0.26,trace_rows:copy1 0.24/0.53; trace_rows:step 0.22/0.26; example_row:6.9:1
graffiti-name,Name and word tracing,high_contrast,measured,1.9333,2.2648,-0.3316,-17.15,-0.2526,-7.53,NEGLIGIBLE,True,True,,trace_rows:copy1 0.87/0.53; trace_rows:step 0.46/0.26; example_row:17.1:1
graffiti-name,Name and word tracing,page_wide_fade_75,measured,1.9333,1.4516,0.4816,24.91,1.373,40.92,PROMISING,False,False,trace_rows:copy1 0.11/0.53; trace_rows:step 0.19/0.26,trace_rows:copy1 0.11/0.53; trace_rows:step 0.19/0.26; example_row:7.6:1
graffiti-name,Name and word tracing,page_wide_fade_60,measured,1.9333,1.1642,0.7691,39.78,1.8647,55.57,PROMISING,False,False,trace_rows:copy1 0.01/0.53; trace_rows:step 0.15/0.26,trace_rows:copy1 0.01/0.53; trace_rows:step 0.15/0.26; example_row:4.6:1
graffiti-name,Name and word tracing,lighter_color_75_all,measured,1.9333,1.4512,0.482,24.93,1.373,40.92,PROMISING,False,False,trace_rows:copy1 0.11/0.53; trace_rows:step 0.19/0.26,trace_rows:copy1 0.11/0.53; trace_rows:step 0.19/0.26; example_row:7.6:1
graffiti-name,Name and word tracing,lighter_dark_marks_75,measured,1.9333,1.557,0.3762,19.46,1.2064,35.95,PROMISING,True,True,,trace_rows:copy1 0.53/0.53; trace_rows:step 0.26/0.26; example_row:7.6:1
graffiti-name,Name and word tracing,lighter_dark_marks_60,measured,1.9333,1.3257,0.6076,31.43,1.6114,48.03,PROMISING,True,True,,trace_rows:copy1 0.53/0.53; trace_rows:step 0.26/0.26; example_row:4.5:1
graffiti-name,Name and word tracing,lighter_fills_55,measured,1.9333,1.8131,0.1202,6.22,0.2739,8.16,SMALL,True,True,,trace_rows:copy1 0.53/0.53; trace_rows:step 0.26/0.26; example_row:17.1:1
graffiti-name,Name and word tracing,credit_qr_removed,measured,1.9333,1.666,0.2673,13.83,0.4524,13.48,SMALL,True,True,,trace_rows:copy1 0.53/0.53; trace_rows:step 0.26/0.26; example_row:17.1:1
graffiti-name,Name and word tracing,lighter_dark_marks_75_keep_qr,measured,1.9333,1.6236,0.3097,16.02,1.019,30.37,PROMISING,True,True,,trace_rows:copy1 0.53/0.53; trace_rows:step 0.26/0.26; example_row:7.6:1
graffiti-name,Name and word tracing,solid_to_outline,measured,1.9333,0.9856,0.9476,49.02,1.8278,54.47,PROMISING,False,False,example_row:2.1:1; hierarchy:trace darker than model,trace_rows:copy1 0.53/0.53; trace_rows:step 0.26/0.26; example_row:2.1:1
graffiti-name,Name and word tracing,display_letters_55,measured,1.9333,1.4444,0.4889,25.29,1.283,38.24,PROMISING,True,True,,trace_rows:copy1 0.53/0.53; trace_rows:step 0.26/0.26; example_row:3.9:1
scramble,Word scramble,standard,measured,1.1483,1.1483,0.0,0.0,0.0,0.0,,True,True,,other_marks:16.8:1; other_marks:copy2 0.61/0.61
scramble,Word scramble,broad_fade_72,measured,1.1483,1.0674,0.0809,7.04,0.2219,12.19,NEGLIGIBLE,True,True,,other_marks:16.8:1; other_marks:copy2 0.61/0.61
scramble,Word scramble,high_contrast,measured,1.1483,1.1483,0.0,0.0,0.0,0.0,NEGLIGIBLE,True,True,,other_marks:16.8:1; other_marks:copy2 0.61/0.61
scramble,Word scramble,page_wide_fade_75,measured,1.1483,0.8628,0.2855,24.86,0.6759,37.13,SMALL,False,False,other_marks:copy2 0.25/0.61,other_marks:7.3:1; other_marks:copy2 0.25/0.61
scramble,Word scramble,page_wide_fade_60,measured,1.1483,0.694,0.4542,39.56,0.9456,51.95,SMALL,False,False,other_marks:4.5:1; other_marks:copy2 0.20/0.61,other_marks:4.5:1; other_marks:copy2 0.20/0.61
scramble,Word scramble,lighter_color_75_all,measured,1.1483,0.8645,0.2837,24.71,0.6732,36.98,SMALL,False,False,other_marks:copy2 0.25/0.61,other_marks:7.4:1; other_marks:copy2 0.25/0.61
scramble,Word scramble,lighter_dark_marks_75,measured,1.1483,0.9594,0.1889,16.45,0.5258,28.89,SMALL,True,True,,other_marks:7.4:1; other_marks:copy2 0.58/0.61
scramble,Word scramble,lighter_dark_marks_60,measured,1.1483,0.8422,0.3061,26.65,0.719,39.5,SMALL,False,False,other_marks:4.4:1; other_marks:copy2 0.55/0.61,other_marks:4.4:1; other_marks:copy2 0.55/0.61
scramble,Word scramble,lighter_fills_55,measured,1.1483,1.0158,0.1324,11.53,0.3018,16.58,SMALL,True,True,,other_marks:16.8:1; other_marks:copy2 0.61/0.61
scramble,Word scramble,credit_qr_removed,measured,1.1483,0.8538,0.2944,25.64,0.4986,27.39,SMALL,True,True,,other_marks:16.8:1; other_marks:copy2 0.61/0.61
scramble,Word scramble,lighter_dark_marks_75_keep_qr,measured,1.1483,1.0326,0.1156,10.07,0.3193,17.54,SMALL,True,True,,other_marks:7.4:1; other_marks:copy2 0.58/0.61
scramble,Word scramble,regular_weight_grid_letters,measured,1.1483,1.1483,0.0,0.0,0.0,0.0,NEGLIGIBLE,True,True,,other_marks:16.8:1; other_marks:copy2 0.61/0.61
kana-katakana,Kana chart,standard,measured,0.7142,0.7142,0.0,0.0,0.0,0.0,,True,True,,other_marks:17.1:1; other_marks:copy2 0.37/0.37
kana-katakana,Kana chart,page_wide_fade_75,measured,0.7142,0.8532,-0.139,-19.46,0.1021,9.04,NEGLIGIBLE,False,False,other_marks:copy2 0.32/0.37,other_marks:7.7:1; other_marks:copy2 0.32/0.37
kana-katakana,Kana chart,page_wide_fade_60,measured,0.7142,0.7472,-0.033,-4.62,0.2703,23.92,SMALL,False,False,other_marks:copy2 0.27/0.37,other_marks:4.6:1; other_marks:copy2 0.27/0.37
kana-katakana,Kana chart,lighter_color_75_all,measured,0.7142,0.5521,0.1621,22.7,0.4031,35.67,SMALL,False,False,other_marks:copy2 0.33/0.37,other_marks:7.6:1; other_marks:copy2 0.33/0.37
kana-katakana,Kana chart,lighter_dark_marks_75,measured,0.7142,0.6016,0.1126,15.77,0.3284,29.06,SMALL,False,False,other_marks:copy2 0.34/0.37,other_marks:7.6:1; other_marks:copy2 0.34/0.37
hw-finedot,Tracing with dark dotted or dashed marks,early_role_rule_75,measured,1.8604,1.5788,0.2816,15.14,0.8657,28.52,SMALL,True,True,,writing_guides:copy1 0.43/0.43; writing_guides:step 0.22/0.22; trace_rows:copy1 0.86/0.86; trace_rows:step 0.68/0.68; example_row:7.6:1
hw-finedot,Tracing with dark dotted or dashed marks,early_role_rule_60,measured,1.8604,1.405,0.4554,24.48,1.1646,38.36,PROMISING,False,False,hierarchy:trace darker than model,writing_guides:copy1 0.43/0.43; writing_guides:step 0.22/0.22; trace_rows:copy1 0.86/0.86; trace_rows:step 0.68/0.68; example_row:4.5:1
hw-sentence-faded,Name and word tracing,early_role_rule_75,measured,1.9923,1.6645,0.3278,16.45,0.9691,29.97,SMALL,True,True,,writing_guides:copy1 n/a(std 0.03); writing_guides:step 0.16/0.16; trace_rows:copy1 0.23/0.23; trace_rows:step 0.21/0.21; example_row:7.6:1
hw-sentence-faded,Name and word tracing,early_role_rule_60,measured,1.9923,1.4614,0.5309,26.65,1.3123,40.59,PROMISING,True,True,,writing_guides:copy1 n/a(std 0.03); writing_guides:step 0.16/0.16; trace_rows:copy1 0.23/0.23; trace_rows:step 0.21/0.21; example_row:4.5:1
letter-tracing-gen,Tracing with dark dotted or dashed marks,early_role_rule_75,measured,1.2796,1.1235,0.156,12.19,0.4626,22.56,SMALL,False,False,hierarchy:trace darker than model,writing_guides:copy1 0.43/0.43; writing_guides:step 0.22/0.22; trace_rows:copy1 0.91/0.91; trace_rows:step 0.88/0.88; example_row:7.6:1
letter-tracing-gen,Tracing with dark dotted or dashed marks,early_role_rule_60,measured,1.2796,1.0273,0.2523,19.72,0.6256,30.51,SMALL,False,False,hierarchy:trace darker than model,writing_guides:copy1 0.43/0.43; writing_guides:step 0.22/0.22; trace_rows:copy1 0.91/0.91; trace_rows:step 0.88/0.88; example_row:4.5:1
calligraphy-name,Name and word tracing,early_role_rule_75,measured,1.2618,1.044,0.2178,17.26,0.6598,31.39,SMALL,True,True,,trace_rows:copy1 0.52/0.52; trace_rows:step 0.25/0.25; example_row:7.6:1
calligraphy-name,Name and word tracing,early_role_rule_60,measured,1.2618,0.9098,0.352,27.89,0.8888,42.28,SMALL,True,True,,trace_rows:copy1 0.52/0.52; trace_rows:step 0.25/0.25; example_row:4.5:1
fr-prenom,Name and word tracing,early_role_rule_75,measured,2.4324,2.0752,0.3572,14.68,1.132,28.5,PROMISING,True,True,,writing_guides:copy1 0.25/0.25; writing_guides:step 0.17/0.17; trace_rows:copy1 0.43/0.43; trace_rows:step 0.19/0.19; example_row:7.6:1
fr-prenom,Name and word tracing,early_role_rule_60,measured,2.4324,1.8555,0.5768,23.72,1.5149,38.14,PROMISING,True,True,,writing_guides:copy1 0.24/0.25; writing_guides:step 0.17/0.17; trace_rows:copy1 0.43/0.43; trace_rows:step 0.19/0.19; example_row:4.5:1
cursive-alphabet,Letter practice list,early_role_rule_75,measured,0.9188,0.7657,0.1531,16.66,0.4304,28.83,SMALL,True,True,,other_marks:copy1 0.07/0.07; example_row:7.6:1
cursive-alphabet,Letter practice list,early_role_rule_60,measured,0.9188,0.6705,0.2483,27.03,0.5881,39.39,SMALL,True,True,,other_marks:copy1 0.07/0.07; example_row:4.5:1
block-letters-name,Name and word tracing,early_role_rule_75,measured,2.9652,2.3619,0.6033,20.35,1.9674,37.69,PROMISING,True,True,,trace_rows:copy1 0.53/0.53; trace_rows:step 0.26/0.26; example_row:7.6:1
block-letters-name,Name and word tracing,early_role_rule_60,measured,2.9652,1.9911,0.9741,32.85,2.621,50.22,PROMISING,True,True,,trace_rows:copy1 0.53/0.53; trace_rows:step 0.26/0.26; example_row:4.5:1
hw-bolddot,Tracing with dark dotted or dashed marks,early_role_rule_75,measured,2.2996,2.0155,0.284,12.35,0.8735,22.66,SMALL,False,False,hierarchy:trace darker than model,writing_guides:copy1 0.43/0.43; writing_guides:step 0.22/0.22; trace_rows:copy1 0.92/0.92; trace_rows:step 0.88/0.88; example_row:7.6:1
hw-bolddot,Tracing with dark dotted or dashed marks,early_role_rule_60,measured,2.2996,1.8402,0.4594,19.98,1.175,30.48,PROMISING,False,False,hierarchy:trace darker than model,writing_guides:copy1 0.43/0.43; writing_guides:step 0.22/0.22; trace_rows:copy1 0.92/0.92; trace_rows:step 0.88/0.88; example_row:4.5:1
hw-faint,Name and word tracing,early_role_rule_75,measured,1.6278,1.3459,0.2818,17.31,0.8664,32.27,SMALL,True,True,,writing_guides:copy1 0.43/0.43; writing_guides:step 0.22/0.22; trace_rows:copy1 n/a(std 0.00); trace_rows:step 0.10/0.10; example_row:7.6:1
hw-faint,Name and word tracing,early_role_rule_60,measured,1.6278,1.1719,0.4558,28.0,1.1654,43.4,PROMISING,True,True,,writing_guides:copy1 0.43/0.43; writing_guides:step 0.22/0.22; trace_rows:copy1 n/a(std 0.00); trace_rows:step 0.10/0.10; example_row:4.5:1
sight-word,Tracing with dark dotted or dashed marks,early_role_rule_75,measured,1.5271,1.3419,0.1852,12.13,0.5576,22.4,SMALL,False,False,hierarchy:trace darker than model,writing_guides:copy1 0.43/0.43; writing_guides:step 0.22/0.22; trace_rows:copy1 0.92/0.92; trace_rows:step 0.88/0.88; example_row:7.6:1
sight-word,Tracing with dark dotted or dashed marks,early_role_rule_60,measured,1.5271,1.2275,0.2996,19.62,0.7524,30.23,SMALL,False,False,hierarchy:trace darker than model,writing_guides:copy1 0.43/0.43; writing_guides:step 0.22/0.22; trace_rows:copy1 0.92/0.92; trace_rows:step 0.88/0.88; example_row:4.5:1
mom-in-cursive,Name and word tracing,early_role_rule_75,measured,2.2705,1.9045,0.3661,16.12,1.1485,30.71,PROMISING,True,True,,writing_guides:copy1 0.44/0.44; writing_guides:step 0.21/0.21; trace_rows:copy1 0.45/0.45; trace_rows:step 0.24/0.24; example_row:7.6:1
mom-in-cursive,Name and word tracing,early_role_rule_60,measured,2.2705,1.6785,0.5921,26.08,1.5404,41.19,PROMISING,True,True,,writing_guides:copy1 0.44/0.44; writing_guides:step 0.21/0.21; trace_rows:copy1 0.45/0.45; trace_rows:step 0.24/0.24; example_row:4.5:1
de-schreibuebungen,Name and word tracing,early_role_rule_75,measured,2.2816,2.0476,0.234,10.26,0.7124,20.24,SMALL,True,True,,writing_guides:copy1 0.41/0.41; writing_guides:step 0.20/0.20; trace_rows:copy1 0.31/0.31; trace_rows:step 0.21/0.21; example_row:7.6:1
de-schreibuebungen,Name and word tracing,early_role_rule_60,measured,2.2816,1.9031,0.3785,16.59,0.9597,27.26,SMALL,True,True,,writing_guides:copy1 0.41/0.41; writing_guides:step 0.20/0.20; trace_rows:copy1 0.31/0.31; trace_rows:step 0.21/0.21; example_row:4.5:1
tr-harf-name,Name and word tracing,early_role_rule_75,measured,2.0973,1.6878,0.4094,19.52,1.3222,36.23,PROMISING,True,True,,trace_rows:copy1 0.46/0.46; trace_rows:step 0.23/0.23; example_row:7.6:1
tr-harf-name,Name and word tracing,early_role_rule_60,measured,2.0973,1.4362,0.6611,31.52,1.764,48.33,PROMISING,True,True,,trace_rows:copy1 0.46/0.46; trace_rows:step 0.23/0.23; example_row:4.5:1
hw-dashed,Tracing with dark dotted or dashed marks,early_role_rule_75,measured,1.9285,1.653,0.2755,14.29,0.8478,27.26,SMALL,False,False,hierarchy:trace darker than model,writing_guides:copy1 0.43/0.43; writing_guides:step 0.22/0.22; trace_rows:copy1 0.87/0.87; trace_rows:step 0.71/0.71; example_row:7.6:1
hw-dashed,Tracing with dark dotted or dashed marks,early_role_rule_60,measured,1.9285,1.4829,0.4456,23.1,1.1403,36.66,PROMISING,False,False,hierarchy:trace darker than model,writing_guides:copy1 0.43/0.43; writing_guides:step 0.22/0.22; trace_rows:copy1 0.87/0.87; trace_rows:step 0.71/0.71; example_row:4.5:1
name-tracing,Name and word tracing,early_role_rule_75,measured,2.3824,1.9803,0.4021,16.88,1.2791,32.16,PROMISING,True,True,,writing_guides:copy1 0.46/0.46; writing_guides:step 0.23/0.23; trace_rows:copy1 0.47/0.47; trace_rows:step 0.25/0.25; example_row:7.6:1
name-tracing,Name and word tracing,early_role_rule_60,measured,2.3824,1.7324,0.65,27.28,1.7117,43.04,PROMISING,True,True,,writing_guides:copy1 0.46/0.46; writing_guides:step 0.23/0.23; trace_rows:copy1 0.47/0.47; trace_rows:step 0.25/0.25; example_row:4.5:1
cursive-name,Name and word tracing,early_role_rule_75,measured,2.724,2.2721,0.4519,16.59,1.4243,31.52,PROMISING,True,True,,writing_guides:copy1 0.44/0.44; writing_guides:step 0.21/0.21; trace_rows:copy1 0.45/0.45; trace_rows:step 0.24/0.24; example_row:7.6:1
cursive-name,Name and word tracing,early_role_rule_60,measured,2.724,1.9931,0.7309,26.83,1.9091,42.25,PROMISING,True,True,,writing_guides:copy1 0.44/0.44; writing_guides:step 0.21/0.21; trace_rows:copy1 0.45/0.45; trace_rows:step 0.24/0.24; example_row:4.5:1
happy-birthday,Tracing with dark dotted or dashed marks,early_role_rule_75,measured,2.6396,2.2521,0.3874,14.68,1.1939,26.57,PROMISING,False,False,hierarchy:trace darker than model,writing_guides:copy1 0.24/0.24; writing_guides:step 0.17/0.17; trace_rows:copy1 0.89/0.89; trace_rows:step 0.75/0.75; example_row:7.6:1
happy-birthday,Tracing with dark dotted or dashed marks,early_role_rule_60,measured,2.6396,2.0126,0.627,23.75,1.6089,35.81,PROMISING,False,False,hierarchy:trace darker than model,writing_guides:copy1 0.23/0.24; writing_guides:step 0.17/0.17; trace_rows:copy1 0.89/0.89; trace_rows:step 0.75/0.75; example_row:4.5:1
pl-imie,Name and word tracing,early_role_rule_75,measured,2.3071,1.9197,0.3874,16.79,1.231,31.96,PROMISING,True,True,,writing_guides:copy1 0.49/0.49; writing_guides:step 0.24/0.24; trace_rows:copy1 0.50/0.50; trace_rows:step 0.24/0.24; example_row:7.6:1
pl-imie,Name and word tracing,early_role_rule_60,measured,2.3071,1.6815,0.6256,27.12,1.6464,42.75,PROMISING,True,True,,writing_guides:copy1 0.49/0.49; writing_guides:step 0.24/0.24; trace_rows:copy1 0.50/0.50; trace_rows:step 0.24/0.24; example_row:4.5:1
calligraphy-alphabet,Letter practice list,early_role_rule_75,measured,0.7926,0.6652,0.1273,16.07,0.3575,27.91,SMALL,True,True,,other_marks:copy1 0.07/0.07; example_row:7.6:1
calligraphy-alphabet,Letter practice list,early_role_rule_60,measured,0.7926,0.586,0.2066,26.06,0.4884,38.13,SMALL,True,True,,other_marks:copy1 0.07/0.07; example_row:4.5:1
hw-faded,Name and word tracing,early_role_rule_75,measured,2.0709,1.786,0.2849,13.76,0.8754,26.26,SMALL,True,True,,writing_guides:copy1 0.43/0.43; writing_guides:step 0.22/0.22; trace_rows:copy1 0.31/0.31; trace_rows:step 0.21/0.21; example_row:7.6:1
hw-faded,Name and word tracing,early_role_rule_60,measured,2.0709,1.6102,0.4608,22.25,1.1777,35.33,PROMISING,True,True,,writing_guides:copy1 0.43/0.43; writing_guides:step 0.22/0.22; trace_rows:copy1 0.31/0.31; trace_rows:step 0.21/0.21; example_row:4.5:1
name-tracing-roster,Name and word tracing,early_role_rule_75,measured,2.3482,1.9635,0.3847,16.38,1.2325,31.48,PROMISING,True,True,,writing_guides:copy1 0.49/0.49; writing_guides:step 0.21/0.21; trace_rows:copy1 0.51/0.51; trace_rows:step 0.25/0.25; example_row:7.6:1
name-tracing-roster,Name and word tracing,early_role_rule_60,measured,2.3482,1.7272,0.621,26.45,1.6463,42.05,PROMISING,True,True,,writing_guides:copy1 0.49/0.49; writing_guides:step 0.21/0.21; trace_rows:copy1 0.51/0.51; trace_rows:step 0.25/0.25; example_row:4.5:1
cursive-name-long,Name and word tracing,early_role_rule_75,measured,2.5134,2.101,0.4125,16.41,1.2912,31.12,PROMISING,True,True,,writing_guides:copy1 0.44/0.44; writing_guides:step 0.21/0.21; trace_rows:copy1 0.45/0.45; trace_rows:step 0.24/0.24; example_row:7.6:1
cursive-name-long,Name and word tracing,early_role_rule_60,measured,2.5134,1.8462,0.6672,26.55,1.7325,41.75,PROMISING,True,True,,writing_guides:copy1 0.44/0.44; writing_guides:step 0.21/0.21; trace_rows:copy1 0.45/0.45; trace_rows:step 0.24/0.24; example_row:4.5:1
de-namen-schreiben,Name and word tracing,early_role_rule_75,measured,2.7528,2.3746,0.3782,13.74,1.1921,26.94,PROMISING,True,True,,writing_guides:copy1 0.45/0.45; writing_guides:step 0.23/0.23; trace_rows:copy1 0.41/0.41; trace_rows:step 0.23/0.23; example_row:7.6:1
de-namen-schreiben,Name and word tracing,early_role_rule_60,measured,2.7528,2.1412,0.6116,22.22,1.5976,36.1,PROMISING,True,True,,writing_guides:copy1 0.45/0.45; writing_guides:step 0.23/0.23; trace_rows:copy1 0.41/0.41; trace_rows:step 0.23/0.23; example_row:4.5:1
es-nombre,Name and word tracing,early_role_rule_75,measured,2.1303,1.7794,0.3509,16.47,1.1127,31.43,PROMISING,True,True,,writing_guides:copy1 0.49/0.49; writing_guides:step 0.24/0.24; trace_rows:copy1 0.50/0.50; trace_rows:step 0.24/0.24; example_row:7.6:1
es-nombre,Name and word tracing,early_role_rule_60,measured,2.1303,1.5636,0.5666,26.6,1.4887,42.05,PROMISING,True,True,,writing_guides:copy1 0.49/0.49; writing_guides:step 0.24/0.24; trace_rows:copy1 0.50/0.50; trace_rows:step 0.24/0.24; example_row:4.5:1
letter-tracing-ruled,Letter practice list,early_role_rule_75,measured,0.4017,0.3381,0.0636,15.84,0.1335,22.6,NEGLIGIBLE,True,True,,other_marks:copy1 0.06/0.06; example_row:5.1:1
letter-tracing-ruled,Letter practice list,early_role_rule_60,measured,0.4017,0.298,0.1037,25.81,0.1926,32.62,NEGLIGIBLE,True,True,,other_marks:copy1 0.06/0.06; example_row:3.4:1
bubble-name,Name and word tracing,early_role_rule_75,measured,1.266,1.0296,0.2364,18.67,0.7406,34.2,SMALL,True,True,,trace_rows:copy1 0.55/0.55; trace_rows:step 0.27/0.27; example_row:7.6:1
bubble-name,Name and word tracing,early_role_rule_60,measured,1.266,0.8842,0.3818,30.16,0.9926,45.83,SMALL,True,True,,trace_rows:copy1 0.55/0.55; trace_rows:step 0.27/0.27; example_row:4.5:1
letter-bubble-m,Single outline letter,standard,measured,4.5251,4.5251,0.0,0.0,0.0,0.0,,True,True,,other_marks:copy1 0.98/0.98; other_marks:17.1:1
letter-bubble-m,Single outline letter,broad_fade_72,measured,4.5251,3.328,1.1971,26.45,3.8546,46.24,PROMISING,True,True,,other_marks:copy1 0.96/0.98; other_marks:6.9:1
letter-bubble-m,Single outline letter,high_contrast,measured,4.5251,4.5251,0.0,0.0,0.0,0.0,NEGLIGIBLE,True,True,,other_marks:copy1 0.98/0.98; other_marks:17.1:1
letter-bubble-m,Single outline letter,page_wide_fade_75,measured,4.5251,3.399,1.1261,24.89,3.7069,44.46,PROMISING,True,True,,other_marks:copy1 0.95/0.98; other_marks:7.6:1
letter-bubble-m,Single outline letter,page_wide_fade_60,measured,4.5251,2.7274,1.7977,39.73,4.9063,58.85,PROMISING,True,True,,other_marks:copy1 0.94/0.98; other_marks:4.6:1
letter-bubble-m,Single outline letter,lighter_color_75_all,measured,4.5251,3.3991,1.1259,24.88,3.7064,44.46,PROMISING,True,True,,other_marks:copy1 0.95/0.98; other_marks:7.6:1
letter-bubble-m,Single outline letter,lighter_dark_marks_75,measured,4.5251,3.4101,1.115,24.64,3.6907,44.27,PROMISING,True,True,,other_marks:copy1 0.96/0.98; other_marks:7.6:1
letter-bubble-m,Single outline letter,lighter_dark_marks_60,measured,4.5251,2.725,1.8001,39.78,4.908,58.87,PROMISING,True,True,,other_marks:copy1 0.95/0.98; other_marks:4.5:1
letter-bubble-m,Single outline letter,lighter_fills_55,measured,4.5251,4.3973,0.1278,2.82,0.2925,3.51,NEGLIGIBLE,True,True,,other_marks:copy1 0.98/0.98; other_marks:17.1:1
letter-bubble-m,Single outline letter,credit_qr_removed,measured,4.5251,4.2409,0.2842,6.28,0.4825,5.79,SMALL,True,True,,other_marks:copy1 0.98/0.98; other_marks:17.1:1
letter-bubble-m,Single outline letter,lighter_dark_marks_75_keep_qr,measured,4.5251,3.4808,1.0443,23.08,3.4905,41.87,PROMISING,True,True,,other_marks:copy1 0.96/0.98; other_marks:7.6:1
letter-bubble-m,Single outline letter,role_aware_75,measured,4.5251,4.4938,0.0313,0.69,0.0925,1.11,NEGLIGIBLE,True,True,,other_marks:copy1 0.98/0.98; other_marks:17.1:1
letter-bubble-m,Single outline letter,role_aware_75_all_content,measured,4.5251,3.4808,1.0443,23.08,3.4905,41.87,PROMISING,True,True,,other_marks:copy1 0.96/0.98; other_marks:7.6:1
letter-calligraphy-g,Single outline letter,standard,measured,1.6242,1.6242,0.0,0.0,0.0,0.0,,True,True,,other_marks:copy1 0.91/0.91; other_marks:17.1:1
letter-calligraphy-g,Single outline letter,broad_fade_72,measured,1.6242,1.2351,0.3892,23.96,1.1204,40.0,PROMISING,True,True,,other_marks:copy1 0.85/0.91; other_marks:6.9:1
letter-calligraphy-g,Single outline letter,high_contrast,measured,1.6242,1.9991,-0.3749,-23.08,0.4695,16.76,SMALL,True,True,,other_marks:copy1 0.94/0.91; other_marks:21.0:1
letter-calligraphy-g,Single outline letter,page_wide_fade_75,measured,1.6242,1.2201,0.4041,24.88,1.1765,42.0,PROMISING,True,True,,other_marks:copy1 0.83/0.91; other_marks:7.6:1
letter-calligraphy-g,Single outline letter,page_wide_fade_60,measured,1.6242,0.9792,0.6451,39.72,1.5846,56.57,PROMISING,False,False,other_marks:copy1 0.77/0.91,other_marks:copy1 0.77/0.91; other_marks:4.6:1
letter-calligraphy-g,Single outline letter,lighter_color_75_all,measured,1.6242,1.2204,0.4038,24.86,1.1756,41.97,PROMISING,True,True,,other_marks:copy1 0.83/0.91; other_marks:7.6:1
letter-calligraphy-g,Single outline letter,lighter_dark_marks_75,measured,1.6242,1.233,0.3912,24.09,1.1575,41.32,PROMISING,True,True,,other_marks:copy1 0.86/0.91; other_marks:7.6:1
letter-calligraphy-g,Single outline letter,lighter_dark_marks_60,measured,1.6242,0.9924,0.6318,38.9,1.5647,55.86,PROMISING,True,True,,other_marks:copy1 0.82/0.91; other_marks:4.5:1
letter-calligraphy-g,Single outline letter,lighter_fills_55,measured,1.6242,1.4907,0.1335,8.22,0.2995,10.69,SMALL,True,True,,other_marks:copy1 0.91/0.91; other_marks:17.1:1
letter-calligraphy-g,Single outline letter,credit_qr_removed,measured,1.6242,1.3274,0.2968,18.27,0.4975,17.76,SMALL,True,True,,other_marks:copy1 0.91/0.91; other_marks:17.1:1
letter-calligraphy-g,Single outline letter,lighter_dark_marks_75_keep_qr,measured,1.6242,1.3069,0.3173,19.54,0.9535,34.04,SMALL,True,True,,other_marks:copy1 0.86/0.91; other_marks:7.6:1
letter-calligraphy-g,Single outline letter,role_aware_75,measured,1.6242,1.5852,0.039,2.4,0.115,4.11,NEGLIGIBLE,True,True,,other_marks:copy1 0.91/0.91; other_marks:17.1:1
letter-calligraphy-g,Single outline letter,role_aware_75_all_content,measured,1.6242,1.3069,0.3173,19.54,0.9535,34.04,SMALL,True,True,,other_marks:copy1 0.86/0.91; other_marks:7.6:1
number-coloring-3,Single outline letter,standard,measured,1.8546,1.8546,0.0,0.0,0.0,0.0,,True,True,,other_marks:copy1 0.93/0.93; other_marks:17.1:1
number-coloring-3,Single outline letter,broad_fade_72,measured,1.8546,1.4114,0.4432,23.9,1.3545,41.12,PROMISING,True,True,,other_marks:copy1 0.90/0.93; other_marks:6.9:1
number-coloring-3,Single outline letter,high_contrast,measured,1.8546,1.8546,0.0,0.0,0.0,0.0,NEGLIGIBLE,True,True,,other_marks:copy1 0.93/0.93; other_marks:17.1:1
number-coloring-3,Single outline letter,page_wide_fade_75,measured,1.8546,1.3931,0.4615,24.88,1.4198,43.11,PROMISING,True,True,,other_marks:copy1 0.87/0.93; other_marks:7.6:1
number-coloring-3,Single outline letter,page_wide_fade_60,measured,1.8546,1.118,0.7366,39.72,1.8966,57.58,PROMISING,False,False,other_marks:copy1 0.82/0.93,other_marks:copy1 0.82/0.93; other_marks:4.6:1
number-coloring-3,Single outline letter,lighter_color_75_all,measured,1.8546,1.3934,0.4612,24.87,1.4189,43.08,PROMISING,True,True,,other_marks:copy1 0.87/0.93; other_marks:7.6:1
number-coloring-3,Single outline letter,lighter_dark_marks_75,measured,1.8546,1.4071,0.4475,24.13,1.3992,42.48,PROMISING,True,True,,other_marks:copy1 0.90/0.93; other_marks:7.6:1
number-coloring-3,Single outline letter,lighter_dark_marks_60,measured,1.8546,1.132,0.7226,38.96,1.8757,56.95,PROMISING,True,True,,other_marks:copy1 0.87/0.93; other_marks:4.5:1
number-coloring-3,Single outline letter,lighter_fills_55,measured,1.8546,1.7191,0.1355,7.31,0.3064,9.3,SMALL,True,True,,other_marks:copy1 0.93/0.93; other_marks:17.1:1
number-coloring-3,Single outline letter,credit_qr_removed,measured,1.8546,1.5533,0.3013,16.25,0.5075,15.41,SMALL,True,True,,other_marks:copy1 0.93/0.93; other_marks:17.1:1
number-coloring-3,Single outline letter,lighter_dark_marks_75_keep_qr,measured,1.8546,1.4821,0.3725,20.08,1.19,36.13,PROMISING,True,True,,other_marks:copy1 0.90/0.93; other_marks:7.6:1
number-coloring-3,Single outline letter,role_aware_75,measured,1.8546,1.8084,0.0462,2.49,0.1361,4.13,NEGLIGIBLE,True,True,,other_marks:copy1 0.93/0.93; other_marks:17.1:1
number-coloring-3,Single outline letter,role_aware_75_all_content,measured,1.8546,1.4821,0.3725,20.08,1.19,36.13,PROMISING,True,True,,other_marks:copy1 0.90/0.93; other_marks:7.6:1
letter-block-a,Single outline letter,standard,measured,3.0158,3.0158,0.0,0.0,0.0,0.0,,True,True,,other_marks:copy1 0.97/0.97; other_marks:17.1:1
letter-block-a,Single outline letter,broad_fade_72,measured,3.0158,2.2272,0.7887,26.15,2.5067,45.51,PROMISING,True,True,,other_marks:copy1 0.94/0.97; other_marks:6.9:1
letter-block-a,Single outline letter,high_contrast,measured,3.0158,3.0158,0.0,0.0,0.0,0.0,NEGLIGIBLE,True,True,,other_marks:copy1 0.97/0.97; other_marks:17.1:1
letter-block-a,Single outline letter,page_wide_fade_75,measured,3.0158,2.2653,0.7505,24.89,2.4315,44.15,PROMISING,True,True,,other_marks:copy1 0.94/0.97; other_marks:7.6:1
letter-block-a,Single outline letter,page_wide_fade_60,measured,3.0158,1.8177,1.1981,39.73,3.225,58.55,PROMISING,True,True,,other_marks:copy1 0.91/0.97; other_marks:4.6:1
letter-block-a,Single outline letter,lighter_color_75_all,measured,3.0158,2.2654,0.7504,24.88,2.4312,44.14,PROMISING,True,True,,other_marks:copy1 0.93/0.97; other_marks:7.6:1
letter-block-a,Single outline letter,lighter_dark_marks_75,measured,3.0158,2.2759,0.74,24.54,2.4162,43.87,PROMISING,True,True,,other_marks:copy1 0.95/0.97; other_marks:7.6:1
letter-block-a,Single outline letter,lighter_dark_marks_60,measured,3.0158,1.8212,1.1946,39.61,3.2188,58.44,PROMISING,True,True,,other_marks:copy1 0.93/0.97; other_marks:4.5:1
letter-block-a,Single outline letter,lighter_fills_55,measured,3.0158,2.8843,0.1315,4.36,0.3004,5.45,SMALL,True,True,,other_marks:copy1 0.97/0.97; other_marks:17.1:1
letter-block-a,Single outline letter,credit_qr_removed,measured,3.0158,2.7236,0.2923,9.69,0.4957,9.0,SMALL,True,True,,other_marks:copy1 0.97/0.97; other_marks:17.1:1
letter-block-a,Single outline letter,lighter_dark_marks_75_keep_qr,measured,3.0158,2.3486,0.6672,22.12,2.2106,40.14,PROMISING,True,True,,other_marks:copy1 0.95/0.97; other_marks:7.6:1
letter-block-a,Single outline letter,role_aware_75,measured,3.0158,2.9898,0.0261,0.86,0.0772,1.4,NEGLIGIBLE,True,True,,other_marks:copy1 0.97/0.97; other_marks:17.1:1
letter-block-a,Single outline letter,role_aware_75_all_content,measured,3.0158,2.3486,0.6672,22.12,2.2106,40.14,PROMISING,True,True,,other_marks:copy1 0.95/0.97; other_marks:7.6:1
letter-cursive-a,Single outline letter,standard,measured,1.4812,1.4812,0.0,0.0,0.0,0.0,,True,True,,other_marks:copy1 0.89/0.89; other_marks:17.1:1
letter-cursive-a,Single outline letter,broad_fade_72,measured,1.4812,1.1183,0.3628,24.5,0.951,38.65,SMALL,True,True,,other_marks:copy1 0.83/0.89; other_marks:6.9:1
letter-cursive-a,Single outline letter,high_contrast,measured,1.4812,2.3001,-0.8189,-55.29,-0.1405,-5.71,NEGLIGIBLE,True,True,,other_marks:copy1 0.93/0.89; other_marks:21.0:1
letter-cursive-a,Single outline letter,page_wide_fade_75,measured,1.4812,1.1132,0.368,24.84,0.9811,39.87,SMALL,True,True,,other_marks:copy1 0.81/0.89; other_marks:7.6:1
letter-cursive-a,Single outline letter,page_wide_fade_60,measured,1.4812,0.893,0.5882,39.71,1.3427,54.56,PROMISING,False,False,other_marks:copy1 0.73/0.89,other_marks:copy1 0.73/0.89; other_marks:4.6:1
letter-cursive-a,Single outline letter,lighter_color_75_all,measured,1.4812,1.1129,0.3682,24.86,0.978,39.74,SMALL,True,True,,other_marks:copy1 0.81/0.89; other_marks:7.6:1
letter-cursive-a,Single outline letter,lighter_dark_marks_75,measured,1.4812,1.1768,0.3044,20.55,0.8815,35.82,SMALL,True,True,,other_marks:copy1 0.84/0.89; other_marks:7.6:1
letter-cursive-a,Single outline letter,lighter_dark_marks_60,measured,1.4812,0.9896,0.4916,33.19,1.1956,48.59,PROMISING,False,False,other_marks:copy1 0.79/0.89,other_marks:copy1 0.79/0.89; other_marks:4.5:1
letter-cursive-a,Single outline letter,lighter_fills_55,measured,1.4812,1.3488,0.1324,8.94,0.3025,12.29,SMALL,True,True,,other_marks:copy1 0.89/0.89; other_marks:17.1:1
letter-cursive-a,Single outline letter,credit_qr_removed,measured,1.4812,1.1868,0.2943,19.87,0.4993,20.29,SMALL,True,True,,other_marks:copy1 0.89/0.89; other_marks:17.1:1
letter-cursive-a,Single outline letter,lighter_dark_marks_75_keep_qr,measured,1.4812,1.25,0.2312,15.61,0.6744,27.41,SMALL,True,True,,other_marks:copy1 0.84/0.89; other_marks:7.6:1
letter-cursive-a,Single outline letter,role_aware_75,measured,1.4812,1.4535,0.0277,1.87,0.0814,3.31,NEGLIGIBLE,True,True,,other_marks:copy1 0.89/0.89; other_marks:17.1:1
letter-cursive-a,Single outline letter,role_aware_75_all_content,measured,1.4812,1.25,0.2312,15.61,0.6744,27.41,SMALL,True,True,,other_marks:copy1 0.84/0.89; other_marks:7.6:1
letter-dot-a,Coloring and dot-to-dot,standard,measured,1.3728,1.3728,0.0,0.0,0.0,0.0,,True,True,,other_marks:copy1 0.77/0.77; other_marks:17.1:1
letter-dot-a,Coloring and dot-to-dot,broad_fade_72,measured,1.3728,1.0454,0.3273,23.84,0.9628,39.96,SMALL,True,True,,other_marks:copy1 0.72/0.77; other_marks:6.9:1
letter-dot-a,Coloring and dot-to-dot,high_contrast,measured,1.3728,1.3728,0.0,0.0,0.0,0.0,NEGLIGIBLE,True,True,,other_marks:copy1 0.77/0.77; other_marks:17.1:1
letter-dot-a,Coloring and dot-to-dot,page_wide_fade_75,measured,1.3728,1.0314,0.3414,24.87,1.0118,41.99,PROMISING,True,True,,other_marks:copy1 0.70/0.77; other_marks:7.6:1
letter-dot-a,Coloring and dot-to-dot,page_wide_fade_60,measured,1.3728,0.8278,0.545,39.7,1.3618,56.52,PROMISING,False,False,other_marks:copy1 0.65/0.77,other_marks:copy1 0.65/0.77; other_marks:4.6:1
letter-dot-a,Coloring and dot-to-dot,lighter_color_75_all,measured,1.3728,1.0319,0.3408,24.83,1.0102,41.92,PROMISING,True,True,,other_marks:copy1 0.70/0.77; other_marks:7.6:1
letter-dot-a,Coloring and dot-to-dot,lighter_dark_marks_75,measured,1.3728,1.0557,0.3171,23.1,0.9706,40.28,SMALL,True,True,,other_marks:copy1 0.75/0.77; other_marks:7.6:1
letter-dot-a,Coloring and dot-to-dot,lighter_dark_marks_60,measured,1.3728,0.8602,0.5126,37.34,1.306,54.2,PROMISING,True,True,,other_marks:copy1 0.73/0.77; other_marks:4.5:1
letter-dot-a,Coloring and dot-to-dot,lighter_fills_55,measured,1.3728,0.9939,0.3788,27.6,0.9335,38.74,SMALL,True,True,,other_marks:copy1 0.75/0.77; other_marks:17.1:1
letter-dot-a,Coloring and dot-to-dot,credit_qr_removed,measured,1.3728,1.0756,0.2971,21.65,0.4971,20.63,SMALL,True,True,,other_marks:copy1 0.77/0.77; other_marks:17.1:1
letter-dot-a,Coloring and dot-to-dot,lighter_dark_marks_75_keep_qr,measured,1.3728,1.1297,0.2431,17.71,0.7671,31.84,SMALL,True,True,,other_marks:copy1 0.75/0.77; other_marks:7.6:1
letter-dot-a,Coloring and dot-to-dot,role_aware_75,measured,1.3728,1.3397,0.033,2.41,0.0973,4.04,NEGLIGIBLE,True,True,,other_marks:copy1 0.77/0.77; other_marks:17.1:1
letter-dot-a,Coloring and dot-to-dot,role_aware_75_all_content,measured,1.3728,1.1297,0.2431,17.71,0.7671,31.84,SMALL,True,True,,other_marks:copy1 0.75/0.77; other_marks:7.6:1
hw-finedot,Tracing with dark dotted or dashed marks,role_aware_75,measured,1.8604,1.6039,0.2566,13.79,0.7603,25.04,SMALL,False,False,trace_rows:copy1 0.77/0.86; trace_rows:step 0.51/0.68,writing_guides:copy1 0.43/0.43; writing_guides:step 0.22/0.22; trace_rows:copy1 0.77/0.86; trace_rows:step 0.51/0.68; example_row:7.6:1
hw-finedot,Tracing with dark dotted or dashed marks,role_aware_75_all_content,measured,1.8604,1.6039,0.2566,13.79,0.7603,25.04,SMALL,False,False,trace_rows:copy1 0.77/0.86; trace_rows:step 0.51/0.68,writing_guides:copy1 0.43/0.43; writing_guides:step 0.22/0.22; trace_rows:copy1 0.77/0.86; trace_rows:step 0.51/0.68; example_row:7.6:1
hw-sentence-faded,Name and word tracing,role_aware_75,measured,1.9923,1.7496,0.2427,12.18,0.7321,22.64,SMALL,True,True,,writing_guides:copy1 n/a(std 0.03); writing_guides:step 0.16/0.16; trace_rows:copy1 0.23/0.23; trace_rows:step 0.21/0.21; example_row:7.6:1
hw-sentence-faded,Name and word tracing,role_aware_75_all_content,measured,1.9923,1.7496,0.2427,12.18,0.7321,22.64,SMALL,True,True,,writing_guides:copy1 n/a(std 0.03); writing_guides:step 0.16/0.16; trace_rows:copy1 0.23/0.23; trace_rows:step 0.21/0.21; example_row:7.6:1
letter-tracing-gen,Tracing with dark dotted or dashed marks,role_aware_75,measured,1.2796,1.161,0.1186,9.27,0.3646,17.78,SMALL,False,True,trace_rows:step 0.66/0.88,writing_guides:copy1 0.43/0.43; writing_guides:step 0.22/0.22; trace_rows:copy1 0.86/0.91; trace_rows:step 0.66/0.88; example_row:7.6:1
letter-tracing-gen,Tracing with dark dotted or dashed marks,role_aware_75_all_content,measured,1.2796,1.161,0.1186,9.27,0.3646,17.78,SMALL,False,True,trace_rows:step 0.66/0.88,writing_guides:copy1 0.43/0.43; writing_guides:step 0.22/0.22; trace_rows:copy1 0.86/0.91; trace_rows:step 0.66/0.88; example_row:7.6:1
calligraphy-name,Name and word tracing,role_aware_75,measured,1.2618,1.1223,0.1395,11.05,0.4408,20.97,SMALL,True,True,,trace_rows:copy1 0.52/0.52; trace_rows:step 0.25/0.25; example_row:7.6:1
calligraphy-name,Name and word tracing,role_aware_75_all_content,measured,1.2618,1.1223,0.1395,11.05,0.4408,20.97,SMALL,True,True,,trace_rows:copy1 0.52/0.52; trace_rows:step 0.25/0.25; example_row:7.6:1
fr-prenom,Name and word tracing,role_aware_75,measured,2.4324,2.1569,0.2755,11.33,0.9019,22.71,SMALL,True,True,,writing_guides:copy1 0.25/0.25; writing_guides:step 0.17/0.17; trace_rows:copy1 0.43/0.43; trace_rows:step 0.19/0.19; example_row:7.6:1
fr-prenom,Name and word tracing,role_aware_75_all_content,measured,2.4324,2.1569,0.2755,11.33,0.9019,22.71,SMALL,True,True,,writing_guides:copy1 0.25/0.25; writing_guides:step 0.17/0.17; trace_rows:copy1 0.43/0.43; trace_rows:step 0.19/0.19; example_row:7.6:1
cursive-alphabet,Letter practice list,role_aware_75,measured,0.9188,0.8019,0.1168,12.72,0.3284,22.0,SMALL,True,True,,other_marks:copy1 0.07/0.07; example_row:7.6:1
cursive-alphabet,Letter practice list,role_aware_75_all_content,measured,0.9188,0.8019,0.1168,12.72,0.3284,22.0,SMALL,True,True,,other_marks:copy1 0.07/0.07; example_row:7.6:1
block-letters-name,Name and word tracing,role_aware_75,measured,2.9652,2.4395,0.5257,17.73,1.7507,33.54,PROMISING,True,True,,trace_rows:copy1 0.53/0.53; trace_rows:step 0.26/0.26; example_row:7.6:1
block-letters-name,Name and word tracing,role_aware_75_all_content,measured,2.9652,2.4395,0.5257,17.73,1.7507,33.54,PROMISING,True,True,,trace_rows:copy1 0.53/0.53; trace_rows:step 0.26/0.26; example_row:7.6:1
spanish-chart,Outline alphabet,role_aware_75,measured,1.7435,1.7258,0.0177,1.02,0.0463,1.68,NEGLIGIBLE,True,True,,other_marks:copy1 0.73/0.73; other_marks:16.4:1
spanish-chart,Outline alphabet,role_aware_75_all_content,measured,1.7435,1.4669,0.2767,15.87,0.6698,24.3,SMALL,True,True,,other_marks:copy1 0.67/0.73; other_marks:7.2:1
coloring-page-stripes-stars,Coloring and dot-to-dot,role_aware_75,measured,1.5081,1.5081,0.0,0.0,0.0,0.0,NEGLIGIBLE,True,True,,other_marks:copy1 0.55/0.55; other_marks:17.1:1
coloring-page-stripes-stars,Coloring and dot-to-dot,role_aware_75_all_content,measured,1.5081,1.3005,0.2077,13.77,0.6025,24.39,SMALL,True,True,,other_marks:copy1 0.52/0.55; other_marks:7.6:1
word-search-hard,Word search,role_aware_75,measured,4.8762,4.8762,0.0,0.0,0.0,0.0,NEGLIGIBLE,True,True,,other_marks:17.1:1; other_marks:copy2 0.87/0.87
word-search-hard,Word search,role_aware_75_all_content,measured,4.8762,3.7863,1.0899,22.35,3.4035,39.48,PROMISING,False,False,other_marks:copy2 0.82/0.87,other_marks:7.6:1; other_marks:copy2 0.82/0.87
hw-dashed,Tracing with dark dotted or dashed marks,role_aware_75,measured,1.9285,1.6547,0.2737,14.2,0.7753,24.93,SMALL,False,True,trace_rows:step 0.53/0.71,writing_guides:copy1 0.43/0.43; writing_guides:step 0.22/0.22; trace_rows:copy1 0.80/0.87; trace_rows:step 0.53/0.71; example_row:7.6:1
hw-dashed,Tracing with dark dotted or dashed marks,role_aware_75_all_content,measured,1.9285,1.6547,0.2737,14.2,0.7753,24.93,SMALL,False,True,trace_rows:step 0.53/0.71,writing_guides:copy1 0.43/0.43; writing_guides:step 0.22/0.22; trace_rows:copy1 0.80/0.87; trace_rows:step 0.53/0.71; example_row:7.6:1
name-tracing,Name and word tracing,role_aware_75,measured,2.3824,2.0625,0.3199,13.43,1.0481,26.35,PROMISING,True,True,,writing_guides:copy1 0.46/0.46; writing_guides:step 0.23/0.23; trace_rows:copy1 0.47/0.47; trace_rows:step 0.25/0.25; example_row:7.6:1
name-tracing,Name and word tracing,role_aware_75_all_content,measured,2.3824,2.0625,0.3199,13.43,1.0481,26.35,PROMISING,True,True,,writing_guides:copy1 0.46/0.46; writing_guides:step 0.23/0.23; trace_rows:copy1 0.47/0.47; trace_rows:step 0.25/0.25; example_row:7.6:1
cursive-name,Name and word tracing,role_aware_75,measured,2.724,2.3527,0.3713,13.63,1.1997,26.55,PROMISING,True,True,,writing_guides:copy1 0.44/0.44; writing_guides:step 0.21/0.21; trace_rows:copy1 0.45/0.45; trace_rows:step 0.24/0.24; example_row:7.6:1
cursive-name,Name and word tracing,role_aware_75_all_content,measured,2.724,2.3527,0.3713,13.63,1.1997,26.55,PROMISING,True,True,,writing_guides:copy1 0.44/0.44; writing_guides:step 0.21/0.21; trace_rows:copy1 0.45/0.45; trace_rows:step 0.24/0.24; example_row:7.6:1
happy-birthday,Tracing with dark dotted or dashed marks,role_aware_75,measured,2.6396,2.1606,0.479,18.15,1.4357,31.95,PROMISING,False,True,trace_rows:step 0.56/0.75,writing_guides:copy1 0.23/0.24; writing_guides:step 0.17/0.17; trace_rows:copy1 0.81/0.89; trace_rows:step 0.56/0.75; example_row:7.6:1
happy-birthday,Tracing with dark dotted or dashed marks,role_aware_75_all_content,measured,2.6396,2.1567,0.4829,18.29,1.4504,32.28,PROMISING,False,True,trace_rows:step 0.56/0.75,writing_guides:copy1 0.23/0.24; writing_guides:step 0.17/0.17; trace_rows:copy1 0.81/0.89; trace_rows:step 0.56/0.75; example_row:7.6:1
pl-imie,Name and word tracing,role_aware_75,measured,2.3071,1.9989,0.3082,13.36,1.0079,26.17,PROMISING,True,True,,writing_guides:copy1 0.49/0.49; writing_guides:step 0.24/0.24; trace_rows:copy1 0.50/0.50; trace_rows:step 0.24/0.24; example_row:7.6:1
pl-imie,Name and word tracing,role_aware_75_all_content,measured,2.3071,1.9989,0.3082,13.36,1.0079,26.17,PROMISING,True,True,,writing_guides:copy1 0.49/0.49; writing_guides:step 0.24/0.24; trace_rows:copy1 0.50/0.50; trace_rows:step 0.24/0.24; example_row:7.6:1
calligraphy-alphabet,Letter practice list,role_aware_75,measured,0.7926,0.7006,0.092,11.61,0.2578,20.12,SMALL,True,True,,other_marks:copy1 0.07/0.07; example_row:7.6:1
calligraphy-alphabet,Letter practice list,role_aware_75_all_content,measured,0.7926,0.7006,0.092,11.61,0.2578,20.12,SMALL,True,True,,other_marks:copy1 0.07/0.07; example_row:7.6:1
bubble-letters,Outline alphabet,role_aware_75,measured,1.4998,1.4803,0.0195,1.3,0.0511,2.14,NEGLIGIBLE,True,True,,other_marks:copy1 0.72/0.72; other_marks:16.6:1
bubble-letters,Outline alphabet,role_aware_75_all_content,measured,1.4998,1.2751,0.2247,14.98,0.5579,23.3,SMALL,True,True,,other_marks:copy1 0.67/0.72; other_marks:7.3:1
name-puzzle,Outline alphabet,role_aware_75,measured,1.1193,1.1193,0.0,0.0,0.0,0.0,NEGLIGIBLE,True,True,,other_marks:copy1 0.69/0.69; other_marks:17.1:1
name-puzzle,Outline alphabet,role_aware_75_all_content,measured,1.1193,0.953,0.1663,14.85,0.4873,25.78,SMALL,True,True,,other_marks:copy1 0.66/0.69; other_marks:7.6:1
dot-to-dot-name,Coloring and dot-to-dot,role_aware_75,measured,0.9059,0.9059,0.0,0.0,0.0,0.0,NEGLIGIBLE,True,True,,other_marks:copy1 0.46/0.46; other_marks:17.1:1
dot-to-dot-name,Coloring and dot-to-dot,role_aware_75_all_content,measured,0.9059,0.7864,0.1196,13.2,0.3469,22.7,SMALL,True,True,,other_marks:copy1 0.43/0.46; other_marks:7.6:1
bubble-name-solid,Name and word tracing,role_aware_75,measured,1.1392,1.0102,0.129,11.33,0.2994,15.3,SMALL,True,True,,trace_rows:copy1 0.55/0.55; trace_rows:step 0.27/0.27; example_row:3.7:1
bubble-name-solid,Name and word tracing,role_aware_75_all_content,measured,1.1392,1.0102,0.129,11.33,0.2994,15.3,SMALL,True,True,,trace_rows:copy1 0.55/0.55; trace_rows:step 0.27/0.27; example_row:3.7:1
crossword,Crossword,role_aware_75,measured,1.0625,1.0625,0.0,0.0,0.0,0.0,NEGLIGIBLE,True,True,,other_marks:11.0:1; other_marks:copy2 0.77/0.77
crossword,Crossword,role_aware_75_all_content,measured,1.0625,0.8531,0.2094,19.71,0.3888,25.62,SMALL,False,False,other_marks:copy2 0.55/0.77,other_marks:5.2:1; other_marks:copy2 0.55/0.77
hw-bolddot,Tracing with dark dotted or dashed marks,role_aware_75,measured,2.2996,1.934,0.3656,15.9,1.1294,29.3,PROMISING,False,True,trace_rows:step 0.66/0.88,writing_guides:copy1 0.43/0.43; writing_guides:step 0.22/0.22; trace_rows:copy1 0.86/0.92; trace_rows:step 0.66/0.88; example_row:7.6:1
hw-bolddot,Tracing with dark dotted or dashed marks,role_aware_75_all_content,measured,2.2996,1.934,0.3656,15.9,1.1294,29.3,PROMISING,False,True,trace_rows:step 0.66/0.88,writing_guides:copy1 0.43/0.43; writing_guides:step 0.22/0.22; trace_rows:copy1 0.86/0.92; trace_rows:step 0.66/0.88; example_row:7.6:1
hw-faint,Name and word tracing,role_aware_75,measured,1.6278,1.431,0.1967,12.08,0.6294,23.44,SMALL,True,True,,writing_guides:copy1 0.43/0.43; writing_guides:step 0.22/0.22; trace_rows:copy1 n/a(std 0.00); trace_rows:step 0.10/0.10; example_row:7.6:1
hw-faint,Name and word tracing,role_aware_75_all_content,measured,1.6278,1.431,0.1967,12.08,0.6294,23.44,SMALL,True,True,,writing_guides:copy1 0.43/0.43; writing_guides:step 0.22/0.22; trace_rows:copy1 n/a(std 0.00); trace_rows:step 0.10/0.10; example_row:7.6:1
sight-word,Tracing with dark dotted or dashed marks,role_aware_75,measured,1.5271,1.3476,0.1795,11.76,0.5527,22.21,SMALL,False,True,trace_rows:step 0.66/0.88,writing_guides:copy1 0.43/0.43; writing_guides:step 0.22/0.22; trace_rows:copy1 0.86/0.92; trace_rows:step 0.66/0.88; example_row:7.6:1
sight-word,Tracing with dark dotted or dashed marks,role_aware_75_all_content,measured,1.5271,1.3476,0.1795,11.76,0.5527,22.21,SMALL,False,True,trace_rows:step 0.66/0.88,writing_guides:copy1 0.43/0.43; writing_guides:step 0.22/0.22; trace_rows:copy1 0.86/0.92; trace_rows:step 0.66/0.88; example_row:7.6:1
mom-in-cursive,Name and word tracing,role_aware_75,measured,2.2705,1.9896,0.281,12.37,0.9068,24.25,SMALL,True,True,,writing_guides:copy1 0.44/0.44; writing_guides:step 0.21/0.21; trace_rows:copy1 0.45/0.45; trace_rows:step 0.24/0.24; example_row:7.6:1
mom-in-cursive,Name and word tracing,role_aware_75_all_content,measured,2.2705,1.9896,0.281,12.37,0.9068,24.25,SMALL,True,True,,writing_guides:copy1 0.44/0.44; writing_guides:step 0.21/0.21; trace_rows:copy1 0.45/0.45; trace_rows:step 0.24/0.24; example_row:7.6:1
de-schreibuebungen,Name and word tracing,role_aware_75,measured,2.2816,2.1286,0.153,6.7,0.4853,13.79,SMALL,True,True,,writing_guides:copy1 0.41/0.41; writing_guides:step 0.20/0.20; trace_rows:copy1 0.31/0.31; trace_rows:step 0.21/0.21; example_row:7.6:1
de-schreibuebungen,Name and word tracing,role_aware_75_all_content,measured,2.2816,2.1286,0.153,6.7,0.4853,13.79,SMALL,True,True,,writing_guides:copy1 0.41/0.41; writing_guides:step 0.20/0.20; trace_rows:copy1 0.31/0.31; trace_rows:step 0.21/0.21; example_row:7.6:1
tr-harf-name,Name and word tracing,role_aware_75,measured,2.0973,1.7624,0.3349,15.97,1.1118,30.46,PROMISING,True,True,,trace_rows:copy1 0.46/0.46; trace_rows:step 0.23/0.23; example_row:7.6:1
tr-harf-name,Name and word tracing,role_aware_75_all_content,measured,2.0973,1.7624,0.3349,15.97,1.1118,30.46,PROMISING,True,True,,trace_rows:copy1 0.46/0.46; trace_rows:step 0.23/0.23; example_row:7.6:1
block-letters,Outline alphabet,role_aware_75,measured,1.7931,1.7826,0.0106,0.59,0.0312,1.04,NEGLIGIBLE,True,True,,other_marks:copy1 0.91/0.91; other_marks:17.1:1
block-letters,Outline alphabet,role_aware_75_all_content,measured,1.7931,1.3739,0.4192,23.38,1.163,38.63,PROMISING,True,True,,other_marks:copy1 0.84/0.91; other_marks:7.6:1
alphabet-coloring,Outline alphabet,role_aware_75,measured,1.4248,1.4009,0.0239,1.68,0.0623,2.76,NEGLIGIBLE,True,True,,other_marks:copy1 0.70/0.70; other_marks:16.2:1
alphabet-coloring,Outline alphabet,role_aware_75_all_content,measured,1.4248,1.2182,0.2067,14.5,0.504,22.34,SMALL,True,True,,other_marks:copy1 0.65/0.70; other_marks:7.1:1
coloring-page,Coloring and dot-to-dot,role_aware_75,measured,0.76,0.76,0.0,0.0,0.0,0.0,NEGLIGIBLE,True,True,,other_marks:copy1 0.48/0.48; other_marks:16.2:1
coloring-page,Coloring and dot-to-dot,role_aware_75_all_content,measured,0.76,0.6653,0.0947,12.46,0.2336,19.14,NEGLIGIBLE,True,True,,other_marks:copy1 0.44/0.48; other_marks:7.1:1
word-search,Word search,role_aware_75,measured,4.8543,4.8543,0.0,0.0,0.0,0.0,NEGLIGIBLE,True,True,,other_marks:17.1:1; other_marks:copy2 0.87/0.87
word-search,Word search,role_aware_75_all_content,measured,4.8543,3.7695,1.0849,22.35,3.3863,39.47,PROMISING,False,False,other_marks:copy2 0.82/0.87,other_marks:7.6:1; other_marks:copy2 0.82/0.87
hw-faded,Name and word tracing,role_aware_75,measured,2.0709,1.8712,0.1998,9.65,0.6384,19.15,SMALL,True,True,,writing_guides:copy1 0.43/0.43; writing_guides:step 0.22/0.22; trace_rows:copy1 0.31/0.31; trace_rows:step 0.21/0.21; example_row:7.6:1
hw-faded,Name and word tracing,role_aware_75_all_content,measured,2.0709,1.8712,0.1998,9.65,0.6384,19.15,SMALL,True,True,,writing_guides:copy1 0.43/0.43; writing_guides:step 0.22/0.22; trace_rows:copy1 0.31/0.31; trace_rows:step 0.21/0.21; example_row:7.6:1
name-tracing-roster,Name and word tracing,role_aware_75,measured,2.3482,2.0457,0.3025,12.88,1.0015,25.58,PROMISING,True,True,,writing_guides:copy1 0.49/0.49; writing_guides:step 0.21/0.21; trace_rows:copy1 0.51/0.51; trace_rows:step 0.25/0.25; example_row:7.6:1
name-tracing-roster,Name and word tracing,role_aware_75_all_content,measured,2.3482,2.0457,0.3025,12.88,1.0015,25.58,PROMISING,True,True,,writing_guides:copy1 0.49/0.49; writing_guides:step 0.21/0.21; trace_rows:copy1 0.51/0.51; trace_rows:step 0.25/0.25; example_row:7.6:1
cursive-name-long,Name and word tracing,role_aware_75,measured,2.5134,2.1815,0.3319,13.2,1.0665,25.7,PROMISING,True,True,,writing_guides:copy1 0.44/0.44; writing_guides:step 0.21/0.21; trace_rows:copy1 0.45/0.45; trace_rows:step 0.24/0.24; example_row:7.6:1
cursive-name-long,Name and word tracing,role_aware_75_all_content,measured,2.5134,2.1815,0.3319,13.2,1.0665,25.7,PROMISING,True,True,,writing_guides:copy1 0.44/0.44; writing_guides:step 0.21/0.21; trace_rows:copy1 0.45/0.45; trace_rows:step 0.24/0.24; example_row:7.6:1
de-namen-schreiben,Name and word tracing,role_aware_75,measured,2.7528,2.4532,0.2996,10.88,0.9718,21.96,SMALL,True,True,,writing_guides:copy1 0.45/0.45; writing_guides:step 0.23/0.23; trace_rows:copy1 0.41/0.41; trace_rows:step 0.23/0.23; example_row:7.6:1
de-namen-schreiben,Name and word tracing,role_aware_75_all_content,measured,2.7528,2.4532,0.2996,10.88,0.9718,21.96,SMALL,True,True,,writing_guides:copy1 0.45/0.45; writing_guides:step 0.23/0.23; trace_rows:copy1 0.41/0.41; trace_rows:step 0.23/0.23; example_row:7.6:1
es-nombre,Name and word tracing,role_aware_75,measured,2.1303,1.8573,0.273,12.82,0.8953,25.29,SMALL,True,True,,writing_guides:copy1 0.49/0.49; writing_guides:step 0.24/0.24; trace_rows:copy1 0.50/0.50; trace_rows:step 0.24/0.24; example_row:7.6:1
es-nombre,Name and word tracing,role_aware_75_all_content,measured,2.1303,1.8573,0.273,12.82,0.8953,25.29,SMALL,True,True,,writing_guides:copy1 0.49/0.49; writing_guides:step 0.24/0.24; trace_rows:copy1 0.50/0.50; trace_rows:step 0.24/0.24; example_row:7.6:1
letter-tracing-ruled,Letter practice list,role_aware_75,measured,0.4017,0.3528,0.0489,12.18,0.0924,15.65,NEGLIGIBLE,True,True,,other_marks:copy1 0.06/0.06; example_row:5.1:1
letter-tracing-ruled,Letter practice list,role_aware_75_all_content,measured,0.4017,0.3528,0.0489,12.18,0.0924,15.65,NEGLIGIBLE,True,True,,other_marks:copy1 0.06/0.06; example_row:5.1:1
graffiti-letters,Outline alphabet,role_aware_75,measured,1.4337,1.4146,0.0192,1.34,0.0502,2.21,NEGLIGIBLE,True,True,,other_marks:copy1 0.71/0.71; other_marks:16.2:1
graffiti-letters,Outline alphabet,role_aware_75_all_content,measured,1.4337,1.2246,0.2091,14.59,0.5086,22.36,SMALL,True,True,,other_marks:copy1 0.66/0.71; other_marks:7.2:1
bubble-name,Name and word tracing,role_aware_75,measured,1.266,1.1065,0.1595,12.6,0.5262,24.29,SMALL,True,True,,trace_rows:copy1 0.55/0.55; trace_rows:step 0.27/0.27; example_row:7.6:1
bubble-name,Name and word tracing,role_aware_75_all_content,measured,1.266,1.1065,0.1595,12.6,0.5262,24.29,SMALL,True,True,,trace_rows:copy1 0.55/0.55; trace_rows:step 0.27/0.27; example_row:7.6:1
banner,Display lettering,role_aware_75,measured,3.0133,3.0133,0.0,0.0,0.0,0.0,NEGLIGIBLE,True,True,,other_marks:17.1:1
banner,Display lettering,role_aware_75_all_content,measured,3.0133,2.3555,0.6579,21.83,2.11,39.01,PROMISING,True,True,,other_marks:7.6:1
graffiti-name,Name and word tracing,role_aware_75,measured,1.9333,1.6324,0.3009,15.56,0.996,29.69,SMALL,True,True,,trace_rows:copy1 0.53/0.53; trace_rows:step 0.26/0.26; example_row:7.6:1
graffiti-name,Name and word tracing,role_aware_75_all_content,measured,1.9333,1.6324,0.3009,15.56,0.996,29.69,SMALL,True,True,,trace_rows:copy1 0.53/0.53; trace_rows:step 0.26/0.26; example_row:7.6:1
scramble,Word scramble,role_aware_75,measured,1.1483,1.1483,0.0,0.0,0.0,0.0,NEGLIGIBLE,True,True,,other_marks:16.8:1; other_marks:copy2 0.61/0.61
scramble,Word scramble,role_aware_75_all_content,measured,1.1483,1.0407,0.1076,9.37,0.2986,16.4,SMALL,True,True,,other_marks:7.4:1; other_marks:copy2 0.58/0.61
