Page URL,Page type,Primary intent,Priority,Search volume,Has OG image,OG image path,Has Twitter image,Hero image path,Hero decorative,Hero alt text,Fix applied,Remaining recommendation
https://ultratextgen.com/ascii-art-generator/,platform,platform,Highest,,yes,/assets/og/ascii-art-generator.png,yes,/assets/hero/ascii-art-generator.svg,yes,,OG triple completed; hero set decorative,
https://ultratextgen.com/ascii-converter/,platform,platform,Highest,,yes,/assets/og/ascii-converter.png,yes,/assets/hero/ascii-converter.svg,yes,,OG triple completed; hero set decorative,
https://ultratextgen.com/character-counter/,platform,platform,Highest,,yes,/assets/og/character-counter.png,yes,,n/a,,OG triple completed,
https://ultratextgen.com/curved-text/,platform,platform,Highest,,yes,/assets/og/curved-text.png,yes,/assets/hero/curved-text.svg,yes,,OG triple completed; hero set decorative,
https://ultratextgen.com/discord/,platform,platform,Highest,,yes,/assets/og/discord.png,yes,/assets/hero/discord.svg,yes,,OG triple completed; hero set decorative,
https://ultratextgen.com/embed/,platform,platform,Highest,,yes,/assets/og/embed.png,yes,/assets/hero/embed.svg,yes,,OG triple completed; hero set decorative,
https://ultratextgen.com/events/,platform,platform,Highest,,yes,/assets/og/events.png,yes,/assets/hero/events.svg,yes,,OG triple completed; hero set decorative,
https://ultratextgen.com/facebook/,platform,platform,Highest,,yes,/assets/og/facebook.png,yes,/assets/hero/facebook.svg,yes,,OG triple completed; hero set decorative,
https://ultratextgen.com/hiragana-chart/,platform,platform,Highest,,yes,/assets/og/hiragana-chart.png,yes,/assets/hero/hiragana-chart.svg,yes,,OG triple completed; hero set decorative,
https://ultratextgen.com/,homepage,homepage,Highest,,yes,/assets/og/fancy-text-generator-preview.png,yes,/assets/hero/fancy-text-generator-preview.svg,yes,,OG triple completed; hero set decorative,
https://ultratextgen.com/instagram/,platform,platform,Highest,,yes,/assets/og/instagram.png,yes,/assets/hero/instagram.svg,yes,,OG triple completed; hero set decorative,
https://ultratextgen.com/kaomoji-dictionary/,platform,platform,Highest,,yes,/assets/og/kaomoji-dictionary.png,yes,/assets/hero/kaomoji-dictionary.svg,yes,,OG triple completed; hero set decorative,
https://ultratextgen.com/kaomoji-generator/,platform,platform,Highest,,yes,/assets/og/kaomoji-generator.png,yes,/assets/hero/kaomoji-generator.svg,yes,,OG triple completed; hero set decorative,
https://ultratextgen.com/katakana-chart/,platform,platform,Highest,,yes,/assets/og/katakana-chart.png,yes,/assets/hero/katakana-chart.svg,yes,,OG triple completed; hero set decorative,
https://ultratextgen.com/learn/,platform,platform,Highest,,yes,/assets/og/learn-hub.png,yes,,n/a,,OG triple completed,
https://ultratextgen.com/linkedin/,platform,platform,Highest,,yes,/assets/og/linkedin.png,yes,/assets/hero/linkedin.svg,yes,,OG triple completed; hero set decorative,
https://ultratextgen.com/pinterest/,platform,platform,Highest,,yes,/assets/og/pinterest.png,yes,/assets/hero/pinterest.svg,yes,,OG triple completed; hero set decorative,
https://ultratextgen.com/printables/,platform,platform,Highest,,yes,/assets/og/printables.png,yes,/assets/hero/printables.svg,yes,,OG triple completed; hero set decorative,
https://ultratextgen.com/roblox/,platform,platform,Highest,,yes,/assets/og/roblox.png,yes,/assets/hero/roblox.svg,yes,,OG triple completed; hero set decorative,
https://ultratextgen.com/snapchat/,platform,platform,Highest,,yes,/assets/og/snapchat.png,yes,/assets/hero/snapchat.svg,yes,,OG triple completed; hero set decorative,
https://ultratextgen.com/symbol/,platform,platform,Highest,,yes,/assets/og/symbol.png,yes,,n/a,,OG present,
https://ultratextgen.com/telegram/,platform,platform,Highest,,yes,/assets/og/telegram.png,yes,/assets/hero/telegram.svg,yes,,OG triple completed; hero set decorative,
https://ultratextgen.com/threads/,platform,platform,Highest,,yes,/assets/og/threads.png,yes,/assets/hero/threads.svg,yes,,OG triple completed; hero set decorative,
https://ultratextgen.com/tiktok/,platform,platform,Highest,,yes,/assets/og/tiktok.png,yes,/assets/hero/tiktok.svg,yes,,OG triple completed; hero set decorative,
https://ultratextgen.com/updates/,platform,platform,Highest,,yes,/assets/og/updates.png,yes,/assets/hero/updates.svg,yes,,OG triple completed; hero set decorative,
https://ultratextgen.com/whatsapp/,platform,platform,Highest,,yes,/assets/og/whatsapp.png,yes,/assets/hero/whatsapp.svg,yes,,OG triple completed; hero set decorative,
https://ultratextgen.com/x/,platform,platform,Highest,,yes,/assets/og/x.png,yes,/assets/hero/x.svg,yes,,OG triple completed; hero set decorative,
https://ultratextgen.com/youtube/,platform,platform,Highest,,yes,/assets/og/youtube.png,yes,/assets/hero/youtube.svg,yes,,OG triple completed; hero set decorative,
https://ultratextgen.com/usecase/before-after-emoji/,use case,use case,High,,yes,/assets/og/usecase-before-after-emoji.png,yes,/assets/hero/usecase-before-after-emoji.svg,yes,,OG triple completed; hero set decorative,
https://ultratextgen.com/usecase/bio-font/discord/,use case,use case,High,,yes,/assets/og/usecase-bio-font-discord.png,yes,/assets/hero/usecase-bio-font-discord.svg,yes,,OG triple completed; hero set decorative,
https://ultratextgen.com/usecase/bio-font/,use case,use case,High,,yes,/assets/og/usecase-bio-font.png,yes,/assets/hero/usecase-bio-font.svg,yes,,OG triple completed; hero set decorative,
https://ultratextgen.com/usecase/bio-font/instagram/,use case,use case,High,,yes,/assets/og/usecase-bio-font-instagram.png,yes,/assets/hero/usecase-bio-font-instagram.svg,yes,,OG triple completed; hero set decorative,
https://ultratextgen.com/usecase/clan-tag-generator/,use case,use case,High,,yes,/assets/og/fancy-text-generator-preview.png,yes,/assets/hero/usecase-clan-tag-generator.svg,yes,,OG triple completed; hero set decorative,Consider page-specific OG card
https://ultratextgen.com/usecase/comment-font/,use case,use case,High,,yes,/assets/og/usecase-comment-font.png,yes,/assets/hero/usecase-comment-font.svg,yes,,OG triple completed; hero set decorative,
https://ultratextgen.com/usecase/emoji-combinations/,use case,use case,High,,yes,/assets/og/usecase-emoji-combinations.png,yes,/assets/hero/usecase-emoji-combinations.svg,yes,,OG triple completed; hero set decorative,
https://ultratextgen.com/usecase/emoji-letters/,use case,use case,High,,yes,/assets/og/usecase-text-to-emoji.png,yes,/assets/hero/usecase-text-to-emoji.svg,yes,,OG triple completed; hero set decorative,
https://ultratextgen.com/usecase/emoji-to-text/,use case,use case,High,,yes,/assets/og/usecase-text-to-emoji.png,yes,/assets/hero/usecase-text-to-emoji.svg,yes,,OG triple completed; hero set decorative,
https://ultratextgen.com/usecase/football-font/,use case,use case,High,,yes,/assets/og/usecase-football-font.png,yes,/assets/hero/usecase-football-font.svg,yes,,OG present; hero set decorative,
https://ultratextgen.com/usecase/free-fire-guild-name-generator/,use case,use case,High,,yes,/assets/og/usecase-free-fire-guild-name-generator.png,yes,/assets/hero/usecase-free-fire-guild-name-generator.svg,yes,,OG triple completed; hero set decorative,
https://ultratextgen.com/usecase/free-fire-name-generator/,use case,use case,High,,yes,/assets/og/usecase-free-fire-name-generator.png,yes,/assets/hero/usecase-free-fire-name-generator.svg,yes,,OG triple completed; hero set decorative,
https://ultratextgen.com/usecase/,use case,use case,High,,yes,/assets/og/usecase.png,yes,/assets/hero/usecase.svg,yes,,OG triple completed; hero set decorative,
https://ultratextgen.com/usecase/linkedin-headline/,use case,use case,High,,yes,/assets/og/usecase-linkedin-headline.png,yes,/assets/hero/usecase-linkedin-headline.svg,yes,,OG triple completed; hero set decorative,
https://ultratextgen.com/usecase/nickname-generator/,use case,use case,High,,yes,/assets/og/usecase-nickname-generator.png,yes,/assets/hero/usecase-nickname-generator.svg,yes,,OG triple completed; hero set decorative,
https://ultratextgen.com/usecase/old-english-translator/,use case,use case,High,,yes,/assets/og/usecase-old-english-translator.png,yes,,n/a,,OG triple completed,
https://ultratextgen.com/usecase/pirate-translator/,use case,use case,High,,yes,/assets/og/usecase-pirate-translator.png,yes,,n/a,,OG triple completed,
https://ultratextgen.com/usecase/repeat-text/,use case,use case,High,,yes,/assets/og/fancy-text-generator-preview.png,yes,,n/a,,OG triple completed,Consider page-specific OG card
https://ultratextgen.com/usecase/scrolling-text/,use case,use case,High,,yes,/assets/og/fancy-text-generator-preview.png,yes,,n/a,,OG triple completed,Consider page-specific OG card
https://ultratextgen.com/usecase/stylish-name/,use case,use case,High,,yes,/assets/og/usecase-stylish-name.png,yes,/assets/hero/usecase-stylish-name.svg,yes,,OG triple completed; hero set decorative,
https://ultratextgen.com/usecase/tattoo-fonts/,use case,use case,High,,yes,/assets/og/usecase-tattoo-fonts.png,yes,/assets/hero/usecase-tattoo-fonts.svg,yes,,OG triple completed; hero set decorative,
https://ultratextgen.com/usecase/text-to-emoji/,use case,use case,High,,yes,/assets/og/usecase-text-to-emoji.png,yes,/assets/hero/usecase-text-to-emoji.svg,yes,,OG triple completed; hero set decorative,
https://ultratextgen.com/usecase/valorant-name-generator/,use case,use case,High,,yes,/assets/og/usecase-valorant-name-generator.png,yes,/assets/hero/usecase-valorant-name-generator.svg,yes,,OG triple completed; hero set decorative,
https://ultratextgen.com/usecase/vertical-text/,use case,use case,High,,yes,/assets/og/usecase-vertical-text.png,yes,/assets/hero/usecase-vertical-text.svg,yes,,OG triple completed; hero set decorative,
https://ultratextgen.com/usecase/zalgo-text/,use case,use case,High,,yes,/assets/og/usecase-zalgo-text.png,yes,/assets/hero/usecase-zalgo-text.svg,yes,,OG triple completed; hero set decorative,
https://ultratextgen.com/answers/can-you-search-fancy-text/,answer,answer,Medium,,yes,/assets/og/answers-can-you-search-fancy-text.png,yes,/assets/hero/answers-can-you-search-fancy-text.svg,yes,,OG triple completed; hero set decorative,
https://ultratextgen.com/answers/change-font-size-on-facebook/,answer,answer,Medium,,yes,/assets/og/answers-change-font-size-on-facebook.png,yes,/assets/hero/answers-change-font-size-on-facebook.svg,yes,,OG triple completed; hero set decorative,
https://ultratextgen.com/answers/cny-greetings-what-to-say/,answer,answer,Medium,,yes,/assets/og/answers-cny-greetings-what-to-say.png,yes,/assets/hero/answers-cny-greetings-what-to-say.svg,yes,,OG triple completed; hero set decorative,
https://ultratextgen.com/answers/discord-allowed-characters/,answer,answer,Medium,,yes,/assets/og/answers-discord-allowed-characters.png,yes,/assets/hero/answers-discord-allowed-characters.svg,yes,,OG triple completed; hero set decorative,
https://ultratextgen.com/answers/diwali-wishes-what-to-say/,answer,answer,Medium,,yes,/assets/og/answers-diwali-wishes-what-to-say.png,yes,/assets/hero/answers-diwali-wishes-what-to-say.svg,yes,,OG triple completed; hero set decorative,
https://ultratextgen.com/answers/do-fancy-fonts-work-on-iphone/,answer,answer,Medium,,yes,/assets/og/answers-do-fancy-fonts-work-on-iphone.png,yes,/assets/hero/answers-do-fancy-fonts-work-on-iphone.svg,yes,,OG triple completed; hero set decorative,
https://ultratextgen.com/answers/do-fancy-fonts-work-with-arabic/,answer,answer,Medium,,yes,/assets/og/answers-do-fancy-fonts-work-with-arabic.png,yes,,n/a,,OG triple completed,
https://ultratextgen.com/answers/do-fancy-fonts-work-with-vietnamese/,answer,answer,Medium,,yes,/assets/og/answers-do-fancy-fonts-work-with-vietnamese.png,yes,/assets/hero/answers-do-fancy-fonts-work-with-vietnamese.svg,yes,,OG triple completed; hero set decorative,
https://ultratextgen.com/answers/do-you-need-nitro-for-discord-fonts/,answer,answer,Medium,,yes,/assets/og/answers-do-you-need-nitro-for-discord-fonts.png,yes,/assets/hero/answers-do-you-need-nitro-for-discord-fonts.svg,yes,,OG triple completed; hero set decorative,
https://ultratextgen.com/answers/does-zalgo-work-on-roblox/,answer,answer,Medium,,yes,/assets/og/answers-does-zalgo-work-on-roblox.png,yes,/assets/hero/answers-does-zalgo-work-on-roblox.svg,yes,,OG triple completed; hero set decorative,
https://ultratextgen.com/answers/eid-mubarak-meaning-and-reply/,answer,answer,Medium,,yes,/assets/og/answers-eid-mubarak-meaning-and-reply.png,yes,/assets/hero/answers-eid-mubarak-meaning-and-reply.svg,yes,,OG triple completed; hero set decorative,
https://ultratextgen.com/answers/fancy-text-with-n-and-accented-letters/,answer,answer,Medium,,yes,/assets/og/answers-fancy-text-with-n-and-accented-letters.png,yes,/assets/hero/answers-fancy-text-with-n-and-accented-letters.svg,yes,,OG triple completed; hero set decorative,
https://ultratextgen.com/answers/fathers-day-messages-what-to-write/,answer,answer,Medium,,yes,/assets/og/answers-fathers-day-messages-what-to-write.png,yes,/assets/hero/answers-fathers-day-messages-what-to-write.svg,yes,,OG triple completed; hero set decorative,
https://ultratextgen.com/answers/halloween-messages-what-to-write/,answer,answer,Medium,,yes,/assets/og/answers-halloween-messages-what-to-write.png,yes,/assets/hero/answers-halloween-messages-what-to-write.svg,yes,,OG triple completed; hero set decorative,
https://ultratextgen.com/answers/happy-new-year-wishes-what-to-write/,answer,answer,Medium,,yes,/assets/og/answers-happy-new-year-wishes-what-to-write.png,yes,/assets/hero/answers-happy-new-year-wishes-what-to-write.svg,yes,,OG triple completed; hero set decorative,
https://ultratextgen.com/answers/how-to-change-discord-username/,answer,answer,Medium,,yes,/assets/og/answers-how-to-change-discord-username.png,yes,/assets/hero/answers-how-to-change-discord-username.svg,yes,,OG triple completed; hero set decorative,
https://ultratextgen.com/answers/how-to-change-instagram-username/,answer,answer,Medium,,yes,/assets/og/answers-how-to-change-instagram-username.png,yes,/assets/hero/answers-how-to-change-instagram-username.svg,yes,,OG triple completed; hero set decorative,
https://ultratextgen.com/answers/how-to-change-roblox-username/,answer,answer,Medium,,yes,/assets/og/answers-how-to-change-roblox-username.png,yes,/assets/hero/answers-how-to-change-roblox-username.svg,yes,,OG triple completed; hero set decorative,
https://ultratextgen.com/answers/how-to-change-tiktok-username/,answer,answer,Medium,,yes,/assets/og/answers-how-to-change-tiktok-username.png,yes,/assets/hero/answers-how-to-change-tiktok-username.svg,yes,,OG triple completed; hero set decorative,
https://ultratextgen.com/answers/how-to-make-a-blank-name/,answer,answer,Medium,,yes,/assets/og/answers-how-to-make-a-blank-name.png,yes,,n/a,,OG triple completed,
https://ultratextgen.com/answers/how-to-make-big-text-in-discord/,answer,answer,Medium,,yes,/assets/og/answers-how-to-make-big-text-in-discord.png,yes,/assets/hero/answers-how-to-make-big-text-in-discord.svg,yes,,OG present; hero set decorative,
https://ultratextgen.com/answers/how-to-make-bold-text-in-discord/,answer,answer,Medium,,yes,/assets/og/answers-how-to-make-bold-text-in-discord.png,yes,/assets/hero/answers-how-to-make-bold-text-in-discord.svg,yes,,OG triple completed; hero set decorative,
https://ultratextgen.com/answers/how-to-remove-zalgo-text/,answer,answer,Medium,,yes,/assets/og/answers-how-to-remove-zalgo-text.png,yes,/assets/hero/answers-how-to-remove-zalgo-text.svg,yes,,OG triple completed; hero set decorative,
https://ultratextgen.com/answers/how-to-type-kaomoji/,answer,answer,Medium,,yes,/assets/og/answers-how-to-type-kaomoji.png,yes,/assets/hero/answers-how-to-type-kaomoji.svg,yes,,OG triple completed; hero set decorative,
https://ultratextgen.com/answers/how-to-uncover-redacted-text/,answer,answer,Medium,,yes,/assets/og/answers-how-to-uncover-redacted-text.png,yes,/assets/hero/answers-how-to-uncover-redacted-text.svg,yes,,OG triple completed; hero set decorative,
https://ultratextgen.com/answers/how-to-underline-in-discord/,answer,answer,Medium,,yes,/assets/og/answers-how-to-underline-in-discord.png,yes,/assets/hero/answers-how-to-underline-in-discord.svg,yes,,OG present; hero set decorative,
https://ultratextgen.com/answers/,answer,answer,Medium,,yes,/assets/og/answers.png,yes,/assets/hero/answers.svg,yes,,OG triple completed; hero set decorative,
https://ultratextgen.com/answers/is-fancy-text-bad-for-accessibility/,answer,answer,Medium,,yes,/assets/og/answers-is-fancy-text-bad-for-accessibility.png,yes,/assets/hero/answers-is-fancy-text-bad-for-accessibility.svg,yes,,OG triple completed; hero set decorative,
https://ultratextgen.com/answers/is-fancy-text-bad-for-seo/,answer,answer,Medium,,yes,/assets/og/answers-is-fancy-text-bad-for-seo.png,yes,/assets/hero/answers-is-fancy-text-bad-for-seo.svg,yes,,OG triple completed; hero set decorative,
https://ultratextgen.com/answers/is-linkedin-bold-text-safe/,answer,answer,Medium,,yes,/assets/og/answers-is-linkedin-bold-text-safe.png,yes,/assets/hero/answers-is-linkedin-bold-text-safe.svg,yes,,OG triple completed; hero set decorative,
https://ultratextgen.com/answers/is-zalgo-text-safe/,answer,answer,Medium,,yes,/assets/og/answers-is-zalgo-text-safe.png,yes,/assets/hero/answers-is-zalgo-text-safe.svg,yes,,OG triple completed; hero set decorative,
https://ultratextgen.com/answers/merry-christmas-in-different-languages/,answer,answer,Medium,,yes,/assets/og/answers-merry-christmas-in-different-languages.png,yes,/assets/hero/answers-merry-christmas-in-different-languages.svg,yes,,OG triple completed; hero set decorative,
https://ultratextgen.com/answers/mothers-day-messages-what-to-write/,answer,answer,Medium,,yes,/assets/og/answers-mothers-day-messages-what-to-write.png,yes,/assets/hero/answers-mothers-day-messages-what-to-write.svg,yes,,OG triple completed; hero set decorative,
https://ultratextgen.com/answers/valentines-day-messages-what-to-write/,answer,answer,Medium,,yes,/assets/og/answers-valentines-day-messages-what-to-write.png,yes,/assets/hero/answers-valentines-day-messages-what-to-write.svg,yes,,OG triple completed; hero set decorative,
https://ultratextgen.com/answers/what-does-o7-mean/,answer,answer,Medium,,yes,/assets/og/answers-what-does-o7-mean.png,yes,/assets/hero/answers-what-does-o7-mean.svg,yes,,OG triple completed; hero set decorative,
https://ultratextgen.com/answers/what-does-owo-mean/,answer,answer,Medium,,yes,/assets/og/answers-what-does-owo-mean.png,yes,/assets/hero/answers-what-does-owo-mean.svg,yes,,OG triple completed; hero set decorative,
https://ultratextgen.com/answers/what-does-uwu-mean/,answer,answer,Medium,,yes,/assets/og/answers-what-does-uwu-mean.png,yes,/assets/hero/answers-what-does-uwu-mean.svg,yes,,OG triple completed; hero set decorative,
https://ultratextgen.com/answers/what-does-xd-mean/,answer,answer,Medium,,yes,/assets/og/answers-what-does-xd-mean.png,yes,/assets/hero/answers-what-does-xd-mean.svg,yes,,OG triple completed; hero set decorative,
https://ultratextgen.com/answers/what-font-does-discord-use/,answer,answer,Medium,,yes,/assets/og/answers-what-font-does-discord-use.png,yes,/assets/hero/answers-what-font-does-discord-use.svg,yes,,OG triple completed; hero set decorative,
https://ultratextgen.com/answers/what-font-does-facebook-use/,answer,answer,Medium,,yes,/assets/og/answers-what-font-does-facebook-use.png,yes,/assets/hero/answers-what-font-does-facebook-use.svg,yes,,OG triple completed; hero set decorative,
https://ultratextgen.com/answers/what-font-does-instagram-use/,answer,answer,Medium,,yes,/assets/og/answers-what-font-does-instagram-use.png,yes,/assets/hero/answers-what-font-does-instagram-use.svg,yes,,OG triple completed; hero set decorative,
https://ultratextgen.com/answers/what-font-does-linkedin-use/,answer,answer,Medium,,yes,/assets/og/answers-what-font-does-linkedin-use.png,yes,/assets/hero/answers-what-font-does-linkedin-use.svg,yes,,OG triple completed; hero set decorative,
https://ultratextgen.com/answers/what-font-does-roblox-use/,answer,answer,Medium,,yes,/assets/og/answers-what-font-does-roblox-use.png,yes,/assets/hero/answers-what-font-does-roblox-use.svg,yes,,OG triple completed; hero set decorative,
https://ultratextgen.com/answers/what-font-does-snapchat-use/,answer,answer,Medium,,yes,/assets/og/answers-what-font-does-snapchat-use.png,yes,/assets/hero/answers-what-font-does-snapchat-use.svg,yes,,OG triple completed; hero set decorative,
https://ultratextgen.com/answers/what-font-does-tiktok-use/,answer,answer,Medium,,yes,/assets/og/answers-what-font-does-tiktok-use.png,yes,/assets/hero/answers-what-font-does-tiktok-use.svg,yes,,OG triple completed; hero set decorative,
https://ultratextgen.com/answers/what-font-does-twitter-use/,answer,answer,Medium,,yes,/assets/og/answers-what-font-does-twitter-use.png,yes,/assets/hero/answers-what-font-does-twitter-use.svg,yes,,OG triple completed; hero set decorative,
https://ultratextgen.com/answers/what-font-does-youtube-use/,answer,answer,Medium,,yes,/assets/og/answers-what-font-does-youtube-use.png,yes,/assets/hero/answers-what-font-does-youtube-use.svg,yes,,OG triple completed; hero set decorative,
https://ultratextgen.com/answers/what-is-a-tiktok-handle/,answer,answer,Medium,,yes,/assets/og/answers-what-is-a-tiktok-handle.png,yes,/assets/hero/answers-what-is-a-tiktok-handle.svg,yes,,OG triple completed; hero set decorative,
https://ultratextgen.com/answers/what-is-ascii/,answer,answer,Medium,,yes,/assets/og/answers-what-is-ascii.png,yes,/assets/hero/answers-what-is-ascii.svg,yes,,OG triple completed; hero set decorative,
https://ultratextgen.com/answers/what-is-kaomoji/,answer,answer,Medium,,yes,/assets/og/answers-what-is-kaomoji.png,yes,/assets/hero/answers-what-is-kaomoji.svg,yes,,OG triple completed; hero set decorative,
https://ultratextgen.com/answers/where-do-fancy-fonts-work-username-vs-display-name/,answer,answer,Medium,,yes,/assets/og/answers-where-do-fancy-fonts-work-username-vs-display-name.png,yes,,n/a,,OG triple completed,
https://ultratextgen.com/answers/why-does-copied-fancy-text-lose-formatting/,answer,answer,Medium,,yes,/assets/og/answers-why-does-copied-fancy-text-lose-formatting.png,yes,/assets/hero/answers-why-does-copied-fancy-text-lose-formatting.svg,yes,,OG triple completed; hero set decorative,
https://ultratextgen.com/answers/why-fancy-text-looks-different-on-iphone-vs-android/,answer,answer,Medium,,yes,/assets/og/answers-why-fancy-text-looks-different-on-iphone-vs-android.png,yes,/assets/hero/answers-why-fancy-text-looks-different-on-iphone-vs-android.svg,yes,,OG triple completed; hero set decorative,
https://ultratextgen.com/answers/why-fancy-text-removes-accents/,answer,answer,Medium,,yes,/assets/og/answers-why-fancy-text-removes-accents.png,yes,/assets/hero/answers-why-fancy-text-removes-accents.svg,yes,,OG triple completed; hero set decorative,
https://ultratextgen.com/answers/why-is-my-name-showing-as-boxes/,answer,answer,Medium,,yes,/assets/og/answers-why-is-my-name-showing-as-boxes.png,yes,,n/a,,OG triple completed,
https://ultratextgen.com/answers/why-was-my-game-name-rejected/,answer,answer,Medium,,yes,/assets/og/answers-why-was-my-game-name-rejected.png,yes,,n/a,,OG triple completed,
https://ultratextgen.com/answers/why-wont-discord-accept-fancy-username/,answer,answer,Medium,,yes,/assets/og/answers-why-wont-discord-accept-fancy-username.png,yes,/assets/hero/answers-why-wont-discord-accept-fancy-username.svg,yes,,OG triple completed; hero set decorative,
https://ultratextgen.com/answers/why-wont-instagram-accept-my-fancy-username/,answer,answer,Medium,,yes,/assets/og/answers-why-wont-instagram-accept-my-fancy-username.png,yes,/assets/hero/answers-why-wont-instagram-accept-my-fancy-username.svg,yes,,OG triple completed; hero set decorative,
https://ultratextgen.com/ar/answers/insha-ism-farigh/,localized,localized,Medium,,yes,/assets/og/answers-how-to-make-a-blank-name.png,yes,,n/a,,OG triple completed,
https://ultratextgen.com/ar/answers/ism-mustakhdim-am-ism-zahir/,localized,localized,Medium,,yes,/assets/og/answers-where-do-fancy-fonts-work-username-vs-display-name.png,yes,,n/a,,OG triple completed,
https://ultratextgen.com/ar/answers/sabab-rafd-ism-allaeba/,localized,localized,Medium,,yes,/assets/og/answers-why-was-my-game-name-rejected.png,yes,,n/a,,OG triple completed,
https://ultratextgen.com/ar/answers/zuhoor-alism-murabbaat/,localized,localized,Medium,,yes,/assets/og/answers-why-is-my-name-showing-as-boxes.png,yes,,n/a,,OG triple completed,
https://ultratextgen.com/ar/guide/amaken-khutut-discord/,localized,localized,Medium,,yes,/assets/og/ar-guide-amaken-khutut-discord.png,yes,,n/a,,OG triple completed,
https://ultratextgen.com/ar/guide/,localized,localized,Medium,,yes,/assets/og/ar-guide.png,yes,,n/a,,OG triple completed,
https://ultratextgen.com/ar/guide/ism-discord-amin/,localized,localized,Medium,,yes,/assets/og/ar-guide-ism-discord-amin.png,yes,,n/a,,OG triple completed,
https://ultratextgen.com/ar/guide/tanseeq-nusus-discord/,localized,localized,Medium,,yes,/assets/og/ar-guide-tanseeq-nusus-discord.png,yes,,n/a,,OG triple completed,
https://ultratextgen.com/ar/,localized,localized,Medium,,yes,/assets/og/ar.png,yes,/assets/hero/ar.svg,yes,,OG triple completed; hero set decorative,
https://ultratextgen.com/ar/khat-snapchat/,localized,localized,Medium,,yes,/assets/og/ar-khat-snapchat.png,yes,/assets/hero/ar-khat-snapchat.svg,yes,,OG triple completed; hero set decorative,
https://ultratextgen.com/ar/library/animal-emojis/,localized,localized,Medium,,yes,/assets/og/ar-library-animal-emojis.png,yes,/assets/hero/ar-library-animal-emojis.svg,yes,,OG triple completed; hero set decorative,
https://ultratextgen.com/ar/library/arrow-symbols/,localized,localized,Medium,,yes,/assets/og/ar-library-arrow-symbols.png,yes,/assets/hero/ar-library-arrow-symbols.svg,yes,,OG triple completed; hero set decorative,
https://ultratextgen.com/ar/library/bracket-symbols/,localized,localized,Medium,,yes,/assets/og/ar-library-bracket-symbols.png,yes,/assets/hero/ar-library-bracket-symbols.svg,yes,,OG triple completed; hero set decorative,
https://ultratextgen.com/ar/library/bullet-point-symbols/,localized,localized,Medium,,yes,/assets/og/ar-library-bullet-point-symbols.png,yes,/assets/hero/ar-library-bullet-point-symbols.svg,yes,,OG triple completed; hero set decorative,
https://ultratextgen.com/ar/library/cross-x-symbols/,localized,localized,Medium,,yes,/assets/og/ar-library-cross-x-symbols.png,yes,/assets/hero/ar-library-cross-x-symbols.svg,yes,,OG triple completed; hero set decorative,
https://ultratextgen.com/ar/library/crown-royalty-symbols/,localized,localized,Medium,,yes,/assets/og/ar-library-crown-royalty-symbols.png,yes,/assets/hero/ar-library-crown-royalty-symbols.svg,yes,,OG triple completed; hero set decorative,
https://ultratextgen.com/ar/library/currency-symbols/,localized,localized,Medium,,yes,/assets/og/ar-library-currency-symbols.png,yes,/assets/hero/ar-library-currency-symbols.svg,yes,,OG triple completed; hero set decorative,
https://ultratextgen.com/ar/library/discord-symbols/,localized,localized,Medium,,yes,/assets/og/ar-library-discord-symbols.png,yes,/assets/hero/ar-library-discord-symbols.svg,yes,,OG triple completed; hero set decorative,
https://ultratextgen.com/ar/library/emoji-combos/,localized,localized,Medium,,yes,/assets/og/ar-library-emoji-combos.png,yes,/assets/hero/ar-library-emoji-combos.svg,yes,,OG triple completed; hero set decorative,
https://ultratextgen.com/ar/library/emoji-flags/,localized,localized,Medium,,yes,/assets/og/ar-library-emoji-flags.png,yes,/assets/hero/ar-library-emoji-flags.svg,yes,,OG triple completed; hero set decorative,
https://ultratextgen.com/ar/library/facebook-symbols/,localized,localized,Medium,,yes,/assets/og/ar-library-facebook-symbols.png,yes,/assets/hero/ar-library-facebook-symbols.svg,yes,,OG triple completed; hero set decorative,
https://ultratextgen.com/ar/library/flower-symbols/,localized,localized,Medium,,yes,/assets/og/ar-library-flower-symbols.png,yes,/assets/hero/ar-library-flower-symbols.svg,yes,,OG triple completed; hero set decorative,
https://ultratextgen.com/ar/library/fraction-symbols/,localized,localized,Medium,,yes,/assets/og/ar-library-fraction-symbols.png,yes,/assets/hero/ar-library-fraction-symbols.svg,yes,,OG triple completed; hero set decorative,
https://ultratextgen.com/ar/library/greek-letter-symbols/,localized,localized,Medium,,yes,/assets/og/ar-library-greek-letter-symbols.png,yes,/assets/hero/ar-library-greek-letter-symbols.svg,yes,,OG triple completed; hero set decorative,
https://ultratextgen.com/ar/library/heart-symbols/,localized,localized,Medium,,yes,/assets/og/ar-library-heart-symbols.png,yes,/assets/hero/ar-library-heart-symbols.svg,yes,,OG triple completed; hero set decorative,
https://ultratextgen.com/ar/library/,localized,localized,Medium,,yes,/assets/og/ar-library.png,yes,/assets/hero/ar-library.svg,yes,,OG triple completed; hero set decorative,
https://ultratextgen.com/ar/library/islamic-symbols/,localized,localized,Medium,,yes,/assets/og/ar-library-islamic-symbols.png,yes,/assets/hero/ar-library-islamic-symbols.svg,yes,,OG triple completed; hero set decorative,
https://ultratextgen.com/ar/library/japanese-symbols/,localized,localized,Medium,,yes,/assets/og/ar-library-japanese-symbols.png,yes,/assets/hero/ar-library-japanese-symbols.svg,yes,,OG triple completed; hero set decorative,
https://ultratextgen.com/ar/library/kaomoji/,localized,localized,Medium,,yes,/assets/og/ar-library-kaomoji.png,yes,/assets/hero/ar-library-kaomoji.svg,yes,,OG triple completed; hero set decorative,
https://ultratextgen.com/ar/library/math-symbols/,localized,localized,Medium,,yes,/assets/og/ar-library-math-symbols.png,yes,/assets/hero/ar-library-math-symbols.svg,yes,,OG triple completed; hero set decorative,
https://ultratextgen.com/ar/library/music-symbols/,localized,localized,Medium,,yes,/assets/og/ar-library-music-symbols.png,yes,/assets/hero/ar-library-music-symbols.svg,yes,,OG triple completed; hero set decorative,
https://ultratextgen.com/ar/library/number-symbols/,localized,localized,Medium,,yes,/assets/og/ar-library-number-symbols.png,yes,/assets/hero/ar-library-number-symbols.svg,yes,,OG triple completed; hero set decorative,
https://ultratextgen.com/ar/library/religious-symbols/,localized,localized,Medium,,yes,/assets/og/ar-library-religious-symbols.png,yes,/assets/hero/ar-library-religious-symbols.svg,yes,,OG triple completed; hero set decorative,
https://ultratextgen.com/ar/library/roblox-symbols/,localized,localized,Medium,,yes,/assets/og/ar-library-roblox-symbols.png,yes,/assets/hero/ar-library-roblox-symbols.svg,yes,,OG triple completed; hero set decorative,
https://ultratextgen.com/ar/library/special-characters/,localized,localized,Medium,,yes,/assets/og/ar-library-special-characters.png,yes,/assets/hero/ar-library-special-characters.svg,yes,,OG triple completed; hero set decorative,
https://ultratextgen.com/ar/library/star-symbols/,localized,localized,Medium,,yes,/assets/og/ar-library-star-symbols.png,yes,/assets/hero/ar-library-star-symbols.svg,yes,,OG triple completed; hero set decorative,
https://ultratextgen.com/ar/library/vertical-line-symbols/,localized,localized,Medium,,yes,/assets/og/ar-library-vertical-line-symbols.png,yes,/assets/hero/ar-library-vertical-line-symbols.svg,yes,,OG triple completed; hero set decorative,
https://ultratextgen.com/ar/symbol/degree-symbol/,localized,localized,Medium,,yes,/assets/og/ar-symbol-degree-symbol.png,yes,,n/a,,OG present,
https://ultratextgen.com/ar/symbol/division-sign/,localized,localized,Medium,,yes,/assets/og/ar-symbol-division-sign.png,yes,,n/a,,OG present,
https://ultratextgen.com/ar/symbol/,localized,localized,Medium,,yes,/assets/og/ar-symbol.png,yes,,n/a,,OG present,
https://ultratextgen.com/ar/symbol/infinity/,localized,localized,Medium,,yes,/assets/og/ar-symbol-infinity.png,yes,,n/a,,OG present,
https://ultratextgen.com/ar/symbol/multiplication-sign/,localized,localized,Medium,,yes,/assets/og/ar-symbol-multiplication-sign.png,yes,,n/a,,OG present,
https://ultratextgen.com/ar/symbol/square-root/,localized,localized,Medium,,yes,/assets/og/ar-symbol-square-root.png,yes,,n/a,,OG present,
https://ultratextgen.com/ar/symbol/squared-cubed/,localized,localized,Medium,,yes,/assets/og/ar-symbol-squared-cubed.png,yes,,n/a,,OG present,
https://ultratextgen.com/ar/usecase/asmaa-free-fire/,localized,localized,Medium,,yes,/assets/og/ar-usecase-asmaa-free-fire.png,yes,/assets/hero/ar-usecase-asmaa-free-fire.svg,yes,,OG triple completed; hero set decorative,
https://ultratextgen.com/ar/usecase/asmaa-mobile-legends/,localized,localized,Medium,,yes,/assets/og/ar-usecase-asmaa-mobile-legends.png,yes,/assets/hero/ar-usecase-asmaa-mobile-legends.svg,yes,,OG triple completed; hero set decorative,
https://ultratextgen.com/ar/usecase/asmaa-pubg/,localized,localized,Medium,,yes,/assets/og/ar-usecase-asmaa-pubg.png,yes,/assets/hero/ar-usecase-asmaa-pubg.svg,yes,,OG triple completed; hero set decorative,
https://ultratextgen.com/ar/usecase/khat-bio/,localized,localized,Medium,,yes,/assets/og/ar-usecase-khat-bio.png,yes,/assets/hero/ar-usecase-khat-bio.svg,yes,,OG triple completed; hero set decorative,
https://ultratextgen.com/ar/usecase/mutarjim-emoji/,localized,localized,Medium,,yes,/assets/og/ar-usecase-mutarjim-emoji.png,yes,/assets/hero/ar-usecase-mutarjim-emoji.svg,yes,,OG triple completed; hero set decorative,
https://ultratextgen.com/ar/usecase/vertical-text/,localized,localized,Medium,,yes,/assets/og/ar-usecase-vertical-text.png,yes,/assets/hero/ar-usecase-vertical-text.svg,yes,,OG triple completed; hero set decorative,
https://ultratextgen.com/ar/zakhrafa/,localized,localized,Medium,,yes,/assets/og/ar-zakhrafa.png,yes,/assets/hero/ar-zakhrafa.svg,yes,,OG triple completed; hero set decorative,
https://ultratextgen.com/bs/fontovi-za-discord/,localized,localized,Medium,,yes,/assets/og/bs-fontovi-za-discord.png,yes,/assets/hero/bs-fontovi-za-discord.svg,yes,,OG triple completed; hero set decorative,
https://ultratextgen.com/bs/fontovi-za-instagram/,localized,localized,Medium,,yes,/assets/og/bs-fontovi-za-instagram.png,yes,/assets/hero/bs-fontovi-za-instagram.svg,yes,,OG triple completed; hero set decorative,
https://ultratextgen.com/bs/goticka-slova/,localized,localized,Medium,,yes,/assets/og/bs-goticka-slova.png,yes,/assets/hero/bs-goticka-slova.svg,yes,,OG triple completed; hero set decorative,
https://ultratextgen.com/bs/guide/gdje-rade-fontovi-na-discordu/,localized,localized,Medium,,yes,/assets/og/bs-guide-gdje-rade-fontovi-na-discordu.png,yes,,n/a,,OG triple completed,
https://ultratextgen.com/bs/guide/,localized,localized,Medium,,yes,/assets/og/bs-guide.png,yes,,n/a,,OG triple completed,
https://ultratextgen.com/bs/guide/oblikovanje-teksta-na-discordu/,localized,localized,Medium,,yes,/assets/og/bs-guide-oblikovanje-teksta-na-discordu.png,yes,,n/a,,OG triple completed,
https://ultratextgen.com/bs/guide/siguran-nadimak-na-discordu/,localized,localized,Medium,,yes,/assets/og/bs-guide-siguran-nadimak-na-discordu.png,yes,,n/a,,OG triple completed,
https://ultratextgen.com/bs/,localized,localized,Medium,,yes,/assets/og/bs.png,yes,/assets/hero/bs.svg,yes,,OG triple completed; hero set decorative,
https://ultratextgen.com/bs/kurziv/,localized,localized,Medium,,yes,/assets/og/bs-kurziv.png,yes,/assets/hero/bs-kurziv.svg,yes,,OG triple completed; hero set decorative,
https://ultratextgen.com/bs/mala-slova/,localized,localized,Medium,,yes,/assets/og/bs-mala-slova.png,yes,/assets/hero/bs-mala-slova.svg,yes,,OG triple completed; hero set decorative,
https://ultratextgen.com/bs/podebljana-slova/,localized,localized,Medium,,yes,/assets/og/bs-podebljana-slova.png,yes,/assets/hero/bs-podebljana-slova.svg,yes,,OG triple completed; hero set decorative,
https://ultratextgen.com/category/aesthetic-fonts/,category,category,Medium,,yes,/assets/og/category-aesthetic-fonts.png,yes,/assets/hero/category-aesthetic-fonts.svg,yes,,OG triple completed; hero set decorative,
https://ultratextgen.com/category/ancient-fonts/,category,category,Medium,,yes,/assets/og/category-ancient-fonts.png,yes,/assets/hero/category-ancient-fonts.svg,yes,,OG triple completed; hero set decorative,
https://ultratextgen.com/category/bold-fonts/bold-italic/,category,category,Medium,,yes,/assets/og/category-bold-fonts-bold-italic.png,yes,/assets/hero/category-bold-fonts-bold-italic.svg,yes,,OG triple completed; hero set decorative,
https://ultratextgen.com/category/bold-fonts/,category,category,Medium,,yes,/assets/og/category-bold-fonts.png,yes,/assets/hero/category-bold-fonts.svg,yes,,OG triple completed; hero set decorative,
https://ultratextgen.com/category/bubble-fonts/circle/,category,category,Medium,,yes,/assets/og/category-bubble-fonts-circle.png,yes,/assets/hero/category-bubble-fonts-circle.svg,yes,,OG triple completed; hero set decorative,
https://ultratextgen.com/category/bubble-fonts/,category,category,Medium,,yes,/assets/og/category-bubble-fonts.png,yes,/assets/hero/category-bubble-fonts.svg,yes,,OG triple completed; hero set decorative,
https://ultratextgen.com/category/case-converter/,category,category,Medium,,yes,/assets/og/category-case-converter.png,yes,,n/a,,OG triple completed,
https://ultratextgen.com/category/classified/,category,category,Medium,,yes,/assets/og/category-classified.png,yes,/assets/hero/category-classified.svg,yes,,OG triple completed; hero set decorative,
https://ultratextgen.com/category/cursive-fonts/,category,category,Medium,,yes,/assets/og/category-cursive-fonts.png,yes,/assets/hero/category-cursive-fonts.svg,yes,,OG triple completed; hero set decorative,
https://ultratextgen.com/category/cute-fonts/,category,category,Medium,,yes,/assets/og/category-cute-fonts.png,yes,/assets/hero/category-cute-fonts.svg,yes,,OG triple completed; hero set decorative,
https://ultratextgen.com/category/emoji-letter-fonts/,category,category,Medium,,yes,/assets/og/category-emoji-letter-fonts.png,yes,/assets/hero/category-emoji-letter-fonts.svg,yes,,OG triple completed; hero set decorative,
https://ultratextgen.com/category/faux-fonts/,category,category,Medium,,yes,/assets/og/category-faux-fonts.png,yes,/assets/hero/category-faux-fonts.svg,yes,,OG triple completed; hero set decorative,
https://ultratextgen.com/category/fullwidth-fonts/,category,category,Medium,,yes,/assets/og/category-fullwidth-fonts.png,yes,/assets/hero/category-fullwidth-fonts.svg,yes,,OG triple completed; hero set decorative,
https://ultratextgen.com/category/gothic-fonts/,category,category,Medium,,yes,/assets/og/category-gothic-fonts.png,yes,/assets/hero/category-gothic-fonts.svg,yes,,OG triple completed; hero set decorative,
https://ultratextgen.com/category/,category,category,Medium,,yes,/assets/og/category.png,yes,/assets/hero/category.svg,yes,,OG triple completed; hero set decorative,
https://ultratextgen.com/category/italic-fonts/,category,category,Medium,,yes,/assets/og/category-italic-fonts.png,yes,/assets/hero/category-italic-fonts.svg,yes,,OG triple completed; hero set decorative,
https://ultratextgen.com/category/novelty-fonts/,category,category,Medium,,yes,/assets/og/category-novelty-fonts.png,yes,/assets/hero/category-novelty-fonts.svg,yes,,OG triple completed; hero set decorative,
https://ultratextgen.com/category/old-english-fonts/,category,category,Medium,,yes,/assets/og/category-gothic-fonts.png,yes,/assets/hero/category-gothic-fonts.svg,yes,,OG triple completed; hero set decorative,
https://ultratextgen.com/category/small-caps/,category,category,Medium,,yes,/assets/og/category-small-caps.png,yes,/assets/hero/category-small-caps.svg,yes,,OG triple completed; hero set decorative,
https://ultratextgen.com/category/small-text/,category,category,Medium,,yes,/assets/og/category-small-text.png,yes,/assets/hero/category-small-text.svg,yes,,OG triple completed; hero set decorative,
https://ultratextgen.com/category/strikethrough-text/,category,category,Medium,,yes,/assets/og/category-strikethrough-text.png,yes,/assets/hero/category-strikethrough-text.svg,yes,,OG triple completed; hero set decorative,
https://ultratextgen.com/category/subscript/,category,category,Medium,,yes,/assets/og/category-subscript.png,yes,/assets/hero/category-subscript.svg,yes,,OG triple completed; hero set decorative,
https://ultratextgen.com/category/superscript/,category,category,Medium,,yes,/assets/og/category-superscript.png,yes,/assets/hero/category-superscript.svg,yes,,OG triple completed; hero set decorative,
https://ultratextgen.com/category/text-decorator/,category,category,Medium,,yes,/assets/og/category-text-decorator.png,yes,/assets/hero/category-text-decorator.svg,yes,,OG triple completed; hero set decorative,
https://ultratextgen.com/category/underline-text/,category,category,Medium,,yes,/assets/og/category-underline-text.png,yes,/assets/hero/category-underline-text.svg,yes,,OG triple completed; hero set decorative,
https://ultratextgen.com/category/upside-down-text/,category,category,Medium,,yes,/assets/og/category-upside-down-text.png,yes,/assets/hero/category-upside-down-text.svg,yes,,OG triple completed; hero set decorative,
https://ultratextgen.com/cs/generator-prezdivek/,localized,localized,Medium,,yes,/assets/og/cs-generator-prezdivek.png,yes,,n/a,,OG triple completed,
https://ultratextgen.com/cs/goticke-pismo/,localized,localized,Medium,,yes,/assets/og/cs-goticke-pismo.png,yes,/assets/hero/cs-goticke-pismo.svg,yes,,OG triple completed; hero set decorative,
https://ultratextgen.com/cs/guide/bezpecny-nick-na-discordu/,localized,localized,Medium,,yes,/assets/og/cs-guide-bezpecny-nick-na-discordu.png,yes,,n/a,,OG triple completed,
https://ultratextgen.com/cs/guide/formatovani-textu-na-discordu/,localized,localized,Medium,,yes,/assets/og/cs-guide-formatovani-textu-na-discordu.png,yes,,n/a,,OG triple completed,
https://ultratextgen.com/cs/guide/,localized,localized,Medium,,yes,/assets/og/cs-guide.png,yes,,n/a,,OG triple completed,
https://ultratextgen.com/cs/guide/kde-funguje-pismo-na-discordu/,localized,localized,Medium,,yes,/assets/og/cs-guide-kde-funguje-pismo-na-discordu.png,yes,,n/a,,OG triple completed,
https://ultratextgen.com/cs/,localized,localized,Medium,,yes,/assets/og/cs.png,yes,/assets/hero/cs.svg,yes,,OG triple completed; hero set decorative,
https://ultratextgen.com/cs/kurziva/,localized,localized,Medium,,yes,/assets/og/cs-kurziva.png,yes,/assets/hero/cs-kurziva.svg,yes,,OG triple completed; hero set decorative,
https://ultratextgen.com/cs/male-pismo/,localized,localized,Medium,,yes,/assets/og/cs-male-pismo.png,yes,/assets/hero/cs-male-pismo.svg,yes,,OG triple completed; hero set decorative,
https://ultratextgen.com/cs/pismo-pro-discord/,localized,localized,Medium,,yes,/assets/og/cs-pismo-pro-discord.png,yes,/assets/hero/cs-pismo-pro-discord.svg,yes,,OG triple completed; hero set decorative,
https://ultratextgen.com/cs/pismo-pro-instagram/,localized,localized,Medium,,yes,/assets/og/cs-pismo-pro-instagram.png,yes,/assets/hero/cs-pismo-pro-instagram.svg,yes,,OG triple completed; hero set decorative,
https://ultratextgen.com/cs/specialni-znaky/,localized,localized,Medium,,yes,/assets/og/cs-specialni-znaky.png,yes,,n/a,,OG triple completed,
https://ultratextgen.com/cs/tucne-pismo/,localized,localized,Medium,,yes,/assets/og/cs-tucne-pismo.png,yes,/assets/hero/cs-tucne-pismo.svg,yes,,OG triple completed; hero set decorative,
https://ultratextgen.com/cs/usecase/pismo-pro-bio/,localized,localized,Medium,,yes,/assets/og/cs-usecase-pismo-pro-bio.png,yes,/assets/hero/cs-usecase-pismo-pro-bio.svg,yes,,OG triple completed; hero set decorative,
https://ultratextgen.com/da/guide/discord-tekstformatering-forklaret/,localized,localized,Medium,,yes,/assets/og/da-guide-discord-tekstformatering-forklaret.png,yes,,n/a,,OG triple completed,
https://ultratextgen.com/da/guide/hvor-virker-skrifttyper-i-discord/,localized,localized,Medium,,yes,/assets/og/da-guide-hvor-virker-skrifttyper-i-discord.png,yes,,n/a,,OG triple completed,
https://ultratextgen.com/da/guide/,localized,localized,Medium,,yes,/assets/og/da-guide.png,yes,,n/a,,OG triple completed,
https://ultratextgen.com/da/guide/sikkert-discord-navn/,localized,localized,Medium,,yes,/assets/og/da-guide-sikkert-discord-navn.png,yes,,n/a,,OG triple completed,
https://ultratextgen.com/da/,localized,localized,Medium,,yes,/assets/og/fancy-text-generator-preview.png,yes,/assets/hero/fancy-text-generator-preview.svg,yes,,OG triple completed; hero set decorative,Localized OG card with translated copy (see report)
https://ultratextgen.com/da/library/flueben-symboler/,localized,localized,Medium,,yes,/assets/og/library-checkmark-symbols.png,yes,/assets/hero/library-checkmark-symbols.svg,yes,,OG triple completed; hero set decorative,
https://ultratextgen.com/da/library/graeske-bogstaver/,localized,localized,Medium,,yes,/assets/og/library-greek-letter-symbols.png,yes,/assets/hero/library-greek-letter-symbols.svg,yes,,OG triple completed; hero set decorative,
https://ultratextgen.com/da/library/hjerte-symboler/,localized,localized,Medium,,yes,/assets/og/library-heart-symbols.png,yes,/assets/hero/library-heart-symbols.svg,yes,,OG triple completed; hero set decorative,
https://ultratextgen.com/da/library/,localized,localized,Medium,,yes,/assets/og/fancy-text-generator-preview.png,yes,,n/a,,OG triple completed,Localized OG card with translated copy (see report)
https://ultratextgen.com/da/library/matematiske-symboler/,localized,localized,Medium,,yes,/assets/og/library-math-symbols.png,yes,/assets/hero/library-math-symbols.svg,yes,,OG triple completed; hero set decorative,
https://ultratextgen.com/da/library/pil-symboler/,localized,localized,Medium,,yes,/assets/og/library-arrow-symbols.png,yes,/assets/hero/library-arrow-symbols.svg,yes,,OG triple completed; hero set decorative,
https://ultratextgen.com/da/library/valuta-symboler/,localized,localized,Medium,,yes,/assets/og/library-currency-symbols.png,yes,/assets/hero/library-currency-symbols.svg,yes,,OG triple completed; hero set decorative,
https://ultratextgen.com/da/symbol/gradtegn/,localized,localized,Medium,,yes,/assets/og/da-symbol-gradtegn.png,yes,,n/a,,OG present,
https://ultratextgen.com/da/symbol/,localized,localized,Medium,,yes,/assets/og/da-symbol.png,yes,,n/a,,OG present,
https://ultratextgen.com/da/symbol/kvadratrodstegn/,localized,localized,Medium,,yes,/assets/og/da-symbol-kvadratrodstegn.png,yes,,n/a,,OG present,
https://ultratextgen.com/de/aesthetic-schrift/,localized,localized,Medium,,yes,/assets/og/de-aesthetic-schrift.png,yes,/assets/hero/de-aesthetic-schrift.svg,yes,,OG triple completed; hero set decorative,
https://ultratextgen.com/de/category/,localized,localized,Medium,,yes,/assets/og/de-category.png,yes,/assets/hero/de-category.svg,yes,,OG triple completed; hero set decorative,
https://ultratextgen.com/de/discord-schriftart/,localized,localized,Medium,,yes,/assets/og/de-discord-schriftart.png,yes,/assets/hero/de-discord-schriftart.svg,yes,,OG triple completed; hero set decorative,
https://ultratextgen.com/de/durchgestrichener-text/,localized,localized,Medium,,yes,/assets/og/de-durchgestrichener-text.png,yes,/assets/hero/de-durchgestrichener-text.svg,yes,,OG triple completed; hero set decorative,
https://ultratextgen.com/de/emoji-kombinationen/,localized,localized,Medium,,yes,/assets/og/de-emoji-kombinationen.png,yes,/assets/hero/de-emoji-kombinationen.svg,yes,,OG triple completed; hero set decorative,
https://ultratextgen.com/de/fette-schrift/,localized,localized,Medium,,yes,/assets/og/de-fette-schrift.png,yes,/assets/hero/de-fette-schrift.svg,yes,,OG triple completed; hero set decorative,
https://ultratextgen.com/de/gotische-schrift/,localized,localized,Medium,,yes,/assets/og/de-gotische-schrift.png,yes,/assets/hero/de-gotische-schrift.svg,yes,,OG triple completed; hero set decorative,
https://ultratextgen.com/de/gross-und-kleinschreibung/,localized,localized,Medium,,yes,/assets/og/de-gross-und-kleinschreibung.png,yes,,n/a,,OG triple completed,
https://ultratextgen.com/de/guide/discord-namen-sicher-gestalten/,localized,localized,Medium,,yes,/assets/og/de-guide-discord-namen-sicher-gestalten.png,yes,,n/a,,OG triple completed,
https://ultratextgen.com/de/guide/discord-textformatierung-erklaert/,localized,localized,Medium,,yes,/assets/og/de-guide-discord-textformatierung-erklaert.png,yes,,n/a,,OG triple completed,
https://ultratextgen.com/de/guide/,localized,localized,Medium,,yes,/assets/og/de-guide.png,yes,,n/a,,OG triple completed,
https://ultratextgen.com/de/guide/wo-funktionieren-schriftarten-in-discord/,localized,localized,Medium,,yes,/assets/og/de-guide-wo-funktionieren-schriftarten-in-discord.png,yes,,n/a,,OG triple completed,
https://ultratextgen.com/de/hochgestellt/,localized,localized,Medium,,yes,/assets/og/de-hochgestellt.png,yes,/assets/hero/de-hochgestellt.svg,yes,,OG triple completed; hero set decorative,
https://ultratextgen.com/de/,localized,localized,Medium,,yes,/assets/og/de.png,yes,/assets/hero/de.svg,yes,,OG triple completed; hero set decorative,
https://ultratextgen.com/de/kleine-schrift/,localized,localized,Medium,,yes,/assets/og/de-kleine-schrift.png,yes,/assets/hero/de-kleine-schrift.svg,yes,,OG triple completed; hero set decorative,
https://ultratextgen.com/de/kopfueber-text/,localized,localized,Medium,,yes,/assets/og/de-kopfueber-text.png,yes,/assets/hero/de-kopfueber-text.svg,yes,,OG triple completed; hero set decorative,
https://ultratextgen.com/de/kursive-schrift/,localized,localized,Medium,,yes,/assets/og/de-kursive-schrift.png,yes,/assets/hero/de-kursive-schrift.svg,yes,,OG triple completed; hero set decorative,
https://ultratextgen.com/de/library/aesthetische-symbole/,localized,localized,Medium,,yes,/assets/og/de-library-aesthetische-symbole.png,yes,/assets/hero/de-library-aesthetische-symbole.svg,yes,,OG triple completed; hero set decorative,
https://ultratextgen.com/de/library/akzente-diakritische-zeichen/,localized,localized,Medium,,yes,/assets/og/de-library-akzente-diakritische-zeichen.png,yes,/assets/hero/de-library-akzente-diakritische-zeichen.svg,yes,,OG present; hero set decorative,
https://ultratextgen.com/de/library/alt-codes/,localized,localized,Medium,,yes,/assets/og/de-library-alt-codes.png,yes,/assets/hero/de-library-alt-codes.svg,yes,,OG triple completed; hero set decorative,
https://ultratextgen.com/de/library/ascii-tabelle/,localized,localized,Medium,,yes,/assets/og/de-library-ascii-tabelle.png,yes,/assets/hero/de-library-ascii-tabelle.svg,yes,,OG present; hero set decorative,
https://ultratextgen.com/de/library/aufzaehlungszeichen/,localized,localized,Medium,,yes,/assets/og/de-library-aufzaehlungszeichen.png,yes,/assets/hero/de-library-aufzaehlungszeichen.svg,yes,,OG triple completed; hero set decorative,
https://ultratextgen.com/de/library/blumen-symbole/,localized,localized,Medium,,yes,/assets/og/de-library-blumen-symbole.png,yes,,n/a,,OG present,
https://ultratextgen.com/de/library/braille-symbole/,localized,localized,Medium,,yes,/assets/og/de-library-braille-symbole.png,yes,/assets/hero/de-library-braille-symbole.svg,yes,,OG present; hero set decorative,
https://ultratextgen.com/de/library/cat-kaomoji/,localized,localized,Medium,,yes,/assets/og/de-library-cat-kaomoji.png,yes,/assets/hero/de-library-cat-kaomoji.svg,yes,,OG present; hero set decorative,
https://ultratextgen.com/de/library/copyright-marken-symbole/,localized,localized,Medium,,yes,/assets/og/de-library-copyright-marken-symbole.png,yes,/assets/hero/de-library-copyright-marken-symbole.svg,yes,,OG present; hero set decorative,
https://ultratextgen.com/de/library/cute-kaomoji/,localized,localized,Medium,,yes,/assets/og/de-library-cute-kaomoji.png,yes,/assets/hero/de-library-cute-kaomoji.svg,yes,,OG present; hero set decorative,
https://ultratextgen.com/de/library/discord-symbole/,localized,localized,Medium,,yes,/assets/og/de-library-discord-symbole.png,yes,/assets/hero/de-library-discord-symbole.svg,yes,,OG triple completed; hero set decorative,
https://ultratextgen.com/de/library/emoji-flags/,localized,localized,Medium,,yes,/assets/og/de-library-emoji-flags.png,yes,/assets/hero/de-library-emoji-flags.svg,yes,,OG triple completed; hero set decorative,
https://ultratextgen.com/de/library/facebook-symbole/,localized,localized,Medium,,yes,/assets/og/de-library-facebook-symbole.png,yes,/assets/hero/de-library-facebook-symbole.svg,yes,,OG triple completed; hero set decorative,
https://ultratextgen.com/de/library/geld-emojis/,localized,localized,Medium,,yes,/assets/og/de-library-geld-emojis.png,yes,,n/a,,OG present,
https://ultratextgen.com/de/library/geschlechter-symbole/,localized,localized,Medium,,yes,/assets/og/de-library-geschlechter-symbole.png,yes,,n/a,,OG present,
https://ultratextgen.com/de/library/griechische-symbole/,localized,localized,Medium,,yes,/assets/og/de-library-griechische-symbole.png,yes,,n/a,,OG present,
https://ultratextgen.com/de/library/haekchen-symbole/,localized,localized,Medium,,yes,/assets/og/de-library-haekchen-symbole.png,yes,/assets/hero/de-library-haekchen-symbole.svg,yes,,OG triple completed; hero set decorative,
https://ultratextgen.com/de/library/herz-symbole/,localized,localized,Medium,,yes,/assets/og/de-library-herz-symbole.png,yes,/assets/hero/de-library-herz-symbole.svg,yes,,OG triple completed; hero set decorative,
https://ultratextgen.com/de/library/,localized,localized,Medium,,yes,/assets/og/de-library.png,yes,,n/a,,OG present,
https://ultratextgen.com/de/library/japanische-symbole/,localized,localized,Medium,,yes,/assets/og/de-library-japanische-symbole.png,yes,,n/a,,OG present,
https://ultratextgen.com/de/library/kaomoji/,localized,localized,Medium,,yes,/assets/og/de-library-kaomoji.png,yes,/assets/hero/de-library-kaomoji.svg,yes,,OG triple completed; hero set decorative,
https://ultratextgen.com/de/library/klammer-symbole/,localized,localized,Medium,,yes,/assets/og/de-library-klammer-symbole.png,yes,/assets/hero/de-library-klammer-symbole.svg,yes,,OG present; hero set decorative,
https://ultratextgen.com/de/library/kreuz-x-symbole/,localized,localized,Medium,,yes,/assets/og/de-library-kreuz-x-symbole.png,yes,/assets/hero/de-library-kreuz-x-symbole.svg,yes,,OG triple completed; hero set decorative,
https://ultratextgen.com/de/library/lenny-face/,localized,localized,Medium,,yes,/assets/og/de-library-lenny-face.png,yes,,n/a,,OG present,
https://ultratextgen.com/de/library/love-kaomoji/,localized,localized,Medium,,yes,/assets/og/de-library-love-kaomoji.png,yes,/assets/hero/de-library-love-kaomoji.svg,yes,,OG present; hero set decorative,
https://ultratextgen.com/de/library/mathe-symbole/,localized,localized,Medium,,yes,/assets/og/de-library-mathe-symbole.png,yes,/assets/hero/de-library-mathe-symbole.svg,yes,,OG triple completed; hero set decorative,
https://ultratextgen.com/de/library/musik-symbole/,localized,localized,Medium,,yes,/assets/og/de-library-musik-symbole.png,yes,/assets/hero/de-library-musik-symbole.svg,yes,,OG triple completed; hero set decorative,
https://ultratextgen.com/de/library/pfeil-symbole/,localized,localized,Medium,,yes,/assets/og/de-library-pfeil-symbole.png,yes,/assets/hero/de-library-pfeil-symbole.svg,yes,,OG triple completed; hero set decorative,
https://ultratextgen.com/de/library/rahmenzeichen/,localized,localized,Medium,,yes,/assets/og/de-library-rahmenzeichen.png,yes,/assets/hero/de-library-rahmenzeichen.svg,yes,,OG present; hero set decorative,
https://ultratextgen.com/de/library/roblox-symbole/,localized,localized,Medium,,yes,/assets/og/de-library-roblox-symbole.png,yes,/assets/hero/de-library-roblox-symbole.svg,yes,,OG triple completed; hero set decorative,
https://ultratextgen.com/de/library/schach-symbole/,localized,localized,Medium,,yes,/assets/og/de-library-schach-symbole.png,yes,/assets/hero/de-library-schach-symbole.svg,yes,,OG present; hero set decorative,
https://ultratextgen.com/de/library/solidaritaetsschleifen/,localized,localized,Medium,,yes,/assets/og/de-library-solidaritaetsschleifen.png,yes,/assets/hero/de-library-solidaritaetsschleifen.svg,yes,,OG present; hero set decorative,
https://ultratextgen.com/de/library/spielkarten-symbole/,localized,localized,Medium,,yes,/assets/og/de-library-spielkarten-symbole.png,yes,/assets/hero/de-library-spielkarten-symbole.svg,yes,,OG present; hero set decorative,
https://ultratextgen.com/de/library/stern-symbole/,localized,localized,Medium,,yes,/assets/og/de-library-stern-symbole.png,yes,/assets/hero/de-library-stern-symbole.svg,yes,,OG triple completed; hero set decorative,
https://ultratextgen.com/de/library/symbole-zum-kopieren/,localized,localized,Medium,,yes,/assets/og/de-library-symbole-zum-kopieren.png,yes,,n/a,,OG present,
https://ultratextgen.com/de/library/waehrungssymbole/,localized,localized,Medium,,yes,/assets/og/de-library-waehrungssymbole.png,yes,/assets/hero/de-library-waehrungssymbole.svg,yes,,OG triple completed; hero set decorative,
https://ultratextgen.com/de/library/weihnachtssymbole/,localized,localized,Medium,,yes,/assets/og/de-library-weihnachtssymbole.png,yes,/assets/hero/de-library-weihnachtssymbole.svg,yes,,OG present; hero set decorative,
https://ultratextgen.com/de/library/y2k-symbole/,localized,localized,Medium,,yes,/assets/og/de-library-y2k-symbole.png,yes,/assets/hero/de-library-y2k-symbole.svg,yes,,OG triple completed; hero set decorative,
https://ultratextgen.com/de/schreibschrift/,localized,localized,Medium,,yes,/assets/og/de-schreibschrift.png,yes,/assets/hero/de-schreibschrift.svg,yes,,OG triple completed; hero set decorative,
https://ultratextgen.com/de/schriftarten-fuer-facebook/,localized,localized,Medium,,yes,/assets/og/de-schriftarten-fuer-facebook.png,yes,/assets/hero/de-schriftarten-fuer-facebook.svg,yes,,OG triple completed; hero set decorative,
https://ultratextgen.com/de/schriftarten-fuer-instagram/,localized,localized,Medium,,yes,/assets/og/de-schriftarten-fuer-instagram.png,yes,/assets/hero/de-schriftarten-fuer-instagram.svg,yes,,OG triple completed; hero set decorative,
https://ultratextgen.com/de/schriftarten-fuer-snapchat/,localized,localized,Medium,,yes,/assets/og/de-schriftarten-fuer-snapchat.png,yes,/assets/hero/de-schriftarten-fuer-snapchat.svg,yes,,OG triple completed; hero set decorative,
https://ultratextgen.com/de/schriftarten-fuer-telegram/,localized,localized,Medium,,yes,/assets/og/de-schriftarten-fuer-telegram.png,yes,/assets/hero/de-schriftarten-fuer-telegram.svg,yes,,OG triple completed; hero set decorative,
https://ultratextgen.com/de/schriftarten-fuer-tiktok/,localized,localized,Medium,,yes,/assets/og/de-schriftarten-fuer-tiktok.png,yes,/assets/hero/de-schriftarten-fuer-tiktok.svg,yes,,OG triple completed; hero set decorative,
https://ultratextgen.com/de/schriftarten-fuer-whatsapp/,localized,localized,Medium,,yes,/assets/og/de-schriftarten-fuer-whatsapp.png,yes,/assets/hero/de-schriftarten-fuer-whatsapp.svg,yes,,OG triple completed; hero set decorative,
https://ultratextgen.com/de/symbol/absatzzeichen/,localized,localized,Medium,,yes,/assets/og/de-symbol-absatzzeichen.png,yes,,n/a,,OG present,
https://ultratextgen.com/de/symbol/alpha-symbol/,localized,localized,Medium,,yes,/assets/og/de-symbol-alpha-symbol.png,yes,,n/a,,OG present,
https://ultratextgen.com/de/symbol/anarchie-symbol/,localized,localized,Medium,,yes,/assets/og/de-symbol-anarchie-symbol.png,yes,,n/a,,OG present,
https://ultratextgen.com/de/symbol/anfuehrungszeichen/,localized,localized,Medium,,yes,/assets/og/de-symbol-anfuehrungszeichen.png,yes,,n/a,,OG present,
https://ultratextgen.com/de/symbol/ankh-symbol/,localized,localized,Medium,,yes,/assets/og/de-symbol-ankh-symbol.png,yes,,n/a,,OG present,
https://ultratextgen.com/de/symbol/at-zeichen/,localized,localized,Medium,,yes,/assets/og/de-symbol-at-zeichen.png,yes,,n/a,,OG present,
https://ultratextgen.com/de/symbol/autismus-symbol/,localized,localized,Medium,,yes,/assets/og/de-symbol-autismus-symbol.png,yes,,n/a,,OG present,
https://ultratextgen.com/de/symbol/biohazard-symbol/,localized,localized,Medium,,yes,/assets/og/de-symbol-biohazard-symbol.png,yes,,n/a,,OG present,
https://ultratextgen.com/de/symbol/bitcoin-symbol/,localized,localized,Medium,,yes,/assets/og/de-symbol-bitcoin-symbol.png,yes,,n/a,,OG present,
https://ultratextgen.com/de/symbol/celsius-zeichen/,localized,localized,Medium,,yes,/assets/og/de-symbol-celsius-zeichen.png,yes,,n/a,,OG present,
https://ultratextgen.com/de/symbol/cent-zeichen/,localized,localized,Medium,,yes,/assets/og/de-symbol-cent-zeichen.png,yes,,n/a,,OG present,
https://ultratextgen.com/de/symbol/copyright-zeichen/,localized,localized,Medium,,yes,/assets/og/de-symbol-copyright-zeichen.png,yes,,n/a,,OG present,
https://ultratextgen.com/de/symbol/davidstern/,localized,localized,Medium,,yes,/assets/og/de-symbol-davidstern.png,yes,,n/a,,OG present,
https://ultratextgen.com/de/symbol/delta-symbol/,localized,localized,Medium,,yes,/assets/og/de-symbol-delta-symbol.png,yes,,n/a,,OG present,
https://ultratextgen.com/de/symbol/divisionszeichen/,localized,localized,Medium,,yes,/assets/og/de-symbol-divisionszeichen.png,yes,,n/a,,OG present,
https://ultratextgen.com/de/symbol/dollar-zeichen/,localized,localized,Medium,,yes,/assets/og/de-symbol-dollar-zeichen.png,yes,,n/a,,OG present,
https://ultratextgen.com/de/symbol/durchmesserzeichen/,localized,localized,Medium,,yes,/assets/og/de-symbol-durchmesserzeichen.png,yes,,n/a,,OG present,
https://ultratextgen.com/de/symbol/et-zeichen/,localized,localized,Medium,,yes,/assets/og/de-symbol-et-zeichen.png,yes,,n/a,,OG present,
https://ultratextgen.com/de/symbol/euro-zeichen/,localized,localized,Medium,,yes,/assets/og/de-symbol-euro-zeichen.png,yes,,n/a,,OG present,
https://ultratextgen.com/de/symbol/fahrenheit-zeichen/,localized,localized,Medium,,yes,/assets/og/de-symbol-fahrenheit-zeichen.png,yes,,n/a,,OG present,
https://ultratextgen.com/de/symbol/fische-symbol/,localized,localized,Medium,,yes,/assets/og/de-symbol-fische-symbol.png,yes,,n/a,,OG present,
https://ultratextgen.com/de/symbol/fleur-de-lis-symbol/,localized,localized,Medium,,yes,/assets/og/de-symbol-fleur-de-lis-symbol.png,yes,,n/a,,OG present,
https://ultratextgen.com/de/symbol/friedenszeichen/,localized,localized,Medium,,yes,/assets/og/de-symbol-friedenszeichen.png,yes,,n/a,,OG present,
https://ultratextgen.com/de/symbol/geviertstrich/,localized,localized,Medium,,yes,/assets/og/de-symbol-geviertstrich.png,yes,,n/a,,OG present,
https://ultratextgen.com/de/symbol/grad-zeichen/,localized,localized,Medium,,yes,/assets/og/de-symbol-grad-zeichen.png,yes,,n/a,,OG present,
https://ultratextgen.com/de/symbol/haekchen-symbol/,localized,localized,Medium,,yes,/assets/og/de-symbol-haekchen-symbol.png,yes,,n/a,,OG present,
https://ultratextgen.com/de/symbol/hamsa-symbol/,localized,localized,Medium,,yes,/assets/og/de-symbol-hamsa-symbol.png,yes,,n/a,,OG present,
https://ultratextgen.com/de/symbol/herz-symbol/,localized,localized,Medium,,yes,/assets/og/de-symbol-herz-symbol.png,yes,,n/a,,OG present,
https://ultratextgen.com/de/symbol/,localized,localized,Medium,,yes,/assets/og/de-symbol.png,yes,,n/a,,OG present,
https://ultratextgen.com/de/symbol/jungfrau-symbol/,localized,localized,Medium,,yes,/assets/og/de-symbol-jungfrau-symbol.png,yes,,n/a,,OG present,
https://ultratextgen.com/de/symbol/khanda-symbol/,localized,localized,Medium,,yes,/assets/og/de-symbol-khanda-symbol.png,yes,,n/a,,OG present,
https://ultratextgen.com/de/symbol/kleiner-und-groesser-zeichen/,localized,localized,Medium,,yes,/assets/og/de-symbol-kleiner-und-groesser-zeichen.png,yes,,n/a,,OG present,
https://ultratextgen.com/de/symbol/kongruenzzeichen/,localized,localized,Medium,,yes,/assets/og/de-symbol-kongruenzzeichen.png,yes,,n/a,,OG present,
https://ultratextgen.com/de/symbol/krebs-symbol/,localized,localized,Medium,,yes,/assets/og/de-symbol-krebs-symbol.png,yes,,n/a,,OG present,
https://ultratextgen.com/de/symbol/kreuz-symbol/,localized,localized,Medium,,yes,/assets/og/de-symbol-kreuz-symbol.png,yes,,n/a,,OG present,
https://ultratextgen.com/de/symbol/loewe-symbol/,localized,localized,Medium,,yes,/assets/og/de-symbol-loewe-symbol.png,yes,,n/a,,OG present,
https://ultratextgen.com/de/symbol/markenzeichen/,localized,localized,Medium,,yes,/assets/og/de-symbol-markenzeichen.png,yes,,n/a,,OG present,
https://ultratextgen.com/de/symbol/mikrozeichen/,localized,localized,Medium,,yes,/assets/og/de-symbol-mikrozeichen.png,yes,,n/a,,OG present,
https://ultratextgen.com/de/symbol/multiplikationszeichen/,localized,localized,Medium,,yes,/assets/og/de-symbol-multiplikationszeichen.png,yes,,n/a,,OG present,
https://ultratextgen.com/de/symbol/ohm-zeichen/,localized,localized,Medium,,yes,/assets/og/de-symbol-ohm-zeichen.png,yes,,n/a,,OG present,
https://ultratextgen.com/de/symbol/om-symbol/,localized,localized,Medium,,yes,/assets/og/de-symbol-om-symbol.png,yes,,n/a,,OG present,
https://ultratextgen.com/de/symbol/omega-symbol/,localized,localized,Medium,,yes,/assets/og/de-symbol-omega-symbol.png,yes,,n/a,,OG present,
https://ultratextgen.com/de/symbol/orthodoxes-kreuz/,localized,localized,Medium,,yes,/assets/og/de-symbol-orthodoxes-kreuz.png,yes,,n/a,,OG present,
https://ultratextgen.com/de/symbol/paragraphenzeichen/,localized,localized,Medium,,yes,/assets/og/de-symbol-paragraphenzeichen.png,yes,,n/a,,OG present,
https://ultratextgen.com/de/symbol/pentagramm-symbol/,localized,localized,Medium,,yes,/assets/og/de-symbol-pentagramm-symbol.png,yes,,n/a,,OG present,
https://ultratextgen.com/de/symbol/pfeil-nach-links/,localized,localized,Medium,,yes,/assets/og/de-symbol-pfeil-nach-links.png,yes,,n/a,,OG present,
https://ultratextgen.com/de/symbol/pfeil-nach-oben/,localized,localized,Medium,,yes,/assets/og/de-symbol-pfeil-nach-oben.png,yes,,n/a,,OG present,
https://ultratextgen.com/de/symbol/pfeil-nach-rechts/,localized,localized,Medium,,yes,/assets/og/de-symbol-pfeil-nach-rechts.png,yes,,n/a,,OG present,
https://ultratextgen.com/de/symbol/pfeil-nach-unten/,localized,localized,Medium,,yes,/assets/og/de-symbol-pfeil-nach-unten.png,yes,,n/a,,OG present,
https://ultratextgen.com/de/symbol/pfund-zeichen/,localized,localized,Medium,,yes,/assets/og/de-symbol-pfund-zeichen.png,yes,,n/a,,OG present,
https://ultratextgen.com/de/symbol/pi-symbol/,localized,localized,Medium,,yes,/assets/og/de-symbol-pi-symbol.png,yes,,n/a,,OG present,
https://ultratextgen.com/de/symbol/plus-minus-zeichen/,localized,localized,Medium,,yes,/assets/og/de-symbol-plus-minus-zeichen.png,yes,,n/a,,OG present,
https://ultratextgen.com/de/symbol/quadrat-und-kubikzeichen/,localized,localized,Medium,,yes,/assets/og/de-symbol-quadrat-und-kubikzeichen.png,yes,,n/a,,OG present,
https://ultratextgen.com/de/symbol/quadratwurzelzeichen/,localized,localized,Medium,,yes,/assets/og/de-symbol-quadratwurzelzeichen.png,yes,,n/a,,OG present,
https://ultratextgen.com/de/symbol/recycling-symbol/,localized,localized,Medium,,yes,/assets/og/de-symbol-recycling-symbol.png,yes,,n/a,,OG present,
https://ultratextgen.com/de/symbol/rollstuhl-symbol/,localized,localized,Medium,,yes,/assets/og/de-symbol-rollstuhl-symbol.png,yes,,n/a,,OG present,
https://ultratextgen.com/de/symbol/rupien-zeichen/,localized,localized,Medium,,yes,/assets/og/de-symbol-rupien-zeichen.png,yes,,n/a,,OG present,
https://ultratextgen.com/de/symbol/schuetze-symbol/,localized,localized,Medium,,yes,/assets/og/de-symbol-schuetze-symbol.png,yes,,n/a,,OG present,
https://ultratextgen.com/de/symbol/schwarzer-mond-lilith/,localized,localized,Medium,,yes,/assets/og/de-symbol-schwarzer-mond-lilith.png,yes,,n/a,,OG present,
https://ultratextgen.com/de/symbol/senkrechter-strich/,localized,localized,Medium,,yes,/assets/og/de-symbol-senkrechter-strich.png,yes,,n/a,,OG present,
https://ultratextgen.com/de/symbol/sigma-symbol/,localized,localized,Medium,,yes,/assets/og/de-symbol-sigma-symbol.png,yes,,n/a,,OG present,
https://ultratextgen.com/de/symbol/skorpion-symbol/,localized,localized,Medium,,yes,/assets/og/de-symbol-skorpion-symbol.png,yes,,n/a,,OG present,
https://ultratextgen.com/de/symbol/steinbock-symbol/,localized,localized,Medium,,yes,/assets/og/de-symbol-steinbock-symbol.png,yes,,n/a,,OG present,
https://ultratextgen.com/de/symbol/stern-symbol/,localized,localized,Medium,,yes,/assets/og/de-symbol-stern-symbol.png,yes,,n/a,,OG present,
https://ultratextgen.com/de/symbol/stier-symbol/,localized,localized,Medium,,yes,/assets/og/de-symbol-stier-symbol.png,yes,,n/a,,OG present,
https://ultratextgen.com/de/symbol/stopp-symbol/,localized,localized,Medium,,yes,/assets/og/de-symbol-stopp-symbol.png,yes,,n/a,,OG present,
https://ultratextgen.com/de/symbol/umgekehrtes-fragezeichen/,localized,localized,Medium,,yes,/assets/og/de-symbol-umgekehrtes-fragezeichen.png,yes,,n/a,,OG present,
https://ultratextgen.com/de/symbol/unendlichkeitszeichen/,localized,localized,Medium,,yes,/assets/og/de-symbol-unendlichkeitszeichen.png,yes,,n/a,,OG present,
https://ultratextgen.com/de/symbol/ungleichzeichen/,localized,localized,Medium,,yes,/assets/og/de-symbol-ungleichzeichen.png,yes,,n/a,,OG present,
https://ultratextgen.com/de/symbol/unsichtbares-schriftzeichen/,localized,localized,Medium,,yes,/assets/og/de-symbol-unsichtbares-schriftzeichen.png,yes,,n/a,,OG present,
https://ultratextgen.com/de/symbol/waage-symbol/,localized,localized,Medium,,yes,/assets/og/de-symbol-waage-symbol.png,yes,,n/a,,OG present,
https://ultratextgen.com/de/symbol/wassermann-symbol/,localized,localized,Medium,,yes,/assets/og/de-symbol-wassermann-symbol.png,yes,,n/a,,OG present,
https://ultratextgen.com/de/symbol/widder-symbol/,localized,localized,Medium,,yes,/assets/og/de-symbol-widder-symbol.png,yes,,n/a,,OG present,
https://ultratextgen.com/de/symbol/won-zeichen/,localized,localized,Medium,,yes,/assets/og/de-symbol-won-zeichen.png,yes,,n/a,,OG present,
https://ultratextgen.com/de/symbol/wut-symbol/,localized,localized,Medium,,yes,/assets/og/de-symbol-wut-symbol.png,yes,,n/a,,OG present,
https://ultratextgen.com/de/symbol/yen-zeichen/,localized,localized,Medium,,yes,/assets/og/de-symbol-yen-zeichen.png,yes,,n/a,,OG present,
https://ultratextgen.com/de/symbol/yin-yang-symbol/,localized,localized,Medium,,yes,/assets/og/de-symbol-yin-yang-symbol.png,yes,,n/a,,OG present,
https://ultratextgen.com/de/symbol/zwillinge-symbol/,localized,localized,Medium,,yes,/assets/og/de-symbol-zwillinge-symbol.png,yes,,n/a,,OG present,
https://ultratextgen.com/de/tiefgestellt/,localized,localized,Medium,,yes,/assets/og/de-tiefgestellt.png,yes,/assets/hero/de-tiefgestellt.svg,yes,,OG triple completed; hero set decorative,
https://ultratextgen.com/de/unsichtbares-zeichen/,localized,localized,Medium,,yes,/assets/og/de-unsichtbares-zeichen.png,yes,/assets/hero/de-unsichtbares-zeichen.svg,yes,,OG triple completed; hero set decorative,
https://ultratextgen.com/de/usecase/bio-schriftart/,localized,localized,Medium,,yes,/assets/og/de-usecase-bio-schriftart.png,yes,/assets/hero/de-usecase-bio-schriftart.svg,yes,,OG triple completed; hero set decorative,
https://ultratextgen.com/de/usecase/emoji-buchstaben/,localized,localized,Medium,,yes,/assets/og/de-usecase-emoji-buchstaben.png,yes,/assets/hero/de-usecase-emoji-buchstaben.svg,yes,,OG triple completed; hero set decorative,
https://ultratextgen.com/de/usecase/emoji-uebersetzer/,localized,localized,Medium,,yes,/assets/og/de-usecase-emoji-uebersetzer.png,yes,/assets/hero/de-usecase-emoji-uebersetzer.svg,yes,,OG triple completed; hero set decorative,
https://ultratextgen.com/de/usecase/,localized,localized,Medium,,yes,/assets/og/de-usecase.png,yes,/assets/hero/de-usecase.svg,yes,,OG triple completed; hero set decorative,
https://ultratextgen.com/de/usecase/tattoo-schrift/,localized,localized,Medium,,yes,/assets/og/de-usecase-tattoo-schrift.png,yes,/assets/hero/de-usecase-tattoo-schrift.svg,yes,,OG triple completed; hero set decorative,
https://ultratextgen.com/de/usecase/vertical-text/,localized,localized,Medium,,yes,/assets/og/de-usecase-vertical-text.png,yes,/assets/hero/de-usecase-vertical-text.svg,yes,,OG triple completed; hero set decorative,
https://ultratextgen.com/de/usecase/zalgo-text/,localized,localized,Medium,,yes,/assets/og/de-usecase-zalgo-text.png,yes,/assets/hero/de-usecase-zalgo-text.svg,yes,,OG triple completed; hero set decorative,
https://ultratextgen.com/de/woerter-zeichen-zaehlen/,localized,localized,Medium,,yes,/assets/og/de-woerter-zeichen-zaehlen.png,yes,,n/a,,OG triple completed,
https://ultratextgen.com/de/zum-ausdrucken/,localized,localized,Medium,,yes,/assets/og/de-zum-ausdrucken.png,yes,,n/a,,OG triple completed,
https://ultratextgen.com/de/zum-ausdrucken/name-ausmalen/,localized,localized,Medium,,yes,/assets/og/de-zum-ausdrucken-name-ausmalen.png,yes,,n/a,,OG triple completed,
https://ultratextgen.com/de/zum-ausdrucken/namen-schreiben/,localized,localized,Medium,,yes,/assets/og/de-zum-ausdrucken-namen-schreiben.png,yes,,n/a,,OG triple completed,
https://ultratextgen.com/de/zum-ausdrucken/schreibschrift/,localized,localized,Medium,,yes,/assets/og/de-zum-ausdrucken-schreibschrift.png,yes,,n/a,,OG triple completed,
https://ultratextgen.com/de/zum-ausdrucken/schreibuebungen/,localized,localized,Medium,,yes,/assets/og/de-zum-ausdrucken-schreibuebungen.png,yes,,n/a,,OG triple completed,
https://ultratextgen.com/de/zum-ausdrucken/spanisches-alphabet/,localized,localized,Medium,,yes,/assets/og/de-zum-ausdrucken-spanisches-alphabet.png,yes,,n/a,,OG triple completed,
https://ultratextgen.com/es/answers/como-hacer-un-nombre-en-blanco/,localized,localized,Medium,,yes,/assets/og/answers-how-to-make-a-blank-name.png,yes,,n/a,,OG triple completed,
https://ultratextgen.com/es/answers/nombre-de-usuario-o-nombre-en-pantalla/,localized,localized,Medium,,yes,/assets/og/answers-where-do-fancy-fonts-work-username-vs-display-name.png,yes,,n/a,,OG triple completed,
https://ultratextgen.com/es/answers/por-que-mi-nombre-sale-como-cuadros/,localized,localized,Medium,,yes,/assets/og/answers-why-is-my-name-showing-as-boxes.png,yes,,n/a,,OG triple completed,
https://ultratextgen.com/es/answers/por-que-rechazaron-mi-nombre-en-el-juego/,localized,localized,Medium,,yes,/assets/og/answers-why-was-my-game-name-rejected.png,yes,,n/a,,OG triple completed,
https://ultratextgen.com/es/answers/que-escribir-en-halloween/,localized,localized,Medium,,yes,/assets/og/es-answers-que-escribir-en-halloween.png,yes,/assets/hero/es-answers-que-escribir-en-halloween.svg,yes,,OG triple completed; hero set decorative,
https://ultratextgen.com/es/answers/que-escribir-en-una-tarjeta-de-navidad/,localized,localized,Medium,,yes,/assets/og/es-answers-que-escribir-en-una-tarjeta-de-navidad.png,yes,/assets/hero/es-answers-que-escribir-en-una-tarjeta-de-navidad.svg,yes,,OG triple completed; hero set decorative,
https://ultratextgen.com/es/answers/que-escribir-en-una-tarjeta-de-san-valentin/,localized,localized,Medium,,yes,/assets/og/es-answers-que-escribir-en-una-tarjeta-de-san-valentin.png,yes,/assets/hero/es-answers-que-escribir-en-una-tarjeta-de-san-valentin.svg,yes,,OG triple completed; hero set decorative,
https://ultratextgen.com/es/category/,localized,localized,Medium,,yes,/assets/og/es-category.png,yes,/assets/hero/es-category.svg,yes,,OG triple completed; hero set decorative,
https://ultratextgen.com/es/combinaciones-de-emojis/,localized,localized,Medium,,yes,/assets/og/es-combinaciones-de-emojis.png,yes,/assets/hero/es-combinaciones-de-emojis.svg,yes,,OG triple completed; hero set decorative,
https://ultratextgen.com/es/contador-de-palabras-y-caracteres/,localized,localized,Medium,,yes,/assets/og/es-contador-de-palabras-y-caracteres.png,yes,,n/a,,OG triple completed,
https://ultratextgen.com/es/conversor-ascii/,localized,localized,Medium,,yes,/assets/og/es-conversor-ascii.png,yes,/assets/hero/es-conversor-ascii.svg,yes,,OG triple completed; hero set decorative,
https://ultratextgen.com/es/conversor-de-letras/,localized,localized,Medium,,yes,/assets/og/es-conversor-de-letras.png,yes,/assets/hero/es-conversor-de-letras.svg,yes,,OG present; hero set decorative,
https://ultratextgen.com/es/events/halloween/,localized,localized,Medium,,yes,/assets/og/es-events-halloween.png,yes,/assets/hero/es-events-halloween.svg,yes,,OG triple completed; hero set decorative,
https://ultratextgen.com/es/events/navidad/,localized,localized,Medium,,yes,/assets/og/es-events-navidad.png,yes,/assets/hero/es-events-navidad.svg,yes,,OG triple completed; hero set decorative,
https://ultratextgen.com/es/events/san-valentin/,localized,localized,Medium,,yes,/assets/og/es-events-san-valentin.png,yes,/assets/hero/es-events-san-valentin.svg,yes,,OG triple completed; hero set decorative,
https://ultratextgen.com/es/fuentes-de-letras/,localized,localized,Medium,,yes,/assets/og/es-fuentes-de-letras.png,yes,/assets/hero/es-fuentes-de-letras.svg,yes,,OG present; hero set decorative,
https://ultratextgen.com/es/fuentes-para-discord/,localized,localized,Medium,,yes,/assets/og/es-fuentes-para-discord.png,yes,/assets/hero/es-fuentes-para-discord.svg,yes,,OG triple completed; hero set decorative,
https://ultratextgen.com/es/fuentes-para-roblox/,localized,localized,Medium,,yes,/assets/og/es-fuentes-para-roblox.png,yes,/assets/hero/es-fuentes-para-roblox.svg,yes,,OG triple completed; hero set decorative,
https://ultratextgen.com/es/fuentes-para-telegram/,localized,localized,Medium,,yes,/assets/og/es-fuentes-para-telegram.png,yes,/assets/hero/es-fuentes-para-telegram.svg,yes,,OG triple completed; hero set decorative,
https://ultratextgen.com/es/fuentes-para-tiktok/,localized,localized,Medium,,yes,/assets/og/es-fuentes-para-tiktok.png,yes,/assets/hero/es-fuentes-para-tiktok.svg,yes,,OG triple completed; hero set decorative,
https://ultratextgen.com/es/fuentes-para-whatsapp/,localized,localized,Medium,,yes,/assets/og/es-fuentes-para-whatsapp.png,yes,/assets/hero/es-fuentes-para-whatsapp.svg,yes,,OG triple completed; hero set decorative,
https://ultratextgen.com/es/guide/donde-funcionan-las-fuentes-en-discord/,localized,localized,Medium,,yes,/assets/og/es-guide-donde-funcionan-las-fuentes-en-discord.png,yes,,n/a,,OG triple completed,
https://ultratextgen.com/es/guide/formato-texto-discord-explicado/,localized,localized,Medium,,yes,/assets/og/es-guide-formato-texto-discord-explicado.png,yes,,n/a,,OG triple completed,
https://ultratextgen.com/es/guide/,localized,localized,Medium,,yes,/assets/og/es-guide.png,yes,,n/a,,OG triple completed,
https://ultratextgen.com/es/guide/nombre-discord-sin-riesgos/,localized,localized,Medium,,yes,/assets/og/es-guide-nombre-discord-sin-riesgos.png,yes,,n/a,,OG triple completed,
https://ultratextgen.com/es/imprimibles/abecedario-espanol/,localized,localized,Medium,,yes,/assets/og/es-imprimibles-abecedario-espanol.png,yes,,n/a,,OG triple completed,
https://ultratextgen.com/es/imprimibles/abecedario-para-colorear/,localized,localized,Medium,,yes,/assets/og/es-imprimibles-abecedario-para-colorear.png,yes,,n/a,,OG triple completed,
https://ultratextgen.com/es/imprimibles/alfabeto-cursiva/,localized,localized,Medium,,yes,/assets/og/es-imprimibles-alfabeto-cursiva.png,yes,,n/a,,OG triple completed,
https://ultratextgen.com/es/imprimibles/,localized,localized,Medium,,yes,/assets/og/es-imprimibles.png,yes,,n/a,,OG triple completed,
https://ultratextgen.com/es/imprimibles/letras-burbuja/,localized,localized,Medium,,yes,/assets/og/es-imprimibles-letras-burbuja.png,yes,,n/a,,OG triple completed,
https://ultratextgen.com/es/imprimibles/nombre-para-trazar/,localized,localized,Medium,,yes,/assets/og/es-imprimibles-nombre-para-trazar.png,yes,,n/a,,OG triple completed,
https://ultratextgen.com/es/,localized,localized,Medium,,yes,/assets/og/es.png,yes,/assets/hero/es.svg,yes,,OG triple completed; hero set decorative,
https://ultratextgen.com/es/letra-cursiva/,localized,localized,Medium,,yes,/assets/og/es-letra-cursiva.png,yes,/assets/hero/es-letra-cursiva.svg,yes,,OG triple completed; hero set decorative,
https://ultratextgen.com/es/letra-tachada/,localized,localized,Medium,,yes,/assets/og/es-letra-tachada.png,yes,/assets/hero/es-letra-tachada.svg,yes,,OG triple completed; hero set decorative,
https://ultratextgen.com/es/letras-aesthetic/,localized,localized,Medium,,yes,/assets/og/es-letras-aesthetic.png,yes,/assets/hero/es-letras-aesthetic.svg,yes,,OG present; hero set decorative,
https://ultratextgen.com/es/letras-bonitas/,localized,localized,Medium,,yes,/assets/og/es-letras-bonitas.png,yes,/assets/hero/es-letras-bonitas.svg,yes,,OG triple completed; hero set decorative,
https://ultratextgen.com/es/letras-en-otros-idiomas/,localized,localized,Medium,,yes,/assets/og/es-letras-en-otros-idiomas.png,yes,/assets/hero/es-letras-en-otros-idiomas.svg,yes,,OG triple completed; hero set decorative,
https://ultratextgen.com/es/letras-goticas/,localized,localized,Medium,,yes,/assets/og/es-letras-goticas.png,yes,/assets/hero/es-letras-goticas.svg,yes,,OG present; hero set decorative,
https://ultratextgen.com/es/letras-griegas/,localized,localized,Medium,,yes,/assets/og/es-letras-griegas.png,yes,/assets/hero/es-letras-griegas.svg,yes,,OG triple completed; hero set decorative,
https://ultratextgen.com/es/letras-italicas/,localized,localized,Medium,,yes,/assets/og/es-letras-italicas.png,yes,/assets/hero/es-letras-italicas.svg,yes,,OG triple completed; hero set decorative,
https://ultratextgen.com/es/letras-para-facebook/,localized,localized,Medium,,yes,/assets/og/es-letras-para-facebook.png,yes,/assets/hero/es-letras-para-facebook.svg,yes,,OG triple completed; hero set decorative,
https://ultratextgen.com/es/library/cat-kaomoji/,localized,localized,Medium,,yes,/assets/og/es-library-cat-kaomoji.png,yes,/assets/hero/es-library-cat-kaomoji.svg,yes,,OG present; hero set decorative,
https://ultratextgen.com/es/library/crying-kaomoji/,localized,localized,Medium,,yes,/assets/og/es-library-crying-kaomoji.png,yes,/assets/hero/es-library-crying-kaomoji.svg,yes,,OG present; hero set decorative,
https://ultratextgen.com/es/library/cute-kaomoji/,localized,localized,Medium,,yes,/assets/og/es-library-cute-kaomoji.png,yes,/assets/hero/es-library-cute-kaomoji.svg,yes,,OG present; hero set decorative,
https://ultratextgen.com/es/library/emoji-flags/,localized,localized,Medium,,yes,/assets/og/es-library-emoji-flags.png,yes,/assets/hero/es-library-emoji-flags.svg,yes,,OG triple completed; hero set decorative,
https://ultratextgen.com/es/library/happy-kaomoji/,localized,localized,Medium,,yes,/assets/og/es-library-happy-kaomoji.png,yes,/assets/hero/es-library-happy-kaomoji.svg,yes,,OG present; hero set decorative,
https://ultratextgen.com/es/library/,localized,localized,Medium,,yes,/assets/og/es-library.png,yes,/assets/hero/es-library.svg,yes,,OG triple completed; hero set decorative,
https://ultratextgen.com/es/library/kaomoji/,localized,localized,Medium,,yes,/assets/og/es-library-kaomoji.png,yes,/assets/hero/es-library-kaomoji.svg,yes,,OG triple completed; hero set decorative,
https://ultratextgen.com/es/library/love-kaomoji/,localized,localized,Medium,,yes,/assets/og/es-library-love-kaomoji.png,yes,/assets/hero/es-library-love-kaomoji.svg,yes,,OG present; hero set decorative,
https://ultratextgen.com/es/library/sad-kaomoji/,localized,localized,Medium,,yes,/assets/og/es-library-sad-kaomoji.png,yes,/assets/hero/es-library-sad-kaomoji.svg,yes,,OG present; hero set decorative,
https://ultratextgen.com/es/library/shrug-kaomoji/,localized,localized,Medium,,yes,/assets/og/es-library-shrug-kaomoji.png,yes,/assets/hero/es-library-shrug-kaomoji.svg,yes,,OG present; hero set decorative,
https://ultratextgen.com/es/library/simbolo-x/,localized,localized,Medium,,yes,/assets/og/es-library-simbolo-x.png,yes,/assets/hero/es-library-simbolo-x.svg,yes,,OG triple completed; hero set decorative,
https://ultratextgen.com/es/library/simbolos-coquette/,localized,localized,Medium,,yes,/assets/og/es-library-simbolos-coquette.png,yes,/assets/hero/es-library-simbolos-coquette.svg,yes,,OG triple completed; hero set decorative,
https://ultratextgen.com/es/library/simbolos-cottagecore/,localized,localized,Medium,,yes,/assets/og/es-library-simbolos-cottagecore.png,yes,/assets/hero/es-library-simbolos-cottagecore.svg,yes,,OG triple completed; hero set decorative,
https://ultratextgen.com/es/library/simbolos-de-flor/,localized,localized,Medium,,yes,/assets/og/es-library-simbolos-de-flor.png,yes,/assets/hero/es-library-simbolos-de-flor.svg,yes,,OG triple completed; hero set decorative,
https://ultratextgen.com/es/library/simbolos-de-genero/,localized,localized,Medium,,yes,/assets/og/es-library-simbolos-de-genero.png,yes,/assets/hero/es-library-simbolos-de-genero.svg,yes,,OG triple completed; hero set decorative,
https://ultratextgen.com/es/library/simbolos-de-moneda/,localized,localized,Medium,,yes,/assets/og/es-library-simbolos-de-moneda.png,yes,/assets/hero/es-library-simbolos-de-moneda.svg,yes,,OG triple completed; hero set decorative,
https://ultratextgen.com/es/library/simbolos-de-musica/,localized,localized,Medium,,yes,/assets/og/es-library-simbolos-de-musica.png,yes,/assets/hero/es-library-simbolos-de-musica.svg,yes,,OG triple completed; hero set decorative,
https://ultratextgen.com/es/library/simbolos-de-numero/,localized,localized,Medium,,yes,/assets/og/es-library-simbolos-de-numero.png,yes,/assets/hero/es-library-simbolos-de-numero.svg,yes,,OG triple completed; hero set decorative,
https://ultratextgen.com/es/library/simbolos-de-puntuacion/,localized,localized,Medium,,yes,/assets/og/es-library-simbolos-de-puntuacion.png,yes,/assets/hero/es-library-simbolos-de-puntuacion.svg,yes,,OG triple completed; hero set decorative,
https://ultratextgen.com/es/library/simbolos-de-teclado/,localized,localized,Medium,,yes,/assets/og/es-library-simbolos-de-teclado.png,yes,/assets/hero/es-library-simbolos-de-teclado.svg,yes,,OG triple completed; hero set decorative,
https://ultratextgen.com/es/library/simbolos-de-verificacion/,localized,localized,Medium,,yes,/assets/og/es-library-simbolos-de-verificacion.png,yes,/assets/hero/es-library-simbolos-de-verificacion.svg,yes,,OG triple completed; hero set decorative,
https://ultratextgen.com/es/library/simbolos-de-vineta/,localized,localized,Medium,,yes,/assets/og/es-library-simbolos-de-vineta.png,yes,/assets/hero/es-library-simbolos-de-vineta.svg,yes,,OG triple completed; hero set decorative,
https://ultratextgen.com/es/library/simbolos-discord/,localized,localized,Medium,,yes,/assets/og/es-library-simbolos-discord.png,yes,/assets/hero/es-library-simbolos-discord.svg,yes,,OG triple completed; hero set decorative,
https://ultratextgen.com/es/library/simbolos-dreamcore-weirdcore/,localized,localized,Medium,,yes,/assets/og/es-library-simbolos-dreamcore-weirdcore.png,yes,/assets/hero/es-library-simbolos-dreamcore-weirdcore.svg,yes,,OG triple completed; hero set decorative,
https://ultratextgen.com/es/library/simbolos-facebook/,localized,localized,Medium,,yes,/assets/og/es-library-simbolos-facebook.png,yes,/assets/hero/es-library-simbolos-facebook.svg,yes,,OG triple completed; hero set decorative,
https://ultratextgen.com/es/library/simbolos-fairycore/,localized,localized,Medium,,yes,/assets/og/es-library-simbolos-fairycore.png,yes,/assets/hero/es-library-simbolos-fairycore.svg,yes,,OG triple completed; hero set decorative,
https://ultratextgen.com/es/library/simbolos-geometricos/,localized,localized,Medium,,yes,/assets/og/es-library-simbolos-geometricos.png,yes,/assets/hero/es-library-simbolos-geometricos.svg,yes,,OG triple completed; hero set decorative,
https://ultratextgen.com/es/library/simbolos-goth-grunge/,localized,localized,Medium,,yes,/assets/og/es-library-simbolos-goth-grunge.png,yes,/assets/hero/es-library-simbolos-goth-grunge.svg,yes,,OG triple completed; hero set decorative,
https://ultratextgen.com/es/library/simbolos-japoneses/,localized,localized,Medium,,yes,/assets/og/es-library-simbolos-japoneses.png,yes,/assets/hero/es-library-simbolos-japoneses.svg,yes,,OG triple completed; hero set decorative,
https://ultratextgen.com/es/library/simbolos-kawaii-cute/,localized,localized,Medium,,yes,/assets/og/es-library-simbolos-kawaii-cute.png,yes,/assets/hero/es-library-simbolos-kawaii-cute.svg,yes,,OG triple completed; hero set decorative,
https://ultratextgen.com/es/library/simbolos-matematicos/,localized,localized,Medium,,yes,/assets/og/es-library-simbolos-matematicos.png,yes,/assets/hero/es-library-simbolos-matematicos.svg,yes,,OG triple completed; hero set decorative,
https://ultratextgen.com/es/library/simbolos-pubg/,localized,localized,Medium,,yes,/assets/og/library-pubg-symbols.png,yes,,n/a,,OG present,
https://ultratextgen.com/es/library/simbolos-roblox/,localized,localized,Medium,,yes,/assets/og/es-library-simbolos-roblox.png,yes,/assets/hero/es-library-simbolos-roblox.svg,yes,,OG triple completed; hero set decorative,
https://ultratextgen.com/es/library/simbolos-therian/,localized,localized,Medium,,yes,/assets/og/es-library-simbolos-therian.png,yes,/assets/hero/es-library-simbolos-therian.svg,yes,,OG triple completed; hero set decorative,
https://ultratextgen.com/es/library/simbolos-witchy-occult/,localized,localized,Medium,,yes,/assets/og/es-library-simbolos-witchy-occult.png,yes,/assets/hero/es-library-simbolos-witchy-occult.svg,yes,,OG triple completed; hero set decorative,
https://ultratextgen.com/es/library/simbolos-y2k/,localized,localized,Medium,,yes,/assets/og/es-library-simbolos-y2k.png,yes,/assets/hero/es-library-simbolos-y2k.svg,yes,,OG triple completed; hero set decorative,
https://ultratextgen.com/es/mayusculas-y-minusculas/,localized,localized,Medium,,yes,/assets/og/es-mayusculas-y-minusculas.png,yes,,n/a,,OG triple completed,
https://ultratextgen.com/es/simbolos-de-estrella/,localized,localized,Medium,,yes,/assets/og/es-simbolos-de-estrella.png,yes,/assets/hero/es-simbolos-de-estrella.svg,yes,,OG triple completed; hero set decorative,
https://ultratextgen.com/es/simbolos-de-flechas/,localized,localized,Medium,,yes,/assets/og/es-simbolos-de-flechas.png,yes,/assets/hero/es-simbolos-de-flechas.svg,yes,,OG triple completed; hero set decorative,
https://ultratextgen.com/es/simbolos-para-nombres/,localized,localized,Medium,,yes,/assets/og/es-simbolos-para-nombres.png,yes,/assets/hero/es-simbolos-para-nombres.svg,yes,,OG triple completed; hero set decorative,
https://ultratextgen.com/es/symbol/comillas/,localized,localized,Medium,,yes,/assets/og/es-symbol-comillas.png,yes,,n/a,,OG present,
https://ultratextgen.com/es/symbol/cuadrado-y-cubo/,localized,localized,Medium,,yes,/assets/og/es-symbol-cuadrado-y-cubo.png,yes,,n/a,,OG present,
https://ultratextgen.com/es/symbol/,localized,localized,Medium,,yes,/assets/og/es-symbol.png,yes,,n/a,,OG present,
https://ultratextgen.com/es/symbol/signo-de-division/,localized,localized,Medium,,yes,/assets/og/es-symbol-signo-de-division.png,yes,,n/a,,OG present,
https://ultratextgen.com/es/symbol/signo-de-euro/,localized,localized,Medium,,yes,/assets/og/es-symbol-signo-de-euro.png,yes,,n/a,,OG present,
https://ultratextgen.com/es/symbol/signo-de-grado/,localized,localized,Medium,,yes,/assets/og/es-symbol-signo-de-grado.png,yes,,n/a,,OG present,
https://ultratextgen.com/es/symbol/signo-de-libra/,localized,localized,Medium,,yes,/assets/og/es-symbol-signo-de-libra.png,yes,,n/a,,OG present,
https://ultratextgen.com/es/symbol/signo-de-multiplicacion/,localized,localized,Medium,,yes,/assets/og/es-symbol-signo-de-multiplicacion.png,yes,,n/a,,OG present,
https://ultratextgen.com/es/symbol/simbolo-de-grado/,localized,localized,Medium,,yes,/assets/og/es-symbol-simbolo-de-grado.png,yes,/assets/hero/es-symbol-simbolo-de-grado.svg,yes,,OG triple completed; hero set decorative,
https://ultratextgen.com/es/symbol/simbolo-de-infinito/,localized,localized,Medium,,yes,/assets/og/es-symbol-simbolo-de-infinito.png,yes,,n/a,,OG present,
https://ultratextgen.com/es/symbol/simbolo-de-raiz-cuadrada/,localized,localized,Medium,,yes,/assets/og/es-symbol-simbolo-de-raiz-cuadrada.png,yes,,n/a,,OG present,
https://ultratextgen.com/es/texto-al-reves/,localized,localized,Medium,,yes,/assets/og/es-texto-al-reves.png,yes,/assets/hero/es-texto-al-reves.svg,yes,,OG triple completed; hero set decorative,
https://ultratextgen.com/es/texto-invisible/,localized,localized,Medium,,yes,/assets/og/es-texto-invisible.png,yes,/assets/hero/es-texto-invisible.svg,yes,,OG triple completed; hero set decorative,
https://ultratextgen.com/es/texto-pequeno/,localized,localized,Medium,,yes,/assets/og/es-texto-pequeno.png,yes,/assets/hero/es-texto-pequeno.svg,yes,,OG present; hero set decorative,
https://ultratextgen.com/es/usecase/,localized,localized,Medium,,yes,/assets/og/es-usecase.png,yes,/assets/hero/es-usecase.svg,yes,,OG triple completed; hero set decorative,
https://ultratextgen.com/es/usecase/letras-para-bio/,localized,localized,Medium,,yes,/assets/og/es-usecase-letras-para-bio.png,yes,/assets/hero/es-usecase-letras-para-bio.svg,yes,,OG triple completed; hero set decorative,
https://ultratextgen.com/es/usecase/letras-para-tatuajes/,localized,localized,Medium,,yes,/assets/og/es-usecase-letras-para-tatuajes.png,yes,/assets/hero/es-usecase-letras-para-tatuajes.svg,yes,,OG triple completed; hero set decorative,
https://ultratextgen.com/es/usecase/nombre-de-usuario/,localized,localized,Medium,,yes,/assets/og/es-usecase-nombre-de-usuario.png,yes,/assets/hero/es-usecase-nombre-de-usuario.svg,yes,,OG triple completed; hero set decorative,
https://ultratextgen.com/es/usecase/nombres-aesthetic/,localized,localized,Medium,,yes,/assets/og/es-usecase-nombres-aesthetic.png,yes,/assets/hero/es-usecase-nombres-aesthetic.svg,yes,,OG triple completed; hero set decorative,
https://ultratextgen.com/es/usecase/nombres-para-free-fire/,localized,localized,Medium,,yes,/assets/og/es-usecase-nombres-para-free-fire.png,yes,/assets/hero/es-usecase-nombres-para-free-fire.svg,yes,,OG triple completed; hero set decorative,
https://ultratextgen.com/es/usecase/nombres-para-mobile-legends/,localized,localized,Medium,,yes,/assets/og/es-usecase-nombres-para-mobile-legends.png,yes,/assets/hero/es-usecase-nombres-para-mobile-legends.svg,yes,,OG triple completed; hero set decorative,
https://ultratextgen.com/es/usecase/nombres-para-roblox/,localized,localized,Medium,,yes,/assets/og/es-usecase-nombres-para-roblox.png,yes,/assets/hero/es-usecase-nombres-para-roblox.svg,yes,,OG triple completed; hero set decorative,
https://ultratextgen.com/es/usecase/traductor-de-emojis/,localized,localized,Medium,,yes,/assets/og/es-usecase-traductor-de-emojis.png,yes,/assets/hero/es-usecase-traductor-de-emojis.svg,yes,,OG triple completed; hero set decorative,
https://ultratextgen.com/es/usecase/vertical-text/,localized,localized,Medium,,yes,/assets/og/es-usecase-vertical-text.png,yes,/assets/hero/es-usecase-vertical-text.svg,yes,,OG triple completed; hero set decorative,
https://ultratextgen.com/es/usecase/zalgo-text/,localized,localized,Medium,,yes,/assets/og/es-usecase-zalgo-text.png,yes,/assets/hero/es-usecase-zalgo-text.svg,yes,,OG triple completed; hero set decorative,
https://ultratextgen.com/fr/belle-ecriture/,localized,localized,Medium,,yes,/assets/og/fr-belle-ecriture.png,yes,/assets/hero/fr-belle-ecriture.svg,yes,,OG triple completed; hero set decorative,
https://ultratextgen.com/fr/calligraphie/,localized,localized,Medium,,yes,/assets/og/fr-calligraphie.png,yes,/assets/hero/fr-calligraphie.svg,yes,,OG triple completed; hero set decorative,
https://ultratextgen.com/fr/category/,localized,localized,Medium,,yes,/assets/og/fr-category.png,yes,/assets/hero/fr-category.svg,yes,,OG triple completed; hero set decorative,
https://ultratextgen.com/fr/changeur-de-police/,localized,localized,Medium,,yes,/assets/og/fr-changeur-de-police.png,yes,/assets/hero/fr-changeur-de-police.svg,yes,,OG triple completed; hero set decorative,
https://ultratextgen.com/fr/combos-emoji/,localized,localized,Medium,,yes,/assets/og/fr-combos-emoji.png,yes,/assets/hero/fr-combos-emoji.svg,yes,,OG triple completed; hero set decorative,
https://ultratextgen.com/fr/compteur-de-mots-et-de-caracteres/,localized,localized,Medium,,yes,/assets/og/fr-compteur-de-mots-et-de-caracteres.png,yes,,n/a,,OG triple completed,
https://ultratextgen.com/fr/ecriture-aesthetic/,localized,localized,Medium,,yes,/assets/og/fr-ecriture-aesthetic.png,yes,/assets/hero/fr-ecriture-aesthetic.svg,yes,,OG triple completed; hero set decorative,
https://ultratextgen.com/fr/ecriture-cursive/,localized,localized,Medium,,yes,/assets/og/fr-ecriture-cursive.png,yes,/assets/hero/fr-ecriture-cursive.svg,yes,,OG triple completed; hero set decorative,
https://ultratextgen.com/fr/ecriture-facebook/,localized,localized,Medium,,yes,/assets/og/fr-ecriture-facebook.png,yes,/assets/hero/fr-ecriture-facebook.svg,yes,,OG triple completed; hero set decorative,
https://ultratextgen.com/fr/ecriture-gothique/,localized,localized,Medium,,yes,/assets/og/fr-ecriture-gothique.png,yes,/assets/hero/fr-ecriture-gothique.svg,yes,,OG triple completed; hero set decorative,
https://ultratextgen.com/fr/ecriture-italique/,localized,localized,Medium,,yes,/assets/og/fr-ecriture-italique.png,yes,/assets/hero/fr-ecriture-italique.svg,yes,,OG triple completed; hero set decorative,
https://ultratextgen.com/fr/ecriture-speciale/,localized,localized,Medium,,yes,/assets/og/fr-ecriture-speciale.png,yes,/assets/hero/fr-ecriture-speciale.svg,yes,,OG triple completed; hero set decorative,
https://ultratextgen.com/fr/ecriture-style/,localized,localized,Medium,,yes,/assets/og/fr-ecriture-style.png,yes,/assets/hero/fr-ecriture-style.svg,yes,,OG triple completed; hero set decorative,
https://ultratextgen.com/fr/generateur-de-texte/,localized,localized,Medium,,yes,/assets/og/fr-generateur-de-texte.png,yes,/assets/hero/fr-generateur-de-texte.svg,yes,,OG triple completed; hero set decorative,
https://ultratextgen.com/fr/guide/formatage-texte-discord-explique/,localized,localized,Medium,,yes,/assets/og/fr-guide-formatage-texte-discord-explique.png,yes,,n/a,,OG triple completed,
https://ultratextgen.com/fr/guide/,localized,localized,Medium,,yes,/assets/og/fr-guide.png,yes,,n/a,,OG triple completed,
https://ultratextgen.com/fr/guide/ou-fonctionnent-les-polices-discord/,localized,localized,Medium,,yes,/assets/og/fr-guide-ou-fonctionnent-les-polices-discord.png,yes,,n/a,,OG triple completed,
https://ultratextgen.com/fr/guide/pseudo-discord-sans-risque/,localized,localized,Medium,,yes,/assets/og/fr-guide-pseudo-discord-sans-risque.png,yes,,n/a,,OG triple completed,
https://ultratextgen.com/fr/imprimables/alphabet-cursif/,localized,localized,Medium,,yes,/assets/og/fr-imprimables-alphabet-cursif.png,yes,,n/a,,OG triple completed,
https://ultratextgen.com/fr/imprimables/alphabet-espagnol/,localized,localized,Medium,,yes,/assets/og/fr-imprimables-alphabet-espagnol.png,yes,,n/a,,OG triple completed,
https://ultratextgen.com/fr/imprimables/coloriage-alphabet/,localized,localized,Medium,,yes,/assets/og/fr-imprimables-coloriage-alphabet.png,yes,,n/a,,OG triple completed,
https://ultratextgen.com/fr/imprimables/,localized,localized,Medium,,yes,/assets/og/fr-imprimables.png,yes,,n/a,,OG triple completed,
https://ultratextgen.com/fr/imprimables/lettres-bulles/,localized,localized,Medium,,yes,/assets/og/fr-imprimables-lettres-bulles.png,yes,,n/a,,OG triple completed,
https://ultratextgen.com/fr/imprimables/prenom-a-tracer/,localized,localized,Medium,,yes,/assets/og/fr-imprimables-prenom-a-tracer.png,yes,,n/a,,OG triple completed,
https://ultratextgen.com/fr/,localized,localized,Medium,,yes,/assets/og/fr.png,yes,/assets/hero/fr.svg,yes,,OG triple completed; hero set decorative,
https://ultratextgen.com/fr/library/alphabet-grec/,localized,localized,Medium,,yes,/assets/og/fr-library-alphabet-grec.png,yes,/assets/hero/fr-library-alphabet-grec.svg,yes,,OG triple completed; hero set decorative,
https://ultratextgen.com/fr/library/cat-kaomoji/,localized,localized,Medium,,yes,/assets/og/fr-library-cat-kaomoji.png,yes,/assets/hero/fr-library-cat-kaomoji.svg,yes,,OG present; hero set decorative,
https://ultratextgen.com/fr/library/codes-alt/,localized,localized,Medium,,yes,/assets/og/fr-library-codes-alt.png,yes,/assets/hero/fr-library-codes-alt.svg,yes,,OG triple completed; hero set decorative,
https://ultratextgen.com/fr/library/cute-kaomoji/,localized,localized,Medium,,yes,/assets/og/fr-library-cute-kaomoji.png,yes,/assets/hero/fr-library-cute-kaomoji.svg,yes,,OG present; hero set decorative,
https://ultratextgen.com/fr/library/,localized,localized,Medium,,yes,/assets/og/fr-library.png,yes,/assets/hero/fr-library.svg,yes,,OG triple completed; hero set decorative,
https://ultratextgen.com/fr/library/kaomoji/,localized,localized,Medium,,yes,/assets/og/fr-library-kaomoji.png,yes,/assets/hero/fr-library-kaomoji.svg,yes,,OG present; hero set decorative,
https://ultratextgen.com/fr/library/love-kaomoji/,localized,localized,Medium,,yes,/assets/og/fr-library-love-kaomoji.png,yes,/assets/hero/fr-library-love-kaomoji.svg,yes,,OG present; hero set decorative,
https://ultratextgen.com/fr/library/symboles-coeur/,localized,localized,Medium,,yes,/assets/og/fr-library-symboles-coeur.png,yes,/assets/hero/fr-library-symboles-coeur.svg,yes,,OG triple completed; hero set decorative,
https://ultratextgen.com/fr/library/symboles-coquette/,localized,localized,Medium,,yes,/assets/og/fr-library-symboles-coquette.png,yes,/assets/hero/fr-library-symboles-coquette.svg,yes,,OG triple completed; hero set decorative,
https://ultratextgen.com/fr/library/symboles-cottagecore/,localized,localized,Medium,,yes,/assets/og/fr-library-symboles-cottagecore.png,yes,/assets/hero/fr-library-symboles-cottagecore.svg,yes,,OG triple completed; hero set decorative,
https://ultratextgen.com/fr/library/symboles-discord/,localized,localized,Medium,,yes,/assets/og/fr-library-symboles-discord.png,yes,/assets/hero/fr-library-symboles-discord.svg,yes,,OG triple completed; hero set decorative,
https://ultratextgen.com/fr/library/symboles-dreamcore-weirdcore/,localized,localized,Medium,,yes,/assets/og/fr-library-symboles-dreamcore-weirdcore.png,yes,/assets/hero/fr-library-symboles-dreamcore-weirdcore.svg,yes,,OG triple completed; hero set decorative,
https://ultratextgen.com/fr/library/symboles-etoiles/,localized,localized,Medium,,yes,/assets/og/fr-library-symboles-etoiles.png,yes,/assets/hero/fr-library-symboles-etoiles.svg,yes,,OG triple completed; hero set decorative,
https://ultratextgen.com/fr/library/symboles-facebook/,localized,localized,Medium,,yes,/assets/og/fr-library-symboles-facebook.png,yes,/assets/hero/fr-library-symboles-facebook.svg,yes,,OG triple completed; hero set decorative,
https://ultratextgen.com/fr/library/symboles-fairycore/,localized,localized,Medium,,yes,/assets/og/fr-library-symboles-fairycore.png,yes,/assets/hero/fr-library-symboles-fairycore.svg,yes,,OG triple completed; hero set decorative,
https://ultratextgen.com/fr/library/symboles-fleches/,localized,localized,Medium,,yes,/assets/og/fr-library-symboles-fleches.png,yes,/assets/hero/fr-library-symboles-fleches.svg,yes,,OG triple completed; hero set decorative,
https://ultratextgen.com/fr/library/symboles-fleurs/,localized,localized,Medium,,yes,/assets/og/fr-library-symboles-fleurs.png,yes,/assets/hero/fr-library-symboles-fleurs.svg,yes,,OG triple completed; hero set decorative,
https://ultratextgen.com/fr/library/symboles-fortnite/,localized,localized,Medium,,yes,/assets/og/library-fortnite-symbols.png,yes,,n/a,,OG present,
https://ultratextgen.com/fr/library/symboles-goth-grunge/,localized,localized,Medium,,yes,/assets/og/fr-library-symboles-goth-grunge.png,yes,/assets/hero/fr-library-symboles-goth-grunge.svg,yes,,OG triple completed; hero set decorative,
https://ultratextgen.com/fr/library/symboles-kawaii-cute/,localized,localized,Medium,,yes,/assets/og/fr-library-symboles-kawaii-cute.png,yes,/assets/hero/fr-library-symboles-kawaii-cute.svg,yes,,OG triple completed; hero set decorative,
https://ultratextgen.com/fr/library/symboles-puces/,localized,localized,Medium,,yes,/assets/og/fr-library-symboles-puces.png,yes,/assets/hero/fr-library-symboles-puces.svg,yes,,OG triple completed; hero set decorative,
https://ultratextgen.com/fr/library/symboles-roblox/,localized,localized,Medium,,yes,/assets/og/fr-library-symboles-roblox.png,yes,/assets/hero/fr-library-symboles-roblox.svg,yes,,OG triple completed; hero set decorative,
https://ultratextgen.com/fr/library/symboles-therian/,localized,localized,Medium,,yes,/assets/og/fr-library-symboles-therian.png,yes,/assets/hero/fr-library-symboles-therian.svg,yes,,OG triple completed; hero set decorative,
https://ultratextgen.com/fr/library/symboles-witchy-occult/,localized,localized,Medium,,yes,/assets/og/fr-library-symboles-witchy-occult.png,yes,/assets/hero/fr-library-symboles-witchy-occult.svg,yes,,OG triple completed; hero set decorative,
https://ultratextgen.com/fr/library/symboles-y2k/,localized,localized,Medium,,yes,/assets/og/fr-library-symboles-y2k.png,yes,/assets/hero/fr-library-symboles-y2k.svg,yes,,OG triple completed; hero set decorative,
https://ultratextgen.com/fr/library/symboles/,localized,localized,Medium,,yes,/assets/og/fr-library-symboles.png,yes,/assets/hero/fr-library-symboles.svg,yes,,OG triple completed; hero set decorative,
https://ultratextgen.com/fr/majuscules-et-minuscules/,localized,localized,Medium,,yes,/assets/og/fr-majuscules-et-minuscules.png,yes,,n/a,,OG triple completed,
https://ultratextgen.com/fr/petite-ecriture/,localized,localized,Medium,,yes,/assets/og/fr-petite-ecriture.png,yes,/assets/hero/fr-petite-ecriture.svg,yes,,OG triple completed; hero set decorative,
https://ultratextgen.com/fr/police-d-ecriture/,localized,localized,Medium,,yes,/assets/og/fr-police-d-ecriture.png,yes,/assets/hero/fr-police-d-ecriture.svg,yes,,OG triple completed; hero set decorative,
https://ultratextgen.com/fr/police-discord/,localized,localized,Medium,,yes,/assets/og/fr-police-discord.png,yes,/assets/hero/fr-police-discord.svg,yes,,OG triple completed; hero set decorative,
https://ultratextgen.com/fr/police-instagram/,localized,localized,Medium,,yes,/assets/og/fr-police-instagram.png,yes,/assets/hero/fr-police-instagram.svg,yes,,OG triple completed; hero set decorative,
https://ultratextgen.com/fr/police-linkedin/,localized,localized,Medium,,yes,/assets/og/fr-police-linkedin.png,yes,/assets/hero/fr-police-linkedin.svg,yes,,OG triple completed; hero set decorative,
https://ultratextgen.com/fr/police-snapchat/,localized,localized,Medium,,yes,/assets/og/fr-police-snapchat.png,yes,/assets/hero/fr-police-snapchat.svg,yes,,OG triple completed; hero set decorative,
https://ultratextgen.com/fr/police-tiktok/,localized,localized,Medium,,yes,/assets/og/fr-police-tiktok.png,yes,/assets/hero/fr-police-tiktok.svg,yes,,OG triple completed; hero set decorative,
https://ultratextgen.com/fr/pseudo-style/,localized,localized,Medium,,yes,/assets/og/fr-pseudo-style.png,yes,/assets/hero/fr-pseudo-style.svg,yes,,OG triple completed; hero set decorative,
https://ultratextgen.com/fr/symbol/barre-verticale/,localized,localized,Medium,,yes,/assets/og/fr-symbol-barre-verticale.png,yes,,n/a,,OG present,
https://ultratextgen.com/fr/symbol/caractere-invisible/,localized,localized,Medium,,yes,/assets/og/fr-symbol-caractere-invisible.png,yes,,n/a,,OG present,
https://ultratextgen.com/fr/symbol/croix-orthodoxe/,localized,localized,Medium,,yes,/assets/og/fr-symbol-croix-orthodoxe.png,yes,,n/a,,OG present,
https://ultratextgen.com/fr/symbol/etoile-de-david/,localized,localized,Medium,,yes,/assets/og/fr-symbol-etoile-de-david.png,yes,,n/a,,OG present,
https://ultratextgen.com/fr/symbol/,localized,localized,Medium,,yes,/assets/og/fr-symbol.png,yes,,n/a,,OG present,
https://ultratextgen.com/fr/symbol/point-interrogation-inverse/,localized,localized,Medium,,yes,/assets/og/fr-symbol-point-interrogation-inverse.png,yes,,n/a,,OG present,
https://ultratextgen.com/fr/symbol/symbole-alpha/,localized,localized,Medium,,yes,/assets/og/fr-symbol-symbole-alpha.png,yes,,n/a,,OG present,
https://ultratextgen.com/fr/symbol/symbole-anarchie/,localized,localized,Medium,,yes,/assets/og/fr-symbol-symbole-anarchie.png,yes,,n/a,,OG present,
https://ultratextgen.com/fr/symbol/symbole-ankh/,localized,localized,Medium,,yes,/assets/og/fr-symbol-symbole-ankh.png,yes,,n/a,,OG present,
https://ultratextgen.com/fr/symbol/symbole-arobase/,localized,localized,Medium,,yes,/assets/og/fr-symbol-symbole-arobase.png,yes,,n/a,,OG present,
https://ultratextgen.com/fr/symbol/symbole-autisme/,localized,localized,Medium,,yes,/assets/og/fr-symbol-symbole-autisme.png,yes,,n/a,,OG present,
https://ultratextgen.com/fr/symbol/symbole-balance/,localized,localized,Medium,,yes,/assets/og/fr-symbol-symbole-balance.png,yes,,n/a,,OG present,
https://ultratextgen.com/fr/symbol/symbole-belier/,localized,localized,Medium,,yes,/assets/og/fr-symbol-symbole-belier.png,yes,,n/a,,OG present,
https://ultratextgen.com/fr/symbol/symbole-bitcoin/,localized,localized,Medium,,yes,/assets/og/fr-symbol-symbole-bitcoin.png,yes,,n/a,,OG present,
https://ultratextgen.com/fr/symbol/symbole-cancer/,localized,localized,Medium,,yes,/assets/og/fr-symbol-symbole-cancer.png,yes,,n/a,,OG present,
https://ultratextgen.com/fr/symbol/symbole-capricorne/,localized,localized,Medium,,yes,/assets/og/fr-symbol-symbole-capricorne.png,yes,,n/a,,OG present,
https://ultratextgen.com/fr/symbol/symbole-carre-cube/,localized,localized,Medium,,yes,/assets/og/fr-symbol-symbole-carre-cube.png,yes,,n/a,,OG present,
https://ultratextgen.com/fr/symbol/symbole-celsius/,localized,localized,Medium,,yes,/assets/og/fr-symbol-symbole-celsius.png,yes,,n/a,,OG present,
https://ultratextgen.com/fr/symbol/symbole-cent/,localized,localized,Medium,,yes,/assets/og/fr-symbol-symbole-cent.png,yes,,n/a,,OG present,
https://ultratextgen.com/fr/symbol/symbole-coche/,localized,localized,Medium,,yes,/assets/og/fr-symbol-symbole-coche.png,yes,,n/a,,OG present,
https://ultratextgen.com/fr/symbol/symbole-coeur/,localized,localized,Medium,,yes,/assets/og/fr-symbol-symbole-coeur.png,yes,,n/a,,OG present,
https://ultratextgen.com/fr/symbol/symbole-colere/,localized,localized,Medium,,yes,/assets/og/fr-symbol-symbole-colere.png,yes,,n/a,,OG present,
https://ultratextgen.com/fr/symbol/symbole-congruent/,localized,localized,Medium,,yes,/assets/og/fr-symbol-symbole-congruent.png,yes,,n/a,,OG present,
https://ultratextgen.com/fr/symbol/symbole-copyright/,localized,localized,Medium,,yes,/assets/og/fr-symbol-symbole-copyright.png,yes,,n/a,,OG present,
https://ultratextgen.com/fr/symbol/symbole-croix/,localized,localized,Medium,,yes,/assets/og/fr-symbol-symbole-croix.png,yes,,n/a,,OG present,
https://ultratextgen.com/fr/symbol/symbole-danger-biologique/,localized,localized,Medium,,yes,/assets/og/fr-symbol-symbole-danger-biologique.png,yes,,n/a,,OG present,
https://ultratextgen.com/fr/symbol/symbole-degre/,localized,localized,Medium,,yes,/assets/og/fr-symbol-symbole-degre.png,yes,,n/a,,OG present,
https://ultratextgen.com/fr/symbol/symbole-delta/,localized,localized,Medium,,yes,/assets/og/fr-symbol-symbole-delta.png,yes,,n/a,,OG present,
https://ultratextgen.com/fr/symbol/symbole-diametre/,localized,localized,Medium,,yes,/assets/og/fr-symbol-symbole-diametre.png,yes,,n/a,,OG present,
https://ultratextgen.com/fr/symbol/symbole-different/,localized,localized,Medium,,yes,/assets/og/fr-symbol-symbole-different.png,yes,,n/a,,OG present,
https://ultratextgen.com/fr/symbol/symbole-division/,localized,localized,Medium,,yes,/assets/og/fr-symbol-symbole-division.png,yes,,n/a,,OG present,
https://ultratextgen.com/fr/symbol/symbole-dollar/,localized,localized,Medium,,yes,/assets/og/fr-symbol-symbole-dollar.png,yes,,n/a,,OG present,
https://ultratextgen.com/fr/symbol/symbole-esperluette/,localized,localized,Medium,,yes,/assets/og/fr-symbol-symbole-esperluette.png,yes,,n/a,,OG present,
https://ultratextgen.com/fr/symbol/symbole-etoile/,localized,localized,Medium,,yes,/assets/og/fr-symbol-symbole-etoile.png,yes,,n/a,,OG present,
https://ultratextgen.com/fr/symbol/symbole-euro/,localized,localized,Medium,,yes,/assets/og/fr-symbol-symbole-euro.png,yes,,n/a,,OG present,
https://ultratextgen.com/fr/symbol/symbole-fahrenheit/,localized,localized,Medium,,yes,/assets/og/fr-symbol-symbole-fahrenheit.png,yes,,n/a,,OG present,
https://ultratextgen.com/fr/symbol/symbole-fleche-bas/,localized,localized,Medium,,yes,/assets/og/fr-symbol-symbole-fleche-bas.png,yes,,n/a,,OG present,
https://ultratextgen.com/fr/symbol/symbole-fleche-droite/,localized,localized,Medium,,yes,/assets/og/fr-symbol-symbole-fleche-droite.png,yes,,n/a,,OG present,
https://ultratextgen.com/fr/symbol/symbole-fleche-gauche/,localized,localized,Medium,,yes,/assets/og/fr-symbol-symbole-fleche-gauche.png,yes,,n/a,,OG present,
https://ultratextgen.com/fr/symbol/symbole-fleche-haut/,localized,localized,Medium,,yes,/assets/og/fr-symbol-symbole-fleche-haut.png,yes,,n/a,,OG present,
https://ultratextgen.com/fr/symbol/symbole-fleur-de-lys/,localized,localized,Medium,,yes,/assets/og/fr-symbol-symbole-fleur-de-lys.png,yes,,n/a,,OG present,
https://ultratextgen.com/fr/symbol/symbole-gemeaux/,localized,localized,Medium,,yes,/assets/og/fr-symbol-symbole-gemeaux.png,yes,,n/a,,OG present,
https://ultratextgen.com/fr/symbol/symbole-guillemet/,localized,localized,Medium,,yes,/assets/og/fr-symbol-symbole-guillemet.png,yes,,n/a,,OG present,
https://ultratextgen.com/fr/symbol/symbole-hamsa/,localized,localized,Medium,,yes,/assets/og/fr-symbol-symbole-hamsa.png,yes,,n/a,,OG present,
https://ultratextgen.com/fr/symbol/symbole-handicap/,localized,localized,Medium,,yes,/assets/og/fr-symbol-symbole-handicap.png,yes,,n/a,,OG present,
https://ultratextgen.com/fr/symbol/symbole-inferieur-superieur/,localized,localized,Medium,,yes,/assets/og/fr-symbol-symbole-inferieur-superieur.png,yes,,n/a,,OG present,
https://ultratextgen.com/fr/symbol/symbole-infini/,localized,localized,Medium,,yes,/assets/og/fr-symbol-symbole-infini.png,yes,,n/a,,OG present,
https://ultratextgen.com/fr/symbol/symbole-khanda/,localized,localized,Medium,,yes,/assets/og/fr-symbol-symbole-khanda.png,yes,,n/a,,OG present,
https://ultratextgen.com/fr/symbol/symbole-lilith/,localized,localized,Medium,,yes,/assets/og/fr-symbol-symbole-lilith.png,yes,,n/a,,OG present,
https://ultratextgen.com/fr/symbol/symbole-lion/,localized,localized,Medium,,yes,/assets/og/fr-symbol-symbole-lion.png,yes,,n/a,,OG present,
https://ultratextgen.com/fr/symbol/symbole-livre-sterling/,localized,localized,Medium,,yes,/assets/og/fr-symbol-symbole-livre-sterling.png,yes,,n/a,,OG present,
https://ultratextgen.com/fr/symbol/symbole-marque-deposee/,localized,localized,Medium,,yes,/assets/og/fr-symbol-symbole-marque-deposee.png,yes,,n/a,,OG present,
https://ultratextgen.com/fr/symbol/symbole-micro/,localized,localized,Medium,,yes,/assets/og/fr-symbol-symbole-micro.png,yes,,n/a,,OG present,
https://ultratextgen.com/fr/symbol/symbole-multiplication/,localized,localized,Medium,,yes,/assets/og/fr-symbol-symbole-multiplication.png,yes,,n/a,,OG present,
https://ultratextgen.com/fr/symbol/symbole-ohm/,localized,localized,Medium,,yes,/assets/og/fr-symbol-symbole-ohm.png,yes,,n/a,,OG present,
https://ultratextgen.com/fr/symbol/symbole-om/,localized,localized,Medium,,yes,/assets/og/fr-symbol-symbole-om.png,yes,,n/a,,OG present,
https://ultratextgen.com/fr/symbol/symbole-omega/,localized,localized,Medium,,yes,/assets/og/fr-symbol-symbole-omega.png,yes,,n/a,,OG present,
https://ultratextgen.com/fr/symbol/symbole-paix/,localized,localized,Medium,,yes,/assets/og/fr-symbol-symbole-paix.png,yes,,n/a,,OG present,
https://ultratextgen.com/fr/symbol/symbole-paragraphe/,localized,localized,Medium,,yes,/assets/og/fr-symbol-symbole-paragraphe.png,yes,,n/a,,OG present,
https://ultratextgen.com/fr/symbol/symbole-pentagramme/,localized,localized,Medium,,yes,/assets/og/fr-symbol-symbole-pentagramme.png,yes,,n/a,,OG present,
https://ultratextgen.com/fr/symbol/symbole-pi/,localized,localized,Medium,,yes,/assets/og/fr-symbol-symbole-pi.png,yes,,n/a,,OG present,
https://ultratextgen.com/fr/symbol/symbole-pied-de-mouche/,localized,localized,Medium,,yes,/assets/og/fr-symbol-symbole-pied-de-mouche.png,yes,,n/a,,OG present,
https://ultratextgen.com/fr/symbol/symbole-plus-ou-moins/,localized,localized,Medium,,yes,/assets/og/fr-symbol-symbole-plus-ou-moins.png,yes,,n/a,,OG present,
https://ultratextgen.com/fr/symbol/symbole-poissons/,localized,localized,Medium,,yes,/assets/og/fr-symbol-symbole-poissons.png,yes,,n/a,,OG present,
https://ultratextgen.com/fr/symbol/symbole-racine-carree/,localized,localized,Medium,,yes,/assets/og/fr-symbol-symbole-racine-carree.png,yes,,n/a,,OG present,
https://ultratextgen.com/fr/symbol/symbole-recyclage/,localized,localized,Medium,,yes,/assets/og/fr-symbol-symbole-recyclage.png,yes,,n/a,,OG present,
https://ultratextgen.com/fr/symbol/symbole-roupie/,localized,localized,Medium,,yes,/assets/og/fr-symbol-symbole-roupie.png,yes,,n/a,,OG present,
https://ultratextgen.com/fr/symbol/symbole-sagittaire/,localized,localized,Medium,,yes,/assets/og/fr-symbol-symbole-sagittaire.png,yes,,n/a,,OG present,
https://ultratextgen.com/fr/symbol/symbole-scorpion/,localized,localized,Medium,,yes,/assets/og/fr-symbol-symbole-scorpion.png,yes,,n/a,,OG present,
https://ultratextgen.com/fr/symbol/symbole-sigma/,localized,localized,Medium,,yes,/assets/og/fr-symbol-symbole-sigma.png,yes,,n/a,,OG present,
https://ultratextgen.com/fr/symbol/symbole-stop/,localized,localized,Medium,,yes,/assets/og/fr-symbol-symbole-stop.png,yes,,n/a,,OG present,
https://ultratextgen.com/fr/symbol/symbole-taureau/,localized,localized,Medium,,yes,/assets/og/fr-symbol-symbole-taureau.png,yes,,n/a,,OG present,
https://ultratextgen.com/fr/symbol/symbole-verseau/,localized,localized,Medium,,yes,/assets/og/fr-symbol-symbole-verseau.png,yes,,n/a,,OG present,
https://ultratextgen.com/fr/symbol/symbole-vierge/,localized,localized,Medium,,yes,/assets/og/fr-symbol-symbole-vierge.png,yes,,n/a,,OG present,
https://ultratextgen.com/fr/symbol/symbole-won/,localized,localized,Medium,,yes,/assets/og/fr-symbol-symbole-won.png,yes,,n/a,,OG present,
https://ultratextgen.com/fr/symbol/symbole-yen/,localized,localized,Medium,,yes,/assets/og/fr-symbol-symbole-yen.png,yes,,n/a,,OG present,
https://ultratextgen.com/fr/symbol/symbole-yin-yang/,localized,localized,Medium,,yes,/assets/og/fr-symbol-symbole-yin-yang.png,yes,,n/a,,OG present,
https://ultratextgen.com/fr/symbol/tiret-cadratin/,localized,localized,Medium,,yes,/assets/og/fr-symbol-tiret-cadratin.png,yes,,n/a,,OG present,
https://ultratextgen.com/fr/texte-courbe/,localized,localized,Medium,,yes,/assets/og/fr-texte-courbe.png,yes,/assets/hero/fr-texte-courbe.svg,yes,,OG triple completed; hero set decorative,
https://ultratextgen.com/fr/texte-en-gras/,localized,localized,Medium,,yes,/assets/og/fr-texte-en-gras.png,yes,/assets/hero/fr-texte-en-gras.svg,yes,,OG triple completed; hero set decorative,
https://ultratextgen.com/fr/texte-invisible/,localized,localized,Medium,,yes,/assets/og/fr-texte-invisible.png,yes,/assets/hero/fr-texte-invisible.svg,yes,,OG triple completed; hero set decorative,
https://ultratextgen.com/fr/usecase/ecriture-bio/,localized,localized,Medium,,yes,/assets/og/fr-usecase-ecriture-bio.png,yes,/assets/hero/fr-usecase-ecriture-bio.svg,yes,,OG triple completed; hero set decorative,
https://ultratextgen.com/fr/usecase/ecriture-tatouage/,localized,localized,Medium,,yes,/assets/og/fr-usecase-ecriture-tatouage.png,yes,/assets/hero/fr-usecase-ecriture-tatouage.svg,yes,,OG triple completed; hero set decorative,
https://ultratextgen.com/fr/usecase/guilde-free-fire/,localized,localized,Medium,,yes,/assets/og/fr-usecase-guilde-free-fire.png,yes,/assets/hero/fr-usecase-guilde-free-fire.svg,yes,,OG triple completed; hero set decorative,
https://ultratextgen.com/fr/usecase/,localized,localized,Medium,,yes,/assets/og/fr-usecase.png,yes,/assets/hero/fr-usecase.svg,yes,,OG triple completed; hero set decorative,
https://ultratextgen.com/fr/usecase/pseudo-fortnite/,localized,localized,Medium,,yes,/assets/og/fr-usecase-pseudo-fortnite.png,yes,/assets/hero/fr-usecase-pseudo-fortnite.svg,yes,,OG triple completed; hero set decorative,
https://ultratextgen.com/fr/usecase/pseudo-free-fire/,localized,localized,Medium,,yes,/assets/og/fr-usecase-pseudo-free-fire.png,yes,/assets/hero/fr-usecase-pseudo-free-fire.svg,yes,,OG triple completed; hero set decorative,
https://ultratextgen.com/fr/usecase/traducteur-emoji/,localized,localized,Medium,,yes,/assets/og/fr-usecase-traducteur-emoji.png,yes,/assets/hero/fr-usecase-traducteur-emoji.svg,yes,,OG triple completed; hero set decorative,
https://ultratextgen.com/fr/usecase/vertical-text/,localized,localized,Medium,,yes,/assets/og/fr-usecase-vertical-text.png,yes,/assets/hero/fr-usecase-vertical-text.svg,yes,,OG triple completed; hero set decorative,
https://ultratextgen.com/fr/usecase/zalgo-text/,localized,localized,Medium,,yes,/assets/og/fr-usecase-zalgo-text.png,yes,/assets/hero/fr-usecase-zalgo-text.svg,yes,,OG triple completed; hero set decorative,
https://ultratextgen.com/guide/bio-formatting-without-spam/,guide,guide,Medium,,yes,/guide/assets/og/bio-formatting-without-spam.png,yes,,n/a,,OG triple completed,
https://ultratextgen.com/guide/boxes-vs-mojibake-vs-question-marks/,guide,guide,Medium,,yes,/guide/assets/og/boxes-vs-mojibake-vs-question-marks.png,yes,,n/a,,OG triple completed,
https://ultratextgen.com/guide/branding-with-fonts-for-social-media/,guide,guide,Medium,,yes,/guide/assets/og/branding-with-fonts-for-social-media.png,yes,,n/a,,OG triple completed,
https://ultratextgen.com/guide/comments-that-stand-out/,guide,guide,Medium,,yes,/guide/assets/og/comments-that-stand-out.png,yes,,n/a,,OG triple completed,
https://ultratextgen.com/guide/discord-colored-text-guide/,guide,guide,Medium,,yes,/guide/assets/og/discord-colored-text-guide.png,yes,,n/a,,OG triple completed,
https://ultratextgen.com/guide/discord-safe-name-styling/,guide,guide,Medium,,yes,/guide/assets/og/discord-safe-name-styling.png,yes,,n/a,,OG triple completed,
https://ultratextgen.com/guide/discord-text-formatting-explained/,guide,guide,Medium,,yes,/guide/assets/og/discord-text-formatting-explained.png,yes,,n/a,,OG triple completed,
https://ultratextgen.com/guide/discord-where-fonts-work/,guide,guide,Medium,,yes,/guide/assets/og/discord-where-fonts-work.png,yes,,n/a,,OG triple completed,
https://ultratextgen.com/guide/dividers-separators-guide/,guide,guide,Medium,,yes,/guide/assets/og/dividers-separators-guide.png,yes,,n/a,,OG triple completed,
https://ultratextgen.com/guide/emoticon-vs-emoji-vs-kaomoji/,guide,guide,Medium,,yes,/guide/assets/og/emoticon-vs-emoji-vs-kaomoji.png,yes,,n/a,,OG triple completed,
https://ultratextgen.com/guide/fancy-fonts-accessibility-guide/,guide,guide,Medium,,yes,/guide/assets/og/fancy-fonts-accessibility-guide.png,yes,,n/a,,OG triple completed,
https://ultratextgen.com/guide/fancy-fonts-and-accents/,guide,guide,Medium,,yes,/guide/assets/og/fancy-fonts-and-accents.png,yes,,n/a,,OG triple completed,
https://ultratextgen.com/guide/font-personality-and-brand/,guide,guide,Medium,,yes,/guide/assets/og/font-personality-and-brand.png,yes,,n/a,,OG triple completed,
https://ultratextgen.com/guide/fonts-and-search-visibility/,guide,guide,Medium,,yes,/guide/assets/og/fonts-and-search-visibility.png,yes,,n/a,,OG triple completed,
https://ultratextgen.com/guide/game-username-allowed-symbols/,guide,guide,Medium,,yes,/guide/assets/og/game-username-allowed-symbols.png,yes,,n/a,,OG triple completed,
https://ultratextgen.com/guide/how-unicode-fonts-work/,guide,guide,Medium,,yes,/guide/assets/og/how-unicode-fonts-work.png,yes,,n/a,,OG triple completed,
https://ultratextgen.com/guide/,guide,guide,Medium,,yes,/guide/assets/og/index.png,yes,,n/a,,OG triple completed,
https://ultratextgen.com/guide/instagram-bio-line-breaks/,guide,guide,Medium,,yes,/guide/assets/og/instagram-bio-line-breaks.png,yes,,n/a,,OG triple completed,
https://ultratextgen.com/guide/instagram-font-ideas/,guide,guide,Medium,,yes,/assets/og/fancy-text-generator-preview.png,yes,,n/a,,OG triple completed,Consider page-specific OG card
https://ultratextgen.com/guide/instagram-fonts-shadowban-myth/,guide,guide,Medium,,yes,/guide/assets/og/instagram-fonts-shadowban-myth.png,yes,,n/a,,OG triple completed,
https://ultratextgen.com/guide/linkedin-bold-text-reach/,guide,guide,Medium,,yes,/guide/assets/og/linkedin-bold-text-reach.png,yes,,n/a,,OG triple completed,
https://ultratextgen.com/guide/linkedin-comment-styling/,guide,guide,Medium,,yes,/guide/assets/og/linkedin-comment-styling.png,yes,,n/a,,OG triple completed,
https://ultratextgen.com/guide/linkedin-comments-guide/,guide,guide,Medium,,yes,/guide/assets/og/linkedin-comments-guide.png,yes,,n/a,,OG triple completed,
https://ultratextgen.com/guide/linkedin-fonts-recruiters-ats/,guide,guide,Medium,,yes,/guide/assets/og/linkedin-fonts-recruiters-ats.png,yes,,n/a,,OG triple completed,
https://ultratextgen.com/guide/personal-branding-through-typography/,guide,guide,Medium,,yes,/guide/assets/og/personal-branding-through-typography.png,yes,,n/a,,OG triple completed,
https://ultratextgen.com/guide/stop-the-scroll-with-font-variation/,guide,guide,Medium,,yes,/guide/assets/og/stop-the-scroll-with-font-variation.png,yes,,n/a,,OG triple completed,
https://ultratextgen.com/guide/style-linkedin-hooks-to-stand-out/,guide,guide,Medium,,yes,/guide/assets/og/style-linkedin-hooks-to-stand-out.png,yes,,n/a,,OG triple completed,
https://ultratextgen.com/guide/the-rhetoric-of-fonts/,guide,guide,Medium,,yes,/guide/assets/og/the-rhetoric-of-fonts.png,yes,,n/a,,OG triple completed,
https://ultratextgen.com/guide/tiktok-font-changed/,guide,guide,Medium,,yes,/guide/assets/og/tiktok-font-changed.png,yes,,n/a,,OG triple completed,
https://ultratextgen.com/guide/unicode-symbol-approval-process/,guide,guide,Medium,,yes,/guide/assets/og/unicode-symbol-approval-process.png,yes,,n/a,,OG triple completed,
https://ultratextgen.com/guide/vertical-text-guide/,guide,guide,Medium,,yes,/guide/assets/og/vertical-text-guide.png,yes,,n/a,,OG triple completed,
https://ultratextgen.com/guide/whatsapp-text-formatting-explained/,guide,guide,Medium,,yes,/assets/og/fancy-text-generator-preview.png,yes,,n/a,,OG triple completed,Consider page-specific OG card
https://ultratextgen.com/guide/why-fonts-show-as-boxes/,guide,guide,Medium,,yes,/guide/assets/og/why-fonts-show-as-boxes.png,yes,,n/a,,OG triple completed,
https://ultratextgen.com/hi/guide/discord-font-kahan-kaam-karte-hain/,localized,localized,Medium,,yes,/assets/og/hi-guide-discord-font-kahan-kaam-karte-hain.png,yes,,n/a,,OG triple completed,
https://ultratextgen.com/hi/guide/discord-safe-naam-styling/,localized,localized,Medium,,yes,/assets/og/hi-guide-discord-safe-naam-styling.png,yes,,n/a,,OG triple completed,
https://ultratextgen.com/hi/guide/discord-text-formatting-samjhein/,localized,localized,Medium,,yes,/assets/og/hi-guide-discord-text-formatting-samjhein.png,yes,,n/a,,OG triple completed,
https://ultratextgen.com/hi/guide/,localized,localized,Medium,,yes,/assets/og/hi-guide.png,yes,,n/a,,OG triple completed,
https://ultratextgen.com/hi/,localized,localized,Medium,,yes,/assets/og/hi.png,yes,/assets/hero/hi.svg,yes,,OG triple completed; hero set decorative,
https://ultratextgen.com/hi/usecase/emoji-anuvadak/,localized,localized,Medium,,yes,/assets/og/hi-usecase-emoji-anuvadak.png,yes,/assets/hero/hi-usecase-emoji-anuvadak.svg,yes,,OG triple completed; hero set decorative,
https://ultratextgen.com/hi/usecase/free-fire-naam-stylish/,localized,localized,Medium,,yes,/assets/og/hi-usecase-free-fire-naam-stylish.png,yes,/assets/hero/hi-usecase-free-fire-naam-stylish.svg,yes,,OG triple completed; hero set decorative,
https://ultratextgen.com/hi/usecase/pubg-bgmi-naam-stylish/,localized,localized,Medium,,yes,/assets/og/hi-usecase-pubg-bgmi-naam-stylish.png,yes,/assets/hero/hi-usecase-pubg-bgmi-naam-stylish.svg,yes,,OG triple completed; hero set decorative,
https://ultratextgen.com/hi/usecase/stylish-naam-generator/,localized,localized,Medium,,yes,/assets/og/hi-usecase-stylish-naam-generator.png,yes,/assets/hero/hi-usecase-stylish-naam-generator.svg,yes,,OG triple completed; hero set decorative,
https://ultratextgen.com/hr/fontovi-za-discord/,localized,localized,Medium,,yes,/assets/og/hr-fontovi-za-discord.png,yes,/assets/hero/hr-fontovi-za-discord.svg,yes,,OG triple completed; hero set decorative,
https://ultratextgen.com/hr/fontovi-za-instagram/,localized,localized,Medium,,yes,/assets/og/hr-fontovi-za-instagram.png,yes,/assets/hero/hr-fontovi-za-instagram.svg,yes,,OG triple completed; hero set decorative,
https://ultratextgen.com/hr/generator-nadimaka/,localized,localized,Medium,,yes,/assets/og/hr-generator-nadimaka.png,yes,,n/a,,OG triple completed,
https://ultratextgen.com/hr/goticka-slova/,localized,localized,Medium,,yes,/assets/og/hr-goticka-slova.png,yes,/assets/hero/hr-goticka-slova.svg,yes,,OG triple completed; hero set decorative,
https://ultratextgen.com/hr/guide/gdje-rade-fontovi-na-discordu/,localized,localized,Medium,,yes,/assets/og/hr-guide-gdje-rade-fontovi-na-discordu.png,yes,,n/a,,OG triple completed,
https://ultratextgen.com/hr/guide/,localized,localized,Medium,,yes,/assets/og/hr-guide.png,yes,,n/a,,OG triple completed,
https://ultratextgen.com/hr/guide/oblikovanje-teksta-na-discordu/,localized,localized,Medium,,yes,/assets/og/hr-guide-oblikovanje-teksta-na-discordu.png,yes,,n/a,,OG triple completed,
https://ultratextgen.com/hr/guide/siguran-nadimak-na-discordu/,localized,localized,Medium,,yes,/assets/og/hr-guide-siguran-nadimak-na-discordu.png,yes,,n/a,,OG triple completed,
https://ultratextgen.com/hr/,localized,localized,Medium,,yes,/assets/og/hr.png,yes,/assets/hero/hr.svg,yes,,OG triple completed; hero set decorative,
https://ultratextgen.com/hr/kurziv/,localized,localized,Medium,,yes,/assets/og/hr-kurziv.png,yes,/assets/hero/hr-kurziv.svg,yes,,OG triple completed; hero set decorative,
https://ultratextgen.com/hr/mala-slova/,localized,localized,Medium,,yes,/assets/og/hr-mala-slova.png,yes,/assets/hero/hr-mala-slova.svg,yes,,OG triple completed; hero set decorative,
https://ultratextgen.com/hr/podebljana-slova/,localized,localized,Medium,,yes,/assets/og/hr-podebljana-slova.png,yes,/assets/hero/hr-podebljana-slova.svg,yes,,OG triple completed; hero set decorative,
https://ultratextgen.com/hr/posebni-znakovi/,localized,localized,Medium,,yes,/assets/og/hr-posebni-znakovi.png,yes,,n/a,,OG triple completed,
https://ultratextgen.com/hu/apro-betuk/,localized,localized,Medium,,yes,/assets/og/hu-apro-betuk.png,yes,/assets/hero/hu-apro-betuk.svg,yes,,OG triple completed; hero set decorative,
https://ultratextgen.com/hu/becenev-generator/,localized,localized,Medium,,yes,/assets/og/hu-becenev-generator.png,yes,,n/a,,OG triple completed,
https://ultratextgen.com/hu/discord-betutipusok/,localized,localized,Medium,,yes,/assets/og/hu-discord-betutipusok.png,yes,/assets/hero/hu-discord-betutipusok.svg,yes,,OG triple completed; hero set decorative,
https://ultratextgen.com/hu/dolt-szoveg/,localized,localized,Medium,,yes,/assets/og/hu-dolt-szoveg.png,yes,/assets/hero/hu-dolt-szoveg.svg,yes,,OG triple completed; hero set decorative,
https://ultratextgen.com/hu/felkover-szoveg/,localized,localized,Medium,,yes,/assets/og/hu-felkover-szoveg.png,yes,/assets/hero/hu-felkover-szoveg.svg,yes,,OG triple completed; hero set decorative,
https://ultratextgen.com/hu/gotikus-betuk/,localized,localized,Medium,,yes,/assets/og/hu-gotikus-betuk.png,yes,/assets/hero/hu-gotikus-betuk.svg,yes,,OG triple completed; hero set decorative,
https://ultratextgen.com/hu/guide/biztonsagos-discord-becenev/,localized,localized,Medium,,yes,/assets/og/hu-guide-biztonsagos-discord-becenev.png,yes,,n/a,,OG triple completed,
https://ultratextgen.com/hu/guide/discord-szovegformazas/,localized,localized,Medium,,yes,/assets/og/hu-guide-discord-szovegformazas.png,yes,,n/a,,OG triple completed,
https://ultratextgen.com/hu/guide/hol-mukodnek-a-discord-fontok/,localized,localized,Medium,,yes,/assets/og/hu-guide-hol-mukodnek-a-discord-fontok.png,yes,,n/a,,OG triple completed,
https://ultratextgen.com/hu/guide/,localized,localized,Medium,,yes,/assets/og/hu-guide.png,yes,,n/a,,OG triple completed,
https://ultratextgen.com/hu/,localized,localized,Medium,,yes,/assets/og/hu.png,yes,,n/a,,OG triple completed,
https://ultratextgen.com/hu/instagram-betutipusok/,localized,localized,Medium,,yes,/assets/og/hu-instagram-betutipusok.png,yes,/assets/hero/hu-instagram-betutipusok.svg,yes,,OG triple completed; hero set decorative,
https://ultratextgen.com/hu/kulonleges-karakterek/,localized,localized,Medium,,yes,/assets/og/hu-kulonleges-karakterek.png,yes,,n/a,,OG triple completed,
https://ultratextgen.com/id/category/,localized,localized,Medium,,yes,/assets/og/id-category.png,yes,/assets/hero/id-category.svg,yes,,OG triple completed; hero set decorative,
https://ultratextgen.com/id/font-angka/,localized,localized,Medium,,yes,/assets/og/id-font-angka.png,yes,/assets/hero/id-font-angka.svg,yes,,OG triple completed; hero set decorative,
https://ultratextgen.com/id/font-bubble/,localized,localized,Medium,,yes,/assets/og/category-bubble-fonts.png,yes,/assets/hero/category-bubble-fonts.svg,yes,,OG triple completed; hero set decorative,
https://ultratextgen.com/id/font-discord/,localized,localized,Medium,,yes,/assets/og/id-font-discord.png,yes,/assets/hero/id-font-discord.svg,yes,,OG triple completed; hero set decorative,
https://ultratextgen.com/id/font-facebook/,localized,localized,Medium,,yes,/assets/og/id-font-facebook.png,yes,/assets/hero/id-font-facebook.svg,yes,,OG triple completed; hero set decorative,
https://ultratextgen.com/id/font-ig/,localized,localized,Medium,,yes,/assets/og/id-font-ig.png,yes,/assets/hero/id-font-ig.svg,yes,,OG triple completed; hero set decorative,
https://ultratextgen.com/id/font-lucu/,localized,localized,Medium,,yes,/assets/og/category-cute-fonts.png,yes,/assets/hero/category-cute-fonts.svg,yes,,OG triple completed; hero set decorative,
https://ultratextgen.com/id/font-snapchat/,localized,localized,Medium,,yes,/assets/og/id-font-snapchat.png,yes,/assets/hero/id-font-snapchat.svg,yes,,OG triple completed; hero set decorative,
https://ultratextgen.com/id/font-tiktok/,localized,localized,Medium,,yes,/assets/og/id-font-tiktok.png,yes,/assets/hero/id-font-tiktok.svg,yes,,OG triple completed; hero set decorative,
https://ultratextgen.com/id/font-wa/,localized,localized,Medium,,yes,/assets/og/id-font-wa.png,yes,/assets/hero/id-font-wa.svg,yes,,OG triple completed; hero set decorative,
https://ultratextgen.com/id/guide/di-mana-font-discord-bekerja/,localized,localized,Medium,,yes,/assets/og/id-guide-di-mana-font-discord-bekerja.png,yes,,n/a,,OG triple completed,
https://ultratextgen.com/id/guide/format-teks-discord-dijelaskan/,localized,localized,Medium,,yes,/assets/og/id-guide-format-teks-discord-dijelaskan.png,yes,,n/a,,OG triple completed,
https://ultratextgen.com/id/guide/,localized,localized,Medium,,yes,/assets/og/id-guide.png,yes,,n/a,,OG triple completed,
https://ultratextgen.com/id/guide/nama-discord-aman/,localized,localized,Medium,,yes,/assets/og/id-guide-nama-discord-aman.png,yes,,n/a,,OG triple completed,
https://ultratextgen.com/id/huruf-besar-kecil/,localized,localized,Medium,,yes,/assets/og/id-huruf-besar-kecil.png,yes,,n/a,,OG triple completed,
https://ultratextgen.com/id/huruf-kecil-diatas/,localized,localized,Medium,,yes,/assets/og/id-huruf-kecil-diatas.png,yes,/assets/hero/id-huruf-kecil-diatas.svg,yes,,OG triple completed; hero set decorative,
https://ultratextgen.com/id/huruf-keren-a-sampai-z/,localized,localized,Medium,,yes,/assets/og/id-huruf-keren-a-sampai-z.png,yes,/assets/hero/id-huruf-keren-a-sampai-z.svg,yes,,OG triple completed; hero set decorative,
https://ultratextgen.com/id/,localized,localized,Medium,,yes,/assets/og/id.png,yes,/assets/hero/id.svg,yes,,OG triple completed; hero set decorative,
https://ultratextgen.com/id/kombinasi-emoji/,localized,localized,Medium,,yes,/assets/og/id-kombinasi-emoji.png,yes,/assets/hero/id-kombinasi-emoji.svg,yes,,OG triple completed; hero set decorative,
https://ultratextgen.com/id/library/cat-kaomoji/,localized,localized,Medium,,yes,/assets/og/id-library-cat-kaomoji.png,yes,/assets/hero/id-library-cat-kaomoji.svg,yes,,OG present; hero set decorative,
https://ultratextgen.com/id/library/crying-kaomoji/,localized,localized,Medium,,yes,/assets/og/id-library-crying-kaomoji.png,yes,/assets/hero/id-library-crying-kaomoji.svg,yes,,OG present; hero set decorative,
https://ultratextgen.com/id/library/cute-kaomoji/,localized,localized,Medium,,yes,/assets/og/id-library-cute-kaomoji.png,yes,/assets/hero/id-library-cute-kaomoji.svg,yes,,OG present; hero set decorative,
https://ultratextgen.com/id/library/emoji-sedih/,localized,localized,Medium,,yes,/assets/og/id-library-emoji-sedih.png,yes,/assets/hero/id-library-emoji-sedih.svg,yes,,OG triple completed; hero set decorative,
https://ultratextgen.com/id/library/happy-kaomoji/,localized,localized,Medium,,yes,/assets/og/id-library-happy-kaomoji.png,yes,/assets/hero/id-library-happy-kaomoji.svg,yes,,OG present; hero set decorative,
https://ultratextgen.com/id/library/,localized,localized,Medium,,yes,/assets/og/id-library.png,yes,/assets/hero/id-library.svg,yes,,OG triple completed; hero set decorative,
https://ultratextgen.com/id/library/kaomoji/,localized,localized,Medium,,yes,/assets/og/id-library-kaomoji.png,yes,/assets/hero/id-library-kaomoji.svg,yes,,OG triple completed; hero set decorative,
https://ultratextgen.com/id/library/love-kaomoji/,localized,localized,Medium,,yes,/assets/og/id-library-love-kaomoji.png,yes,/assets/hero/id-library-love-kaomoji.svg,yes,,OG present; hero set decorative,
https://ultratextgen.com/id/library/sad-kaomoji/,localized,localized,Medium,,yes,/assets/og/id-library-sad-kaomoji.png,yes,/assets/hero/id-library-sad-kaomoji.svg,yes,,OG present; hero set decorative,
https://ultratextgen.com/id/library/shrug-kaomoji/,localized,localized,Medium,,yes,/assets/og/id-library-shrug-kaomoji.png,yes,/assets/hero/id-library-shrug-kaomoji.svg,yes,,OG present; hero set decorative,
https://ultratextgen.com/id/library/simbol-aesthetic/,localized,localized,Medium,,yes,/assets/og/id-library-simbol-aesthetic.png,yes,/assets/hero/id-library-simbol-aesthetic.svg,yes,,OG triple completed; hero set decorative,
https://ultratextgen.com/id/library/simbol-bintang/,localized,localized,Medium,,yes,/assets/og/id-library-simbol-bintang.png,yes,/assets/hero/id-library-simbol-bintang.svg,yes,,OG triple completed; hero set decorative,
https://ultratextgen.com/id/library/simbol-bunga/,localized,localized,Medium,,yes,/assets/og/id-library-simbol-bunga.png,yes,/assets/hero/id-library-simbol-bunga.svg,yes,,OG triple completed; hero set decorative,
https://ultratextgen.com/id/library/simbol-centang/,localized,localized,Medium,,yes,/assets/og/id-library-simbol-centang.png,yes,/assets/hero/id-library-simbol-centang.svg,yes,,OG triple completed; hero set decorative,
https://ultratextgen.com/id/library/simbol-coquette/,localized,localized,Medium,,yes,/assets/og/id-library-simbol-coquette.png,yes,/assets/hero/id-library-simbol-coquette.svg,yes,,OG triple completed; hero set decorative,
https://ultratextgen.com/id/library/simbol-cottagecore/,localized,localized,Medium,,yes,/assets/og/id-library-simbol-cottagecore.png,yes,/assets/hero/id-library-simbol-cottagecore.svg,yes,,OG triple completed; hero set decorative,
https://ultratextgen.com/id/library/simbol-discord/,localized,localized,Medium,,yes,/assets/og/id-library-simbol-discord.png,yes,/assets/hero/id-library-simbol-discord.svg,yes,,OG triple completed; hero set decorative,
https://ultratextgen.com/id/library/simbol-dreamcore-weirdcore/,localized,localized,Medium,,yes,/assets/og/id-library-simbol-dreamcore-weirdcore.png,yes,/assets/hero/id-library-simbol-dreamcore-weirdcore.svg,yes,,OG triple completed; hero set decorative,
https://ultratextgen.com/id/library/simbol-facebook/,localized,localized,Medium,,yes,/assets/og/id-library-simbol-facebook.png,yes,/assets/hero/id-library-simbol-facebook.svg,yes,,OG triple completed; hero set decorative,
https://ultratextgen.com/id/library/simbol-fairycore/,localized,localized,Medium,,yes,/assets/og/id-library-simbol-fairycore.png,yes,/assets/hero/id-library-simbol-fairycore.svg,yes,,OG triple completed; hero set decorative,
https://ultratextgen.com/id/library/simbol-ff/,localized,localized,Medium,,yes,/assets/og/id-library-simbol-ff.png,yes,/assets/hero/id-library-simbol-ff.svg,yes,,OG triple completed; hero set decorative,
https://ultratextgen.com/id/library/simbol-fortnite/,localized,localized,Medium,,yes,/assets/og/library-fortnite-symbols.png,yes,,n/a,,OG present,
https://ultratextgen.com/id/library/simbol-garis/,localized,localized,Medium,,yes,/assets/og/id-library-simbol-garis.png,yes,/assets/hero/id-library-simbol-garis.svg,yes,,OG triple completed; hero set decorative,
https://ultratextgen.com/id/library/simbol-gender/,localized,localized,Medium,,yes,/assets/og/id-library-simbol-gender.png,yes,/assets/hero/id-library-simbol-gender.svg,yes,,OG triple completed; hero set decorative,
https://ultratextgen.com/id/library/simbol-geometri/,localized,localized,Medium,,yes,/assets/og/id-library-simbol-geometri.png,yes,/assets/hero/id-library-simbol-geometri.svg,yes,,OG triple completed; hero set decorative,
https://ultratextgen.com/id/library/simbol-goth-grunge/,localized,localized,Medium,,yes,/assets/og/id-library-simbol-goth-grunge.png,yes,/assets/hero/id-library-simbol-goth-grunge.svg,yes,,OG triple completed; hero set decorative,
https://ultratextgen.com/id/library/simbol-jepang/,localized,localized,Medium,,yes,/assets/og/id-library-simbol-jepang.png,yes,/assets/hero/id-library-simbol-jepang.svg,yes,,OG triple completed; hero set decorative,
https://ultratextgen.com/id/library/simbol-kawaii-cute/,localized,localized,Medium,,yes,/assets/og/id-library-simbol-kawaii-cute.png,yes,/assets/hero/id-library-simbol-kawaii-cute.svg,yes,,OG triple completed; hero set decorative,
https://ultratextgen.com/id/library/simbol-love/,localized,localized,Medium,,yes,/assets/og/id-library-simbol-love.png,yes,/assets/hero/id-library-simbol-love.svg,yes,,OG triple completed; hero set decorative,
https://ultratextgen.com/id/library/simbol-matematika/,localized,localized,Medium,,yes,/assets/og/id-library-simbol-matematika.png,yes,/assets/hero/id-library-simbol-matematika.svg,yes,,OG triple completed; hero set decorative,
https://ultratextgen.com/id/library/simbol-minecraft/,localized,localized,Medium,,yes,/assets/og/library-minecraft-symbols.png,yes,,n/a,,OG present,
https://ultratextgen.com/id/library/simbol-musik/,localized,localized,Medium,,yes,/assets/og/id-library-simbol-musik.png,yes,/assets/hero/id-library-simbol-musik.svg,yes,,OG triple completed; hero set decorative,
https://ultratextgen.com/id/library/simbol-nickname/,localized,localized,Medium,,yes,/assets/og/library-nickname-symbols.png,yes,/assets/hero/library-nickname-symbols.svg,yes,,OG triple completed; hero set decorative,
https://ultratextgen.com/id/library/simbol-panah/,localized,localized,Medium,,yes,/assets/og/id-library-simbol-panah.png,yes,/assets/hero/id-library-simbol-panah.svg,yes,,OG triple completed; hero set decorative,
https://ultratextgen.com/id/library/simbol-pecahan/,localized,localized,Medium,,yes,/assets/og/id-library-simbol-pecahan.png,yes,/assets/hero/id-library-simbol-pecahan.svg,yes,,OG triple completed; hero set decorative,
https://ultratextgen.com/id/library/simbol-poin/,localized,localized,Medium,,yes,/assets/og/id-library-simbol-poin.png,yes,/assets/hero/id-library-simbol-poin.svg,yes,,OG triple completed; hero set decorative,
https://ultratextgen.com/id/library/simbol-pubg/,localized,localized,Medium,,yes,/assets/og/library-pubg-symbols.png,yes,,n/a,,OG present,
https://ultratextgen.com/id/library/simbol-roblox/,localized,localized,Medium,,yes,/assets/og/id-library-simbol-roblox.png,yes,/assets/hero/id-library-simbol-roblox.svg,yes,,OG triple completed; hero set decorative,
https://ultratextgen.com/id/library/simbol-salib/,localized,localized,Medium,,yes,/assets/og/id-library-simbol-salib.png,yes,/assets/hero/id-library-simbol-salib.svg,yes,,OG triple completed; hero set decorative,
https://ultratextgen.com/id/library/simbol-therian/,localized,localized,Medium,,yes,/assets/og/id-library-simbol-therian.png,yes,/assets/hero/id-library-simbol-therian.svg,yes,,OG triple completed; hero set decorative,
https://ultratextgen.com/id/library/simbol-witchy-occult/,localized,localized,Medium,,yes,/assets/og/id-library-simbol-witchy-occult.png,yes,/assets/hero/id-library-simbol-witchy-occult.svg,yes,,OG triple completed; hero set decorative,
https://ultratextgen.com/id/library/simbol-y2k/,localized,localized,Medium,,yes,/assets/og/id-library-simbol-y2k.png,yes,/assets/hero/id-library-simbol-y2k.svg,yes,,OG triple completed; hero set decorative,
https://ultratextgen.com/id/library/simbol-yunani/,localized,localized,Medium,,yes,/assets/og/id-library-simbol-yunani.png,yes,/assets/hero/id-library-simbol-yunani.svg,yes,,OG triple completed; hero set decorative,
https://ultratextgen.com/id/library/simbol-zodiak/,localized,localized,Medium,,yes,/assets/og/id-library-simbol-zodiak.png,yes,/assets/hero/id-library-simbol-zodiak.svg,yes,,OG triple completed; hero set decorative,
https://ultratextgen.com/id/penghitung-kata-dan-karakter/,localized,localized,Medium,,yes,/assets/og/id-penghitung-kata-dan-karakter.png,yes,,n/a,,OG triple completed,
https://ultratextgen.com/id/spasi-kosong/,localized,localized,Medium,,yes,/assets/og/id-spasi-kosong.png,yes,/assets/hero/id-spasi-kosong.svg,yes,,OG triple completed; hero set decorative,
https://ultratextgen.com/id/symbol/,localized,localized,Medium,,yes,/assets/og/id-symbol.png,yes,,n/a,,OG present,
https://ultratextgen.com/id/symbol/simbol-derajat/,localized,localized,Medium,,yes,/assets/og/id-symbol-simbol-derajat.png,yes,/assets/hero/id-symbol-simbol-derajat.svg,yes,,OG triple completed; hero set decorative,
https://ultratextgen.com/id/symbol/simbol-kutip/,localized,localized,Medium,,yes,/assets/og/id-symbol-simbol-kutip.png,yes,/assets/hero/id-symbol-simbol-kutip.svg,yes,,OG triple completed; hero set decorative,
https://ultratextgen.com/id/tulisan-aesthetic/,localized,localized,Medium,,yes,/assets/og/category-aesthetic-fonts.png,yes,/assets/hero/category-aesthetic-fonts.svg,yes,,OG triple completed; hero set decorative,
https://ultratextgen.com/id/tulisan-coret/,localized,localized,Medium,,yes,/assets/og/id-tulisan-coret.png,yes,/assets/hero/id-tulisan-coret.svg,yes,,OG triple completed; hero set decorative,
https://ultratextgen.com/id/tulisan-gotik/,localized,localized,Medium,,yes,/assets/og/id-tulisan-gotik.png,yes,/assets/hero/id-tulisan-gotik.svg,yes,,OG triple completed; hero set decorative,
https://ultratextgen.com/id/tulisan-kecil/,localized,localized,Medium,,yes,/assets/og/id-tulisan-kecil.png,yes,/assets/hero/id-tulisan-kecil.svg,yes,,OG triple completed; hero set decorative,
https://ultratextgen.com/id/tulisan-miring/,localized,localized,Medium,,yes,/assets/og/id-tulisan-miring.png,yes,/assets/hero/id-tulisan-miring.svg,yes,,OG triple completed; hero set decorative,
https://ultratextgen.com/id/tulisan-sambung/,localized,localized,Medium,,yes,/assets/og/id-tulisan-sambung.png,yes,/assets/hero/id-tulisan-sambung.svg,yes,,OG triple completed; hero set decorative,
https://ultratextgen.com/id/tulisan-tebal/,localized,localized,Medium,,yes,/assets/og/id-tulisan-tebal.png,yes,/assets/hero/id-tulisan-tebal.svg,yes,,OG triple completed; hero set decorative,
https://ultratextgen.com/id/tulisan-terbalik/,localized,localized,Medium,,yes,/assets/og/id-tulisan-terbalik.png,yes,/assets/hero/id-tulisan-terbalik.svg,yes,,OG triple completed; hero set decorative,
https://ultratextgen.com/id/usecase/bio-ig-aesthetic/,localized,localized,Medium,,yes,/assets/og/id-usecase-bio-ig-aesthetic.png,yes,/assets/hero/id-usecase-bio-ig-aesthetic.svg,yes,,OG triple completed; hero set decorative,
https://ultratextgen.com/id/usecase/bio-tiktok-aesthetic/,localized,localized,Medium,,yes,/assets/og/id-usecase-bio-tiktok-aesthetic.png,yes,/assets/hero/id-usecase-bio-tiktok-aesthetic.svg,yes,,OG triple completed; hero set decorative,
https://ultratextgen.com/id/usecase/bio-wa-aesthetic/,localized,localized,Medium,,yes,/assets/og/id-usecase-bio-wa-aesthetic.png,yes,/assets/hero/id-usecase-bio-wa-aesthetic.svg,yes,,OG triple completed; hero set decorative,
https://ultratextgen.com/id/usecase/font-tato/,localized,localized,Medium,,yes,/assets/og/id-usecase-font-tato.png,yes,/assets/hero/id-usecase-font-tato.svg,yes,,OG triple completed; hero set decorative,
https://ultratextgen.com/id/usecase/,localized,localized,Medium,,yes,/assets/og/id-usecase.png,yes,/assets/hero/id-usecase.svg,yes,,OG triple completed; hero set decorative,
https://ultratextgen.com/id/usecase/nama-coc-keren/,localized,localized,Medium,,yes,/assets/og/id-usecase-nama-coc-keren.png,yes,,n/a,,OG triple completed,
https://ultratextgen.com/id/usecase/nama-couple-ff-aesthetic/,localized,localized,Medium,,yes,/assets/og/id-usecase-nama-couple-ff-aesthetic.png,yes,/assets/hero/id-usecase-nama-couple-ff-aesthetic.svg,yes,,OG triple completed; hero set decorative,
https://ultratextgen.com/id/usecase/nama-discord-keren/,localized,localized,Medium,,yes,/assets/og/id-usecase-nama-discord-keren.png,yes,/assets/hero/id-usecase-nama-discord-keren.svg,yes,,OG triple completed; hero set decorative,
https://ultratextgen.com/id/usecase/nama-ff-keren-cewek/,localized,localized,Medium,,yes,/assets/og/id-usecase-nama-ff-keren-cewek.png,yes,/assets/hero/id-usecase-nama-ff-keren-cewek.svg,yes,,OG triple completed; hero set decorative,
https://ultratextgen.com/id/usecase/nama-ff-keren-cowok/,localized,localized,Medium,,yes,/assets/og/id-usecase-nama-ff-keren-cowok.png,yes,/assets/hero/id-usecase-nama-ff-keren-cowok.svg,yes,,OG triple completed; hero set decorative,
https://ultratextgen.com/id/usecase/nama-ff-keren/,localized,localized,Medium,,yes,/assets/og/id-usecase-nama-ff-keren.png,yes,/assets/hero/id-usecase-nama-ff-keren.svg,yes,,OG triple completed; hero set decorative,
https://ultratextgen.com/id/usecase/nama-fortnite-keren/,localized,localized,Medium,,yes,/assets/og/id-usecase-nama-fortnite-keren.png,yes,/assets/hero/id-usecase-nama-fortnite-keren.svg,yes,,OG triple completed; hero set decorative,
https://ultratextgen.com/id/usecase/nama-guild-ff-keren/,localized,localized,Medium,,yes,/assets/og/id-usecase-nama-guild-ff-keren.png,yes,/assets/hero/id-usecase-nama-guild-ff-keren.svg,yes,,OG triple completed; hero set decorative,
https://ultratextgen.com/id/usecase/nama-ig-aesthetic/,localized,localized,Medium,,yes,/assets/og/id-usecase-nama-ig-aesthetic.png,yes,/assets/hero/id-usecase-nama-ig-aesthetic.svg,yes,,OG triple completed; hero set decorative,
https://ultratextgen.com/id/usecase/nama-keren/,localized,localized,Medium,,yes,/assets/og/id-usecase-nama-keren.png,yes,/assets/hero/id-usecase-nama-keren.svg,yes,,OG triple completed; hero set decorative,
https://ultratextgen.com/id/usecase/nama-ml-keren-cowok/,localized,localized,Medium,,yes,/assets/og/id-usecase-nama-ml-keren-cowok.png,yes,/assets/hero/id-usecase-nama-ml-keren-cowok.svg,yes,,OG triple completed; hero set decorative,
https://ultratextgen.com/id/usecase/nama-ml-keren-girl/,localized,localized,Medium,,yes,/assets/og/id-usecase-nama-ml-keren-girl.png,yes,/assets/hero/id-usecase-nama-ml-keren-girl.svg,yes,,OG triple completed; hero set decorative,
https://ultratextgen.com/id/usecase/nama-ml-keren/,localized,localized,Medium,,yes,/assets/og/id-usecase-nama-ml-keren.png,yes,/assets/hero/id-usecase-nama-ml-keren.svg,yes,,OG triple completed; hero set decorative,
https://ultratextgen.com/id/usecase/nama-panggilan/,localized,localized,Medium,,yes,/assets/og/usecase-nickname-generator.png,yes,/assets/hero/usecase-nickname-generator.svg,yes,,OG triple completed; hero set decorative,
https://ultratextgen.com/id/usecase/nama-pubg-keren/,localized,localized,Medium,,yes,/assets/og/id-usecase-nama-pubg-keren.png,yes,/assets/hero/id-usecase-nama-pubg-keren.svg,yes,,OG triple completed; hero set decorative,
https://ultratextgen.com/id/usecase/nama-roblox-keren/,localized,localized,Medium,,yes,/assets/og/id-usecase-nama-roblox-keren.png,yes,,n/a,,OG triple completed,
https://ultratextgen.com/id/usecase/nama-squad-ml-keren/,localized,localized,Medium,,yes,/assets/og/id-usecase-nama-squad-ml-keren.png,yes,/assets/hero/id-usecase-nama-squad-ml-keren.svg,yes,,OG triple completed; hero set decorative,
https://ultratextgen.com/id/usecase/nama-tiktok-keren/,localized,localized,Medium,,yes,/assets/og/id-usecase-nama-tiktok-keren.png,yes,/assets/hero/id-usecase-nama-tiktok-keren.svg,yes,,OG triple completed; hero set decorative,
https://ultratextgen.com/id/usecase/nama-valorant-keren/,localized,localized,Medium,,yes,/assets/og/id-usecase-nama-valorant-keren.png,yes,/assets/hero/id-usecase-nama-valorant-keren.svg,yes,,OG triple completed; hero set decorative,
https://ultratextgen.com/id/usecase/penerjemah-emoji/,localized,localized,Medium,,yes,/assets/og/id-usecase-penerjemah-emoji.png,yes,/assets/hero/id-usecase-penerjemah-emoji.svg,yes,,OG triple completed; hero set decorative,
https://ultratextgen.com/id/usecase/vertical-text/,localized,localized,Medium,,yes,/assets/og/id-usecase-vertical-text.png,yes,/assets/hero/id-usecase-vertical-text.svg,yes,,OG triple completed; hero set decorative,
https://ultratextgen.com/id/usecase/zalgo-text/,localized,localized,Medium,,yes,/assets/og/id-usecase-zalgo-text.png,yes,/assets/hero/id-usecase-zalgo-text.svg,yes,,OG triple completed; hero set decorative,
https://ultratextgen.com/it/caratteri-speciali/,localized,localized,Medium,,yes,/assets/og/it-caratteri-speciali.png,yes,/assets/hero/it-caratteri-speciali.svg,yes,,OG triple completed; hero set decorative,
https://ultratextgen.com/it/category/,localized,localized,Medium,,yes,/assets/og/it-category.png,yes,/assets/hero/it-category.svg,yes,,OG triple completed; hero set decorative,
https://ultratextgen.com/it/combinazioni-emoji/,localized,localized,Medium,,yes,/assets/og/it-combinazioni-emoji.png,yes,/assets/hero/it-combinazioni-emoji.svg,yes,,OG triple completed; hero set decorative,
https://ultratextgen.com/it/contatore-di-parole-e-caratteri/,localized,localized,Medium,,yes,/assets/og/it-contatore-di-parole-e-caratteri.png,yes,,n/a,,OG triple completed,
https://ultratextgen.com/it/convertitore-di-caratteri/,localized,localized,Medium,,yes,/assets/og/it-convertitore-di-caratteri.png,yes,/assets/hero/it-convertitore-di-caratteri.svg,yes,,OG triple completed; hero set decorative,
https://ultratextgen.com/it/da-stampare/alfabeto-corsivo/,localized,localized,Medium,,yes,/assets/og/it-da-stampare-alfabeto-corsivo.png,yes,,n/a,,OG triple completed,
https://ultratextgen.com/it/da-stampare/alfabeto-spagnolo/,localized,localized,Medium,,yes,/assets/og/it-da-stampare-alfabeto-spagnolo.png,yes,,n/a,,OG triple completed,
https://ultratextgen.com/it/da-stampare/,localized,localized,Medium,,yes,/assets/og/it-da-stampare.png,yes,,n/a,,OG triple completed,
https://ultratextgen.com/it/da-stampare/nome-da-colorare/,localized,localized,Medium,,yes,/assets/og/it-da-stampare-nome-da-colorare.png,yes,,n/a,,OG triple completed,
https://ultratextgen.com/it/da-stampare/tracciare-il-nome/,localized,localized,Medium,,yes,/assets/og/it-da-stampare-tracciare-il-nome.png,yes,,n/a,,OG triple completed,
https://ultratextgen.com/it/font-copia-e-incolla/,localized,localized,Medium,,yes,/assets/og/it-font-copia-e-incolla.png,yes,/assets/hero/it-font-copia-e-incolla.svg,yes,,OG triple completed; hero set decorative,
https://ultratextgen.com/it/font-facebook/,localized,localized,Medium,,yes,/assets/og/it-font-facebook.png,yes,/assets/hero/it-font-facebook.svg,yes,,OG triple completed; hero set decorative,
https://ultratextgen.com/it/font-instagram/,localized,localized,Medium,,yes,/assets/og/it-font-instagram.png,yes,/assets/hero/it-font-instagram.svg,yes,,OG triple completed; hero set decorative,
https://ultratextgen.com/it/font-snapchat/,localized,localized,Medium,,yes,/assets/og/it-font-snapchat.png,yes,/assets/hero/it-font-snapchat.svg,yes,,OG triple completed; hero set decorative,
https://ultratextgen.com/it/font-telegram/,localized,localized,Medium,,yes,/assets/og/it-font-telegram.png,yes,/assets/hero/it-font-telegram.svg,yes,,OG triple completed; hero set decorative,
https://ultratextgen.com/it/font-tiktok/,localized,localized,Medium,,yes,/assets/og/it-font-tiktok.png,yes,/assets/hero/it-font-tiktok.svg,yes,,OG triple completed; hero set decorative,
https://ultratextgen.com/it/font-whatsapp/,localized,localized,Medium,,yes,/assets/og/it-font-whatsapp.png,yes,/assets/hero/it-font-whatsapp.svg,yes,,OG triple completed; hero set decorative,
https://ultratextgen.com/it/generatore-di-font/,localized,localized,Medium,,yes,/assets/og/it-generatore-di-font.png,yes,/assets/hero/it-generatore-di-font.svg,yes,,OG triple completed; hero set decorative,
https://ultratextgen.com/it/gotico/,localized,localized,Medium,,yes,/assets/og/it-gotico.png,yes,/assets/hero/it-gotico.svg,yes,,OG triple completed; hero set decorative,
https://ultratextgen.com/it/grassetto/,localized,localized,Medium,,yes,/assets/og/it-grassetto.png,yes,/assets/hero/it-grassetto.svg,yes,,OG triple completed; hero set decorative,
https://ultratextgen.com/it/guide/dove-funzionano-i-font-discord/,localized,localized,Medium,,yes,/assets/og/it-guide-dove-funzionano-i-font-discord.png,yes,,n/a,,OG triple completed,
https://ultratextgen.com/it/guide/formattazione-testo-discord-spiegata/,localized,localized,Medium,,yes,/assets/og/it-guide-formattazione-testo-discord-spiegata.png,yes,,n/a,,OG triple completed,
https://ultratextgen.com/it/guide/,localized,localized,Medium,,yes,/assets/og/it-guide.png,yes,,n/a,,OG triple completed,
https://ultratextgen.com/it/guide/nome-discord-senza-rischi/,localized,localized,Medium,,yes,/assets/og/it-guide-nome-discord-senza-rischi.png,yes,,n/a,,OG triple completed,
https://ultratextgen.com/it/,localized,localized,Medium,,yes,/assets/og/it.png,yes,/assets/hero/it.svg,yes,,OG triple completed; hero set decorative,
https://ultratextgen.com/it/lettere-in-corsivo/,localized,localized,Medium,,yes,/assets/og/it-lettere-in-corsivo.png,yes,/assets/hero/it-lettere-in-corsivo.svg,yes,,OG triple completed; hero set decorative,
https://ultratextgen.com/it/library/codici-alt/,localized,localized,Medium,,yes,/assets/og/it-library-codici-alt.png,yes,/assets/hero/it-library-codici-alt.svg,yes,,OG triple completed; hero set decorative,
https://ultratextgen.com/it/library/,localized,localized,Medium,,yes,/assets/og/it-library.png,yes,/assets/hero/it-library.svg,yes,,OG triple completed; hero set decorative,
https://ultratextgen.com/it/library/kaomoji/,localized,localized,Medium,,yes,/assets/og/it-library-kaomoji.png,yes,/assets/hero/it-library-kaomoji.svg,yes,,OG triple completed; hero set decorative,
https://ultratextgen.com/it/library/simboli-coquette/,localized,localized,Medium,,yes,/assets/og/it-library-simboli-coquette.png,yes,/assets/hero/it-library-simboli-coquette.svg,yes,,OG triple completed; hero set decorative,
https://ultratextgen.com/it/library/simboli-cottagecore/,localized,localized,Medium,,yes,/assets/og/it-library-simboli-cottagecore.png,yes,/assets/hero/it-library-simboli-cottagecore.svg,yes,,OG triple completed; hero set decorative,
https://ultratextgen.com/it/library/simboli-cuore/,localized,localized,Medium,,yes,/assets/og/it-library-simboli-cuore.png,yes,/assets/hero/it-library-simboli-cuore.svg,yes,,OG triple completed; hero set decorative,
https://ultratextgen.com/it/library/simboli-discord/,localized,localized,Medium,,yes,/assets/og/it-library-simboli-discord.png,yes,/assets/hero/it-library-simboli-discord.svg,yes,,OG triple completed; hero set decorative,
https://ultratextgen.com/it/library/simboli-dreamcore-weirdcore/,localized,localized,Medium,,yes,/assets/og/it-library-simboli-dreamcore-weirdcore.png,yes,/assets/hero/it-library-simboli-dreamcore-weirdcore.svg,yes,,OG triple completed; hero set decorative,
https://ultratextgen.com/it/library/simboli-euro/,localized,localized,Medium,,yes,/assets/og/it-library-simboli-euro.png,yes,/assets/hero/it-library-simboli-euro.svg,yes,,OG triple completed; hero set decorative,
https://ultratextgen.com/it/library/simboli-facebook/,localized,localized,Medium,,yes,/assets/og/it-library-simboli-facebook.png,yes,/assets/hero/it-library-simboli-facebook.svg,yes,,OG triple completed; hero set decorative,
https://ultratextgen.com/it/library/simboli-fairycore/,localized,localized,Medium,,yes,/assets/og/it-library-simboli-fairycore.png,yes,/assets/hero/it-library-simboli-fairycore.svg,yes,,OG triple completed; hero set decorative,
https://ultratextgen.com/it/library/simboli-goth-grunge/,localized,localized,Medium,,yes,/assets/og/it-library-simboli-goth-grunge.png,yes,/assets/hero/it-library-simboli-goth-grunge.svg,yes,,OG triple completed; hero set decorative,
https://ultratextgen.com/it/library/simboli-greci/,localized,localized,Medium,,yes,/assets/og/it-library-simboli-greci.png,yes,/assets/hero/it-library-simboli-greci.svg,yes,,OG triple completed; hero set decorative,
https://ultratextgen.com/it/library/simboli-kawaii-cute/,localized,localized,Medium,,yes,/assets/og/it-library-simboli-kawaii-cute.png,yes,/assets/hero/it-library-simboli-kawaii-cute.svg,yes,,OG triple completed; hero set decorative,
https://ultratextgen.com/it/library/simboli-parentesi/,localized,localized,Medium,,yes,/assets/og/it-library-simboli-parentesi.png,yes,/assets/hero/it-library-simboli-parentesi.svg,yes,,OG triple completed; hero set decorative,
https://ultratextgen.com/it/library/simboli-punteggiatura/,localized,localized,Medium,,yes,/assets/og/it-library-simboli-punteggiatura.png,yes,/assets/hero/it-library-simboli-punteggiatura.svg,yes,,OG triple completed; hero set decorative,
https://ultratextgen.com/it/library/simboli-roblox/,localized,localized,Medium,,yes,/assets/og/it-library-simboli-roblox.png,yes,/assets/hero/it-library-simboli-roblox.svg,yes,,OG triple completed; hero set decorative,
https://ultratextgen.com/it/library/simboli-stella/,localized,localized,Medium,,yes,/assets/og/it-library-simboli-stella.png,yes,/assets/hero/it-library-simboli-stella.svg,yes,,OG triple completed; hero set decorative,
https://ultratextgen.com/it/library/simboli-therian/,localized,localized,Medium,,yes,/assets/og/it-library-simboli-therian.png,yes,/assets/hero/it-library-simboli-therian.svg,yes,,OG triple completed; hero set decorative,
https://ultratextgen.com/it/library/simboli-witchy-occult/,localized,localized,Medium,,yes,/assets/og/it-library-simboli-witchy-occult.png,yes,/assets/hero/it-library-simboli-witchy-occult.svg,yes,,OG triple completed; hero set decorative,
https://ultratextgen.com/it/library/simboli-y2k/,localized,localized,Medium,,yes,/assets/og/it-library-simboli-y2k.png,yes,/assets/hero/it-library-simboli-y2k.svg,yes,,OG triple completed; hero set decorative,
https://ultratextgen.com/it/library/simboli-zodiaco/,localized,localized,Medium,,yes,/assets/og/it-library-simboli-zodiaco.png,yes,/assets/hero/it-library-simboli-zodiaco.svg,yes,,OG triple completed; hero set decorative,
https://ultratextgen.com/it/library/simboli/,localized,localized,Medium,,yes,/assets/og/it-library-simboli.png,yes,/assets/hero/it-library-simboli.svg,yes,,OG triple completed; hero set decorative,
https://ultratextgen.com/it/maiuscole-e-minuscole/,localized,localized,Medium,,yes,/assets/og/it-maiuscole-e-minuscole.png,yes,,n/a,,OG triple completed,
https://ultratextgen.com/it/nickname/,localized,localized,Medium,,yes,/assets/og/it-nickname.png,yes,/assets/hero/it-nickname.svg,yes,,OG triple completed; hero set decorative,
https://ultratextgen.com/it/scritte-3d/,localized,localized,Medium,,yes,/assets/og/it-scritte-3d.png,yes,/assets/hero/it-scritte-3d.svg,yes,,OG triple completed; hero set decorative,
https://ultratextgen.com/it/scritte-aesthetic/,localized,localized,Medium,,yes,/assets/og/it-scritte-aesthetic.png,yes,/assets/hero/it-scritte-aesthetic.svg,yes,,OG triple completed; hero set decorative,
https://ultratextgen.com/it/scritte-belle/,localized,localized,Medium,,yes,/assets/og/it-scritte-belle.png,yes,/assets/hero/it-scritte-belle.svg,yes,,OG triple completed; hero set decorative,
https://ultratextgen.com/it/scritte-particolari/,localized,localized,Medium,,yes,/assets/og/it-scritte-particolari.png,yes,/assets/hero/it-scritte-particolari.svg,yes,,OG triple completed; hero set decorative,
https://ultratextgen.com/it/symbol/croce-ortodossa/,localized,localized,Medium,,yes,/assets/og/it-symbol-croce-ortodossa.png,yes,,n/a,,OG present,
https://ultratextgen.com/it/symbol/freccia-destra/,localized,localized,Medium,,yes,/assets/og/it-symbol-freccia-destra.png,yes,,n/a,,OG present,
https://ultratextgen.com/it/symbol/freccia-giu/,localized,localized,Medium,,yes,/assets/og/it-symbol-freccia-giu.png,yes,,n/a,,OG present,
https://ultratextgen.com/it/symbol/freccia-sinistra/,localized,localized,Medium,,yes,/assets/og/it-symbol-freccia-sinistra.png,yes,,n/a,,OG present,
https://ultratextgen.com/it/symbol/freccia-su/,localized,localized,Medium,,yes,/assets/og/it-symbol-freccia-su.png,yes,,n/a,,OG present,
https://ultratextgen.com/it/symbol/,localized,localized,Medium,,yes,/assets/og/it-symbol.png,yes,,n/a,,OG present,
https://ultratextgen.com/it/symbol/linea-verticale/,localized,localized,Medium,,yes,/assets/og/it-symbol-linea-verticale.png,yes,,n/a,,OG present,
https://ultratextgen.com/it/symbol/luna-nera-lilith/,localized,localized,Medium,,yes,/assets/og/it-symbol-luna-nera-lilith.png,yes,,n/a,,OG present,
https://ultratextgen.com/it/symbol/punto-interrogativo-inverso/,localized,localized,Medium,,yes,/assets/og/it-symbol-punto-interrogativo-inverso.png,yes,,n/a,,OG present,
https://ultratextgen.com/it/symbol/simboli-minore-maggiore/,localized,localized,Medium,,yes,/assets/og/it-symbol-simboli-minore-maggiore.png,yes,,n/a,,OG present,
https://ultratextgen.com/it/symbol/simbolo-acquario/,localized,localized,Medium,,yes,/assets/og/it-symbol-simbolo-acquario.png,yes,,n/a,,OG present,
https://ultratextgen.com/it/symbol/simbolo-alfa/,localized,localized,Medium,,yes,/assets/og/it-symbol-simbolo-alfa.png,yes,,n/a,,OG present,
https://ultratextgen.com/it/symbol/simbolo-anarchia/,localized,localized,Medium,,yes,/assets/og/it-symbol-simbolo-anarchia.png,yes,,n/a,,OG present,
https://ultratextgen.com/it/symbol/simbolo-ankh/,localized,localized,Medium,,yes,/assets/og/it-symbol-simbolo-ankh.png,yes,,n/a,,OG present,
https://ultratextgen.com/it/symbol/simbolo-ariete/,localized,localized,Medium,,yes,/assets/og/it-symbol-simbolo-ariete.png,yes,,n/a,,OG present,
https://ultratextgen.com/it/symbol/simbolo-autismo/,localized,localized,Medium,,yes,/assets/og/it-symbol-simbolo-autismo.png,yes,,n/a,,OG present,
https://ultratextgen.com/it/symbol/simbolo-bilancia/,localized,localized,Medium,,yes,/assets/og/it-symbol-simbolo-bilancia.png,yes,,n/a,,OG present,
https://ultratextgen.com/it/symbol/simbolo-bitcoin/,localized,localized,Medium,,yes,/assets/og/it-symbol-simbolo-bitcoin.png,yes,,n/a,,OG present,
https://ultratextgen.com/it/symbol/simbolo-cancro/,localized,localized,Medium,,yes,/assets/og/it-symbol-simbolo-cancro.png,yes,,n/a,,OG present,
https://ultratextgen.com/it/symbol/simbolo-capricorno/,localized,localized,Medium,,yes,/assets/og/it-symbol-simbolo-capricorno.png,yes,,n/a,,OG present,
https://ultratextgen.com/it/symbol/simbolo-carattere-invisibile/,localized,localized,Medium,,yes,/assets/og/it-symbol-simbolo-carattere-invisibile.png,yes,,n/a,,OG present,
https://ultratextgen.com/it/symbol/simbolo-celsius/,localized,localized,Medium,,yes,/assets/og/it-symbol-simbolo-celsius.png,yes,,n/a,,OG present,
https://ultratextgen.com/it/symbol/simbolo-centesimo/,localized,localized,Medium,,yes,/assets/og/it-symbol-simbolo-centesimo.png,yes,,n/a,,OG present,
https://ultratextgen.com/it/symbol/simbolo-chiocciola/,localized,localized,Medium,,yes,/assets/og/it-symbol-simbolo-chiocciola.png,yes,,n/a,,OG present,
https://ultratextgen.com/it/symbol/simbolo-congruente/,localized,localized,Medium,,yes,/assets/og/it-symbol-simbolo-congruente.png,yes,,n/a,,OG present,
https://ultratextgen.com/it/symbol/simbolo-copyright/,localized,localized,Medium,,yes,/assets/og/it-symbol-simbolo-copyright.png,yes,,n/a,,OG present,
https://ultratextgen.com/it/symbol/simbolo-croce/,localized,localized,Medium,,yes,/assets/og/it-symbol-simbolo-croce.png,yes,,n/a,,OG present,
https://ultratextgen.com/it/symbol/simbolo-cuore/,localized,localized,Medium,,yes,/assets/og/it-symbol-simbolo-cuore.png,yes,,n/a,,OG present,
https://ultratextgen.com/it/symbol/simbolo-della-pace/,localized,localized,Medium,,yes,/assets/og/it-symbol-simbolo-della-pace.png,yes,,n/a,,OG present,
https://ultratextgen.com/it/symbol/simbolo-delta/,localized,localized,Medium,,yes,/assets/og/it-symbol-simbolo-delta.png,yes,,n/a,,OG present,
https://ultratextgen.com/it/symbol/simbolo-di-paragrafo/,localized,localized,Medium,,yes,/assets/og/it-symbol-simbolo-di-paragrafo.png,yes,,n/a,,OG present,
https://ultratextgen.com/it/symbol/simbolo-di-sezione/,localized,localized,Medium,,yes,/assets/og/it-symbol-simbolo-di-sezione.png,yes,,n/a,,OG present,
https://ultratextgen.com/it/symbol/simbolo-di-spunta/,localized,localized,Medium,,yes,/assets/og/it-symbol-simbolo-di-spunta.png,yes,,n/a,,OG present,
https://ultratextgen.com/it/symbol/simbolo-diametro/,localized,localized,Medium,,yes,/assets/og/it-symbol-simbolo-diametro.png,yes,,n/a,,OG present,
https://ultratextgen.com/it/symbol/simbolo-diverso/,localized,localized,Medium,,yes,/assets/og/it-symbol-simbolo-diverso.png,yes,,n/a,,OG present,
https://ultratextgen.com/it/symbol/simbolo-divisione/,localized,localized,Medium,,yes,/assets/og/it-symbol-simbolo-divisione.png,yes,,n/a,,OG present,
https://ultratextgen.com/it/symbol/simbolo-dollaro/,localized,localized,Medium,,yes,/assets/og/it-symbol-simbolo-dollaro.png,yes,,n/a,,OG present,
https://ultratextgen.com/it/symbol/simbolo-e-commerciale/,localized,localized,Medium,,yes,/assets/og/it-symbol-simbolo-e-commerciale.png,yes,,n/a,,OG present,
https://ultratextgen.com/it/symbol/simbolo-euro/,localized,localized,Medium,,yes,/assets/og/it-symbol-simbolo-euro.png,yes,,n/a,,OG present,
https://ultratextgen.com/it/symbol/simbolo-fahrenheit/,localized,localized,Medium,,yes,/assets/og/it-symbol-simbolo-fahrenheit.png,yes,,n/a,,OG present,
https://ultratextgen.com/it/symbol/simbolo-fleur-de-lis/,localized,localized,Medium,,yes,/assets/og/it-symbol-simbolo-fleur-de-lis.png,yes,,n/a,,OG present,
https://ultratextgen.com/it/symbol/simbolo-gemelli/,localized,localized,Medium,,yes,/assets/og/it-symbol-simbolo-gemelli.png,yes,,n/a,,OG present,
https://ultratextgen.com/it/symbol/simbolo-gradi/,localized,localized,Medium,,yes,/assets/og/it-symbol-simbolo-gradi.png,yes,,n/a,,OG present,
https://ultratextgen.com/it/symbol/simbolo-hamsa/,localized,localized,Medium,,yes,/assets/og/it-symbol-simbolo-hamsa.png,yes,,n/a,,OG present,
https://ultratextgen.com/it/symbol/simbolo-infinito/,localized,localized,Medium,,yes,/assets/og/it-symbol-simbolo-infinito.png,yes,,n/a,,OG present,
https://ultratextgen.com/it/symbol/simbolo-khanda/,localized,localized,Medium,,yes,/assets/og/it-symbol-simbolo-khanda.png,yes,,n/a,,OG present,
https://ultratextgen.com/it/symbol/simbolo-leone/,localized,localized,Medium,,yes,/assets/og/it-symbol-simbolo-leone.png,yes,,n/a,,OG present,
https://ultratextgen.com/it/symbol/simbolo-marchio/,localized,localized,Medium,,yes,/assets/og/it-symbol-simbolo-marchio.png,yes,,n/a,,OG present,
https://ultratextgen.com/it/symbol/simbolo-micro/,localized,localized,Medium,,yes,/assets/og/it-symbol-simbolo-micro.png,yes,,n/a,,OG present,
https://ultratextgen.com/it/symbol/simbolo-moltiplicazione/,localized,localized,Medium,,yes,/assets/og/it-symbol-simbolo-moltiplicazione.png,yes,,n/a,,OG present,
https://ultratextgen.com/it/symbol/simbolo-ohm/,localized,localized,Medium,,yes,/assets/og/it-symbol-simbolo-ohm.png,yes,,n/a,,OG present,
https://ultratextgen.com/it/symbol/simbolo-om/,localized,localized,Medium,,yes,/assets/og/it-symbol-simbolo-om.png,yes,,n/a,,OG present,
https://ultratextgen.com/it/symbol/simbolo-omega/,localized,localized,Medium,,yes,/assets/og/it-symbol-simbolo-omega.png,yes,,n/a,,OG present,
https://ultratextgen.com/it/symbol/simbolo-pentagramma/,localized,localized,Medium,,yes,/assets/og/it-symbol-simbolo-pentagramma.png,yes,,n/a,,OG present,
https://ultratextgen.com/it/symbol/simbolo-pesci/,localized,localized,Medium,,yes,/assets/og/it-symbol-simbolo-pesci.png,yes,,n/a,,OG present,
https://ultratextgen.com/it/symbol/simbolo-pi-greco/,localized,localized,Medium,,yes,/assets/og/it-symbol-simbolo-pi-greco.png,yes,,n/a,,OG present,
https://ultratextgen.com/it/symbol/simbolo-piu-meno/,localized,localized,Medium,,yes,/assets/og/it-symbol-simbolo-piu-meno.png,yes,,n/a,,OG present,
https://ultratextgen.com/it/symbol/simbolo-quadrato-cubo/,localized,localized,Medium,,yes,/assets/og/it-symbol-simbolo-quadrato-cubo.png,yes,,n/a,,OG present,
https://ultratextgen.com/it/symbol/simbolo-rabbia/,localized,localized,Medium,,yes,/assets/og/it-symbol-simbolo-rabbia.png,yes,,n/a,,OG present,
https://ultratextgen.com/it/symbol/simbolo-radice-quadrata/,localized,localized,Medium,,yes,/assets/og/it-symbol-simbolo-radice-quadrata.png,yes,,n/a,,OG present,
https://ultratextgen.com/it/symbol/simbolo-riciclo/,localized,localized,Medium,,yes,/assets/og/it-symbol-simbolo-riciclo.png,yes,,n/a,,OG present,
https://ultratextgen.com/it/symbol/simbolo-rischio-biologico/,localized,localized,Medium,,yes,/assets/og/it-symbol-simbolo-rischio-biologico.png,yes,,n/a,,OG present,
https://ultratextgen.com/it/symbol/simbolo-rupia/,localized,localized,Medium,,yes,/assets/og/it-symbol-simbolo-rupia.png,yes,,n/a,,OG present,
https://ultratextgen.com/it/symbol/simbolo-sagittario/,localized,localized,Medium,,yes,/assets/og/it-symbol-simbolo-sagittario.png,yes,,n/a,,OG present,
https://ultratextgen.com/it/symbol/simbolo-scorpione/,localized,localized,Medium,,yes,/assets/og/it-symbol-simbolo-scorpione.png,yes,,n/a,,OG present,
https://ultratextgen.com/it/symbol/simbolo-sedia-a-rotelle/,localized,localized,Medium,,yes,/assets/og/it-symbol-simbolo-sedia-a-rotelle.png,yes,,n/a,,OG present,
https://ultratextgen.com/it/symbol/simbolo-sigma/,localized,localized,Medium,,yes,/assets/og/it-symbol-simbolo-sigma.png,yes,,n/a,,OG present,
https://ultratextgen.com/it/symbol/simbolo-stella/,localized,localized,Medium,,yes,/assets/og/it-symbol-simbolo-stella.png,yes,,n/a,,OG present,
https://ultratextgen.com/it/symbol/simbolo-sterlina/,localized,localized,Medium,,yes,/assets/og/it-symbol-simbolo-sterlina.png,yes,,n/a,,OG present,
https://ultratextgen.com/it/symbol/simbolo-stop/,localized,localized,Medium,,yes,/assets/og/it-symbol-simbolo-stop.png,yes,,n/a,,OG present,
https://ultratextgen.com/it/symbol/simbolo-toro/,localized,localized,Medium,,yes,/assets/og/it-symbol-simbolo-toro.png,yes,,n/a,,OG present,
https://ultratextgen.com/it/symbol/simbolo-vergine/,localized,localized,Medium,,yes,/assets/og/it-symbol-simbolo-vergine.png,yes,,n/a,,OG present,
https://ultratextgen.com/it/symbol/simbolo-virgolette/,localized,localized,Medium,,yes,/assets/og/it-symbol-simbolo-virgolette.png,yes,,n/a,,OG present,
https://ultratextgen.com/it/symbol/simbolo-won/,localized,localized,Medium,,yes,/assets/og/it-symbol-simbolo-won.png,yes,,n/a,,OG present,
https://ultratextgen.com/it/symbol/simbolo-yen/,localized,localized,Medium,,yes,/assets/og/it-symbol-simbolo-yen.png,yes,,n/a,,OG present,
https://ultratextgen.com/it/symbol/simbolo-yin-yang/,localized,localized,Medium,,yes,/assets/og/it-symbol-simbolo-yin-yang.png,yes,,n/a,,OG present,
https://ultratextgen.com/it/symbol/stella-di-david/,localized,localized,Medium,,yes,/assets/og/it-symbol-stella-di-david.png,yes,,n/a,,OG present,
https://ultratextgen.com/it/symbol/trattino-lungo/,localized,localized,Medium,,yes,/assets/og/it-symbol-trattino-lungo.png,yes,,n/a,,OG present,
https://ultratextgen.com/it/testo-barrato/,localized,localized,Medium,,yes,/assets/og/it-testo-barrato.png,yes,/assets/hero/it-testo-barrato.svg,yes,,OG triple completed; hero set decorative,
https://ultratextgen.com/it/testo-capovolto/,localized,localized,Medium,,yes,/assets/og/it-testo-capovolto.png,yes,/assets/hero/it-testo-capovolto.svg,yes,,OG triple completed; hero set decorative,
https://ultratextgen.com/it/testo-invisibile/,localized,localized,Medium,,yes,/assets/og/it-testo-invisibile.png,yes,/assets/hero/it-testo-invisibile.svg,yes,,OG triple completed; hero set decorative,
https://ultratextgen.com/it/testo-piccolo/,localized,localized,Medium,,yes,/assets/og/it-testo-piccolo.png,yes,/assets/hero/it-testo-piccolo.svg,yes,,OG triple completed; hero set decorative,
https://ultratextgen.com/it/usecase/font-per-bio/,localized,localized,Medium,,yes,/assets/og/it-usecase-font-per-bio.png,yes,/assets/hero/it-usecase-font-per-bio.svg,yes,,OG triple completed; hero set decorative,
https://ultratextgen.com/it/usecase/font-tatuaggi/,localized,localized,Medium,,yes,/assets/og/it-usecase-font-tatuaggi.png,yes,/assets/hero/it-usecase-font-tatuaggi.svg,yes,,OG triple completed; hero set decorative,
https://ultratextgen.com/it/usecase/,localized,localized,Medium,,yes,/assets/og/it-usecase.png,yes,/assets/hero/it-usecase.svg,yes,,OG triple completed; hero set decorative,
https://ultratextgen.com/it/usecase/traduttore-emoji/,localized,localized,Medium,,yes,/assets/og/it-usecase-traduttore-emoji.png,yes,/assets/hero/it-usecase-traduttore-emoji.svg,yes,,OG triple completed; hero set decorative,
https://ultratextgen.com/it/usecase/vertical-text/,localized,localized,Medium,,yes,/assets/og/it-usecase-vertical-text.png,yes,/assets/hero/it-usecase-vertical-text.svg,yes,,OG triple completed; hero set decorative,
https://ultratextgen.com/it/usecase/zalgo-text/,localized,localized,Medium,,yes,/assets/og/it-usecase-zalgo-text.png,yes,/assets/hero/it-usecase-zalgo-text.svg,yes,,OG triple completed; hero set decorative,
https://ultratextgen.com/ja/answers/game-namae-kyohi-riyuu/,localized,localized,Medium,,yes,/assets/og/answers-why-was-my-game-name-rejected.png,yes,,n/a,,OG triple completed,
https://ultratextgen.com/ja/answers/kuuhaku-namae-tsukurikata/,localized,localized,Medium,,yes,/assets/og/answers-how-to-make-a-blank-name.png,yes,,n/a,,OG triple completed,
https://ultratextgen.com/ja/answers/namae-shikaku-hyouji-riyuu/,localized,localized,Medium,,yes,/assets/og/answers-why-is-my-name-showing-as-boxes.png,yes,,n/a,,OG triple completed,
https://ultratextgen.com/ja/answers/yuuzaamei-matawa-hyoujimei/,localized,localized,Medium,,yes,/assets/og/answers-where-do-fancy-fonts-work-username-vs-display-name.png,yes,,n/a,,OG triple completed,
https://ultratextgen.com/ja/font-henkan/,localized,localized,Medium,,yes,/assets/og/ja-font-henkan.png,yes,/assets/hero/ja-font-henkan.svg,yes,,OG triple completed; hero set decorative,
https://ultratextgen.com/ja/gal-moji/,localized,localized,Medium,,yes,/assets/og/ja-gal-moji.png,yes,/assets/hero/ja-gal-moji.svg,yes,,OG triple completed; hero set decorative,
https://ultratextgen.com/ja/guide/discord-anzen-namae/,localized,localized,Medium,,yes,/assets/og/ja-guide-discord-anzen-namae.png,yes,,n/a,,OG triple completed,
https://ultratextgen.com/ja/guide/discord-font-doko/,localized,localized,Medium,,yes,/assets/og/ja-guide-discord-font-doko.png,yes,,n/a,,OG triple completed,
https://ultratextgen.com/ja/guide/discord-moji-soshoku/,localized,localized,Medium,,yes,/assets/og/ja-guide-discord-moji-soshoku.png,yes,,n/a,,OG triple completed,
https://ultratextgen.com/ja/guide/,localized,localized,Medium,,yes,/assets/og/ja-guide.png,yes,,n/a,,OG triple completed,
https://ultratextgen.com/ja/hikkitai/,localized,localized,Medium,,yes,/assets/og/ja-hikkitai.png,yes,/assets/hero/ja-hikkitai.svg,yes,,OG triple completed; hero set decorative,
https://ultratextgen.com/ja/,localized,localized,Medium,,yes,/assets/og/ja.png,yes,/assets/hero/ja.svg,yes,,OG triple completed; hero set decorative,
https://ultratextgen.com/ja/insta-font/,localized,localized,Medium,,yes,/assets/og/ja-insta-font.png,yes,/assets/hero/ja-insta-font.svg,yes,,OG triple completed; hero set decorative,
https://ultratextgen.com/ja/kawaii-moji/,localized,localized,Medium,,yes,/assets/og/ja-kawaii-moji.png,yes,/assets/hero/ja-kawaii-moji.svg,yes,,OG triple completed; hero set decorative,
https://ultratextgen.com/ja/library/aesthetic-symbols/,localized,localized,Medium,,yes,/assets/og/ja-library-aesthetic-symbols.png,yes,/assets/hero/ja-library-aesthetic-symbols.svg,yes,,OG triple completed; hero set decorative,
https://ultratextgen.com/ja/library/alt-codes/,localized,localized,Medium,,yes,/assets/og/ja-library-alt-codes.png,yes,/assets/hero/ja-library-alt-codes.svg,yes,,OG triple completed; hero set decorative,
https://ultratextgen.com/ja/library/angry-kaomoji/,localized,localized,Medium,,yes,/assets/og/ja-library-angry-kaomoji.png,yes,/assets/hero/ja-library-angry-kaomoji.svg,yes,,OG triple completed; hero set decorative,
https://ultratextgen.com/ja/library/arrow-symbols/,localized,localized,Medium,,yes,/assets/og/ja-library-arrow-symbols.png,yes,/assets/hero/ja-library-arrow-symbols.svg,yes,,OG triple completed; hero set decorative,
https://ultratextgen.com/ja/library/cat-kaomoji/,localized,localized,Medium,,yes,/assets/og/ja-library-cat-kaomoji.png,yes,/assets/hero/ja-library-cat-kaomoji.svg,yes,,OG triple completed; hero set decorative,
https://ultratextgen.com/ja/library/crying-kaomoji/,localized,localized,Medium,,yes,/assets/og/ja-library-crying-kaomoji.png,yes,/assets/hero/ja-library-crying-kaomoji.svg,yes,,OG triple completed; hero set decorative,
https://ultratextgen.com/ja/library/cute-kaomoji/,localized,localized,Medium,,yes,/assets/og/ja-library-cute-kaomoji.png,yes,/assets/hero/ja-library-cute-kaomoji.svg,yes,,OG triple completed; hero set decorative,
https://ultratextgen.com/ja/library/discord-symbols/,localized,localized,Medium,,yes,/assets/og/ja-library-discord-symbols.png,yes,/assets/hero/ja-library-discord-symbols.svg,yes,,OG triple completed; hero set decorative,
https://ultratextgen.com/ja/library/divider-kaomoji/,localized,localized,Medium,,yes,/assets/og/ja-library-divider-kaomoji.png,yes,/assets/hero/ja-library-divider-kaomoji.svg,yes,,OG triple completed; hero set decorative,
https://ultratextgen.com/ja/library/emoji-combos/,localized,localized,Medium,,yes,/assets/og/ja-library-emoji-combos.png,yes,/assets/hero/ja-library-emoji-combos.svg,yes,,OG triple completed; hero set decorative,
https://ultratextgen.com/ja/library/greek-letter-symbols/,localized,localized,Medium,,yes,/assets/og/ja-library-greek-letter-symbols.png,yes,/assets/hero/ja-library-greek-letter-symbols.svg,yes,,OG triple completed; hero set decorative,
https://ultratextgen.com/ja/library/happy-kaomoji/,localized,localized,Medium,,yes,/assets/og/ja-library-happy-kaomoji.png,yes,/assets/hero/ja-library-happy-kaomoji.svg,yes,,OG triple completed; hero set decorative,
https://ultratextgen.com/ja/library/heart-kaomoji/,localized,localized,Medium,,yes,/assets/og/ja-library-heart-kaomoji.png,yes,/assets/hero/ja-library-heart-kaomoji.svg,yes,,OG triple completed; hero set decorative,
https://ultratextgen.com/ja/library/heart-symbols/,localized,localized,Medium,,yes,/assets/og/ja-library-heart-symbols.png,yes,/assets/hero/ja-library-heart-symbols.svg,yes,,OG triple completed; hero set decorative,
https://ultratextgen.com/ja/library/hug-kaomoji/,localized,localized,Medium,,yes,/assets/og/ja-library-hug-kaomoji.png,yes,/assets/hero/ja-library-hug-kaomoji.svg,yes,,OG triple completed; hero set decorative,
https://ultratextgen.com/ja/library/,localized,localized,Medium,,yes,/assets/og/ja-library.png,yes,,n/a,,OG present,
https://ultratextgen.com/ja/library/japanese-symbols/,localized,localized,Medium,,yes,/assets/og/ja-library-japanese-symbols.png,yes,/assets/hero/ja-library-japanese-symbols.svg,yes,,OG triple completed; hero set decorative,
https://ultratextgen.com/ja/library/kaomoji/,localized,localized,Medium,,yes,/assets/og/ja-library-kaomoji.png,yes,/assets/hero/ja-library-kaomoji.svg,yes,,OG triple completed; hero set decorative,
https://ultratextgen.com/ja/library/love-kaomoji/,localized,localized,Medium,,yes,/assets/og/ja-library-love-kaomoji.png,yes,/assets/hero/ja-library-love-kaomoji.svg,yes,,OG triple completed; hero set decorative,
https://ultratextgen.com/ja/library/roblox-symbols/,localized,localized,Medium,,yes,/assets/og/ja-library-roblox-symbols.png,yes,/assets/hero/ja-library-roblox-symbols.svg,yes,,OG triple completed; hero set decorative,
https://ultratextgen.com/ja/library/sad-kaomoji/,localized,localized,Medium,,yes,/assets/og/ja-library-sad-kaomoji.png,yes,/assets/hero/ja-library-sad-kaomoji.svg,yes,,OG triple completed; hero set decorative,
https://ultratextgen.com/ja/library/shrug-kaomoji/,localized,localized,Medium,,yes,/assets/og/ja-library-shrug-kaomoji.png,yes,/assets/hero/ja-library-shrug-kaomoji.svg,yes,,OG triple completed; hero set decorative,
https://ultratextgen.com/ja/library/sparkle-symbols/,localized,localized,Medium,,yes,/assets/og/ja-library-sparkle-symbols.png,yes,/assets/hero/ja-library-sparkle-symbols.svg,yes,,OG triple completed; hero set decorative,
https://ultratextgen.com/ja/library/special-characters/,localized,localized,Medium,,yes,/assets/og/ja-library-special-characters.png,yes,/assets/hero/ja-library-special-characters.svg,yes,,OG triple completed; hero set decorative,
https://ultratextgen.com/ja/library/star-symbols/,localized,localized,Medium,,yes,/assets/og/ja-library-star-symbols.png,yes,/assets/hero/ja-library-star-symbols.svg,yes,,OG triple completed; hero set decorative,
https://ultratextgen.com/ja/library/text-faces-kaomoji/,localized,localized,Medium,,yes,/assets/og/ja-library-text-faces-kaomoji.png,yes,/assets/hero/ja-library-text-faces-kaomoji.svg,yes,,OG triple completed; hero set decorative,
https://ultratextgen.com/ja/library/y2k-symbols/,localized,localized,Medium,,yes,/assets/og/ja-library-y2k-symbols.png,yes,/assets/hero/ja-library-y2k-symbols.svg,yes,,OG triple completed; hero set decorative,
https://ultratextgen.com/ja/namae-kawaii/,localized,localized,Medium,,yes,/assets/og/ja-namae-kawaii.png,yes,/assets/hero/ja-namae-kawaii.svg,yes,,OG triple completed; hero set decorative,
https://ultratextgen.com/ja/oshare-moji/,localized,localized,Medium,,yes,/assets/og/ja-oshare-moji.png,yes,/assets/hero/ja-oshare-moji.svg,yes,,OG triple completed; hero set decorative,
https://ultratextgen.com/ja/symbol/degree-symbol/,localized,localized,Medium,,yes,/assets/og/ja-symbol-degree-symbol.png,yes,,n/a,,OG present,
https://ultratextgen.com/ja/symbol/division-sign/,localized,localized,Medium,,yes,/assets/og/ja-symbol-division-sign.png,yes,,n/a,,OG present,
https://ultratextgen.com/ja/symbol/,localized,localized,Medium,,yes,/assets/og/ja-symbol.png,yes,,n/a,,OG present,
https://ultratextgen.com/ja/symbol/infinity/,localized,localized,Medium,,yes,/assets/og/ja-symbol-infinity.png,yes,,n/a,,OG present,
https://ultratextgen.com/ja/symbol/multiplication-sign/,localized,localized,Medium,,yes,/assets/og/ja-symbol-multiplication-sign.png,yes,,n/a,,OG present,
https://ultratextgen.com/ja/symbol/square-root/,localized,localized,Medium,,yes,/assets/og/ja-symbol-square-root.png,yes,,n/a,,OG present,
https://ultratextgen.com/ja/symbol/squared-cubed/,localized,localized,Medium,,yes,/assets/og/ja-symbol-squared-cubed.png,yes,,n/a,,OG present,
https://ultratextgen.com/ja/tiktok-font/,localized,localized,Medium,,yes,/assets/og/ja-tiktok-font.png,yes,/assets/hero/ja-tiktok-font.svg,yes,,OG triple completed; hero set decorative,
https://ultratextgen.com/ja/usecase/bio-font/,localized,localized,Medium,,yes,/assets/og/ja-usecase-bio-font.png,yes,/assets/hero/ja-usecase-bio-font.svg,yes,,OG triple completed; hero set decorative,
https://ultratextgen.com/ja/usecase/vertical-text/,localized,localized,Medium,,yes,/assets/og/ja-usecase-vertical-text.png,yes,/assets/hero/ja-usecase-vertical-text.svg,yes,,OG triple completed; hero set decorative,
https://ultratextgen.com/ko/font-byeonhwan/,localized,localized,Medium,,yes,/assets/og/ko-font-byeonhwan.png,yes,/assets/hero/ko-font-byeonhwan.svg,yes,,OG triple completed; hero set decorative,
https://ultratextgen.com/ko/gamseong-moji/,localized,localized,Medium,,yes,/assets/og/ko-gamseong-moji.png,yes,/assets/hero/ko-gamseong-moji.svg,yes,,OG triple completed; hero set decorative,
https://ultratextgen.com/ko/guide/discord-nikneim-anjeon/,localized,localized,Medium,,yes,/assets/og/ko-guide-discord-nikneim-anjeon.png,yes,,n/a,,OG triple completed,
https://ultratextgen.com/ko/guide/discord-ponteu-jiwon/,localized,localized,Medium,,yes,/assets/og/ko-guide-discord-ponteu-jiwon.png,yes,,n/a,,OG triple completed,
https://ultratextgen.com/ko/guide/discord-tekseuteu-seosik/,localized,localized,Medium,,yes,/assets/og/ko-guide-discord-tekseuteu-seosik.png,yes,,n/a,,OG triple completed,
https://ultratextgen.com/ko/guide/,localized,localized,Medium,,yes,/assets/og/ko-guide.png,yes,,n/a,,OG triple completed,
https://ultratextgen.com/ko/,localized,localized,Medium,,yes,/assets/og/ko.png,yes,/assets/hero/ko.svg,yes,,OG triple completed; hero set decorative,
https://ultratextgen.com/ko/insta-font/,localized,localized,Medium,,yes,/assets/og/ko-insta-font.png,yes,/assets/hero/ko-insta-font.svg,yes,,OG triple completed; hero set decorative,
https://ultratextgen.com/ko/ireum-kkumigi/,localized,localized,Medium,,yes,/assets/og/ko-ireum-kkumigi.png,yes,/assets/hero/ko-ireum-kkumigi.svg,yes,,OG triple completed; hero set decorative,
https://ultratextgen.com/ko/library/bunsu-giho/,localized,localized,Medium,,yes,/assets/og/ko-library-bunsu-giho.png,yes,/assets/hero/ko-library-bunsu-giho.svg,yes,,OG triple completed; hero set decorative,
https://ultratextgen.com/ko/library/byeol-giho/,localized,localized,Medium,,yes,/assets/og/ko-library-byeol-giho.png,yes,/assets/hero/ko-library-byeol-giho.svg,yes,,OG triple completed; hero set decorative,
https://ultratextgen.com/ko/library/danwi-giho/,localized,localized,Medium,,yes,/assets/og/ko-library-danwi-giho.png,yes,/assets/hero/ko-library-danwi-giho.svg,yes,,OG triple completed; hero set decorative,
https://ultratextgen.com/ko/library/discord-giho/,localized,localized,Medium,,yes,/assets/og/ko-library-discord-giho.png,yes,/assets/hero/ko-library-discord-giho.svg,yes,,OG triple completed; hero set decorative,
https://ultratextgen.com/ko/library/dohyeong-giho/,localized,localized,Medium,,yes,/assets/og/ko-library-dohyeong-giho.png,yes,/assets/hero/ko-library-dohyeong-giho.svg,yes,,OG triple completed; hero set decorative,
https://ultratextgen.com/ko/library/eumak-giho/,localized,localized,Medium,,yes,/assets/og/ko-library-eumak-giho.png,yes,/assets/hero/ko-library-eumak-giho.svg,yes,,OG triple completed; hero set decorative,
https://ultratextgen.com/ko/library/facebook-giho/,localized,localized,Medium,,yes,/assets/og/ko-library-facebook-giho.png,yes,/assets/hero/ko-library-facebook-giho.svg,yes,,OG triple completed; hero set decorative,
https://ultratextgen.com/ko/library/gamseong-giho/,localized,localized,Medium,,yes,/assets/og/ko-library-gamseong-giho.png,yes,/assets/hero/ko-library-gamseong-giho.svg,yes,,OG triple completed; hero set decorative,
https://ultratextgen.com/ko/library/geurisa-munja/,localized,localized,Medium,,yes,/assets/og/ko-library-geurisa-munja.png,yes,/assets/hero/ko-library-geurisa-munja.svg,yes,,OG triple completed; hero set decorative,
https://ultratextgen.com/ko/library/gubunseon-giho/,localized,localized,Medium,,yes,/assets/og/ko-library-gubunseon-giho.png,yes,/assets/hero/ko-library-gubunseon-giho.svg,yes,,OG triple completed; hero set decorative,
https://ultratextgen.com/ko/library/gwalho-giho/,localized,localized,Medium,,yes,/assets/og/ko-library-gwalho-giho.png,yes,/assets/hero/ko-library-gwalho-giho.svg,yes,,OG triple completed; hero set decorative,
https://ultratextgen.com/ko/library/gyocha-giho/,localized,localized,Medium,,yes,/assets/og/ko-library-gyocha-giho.png,yes,/assets/hero/ko-library-gyocha-giho.svg,yes,,OG triple completed; hero set decorative,
https://ultratextgen.com/ko/library/hateu-giho/,localized,localized,Medium,,yes,/assets/og/ko-library-hateu-giho.png,yes,/assets/hero/ko-library-hateu-giho.svg,yes,,OG triple completed; hero set decorative,
https://ultratextgen.com/ko/library/hwapye-giho/,localized,localized,Medium,,yes,/assets/og/ko-library-hwapye-giho.png,yes,/assets/hero/ko-library-hwapye-giho.svg,yes,,OG triple completed; hero set decorative,
https://ultratextgen.com/ko/library/hwasalpyo-giho/,localized,localized,Medium,,yes,/assets/og/ko-library-hwasalpyo-giho.png,yes,/assets/hero/ko-library-hwasalpyo-giho.svg,yes,,OG triple completed; hero set decorative,
https://ultratextgen.com/ko/library/ilboneo-giho/,localized,localized,Medium,,yes,/assets/og/ko-library-ilboneo-giho.png,yes,/assets/hero/ko-library-ilboneo-giho.svg,yes,,OG triple completed; hero set decorative,
https://ultratextgen.com/ko/library/imoji-johap/,localized,localized,Medium,,yes,/assets/og/ko-library-imoji-johap.png,yes,/assets/hero/ko-library-imoji-johap.svg,yes,,OG triple completed; hero set decorative,
https://ultratextgen.com/ko/library/imotikon/,localized,localized,Medium,,yes,/assets/og/ko-library-imotikon.png,yes,/assets/hero/ko-library-imotikon.svg,yes,,OG triple completed; hero set decorative,
https://ultratextgen.com/ko/library/,localized,localized,Medium,,yes,/assets/og/ko-library.png,yes,/assets/hero/ko-library.svg,yes,,OG triple completed; hero set decorative,
https://ultratextgen.com/ko/library/jeom-giho/,localized,localized,Medium,,yes,/assets/og/ko-library-jeom-giho.png,yes,/assets/hero/ko-library-jeom-giho.svg,yes,,OG triple completed; hero set decorative,
https://ultratextgen.com/ko/library/kkot-giho/,localized,localized,Medium,,yes,/assets/og/ko-library-kkot-giho.png,yes,/assets/hero/ko-library-kkot-giho.svg,yes,,OG triple completed; hero set decorative,
https://ultratextgen.com/ko/library/munjangbuho-giho/,localized,localized,Medium,,yes,/assets/og/ko-library-munjangbuho-giho.png,yes,/assets/hero/ko-library-munjangbuho-giho.svg,yes,,OG triple completed; hero set decorative,
https://ultratextgen.com/ko/library/roblox-giho/,localized,localized,Medium,,yes,/assets/og/ko-library-roblox-giho.png,yes,/assets/hero/ko-library-roblox-giho.svg,yes,,OG triple completed; hero set decorative,
https://ultratextgen.com/ko/library/seongbyeol-giho/,localized,localized,Medium,,yes,/assets/og/ko-library-seongbyeol-giho.png,yes,/assets/hero/ko-library-seongbyeol-giho.svg,yes,,OG triple completed; hero set decorative,
https://ultratextgen.com/ko/library/suhak-giho/,localized,localized,Medium,,yes,/assets/og/ko-library-suhak-giho.png,yes,/assets/hero/ko-library-suhak-giho.svg,yes,,OG triple completed; hero set decorative,
https://ultratextgen.com/ko/library/sutja-giho/,localized,localized,Medium,,yes,/assets/og/ko-library-sutja-giho.png,yes,/assets/hero/ko-library-sutja-giho.svg,yes,,OG triple completed; hero set decorative,
https://ultratextgen.com/ko/library/y2k-giho/,localized,localized,Medium,,yes,/assets/og/ko-library-y2k-giho.png,yes,/assets/hero/ko-library-y2k-giho.svg,yes,,OG triple completed; hero set decorative,
https://ultratextgen.com/ko/pilgichae-byeonhwan/,localized,localized,Medium,,yes,/assets/og/ko-pilgichae-byeonhwan.png,yes,/assets/hero/ko-pilgichae-byeonhwan.svg,yes,,OG triple completed; hero set decorative,
https://ultratextgen.com/ko/symbol/do-giho/,localized,localized,Medium,,yes,/assets/og/ko-symbol-do-giho.png,yes,,n/a,,OG present,
https://ultratextgen.com/ko/symbol/gophagi-giho/,localized,localized,Medium,,yes,/assets/og/ko-symbol-gophagi-giho.png,yes,,n/a,,OG present,
https://ultratextgen.com/ko/symbol/,localized,localized,Medium,,yes,/assets/og/ko-symbol.png,yes,,n/a,,OG present,
https://ultratextgen.com/ko/symbol/jegop-sejegop-giho/,localized,localized,Medium,,yes,/assets/og/ko-symbol-jegop-sejegop-giho.png,yes,,n/a,,OG present,
https://ultratextgen.com/ko/symbol/muhandae-giho/,localized,localized,Medium,,yes,/assets/og/ko-symbol-muhandae-giho.png,yes,,n/a,,OG present,
https://ultratextgen.com/ko/symbol/nanugi-giho/,localized,localized,Medium,,yes,/assets/og/ko-symbol-nanugi-giho.png,yes,,n/a,,OG present,
https://ultratextgen.com/ko/symbol/ruteu-giho/,localized,localized,Medium,,yes,/assets/og/ko-symbol-ruteu-giho.png,yes,,n/a,,OG present,
https://ultratextgen.com/ko/tiktok-font/,localized,localized,Medium,,yes,/assets/og/ko-tiktok-font.png,yes,/assets/hero/ko-tiktok-font.svg,yes,,OG triple completed; hero set decorative,
https://ultratextgen.com/ko/usecase/vertical-text/,localized,localized,Medium,,yes,/assets/og/ko-usecase-vertical-text.png,yes,/assets/hero/ko-usecase-vertical-text.svg,yes,,OG triple completed; hero set decorative,
https://ultratextgen.com/ko/yeppeun-geulssi/,localized,localized,Medium,,yes,/assets/og/ko-yeppeun-geulssi.png,yes,/assets/hero/ko-yeppeun-geulssi.svg,yes,,OG triple completed; hero set decorative,
https://ultratextgen.com/library/accent-marks-diacritics/,symbol library,symbol library,Medium,,yes,/assets/og/library-accent-marks-diacritics.png,yes,/assets/hero/library-accent-marks-diacritics.svg,yes,,OG triple completed; hero set decorative,
https://ultratextgen.com/library/achievement-symbols/,symbol library,symbol library,Medium,,yes,/assets/og/library-achievement-symbols.png,yes,/assets/hero/library-achievement-symbols.svg,yes,,OG triple completed; hero set decorative,
https://ultratextgen.com/library/aesthetic-borders-frames/,symbol library,symbol library,Medium,,yes,/assets/og/library-aesthetic-borders-frames.png,yes,/assets/hero/library-aesthetic-borders-frames.svg,yes,,OG triple completed; hero set decorative,
https://ultratextgen.com/library/aesthetic-symbols/,symbol library,symbol library,Medium,,yes,/assets/og/library-aesthetic-symbols.png,yes,/assets/hero/library-aesthetic-symbols.svg,yes,,OG triple completed; hero set decorative,
https://ultratextgen.com/library/algeria-emoji-combos/,symbol library,symbol library,Medium,,yes,/assets/og/library-algeria-emoji-combos.png,yes,/assets/hero/library-algeria-emoji-combos.svg,yes,,OG present; hero set decorative,
https://ultratextgen.com/library/alt-codes/,symbol library,symbol library,Medium,,yes,/assets/og/library-alt-codes.png,yes,/assets/hero/library-alt-codes.svg,yes,,OG triple completed; hero set decorative,
https://ultratextgen.com/library/angel-emoji/,symbol library,symbol library,Medium,,yes,/assets/og/library-angel-emoji.png,yes,/assets/hero/library-angel-emoji.svg,yes,,OG triple completed; hero set decorative,
https://ultratextgen.com/library/angry-emoji/,symbol library,symbol library,Medium,,yes,/assets/og/library-angry-emoji.png,yes,/assets/hero/library-angry-emoji.svg,yes,,OG triple completed; hero set decorative,
https://ultratextgen.com/library/angry-kaomoji/,symbol library,symbol library,Medium,,yes,/assets/og/library-angry-kaomoji.png,yes,/assets/hero/library-angry-kaomoji.svg,yes,,OG present; hero set decorative,
https://ultratextgen.com/library/animal-emojis/,symbol library,symbol library,Medium,,yes,/assets/og/library-animal-emojis.png,yes,/assets/hero/library-animal-emojis.svg,yes,,OG triple completed; hero set decorative,
https://ultratextgen.com/library/anime-symbols/,symbol library,symbol library,Medium,,yes,/assets/og/library-anime-symbols.png,yes,/assets/hero/library-anime-symbols.svg,yes,,OG present; hero set decorative,
https://ultratextgen.com/library/annoyed-emoji/,symbol library,symbol library,Medium,,yes,/assets/og/library-annoyed-emoji.png,yes,/assets/hero/library-annoyed-emoji.svg,yes,,OG triple completed; hero set decorative,
https://ultratextgen.com/library/argentina-emoji-combos/,symbol library,symbol library,Medium,,yes,/assets/og/library-argentina-emoji-combos.png,yes,/assets/hero/library-argentina-emoji-combos.svg,yes,,OG present; hero set decorative,
https://ultratextgen.com/library/arrow-symbols/,symbol library,symbol library,Medium,,yes,/assets/og/library-arrow-symbols.png,yes,/assets/hero/library-arrow-symbols.svg,yes,,OG triple completed; hero set decorative,
https://ultratextgen.com/library/art-stationery-emojis/,symbol library,symbol library,Medium,,yes,/assets/og/library-art-stationery-emojis.png,yes,/assets/hero/library-art-stationery-emojis.svg,yes,,OG triple completed; hero set decorative,
https://ultratextgen.com/library/ascii-table/,symbol library,symbol library,Medium,,yes,/assets/og/library-ascii-table.png,yes,/assets/hero/library-ascii-table.svg,yes,,OG triple completed; hero set decorative,
https://ultratextgen.com/library/australia-emoji-combos/,symbol library,symbol library,Medium,,yes,/assets/og/library-australia-emoji-combos.png,yes,/assets/hero/library-australia-emoji-combos.svg,yes,,OG present; hero set decorative,
https://ultratextgen.com/library/austria-emoji-combos/,symbol library,symbol library,Medium,,yes,/assets/og/library-austria-emoji-combos.png,yes,/assets/hero/library-austria-emoji-combos.svg,yes,,OG present; hero set decorative,
https://ultratextgen.com/library/awareness-ribbons/,symbol library,symbol library,Medium,,yes,/assets/og/library-awareness-ribbons.png,yes,/assets/hero/library-awareness-ribbons.svg,yes,,OG triple completed; hero set decorative,
https://ultratextgen.com/library/bear-kaomoji/,symbol library,symbol library,Medium,,yes,/assets/og/library-bear-kaomoji.png,yes,/assets/hero/library-bear-kaomoji.svg,yes,,OG present; hero set decorative,
https://ultratextgen.com/library/beauty-nails-emojis/,symbol library,symbol library,Medium,,yes,/assets/og/library-beauty-nails-emojis.png,yes,/assets/hero/library-beauty-nails-emojis.svg,yes,,OG triple completed; hero set decorative,
https://ultratextgen.com/library/belgium-emoji-combos/,symbol library,symbol library,Medium,,yes,/assets/og/library-belgium-emoji-combos.png,yes,/assets/hero/library-belgium-emoji-combos.svg,yes,,OG present; hero set decorative,
https://ultratextgen.com/library/bellingham-emoji-combos/,symbol library,symbol library,Medium,,yes,/assets/og/library-bellingham-emoji-combos.png,yes,/assets/hero/library-bellingham-emoji-combos.svg,yes,,OG present; hero set decorative,
https://ultratextgen.com/library/benzema-emoji-combos/,symbol library,symbol library,Medium,,yes,/assets/og/library-benzema-emoji-combos.png,yes,/assets/hero/library-benzema-emoji-combos.svg,yes,,OG present; hero set decorative,
https://ultratextgen.com/library/blush-emoji/,symbol library,symbol library,Medium,,yes,/assets/og/library-blush-emoji.png,yes,/assets/hero/library-blush-emoji.svg,yes,,OG triple completed; hero set decorative,
https://ultratextgen.com/library/blushing-kaomoji/,symbol library,symbol library,Medium,,yes,/assets/og/library-blushing-kaomoji.png,yes,/assets/hero/library-blushing-kaomoji.svg,yes,,OG present; hero set decorative,
https://ultratextgen.com/library/body-language-emojis/,symbol library,symbol library,Medium,,yes,/assets/og/library-body-language-emojis.png,yes,/assets/hero/library-body-language-emojis.svg,yes,,OG triple completed; hero set decorative,
https://ultratextgen.com/library/bow-ribbon-symbols/,symbol library,symbol library,Medium,,yes,/assets/og/library-bow-ribbon-symbols.png,yes,/assets/hero/library-bow-ribbon-symbols.svg,yes,,OG triple completed; hero set decorative,
https://ultratextgen.com/library/box-drawing-symbols/,symbol library,symbol library,Medium,,yes,/assets/og/library-box-drawing-symbols.png,yes,/assets/hero/library-box-drawing-symbols.svg,yes,,OG triple completed; hero set decorative,
https://ultratextgen.com/library/bracket-symbols/,symbol library,symbol library,Medium,,yes,/assets/og/library-bracket-symbols.png,yes,/assets/hero/library-bracket-symbols.svg,yes,,OG triple completed; hero set decorative,
https://ultratextgen.com/library/braille-pattern-symbols/,symbol library,symbol library,Medium,,yes,/assets/og/library-braille-pattern-symbols.png,yes,/assets/hero/library-braille-pattern-symbols.svg,yes,,OG triple completed; hero set decorative,
https://ultratextgen.com/library/brainrot-slang-emojis/,symbol library,symbol library,Medium,,yes,/assets/og/library-brainrot-slang-emojis.png,yes,/assets/hero/library-brainrot-slang-emojis.svg,yes,,OG triple completed; hero set decorative,
https://ultratextgen.com/library/brazil-emoji-combos/,symbol library,symbol library,Medium,,yes,/assets/og/library-brazil-emoji-combos.png,yes,/assets/hero/library-brazil-emoji-combos.svg,yes,,OG present; hero set decorative,
https://ultratextgen.com/library/bullet-point-symbols/,symbol library,symbol library,Medium,,yes,/assets/og/library-bullet-point-symbols.png,yes,/assets/hero/library-bullet-point-symbols.svg,yes,,OG triple completed; hero set decorative,
https://ultratextgen.com/library/bunny-kaomoji/,symbol library,symbol library,Medium,,yes,/assets/og/library-bunny-kaomoji.png,yes,/assets/hero/library-bunny-kaomoji.svg,yes,,OG present; hero set decorative,
https://ultratextgen.com/library/cameroon-emoji-combos/,symbol library,symbol library,Medium,,yes,/assets/og/library-cameroon-emoji-combos.png,yes,/assets/hero/library-cameroon-emoji-combos.svg,yes,,OG present; hero set decorative,
https://ultratextgen.com/library/canada-emoji-combos/,symbol library,symbol library,Medium,,yes,/assets/og/library-canada-emoji-combos.png,yes,/assets/hero/library-canada-emoji-combos.svg,yes,,OG present; hero set decorative,
https://ultratextgen.com/library/card-emoji-soccer/,symbol library,symbol library,Medium,,yes,/assets/og/library-card-emoji-soccer.png,yes,/assets/hero/library-card-emoji-soccer.svg,yes,,OG present; hero set decorative,
https://ultratextgen.com/library/card-suit-symbols/,symbol library,symbol library,Medium,,yes,/assets/og/library-card-suit-symbols.png,yes,/assets/hero/library-card-suit-symbols.svg,yes,,OG triple completed; hero set decorative,
https://ultratextgen.com/library/cat-ascii-art/,symbol library,symbol library,Medium,,yes,/assets/og/library-cat-ascii-art.png,yes,/assets/hero/library-cat-ascii-art.svg,yes,,OG present; hero set decorative,
https://ultratextgen.com/library/cat-kaomoji/,symbol library,symbol library,Medium,,yes,/assets/og/library-cat-kaomoji.png,yes,/assets/hero/library-cat-kaomoji.svg,yes,,OG present; hero set decorative,
https://ultratextgen.com/library/check-mark-emoji/,symbol library,symbol library,Medium,,yes,/assets/og/library-check-mark-emoji.png,yes,/assets/hero/library-check-mark-emoji.svg,yes,,OG triple completed; hero set decorative,
https://ultratextgen.com/library/checkmark-symbols/,symbol library,symbol library,Medium,,yes,/assets/og/library-checkmark-symbols.png,yes,/assets/hero/library-checkmark-symbols.svg,yes,,OG triple completed; hero set decorative,
https://ultratextgen.com/library/chefs-kiss-emoji/,symbol library,symbol library,Medium,,yes,/assets/og/library-chefs-kiss-emoji.png,yes,/assets/hero/library-chefs-kiss-emoji.svg,yes,,OG triple completed; hero set decorative,
https://ultratextgen.com/library/chess-symbols/,symbol library,symbol library,Medium,,yes,/assets/og/library-chess-symbols.png,yes,/assets/hero/library-chess-symbols.svg,yes,,OG triple completed; hero set decorative,
https://ultratextgen.com/library/chile-emoji-combos/,symbol library,symbol library,Medium,,yes,/assets/og/library-chile-emoji-combos.png,yes,/assets/hero/library-chile-emoji-combos.svg,yes,,OG present; hero set decorative,
https://ultratextgen.com/library/china-emoji-combos/,symbol library,symbol library,Medium,,yes,/assets/og/library-china-emoji-combos.png,yes,/assets/hero/library-china-emoji-combos.svg,yes,,OG present; hero set decorative,
https://ultratextgen.com/library/chinese-symbols/,symbol library,symbol library,Medium,,yes,/assets/og/library-chinese-symbols.png,yes,/assets/hero/library-chinese-symbols.svg,yes,,OG triple completed; hero set decorative,
https://ultratextgen.com/library/choking-emoji/,symbol library,symbol library,Medium,,yes,/assets/og/library-choking-emoji.png,yes,/assets/hero/library-choking-emoji.svg,yes,,OG triple completed; hero set decorative,
https://ultratextgen.com/library/christmas-symbols/,symbol library,symbol library,Medium,,yes,/assets/og/library-christmas-symbols.png,yes,/assets/hero/library-christmas-symbols.svg,yes,,OG triple completed; hero set decorative,
https://ultratextgen.com/library/clap-emoji/,symbol library,symbol library,Medium,,yes,/assets/og/library-clap-emoji.png,yes,/assets/hero/library-clap-emoji.svg,yes,,OG triple completed; hero set decorative,
https://ultratextgen.com/library/clock-time-symbols/,symbol library,symbol library,Medium,,yes,/assets/og/library-clock-time-symbols.png,yes,/assets/hero/library-clock-time-symbols.svg,yes,,OG triple completed; hero set decorative,
https://ultratextgen.com/library/clothing-fashion-emojis/,symbol library,symbol library,Medium,,yes,/assets/og/library-clothing-fashion-emojis.png,yes,/assets/hero/library-clothing-fashion-emojis.svg,yes,,OG triple completed; hero set decorative,
https://ultratextgen.com/library/clown-emoji/,symbol library,symbol library,Medium,,yes,/assets/og/library-clown-emoji.png,yes,/assets/hero/library-clown-emoji.svg,yes,,OG triple completed; hero set decorative,
https://ultratextgen.com/library/colombia-emoji-combos/,symbol library,symbol library,Medium,,yes,/assets/og/library-colombia-emoji-combos.png,yes,/assets/hero/library-colombia-emoji-combos.svg,yes,,OG present; hero set decorative,
https://ultratextgen.com/library/color-emoji-combos/,symbol library,symbol library,Medium,,yes,/assets/og/library-color-emoji-combos.png,yes,/assets/hero/library-color-emoji-combos.svg,yes,,OG triple completed; hero set decorative,
https://ultratextgen.com/library/confused-emoji/,symbol library,symbol library,Medium,,yes,/assets/og/library-confused-emoji.png,yes,/assets/hero/library-confused-emoji.svg,yes,,OG triple completed; hero set decorative,
https://ultratextgen.com/library/copyright-trademark-symbols/,symbol library,symbol library,Medium,,yes,/assets/og/library-copyright-trademark-symbols.png,yes,/assets/hero/library-copyright-trademark-symbols.svg,yes,,OG triple completed; hero set decorative,
https://ultratextgen.com/library/coquette-symbols/,symbol library,symbol library,Medium,,yes,/assets/og/library-coquette-symbols.png,yes,/assets/hero/library-coquette-symbols.svg,yes,,OG triple completed; hero set decorative,
https://ultratextgen.com/library/costa-rica-emoji-combos/,symbol library,symbol library,Medium,,yes,/assets/og/library-costa-rica-emoji-combos.png,yes,/assets/hero/library-costa-rica-emoji-combos.svg,yes,,OG present; hero set decorative,
https://ultratextgen.com/library/cottagecore-symbols/,symbol library,symbol library,Medium,,yes,/assets/og/library-cottagecore-symbols.png,yes,/assets/hero/library-cottagecore-symbols.svg,yes,,OG triple completed; hero set decorative,
https://ultratextgen.com/library/cowboy-emoji/,symbol library,symbol library,Medium,,yes,/assets/og/library-cowboy-emoji.png,yes,/assets/hero/library-cowboy-emoji.svg,yes,,OG triple completed; hero set decorative,
https://ultratextgen.com/library/cringe-emoji/,symbol library,symbol library,Medium,,yes,/assets/og/library-cringe-emoji.png,yes,/assets/hero/library-cringe-emoji.svg,yes,,OG triple completed; hero set decorative,
https://ultratextgen.com/library/croatia-emoji-combos/,symbol library,symbol library,Medium,,yes,/assets/og/library-croatia-emoji-combos.png,yes,/assets/hero/library-croatia-emoji-combos.svg,yes,,OG present; hero set decorative,
https://ultratextgen.com/library/cross-x-symbols/,symbol library,symbol library,Medium,,yes,/assets/og/library-cross-x-symbols.png,yes,/assets/hero/library-cross-x-symbols.svg,yes,,OG triple completed; hero set decorative,
https://ultratextgen.com/library/crown-emoji/,symbol library,symbol library,Medium,,yes,/assets/og/library-crown-emoji.png,yes,/assets/hero/library-crown-emoji.svg,yes,,OG triple completed; hero set decorative,
https://ultratextgen.com/library/crown-royalty-symbols/,symbol library,symbol library,Medium,,yes,/assets/og/library-crown-royalty-symbols.png,yes,/assets/hero/library-crown-royalty-symbols.svg,yes,,OG triple completed; hero set decorative,
https://ultratextgen.com/library/crying-emoji/,symbol library,symbol library,Medium,,yes,/assets/og/library-crying-emoji.png,yes,/assets/hero/library-crying-emoji.svg,yes,,OG triple completed; hero set decorative,
https://ultratextgen.com/library/crying-kaomoji/,symbol library,symbol library,Medium,,yes,/assets/og/library-crying-kaomoji.png,yes,/assets/hero/library-crying-kaomoji.svg,yes,,OG present; hero set decorative,
https://ultratextgen.com/library/currency-symbols/,symbol library,symbol library,Medium,,yes,/assets/og/library-currency-symbols.png,yes,/assets/hero/library-currency-symbols.svg,yes,,OG triple completed; hero set decorative,
https://ultratextgen.com/library/cute-kaomoji/,symbol library,symbol library,Medium,,yes,/assets/og/library-cute-kaomoji.png,yes,/assets/hero/library-cute-kaomoji.svg,yes,,OG present; hero set decorative,
https://ultratextgen.com/library/dancing-emoji/,symbol library,symbol library,Medium,,yes,/assets/og/library-dancing-emoji.png,yes,/assets/hero/library-dancing-emoji.svg,yes,,OG triple completed; hero set decorative,
https://ultratextgen.com/library/dark-academia-symbols/,symbol library,symbol library,Medium,,yes,/assets/og/library-dark-academia-symbols.png,yes,/assets/hero/library-dark-academia-symbols.svg,yes,,OG present; hero set decorative,
https://ultratextgen.com/library/dash-hyphen-symbols/,symbol library,symbol library,Medium,,yes,/assets/og/library-dash-hyphen-symbols.png,yes,/assets/hero/library-dash-hyphen-symbols.svg,yes,,OG triple completed; hero set decorative,
https://ultratextgen.com/library/de-bruyne-emoji-combos/,symbol library,symbol library,Medium,,yes,/assets/og/library-de-bruyne-emoji-combos.png,yes,/assets/hero/library-de-bruyne-emoji-combos.svg,yes,,OG present; hero set decorative,
https://ultratextgen.com/library/denmark-emoji-combos/,symbol library,symbol library,Medium,,yes,/assets/og/library-denmark-emoji-combos.png,yes,/assets/hero/library-denmark-emoji-combos.svg,yes,,OG present; hero set decorative,
https://ultratextgen.com/library/devil-emoji/,symbol library,symbol library,Medium,,yes,/assets/og/library-devil-emoji.png,yes,/assets/hero/library-devil-emoji.svg,yes,,OG triple completed; hero set decorative,
https://ultratextgen.com/library/di-maria-emoji-combos/,symbol library,symbol library,Medium,,yes,/assets/og/library-di-maria-emoji-combos.png,yes,/assets/hero/library-di-maria-emoji-combos.svg,yes,,OG present; hero set decorative,
https://ultratextgen.com/library/dice-domino-symbols/,symbol library,symbol library,Medium,,yes,/assets/og/library-dice-domino-symbols.png,yes,/assets/hero/library-dice-domino-symbols.svg,yes,,OG triple completed; hero set decorative,
https://ultratextgen.com/library/discord-symbols/,symbol library,symbol library,Medium,,yes,/assets/og/library-discord-symbols.png,yes,/assets/hero/library-discord-symbols.svg,yes,,OG triple completed; hero set decorative,
https://ultratextgen.com/library/divider-kaomoji/,symbol library,symbol library,Medium,,yes,/assets/og/library-divider-kaomoji.png,yes,/assets/hero/library-divider-kaomoji.svg,yes,,OG present; hero set decorative,
https://ultratextgen.com/library/diwali-symbols/,symbol library,symbol library,Medium,,yes,/assets/og/library-diwali-symbols.png,yes,/assets/hero/library-diwali-symbols.svg,yes,,OG triple completed; hero set decorative,
https://ultratextgen.com/library/dog-ascii-art/,symbol library,symbol library,Medium,,yes,/assets/og/library-dog-ascii-art.png,yes,/assets/hero/library-dog-ascii-art.svg,yes,,OG present; hero set decorative,
https://ultratextgen.com/library/dog-kaomoji/,symbol library,symbol library,Medium,,yes,/assets/og/library-dog-kaomoji.png,yes,/assets/hero/library-dog-kaomoji.svg,yes,,OG present; hero set decorative,
https://ultratextgen.com/library/dongers/,symbol library,symbol library,Medium,,yes,/assets/og/library-dongers.png,yes,/assets/hero/library-dongers.svg,yes,,OG present; hero set decorative,
https://ultratextgen.com/library/dreamcore-weirdcore-symbols/,symbol library,symbol library,Medium,,yes,/assets/og/library-dreamcore-weirdcore-symbols.png,yes,/assets/hero/library-dreamcore-weirdcore-symbols.svg,yes,,OG triple completed; hero set decorative,
https://ultratextgen.com/library/easter-symbols/,symbol library,symbol library,Medium,,yes,/assets/og/library-easter-symbols.png,yes,/assets/hero/library-easter-symbols.svg,yes,,OG triple completed; hero set decorative,
https://ultratextgen.com/library/ecuador-emoji-combos/,symbol library,symbol library,Medium,,yes,/assets/og/library-ecuador-emoji-combos.png,yes,/assets/hero/library-ecuador-emoji-combos.svg,yes,,OG present; hero set decorative,
https://ultratextgen.com/library/eggplant-emoji/,symbol library,symbol library,Medium,,yes,/assets/og/library-eggplant-emoji.png,yes,/assets/hero/library-eggplant-emoji.svg,yes,,OG triple completed; hero set decorative,
https://ultratextgen.com/library/egypt-emoji-combos/,symbol library,symbol library,Medium,,yes,/assets/og/library-egypt-emoji-combos.png,yes,/assets/hero/library-egypt-emoji-combos.svg,yes,,OG present; hero set decorative,
https://ultratextgen.com/library/egyptian-hieroglyphs/,symbol library,symbol library,Medium,,yes,/assets/og/library-egyptian-hieroglyphs.png,yes,/assets/hero/library-egyptian-hieroglyphs.svg,yes,,OG triple completed; hero set decorative,
https://ultratextgen.com/library/electrical-circuit-symbols/,symbol library,symbol library,Medium,,yes,/assets/og/library-electrical-circuit-symbols.png,yes,/assets/hero/library-electrical-circuit-symbols.svg,yes,,OG triple completed; hero set decorative,
https://ultratextgen.com/library/email-symbols/,symbol library,symbol library,Medium,,yes,/assets/og/library-email-symbols.png,yes,/assets/hero/library-email-symbols.svg,yes,,OG triple completed; hero set decorative,
https://ultratextgen.com/library/embarrassed-emoji/,symbol library,symbol library,Medium,,yes,/assets/og/library-embarrassed-emoji.png,yes,/assets/hero/library-embarrassed-emoji.svg,yes,,OG triple completed; hero set decorative,
https://ultratextgen.com/library/emoji-combos/,symbol library,symbol library,Medium,,yes,/assets/og/library-emoji-combos.png,yes,/assets/hero/library-emoji-combos.svg,yes,,OG triple completed; hero set decorative,
https://ultratextgen.com/library/emoji-flags/,symbol library,symbol library,Medium,,yes,/assets/og/library-emoji-flags.png,yes,/assets/hero/library-emoji-flags.svg,yes,,OG triple completed; hero set decorative,
https://ultratextgen.com/library/emoji-meanings-guide/,symbol library,symbol library,Medium,,yes,/assets/og/library-emoji-meanings-guide.png,yes,/assets/hero/library-emoji-meanings-guide.svg,yes,,OG triple completed; hero set decorative,
https://ultratextgen.com/library/england-emoji-combos/,symbol library,symbol library,Medium,,yes,/assets/og/library-england-emoji-combos.png,yes,/assets/hero/library-england-emoji-combos.svg,yes,,OG present; hero set decorative,
https://ultratextgen.com/library/evil-eye-hamsa-symbols/,symbol library,symbol library,Medium,,yes,/assets/og/library-evil-eye-hamsa-symbols.png,yes,/assets/hero/library-evil-eye-hamsa-symbols.svg,yes,,OG triple completed; hero set decorative,
https://ultratextgen.com/library/excited-kaomoji/,symbol library,symbol library,Medium,,yes,/assets/og/library-excited-kaomoji.png,yes,/assets/hero/library-excited-kaomoji.svg,yes,,OG present; hero set decorative,
https://ultratextgen.com/library/eye-roll-emoji/,symbol library,symbol library,Medium,,yes,/assets/og/library-eye-roll-emoji.png,yes,/assets/hero/library-eye-roll-emoji.svg,yes,,OG triple completed; hero set decorative,
https://ultratextgen.com/library/eyes-emoji/,symbol library,symbol library,Medium,,yes,/assets/og/library-eyes-emoji.png,yes,/assets/hero/library-eyes-emoji.svg,yes,,OG triple completed; hero set decorative,
https://ultratextgen.com/library/face-emojis/,symbol library,symbol library,Medium,,yes,/assets/og/library-face-emojis.png,yes,/assets/hero/library-face-emojis.svg,yes,,OG triple completed; hero set decorative,
https://ultratextgen.com/library/facebook-symbols/,symbol library,symbol library,Medium,,yes,/assets/og/library-facebook-symbols.png,yes,/assets/hero/library-facebook-symbols.svg,yes,,OG triple completed; hero set decorative,
https://ultratextgen.com/library/facepalm-emoji/,symbol library,symbol library,Medium,,yes,/assets/og/library-facepalm-emoji.png,yes,/assets/hero/library-facepalm-emoji.svg,yes,,OG triple completed; hero set decorative,
https://ultratextgen.com/library/fairycore-symbols/,symbol library,symbol library,Medium,,yes,/assets/og/library-fairycore-symbols.png,yes,/assets/hero/library-fairycore-symbols.svg,yes,,OG triple completed; hero set decorative,
https://ultratextgen.com/library/fantasy-mythical-emojis/,symbol library,symbol library,Medium,,yes,/assets/og/library-fantasy-mythical-emojis.png,yes,/assets/hero/library-fantasy-mythical-emojis.svg,yes,,OG triple completed; hero set decorative,
https://ultratextgen.com/library/fire-emoji/,symbol library,symbol library,Medium,,yes,/assets/og/library-fire-emoji.png,yes,/assets/hero/library-fire-emoji.svg,yes,,OG triple completed; hero set decorative,
https://ultratextgen.com/library/flower-kaomoji/,symbol library,symbol library,Medium,,yes,/assets/og/library-flower-kaomoji.png,yes,/assets/hero/library-flower-kaomoji.svg,yes,,OG present; hero set decorative,
https://ultratextgen.com/library/flower-symbols/,symbol library,symbol library,Medium,,yes,/assets/og/library-flower-symbols.png,yes,/assets/hero/library-flower-symbols.svg,yes,,OG triple completed; hero set decorative,
https://ultratextgen.com/library/foden-emoji-combos/,symbol library,symbol library,Medium,,yes,/assets/og/library-foden-emoji-combos.png,yes,/assets/hero/library-foden-emoji-combos.svg,yes,,OG present; hero set decorative,
https://ultratextgen.com/library/food-drink-emojis/,symbol library,symbol library,Medium,,yes,/assets/og/library-food-drink-emojis.png,yes,/assets/hero/library-food-drink-emojis.svg,yes,,OG triple completed; hero set decorative,
https://ultratextgen.com/library/football-ascii-art/,symbol library,symbol library,Medium,,yes,/assets/og/library-football-ascii-art.png,yes,/assets/hero/library-football-ascii-art.svg,yes,,OG present; hero set decorative,
https://ultratextgen.com/library/football-emoji-copy-paste/,symbol library,symbol library,Medium,,yes,/assets/og/library-football-emoji-copy-paste.png,yes,/assets/hero/library-football-emoji-copy-paste.svg,yes,,OG present; hero set decorative,
https://ultratextgen.com/library/football-kaomoji/,symbol library,symbol library,Medium,,yes,/assets/og/library-football-kaomoji.png,yes,/assets/hero/library-football-kaomoji.svg,yes,,OG present; hero set decorative,
https://ultratextgen.com/library/football-reaction-emojis/,symbol library,symbol library,Medium,,yes,/assets/og/library-football-reaction-emojis.png,yes,/assets/hero/library-football-reaction-emojis.svg,yes,,OG present; hero set decorative,
https://ultratextgen.com/library/football-symbols/,symbol library,symbol library,Medium,,yes,/assets/og/library-football-symbols.png,yes,/assets/hero/library-football-symbols.svg,yes,,OG present; hero set decorative,
https://ultratextgen.com/library/football-trophy-emoji/,symbol library,symbol library,Medium,,yes,/assets/og/library-football-trophy-emoji.png,yes,/assets/hero/library-football-trophy-emoji.svg,yes,,OG present; hero set decorative,
https://ultratextgen.com/library/football-username-ideas/,symbol library,symbol library,Medium,,yes,/assets/og/library-football-username-ideas.png,yes,/assets/hero/library-football-username-ideas.svg,yes,,OG present; hero set decorative,
https://ultratextgen.com/library/fortnite-symbols/,symbol library,symbol library,Medium,,yes,/assets/og/library-fortnite-symbols.png,yes,/assets/hero/library-fortnite-symbols.svg,yes,,OG triple completed; hero set decorative,
https://ultratextgen.com/library/fourth-of-july-symbols/,symbol library,symbol library,Medium,,yes,/assets/og/library-fourth-of-july-symbols.png,yes,/assets/hero/library-fourth-of-july-symbols.svg,yes,,OG triple completed; hero set decorative,
https://ultratextgen.com/library/fraction-symbols/,symbol library,symbol library,Medium,,yes,/assets/og/library-fraction-symbols.png,yes,/assets/hero/library-fraction-symbols.svg,yes,,OG triple completed; hero set decorative,
https://ultratextgen.com/library/france-emoji-combos/,symbol library,symbol library,Medium,,yes,/assets/og/library-france-emoji-combos.png,yes,/assets/hero/library-france-emoji-combos.svg,yes,,OG present; hero set decorative,
https://ultratextgen.com/library/freaky-emoji/,symbol library,symbol library,Medium,,yes,/assets/og/library-freaky-emoji.png,yes,/assets/hero/library-freaky-emoji.svg,yes,,OG triple completed; hero set decorative,
https://ultratextgen.com/library/free-fire-name-symbols/,symbol library,symbol library,Medium,,yes,/assets/og/library-free-fire-name-symbols.png,yes,/assets/hero/library-free-fire-name-symbols.svg,yes,,OG triple completed; hero set decorative,
https://ultratextgen.com/library/friendship-emojis/,symbol library,symbol library,Medium,,yes,/assets/og/library-friendship-emojis.png,yes,/assets/hero/library-friendship-emojis.svg,yes,,OG triple completed; hero set decorative,
https://ultratextgen.com/library/funny-emoji-combos/,symbol library,symbol library,Medium,,yes,/assets/og/library-funny-emoji-combos.png,yes,/assets/hero/library-funny-emoji-combos.svg,yes,,OG triple completed; hero set decorative,
https://ultratextgen.com/library/gaming-aesthetic-symbols/,symbol library,symbol library,Medium,,yes,/assets/og/library-gaming-aesthetic-symbols.png,yes,/assets/hero/library-gaming-aesthetic-symbols.svg,yes,,OG present; hero set decorative,
https://ultratextgen.com/library/gavi-emoji-combos/,symbol library,symbol library,Medium,,yes,/assets/og/library-gavi-emoji-combos.png,yes,/assets/hero/library-gavi-emoji-combos.svg,yes,,OG present; hero set decorative,
https://ultratextgen.com/library/gender-symbols/,symbol library,symbol library,Medium,,yes,/assets/og/library-gender-symbols.png,yes,/assets/hero/library-gender-symbols.svg,yes,,OG triple completed; hero set decorative,
https://ultratextgen.com/library/geometric-symbols/,symbol library,symbol library,Medium,,yes,/assets/og/library-geometric-symbols.png,yes,/assets/hero/library-geometric-symbols.svg,yes,,OG triple completed; hero set decorative,
https://ultratextgen.com/library/germany-emoji-combos/,symbol library,symbol library,Medium,,yes,/assets/og/library-germany-emoji-combos.png,yes,/assets/hero/library-germany-emoji-combos.svg,yes,,OG present; hero set decorative,
https://ultratextgen.com/library/ghana-emoji-combos/,symbol library,symbol library,Medium,,yes,/assets/og/library-ghana-emoji-combos.png,yes,/assets/hero/library-ghana-emoji-combos.svg,yes,,OG present; hero set decorative,
https://ultratextgen.com/library/ghost-emoji/,symbol library,symbol library,Medium,,yes,/assets/og/library-ghost-emoji.png,yes,/assets/hero/library-ghost-emoji.svg,yes,,OG triple completed; hero set decorative,
https://ultratextgen.com/library/gift-emoji/,symbol library,symbol library,Medium,,yes,/assets/og/library-gift-emoji.png,yes,/assets/hero/library-gift-emoji.svg,yes,,OG triple completed; hero set decorative,
https://ultratextgen.com/library/goal-emoji-combos/,symbol library,symbol library,Medium,,yes,/assets/og/library-goal-emoji-combos.png,yes,/assets/hero/library-goal-emoji-combos.svg,yes,,OG present; hero set decorative,
https://ultratextgen.com/library/goat-emoji-combos/,symbol library,symbol library,Medium,,yes,/assets/og/library-goat-emoji-combos.png,yes,/assets/hero/library-goat-emoji-combos.svg,yes,,OG present; hero set decorative,
https://ultratextgen.com/library/goth-grunge-symbols/,symbol library,symbol library,Medium,,yes,/assets/og/library-goth-grunge-symbols.png,yes,/assets/hero/library-goth-grunge-symbols.svg,yes,,OG triple completed; hero set decorative,
https://ultratextgen.com/library/greece-emoji-combos/,symbol library,symbol library,Medium,,yes,/assets/og/library-greece-emoji-combos.png,yes,/assets/hero/library-greece-emoji-combos.svg,yes,,OG present; hero set decorative,
https://ultratextgen.com/library/greek-letter-symbols/,symbol library,symbol library,Medium,,yes,/assets/og/library-greek-letter-symbols.png,yes,/assets/hero/library-greek-letter-symbols.svg,yes,,OG triple completed; hero set decorative,
https://ultratextgen.com/library/greeting-message-emojis/,symbol library,symbol library,Medium,,yes,/assets/og/library-greeting-message-emojis.png,yes,/assets/hero/library-greeting-message-emojis.svg,yes,,OG triple completed; hero set decorative,
https://ultratextgen.com/library/griezmann-emoji-combos/,symbol library,symbol library,Medium,,yes,/assets/og/library-griezmann-emoji-combos.png,yes,/assets/hero/library-griezmann-emoji-combos.svg,yes,,OG present; hero set decorative,
https://ultratextgen.com/library/guess-soccer-player-by-emoji/,symbol library,symbol library,Medium,,yes,/assets/og/library-guess-soccer-player-by-emoji.png,yes,/assets/hero/library-guess-soccer-player-by-emoji.svg,yes,,OG present; hero set decorative,
https://ultratextgen.com/library/guess-soccer-team-by-emoji/,symbol library,symbol library,Medium,,yes,/assets/og/library-guess-soccer-team-by-emoji.png,yes,/assets/hero/library-guess-soccer-team-by-emoji.svg,yes,,OG present; hero set decorative,
https://ultratextgen.com/library/haaland-emoji-combos/,symbol library,symbol library,Medium,,yes,/assets/og/library-haaland-emoji-combos.png,yes,/assets/hero/library-haaland-emoji-combos.svg,yes,,OG present; hero set decorative,
https://ultratextgen.com/library/halloween-symbols/,symbol library,symbol library,Medium,,yes,/assets/og/library-halloween-symbols.png,yes,/assets/hero/library-halloween-symbols.svg,yes,,OG triple completed; hero set decorative,
https://ultratextgen.com/library/halo-emoji/,symbol library,symbol library,Medium,,yes,/assets/og/library-halo-emoji.png,yes,/assets/hero/library-halo-emoji.svg,yes,,OG triple completed; hero set decorative,
https://ultratextgen.com/library/hand-symbols/,symbol library,symbol library,Medium,,yes,/assets/og/library-hand-symbols.png,yes,/assets/hero/library-hand-symbols.svg,yes,,OG triple completed; hero set decorative,
https://ultratextgen.com/library/handshake-emoji/,symbol library,symbol library,Medium,,yes,/assets/og/library-handshake-emoji.png,yes,/assets/hero/library-handshake-emoji.svg,yes,,OG triple completed; hero set decorative,
https://ultratextgen.com/library/happy-emoji/,symbol library,symbol library,Medium,,yes,/assets/og/library-happy-emoji.png,yes,/assets/hero/library-happy-emoji.svg,yes,,OG triple completed; hero set decorative,
https://ultratextgen.com/library/happy-kaomoji/,symbol library,symbol library,Medium,,yes,/assets/og/library-happy-kaomoji.png,yes,/assets/hero/library-happy-kaomoji.svg,yes,,OG present; hero set decorative,
https://ultratextgen.com/library/hazard-warning-symbols/,symbol library,symbol library,Medium,,yes,/assets/og/library-hazard-warning-symbols.png,yes,/assets/hero/library-hazard-warning-symbols.svg,yes,,OG triple completed; hero set decorative,
https://ultratextgen.com/library/heart-ascii-art/,symbol library,symbol library,Medium,,yes,/assets/og/library-heart-ascii-art.png,yes,/assets/hero/library-heart-ascii-art.svg,yes,,OG present; hero set decorative,
https://ultratextgen.com/library/heart-emoji/,symbol library,symbol library,Medium,,yes,/assets/og/library-heart-emoji.png,yes,/assets/hero/library-heart-emoji.svg,yes,,OG triple completed; hero set decorative,
https://ultratextgen.com/library/heart-kaomoji/,symbol library,symbol library,Medium,,yes,/assets/og/library-heart-kaomoji.png,yes,/assets/hero/library-heart-kaomoji.svg,yes,,OG present; hero set decorative,
https://ultratextgen.com/library/heart-symbols/,symbol library,symbol library,Medium,,yes,/assets/og/library-heart-symbols.png,yes,/assets/hero/library-heart-symbols.svg,yes,,OG triple completed; hero set decorative,
https://ultratextgen.com/library/high-five-emoji/,symbol library,symbol library,Medium,,yes,/assets/og/library-high-five-emoji.png,yes,/assets/hero/library-high-five-emoji.svg,yes,,OG triple completed; hero set decorative,
https://ultratextgen.com/library/hindi-symbols/,symbol library,symbol library,Medium,,yes,/assets/og/library-hindi-symbols.png,yes,/assets/hero/library-hindi-symbols.svg,yes,,OG triple completed; hero set decorative,
https://ultratextgen.com/library/honduras-emoji-combos/,symbol library,symbol library,Medium,,yes,/assets/og/library-honduras-emoji-combos.png,yes,/assets/hero/library-honduras-emoji-combos.svg,yes,,OG present; hero set decorative,
https://ultratextgen.com/library/html-entities/,symbol library,symbol library,Medium,,yes,/assets/og/library-html-entities.png,yes,/assets/hero/library-html-entities.svg,yes,,OG triple completed; hero set decorative,
https://ultratextgen.com/library/hug-kaomoji/,symbol library,symbol library,Medium,,yes,/assets/og/library-hug-kaomoji.png,yes,/assets/hero/library-hug-kaomoji.svg,yes,,OG present; hero set decorative,
https://ultratextgen.com/library/,symbol library,symbol library,Medium,,yes,/assets/og/library.png,yes,/assets/hero/library.svg,yes,,OG triple completed; hero set decorative,
https://ultratextgen.com/library/india-emoji-combos/,symbol library,symbol library,Medium,,yes,/assets/og/library-india-emoji-combos.png,yes,/assets/hero/library-india-emoji-combos.svg,yes,,OG present; hero set decorative,
https://ultratextgen.com/library/instagram-symbols/,symbol library,symbol library,Medium,,yes,/assets/og/library-instagram-symbols.png,yes,/assets/hero/library-instagram-symbols.svg,yes,,OG triple completed; hero set decorative,
https://ultratextgen.com/library/invisible-character/,symbol library,symbol library,Medium,,yes,/assets/og/library-invisible-character.png,yes,/assets/hero/library-invisible-character.svg,yes,,OG triple completed; hero set decorative,
https://ultratextgen.com/library/ipa-phonetic-symbols/,symbol library,symbol library,Medium,,yes,/assets/og/library-ipa-phonetic-symbols.png,yes,/assets/hero/library-ipa-phonetic-symbols.svg,yes,,OG triple completed; hero set decorative,
https://ultratextgen.com/library/iphone-emojis/,symbol library,symbol library,Medium,,yes,/assets/og/library-iphone-emojis.png,yes,/assets/hero/library-iphone-emojis.svg,yes,,OG triple completed; hero set decorative,
https://ultratextgen.com/library/iran-emoji-combos/,symbol library,symbol library,Medium,,yes,/assets/og/library-iran-emoji-combos.png,yes,/assets/hero/library-iran-emoji-combos.svg,yes,,OG present; hero set decorative,
https://ultratextgen.com/library/ireland-emoji-combos/,symbol library,symbol library,Medium,,yes,/assets/og/library-ireland-emoji-combos.png,yes,/assets/hero/library-ireland-emoji-combos.svg,yes,,OG present; hero set decorative,
https://ultratextgen.com/library/islamic-symbols/,symbol library,symbol library,Medium,,yes,/assets/og/library-islamic-symbols.png,yes,/assets/hero/library-islamic-symbols.svg,yes,,OG triple completed; hero set decorative,
https://ultratextgen.com/library/italy-emoji-combos/,symbol library,symbol library,Medium,,yes,/assets/og/library-italy-emoji-combos.png,yes,/assets/hero/library-italy-emoji-combos.svg,yes,,OG present; hero set decorative,
https://ultratextgen.com/library/ivory-coast-emoji-combos/,symbol library,symbol library,Medium,,yes,/assets/og/library-ivory-coast-emoji-combos.png,yes,/assets/hero/library-ivory-coast-emoji-combos.svg,yes,,OG present; hero set decorative,
https://ultratextgen.com/library/jamaica-emoji-combos/,symbol library,symbol library,Medium,,yes,/assets/og/library-jamaica-emoji-combos.png,yes,/assets/hero/library-jamaica-emoji-combos.svg,yes,,OG present; hero set decorative,
https://ultratextgen.com/library/japan-emoji-combos/,symbol library,symbol library,Medium,,yes,/assets/og/library-japan-emoji-combos.png,yes,/assets/hero/library-japan-emoji-combos.svg,yes,,OG present; hero set decorative,
https://ultratextgen.com/library/japanese-symbols/,symbol library,symbol library,Medium,,yes,/assets/og/library-japanese-symbols.png,yes,/assets/hero/library-japanese-symbols.svg,yes,,OG triple completed; hero set decorative,
https://ultratextgen.com/library/jewelry-gem-emojis/,symbol library,symbol library,Medium,,yes,/assets/og/library-jewelry-gem-emojis.png,yes,/assets/hero/library-jewelry-gem-emojis.svg,yes,,OG triple completed; hero set decorative,
https://ultratextgen.com/library/kane-emoji-combos/,symbol library,symbol library,Medium,,yes,/assets/og/library-kane-emoji-combos.png,yes,/assets/hero/library-kane-emoji-combos.svg,yes,,OG present; hero set decorative,
https://ultratextgen.com/library/kawaii-cute-symbols/,symbol library,symbol library,Medium,,yes,/assets/og/library-kawaii-cute-symbols.png,yes,/assets/hero/library-kawaii-cute-symbols.svg,yes,,OG triple completed; hero set decorative,
https://ultratextgen.com/library/keyboard-symbols/,symbol library,symbol library,Medium,,yes,/assets/og/library-keyboard-symbols.png,yes,/assets/hero/library-keyboard-symbols.svg,yes,,OG triple completed; hero set decorative,
https://ultratextgen.com/library/kiss-emoji/,symbol library,symbol library,Medium,,yes,/assets/og/library-kiss-emoji.png,yes,/assets/hero/library-kiss-emoji.svg,yes,,OG triple completed; hero set decorative,
https://ultratextgen.com/library/kiss-kaomoji/,symbol library,symbol library,Medium,,yes,/assets/og/library-kiss-kaomoji.png,yes,/assets/hero/library-kiss-kaomoji.svg,yes,,OG present; hero set decorative,
https://ultratextgen.com/library/korean-symbols/,symbol library,symbol library,Medium,,yes,/assets/og/library-korean-symbols.png,yes,/assets/hero/library-korean-symbols.svg,yes,,OG triple completed; hero set decorative,
https://ultratextgen.com/library/kvaratskhelia-emoji-combos/,symbol library,symbol library,Medium,,yes,/assets/og/library-kvaratskhelia-emoji-combos.png,yes,/assets/hero/library-kvaratskhelia-emoji-combos.svg,yes,,OG present; hero set decorative,
https://ultratextgen.com/library/latex-symbols/,symbol library,symbol library,Medium,,yes,/assets/og/library-latex-symbols.png,yes,/assets/hero/library-latex-symbols.svg,yes,,OG triple completed; hero set decorative,
https://ultratextgen.com/library/laughing-emoji/,symbol library,symbol library,Medium,,yes,/assets/og/library-laughing-emoji.png,yes,/assets/hero/library-laughing-emoji.svg,yes,,OG triple completed; hero set decorative,
https://ultratextgen.com/library/laughing-kaomoji/,symbol library,symbol library,Medium,,yes,/assets/og/library-laughing-kaomoji.png,yes,/assets/hero/library-laughing-kaomoji.svg,yes,,OG present; hero set decorative,
https://ultratextgen.com/library/laundry-care-symbols/,symbol library,symbol library,Medium,,yes,/assets/og/library-laundry-care-symbols.png,yes,/assets/hero/library-laundry-care-symbols.svg,yes,,OG triple completed; hero set decorative,
https://ultratextgen.com/library/lautaro-martinez-emoji-combos/,symbol library,symbol library,Medium,,yes,/assets/og/library-lautaro-martinez-emoji-combos.png,yes,/assets/hero/library-lautaro-martinez-emoji-combos.svg,yes,,OG present; hero set decorative,
https://ultratextgen.com/library/lenny-face/,symbol library,symbol library,Medium,,yes,/assets/og/library-lenny-face.png,yes,/assets/hero/library-lenny-face.svg,yes,,OG present; hero set decorative,
https://ultratextgen.com/library/lewandowski-emoji-combos/,symbol library,symbol library,Medium,,yes,/assets/og/library-lewandowski-emoji-combos.png,yes,/assets/hero/library-lewandowski-emoji-combos.svg,yes,,OG present; hero set decorative,
https://ultratextgen.com/library/line-divider-symbols/,symbol library,symbol library,Medium,,yes,/assets/og/library-line-divider-symbols.png,yes,/assets/hero/library-line-divider-symbols.svg,yes,,OG triple completed; hero set decorative,
https://ultratextgen.com/library/linkedin-symbol-library/,symbol library,symbol library,Medium,,yes,/assets/og/library-linkedin-symbol-library.png,yes,/assets/hero/library-linkedin-symbol-library.svg,yes,,OG triple completed; hero set decorative,
https://ultratextgen.com/library/lip-bite-emoji/,symbol library,symbol library,Medium,,yes,/assets/og/library-lip-bite-emoji.png,yes,/assets/hero/library-lip-bite-emoji.svg,yes,,OG triple completed; hero set decorative,
https://ultratextgen.com/library/loading-text-symbols/,symbol library,symbol library,Medium,,yes,/assets/og/library-loading-text-symbols.png,yes,/assets/hero/library-loading-text-symbols.svg,yes,,OG triple completed; hero set decorative,
https://ultratextgen.com/library/love-kaomoji/,symbol library,symbol library,Medium,,yes,/assets/og/library-love-kaomoji.png,yes,/assets/hero/library-love-kaomoji.svg,yes,,OG present; hero set decorative,
https://ultratextgen.com/library/math-symbols/,symbol library,symbol library,Medium,,yes,/assets/og/library-math-symbols.png,yes,/assets/hero/library-math-symbols.svg,yes,,OG triple completed; hero set decorative,
https://ultratextgen.com/library/mbappe-emoji-combos/,symbol library,symbol library,Medium,,yes,/assets/og/library-mbappe-emoji-combos.png,yes,/assets/hero/library-mbappe-emoji-combos.svg,yes,,OG present; hero set decorative,
https://ultratextgen.com/library/media-control-symbols/,symbol library,symbol library,Medium,,yes,/assets/og/library-media-control-symbols.png,yes,/assets/hero/library-media-control-symbols.svg,yes,,OG triple completed; hero set decorative,
https://ultratextgen.com/library/medical-symbols/,symbol library,symbol library,Medium,,yes,/assets/og/library-medical-symbols.png,yes,/assets/hero/library-medical-symbols.svg,yes,,OG triple completed; hero set decorative,
https://ultratextgen.com/library/meme-text-art/,symbol library,symbol library,Medium,,yes,/assets/og/library-meme-text-art.png,yes,/assets/hero/library-meme-text-art.svg,yes,,OG triple completed; hero set decorative,
https://ultratextgen.com/library/messi-emoji-combos/,symbol library,symbol library,Medium,,yes,/assets/og/library-messi-emoji-combos.png,yes,/assets/hero/library-messi-emoji-combos.svg,yes,,OG present; hero set decorative,
https://ultratextgen.com/library/mexico-emoji-combos/,symbol library,symbol library,Medium,,yes,/assets/og/library-mexico-emoji-combos.png,yes,/assets/hero/library-mexico-emoji-combos.svg,yes,,OG present; hero set decorative,
https://ultratextgen.com/library/middle-finger-emoji/,symbol library,symbol library,Medium,,yes,/assets/og/library-middle-finger-emoji.png,yes,/assets/hero/library-middle-finger-emoji.svg,yes,,OG triple completed; hero set decorative,
https://ultratextgen.com/library/minecraft-symbols/,symbol library,symbol library,Medium,,yes,/assets/og/library-minecraft-symbols.png,yes,/assets/hero/library-minecraft-symbols.svg,yes,,OG triple completed; hero set decorative,
https://ultratextgen.com/library/ml-name-symbols/,symbol library,symbol library,Medium,,yes,/assets/og/library-ml-name-symbols.png,yes,/assets/hero/library-ml-name-symbols.svg,yes,,OG triple completed; hero set decorative,
https://ultratextgen.com/library/moai-emoji/,symbol library,symbol library,Medium,,yes,/assets/og/library-moai-emoji.png,yes,/assets/hero/library-moai-emoji.svg,yes,,OG triple completed; hero set decorative,
https://ultratextgen.com/library/modric-emoji-combos/,symbol library,symbol library,Medium,,yes,/assets/og/library-modric-emoji-combos.png,yes,/assets/hero/library-modric-emoji-combos.svg,yes,,OG present; hero set decorative,
https://ultratextgen.com/library/money-emojis/,symbol library,symbol library,Medium,,yes,/assets/og/library-money-emojis.png,yes,/assets/hero/library-money-emojis.svg,yes,,OG triple completed; hero set decorative,
https://ultratextgen.com/library/moon-celestial-symbols/,symbol library,symbol library,Medium,,yes,/assets/og/library-moon-celestial-symbols.png,yes,/assets/hero/library-moon-celestial-symbols.svg,yes,,OG triple completed; hero set decorative,
https://ultratextgen.com/library/morocco-emoji-combos/,symbol library,symbol library,Medium,,yes,/assets/og/library-morocco-emoji-combos.png,yes,/assets/hero/library-morocco-emoji-combos.svg,yes,,OG present; hero set decorative,
https://ultratextgen.com/library/movie-night-emojis/,symbol library,symbol library,Medium,,yes,/assets/og/library-movie-night-emojis.png,yes,/assets/hero/library-movie-night-emojis.svg,yes,,OG triple completed; hero set decorative,
https://ultratextgen.com/library/muscle-emoji/,symbol library,symbol library,Medium,,yes,/assets/og/library-muscle-emoji.png,yes,/assets/hero/library-muscle-emoji.svg,yes,,OG triple completed; hero set decorative,
https://ultratextgen.com/library/musiala-emoji-combos/,symbol library,symbol library,Medium,,yes,/assets/og/library-musiala-emoji-combos.png,yes,/assets/hero/library-musiala-emoji-combos.svg,yes,,OG present; hero set decorative,
https://ultratextgen.com/library/music-kaomoji/,symbol library,symbol library,Medium,,yes,/assets/og/library-music-kaomoji.png,yes,/assets/hero/library-music-kaomoji.svg,yes,,OG present; hero set decorative,
https://ultratextgen.com/library/music-symbols/,symbol library,symbol library,Medium,,yes,/assets/og/library-music-symbols.png,yes,/assets/hero/library-music-symbols.svg,yes,,OG triple completed; hero set decorative,
https://ultratextgen.com/library/nature-emojis/,symbol library,symbol library,Medium,,yes,/assets/og/library-nature-emojis.png,yes,/assets/hero/library-nature-emojis.svg,yes,,OG triple completed; hero set decorative,
https://ultratextgen.com/library/nerd-emoji/,symbol library,symbol library,Medium,,yes,/assets/og/library-nerd-emoji.png,yes,/assets/hero/library-nerd-emoji.svg,yes,,OG triple completed; hero set decorative,
https://ultratextgen.com/library/netherlands-emoji-combos/,symbol library,symbol library,Medium,,yes,/assets/og/library-netherlands-emoji-combos.png,yes,/assets/hero/library-netherlands-emoji-combos.svg,yes,,OG present; hero set decorative,
https://ultratextgen.com/library/new-zealand-emoji-combos/,symbol library,symbol library,Medium,,yes,/assets/og/library-new-zealand-emoji-combos.png,yes,/assets/hero/library-new-zealand-emoji-combos.svg,yes,,OG present; hero set decorative,
https://ultratextgen.com/library/neymar-emoji-combos/,symbol library,symbol library,Medium,,yes,/assets/og/library-neymar-emoji-combos.png,yes,/assets/hero/library-neymar-emoji-combos.svg,yes,,OG present; hero set decorative,
https://ultratextgen.com/library/nickname-symbols/,symbol library,symbol library,Medium,,yes,/assets/og/library-nickname-symbols.png,yes,/assets/hero/library-nickname-symbols.svg,yes,,OG triple completed; hero set decorative,
https://ultratextgen.com/library/nigeria-emoji-combos/,symbol library,symbol library,Medium,,yes,/assets/og/library-nigeria-emoji-combos.png,yes,/assets/hero/library-nigeria-emoji-combos.svg,yes,,OG present; hero set decorative,
https://ultratextgen.com/library/nkunku-emoji-combos/,symbol library,symbol library,Medium,,yes,/assets/og/library-nkunku-emoji-combos.png,yes,/assets/hero/library-nkunku-emoji-combos.svg,yes,,OG present; hero set decorative,
https://ultratextgen.com/library/norse-viking-runes/,symbol library,symbol library,Medium,,yes,/assets/og/library-norse-viking-runes.png,yes,/assets/hero/library-norse-viking-runes.svg,yes,,OG triple completed; hero set decorative,
https://ultratextgen.com/library/norway-emoji-combos/,symbol library,symbol library,Medium,,yes,/assets/og/library-norway-emoji-combos.png,yes,/assets/hero/library-norway-emoji-combos.svg,yes,,OG present; hero set decorative,
https://ultratextgen.com/library/number-symbols/,symbol library,symbol library,Medium,,yes,/assets/og/library-number-symbols.png,yes,/assets/hero/library-number-symbols.svg,yes,,OG triple completed; hero set decorative,
https://ultratextgen.com/library/object-emojis/,symbol library,symbol library,Medium,,yes,/assets/og/library-object-emojis.png,yes,/assets/hero/library-object-emojis.svg,yes,,OG triple completed; hero set decorative,
https://ultratextgen.com/library/osimhen-emoji-combos/,symbol library,symbol library,Medium,,yes,/assets/og/library-osimhen-emoji-combos.png,yes,/assets/hero/library-osimhen-emoji-combos.svg,yes,,OG present; hero set decorative,
https://ultratextgen.com/library/panama-emoji-combos/,symbol library,symbol library,Medium,,yes,/assets/og/library-panama-emoji-combos.png,yes,/assets/hero/library-panama-emoji-combos.svg,yes,,OG present; hero set decorative,
https://ultratextgen.com/library/paraguay-emoji-combos/,symbol library,symbol library,Medium,,yes,/assets/og/library-paraguay-emoji-combos.png,yes,/assets/hero/library-paraguay-emoji-combos.svg,yes,,OG present; hero set decorative,
https://ultratextgen.com/library/party-celebration-emojis/,symbol library,symbol library,Medium,,yes,/assets/og/library-party-celebration-emojis.png,yes,/assets/hero/library-party-celebration-emojis.svg,yes,,OG triple completed; hero set decorative,
https://ultratextgen.com/library/peace-emoji/,symbol library,symbol library,Medium,,yes,/assets/og/library-peace-emoji.png,yes,/assets/hero/library-peace-emoji.svg,yes,,OG triple completed; hero set decorative,
https://ultratextgen.com/library/pedri-emoji-combos/,symbol library,symbol library,Medium,,yes,/assets/og/library-pedri-emoji-combos.png,yes,/assets/hero/library-pedri-emoji-combos.svg,yes,,OG present; hero set decorative,
https://ultratextgen.com/library/people-profession-emojis/,symbol library,symbol library,Medium,,yes,/assets/og/library-people-profession-emojis.png,yes,/assets/hero/library-people-profession-emojis.svg,yes,,OG triple completed; hero set decorative,
https://ultratextgen.com/library/peru-emoji-combos/,symbol library,symbol library,Medium,,yes,/assets/og/library-peru-emoji-combos.png,yes,/assets/hero/library-peru-emoji-combos.svg,yes,,OG present; hero set decorative,
https://ultratextgen.com/library/pleading-emoji/,symbol library,symbol library,Medium,,yes,/assets/og/library-pleading-emoji.png,yes,/assets/hero/library-pleading-emoji.svg,yes,,OG triple completed; hero set decorative,
https://ultratextgen.com/library/poland-emoji-combos/,symbol library,symbol library,Medium,,yes,/assets/og/library-poland-emoji-combos.png,yes,/assets/hero/library-poland-emoji-combos.svg,yes,,OG present; hero set decorative,
https://ultratextgen.com/library/poop-emoji/,symbol library,symbol library,Medium,,yes,/assets/og/library-poop-emoji.png,yes,/assets/hero/library-poop-emoji.svg,yes,,OG triple completed; hero set decorative,
https://ultratextgen.com/library/portugal-emoji-combos/,symbol library,symbol library,Medium,,yes,/assets/og/library-portugal-emoji-combos.png,yes,/assets/hero/library-portugal-emoji-combos.svg,yes,,OG present; hero set decorative,
https://ultratextgen.com/library/praying-hands-emoji/,symbol library,symbol library,Medium,,yes,/assets/og/library-praying-hands-emoji.png,yes,/assets/hero/library-praying-hands-emoji.svg,yes,,OG triple completed; hero set decorative,
https://ultratextgen.com/library/preppy-emoji-combos/,symbol library,symbol library,Medium,,yes,/assets/og/library-preppy-emoji-combos.png,yes,/assets/hero/library-preppy-emoji-combos.svg,yes,,OG triple completed; hero set decorative,
https://ultratextgen.com/library/pride-lgbtq-symbols/,symbol library,symbol library,Medium,,yes,/assets/og/library-pride-lgbtq-symbols.png,yes,/assets/hero/library-pride-lgbtq-symbols.svg,yes,,OG present; hero set decorative,
https://ultratextgen.com/library/pubg-symbols/,symbol library,symbol library,Medium,,yes,/assets/og/library-pubg-symbols.png,yes,/assets/hero/library-pubg-symbols.svg,yes,,OG triple completed; hero set decorative,
https://ultratextgen.com/library/punctuation-symbols/,symbol library,symbol library,Medium,,yes,/assets/og/library-punctuation-symbols.png,yes,/assets/hero/library-punctuation-symbols.svg,yes,,OG triple completed; hero set decorative,
https://ultratextgen.com/library/qatar-emoji-combos/,symbol library,symbol library,Medium,,yes,/assets/og/library-qatar-emoji-combos.png,yes,/assets/hero/library-qatar-emoji-combos.svg,yes,,OG present; hero set decorative,
https://ultratextgen.com/library/rashford-emoji-combos/,symbol library,symbol library,Medium,,yes,/assets/og/library-rashford-emoji-combos.png,yes,/assets/hero/library-rashford-emoji-combos.svg,yes,,OG present; hero set decorative,
https://ultratextgen.com/library/recycle-environment-symbols/,symbol library,symbol library,Medium,,yes,/assets/og/library-recycle-environment-symbols.png,yes,/assets/hero/library-recycle-environment-symbols.svg,yes,,OG triple completed; hero set decorative,
https://ultratextgen.com/library/religious-symbols/,symbol library,symbol library,Medium,,yes,/assets/og/library-religious-symbols.png,yes,/assets/hero/library-religious-symbols.svg,yes,,OG triple completed; hero set decorative,
https://ultratextgen.com/library/roblox-symbols/,symbol library,symbol library,Medium,,yes,/assets/og/library-roblox-symbols.png,yes,/assets/hero/library-roblox-symbols.svg,yes,,OG triple completed; hero set decorative,
https://ultratextgen.com/library/roblox-text-art/,symbol library,symbol library,Medium,,yes,/assets/og/library-roblox-text-art.png,yes,/assets/hero/library-roblox-text-art.svg,yes,,OG triple completed; hero set decorative,
https://ultratextgen.com/library/rocket-emoji/,symbol library,symbol library,Medium,,yes,/assets/og/library-rocket-emoji.png,yes,/assets/hero/library-rocket-emoji.svg,yes,,OG triple completed; hero set decorative,
https://ultratextgen.com/library/rodri-emoji-combos/,symbol library,symbol library,Medium,,yes,/assets/og/library-rodri-emoji-combos.png,yes,/assets/hero/library-rodri-emoji-combos.svg,yes,,OG present; hero set decorative,
https://ultratextgen.com/library/rodrygo-emoji-combos/,symbol library,symbol library,Medium,,yes,/assets/og/library-rodrygo-emoji-combos.png,yes,/assets/hero/library-rodrygo-emoji-combos.svg,yes,,OG present; hero set decorative,
https://ultratextgen.com/library/ronaldo-emoji-combos/,symbol library,symbol library,Medium,,yes,/assets/og/library-ronaldo-emoji-combos.png,yes,/assets/hero/library-ronaldo-emoji-combos.svg,yes,,OG present; hero set decorative,
https://ultratextgen.com/library/sad-emoji/,symbol library,symbol library,Medium,,yes,/assets/og/library-sad-emoji.png,yes,/assets/hero/library-sad-emoji.svg,yes,,OG triple completed; hero set decorative,
https://ultratextgen.com/library/sad-kaomoji/,symbol library,symbol library,Medium,,yes,/assets/og/library-sad-kaomoji.png,yes,/assets/hero/library-sad-kaomoji.svg,yes,,OG present; hero set decorative,
https://ultratextgen.com/library/saka-emoji-combos/,symbol library,symbol library,Medium,,yes,/assets/og/library-saka-emoji-combos.png,yes,/assets/hero/library-saka-emoji-combos.svg,yes,,OG present; hero set decorative,
https://ultratextgen.com/library/salah-emoji-combos/,symbol library,symbol library,Medium,,yes,/assets/og/library-salah-emoji-combos.png,yes,/assets/hero/library-salah-emoji-combos.svg,yes,,OG present; hero set decorative,
https://ultratextgen.com/library/salute-emoji/,symbol library,symbol library,Medium,,yes,/assets/og/library-salute-emoji.png,yes,/assets/hero/library-salute-emoji.svg,yes,,OG triple completed; hero set decorative,
https://ultratextgen.com/library/saudi-arabia-emoji-combos/,symbol library,symbol library,Medium,,yes,/assets/og/library-saudi-arabia-emoji-combos.png,yes,/assets/hero/library-saudi-arabia-emoji-combos.svg,yes,,OG present; hero set decorative,
https://ultratextgen.com/library/scared-emoji/,symbol library,symbol library,Medium,,yes,/assets/og/library-scared-emoji.png,yes,/assets/hero/library-scared-emoji.svg,yes,,OG triple completed; hero set decorative,
https://ultratextgen.com/library/school-education-emojis/,symbol library,symbol library,Medium,,yes,/assets/og/library-school-education-emojis.png,yes,/assets/hero/library-school-education-emojis.svg,yes,,OG triple completed; hero set decorative,
https://ultratextgen.com/library/scotland-emoji-combos/,symbol library,symbol library,Medium,,yes,/assets/og/library-scotland-emoji-combos.png,yes,/assets/hero/library-scotland-emoji-combos.svg,yes,,OG present; hero set decorative,
https://ultratextgen.com/library/seahorse-emoji/,symbol library,symbol library,Medium,,yes,/assets/og/library-seahorse-emoji.png,yes,/assets/hero/library-seahorse-emoji.svg,yes,,OG triple completed; hero set decorative,
https://ultratextgen.com/library/seasonal-emoji-combos/,symbol library,symbol library,Medium,,yes,/assets/og/library-seasonal-emoji-combos.png,yes,/assets/hero/library-seasonal-emoji-combos.svg,yes,,OG triple completed; hero set decorative,
https://ultratextgen.com/library/senegal-emoji-combos/,symbol library,symbol library,Medium,,yes,/assets/og/library-senegal-emoji-combos.png,yes,/assets/hero/library-senegal-emoji-combos.svg,yes,,OG present; hero set decorative,
https://ultratextgen.com/library/serbia-emoji-combos/,symbol library,symbol library,Medium,,yes,/assets/og/library-serbia-emoji-combos.png,yes,/assets/hero/library-serbia-emoji-combos.svg,yes,,OG present; hero set decorative,
https://ultratextgen.com/library/shocked-emoji/,symbol library,symbol library,Medium,,yes,/assets/og/library-shocked-emoji.png,yes,/assets/hero/library-shocked-emoji.svg,yes,,OG triple completed; hero set decorative,
https://ultratextgen.com/library/shocked-kaomoji/,symbol library,symbol library,Medium,,yes,/assets/og/library-shocked-kaomoji.png,yes,/assets/hero/library-shocked-kaomoji.svg,yes,,OG present; hero set decorative,
https://ultratextgen.com/library/shrug-kaomoji/,symbol library,symbol library,Medium,,yes,/assets/og/library-shrug-kaomoji.png,yes,/assets/hero/library-shrug-kaomoji.svg,yes,,OG present; hero set decorative,
https://ultratextgen.com/library/sick-emoji/,symbol library,symbol library,Medium,,yes,/assets/og/library-sick-emoji.png,yes,/assets/hero/library-sick-emoji.svg,yes,,OG triple completed; hero set decorative,
https://ultratextgen.com/library/side-eye-emoji/,symbol library,symbol library,Medium,,yes,/assets/og/library-side-eye-emoji.png,yes,/assets/hero/library-side-eye-emoji.svg,yes,,OG triple completed; hero set decorative,
https://ultratextgen.com/library/sigh-emoji/,symbol library,symbol library,Medium,,yes,/assets/og/library-sigh-emoji.png,yes,/assets/hero/library-sigh-emoji.svg,yes,,OG triple completed; hero set decorative,
https://ultratextgen.com/library/skull-ascii-art/,symbol library,symbol library,Medium,,yes,/assets/og/library-skull-ascii-art.png,yes,/assets/hero/library-skull-ascii-art.svg,yes,,OG present; hero set decorative,
https://ultratextgen.com/library/skull-emoji/,symbol library,symbol library,Medium,,yes,/assets/og/library-skull-emoji.png,yes,/assets/hero/library-skull-emoji.svg,yes,,OG triple completed; hero set decorative,
https://ultratextgen.com/library/slash-backslash-symbols/,symbol library,symbol library,Medium,,yes,/assets/og/library-slash-backslash-symbols.png,yes,/assets/hero/library-slash-backslash-symbols.svg,yes,,OG triple completed; hero set decorative,
https://ultratextgen.com/library/sleepy-kaomoji/,symbol library,symbol library,Medium,,yes,/assets/og/library-sleepy-kaomoji.png,yes,/assets/hero/library-sleepy-kaomoji.svg,yes,,OG present; hero set decorative,
https://ultratextgen.com/library/smiley-face-guide/,symbol library,symbol library,Medium,,yes,/assets/og/library-smiley-face-guide.png,yes,/assets/hero/library-smiley-face-guide.svg,yes,,OG triple completed; hero set decorative,
https://ultratextgen.com/library/smirk-emoji/,symbol library,symbol library,Medium,,yes,/assets/og/library-smirk-emoji.png,yes,/assets/hero/library-smirk-emoji.svg,yes,,OG triple completed; hero set decorative,
https://ultratextgen.com/library/snapchat-symbols/,symbol library,symbol library,Medium,,yes,/assets/og/library-snapchat-symbols.png,yes,/assets/hero/library-snapchat-symbols.svg,yes,,OG present; hero set decorative,
https://ultratextgen.com/library/soccer-emoji-copy-paste/,symbol library,symbol library,Medium,,yes,/assets/og/library-soccer-emoji-copy-paste.png,yes,/assets/hero/library-soccer-emoji-copy-paste.svg,yes,,OG present; hero set decorative,
https://ultratextgen.com/library/son-emoji-combos/,symbol library,symbol library,Medium,,yes,/assets/og/library-son-emoji-combos.png,yes,/assets/hero/library-son-emoji-combos.svg,yes,,OG present; hero set decorative,
https://ultratextgen.com/library/south-africa-emoji-combos/,symbol library,symbol library,Medium,,yes,/assets/og/library-south-africa-emoji-combos.png,yes,/assets/hero/library-south-africa-emoji-combos.svg,yes,,OG present; hero set decorative,
https://ultratextgen.com/library/south-korea-emoji-combos/,symbol library,symbol library,Medium,,yes,/assets/og/library-south-korea-emoji-combos.png,yes,/assets/hero/library-south-korea-emoji-combos.svg,yes,,OG present; hero set decorative,
https://ultratextgen.com/library/spain-emoji-combos/,symbol library,symbol library,Medium,,yes,/assets/og/library-spain-emoji-combos.png,yes,/assets/hero/library-spain-emoji-combos.svg,yes,,OG present; hero set decorative,
https://ultratextgen.com/library/sparkle-kaomoji/,symbol library,symbol library,Medium,,yes,/assets/og/library-sparkle-kaomoji.png,yes,/assets/hero/library-sparkle-kaomoji.svg,yes,,OG present; hero set decorative,
https://ultratextgen.com/library/sparkle-symbols/,symbol library,symbol library,Medium,,yes,/assets/og/library-sparkle-symbols.png,yes,/assets/hero/library-sparkle-symbols.svg,yes,,OG triple completed; hero set decorative,
https://ultratextgen.com/library/special-characters/,symbol library,symbol library,Medium,,yes,/assets/og/library-special-characters.png,yes,/assets/hero/library-special-characters.svg,yes,,OG triple completed; hero set decorative,
https://ultratextgen.com/library/sports-emojis/,symbol library,symbol library,Medium,,yes,/assets/og/library-sports-emojis.png,yes,/assets/hero/library-sports-emojis.svg,yes,,OG triple completed; hero set decorative,
https://ultratextgen.com/library/star-ascii-art/,symbol library,symbol library,Medium,,yes,/assets/og/library-star-ascii-art.png,yes,/assets/hero/library-star-ascii-art.svg,yes,,OG present; hero set decorative,
https://ultratextgen.com/library/star-emoji/,symbol library,symbol library,Medium,,yes,/assets/og/library-star-emoji.png,yes,/assets/hero/library-star-emoji.svg,yes,,OG triple completed; hero set decorative,
https://ultratextgen.com/library/star-kaomoji/,symbol library,symbol library,Medium,,yes,/assets/og/library-star-kaomoji.png,yes,/assets/hero/library-star-kaomoji.svg,yes,,OG present; hero set decorative,
https://ultratextgen.com/library/star-symbols/,symbol library,symbol library,Medium,,yes,/assets/og/library-star-symbols.png,yes,/assets/hero/library-star-symbols.svg,yes,,OG triple completed; hero set decorative,
https://ultratextgen.com/library/steam-symbols/,symbol library,symbol library,Medium,,yes,/assets/og/library-steam-symbols.png,yes,/assets/hero/library-steam-symbols.svg,yes,,OG triple completed; hero set decorative,
https://ultratextgen.com/library/suarez-emoji-combos/,symbol library,symbol library,Medium,,yes,/assets/og/library-suarez-emoji-combos.png,yes,/assets/hero/library-suarez-emoji-combos.svg,yes,,OG present; hero set decorative,
https://ultratextgen.com/library/sunglasses-emoji/,symbol library,symbol library,Medium,,yes,/assets/og/library-sunglasses-emoji.png,yes,/assets/hero/library-sunglasses-emoji.svg,yes,,OG triple completed; hero set decorative,
https://ultratextgen.com/library/sweden-emoji-combos/,symbol library,symbol library,Medium,,yes,/assets/og/library-sweden-emoji-combos.png,yes,/assets/hero/library-sweden-emoji-combos.svg,yes,,OG present; hero set decorative,
https://ultratextgen.com/library/switzerland-emoji-combos/,symbol library,symbol library,Medium,,yes,/assets/og/library-switzerland-emoji-combos.png,yes,/assets/hero/library-switzerland-emoji-combos.svg,yes,,OG present; hero set decorative,
https://ultratextgen.com/library/table-flip-kaomoji/,symbol library,symbol library,Medium,,yes,/assets/og/library-table-flip-kaomoji.png,yes,/assets/hero/library-table-flip-kaomoji.svg,yes,,OG present; hero set decorative,
https://ultratextgen.com/library/tech-status-symbols/,symbol library,symbol library,Medium,,yes,/assets/og/library-tech-status-symbols.png,yes,/assets/hero/library-tech-status-symbols.svg,yes,,OG triple completed; hero set decorative,
https://ultratextgen.com/library/text-art/,symbol library,symbol library,Medium,,yes,/assets/og/library-text-art.png,yes,/assets/hero/library-text-art.svg,yes,,OG triple completed; hero set decorative,
https://ultratextgen.com/library/text-faces-kaomoji/,symbol library,symbol library,Medium,,yes,/assets/og/library-text-faces-kaomoji.png,yes,/assets/hero/library-text-faces-kaomoji.svg,yes,,OG triple completed; hero set decorative,
https://ultratextgen.com/library/thanksgiving-symbols/,symbol library,symbol library,Medium,,yes,/assets/og/library-thanksgiving-symbols.png,yes,/assets/hero/library-thanksgiving-symbols.svg,yes,,OG triple completed; hero set decorative,
https://ultratextgen.com/library/therian-symbols/,symbol library,symbol library,Medium,,yes,/assets/og/library-therian-symbols.png,yes,/assets/hero/library-therian-symbols.svg,yes,,OG triple completed; hero set decorative,
https://ultratextgen.com/library/thinking-emoji/,symbol library,symbol library,Medium,,yes,/assets/og/library-thinking-emoji.png,yes,/assets/hero/library-thinking-emoji.svg,yes,,OG triple completed; hero set decorative,
https://ultratextgen.com/library/thumbs-up-emoji/,symbol library,symbol library,Medium,,yes,/assets/og/library-thumbs-up-emoji.png,yes,/assets/hero/library-thumbs-up-emoji.svg,yes,,OG triple completed; hero set decorative,
https://ultratextgen.com/library/thumbs-up-kaomoji/,symbol library,symbol library,Medium,,yes,/assets/og/library-thumbs-up-kaomoji.png,yes,/assets/hero/library-thumbs-up-kaomoji.svg,yes,,OG present; hero set decorative,
https://ultratextgen.com/library/tiktok-symbols/,symbol library,symbol library,Medium,,yes,/assets/og/library-tiktok-symbols.png,yes,/assets/hero/library-tiktok-symbols.svg,yes,,OG triple completed; hero set decorative,
https://ultratextgen.com/library/tired-emoji/,symbol library,symbol library,Medium,,yes,/assets/og/library-tired-emoji.png,yes,/assets/hero/library-tired-emoji.svg,yes,,OG triple completed; hero set decorative,
https://ultratextgen.com/library/tongue-emoji/,symbol library,symbol library,Medium,,yes,/assets/og/library-tongue-emoji.png,yes,/assets/hero/library-tongue-emoji.svg,yes,,OG triple completed; hero set decorative,
https://ultratextgen.com/library/traffic-road-sign-symbols/,symbol library,symbol library,Medium,,yes,/assets/og/library-traffic-road-sign-symbols.png,yes,/assets/hero/library-traffic-road-sign-symbols.svg,yes,,OG triple completed; hero set decorative,
https://ultratextgen.com/library/transport-symbols/,symbol library,symbol library,Medium,,yes,/assets/og/library-transport-symbols.png,yes,/assets/hero/library-transport-symbols.svg,yes,,OG triple completed; hero set decorative,
https://ultratextgen.com/library/travel-vacation-emojis/,symbol library,symbol library,Medium,,yes,/assets/og/library-travel-vacation-emojis.png,yes,/assets/hero/library-travel-vacation-emojis.svg,yes,,OG triple completed; hero set decorative,
https://ultratextgen.com/library/tunisia-emoji-combos/,symbol library,symbol library,Medium,,yes,/assets/og/library-tunisia-emoji-combos.png,yes,/assets/hero/library-tunisia-emoji-combos.svg,yes,,OG present; hero set decorative,
https://ultratextgen.com/library/turkey-emoji-combos/,symbol library,symbol library,Medium,,yes,/assets/og/library-turkey-emoji-combos.png,yes,/assets/hero/library-turkey-emoji-combos.svg,yes,,OG present; hero set decorative,
https://ultratextgen.com/library/ukraine-emoji-combos/,symbol library,symbol library,Medium,,yes,/assets/og/library-ukraine-emoji-combos.png,yes,/assets/hero/library-ukraine-emoji-combos.svg,yes,,OG present; hero set decorative,
https://ultratextgen.com/library/unit-measurement-symbols/,symbol library,symbol library,Medium,,yes,/assets/og/library-unit-measurement-symbols.png,yes,/assets/hero/library-unit-measurement-symbols.svg,yes,,OG triple completed; hero set decorative,
https://ultratextgen.com/library/uruguay-emoji-combos/,symbol library,symbol library,Medium,,yes,/assets/og/library-uruguay-emoji-combos.png,yes,/assets/hero/library-uruguay-emoji-combos.svg,yes,,OG present; hero set decorative,
https://ultratextgen.com/library/usa-emoji-combos/,symbol library,symbol library,Medium,,yes,/assets/og/library-usa-emoji-combos.png,yes,/assets/hero/library-usa-emoji-combos.svg,yes,,OG present; hero set decorative,
https://ultratextgen.com/library/venezuela-emoji-combos/,symbol library,symbol library,Medium,,yes,/assets/og/library-venezuela-emoji-combos.png,yes,/assets/hero/library-venezuela-emoji-combos.svg,yes,,OG present; hero set decorative,
https://ultratextgen.com/library/vertical-line-symbols/,symbol library,symbol library,Medium,,yes,/assets/og/library-vertical-line-symbols.png,yes,/assets/hero/library-vertical-line-symbols.svg,yes,,OG triple completed; hero set decorative,
https://ultratextgen.com/library/vinicius-emoji-combos/,symbol library,symbol library,Medium,,yes,/assets/og/library-vinicius-emoji-combos.png,yes,/assets/hero/library-vinicius-emoji-combos.svg,yes,,OG present; hero set decorative,
https://ultratextgen.com/library/wales-emoji-combos/,symbol library,symbol library,Medium,,yes,/assets/og/library-wales-emoji-combos.png,yes,/assets/hero/library-wales-emoji-combos.svg,yes,,OG present; hero set decorative,
https://ultratextgen.com/library/wave-kaomoji/,symbol library,symbol library,Medium,,yes,/assets/og/library-wave-kaomoji.png,yes,/assets/hero/library-wave-kaomoji.svg,yes,,OG present; hero set decorative,
https://ultratextgen.com/library/weapon-tool-emojis/,symbol library,symbol library,Medium,,yes,/assets/og/library-weapon-tool-emojis.png,yes,/assets/hero/library-weapon-tool-emojis.svg,yes,,OG triple completed; hero set decorative,
https://ultratextgen.com/library/weather-symbols/,symbol library,symbol library,Medium,,yes,/assets/og/library-weather-symbols.png,yes,/assets/hero/library-weather-symbols.svg,yes,,OG triple completed; hero set decorative,
https://ultratextgen.com/library/wedding-anniversary-emojis/,symbol library,symbol library,Medium,,yes,/assets/og/library-wedding-anniversary-emojis.png,yes,/assets/hero/library-wedding-anniversary-emojis.svg,yes,,OG triple completed; hero set decorative,
https://ultratextgen.com/library/whatsapp-symbols/,symbol library,symbol library,Medium,,yes,/assets/og/library-whatsapp-symbols.png,yes,/assets/hero/library-whatsapp-symbols.svg,yes,,OG triple completed; hero set decorative,
https://ultratextgen.com/library/wink-emoji/,symbol library,symbol library,Medium,,yes,/assets/og/library-wink-emoji.png,yes,/assets/hero/library-wink-emoji.svg,yes,,OG triple completed; hero set decorative,
https://ultratextgen.com/library/wink-kaomoji/,symbol library,symbol library,Medium,,yes,/assets/og/library-wink-kaomoji.png,yes,/assets/hero/library-wink-kaomoji.svg,yes,,OG present; hero set decorative,
https://ultratextgen.com/library/wirtz-emoji-combos/,symbol library,symbol library,Medium,,yes,/assets/og/library-wirtz-emoji-combos.png,yes,/assets/hero/library-wirtz-emoji-combos.svg,yes,,OG present; hero set decorative,
https://ultratextgen.com/library/witchy-occult-symbols/,symbol library,symbol library,Medium,,yes,/assets/og/library-witchy-occult-symbols.png,yes,/assets/hero/library-witchy-occult-symbols.svg,yes,,OG triple completed; hero set decorative,
https://ultratextgen.com/library/world-cup-emoji-combos/,symbol library,symbol library,Medium,,yes,/assets/og/library-world-cup-emoji-combos.png,yes,/assets/hero/library-world-cup-emoji-combos.svg,yes,,OG present; hero set decorative,
https://ultratextgen.com/library/x-twitter-symbols/,symbol library,symbol library,Medium,,yes,/assets/og/library-x-twitter-symbols.png,yes,/assets/hero/library-x-twitter-symbols.svg,yes,,OG triple completed; hero set decorative,
https://ultratextgen.com/library/y2k-symbols/,symbol library,symbol library,Medium,,yes,/assets/og/library-y2k-symbols.png,yes,/assets/hero/library-y2k-symbols.svg,yes,,OG triple completed; hero set decorative,
https://ultratextgen.com/library/yamal-emoji-combos/,symbol library,symbol library,Medium,,yes,/assets/og/library-yamal-emoji-combos.png,yes,/assets/hero/library-yamal-emoji-combos.svg,yes,,OG present; hero set decorative,
https://ultratextgen.com/library/zodiac-symbols/,symbol library,symbol library,Medium,,yes,/assets/og/library-zodiac-symbols.png,yes,/assets/hero/library-zodiac-symbols.svg,yes,,OG triple completed; hero set decorative,
https://ultratextgen.com/ms/font-discord/,localized,localized,Medium,,yes,/assets/og/ms-font-discord.png,yes,/assets/hero/ms-font-discord.svg,yes,,OG triple completed; hero set decorative,
https://ultratextgen.com/ms/guide/di-mana-font-discord-berfungsi/,localized,localized,Medium,,yes,/assets/og/ms-guide-di-mana-font-discord-berfungsi.png,yes,,n/a,,OG triple completed,
https://ultratextgen.com/ms/guide/format-teks-discord-dijelaskan/,localized,localized,Medium,,yes,/assets/og/ms-guide-format-teks-discord-dijelaskan.png,yes,,n/a,,OG triple completed,
https://ultratextgen.com/ms/guide/,localized,localized,Medium,,yes,/assets/og/ms-guide.png,yes,,n/a,,OG triple completed,
https://ultratextgen.com/ms/guide/nama-discord-selamat/,localized,localized,Medium,,yes,/assets/og/ms-guide-nama-discord-selamat.png,yes,,n/a,,OG triple completed,
https://ultratextgen.com/ms/huruf-besar-kecil/,localized,localized,Medium,,yes,/assets/og/ms-huruf-besar-kecil.png,yes,,n/a,,OG triple completed,
https://ultratextgen.com/ms/,localized,localized,Medium,,yes,/assets/og/ms.png,yes,/assets/hero/ms.svg,yes,,OG triple completed; hero set decorative,
https://ultratextgen.com/ms/library/simbol-discord/,localized,localized,Medium,,yes,/assets/og/ms-library-simbol-discord.png,yes,/assets/hero/ms-library-simbol-discord.svg,yes,,OG triple completed; hero set decorative,
https://ultratextgen.com/ms/library/simbol-ff/,localized,localized,Medium,,yes,/assets/og/ms-library-simbol-ff.png,yes,/assets/hero/ms-library-simbol-ff.svg,yes,,OG triple completed; hero set decorative,
https://ultratextgen.com/ms/tulisan-condong/,localized,localized,Medium,,yes,/assets/og/ms-tulisan-condong.png,yes,/assets/hero/ms-tulisan-condong.svg,yes,,OG triple completed; hero set decorative,
https://ultratextgen.com/ms/tulisan-gotik/,localized,localized,Medium,,yes,/assets/og/ms-tulisan-gotik.png,yes,/assets/hero/ms-tulisan-gotik.svg,yes,,OG triple completed; hero set decorative,
https://ultratextgen.com/ms/tulisan-kecil/,localized,localized,Medium,,yes,/assets/og/ms-tulisan-kecil.png,yes,/assets/hero/ms-tulisan-kecil.svg,yes,,OG triple completed; hero set decorative,
https://ultratextgen.com/ms/tulisan-tebal/,localized,localized,Medium,,yes,/assets/og/ms-tulisan-tebal.png,yes,/assets/hero/ms-tulisan-tebal.svg,yes,,OG triple completed; hero set decorative,
https://ultratextgen.com/ms/usecase/nama-ff-hebat/,localized,localized,Medium,,yes,/assets/og/ms-usecase-nama-ff-hebat.png,yes,/assets/hero/ms-usecase-nama-ff-hebat.svg,yes,,OG triple completed; hero set decorative,
https://ultratextgen.com/ms/usecase/nama-ml-hebat/,localized,localized,Medium,,yes,/assets/og/ms-usecase-nama-ml-hebat.png,yes,/assets/hero/ms-usecase-nama-ml-hebat.svg,yes,,OG triple completed; hero set decorative,
https://ultratextgen.com/nl/cursieve-letters/,localized,localized,Medium,,yes,/assets/og/nl-cursieve-letters.png,yes,/assets/hero/nl-cursieve-letters.svg,yes,,OG triple completed; hero set decorative,
https://ultratextgen.com/nl/emoji-combinaties/,localized,localized,Medium,,yes,/assets/og/nl-emoji-combinaties.png,yes,/assets/hero/nl-emoji-combinaties.svg,yes,,OG triple completed; hero set decorative,
https://ultratextgen.com/nl/facebook-lettertype/,localized,localized,Medium,,yes,/assets/og/nl-facebook-lettertype.png,yes,/assets/hero/nl-facebook-lettertype.svg,yes,,OG triple completed; hero set decorative,
https://ultratextgen.com/nl/guide/discord-naam-veilig-stylen/,localized,localized,Medium,,yes,/assets/og/nl-guide-discord-naam-veilig-stylen.png,yes,,n/a,,OG triple completed,
https://ultratextgen.com/nl/guide/discord-tekstopmaak-uitgelegd/,localized,localized,Medium,,yes,/assets/og/nl-guide-discord-tekstopmaak-uitgelegd.png,yes,,n/a,,OG triple completed,
https://ultratextgen.com/nl/guide/,localized,localized,Medium,,yes,/assets/og/nl-guide.png,yes,,n/a,,OG triple completed,
https://ultratextgen.com/nl/guide/waar-lettertypes-werken-in-discord/,localized,localized,Medium,,yes,/assets/og/nl-guide-waar-lettertypes-werken-in-discord.png,yes,,n/a,,OG triple completed,
https://ultratextgen.com/nl/,localized,localized,Medium,,yes,/assets/og/nl.png,yes,/assets/hero/nl.svg,yes,,OG triple completed; hero set decorative,
https://ultratextgen.com/nl/instagram-lettertype/,localized,localized,Medium,,yes,/assets/og/nl-instagram-lettertype.png,yes,/assets/hero/nl-instagram-lettertype.svg,yes,,OG triple completed; hero set decorative,
https://ultratextgen.com/nl/kleine-letters/,localized,localized,Medium,,yes,/assets/og/nl-kleine-letters.png,yes,/assets/hero/nl-kleine-letters.svg,yes,,OG triple completed; hero set decorative,
https://ultratextgen.com/nl/library/discord-symbolen/,localized,localized,Medium,,yes,/assets/og/nl-library-discord-symbolen.png,yes,,n/a,,OG triple completed,
https://ultratextgen.com/nl/library/euroteken/,localized,localized,Medium,,yes,/assets/og/nl-library-euroteken.png,yes,,n/a,,OG present,
https://ultratextgen.com/nl/library/gender-symbolen/,localized,localized,Medium,,yes,/assets/og/nl-library-gender-symbolen.png,yes,,n/a,,OG present,
https://ultratextgen.com/nl/library/griekse-letters/,localized,localized,Medium,,yes,/assets/og/nl-library-griekse-letters.png,yes,,n/a,,OG present,
https://ultratextgen.com/nl/library/hartjes/,localized,localized,Medium,,yes,/assets/og/nl-library-hartjes.png,yes,,n/a,,OG present,
https://ultratextgen.com/nl/library/,localized,localized,Medium,,yes,/assets/og/nl-library.png,yes,,n/a,,OG present,
https://ultratextgen.com/nl/library/kruis-symbool/,localized,localized,Medium,,yes,/assets/og/nl-library-kruis-symbool.png,yes,,n/a,,OG present,
https://ultratextgen.com/nl/library/opsommingstekens/,localized,localized,Medium,,yes,/assets/og/nl-library-opsommingstekens.png,yes,,n/a,,OG triple completed,
https://ultratextgen.com/nl/library/pijl-symbolen/,localized,localized,Medium,,yes,/assets/og/nl-library-pijl-symbolen.png,yes,,n/a,,OG present,
https://ultratextgen.com/nl/library/roblox-symbolen/,localized,localized,Medium,,yes,/assets/og/nl-library-roblox-symbolen.png,yes,,n/a,,OG triple completed,
https://ultratextgen.com/nl/library/speciale-tekens/,localized,localized,Medium,,yes,/assets/og/nl-library-speciale-tekens.png,yes,/assets/hero/nl-library-speciale-tekens.svg,yes,,OG triple completed; hero set decorative,
https://ultratextgen.com/nl/library/ster-symbolen/,localized,localized,Medium,,yes,/assets/og/nl-library-ster-symbolen.png,yes,,n/a,,OG present,
https://ultratextgen.com/nl/library/tekstgezichten-kaomoji/,localized,localized,Medium,,yes,/assets/og/nl-library-tekstgezichten-kaomoji.png,yes,,n/a,,OG triple completed,
https://ultratextgen.com/nl/library/vinkje/,localized,localized,Medium,,yes,/assets/og/nl-library-vinkje.png,yes,,n/a,,OG present,
https://ultratextgen.com/nl/library/vraagteken/,localized,localized,Medium,,yes,/assets/og/nl-library-vraagteken.png,yes,,n/a,,OG present,
https://ultratextgen.com/nl/library/wiskunde-symbolen/,localized,localized,Medium,,yes,/assets/og/nl-library-wiskunde-symbolen.png,yes,,n/a,,OG present,
https://ultratextgen.com/nl/library/y2k-symbolen/,localized,localized,Medium,,yes,/assets/og/nl-library-y2k-symbolen.png,yes,,n/a,,OG triple completed,
https://ultratextgen.com/nl/mooie-letters/,localized,localized,Medium,,yes,/assets/og/nl-mooie-letters.png,yes,/assets/hero/nl-mooie-letters.svg,yes,,OG triple completed; hero set decorative,
https://ultratextgen.com/nl/onzichtbare-tekst/,localized,localized,Medium,,yes,/assets/og/nl-onzichtbare-tekst.png,yes,/assets/hero/nl-onzichtbare-tekst.svg,yes,,OG triple completed; hero set decorative,
https://ultratextgen.com/nl/sierlijke-letters/,localized,localized,Medium,,yes,/assets/og/nl-sierlijke-letters.png,yes,/assets/hero/nl-sierlijke-letters.svg,yes,,OG triple completed; hero set decorative,
https://ultratextgen.com/nl/snapchat-lettertype/,localized,localized,Medium,,yes,/assets/og/nl-snapchat-lettertype.png,yes,/assets/hero/nl-snapchat-lettertype.svg,yes,,OG triple completed; hero set decorative,
https://ultratextgen.com/nl/symbol/aanhalingsteken/,localized,localized,Medium,,yes,/assets/og/nl-symbol-aanhalingsteken.png,yes,,n/a,,OG present,
https://ultratextgen.com/nl/symbol/alinea-teken/,localized,localized,Medium,,yes,/assets/og/nl-symbol-alinea-teken.png,yes,,n/a,,OG present,
https://ultratextgen.com/nl/symbol/ampersand/,localized,localized,Medium,,yes,/assets/og/nl-symbol-ampersand.png,yes,,n/a,,OG present,
https://ultratextgen.com/nl/symbol/apenstaartje/,localized,localized,Medium,,yes,/assets/og/nl-symbol-apenstaartje.png,yes,,n/a,,OG present,
https://ultratextgen.com/nl/symbol/copyright-symbool/,localized,localized,Medium,,yes,/assets/og/nl-symbol-copyright-symbool.png,yes,,n/a,,OG present,
https://ultratextgen.com/nl/symbol/euro-symbool/,localized,localized,Medium,,yes,/assets/og/nl-symbol-euro-symbool.png,yes,,n/a,,OG present,
https://ultratextgen.com/nl/symbol/graden-symbool/,localized,localized,Medium,,yes,/assets/og/nl-symbol-graden-symbool.png,yes,,n/a,,OG present,
https://ultratextgen.com/nl/symbol/handelsmerk-symbool/,localized,localized,Medium,,yes,/assets/og/nl-symbol-handelsmerk-symbool.png,yes,,n/a,,OG present,
https://ultratextgen.com/nl/symbol/,localized,localized,Medium,,yes,/assets/og/nl-symbol.png,yes,,n/a,,OG present,
https://ultratextgen.com/nl/symbol/oneindigheidsteken/,localized,localized,Medium,,yes,/assets/og/nl-symbol-oneindigheidsteken.png,yes,,n/a,,OG present,
https://ultratextgen.com/nl/symbol/paragraafteken/,localized,localized,Medium,,yes,/assets/og/nl-symbol-paragraafteken.png,yes,,n/a,,OG present,
https://ultratextgen.com/nl/symbol/pijl-naar-links/,localized,localized,Medium,,yes,/assets/og/nl-symbol-pijl-naar-links.png,yes,,n/a,,OG present,
https://ultratextgen.com/nl/symbol/pijl-omhoog/,localized,localized,Medium,,yes,/assets/og/nl-symbol-pijl-omhoog.png,yes,,n/a,,OG present,
https://ultratextgen.com/nl/symbol/pijl-omlaag/,localized,localized,Medium,,yes,/assets/og/nl-symbol-pijl-omlaag.png,yes,,n/a,,OG present,
https://ultratextgen.com/nl/symbol/plusminus-teken/,localized,localized,Medium,,yes,/assets/og/nl-symbol-plusminus-teken.png,yes,,n/a,,OG present,
https://ultratextgen.com/nl/symbol/vinkje-symbool/,localized,localized,Medium,,yes,/assets/og/nl-symbol-vinkje-symbool.png,yes,,n/a,,OG present,
https://ultratextgen.com/nl/usecase/lettertype-voor-bio/,localized,localized,Medium,,yes,/assets/og/nl-usecase-lettertype-voor-bio.png,yes,/assets/hero/nl-usecase-lettertype-voor-bio.svg,yes,,OG triple completed; hero set decorative,
https://ultratextgen.com/nl/usecase/tattoo-letters/,localized,localized,Medium,,yes,/assets/og/nl-usecase-tattoo-letters.png,yes,/assets/hero/nl-usecase-tattoo-letters.svg,yes,,OG triple completed; hero set decorative,
https://ultratextgen.com/nl/usecase/vertical-text/,localized,localized,Medium,,yes,/assets/og/nl-usecase-vertical-text.png,yes,/assets/hero/nl-usecase-vertical-text.svg,yes,,OG triple completed; hero set decorative,
https://ultratextgen.com/nl/usecase/zalgo-text/,localized,localized,Medium,,yes,/assets/og/nl-usecase-zalgo-text.png,yes,/assets/hero/nl-usecase-zalgo-text.svg,yes,,OG triple completed; hero set decorative,
https://ultratextgen.com/nl/vetgedrukte-letters/,localized,localized,Medium,,yes,/assets/og/nl-vetgedrukte-letters.png,yes,/assets/hero/nl-vetgedrukte-letters.svg,yes,,OG triple completed; hero set decorative,
https://ultratextgen.com/no/guide/discord-tekstformatering-forklart/,localized,localized,Medium,,yes,/assets/og/no-guide-discord-tekstformatering-forklart.png,yes,,n/a,,OG triple completed,
https://ultratextgen.com/no/guide/hvor-fungerer-skrifter-i-discord/,localized,localized,Medium,,yes,/assets/og/no-guide-hvor-fungerer-skrifter-i-discord.png,yes,,n/a,,OG triple completed,
https://ultratextgen.com/no/guide/,localized,localized,Medium,,yes,/assets/og/no-guide.png,yes,,n/a,,OG triple completed,
https://ultratextgen.com/no/guide/trygt-discord-navn/,localized,localized,Medium,,yes,/assets/og/no-guide-trygt-discord-navn.png,yes,,n/a,,OG triple completed,
https://ultratextgen.com/no/,localized,localized,Medium,,yes,/assets/og/no.png,yes,/assets/hero/no.svg,yes,,OG triple completed; hero set decorative,
https://ultratextgen.com/no/kursiv-tekst/,localized,localized,Medium,,yes,/assets/og/no-kursiv-tekst.png,yes,/assets/hero/no-kursiv-tekst.svg,yes,,OG triple completed; hero set decorative,
https://ultratextgen.com/no/library/facebook-symboler/,localized,localized,Medium,,yes,/assets/og/no-library-facebook-symboler.png,yes,/assets/hero/no-library-facebook-symboler.svg,yes,,OG triple completed; hero set decorative,
https://ultratextgen.com/no/library/geometriske-symboler/,localized,localized,Medium,,yes,/assets/og/no-library-geometriske-symboler.png,yes,/assets/hero/no-library-geometriske-symboler.svg,yes,,OG triple completed; hero set decorative,
https://ultratextgen.com/no/library/greske-bokstaver/,localized,localized,Medium,,yes,/assets/og/no-library-greske-bokstaver.png,yes,/assets/hero/no-library-greske-bokstaver.svg,yes,,OG triple completed; hero set decorative,
https://ultratextgen.com/no/library/hakesymboler/,localized,localized,Medium,,yes,/assets/og/no-library-hakesymboler.png,yes,/assets/hero/no-library-hakesymboler.svg,yes,,OG triple completed; hero set decorative,
https://ultratextgen.com/no/library/hjertesymboler/,localized,localized,Medium,,yes,/assets/og/no-library-hjertesymboler.png,yes,/assets/hero/no-library-hjertesymboler.svg,yes,,OG triple completed; hero set decorative,
https://ultratextgen.com/no/library/,localized,localized,Medium,,yes,/assets/og/no-library.png,yes,,n/a,,OG triple completed,
https://ultratextgen.com/no/library/julesymboler/,localized,localized,Medium,,yes,/assets/og/no-library-julesymboler.png,yes,/assets/hero/no-library-julesymboler.svg,yes,,OG triple completed; hero set decorative,
https://ultratextgen.com/no/library/korssymboler/,localized,localized,Medium,,yes,/assets/og/no-library-korssymboler.png,yes,/assets/hero/no-library-korssymboler.svg,yes,,OG triple completed; hero set decorative,
https://ultratextgen.com/no/library/latter-emoji/,localized,localized,Medium,,yes,/assets/og/no-library-latter-emoji.png,yes,,n/a,,OG triple completed,
https://ultratextgen.com/no/library/matematiske-symboler/,localized,localized,Medium,,yes,/assets/og/no-library-matematiske-symboler.png,yes,/assets/hero/no-library-matematiske-symboler.svg,yes,,OG triple completed; hero set decorative,
https://ultratextgen.com/no/library/pilsymboler/,localized,localized,Medium,,yes,/assets/og/no-library-pilsymboler.png,yes,/assets/hero/no-library-pilsymboler.svg,yes,,OG triple completed; hero set decorative,
https://ultratextgen.com/no/library/smilefjes/,localized,localized,Medium,,yes,/assets/og/no-library-smilefjes.png,yes,,n/a,,OG triple completed,
https://ultratextgen.com/no/library/stjernesymboler/,localized,localized,Medium,,yes,/assets/og/no-library-stjernesymboler.png,yes,/assets/hero/no-library-stjernesymboler.svg,yes,,OG triple completed; hero set decorative,
https://ultratextgen.com/no/library/tommel-opp-emoji/,localized,localized,Medium,,yes,/assets/og/no-library-tommel-opp-emoji.png,yes,,n/a,,OG triple completed,
https://ultratextgen.com/no/symbol/eurotegn/,localized,localized,Medium,,yes,/assets/og/no-symbol-eurotegn.png,yes,,n/a,,OG present,
https://ultratextgen.com/no/symbol/,localized,localized,Medium,,yes,/assets/og/no-symbol.png,yes,,n/a,,OG present,
https://ultratextgen.com/no/symbol/pundtegn/,localized,localized,Medium,,yes,/assets/og/no-symbol-pundtegn.png,yes,,n/a,,OG present,
https://ultratextgen.com/pl/category/,localized,localized,Medium,,yes,/assets/og/pl-category.png,yes,/assets/hero/pl-category.svg,yes,,OG triple completed; hero set decorative,
https://ultratextgen.com/pl/czcionki-discord/,localized,localized,Medium,,yes,/assets/og/pl-czcionki-discord.png,yes,/assets/hero/pl-czcionki-discord.svg,yes,,OG triple completed; hero set decorative,
https://ultratextgen.com/pl/czcionki-gotyckie/,localized,localized,Medium,,yes,/assets/og/pl-czcionki-gotyckie.png,yes,/assets/hero/pl-czcionki-gotyckie.svg,yes,,OG triple completed; hero set decorative,
https://ultratextgen.com/pl/czcionki-na-facebook/,localized,localized,Medium,,yes,/assets/og/pl-czcionki-na-facebook.png,yes,/assets/hero/pl-czcionki-na-facebook.svg,yes,,OG triple completed; hero set decorative,
https://ultratextgen.com/pl/czcionki-na-instagram/,localized,localized,Medium,,yes,/assets/og/pl-czcionki-na-instagram.png,yes,/assets/hero/pl-czcionki-na-instagram.svg,yes,,OG triple completed; hero set decorative,
https://ultratextgen.com/pl/czcionki-na-roblox/,localized,localized,Medium,,yes,/assets/og/pl-czcionki-na-roblox.png,yes,/assets/hero/pl-czcionki-na-roblox.svg,yes,,OG triple completed; hero set decorative,
https://ultratextgen.com/pl/czcionki-na-snapchat/,localized,localized,Medium,,yes,/assets/og/pl-czcionki-na-snapchat.png,yes,/assets/hero/pl-czcionki-na-snapchat.svg,yes,,OG triple completed; hero set decorative,
https://ultratextgen.com/pl/czcionki-na-tiktok/,localized,localized,Medium,,yes,/assets/og/pl-czcionki-na-tiktok.png,yes,/assets/hero/pl-czcionki-na-tiktok.svg,yes,,OG triple completed; hero set decorative,
https://ultratextgen.com/pl/czcionki-na-whatsapp/,localized,localized,Medium,,yes,/assets/og/pl-czcionki-na-whatsapp.png,yes,/assets/hero/pl-czcionki-na-whatsapp.svg,yes,,OG triple completed; hero set decorative,
https://ultratextgen.com/pl/do-druku/alfabet-hiszpanski/,localized,localized,Medium,,yes,/assets/og/pl-do-druku-alfabet-hiszpanski.png,yes,,n/a,,OG triple completed,
https://ultratextgen.com/pl/do-druku/banery-z-literami/,localized,localized,Medium,,yes,/assets/og/pl-do-druku-banery-z-literami.png,yes,,n/a,,OG triple completed,
https://ultratextgen.com/pl/do-druku/,localized,localized,Medium,,yes,/assets/og/pl-do-druku.png,yes,,n/a,,OG triple completed,
https://ultratextgen.com/pl/do-druku/pisanie-imienia/,localized,localized,Medium,,yes,/assets/og/pl-do-druku-pisanie-imienia.png,yes,,n/a,,OG triple completed,
https://ultratextgen.com/pl/do-druku/pokoloruj-imie/,localized,localized,Medium,,yes,/assets/og/pl-do-druku-pokoloruj-imie.png,yes,,n/a,,OG triple completed,
https://ultratextgen.com/pl/estetyczne-czcionki/,localized,localized,Medium,,yes,/assets/og/pl-estetyczne-czcionki.png,yes,/assets/hero/pl-estetyczne-czcionki.svg,yes,,OG triple completed; hero set decorative,
https://ultratextgen.com/pl/guide/bezpieczna-nazwa-na-discordzie/,localized,localized,Medium,,yes,/assets/og/pl-guide-bezpieczna-nazwa-na-discordzie.png,yes,,n/a,,OG triple completed,
https://ultratextgen.com/pl/guide/formatowanie-tekstu-na-discordzie/,localized,localized,Medium,,yes,/assets/og/pl-guide-formatowanie-tekstu-na-discordzie.png,yes,,n/a,,OG triple completed,
https://ultratextgen.com/pl/guide/gdzie-dzialaja-czcionki-na-discordzie/,localized,localized,Medium,,yes,/assets/og/pl-guide-gdzie-dzialaja-czcionki-na-discordzie.png,yes,,n/a,,OG triple completed,
https://ultratextgen.com/pl/guide/,localized,localized,Medium,,yes,/assets/og/pl-guide.png,yes,,n/a,,OG triple completed,
https://ultratextgen.com/pl/,localized,localized,Medium,,yes,/assets/og/pl.png,yes,/assets/hero/pl.svg,yes,,OG triple completed; hero set decorative,
https://ultratextgen.com/pl/kombinacje-emoji/,localized,localized,Medium,,yes,/assets/og/pl-kombinacje-emoji.png,yes,/assets/hero/pl-kombinacje-emoji.svg,yes,,OG triple completed; hero set decorative,
https://ultratextgen.com/pl/kursywa/,localized,localized,Medium,,yes,/assets/og/pl-kursywa.png,yes,/assets/hero/pl-kursywa.svg,yes,,OG triple completed; hero set decorative,
https://ultratextgen.com/pl/library/alfabet-grecki/,localized,localized,Medium,,yes,/assets/og/pl-library-alfabet-grecki.png,yes,,n/a,,OG present,
https://ultratextgen.com/pl/library/cat-kaomoji/,localized,localized,Medium,,yes,/assets/og/pl-library-cat-kaomoji.png,yes,/assets/hero/pl-library-cat-kaomoji.svg,yes,,OG present; hero set decorative,
https://ultratextgen.com/pl/library/cute-kaomoji/,localized,localized,Medium,,yes,/assets/og/pl-library-cute-kaomoji.png,yes,/assets/hero/pl-library-cute-kaomoji.svg,yes,,OG present; hero set decorative,
https://ultratextgen.com/pl/library/emoji-flags/,localized,localized,Medium,,yes,/assets/og/pl-library-emoji-flags.png,yes,/assets/hero/pl-library-emoji-flags.svg,yes,,OG triple completed; hero set decorative,
https://ultratextgen.com/pl/library/,localized,localized,Medium,,yes,/assets/og/pl-library.png,yes,/assets/hero/pl-library.svg,yes,,OG triple completed; hero set decorative,
https://ultratextgen.com/pl/library/kaomoji/,localized,localized,Medium,,yes,/assets/og/pl-library-kaomoji.png,yes,/assets/hero/pl-library-kaomoji.svg,yes,,OG triple completed; hero set decorative,
https://ultratextgen.com/pl/library/lenny-face/,localized,localized,Medium,,yes,/assets/og/pl-library-lenny-face.png,yes,,n/a,,OG present,
https://ultratextgen.com/pl/library/love-kaomoji/,localized,localized,Medium,,yes,/assets/og/pl-library-love-kaomoji.png,yes,/assets/hero/pl-library-love-kaomoji.svg,yes,,OG present; hero set decorative,
https://ultratextgen.com/pl/library/symbole-coquette/,localized,localized,Medium,,yes,/assets/og/pl-library-symbole-coquette.png,yes,/assets/hero/pl-library-symbole-coquette.svg,yes,,OG triple completed; hero set decorative,
https://ultratextgen.com/pl/library/symbole-cottagecore/,localized,localized,Medium,,yes,/assets/og/pl-library-symbole-cottagecore.png,yes,/assets/hero/pl-library-symbole-cottagecore.svg,yes,,OG triple completed; hero set decorative,
https://ultratextgen.com/pl/library/symbole-discord/,localized,localized,Medium,,yes,/assets/og/pl-library-symbole-discord.png,yes,/assets/hero/pl-library-symbole-discord.svg,yes,,OG triple completed; hero set decorative,
https://ultratextgen.com/pl/library/symbole-dreamcore-weirdcore/,localized,localized,Medium,,yes,/assets/og/pl-library-symbole-dreamcore-weirdcore.png,yes,/assets/hero/pl-library-symbole-dreamcore-weirdcore.svg,yes,,OG triple completed; hero set decorative,
https://ultratextgen.com/pl/library/symbole-facebook/,localized,localized,Medium,,yes,/assets/og/pl-library-symbole-facebook.png,yes,/assets/hero/pl-library-symbole-facebook.svg,yes,,OG triple completed; hero set decorative,
https://ultratextgen.com/pl/library/symbole-fairycore/,localized,localized,Medium,,yes,/assets/og/pl-library-symbole-fairycore.png,yes,/assets/hero/pl-library-symbole-fairycore.svg,yes,,OG triple completed; hero set decorative,
https://ultratextgen.com/pl/library/symbole-goth-grunge/,localized,localized,Medium,,yes,/assets/og/pl-library-symbole-goth-grunge.png,yes,/assets/hero/pl-library-symbole-goth-grunge.svg,yes,,OG triple completed; hero set decorative,
https://ultratextgen.com/pl/library/symbole-gwiazdek/,localized,localized,Medium,,yes,/assets/og/pl-library-symbole-gwiazdek.png,yes,/assets/hero/pl-library-symbole-gwiazdek.svg,yes,,OG triple completed; hero set decorative,
https://ultratextgen.com/pl/library/symbole-kawaii-cute/,localized,localized,Medium,,yes,/assets/og/pl-library-symbole-kawaii-cute.png,yes,/assets/hero/pl-library-symbole-kawaii-cute.svg,yes,,OG triple completed; hero set decorative,
https://ultratextgen.com/pl/library/symbole-matematyczne/,localized,localized,Medium,,yes,/assets/og/pl-library-symbole-matematyczne.png,yes,,n/a,,OG present,
https://ultratextgen.com/pl/library/symbole-punktowania/,localized,localized,Medium,,yes,/assets/og/pl-library-symbole-punktowania.png,yes,,n/a,,OG present,
https://ultratextgen.com/pl/library/symbole-roblox/,localized,localized,Medium,,yes,/assets/og/pl-library-symbole-roblox.png,yes,/assets/hero/pl-library-symbole-roblox.svg,yes,,OG triple completed; hero set decorative,
https://ultratextgen.com/pl/library/symbole-serca/,localized,localized,Medium,,yes,/assets/og/pl-library-symbole-serca.png,yes,/assets/hero/pl-library-symbole-serca.svg,yes,,OG triple completed; hero set decorative,
https://ultratextgen.com/pl/library/symbole-therian/,localized,localized,Medium,,yes,/assets/og/pl-library-symbole-therian.png,yes,/assets/hero/pl-library-symbole-therian.svg,yes,,OG triple completed; hero set decorative,
https://ultratextgen.com/pl/library/symbole-witchy-occult/,localized,localized,Medium,,yes,/assets/og/pl-library-symbole-witchy-occult.png,yes,/assets/hero/pl-library-symbole-witchy-occult.svg,yes,,OG triple completed; hero set decorative,
https://ultratextgen.com/pl/library/symbole-y2k/,localized,localized,Medium,,yes,/assets/og/pl-library-symbole-y2k.png,yes,/assets/hero/pl-library-symbole-y2k.svg,yes,,OG triple completed; hero set decorative,
https://ultratextgen.com/pl/licznik-slow-i-znakow/,localized,localized,Medium,,yes,/assets/og/pl-licznik-slow-i-znakow.png,yes,,n/a,,OG triple completed,
https://ultratextgen.com/pl/literki/,localized,localized,Medium,,yes,/assets/og/pl-literki.png,yes,/assets/hero/pl-literki.svg,yes,,OG triple completed; hero set decorative,
https://ultratextgen.com/pl/litery-do-skopiowania/,localized,localized,Medium,,yes,/assets/og/pl-litery-do-skopiowania.png,yes,/assets/hero/pl-litery-do-skopiowania.svg,yes,,OG triple completed; hero set decorative,
https://ultratextgen.com/pl/male-litery/,localized,localized,Medium,,yes,/assets/og/pl-male-litery.png,yes,/assets/hero/pl-male-litery.svg,yes,,OG triple completed; hero set decorative,
https://ultratextgen.com/pl/niewidzialny-znak/,localized,localized,Medium,,yes,/assets/og/pl-niewidzialny-znak.png,yes,/assets/hero/pl-niewidzialny-znak.svg,yes,,OG triple completed; hero set decorative,
https://ultratextgen.com/pl/odwrocony-tekst/,localized,localized,Medium,,yes,/assets/og/pl-odwrocony-tekst.png,yes,/assets/hero/pl-odwrocony-tekst.svg,yes,,OG triple completed; hero set decorative,
https://ultratextgen.com/pl/ozdobniki/,localized,localized,Medium,,yes,/assets/og/pl-ozdobniki.png,yes,/assets/hero/pl-ozdobniki.svg,yes,,OG triple completed; hero set decorative,
https://ultratextgen.com/pl/pogrubiona-czcionka/,localized,localized,Medium,,yes,/assets/og/pl-pogrubiona-czcionka.png,yes,/assets/hero/pl-pogrubiona-czcionka.svg,yes,,OG triple completed; hero set decorative,
https://ultratextgen.com/pl/przekreslony-tekst/,localized,localized,Medium,,yes,/assets/og/pl-przekreslony-tekst.png,yes,/assets/hero/pl-przekreslony-tekst.svg,yes,,OG triple completed; hero set decorative,
https://ultratextgen.com/pl/symbol/ampersand/,localized,localized,Medium,,yes,/assets/og/pl-symbol-ampersand.png,yes,,n/a,,OG present,
https://ultratextgen.com/pl/symbol/cudzyslow-polski/,localized,localized,Medium,,yes,/assets/og/pl-symbol-cudzyslow-polski.png,yes,,n/a,,OG present,
https://ultratextgen.com/pl/symbol/,localized,localized,Medium,,yes,/assets/og/pl-symbol.png,yes,,n/a,,OG present,
https://ultratextgen.com/pl/symbol/malpa/,localized,localized,Medium,,yes,/assets/og/pl-symbol-malpa.png,yes,,n/a,,OG present,
https://ultratextgen.com/pl/symbol/nieskonczonosc/,localized,localized,Medium,,yes,/assets/og/pl-symbol-nieskonczonosc.png,yes,,n/a,,OG present,
https://ultratextgen.com/pl/symbol/pierwiastek-kwadratowy/,localized,localized,Medium,,yes,/assets/og/pl-symbol-pierwiastek-kwadratowy.png,yes,,n/a,,OG present,
https://ultratextgen.com/pl/symbol/pionowa-kreska/,localized,localized,Medium,,yes,/assets/og/pl-symbol-pionowa-kreska.png,yes,,n/a,,OG present,
https://ultratextgen.com/pl/symbol/stopnie-i-temperatura/,localized,localized,Medium,,yes,/assets/og/pl-symbol-stopnie-i-temperatura.png,yes,,n/a,,OG present,
https://ultratextgen.com/pl/symbol/strzalka-w-dol/,localized,localized,Medium,,yes,/assets/og/pl-symbol-strzalka-w-dol.png,yes,,n/a,,OG present,
https://ultratextgen.com/pl/symbol/strzalka-w-gore/,localized,localized,Medium,,yes,/assets/og/pl-symbol-strzalka-w-gore.png,yes,,n/a,,OG present,
https://ultratextgen.com/pl/symbol/znak-akapitu/,localized,localized,Medium,,yes,/assets/og/pl-symbol-znak-akapitu.png,yes,,n/a,,OG present,
https://ultratextgen.com/pl/symbol/znak-copyright/,localized,localized,Medium,,yes,/assets/og/pl-symbol-znak-copyright.png,yes,,n/a,,OG present,
https://ultratextgen.com/pl/symbol/znak-dzielenia/,localized,localized,Medium,,yes,/assets/og/pl-symbol-znak-dzielenia.png,yes,,n/a,,OG present,
https://ultratextgen.com/pl/symbol/znak-euro/,localized,localized,Medium,,yes,/assets/og/pl-symbol-znak-euro.png,yes,,n/a,,OG present,
https://ultratextgen.com/pl/symbol/znak-paragrafu/,localized,localized,Medium,,yes,/assets/og/pl-symbol-znak-paragrafu.png,yes,,n/a,,OG present,
https://ultratextgen.com/pl/symbol/znak-plus-minus/,localized,localized,Medium,,yes,/assets/og/pl-symbol-znak-plus-minus.png,yes,,n/a,,OG present,
https://ultratextgen.com/pl/symbol/znak-zaznaczenia/,localized,localized,Medium,,yes,/assets/og/pl-symbol-znak-zaznaczenia.png,yes,,n/a,,OG present,
https://ultratextgen.com/pl/symbol/znaki-tm-i-copyright/,localized,localized,Medium,,yes,/assets/og/pl-symbol-znaki-tm-i-copyright.png,yes,,n/a,,OG present,
https://ultratextgen.com/pl/usecase/czcionki-tatuaze/,localized,localized,Medium,,yes,/assets/og/pl-usecase-czcionki-tatuaze.png,yes,/assets/hero/pl-usecase-czcionki-tatuaze.svg,yes,,OG triple completed; hero set decorative,
https://ultratextgen.com/pl/usecase/,localized,localized,Medium,,yes,/assets/og/pl-usecase.png,yes,/assets/hero/pl-usecase.svg,yes,,OG triple completed; hero set decorative,
https://ultratextgen.com/pl/usecase/nazwy-do-robloxa/,localized,localized,Medium,,yes,/assets/og/pl-usecase-nazwy-do-robloxa.png,yes,,n/a,,OG triple completed,
https://ultratextgen.com/pl/usecase/tlumacz-emoji/,localized,localized,Medium,,yes,/assets/og/pl-usecase-tlumacz-emoji.png,yes,/assets/hero/pl-usecase-tlumacz-emoji.svg,yes,,OG triple completed; hero set decorative,
https://ultratextgen.com/pl/usecase/vertical-text/,localized,localized,Medium,,yes,/assets/og/pl-usecase-vertical-text.png,yes,/assets/hero/pl-usecase-vertical-text.svg,yes,,OG triple completed; hero set decorative,
https://ultratextgen.com/pl/usecase/zalgo-text/,localized,localized,Medium,,yes,/assets/og/pl-usecase-zalgo-text.png,yes,/assets/hero/pl-usecase-zalgo-text.svg,yes,,OG triple completed; hero set decorative,
https://ultratextgen.com/pl/wielkie-i-male-litery/,localized,localized,Medium,,yes,/assets/og/pl-wielkie-i-male-litery.png,yes,,n/a,,OG triple completed,
https://ultratextgen.com/pt/category/,localized,localized,Medium,,yes,/assets/og/pt-category.png,yes,/assets/hero/pt-category.svg,yes,,OG triple completed; hero set decorative,
https://ultratextgen.com/pt/combos-de-emoji/,localized,localized,Medium,,yes,/assets/og/pt-combos-de-emoji.png,yes,/assets/hero/pt-combos-de-emoji.svg,yes,,OG triple completed; hero set decorative,
https://ultratextgen.com/pt/contador-de-palavras-e-caracteres/,localized,localized,Medium,,yes,/assets/og/pt-contador-de-palavras-e-caracteres.png,yes,,n/a,,OG triple completed,
https://ultratextgen.com/pt/conversor-de-letras/,localized,localized,Medium,,yes,/assets/og/pt-conversor-de-letras.png,yes,/assets/hero/pt-conversor-de-letras.svg,yes,,OG triple completed; hero set decorative,
https://ultratextgen.com/pt/fonte-gotica/,localized,localized,Medium,,yes,/assets/og/pt-fonte-gotica.png,yes,/assets/hero/pt-fonte-gotica.svg,yes,,OG triple completed; hero set decorative,
https://ultratextgen.com/pt/fontes-para-discord/,localized,localized,Medium,,yes,/assets/og/pt-fontes-para-discord.png,yes,/assets/hero/pt-fontes-para-discord.svg,yes,,OG triple completed; hero set decorative,
https://ultratextgen.com/pt/fontes-para-facebook/,localized,localized,Medium,,yes,/assets/og/pt-fontes-para-facebook.png,yes,/assets/hero/pt-fontes-para-facebook.svg,yes,,OG triple completed; hero set decorative,
https://ultratextgen.com/pt/fontes-para-instagram/,localized,localized,Medium,,yes,/assets/og/pt-fontes-para-instagram.png,yes,/assets/hero/pt-fontes-para-instagram.svg,yes,,OG triple completed; hero set decorative,
https://ultratextgen.com/pt/fontes-para-telegram/,localized,localized,Medium,,yes,/assets/og/pt-fontes-para-telegram.png,yes,/assets/hero/pt-fontes-para-telegram.svg,yes,,OG triple completed; hero set decorative,
https://ultratextgen.com/pt/fontes-para-tiktok/,localized,localized,Medium,,yes,/assets/og/pt-fontes-para-tiktok.png,yes,/assets/hero/pt-fontes-para-tiktok.svg,yes,,OG triple completed; hero set decorative,
https://ultratextgen.com/pt/fontes-para-whatsapp/,localized,localized,Medium,,yes,/assets/og/pt-fontes-para-whatsapp.png,yes,/assets/hero/pt-fontes-para-whatsapp.svg,yes,,OG triple completed; hero set decorative,
https://ultratextgen.com/pt/gerador-de-nomes/,localized,localized,Medium,,yes,/assets/og/pt-gerador-de-nomes.png,yes,/assets/hero/pt-gerador-de-nomes.svg,yes,,OG triple completed; hero set decorative,
https://ultratextgen.com/pt/guide/formatacao-de-texto-no-discord/,localized,localized,Medium,,yes,/assets/og/pt-guide-formatacao-de-texto-no-discord.png,yes,,n/a,,OG triple completed,
https://ultratextgen.com/pt/guide/,localized,localized,Medium,,yes,/assets/og/pt-guide.png,yes,,n/a,,OG triple completed,
https://ultratextgen.com/pt/guide/nome-discord-sem-risco/,localized,localized,Medium,,yes,/assets/og/pt-guide-nome-discord-sem-risco.png,yes,,n/a,,OG triple completed,
https://ultratextgen.com/pt/guide/onde-as-fontes-funcionam-no-discord/,localized,localized,Medium,,yes,/assets/og/pt-guide-onde-as-fontes-funcionam-no-discord.png,yes,,n/a,,OG triple completed,
https://ultratextgen.com/pt/imprimiveis/alfabeto-cursivo/,localized,localized,Medium,,yes,/assets/og/pt-imprimiveis-alfabeto-cursivo.png,yes,,n/a,,OG triple completed,
https://ultratextgen.com/pt/imprimiveis/alfabeto-espanhol/,localized,localized,Medium,,yes,/assets/og/pt-imprimiveis-alfabeto-espanhol.png,yes,,n/a,,OG triple completed,
https://ultratextgen.com/pt/imprimiveis/alfabeto-para-colorir/,localized,localized,Medium,,yes,/assets/og/pt-imprimiveis-alfabeto-para-colorir.png,yes,,n/a,,OG triple completed,
https://ultratextgen.com/pt/imprimiveis/,localized,localized,Medium,,yes,/assets/og/pt-imprimiveis.png,yes,,n/a,,OG triple completed,
https://ultratextgen.com/pt/imprimiveis/letras-bolha/,localized,localized,Medium,,yes,/assets/og/pt-imprimiveis-letras-bolha.png,yes,,n/a,,OG triple completed,
https://ultratextgen.com/pt/imprimiveis/nome-para-tracar/,localized,localized,Medium,,yes,/assets/og/pt-imprimiveis-nome-para-tracar.png,yes,,n/a,,OG triple completed,
https://ultratextgen.com/pt/,localized,localized,Medium,,yes,/assets/og/pt.png,yes,/assets/hero/pt.svg,yes,,OG triple completed; hero set decorative,
https://ultratextgen.com/pt/letra-cursiva/,localized,localized,Medium,,yes,/assets/og/pt-letra-cursiva.png,yes,/assets/hero/pt-letra-cursiva.svg,yes,,OG triple completed; hero set decorative,
https://ultratextgen.com/pt/letra-tachada/,localized,localized,Medium,,yes,/assets/og/pt-letra-tachada.png,yes,/assets/hero/pt-letra-tachada.svg,yes,,OG triple completed; hero set decorative,
https://ultratextgen.com/pt/letras-aesthetic/,localized,localized,Medium,,yes,/assets/og/pt-letras-aesthetic.png,yes,/assets/hero/pt-letras-aesthetic.svg,yes,,OG triple completed; hero set decorative,
https://ultratextgen.com/pt/letras-diferentes/,localized,localized,Medium,,yes,/assets/og/pt-letras-diferentes.png,yes,/assets/hero/pt-letras-diferentes.svg,yes,,OG triple completed; hero set decorative,
https://ultratextgen.com/pt/letras-italicas/,localized,localized,Medium,,yes,/assets/og/pt-letras-italicas.png,yes,/assets/hero/pt-letras-italicas.svg,yes,,OG triple completed; hero set decorative,
https://ultratextgen.com/pt/letras-negrito/,localized,localized,Medium,,yes,/assets/og/pt-letras-negrito.png,yes,/assets/hero/pt-letras-negrito.svg,yes,,OG triple completed; hero set decorative,
https://ultratextgen.com/pt/letras-para-copiar/,localized,localized,Medium,,yes,/assets/og/pt-letras-para-copiar.png,yes,/assets/hero/pt-letras-para-copiar.svg,yes,,OG triple completed; hero set decorative,
https://ultratextgen.com/pt/letras-pequenas/,localized,localized,Medium,,yes,/assets/og/pt-letras-pequenas.png,yes,/assets/hero/pt-letras-pequenas.svg,yes,,OG triple completed; hero set decorative,
https://ultratextgen.com/pt/library/alfabeto-grego/,localized,localized,Medium,,yes,/assets/og/pt-library-alfabeto-grego.png,yes,/assets/hero/pt-library-alfabeto-grego.svg,yes,,OG present; hero set decorative,
https://ultratextgen.com/pt/library/cat-kaomoji/,localized,localized,Medium,,yes,/assets/og/pt-library-cat-kaomoji.png,yes,/assets/hero/pt-library-cat-kaomoji.svg,yes,,OG present; hero set decorative,
https://ultratextgen.com/pt/library/codigos-alt/,localized,localized,Medium,,yes,/assets/og/library-alt-codes.png,yes,/assets/hero/library-alt-codes.svg,yes,,OG triple completed; hero set decorative,
https://ultratextgen.com/pt/library/cute-kaomoji/,localized,localized,Medium,,yes,/assets/og/pt-library-cute-kaomoji.png,yes,/assets/hero/pt-library-cute-kaomoji.svg,yes,,OG present; hero set decorative,
https://ultratextgen.com/pt/library/emoji-flags/,localized,localized,Medium,,yes,/assets/og/pt-library-emoji-flags.png,yes,/assets/hero/pt-library-emoji-flags.svg,yes,,OG triple completed; hero set decorative,
https://ultratextgen.com/pt/library/happy-kaomoji/,localized,localized,Medium,,yes,/assets/og/pt-library-happy-kaomoji.png,yes,/assets/hero/pt-library-happy-kaomoji.svg,yes,,OG present; hero set decorative,
https://ultratextgen.com/pt/library/,localized,localized,Medium,,yes,/assets/og/pt-library.png,yes,/assets/hero/pt-library.svg,yes,,OG triple completed; hero set decorative,
https://ultratextgen.com/pt/library/kaomoji/,localized,localized,Medium,,yes,/assets/og/pt-library-kaomoji.png,yes,/assets/hero/pt-library-kaomoji.svg,yes,,OG triple completed; hero set decorative,
https://ultratextgen.com/pt/library/love-kaomoji/,localized,localized,Medium,,yes,/assets/og/pt-library-love-kaomoji.png,yes,/assets/hero/pt-library-love-kaomoji.svg,yes,,OG present; hero set decorative,
https://ultratextgen.com/pt/library/naipes-de-baralho/,localized,localized,Medium,,yes,/assets/og/pt-library-naipes-de-baralho.png,yes,/assets/hero/pt-library-naipes-de-baralho.svg,yes,,OG present; hero set decorative,
https://ultratextgen.com/pt/library/neymar-emoji-combos/,localized,localized,Medium,,yes,/assets/og/pt-library-neymar-emoji-combos.png,yes,/assets/hero/pt-library-neymar-emoji-combos.svg,yes,,OG present; hero set decorative,
https://ultratextgen.com/pt/library/ronaldo-emoji-combos/,localized,localized,Medium,,yes,/assets/og/pt-library-ronaldo-emoji-combos.png,yes,/assets/hero/pt-library-ronaldo-emoji-combos.svg,yes,,OG present; hero set decorative,
https://ultratextgen.com/pt/library/sad-kaomoji/,localized,localized,Medium,,yes,/assets/og/pt-library-sad-kaomoji.png,yes,/assets/hero/pt-library-sad-kaomoji.svg,yes,,OG present; hero set decorative,
https://ultratextgen.com/pt/library/setas/,localized,localized,Medium,,yes,/assets/og/pt-library-setas.png,yes,/assets/hero/pt-library-setas.svg,yes,,OG triple completed; hero set decorative,
https://ultratextgen.com/pt/library/simbolos-copyright-marca-registrada/,localized,localized,Medium,,yes,/assets/og/library-copyright-trademark-symbols.png,yes,/assets/hero/library-copyright-trademark-symbols.svg,yes,,OG triple completed; hero set decorative,
https://ultratextgen.com/pt/library/simbolos-coquette/,localized,localized,Medium,,yes,/assets/og/pt-library-simbolos-coquette.png,yes,/assets/hero/pt-library-simbolos-coquette.svg,yes,,OG triple completed; hero set decorative,
https://ultratextgen.com/pt/library/simbolos-cottagecore/,localized,localized,Medium,,yes,/assets/og/pt-library-simbolos-cottagecore.png,yes,/assets/hero/pt-library-simbolos-cottagecore.svg,yes,,OG triple completed; hero set decorative,
https://ultratextgen.com/pt/library/simbolos-de-confirmacao/,localized,localized,Medium,,yes,/assets/og/pt-library-simbolos-de-confirmacao.png,yes,/assets/hero/pt-library-simbolos-de-confirmacao.svg,yes,,OG present; hero set decorative,
https://ultratextgen.com/pt/library/simbolos-de-coracao/,localized,localized,Medium,,yes,/assets/og/pt-library-simbolos-de-coracao.png,yes,/assets/hero/pt-library-simbolos-de-coracao.svg,yes,,OG triple completed; hero set decorative,
https://ultratextgen.com/pt/library/simbolos-de-cruz-e-x/,localized,localized,Medium,,yes,/assets/og/pt-library-simbolos-de-cruz-e-x.png,yes,/assets/hero/pt-library-simbolos-de-cruz-e-x.svg,yes,,OG present; hero set decorative,
https://ultratextgen.com/pt/library/simbolos-de-estrela/,localized,localized,Medium,,yes,/assets/og/pt-library-simbolos-de-estrela.png,yes,/assets/hero/pt-library-simbolos-de-estrela.svg,yes,,OG triple completed; hero set decorative,
https://ultratextgen.com/pt/library/simbolos-de-marcadores/,localized,localized,Medium,,yes,/assets/og/pt-library-simbolos-de-marcadores.png,yes,/assets/hero/pt-library-simbolos-de-marcadores.svg,yes,,OG present; hero set decorative,
https://ultratextgen.com/pt/library/simbolos-de-natal/,localized,localized,Medium,,yes,/assets/og/library-christmas-symbols.png,yes,/assets/hero/library-christmas-symbols.svg,yes,,OG triple completed; hero set decorative,
https://ultratextgen.com/pt/library/simbolos-de-xadrez/,localized,localized,Medium,,yes,/assets/og/library-chess-symbols.png,yes,/assets/hero/library-chess-symbols.svg,yes,,OG triple completed; hero set decorative,
https://ultratextgen.com/pt/library/simbolos-discord/,localized,localized,Medium,,yes,/assets/og/pt-library-simbolos-discord.png,yes,/assets/hero/pt-library-simbolos-discord.svg,yes,,OG triple completed; hero set decorative,
https://ultratextgen.com/pt/library/simbolos-dreamcore-weirdcore/,localized,localized,Medium,,yes,/assets/og/pt-library-simbolos-dreamcore-weirdcore.png,yes,/assets/hero/pt-library-simbolos-dreamcore-weirdcore.svg,yes,,OG triple completed; hero set decorative,
https://ultratextgen.com/pt/library/simbolos-fairycore/,localized,localized,Medium,,yes,/assets/og/pt-library-simbolos-fairycore.png,yes,/assets/hero/pt-library-simbolos-fairycore.svg,yes,,OG triple completed; hero set decorative,
https://ultratextgen.com/pt/library/simbolos-goth-grunge/,localized,localized,Medium,,yes,/assets/og/pt-library-simbolos-goth-grunge.png,yes,/assets/hero/pt-library-simbolos-goth-grunge.svg,yes,,OG triple completed; hero set decorative,
https://ultratextgen.com/pt/library/simbolos-japoneses/,localized,localized,Medium,,yes,/assets/og/pt-library-simbolos-japoneses.png,yes,/assets/hero/pt-library-simbolos-japoneses.svg,yes,,OG present; hero set decorative,
https://ultratextgen.com/pt/library/simbolos-kawaii-cute/,localized,localized,Medium,,yes,/assets/og/pt-library-simbolos-kawaii-cute.png,yes,/assets/hero/pt-library-simbolos-kawaii-cute.svg,yes,,OG triple completed; hero set decorative,
https://ultratextgen.com/pt/library/simbolos-matematicos/,localized,localized,Medium,,yes,/assets/og/pt-library-simbolos-matematicos.png,yes,/assets/hero/pt-library-simbolos-matematicos.svg,yes,,OG present; hero set decorative,
https://ultratextgen.com/pt/library/simbolos-musicais/,localized,localized,Medium,,yes,/assets/og/pt-library-simbolos-musicais.png,yes,/assets/hero/pt-library-simbolos-musicais.svg,yes,,OG present; hero set decorative,
https://ultratextgen.com/pt/library/simbolos-para-nick/,localized,localized,Medium,,yes,/assets/og/pt-library-simbolos-para-nick.png,yes,,n/a,,OG triple completed,
https://ultratextgen.com/pt/library/simbolos-roblox/,localized,localized,Medium,,yes,/assets/og/pt-library-simbolos-roblox.png,yes,/assets/hero/pt-library-simbolos-roblox.svg,yes,,OG triple completed; hero set decorative,
https://ultratextgen.com/pt/library/simbolos-therian/,localized,localized,Medium,,yes,/assets/og/pt-library-simbolos-therian.png,yes,/assets/hero/pt-library-simbolos-therian.svg,yes,,OG triple completed; hero set decorative,
https://ultratextgen.com/pt/library/simbolos-witchy-occult/,localized,localized,Medium,,yes,/assets/og/pt-library-simbolos-witchy-occult.png,yes,/assets/hero/pt-library-simbolos-witchy-occult.svg,yes,,OG triple completed; hero set decorative,
https://ultratextgen.com/pt/library/simbolos-y2k/,localized,localized,Medium,,yes,/assets/og/pt-library-simbolos-y2k.png,yes,/assets/hero/pt-library-simbolos-y2k.svg,yes,,OG triple completed; hero set decorative,
https://ultratextgen.com/pt/library/simbolos/,localized,localized,Medium,,yes,/assets/og/pt-library-simbolos.png,yes,/assets/hero/pt-library-simbolos.svg,yes,,OG triple completed; hero set decorative,
https://ultratextgen.com/pt/library/tabela-ascii/,localized,localized,Medium,,yes,/assets/og/library-ascii-table.png,yes,/assets/hero/library-ascii-table.svg,yes,,OG triple completed; hero set decorative,
https://ultratextgen.com/pt/library/vinicius-emoji-combos/,localized,localized,Medium,,yes,/assets/og/pt-library-vinicius-emoji-combos.png,yes,/assets/hero/pt-library-vinicius-emoji-combos.svg,yes,,OG present; hero set decorative,
https://ultratextgen.com/pt/maiusculas-e-minusculas/,localized,localized,Medium,,yes,/assets/og/pt-maiusculas-e-minusculas.png,yes,,n/a,,OG triple completed,
https://ultratextgen.com/pt/simbolos-para-nick/,localized,localized,Medium,,yes,/assets/og/pt-simbolos-para-nick.png,yes,/assets/hero/pt-simbolos-para-nick.svg,yes,,OG triple completed; hero set decorative,
https://ultratextgen.com/pt/symbol/arroba/,localized,localized,Medium,,yes,/assets/og/pt-symbol-arroba.png,yes,,n/a,,OG present,
https://ultratextgen.com/pt/symbol/cruz-ortodoxa/,localized,localized,Medium,,yes,/assets/og/pt-symbol-cruz-ortodoxa.png,yes,,n/a,,OG present,
https://ultratextgen.com/pt/symbol/e-comercial/,localized,localized,Medium,,yes,/assets/og/pt-symbol-e-comercial.png,yes,,n/a,,OG present,
https://ultratextgen.com/pt/symbol/estrela-de-davi/,localized,localized,Medium,,yes,/assets/og/pt-symbol-estrela-de-davi.png,yes,,n/a,,OG present,
https://ultratextgen.com/pt/symbol/,localized,localized,Medium,,yes,/assets/og/pt-symbol.png,yes,,n/a,,OG present,
https://ultratextgen.com/pt/symbol/interrogacao-invertida/,localized,localized,Medium,,yes,/assets/og/pt-symbol-interrogacao-invertida.png,yes,,n/a,,OG present,
https://ultratextgen.com/pt/symbol/linha-vertical/,localized,localized,Medium,,yes,/assets/og/pt-symbol-linha-vertical.png,yes,,n/a,,OG present,
https://ultratextgen.com/pt/symbol/lua-negra-lilith/,localized,localized,Medium,,yes,/assets/og/pt-symbol-lua-negra-lilith.png,yes,,n/a,,OG present,
https://ultratextgen.com/pt/symbol/quadrado-e-cubo/,localized,localized,Medium,,yes,/assets/og/pt-symbol-quadrado-e-cubo.png,yes,,n/a,,OG present,
https://ultratextgen.com/pt/symbol/raiz-quadrada/,localized,localized,Medium,,yes,/assets/og/pt-symbol-raiz-quadrada.png,yes,,n/a,,OG present,
https://ultratextgen.com/pt/symbol/seta-para-baixo/,localized,localized,Medium,,yes,/assets/og/pt-symbol-seta-para-baixo.png,yes,,n/a,,OG present,
https://ultratextgen.com/pt/symbol/seta-para-cima/,localized,localized,Medium,,yes,/assets/og/pt-symbol-seta-para-cima.png,yes,,n/a,,OG present,
https://ultratextgen.com/pt/symbol/seta-para-direita/,localized,localized,Medium,,yes,/assets/og/pt-symbol-seta-para-direita.png,yes,,n/a,,OG present,
https://ultratextgen.com/pt/symbol/seta-para-esquerda/,localized,localized,Medium,,yes,/assets/og/pt-symbol-seta-para-esquerda.png,yes,,n/a,,OG present,
https://ultratextgen.com/pt/symbol/simbolo-alfa/,localized,localized,Medium,,yes,/assets/og/pt-symbol-simbolo-alfa.png,yes,,n/a,,OG present,
https://ultratextgen.com/pt/symbol/simbolo-ankh/,localized,localized,Medium,,yes,/assets/og/pt-symbol-simbolo-ankh.png,yes,,n/a,,OG present,
https://ultratextgen.com/pt/symbol/simbolo-da-anarquia/,localized,localized,Medium,,yes,/assets/og/pt-symbol-simbolo-da-anarquia.png,yes,,n/a,,OG present,
https://ultratextgen.com/pt/symbol/simbolo-da-cruz/,localized,localized,Medium,,yes,/assets/og/pt-symbol-simbolo-da-cruz.png,yes,,n/a,,OG present,
https://ultratextgen.com/pt/symbol/simbolo-da-paz/,localized,localized,Medium,,yes,/assets/og/pt-symbol-simbolo-da-paz.png,yes,,n/a,,OG present,
https://ultratextgen.com/pt/symbol/simbolo-de-aquario/,localized,localized,Medium,,yes,/assets/og/pt-symbol-simbolo-de-aquario.png,yes,,n/a,,OG present,
https://ultratextgen.com/pt/symbol/simbolo-de-aries/,localized,localized,Medium,,yes,/assets/og/pt-symbol-simbolo-de-aries.png,yes,,n/a,,OG present,
https://ultratextgen.com/pt/symbol/simbolo-de-aspas/,localized,localized,Medium,,yes,/assets/og/pt-symbol-simbolo-de-aspas.png,yes,,n/a,,OG present,
https://ultratextgen.com/pt/symbol/simbolo-de-bitcoin/,localized,localized,Medium,,yes,/assets/og/pt-symbol-simbolo-de-bitcoin.png,yes,,n/a,,OG present,
https://ultratextgen.com/pt/symbol/simbolo-de-cadeira-de-rodas/,localized,localized,Medium,,yes,/assets/og/pt-symbol-simbolo-de-cadeira-de-rodas.png,yes,,n/a,,OG present,
https://ultratextgen.com/pt/symbol/simbolo-de-cancer/,localized,localized,Medium,,yes,/assets/og/pt-symbol-simbolo-de-cancer.png,yes,,n/a,,OG present,
https://ultratextgen.com/pt/symbol/simbolo-de-capricornio/,localized,localized,Medium,,yes,/assets/og/pt-symbol-simbolo-de-capricornio.png,yes,,n/a,,OG present,
https://ultratextgen.com/pt/symbol/simbolo-de-caractere-invisivel/,localized,localized,Medium,,yes,/assets/og/pt-symbol-simbolo-de-caractere-invisivel.png,yes,,n/a,,OG present,
https://ultratextgen.com/pt/symbol/simbolo-de-celsius/,localized,localized,Medium,,yes,/assets/og/pt-symbol-simbolo-de-celsius.png,yes,,n/a,,OG present,
https://ultratextgen.com/pt/symbol/simbolo-de-centavo/,localized,localized,Medium,,yes,/assets/og/pt-symbol-simbolo-de-centavo.png,yes,,n/a,,OG present,
https://ultratextgen.com/pt/symbol/simbolo-de-congruencia/,localized,localized,Medium,,yes,/assets/og/pt-symbol-simbolo-de-congruencia.png,yes,,n/a,,OG present,
https://ultratextgen.com/pt/symbol/simbolo-de-copyright/,localized,localized,Medium,,yes,/assets/og/pt-symbol-simbolo-de-copyright.png,yes,,n/a,,OG present,
https://ultratextgen.com/pt/symbol/simbolo-de-coracao/,localized,localized,Medium,,yes,/assets/og/pt-symbol-simbolo-de-coracao.png,yes,,n/a,,OG present,
https://ultratextgen.com/pt/symbol/simbolo-de-diametro/,localized,localized,Medium,,yes,/assets/og/pt-symbol-simbolo-de-diametro.png,yes,,n/a,,OG present,
https://ultratextgen.com/pt/symbol/simbolo-de-dolar/,localized,localized,Medium,,yes,/assets/og/pt-symbol-simbolo-de-dolar.png,yes,,n/a,,OG present,
https://ultratextgen.com/pt/symbol/simbolo-de-escorpiao/,localized,localized,Medium,,yes,/assets/og/pt-symbol-simbolo-de-escorpiao.png,yes,,n/a,,OG present,
https://ultratextgen.com/pt/symbol/simbolo-de-estrela/,localized,localized,Medium,,yes,/assets/og/pt-symbol-simbolo-de-estrela.png,yes,,n/a,,OG present,
https://ultratextgen.com/pt/symbol/simbolo-de-euro/,localized,localized,Medium,,yes,/assets/og/pt-symbol-simbolo-de-euro.png,yes,,n/a,,OG present,
https://ultratextgen.com/pt/symbol/simbolo-de-fahrenheit/,localized,localized,Medium,,yes,/assets/og/pt-symbol-simbolo-de-fahrenheit.png,yes,,n/a,,OG present,
https://ultratextgen.com/pt/symbol/simbolo-de-gemeos/,localized,localized,Medium,,yes,/assets/og/pt-symbol-simbolo-de-gemeos.png,yes,,n/a,,OG present,
https://ultratextgen.com/pt/symbol/simbolo-de-grau/,localized,localized,Medium,,yes,/assets/og/pt-symbol-simbolo-de-grau.png,yes,,n/a,,OG present,
https://ultratextgen.com/pt/symbol/simbolo-de-iene/,localized,localized,Medium,,yes,/assets/og/pt-symbol-simbolo-de-iene.png,yes,,n/a,,OG present,
https://ultratextgen.com/pt/symbol/simbolo-de-infinito/,localized,localized,Medium,,yes,/assets/og/pt-symbol-simbolo-de-infinito.png,yes,,n/a,,OG present,
https://ultratextgen.com/pt/symbol/simbolo-de-leao/,localized,localized,Medium,,yes,/assets/og/pt-symbol-simbolo-de-leao.png,yes,,n/a,,OG present,
https://ultratextgen.com/pt/symbol/simbolo-de-libra-esterlina/,localized,localized,Medium,,yes,/assets/og/pt-symbol-simbolo-de-libra-esterlina.png,yes,,n/a,,OG present,
https://ultratextgen.com/pt/symbol/simbolo-de-libra/,localized,localized,Medium,,yes,/assets/og/pt-symbol-simbolo-de-libra.png,yes,,n/a,,OG present,
https://ultratextgen.com/pt/symbol/simbolo-de-marca-registrada/,localized,localized,Medium,,yes,/assets/og/pt-symbol-simbolo-de-marca-registrada.png,yes,,n/a,,OG present,
https://ultratextgen.com/pt/symbol/simbolo-de-paragrafo/,localized,localized,Medium,,yes,/assets/og/pt-symbol-simbolo-de-paragrafo.png,yes,,n/a,,OG present,
https://ultratextgen.com/pt/symbol/simbolo-de-peixes/,localized,localized,Medium,,yes,/assets/og/pt-symbol-simbolo-de-peixes.png,yes,,n/a,,OG present,
https://ultratextgen.com/pt/symbol/simbolo-de-raiva/,localized,localized,Medium,,yes,/assets/og/pt-symbol-simbolo-de-raiva.png,yes,,n/a,,OG present,
https://ultratextgen.com/pt/symbol/simbolo-de-reciclagem/,localized,localized,Medium,,yes,/assets/og/pt-symbol-simbolo-de-reciclagem.png,yes,,n/a,,OG present,
https://ultratextgen.com/pt/symbol/simbolo-de-risco-biologico/,localized,localized,Medium,,yes,/assets/og/pt-symbol-simbolo-de-risco-biologico.png,yes,,n/a,,OG present,
https://ultratextgen.com/pt/symbol/simbolo-de-rupia/,localized,localized,Medium,,yes,/assets/og/pt-symbol-simbolo-de-rupia.png,yes,,n/a,,OG present,
https://ultratextgen.com/pt/symbol/simbolo-de-sagitario/,localized,localized,Medium,,yes,/assets/og/pt-symbol-simbolo-de-sagitario.png,yes,,n/a,,OG present,
https://ultratextgen.com/pt/symbol/simbolo-de-secao/,localized,localized,Medium,,yes,/assets/og/pt-symbol-simbolo-de-secao.png,yes,,n/a,,OG present,
https://ultratextgen.com/pt/symbol/simbolo-de-touro/,localized,localized,Medium,,yes,/assets/og/pt-symbol-simbolo-de-touro.png,yes,,n/a,,OG present,
https://ultratextgen.com/pt/symbol/simbolo-de-verificacao/,localized,localized,Medium,,yes,/assets/og/pt-symbol-simbolo-de-verificacao.png,yes,,n/a,,OG present,
https://ultratextgen.com/pt/symbol/simbolo-de-virgem/,localized,localized,Medium,,yes,/assets/og/pt-symbol-simbolo-de-virgem.png,yes,,n/a,,OG present,
https://ultratextgen.com/pt/symbol/simbolo-de-won/,localized,localized,Medium,,yes,/assets/og/pt-symbol-simbolo-de-won.png,yes,,n/a,,OG present,
https://ultratextgen.com/pt/symbol/simbolo-delta/,localized,localized,Medium,,yes,/assets/og/pt-symbol-simbolo-delta.png,yes,,n/a,,OG present,
https://ultratextgen.com/pt/symbol/simbolo-do-autismo/,localized,localized,Medium,,yes,/assets/og/pt-symbol-simbolo-do-autismo.png,yes,,n/a,,OG present,
https://ultratextgen.com/pt/symbol/simbolo-do-pentagrama/,localized,localized,Medium,,yes,/assets/og/pt-symbol-simbolo-do-pentagrama.png,yes,,n/a,,OG present,
https://ultratextgen.com/pt/symbol/simbolo-fleur-de-lis/,localized,localized,Medium,,yes,/assets/og/pt-symbol-simbolo-fleur-de-lis.png,yes,,n/a,,OG present,
https://ultratextgen.com/pt/symbol/simbolo-hamsa/,localized,localized,Medium,,yes,/assets/og/pt-symbol-simbolo-hamsa.png,yes,,n/a,,OG present,
https://ultratextgen.com/pt/symbol/simbolo-khanda/,localized,localized,Medium,,yes,/assets/og/pt-symbol-simbolo-khanda.png,yes,,n/a,,OG present,
https://ultratextgen.com/pt/symbol/simbolo-ohm/,localized,localized,Medium,,yes,/assets/og/pt-symbol-simbolo-ohm.png,yes,,n/a,,OG present,
https://ultratextgen.com/pt/symbol/simbolo-om/,localized,localized,Medium,,yes,/assets/og/pt-symbol-simbolo-om.png,yes,,n/a,,OG present,
https://ultratextgen.com/pt/symbol/simbolo-omega/,localized,localized,Medium,,yes,/assets/og/pt-symbol-simbolo-omega.png,yes,,n/a,,OG present,
https://ultratextgen.com/pt/symbol/simbolo-pi/,localized,localized,Medium,,yes,/assets/og/pt-symbol-simbolo-pi.png,yes,,n/a,,OG present,
https://ultratextgen.com/pt/symbol/simbolo-sigma/,localized,localized,Medium,,yes,/assets/og/pt-symbol-simbolo-sigma.png,yes,,n/a,,OG present,
https://ultratextgen.com/pt/symbol/simbolo-yin-yang/,localized,localized,Medium,,yes,/assets/og/pt-symbol-simbolo-yin-yang.png,yes,,n/a,,OG present,
https://ultratextgen.com/pt/symbol/sinais-de-menor-e-maior/,localized,localized,Medium,,yes,/assets/og/pt-symbol-sinais-de-menor-e-maior.png,yes,,n/a,,OG present,
https://ultratextgen.com/pt/symbol/sinal-de-diferente/,localized,localized,Medium,,yes,/assets/og/pt-symbol-sinal-de-diferente.png,yes,,n/a,,OG present,
https://ultratextgen.com/pt/symbol/sinal-de-divisao/,localized,localized,Medium,,yes,/assets/og/pt-symbol-sinal-de-divisao.png,yes,,n/a,,OG present,
https://ultratextgen.com/pt/symbol/sinal-de-mais-menos/,localized,localized,Medium,,yes,/assets/og/pt-symbol-sinal-de-mais-menos.png,yes,,n/a,,OG present,
https://ultratextgen.com/pt/symbol/sinal-de-micro/,localized,localized,Medium,,yes,/assets/og/pt-symbol-sinal-de-micro.png,yes,,n/a,,OG present,
https://ultratextgen.com/pt/symbol/sinal-de-multiplicacao/,localized,localized,Medium,,yes,/assets/og/pt-symbol-sinal-de-multiplicacao.png,yes,,n/a,,OG present,
https://ultratextgen.com/pt/symbol/sinal-de-pare/,localized,localized,Medium,,yes,/assets/og/pt-symbol-sinal-de-pare.png,yes,,n/a,,OG present,
https://ultratextgen.com/pt/symbol/travessao-longo/,localized,localized,Medium,,yes,/assets/og/pt-symbol-travessao-longo.png,yes,,n/a,,OG present,
https://ultratextgen.com/pt/texto-ao-contrario/,localized,localized,Medium,,yes,/assets/og/pt-texto-ao-contrario.png,yes,/assets/hero/pt-texto-ao-contrario.svg,yes,,OG triple completed; hero set decorative,
https://ultratextgen.com/pt/texto-invisivel/,localized,localized,Medium,,yes,/assets/og/pt-texto-invisivel.png,yes,/assets/hero/pt-texto-invisivel.svg,yes,,OG triple completed; hero set decorative,
https://ultratextgen.com/pt/usecase/fontes-para-bio/,localized,localized,Medium,,yes,/assets/og/pt-usecase-fontes-para-bio.png,yes,/assets/hero/pt-usecase-fontes-para-bio.svg,yes,,OG triple completed; hero set decorative,
https://ultratextgen.com/pt/usecase/,localized,localized,Medium,,yes,/assets/og/pt-usecase.png,yes,/assets/hero/pt-usecase.svg,yes,,OG triple completed; hero set decorative,
https://ultratextgen.com/pt/usecase/letras-para-tatuagem/,localized,localized,Medium,,yes,/assets/og/pt-usecase-letras-para-tatuagem.png,yes,/assets/hero/pt-usecase-letras-para-tatuagem.svg,yes,,OG triple completed; hero set decorative,
https://ultratextgen.com/pt/usecase/nick-ff/,localized,localized,Medium,,yes,/assets/og/pt-usecase-nick-ff.png,yes,/assets/hero/pt-usecase-nick-ff.svg,yes,,OG triple completed; hero set decorative,
https://ultratextgen.com/pt/usecase/nick-free-fire/,localized,localized,Medium,,yes,/assets/og/pt-usecase-nick-free-fire.png,yes,,n/a,,OG triple completed,
https://ultratextgen.com/pt/usecase/nomes-para-guilda-ff/,localized,localized,Medium,,yes,/assets/og/pt-usecase-nomes-para-guilda-ff.png,yes,/assets/hero/pt-usecase-nomes-para-guilda-ff.svg,yes,,OG triple completed; hero set decorative,
https://ultratextgen.com/pt/usecase/nomes-para-mobile-legends/,localized,localized,Medium,,yes,/assets/og/pt-usecase-nomes-para-mobile-legends.png,yes,/assets/hero/pt-usecase-nomes-para-mobile-legends.svg,yes,,OG triple completed; hero set decorative,
https://ultratextgen.com/pt/usecase/nomes-para-roblox/,localized,localized,Medium,,yes,/assets/og/pt-usecase-nomes-para-roblox.png,yes,/assets/hero/pt-usecase-nomes-para-roblox.svg,yes,,OG triple completed; hero set decorative,
https://ultratextgen.com/pt/usecase/tradutor-de-emojis/,localized,localized,Medium,,yes,/assets/og/pt-usecase-tradutor-de-emojis.png,yes,/assets/hero/pt-usecase-tradutor-de-emojis.svg,yes,,OG triple completed; hero set decorative,
https://ultratextgen.com/pt/usecase/vertical-text/,localized,localized,Medium,,yes,/assets/og/pt-usecase-vertical-text.png,yes,/assets/hero/pt-usecase-vertical-text.svg,yes,,OG triple completed; hero set decorative,
https://ultratextgen.com/pt/usecase/zalgo-text/,localized,localized,Medium,,yes,/assets/og/pt-usecase-zalgo-text.png,yes,/assets/hero/pt-usecase-zalgo-text.svg,yes,,OG triple completed; hero set decorative,
https://ultratextgen.com/ro/caractere-speciale/,localized,localized,Medium,,yes,/assets/og/ro-caractere-speciale.png,yes,,n/a,,OG triple completed,
https://ultratextgen.com/ro/fonturi-pentru-discord/,localized,localized,Medium,,yes,/assets/og/ro-fonturi-pentru-discord.png,yes,/assets/hero/ro-fonturi-pentru-discord.svg,yes,,OG triple completed; hero set decorative,
https://ultratextgen.com/ro/fonturi-pentru-instagram/,localized,localized,Medium,,yes,/assets/og/ro-fonturi-pentru-instagram.png,yes,/assets/hero/ro-fonturi-pentru-instagram.svg,yes,,OG triple completed; hero set decorative,
https://ultratextgen.com/ro/guide/formatare-text-discord-explicat/,localized,localized,Medium,,yes,/assets/og/ro-guide-formatare-text-discord-explicat.png,yes,,n/a,,OG triple completed,
https://ultratextgen.com/ro/guide/,localized,localized,Medium,,yes,/assets/og/ro-guide.png,yes,,n/a,,OG triple completed,
https://ultratextgen.com/ro/guide/nume-discord-fara-riscuri/,localized,localized,Medium,,yes,/assets/og/ro-guide-nume-discord-fara-riscuri.png,yes,,n/a,,OG triple completed,
https://ultratextgen.com/ro/guide/unde-functioneaza-fonturile-discord/,localized,localized,Medium,,yes,/assets/og/ro-guide-unde-functioneaza-fonturile-discord.png,yes,,n/a,,OG triple completed,
https://ultratextgen.com/ro/,localized,localized,Medium,,yes,/assets/og/ro.png,yes,/assets/hero/ro.svg,yes,,OG triple completed; hero set decorative,
https://ultratextgen.com/ro/nume-pentru-free-fire/,localized,localized,Medium,,yes,/assets/og/ro-nume-pentru-free-fire.png,yes,,n/a,,OG triple completed,
https://ultratextgen.com/ro/scriere-gotica/,localized,localized,Medium,,yes,/assets/og/ro-scriere-gotica.png,yes,/assets/hero/ro-scriere-gotica.svg,yes,,OG triple completed; hero set decorative,
https://ultratextgen.com/ro/text-cursiv/,localized,localized,Medium,,yes,/assets/og/ro-text-cursiv.png,yes,/assets/hero/ro-text-cursiv.svg,yes,,OG triple completed; hero set decorative,
https://ultratextgen.com/ro/text-ingrosat/,localized,localized,Medium,,yes,/assets/og/ro-text-ingrosat.png,yes,/assets/hero/ro-text-ingrosat.svg,yes,,OG triple completed; hero set decorative,
https://ultratextgen.com/ro/text-mic/,localized,localized,Medium,,yes,/assets/og/ro-text-mic.png,yes,/assets/hero/ro-text-mic.svg,yes,,OG triple completed; hero set decorative,
https://ultratextgen.com/ru/generator-nikov/,localized,localized,Medium,,yes,/assets/og/ru-generator-nikov.png,yes,/assets/hero/ru-generator-nikov.svg,yes,,OG triple completed; hero set decorative,
https://ultratextgen.com/ru/goticheskiy-shrift/,localized,localized,Medium,,yes,/assets/og/ru-goticheskiy-shrift.png,yes,/assets/hero/ru-goticheskiy-shrift.svg,yes,,OG triple completed; hero set decorative,
https://ultratextgen.com/ru/guide/bezopasnyy-nik-discord/,localized,localized,Medium,,yes,/assets/og/ru-guide-bezopasnyy-nik-discord.png,yes,,n/a,,OG triple completed,
https://ultratextgen.com/ru/guide/formatirovanie-teksta-discord/,localized,localized,Medium,,yes,/assets/og/ru-guide-formatirovanie-teksta-discord.png,yes,,n/a,,OG triple completed,
https://ultratextgen.com/ru/guide/gde-rabotayut-shrifty-discord/,localized,localized,Medium,,yes,/assets/og/ru-guide-gde-rabotayut-shrifty-discord.png,yes,,n/a,,OG triple completed,
https://ultratextgen.com/ru/guide/,localized,localized,Medium,,yes,/assets/og/ru-guide.png,yes,,n/a,,OG triple completed,
https://ultratextgen.com/ru/,localized,localized,Medium,,yes,/assets/og/ru.png,yes,/assets/hero/ru.svg,yes,,OG triple completed; hero set decorative,
https://ultratextgen.com/ru/krasivyy-shrift/,localized,localized,Medium,,yes,/assets/og/ru-krasivyy-shrift.png,yes,/assets/hero/ru-krasivyy-shrift.svg,yes,,OG triple completed; hero set decorative,
https://ultratextgen.com/ru/kursiv/,localized,localized,Medium,,yes,/assets/og/ru-kursiv.png,yes,/assets/hero/ru-kursiv.svg,yes,,OG triple completed; hero set decorative,
https://ultratextgen.com/ru/library/alt-kody/,localized,localized,Medium,,yes,/assets/og/ru-library-alt-kody.png,yes,/assets/hero/ru-library-alt-kody.svg,yes,,OG triple completed; hero set decorative,
https://ultratextgen.com/ru/library/emoji-combos/,localized,localized,Medium,,yes,/assets/og/ru-library-emoji-combos.png,yes,/assets/hero/ru-library-emoji-combos.svg,yes,,OG triple completed; hero set decorative,
https://ultratextgen.com/ru/library/,localized,localized,Medium,,yes,/assets/og/ru-library.png,yes,,n/a,,OG present,
https://ultratextgen.com/ru/library/kaomoji/,localized,localized,Medium,,yes,/assets/og/ru-library-kaomoji.png,yes,/assets/hero/ru-library-kaomoji.svg,yes,,OG triple completed; hero set decorative,
https://ultratextgen.com/ru/library/serdechki/,localized,localized,Medium,,yes,/assets/og/ru-library-serdechki.png,yes,/assets/hero/ru-library-serdechki.svg,yes,,OG triple completed; hero set decorative,
https://ultratextgen.com/ru/library/simvoly-discord/,localized,localized,Medium,,yes,/assets/og/ru-library-simvoly-discord.png,yes,/assets/hero/ru-library-simvoly-discord.svg,yes,,OG triple completed; hero set decorative,
https://ultratextgen.com/ru/library/simvoly-roblox/,localized,localized,Medium,,yes,/assets/og/ru-library-simvoly-roblox.png,yes,/assets/hero/ru-library-simvoly-roblox.svg,yes,,OG triple completed; hero set decorative,
https://ultratextgen.com/ru/library/special-characters/,localized,localized,Medium,,yes,/assets/og/ru-library-special-characters.png,yes,/assets/hero/ru-library-special-characters.svg,yes,,OG triple completed; hero set decorative,
https://ultratextgen.com/ru/library/zvyozdochki/,localized,localized,Medium,,yes,/assets/og/ru-library-zvyozdochki.png,yes,/assets/hero/ru-library-zvyozdochki.svg,yes,,OG triple completed; hero set decorative,
https://ultratextgen.com/ru/malenkiy-tekst/,localized,localized,Medium,,yes,/assets/og/ru-malenkiy-tekst.png,yes,/assets/hero/ru-malenkiy-tekst.svg,yes,,OG triple completed; hero set decorative,
https://ultratextgen.com/ru/niki-standoff-2/,localized,localized,Medium,,yes,/assets/og/ru-niki-standoff-2.png,yes,/assets/hero/ru-niki-standoff-2.svg,yes,,OG triple completed; hero set decorative,
https://ultratextgen.com/ru/podcherknutyy-tekst/,localized,localized,Medium,,yes,/assets/og/ru-podcherknutyy-tekst.png,yes,/assets/hero/ru-podcherknutyy-tekst.svg,yes,,OG triple completed; hero set decorative,
https://ultratextgen.com/ru/schetchik-slov-i-simvolov/,localized,localized,Medium,,yes,/assets/og/ru-schetchik-slov-i-simvolov.png,yes,,n/a,,OG triple completed,
https://ultratextgen.com/ru/shrift-dlya-instagram/,localized,localized,Medium,,yes,/assets/og/ru-shrift-dlya-instagram.png,yes,/assets/hero/ru-shrift-dlya-instagram.svg,yes,,OG triple completed; hero set decorative,
https://ultratextgen.com/ru/shrift-dlya-telegram/,localized,localized,Medium,,yes,/assets/og/ru-shrift-dlya-telegram.png,yes,/assets/hero/ru-shrift-dlya-telegram.svg,yes,,OG triple completed; hero set decorative,
https://ultratextgen.com/ru/shrift-dlya-tiktok/,localized,localized,Medium,,yes,/assets/og/ru-shrift-dlya-tiktok.png,yes,/assets/hero/ru-shrift-dlya-tiktok.svg,yes,,OG triple completed; hero set decorative,
https://ultratextgen.com/ru/symbol/beskonechnost/,localized,localized,Medium,,yes,/assets/og/ru-symbol-beskonechnost.png,yes,,n/a,,OG present,
https://ultratextgen.com/ru/symbol/gradus/,localized,localized,Medium,,yes,/assets/og/ru-symbol-gradus.png,yes,,n/a,,OG present,
https://ultratextgen.com/ru/symbol/,localized,localized,Medium,,yes,/assets/og/ru-symbol.png,yes,,n/a,,OG present,
https://ultratextgen.com/ru/symbol/kvadrat-i-kub/,localized,localized,Medium,,yes,/assets/og/ru-symbol-kvadrat-i-kub.png,yes,,n/a,,OG present,
https://ultratextgen.com/ru/symbol/kvadratnyy-koren/,localized,localized,Medium,,yes,/assets/og/ru-symbol-kvadratnyy-koren.png,yes,,n/a,,OG present,
https://ultratextgen.com/ru/symbol/znak-deleniya/,localized,localized,Medium,,yes,/assets/og/ru-symbol-znak-deleniya.png,yes,,n/a,,OG present,
https://ultratextgen.com/ru/symbol/znak-umnozheniya/,localized,localized,Medium,,yes,/assets/og/ru-symbol-znak-umnozheniya.png,yes,,n/a,,OG present,
https://ultratextgen.com/ru/zacherknutyy-tekst/,localized,localized,Medium,,yes,/assets/og/ru-zacherknutyy-tekst.png,yes,/assets/hero/ru-zacherknutyy-tekst.svg,yes,,OG triple completed; hero set decorative,
https://ultratextgen.com/ru/zalgo-text/,localized,localized,Medium,,yes,/assets/og/ru-zalgo-text.png,yes,/assets/hero/ru-zalgo-text.svg,yes,,OG triple completed; hero set decorative,
https://ultratextgen.com/ru/zhirnyy-shrift/,localized,localized,Medium,,yes,/assets/og/ru-zhirnyy-shrift.png,yes,/assets/hero/ru-zhirnyy-shrift.svg,yes,,OG triple completed; hero set decorative,
https://ultratextgen.com/sk/goticke-pismo/,localized,localized,Medium,,yes,/assets/og/sk-goticke-pismo.png,yes,/assets/hero/sk-goticke-pismo.svg,yes,,OG triple completed; hero set decorative,
https://ultratextgen.com/sk/guide/bezpecny-nick-na-discorde/,localized,localized,Medium,,yes,/assets/og/sk-guide-bezpecny-nick-na-discorde.png,yes,,n/a,,OG triple completed,
https://ultratextgen.com/sk/guide/formatovanie-textu-na-discorde/,localized,localized,Medium,,yes,/assets/og/sk-guide-formatovanie-textu-na-discorde.png,yes,,n/a,,OG triple completed,
https://ultratextgen.com/sk/guide/,localized,localized,Medium,,yes,/assets/og/sk-guide.png,yes,,n/a,,OG triple completed,
https://ultratextgen.com/sk/guide/kde-funguje-pismo-na-discorde/,localized,localized,Medium,,yes,/assets/og/sk-guide-kde-funguje-pismo-na-discorde.png,yes,,n/a,,OG triple completed,
https://ultratextgen.com/sk/,localized,localized,Medium,,yes,/assets/og/sk.png,yes,/assets/hero/sk.svg,yes,,OG triple completed; hero set decorative,
https://ultratextgen.com/sk/kurziva/,localized,localized,Medium,,yes,/assets/og/sk-kurziva.png,yes,/assets/hero/sk-kurziva.svg,yes,,OG triple completed; hero set decorative,
https://ultratextgen.com/sk/male-pismo/,localized,localized,Medium,,yes,/assets/og/sk-male-pismo.png,yes,/assets/hero/sk-male-pismo.svg,yes,,OG triple completed; hero set decorative,
https://ultratextgen.com/sk/pismo-pre-discord/,localized,localized,Medium,,yes,/assets/og/sk-pismo-pre-discord.png,yes,/assets/hero/sk-pismo-pre-discord.svg,yes,,OG triple completed; hero set decorative,
https://ultratextgen.com/sk/pismo-pre-instagram/,localized,localized,Medium,,yes,/assets/og/sk-pismo-pre-instagram.png,yes,/assets/hero/sk-pismo-pre-instagram.svg,yes,,OG triple completed; hero set decorative,
https://ultratextgen.com/sk/tucne-pismo/,localized,localized,Medium,,yes,/assets/og/sk-tucne-pismo.png,yes,/assets/hero/sk-tucne-pismo.svg,yes,,OG triple completed; hero set decorative,
https://ultratextgen.com/sk/usecase/pismo-pre-bio/,localized,localized,Medium,,yes,/assets/og/sk-usecase-pismo-pre-bio.png,yes,/assets/hero/sk-usecase-pismo-pre-bio.svg,yes,,OG triple completed; hero set decorative,
https://ultratextgen.com/sr/fontovi-za-discord/,localized,localized,Medium,,yes,/assets/og/sr-fontovi-za-discord.png,yes,/assets/hero/sr-fontovi-za-discord.svg,yes,,OG triple completed; hero set decorative,
https://ultratextgen.com/sr/fontovi-za-instagram/,localized,localized,Medium,,yes,/assets/og/sr-fontovi-za-instagram.png,yes,/assets/hero/sr-fontovi-za-instagram.svg,yes,,OG triple completed; hero set decorative,
https://ultratextgen.com/sr/goticka-slova/,localized,localized,Medium,,yes,/assets/og/sr-goticka-slova.png,yes,/assets/hero/sr-goticka-slova.svg,yes,,OG triple completed; hero set decorative,
https://ultratextgen.com/sr/guide/bezbedan-nadimak-na-discordu/,localized,localized,Medium,,yes,/assets/og/sr-guide-bezbedan-nadimak-na-discordu.png,yes,,n/a,,OG triple completed,
https://ultratextgen.com/sr/guide/formatiranje-teksta-na-discordu/,localized,localized,Medium,,yes,/assets/og/sr-guide-formatiranje-teksta-na-discordu.png,yes,,n/a,,OG triple completed,
https://ultratextgen.com/sr/guide/gde-fontovi-rade-na-discordu/,localized,localized,Medium,,yes,/assets/og/sr-guide-gde-fontovi-rade-na-discordu.png,yes,,n/a,,OG triple completed,
https://ultratextgen.com/sr/guide/,localized,localized,Medium,,yes,/assets/og/sr-guide.png,yes,,n/a,,OG triple completed,
https://ultratextgen.com/sr/,localized,localized,Medium,,yes,/assets/og/sr.png,yes,/assets/hero/sr.svg,yes,,OG triple completed; hero set decorative,
https://ultratextgen.com/sr/kurziv/,localized,localized,Medium,,yes,/assets/og/sr-kurziv.png,yes,/assets/hero/sr-kurziv.svg,yes,,OG triple completed; hero set decorative,
https://ultratextgen.com/sr/mala-slova/,localized,localized,Medium,,yes,/assets/og/sr-mala-slova.png,yes,/assets/hero/sr-mala-slova.svg,yes,,OG triple completed; hero set decorative,
https://ultratextgen.com/sr/podebljana-slova/,localized,localized,Medium,,yes,/assets/og/sr-podebljana-slova.png,yes,/assets/hero/sr-podebljana-slova.svg,yes,,OG triple completed; hero set decorative,
https://ultratextgen.com/sv/guide/discord-namn-utan-risk/,localized,localized,Medium,,yes,/assets/og/sv-guide-discord-namn-utan-risk.png,yes,,n/a,,OG triple completed,
https://ultratextgen.com/sv/guide/discord-textformatering-forklarad/,localized,localized,Medium,,yes,/assets/og/sv-guide-discord-textformatering-forklarad.png,yes,,n/a,,OG triple completed,
https://ultratextgen.com/sv/guide/,localized,localized,Medium,,yes,/assets/og/sv-guide.png,yes,,n/a,,OG triple completed,
https://ultratextgen.com/sv/guide/var-typsnitt-fungerar-i-discord/,localized,localized,Medium,,yes,/assets/og/sv-guide-var-typsnitt-fungerar-i-discord.png,yes,,n/a,,OG triple completed,
https://ultratextgen.com/sv/,localized,localized,Medium,,yes,/assets/og/sv.png,yes,/assets/hero/sv.svg,yes,,OG triple completed; hero set decorative,
https://ultratextgen.com/sv/instagram-typsnitt/,localized,localized,Medium,,yes,/assets/og/sv-instagram-typsnitt.png,yes,/assets/hero/sv-instagram-typsnitt.svg,yes,,OG present; hero set decorative,
https://ultratextgen.com/sv/library/bock-symboler/,localized,localized,Medium,,yes,/assets/og/sv-library-bock-symboler.png,yes,/assets/hero/sv-library-bock-symboler.svg,yes,,OG triple completed; hero set decorative,
https://ultratextgen.com/sv/library/grekiska-bokstaver/,localized,localized,Medium,,yes,/assets/og/sv-library-grekiska-bokstaver.png,yes,/assets/hero/sv-library-grekiska-bokstaver.svg,yes,,OG triple completed; hero set decorative,
https://ultratextgen.com/sv/library/hjarta-symboler/,localized,localized,Medium,,yes,/assets/og/sv-library-hjarta-symboler.png,yes,/assets/hero/sv-library-hjarta-symboler.svg,yes,,OG triple completed; hero set decorative,
https://ultratextgen.com/sv/library/,localized,localized,Medium,,yes,/assets/og/sv-library.png,yes,,n/a,,OG present,
https://ultratextgen.com/sv/library/konssymboler/,localized,localized,Medium,,yes,/assets/og/sv-library-konssymboler.png,yes,/assets/hero/sv-library-konssymboler.svg,yes,,OG triple completed; hero set decorative,
https://ultratextgen.com/sv/library/matematiska-symboler/,localized,localized,Medium,,yes,/assets/og/sv-library-matematiska-symboler.png,yes,/assets/hero/sv-library-matematiska-symboler.svg,yes,,OG triple completed; hero set decorative,
https://ultratextgen.com/sv/library/pil-symboler/,localized,localized,Medium,,yes,/assets/og/sv-library-pil-symboler.png,yes,/assets/hero/sv-library-pil-symboler.svg,yes,,OG triple completed; hero set decorative,
https://ultratextgen.com/sv/library/stjarna-symboler/,localized,localized,Medium,,yes,/assets/og/sv-library-stjarna-symboler.png,yes,/assets/hero/sv-library-stjarna-symboler.svg,yes,,OG triple completed; hero set decorative,
https://ultratextgen.com/sv/library/valuta-symboler/,localized,localized,Medium,,yes,/assets/og/sv-library-valuta-symboler.png,yes,/assets/hero/sv-library-valuta-symboler.svg,yes,,OG triple completed; hero set decorative,
https://ultratextgen.com/th/guide/discord-font-thamngan-thinai/,localized,localized,Medium,,yes,/assets/og/th-guide-discord-font-thamngan-thinai.png,yes,,n/a,,OG triple completed,
https://ultratextgen.com/th/guide/discord-rupbaep-khokhwam/,localized,localized,Medium,,yes,/assets/og/th-guide-discord-rupbaep-khokhwam.png,yes,,n/a,,OG triple completed,
https://ultratextgen.com/th/guide/discord-tang-chue-plodphai/,localized,localized,Medium,,yes,/assets/og/th-guide-discord-tang-chue-plodphai.png,yes,,n/a,,OG triple completed,
https://ultratextgen.com/th/guide/,localized,localized,Medium,,yes,/assets/og/th-guide.png,yes,,n/a,,OG triple completed,
https://ultratextgen.com/th/,localized,localized,Medium,,yes,/assets/og/th.png,yes,/assets/hero/th.svg,yes,,OG triple completed; hero set decorative,
https://ultratextgen.com/th/library/animal-emojis/,localized,localized,Medium,,yes,/assets/og/th-library-animal-emojis.png,yes,/assets/hero/th-library-animal-emojis.svg,yes,,OG triple completed; hero set decorative,
https://ultratextgen.com/th/library/cat-kaomoji/,localized,localized,Medium,,yes,/assets/og/th-library-cat-kaomoji.png,yes,/assets/hero/th-library-cat-kaomoji.svg,yes,,OG present; hero set decorative,
https://ultratextgen.com/th/library/cute-kaomoji/,localized,localized,Medium,,yes,/assets/og/th-library-cute-kaomoji.png,yes,/assets/hero/th-library-cute-kaomoji.svg,yes,,OG present; hero set decorative,
https://ultratextgen.com/th/library/emoji-combos/,localized,localized,Medium,,yes,/assets/og/th-library-emoji-combos.png,yes,/assets/hero/th-library-emoji-combos.svg,yes,,OG triple completed; hero set decorative,
https://ultratextgen.com/th/library/emoji-flags/,localized,localized,Medium,,yes,/assets/og/th-library-emoji-flags.png,yes,/assets/hero/th-library-emoji-flags.svg,yes,,OG triple completed; hero set decorative,
https://ultratextgen.com/th/library/facebook-symbols/,localized,localized,Medium,,yes,/assets/og/th-library-facebook-symbols.png,yes,/assets/hero/th-library-facebook-symbols.svg,yes,,OG triple completed; hero set decorative,
https://ultratextgen.com/th/library/flower-symbols/,localized,localized,Medium,,yes,/assets/og/th-library-flower-symbols.png,yes,/assets/hero/th-library-flower-symbols.svg,yes,,OG triple completed; hero set decorative,
https://ultratextgen.com/th/library/food-drink-emojis/,localized,localized,Medium,,yes,/assets/og/th-library-food-drink-emojis.png,yes,/assets/hero/th-library-food-drink-emojis.svg,yes,,OG triple completed; hero set decorative,
https://ultratextgen.com/th/library/,localized,localized,Medium,,yes,/assets/og/th-library.png,yes,,n/a,,OG present,
https://ultratextgen.com/th/library/kaomoji/,localized,localized,Medium,,yes,/assets/og/th-library-kaomoji.png,yes,/assets/hero/th-library-kaomoji.svg,yes,,OG triple completed; hero set decorative,
https://ultratextgen.com/th/library/love-kaomoji/,localized,localized,Medium,,yes,/assets/og/th-library-love-kaomoji.png,yes,/assets/hero/th-library-love-kaomoji.svg,yes,,OG present; hero set decorative,
https://ultratextgen.com/th/library/roblox-symbols/,localized,localized,Medium,,yes,/assets/og/th-library-roblox-symbols.png,yes,/assets/hero/th-library-roblox-symbols.svg,yes,,OG triple completed; hero set decorative,
https://ultratextgen.com/th/library/special-characters/,localized,localized,Medium,,yes,/assets/og/th-library-special-characters.png,yes,/assets/hero/th-library-special-characters.svg,yes,,OG triple completed; hero set decorative,
https://ultratextgen.com/th/library/y2k-symbols/,localized,localized,Medium,,yes,/assets/og/th-library-y2k-symbols.png,yes,/assets/hero/th-library-y2k-symbols.svg,yes,,OG triple completed; hero set decorative,
https://ultratextgen.com/th/symbol/degree-symbol/,localized,localized,Medium,,yes,/assets/og/th-symbol-degree-symbol.png,yes,,n/a,,OG present,
https://ultratextgen.com/th/symbol/division-sign/,localized,localized,Medium,,yes,/assets/og/th-symbol-division-sign.png,yes,,n/a,,OG present,
https://ultratextgen.com/th/symbol/,localized,localized,Medium,,yes,/assets/og/th-symbol.png,yes,,n/a,,OG present,
https://ultratextgen.com/th/symbol/infinity/,localized,localized,Medium,,yes,/assets/og/th-symbol-infinity.png,yes,,n/a,,OG present,
https://ultratextgen.com/th/symbol/multiplication-sign/,localized,localized,Medium,,yes,/assets/og/th-symbol-multiplication-sign.png,yes,,n/a,,OG present,
https://ultratextgen.com/th/symbol/square-root/,localized,localized,Medium,,yes,/assets/og/th-symbol-square-root.png,yes,,n/a,,OG present,
https://ultratextgen.com/th/symbol/squared-cubed/,localized,localized,Medium,,yes,/assets/og/th-symbol-squared-cubed.png,yes,,n/a,,OG present,
https://ultratextgen.com/th/usecase/bio-font-ig/,localized,localized,Medium,,yes,/assets/og/th-usecase-bio-font-ig.png,yes,/assets/hero/th-usecase-bio-font-ig.svg,yes,,OG triple completed; hero set decorative,
https://ultratextgen.com/th/usecase/free-fire-name-generator/,localized,localized,Medium,,yes,/assets/og/th-usecase-free-fire-name-generator.png,yes,/assets/hero/th-usecase-free-fire-name-generator.svg,yes,,OG triple completed; hero set decorative,
https://ultratextgen.com/th/usecase/mobile-legends-name-generator/,localized,localized,Medium,,yes,/assets/og/th-usecase-mobile-legends-name-generator.png,yes,/assets/hero/th-usecase-mobile-legends-name-generator.svg,yes,,OG triple completed; hero set decorative,
https://ultratextgen.com/tl/guide/discord-name-na-safe/,localized,localized,Medium,,yes,/assets/og/tl-guide-discord-name-na-safe.png,yes,,n/a,,OG triple completed,
https://ultratextgen.com/tl/guide/discord-text-formatting-paliwanag/,localized,localized,Medium,,yes,/assets/og/tl-guide-discord-text-formatting-paliwanag.png,yes,,n/a,,OG triple completed,
https://ultratextgen.com/tl/guide/,localized,localized,Medium,,yes,/assets/og/tl-guide.png,yes,,n/a,,OG triple completed,
https://ultratextgen.com/tl/guide/saan-gumagana-ang-font-sa-discord/,localized,localized,Medium,,yes,/assets/og/tl-guide-saan-gumagana-ang-font-sa-discord.png,yes,,n/a,,OG triple completed,
https://ultratextgen.com/tl/,localized,localized,Medium,,yes,/assets/og/tl.png,yes,/assets/hero/tl.svg,yes,,OG triple completed; hero set decorative,
https://ultratextgen.com/tl/usecase/bio-font/,localized,localized,Medium,,yes,/assets/og/tl-usecase-bio-font.png,yes,/assets/hero/tl-usecase-bio-font.svg,yes,,OG triple completed; hero set decorative,
https://ultratextgen.com/tr/answers/bos-gorunmez-isim-nasil-yapilir/,localized,localized,Medium,,yes,/assets/og/answers-how-to-make-a-blank-name.png,yes,,n/a,,OG triple completed,
https://ultratextgen.com/tr/answers/isim-neden-kutu-olarak-gorunuyor/,localized,localized,Medium,,yes,/assets/og/answers-why-is-my-name-showing-as-boxes.png,yes,,n/a,,OG triple completed,
https://ultratextgen.com/tr/answers/kullanici-adi-mi-goruntulenen-ad-mi/,localized,localized,Medium,,yes,/assets/og/answers-where-do-fancy-fonts-work-username-vs-display-name.png,yes,,n/a,,OG triple completed,
https://ultratextgen.com/tr/answers/oyun-ismi-neden-reddedildi/,localized,localized,Medium,,yes,/assets/og/answers-why-was-my-game-name-rejected.png,yes,,n/a,,OG triple completed,
https://ultratextgen.com/tr/buyuk-kucuk-harf/,localized,localized,Medium,,yes,/assets/og/tr-buyuk-kucuk-harf.png,yes,,n/a,,OG triple completed,
https://ultratextgen.com/tr/category/,localized,localized,Medium,,yes,/assets/og/tr-category.png,yes,/assets/hero/tr-category.svg,yes,,OG triple completed; hero set decorative,
https://ultratextgen.com/tr/el-yazisi-fontu/,localized,localized,Medium,,yes,/assets/og/tr-el-yazisi-fontu.png,yes,/assets/hero/tr-el-yazisi-fontu.svg,yes,,OG triple completed; hero set decorative,
https://ultratextgen.com/tr/emoji-kombinasyonlari/,localized,localized,Medium,,yes,/assets/og/tr-emoji-kombinasyonlari.png,yes,/assets/hero/tr-emoji-kombinasyonlari.svg,yes,,OG triple completed; hero set decorative,
https://ultratextgen.com/tr/gorunmez-karakter/,localized,localized,Medium,,yes,/assets/og/tr-gorunmez-karakter.png,yes,/assets/hero/tr-gorunmez-karakter.svg,yes,,OG triple completed; hero set decorative,
https://ultratextgen.com/tr/guide/discord-fontlari-nerede-calisir/,localized,localized,Medium,,yes,/assets/og/tr-guide-discord-fontlari-nerede-calisir.png,yes,,n/a,,OG triple completed,
https://ultratextgen.com/tr/guide/discord-metin-bicimlendirme/,localized,localized,Medium,,yes,/assets/og/tr-guide-discord-metin-bicimlendirme.png,yes,,n/a,,OG triple completed,
https://ultratextgen.com/tr/guide/guvenli-discord-ismi/,localized,localized,Medium,,yes,/assets/og/tr-guide-guvenli-discord-ismi.png,yes,,n/a,,OG triple completed,
https://ultratextgen.com/tr/guide/,localized,localized,Medium,,yes,/assets/og/tr-guide.png,yes,,n/a,,OG triple completed,
https://ultratextgen.com/tr/,localized,localized,Medium,,yes,/assets/og/tr.png,yes,/assets/hero/tr.svg,yes,,OG triple completed; hero set decorative,
https://ultratextgen.com/tr/instagram-yazi-tipi/,localized,localized,Medium,,yes,/assets/og/tr-instagram-yazi-tipi.png,yes,/assets/hero/tr-instagram-yazi-tipi.svg,yes,,OG triple completed; hero set decorative,
https://ultratextgen.com/tr/italik-yazi/,localized,localized,Medium,,yes,/assets/og/tr-italik-yazi.png,yes,/assets/hero/tr-italik-yazi.svg,yes,,OG triple completed; hero set decorative,
https://ultratextgen.com/tr/kalin-yazi/,localized,localized,Medium,,yes,/assets/og/tr-kalin-yazi.png,yes,/assets/hero/tr-kalin-yazi.svg,yes,,OG triple completed; hero set decorative,
https://ultratextgen.com/tr/karakter-sayaci/,localized,localized,Medium,,yes,/assets/og/tr-karakter-sayaci.png,yes,,n/a,,OG triple completed,
https://ultratextgen.com/tr/kucuk-yazi/,localized,localized,Medium,,yes,/assets/og/tr-kucuk-yazi.png,yes,/assets/hero/tr-kucuk-yazi.svg,yes,,OG triple completed; hero set decorative,
https://ultratextgen.com/tr/library/cat-kaomoji/,localized,localized,Medium,,yes,/assets/og/tr-library-cat-kaomoji.png,yes,/assets/hero/tr-library-cat-kaomoji.svg,yes,,OG present; hero set decorative,
https://ultratextgen.com/tr/library/coquette-sembolleri/,localized,localized,Medium,,yes,/assets/og/tr-library-coquette-sembolleri.png,yes,/assets/hero/tr-library-coquette-sembolleri.svg,yes,,OG triple completed; hero set decorative,
https://ultratextgen.com/tr/library/cottagecore-sembolleri/,localized,localized,Medium,,yes,/assets/og/tr-library-cottagecore-sembolleri.png,yes,/assets/hero/tr-library-cottagecore-sembolleri.svg,yes,,OG triple completed; hero set decorative,
https://ultratextgen.com/tr/library/cute-kaomoji/,localized,localized,Medium,,yes,/assets/og/tr-library-cute-kaomoji.png,yes,/assets/hero/tr-library-cute-kaomoji.svg,yes,,OG present; hero set decorative,
https://ultratextgen.com/tr/library/derece-isareti/,localized,localized,Medium,,yes,/assets/og/tr-library-derece-isareti.png,yes,/assets/hero/tr-library-derece-isareti.svg,yes,,OG triple completed; hero set decorative,
https://ultratextgen.com/tr/library/discord-sembolleri/,localized,localized,Medium,,yes,/assets/og/tr-library-discord-sembolleri.png,yes,/assets/hero/tr-library-discord-sembolleri.svg,yes,,OG triple completed; hero set decorative,
https://ultratextgen.com/tr/library/dreamcore-weirdcore-sembolleri/,localized,localized,Medium,,yes,/assets/og/tr-library-dreamcore-weirdcore-sembolleri.png,yes,/assets/hero/tr-library-dreamcore-weirdcore-sembolleri.svg,yes,,OG triple completed; hero set decorative,
https://ultratextgen.com/tr/library/estetik-semboller/,localized,localized,Medium,,yes,/assets/og/tr-library-estetik-semboller.png,yes,/assets/hero/tr-library-estetik-semboller.svg,yes,,OG triple completed; hero set decorative,
https://ultratextgen.com/tr/library/facebook-sembolleri/,localized,localized,Medium,,yes,/assets/og/tr-library-facebook-sembolleri.png,yes,/assets/hero/tr-library-facebook-sembolleri.svg,yes,,OG triple completed; hero set decorative,
https://ultratextgen.com/tr/library/fairycore-sembolleri/,localized,localized,Medium,,yes,/assets/og/tr-library-fairycore-sembolleri.png,yes,/assets/hero/tr-library-fairycore-sembolleri.svg,yes,,OG triple completed; hero set decorative,
https://ultratextgen.com/tr/library/goth-grunge-sembolleri/,localized,localized,Medium,,yes,/assets/og/tr-library-goth-grunge-sembolleri.png,yes,/assets/hero/tr-library-goth-grunge-sembolleri.svg,yes,,OG triple completed; hero set decorative,
https://ultratextgen.com/tr/library/,localized,localized,Medium,,yes,/assets/og/tr-library.png,yes,/assets/hero/tr-library.svg,yes,,OG triple completed; hero set decorative,
https://ultratextgen.com/tr/library/japon-alfabesi/,localized,localized,Medium,,yes,/assets/og/tr-library-japon-alfabesi.png,yes,/assets/hero/tr-library-japon-alfabesi.svg,yes,,OG triple completed; hero set decorative,
https://ultratextgen.com/tr/library/kalp-sembolleri/,localized,localized,Medium,,yes,/assets/og/tr-library-kalp-sembolleri.png,yes,/assets/hero/tr-library-kalp-sembolleri.svg,yes,,OG triple completed; hero set decorative,
https://ultratextgen.com/tr/library/kaomoji/,localized,localized,Medium,,yes,/assets/og/tr-library-kaomoji.png,yes,/assets/hero/tr-library-kaomoji.svg,yes,,OG triple completed; hero set decorative,
https://ultratextgen.com/tr/library/kawaii-cute-sembolleri/,localized,localized,Medium,,yes,/assets/og/tr-library-kawaii-cute-sembolleri.png,yes,/assets/hero/tr-library-kawaii-cute-sembolleri.svg,yes,,OG triple completed; hero set decorative,
https://ultratextgen.com/tr/library/love-kaomoji/,localized,localized,Medium,,yes,/assets/og/tr-library-love-kaomoji.png,yes,/assets/hero/tr-library-love-kaomoji.svg,yes,,OG present; hero set decorative,
https://ultratextgen.com/tr/library/matematik-sembolleri/,localized,localized,Medium,,yes,/assets/og/tr-library-matematik-sembolleri.png,yes,/assets/hero/tr-library-matematik-sembolleri.svg,yes,,OG triple completed; hero set decorative,
https://ultratextgen.com/tr/library/ok-isaretleri/,localized,localized,Medium,,yes,/assets/og/tr-library-ok-isaretleri.png,yes,/assets/hero/tr-library-ok-isaretleri.svg,yes,,OG triple completed; hero set decorative,
https://ultratextgen.com/tr/library/onay-isaretleri/,localized,localized,Medium,,yes,/assets/og/tr-library-onay-isaretleri.png,yes,/assets/hero/tr-library-onay-isaretleri.svg,yes,,OG triple completed; hero set decorative,
https://ultratextgen.com/tr/library/para-birimi-sembolleri/,localized,localized,Medium,,yes,/assets/og/tr-library-para-birimi-sembolleri.png,yes,/assets/hero/tr-library-para-birimi-sembolleri.svg,yes,,OG triple completed; hero set decorative,
https://ultratextgen.com/tr/library/pubg-sembolleri/,localized,localized,Medium,,yes,/assets/og/library-pubg-symbols.png,yes,,n/a,,OG present,
https://ultratextgen.com/tr/library/roblox-sembolleri/,localized,localized,Medium,,yes,/assets/og/tr-library-roblox-sembolleri.png,yes,/assets/hero/tr-library-roblox-sembolleri.svg,yes,,OG triple completed; hero set decorative,
https://ultratextgen.com/tr/library/semboller/,localized,localized,Medium,,yes,/assets/og/tr-library-semboller.png,yes,/assets/hero/tr-library-semboller.svg,yes,,OG triple completed; hero set decorative,
https://ultratextgen.com/tr/library/therian-sembolleri/,localized,localized,Medium,,yes,/assets/og/tr-library-therian-sembolleri.png,yes,/assets/hero/tr-library-therian-sembolleri.svg,yes,,OG triple completed; hero set decorative,
https://ultratextgen.com/tr/library/witchy-occult-sembolleri/,localized,localized,Medium,,yes,/assets/og/tr-library-witchy-occult-sembolleri.png,yes,/assets/hero/tr-library-witchy-occult-sembolleri.svg,yes,,OG triple completed; hero set decorative,
https://ultratextgen.com/tr/library/y2k-sembolleri/,localized,localized,Medium,,yes,/assets/og/tr-library-y2k-sembolleri.png,yes,/assets/hero/tr-library-y2k-sembolleri.svg,yes,,OG triple completed; hero set decorative,
https://ultratextgen.com/tr/library/yildiz-sembolleri/,localized,localized,Medium,,yes,/assets/og/tr-library-yildiz-sembolleri.png,yes,/assets/hero/tr-library-yildiz-sembolleri.svg,yes,,OG triple completed; hero set decorative,
https://ultratextgen.com/tr/library/yunan-alfabesi-sembolleri/,localized,localized,Medium,,yes,/assets/og/tr-library-yunan-alfabesi-sembolleri.png,yes,/assets/hero/tr-library-yunan-alfabesi-sembolleri.svg,yes,,OG triple completed; hero set decorative,
https://ultratextgen.com/tr/metin-susleme/,localized,localized,Medium,,yes,/assets/og/tr-metin-susleme.png,yes,/assets/hero/tr-metin-susleme.svg,yes,,OG triple completed; hero set decorative,
https://ultratextgen.com/tr/sekilli-nick/,localized,localized,Medium,,yes,/assets/og/tr-sekilli-nick.png,yes,/assets/hero/tr-sekilli-nick.svg,yes,,OG triple completed; hero set decorative,
https://ultratextgen.com/tr/sekilli-yazi/,localized,localized,Medium,,yes,/assets/og/tr-sekilli-yazi.png,yes,/assets/hero/tr-sekilli-yazi.svg,yes,,OG triple completed; hero set decorative,
https://ultratextgen.com/tr/snapchat-yazi-tipi/,localized,localized,Medium,,yes,/assets/og/tr-snapchat-yazi-tipi.png,yes,/assets/hero/tr-snapchat-yazi-tipi.svg,yes,,OG triple completed; hero set decorative,
https://ultratextgen.com/tr/symbol/akrep-burcu-sembolu/,localized,localized,Medium,,yes,/assets/og/tr-symbol-akrep-burcu-sembolu.png,yes,,n/a,,OG present,
https://ultratextgen.com/tr/symbol/alfa-sembolu/,localized,localized,Medium,,yes,/assets/og/tr-symbol-alfa-sembolu.png,yes,,n/a,,OG present,
https://ultratextgen.com/tr/symbol/anarsi-sembolu/,localized,localized,Medium,,yes,/assets/og/tr-symbol-anarsi-sembolu.png,yes,,n/a,,OG present,
https://ultratextgen.com/tr/symbol/ankh-sembolu/,localized,localized,Medium,,yes,/assets/og/tr-symbol-ankh-sembolu.png,yes,,n/a,,OG present,
https://ultratextgen.com/tr/symbol/arti-eksi-isareti/,localized,localized,Medium,,yes,/assets/og/tr-symbol-arti-eksi-isareti.png,yes,,n/a,,OG present,
https://ultratextgen.com/tr/symbol/asagi-ok-isareti/,localized,localized,Medium,,yes,/assets/og/tr-symbol-asagi-ok-isareti.png,yes,,n/a,,OG present,
https://ultratextgen.com/tr/symbol/aslan-burcu-sembolu/,localized,localized,Medium,,yes,/assets/og/tr-symbol-aslan-burcu-sembolu.png,yes,,n/a,,OG present,
https://ultratextgen.com/tr/symbol/at-isareti/,localized,localized,Medium,,yes,/assets/og/tr-symbol-at-isareti.png,yes,,n/a,,OG present,
https://ultratextgen.com/tr/symbol/balik-burcu-sembolu/,localized,localized,Medium,,yes,/assets/og/tr-symbol-balik-burcu-sembolu.png,yes,,n/a,,OG present,
https://ultratextgen.com/tr/symbol/baris-isareti/,localized,localized,Medium,,yes,/assets/og/tr-symbol-baris-isareti.png,yes,,n/a,,OG present,
https://ultratextgen.com/tr/symbol/basak-burcu-sembolu/,localized,localized,Medium,,yes,/assets/og/tr-symbol-basak-burcu-sembolu.png,yes,,n/a,,OG present,
https://ultratextgen.com/tr/symbol/bitcoin-sembolu/,localized,localized,Medium,,yes,/assets/og/tr-symbol-bitcoin-sembolu.png,yes,,n/a,,OG present,
https://ultratextgen.com/tr/symbol/biyolojik-tehlike-sembolu/,localized,localized,Medium,,yes,/assets/og/tr-symbol-biyolojik-tehlike-sembolu.png,yes,,n/a,,OG present,
https://ultratextgen.com/tr/symbol/boga-burcu-sembolu/,localized,localized,Medium,,yes,/assets/og/tr-symbol-boga-burcu-sembolu.png,yes,,n/a,,OG present,
https://ultratextgen.com/tr/symbol/bolme-isareti/,localized,localized,Medium,,yes,/assets/og/tr-symbol-bolme-isareti.png,yes,,n/a,,OG present,
https://ultratextgen.com/tr/symbol/bolum-isareti/,localized,localized,Medium,,yes,/assets/og/tr-symbol-bolum-isareti.png,yes,,n/a,,OG present,
https://ultratextgen.com/tr/symbol/cap-isareti/,localized,localized,Medium,,yes,/assets/og/tr-symbol-cap-isareti.png,yes,,n/a,,OG present,
https://ultratextgen.com/tr/symbol/carpma-isareti/,localized,localized,Medium,,yes,/assets/og/tr-symbol-carpma-isareti.png,yes,,n/a,,OG present,
https://ultratextgen.com/tr/symbol/celsius-isareti/,localized,localized,Medium,,yes,/assets/og/tr-symbol-celsius-isareti.png,yes,,n/a,,OG present,
https://ultratextgen.com/tr/symbol/davut-yildizi/,localized,localized,Medium,,yes,/assets/og/tr-symbol-davut-yildizi.png,yes,,n/a,,OG present,
https://ultratextgen.com/tr/symbol/delta-sembolu/,localized,localized,Medium,,yes,/assets/og/tr-symbol-delta-sembolu.png,yes,,n/a,,OG present,
https://ultratextgen.com/tr/symbol/derece-isareti/,localized,localized,Medium,,yes,/assets/og/tr-symbol-derece-isareti.png,yes,,n/a,,OG present,
https://ultratextgen.com/tr/symbol/dikey-cizgi-isareti/,localized,localized,Medium,,yes,/assets/og/tr-symbol-dikey-cizgi-isareti.png,yes,,n/a,,OG present,
https://ultratextgen.com/tr/symbol/dolar-isareti/,localized,localized,Medium,,yes,/assets/og/tr-symbol-dolar-isareti.png,yes,,n/a,,OG present,
https://ultratextgen.com/tr/symbol/dur-isareti/,localized,localized,Medium,,yes,/assets/og/tr-symbol-dur-isareti.png,yes,,n/a,,OG present,
https://ultratextgen.com/tr/symbol/esit-degil-isareti/,localized,localized,Medium,,yes,/assets/og/tr-symbol-esit-degil-isareti.png,yes,,n/a,,OG present,
https://ultratextgen.com/tr/symbol/eslik-isareti/,localized,localized,Medium,,yes,/assets/og/tr-symbol-eslik-isareti.png,yes,,n/a,,OG present,
https://ultratextgen.com/tr/symbol/euro-isareti/,localized,localized,Medium,,yes,/assets/og/tr-symbol-euro-isareti.png,yes,,n/a,,OG present,
https://ultratextgen.com/tr/symbol/fahrenheit-isareti/,localized,localized,Medium,,yes,/assets/og/tr-symbol-fahrenheit-isareti.png,yes,,n/a,,OG present,
https://ultratextgen.com/tr/symbol/fleur-de-lis-sembolu/,localized,localized,Medium,,yes,/assets/og/tr-symbol-fleur-de-lis-sembolu.png,yes,,n/a,,OG present,
https://ultratextgen.com/tr/symbol/geri-donusum-sembolu/,localized,localized,Medium,,yes,/assets/og/tr-symbol-geri-donusum-sembolu.png,yes,,n/a,,OG present,
https://ultratextgen.com/tr/symbol/gorunmez-yazi-karakteri/,localized,localized,Medium,,yes,/assets/og/tr-symbol-gorunmez-yazi-karakteri.png,yes,,n/a,,OG present,
https://ultratextgen.com/tr/symbol/hac-sembolu/,localized,localized,Medium,,yes,/assets/og/tr-symbol-hac-sembolu.png,yes,,n/a,,OG present,
https://ultratextgen.com/tr/symbol/hamsa-sembolu/,localized,localized,Medium,,yes,/assets/og/tr-symbol-hamsa-sembolu.png,yes,,n/a,,OG present,
https://ultratextgen.com/tr/symbol/ikizler-burcu-sembolu/,localized,localized,Medium,,yes,/assets/og/tr-symbol-ikizler-burcu-sembolu.png,yes,,n/a,,OG present,
https://ultratextgen.com/tr/symbol/,localized,localized,Medium,,yes,/assets/og/tr-symbol.png,yes,,n/a,,OG present,
https://ultratextgen.com/tr/symbol/kalp-sembolu/,localized,localized,Medium,,yes,/assets/og/tr-symbol-kalp-sembolu.png,yes,,n/a,,OG present,
https://ultratextgen.com/tr/symbol/kara-ay-lilith-sembolu/,localized,localized,Medium,,yes,/assets/og/tr-symbol-kara-ay-lilith-sembolu.png,yes,,n/a,,OG present,
https://ultratextgen.com/tr/symbol/kare-kup-isaretleri/,localized,localized,Medium,,yes,/assets/og/tr-symbol-kare-kup-isaretleri.png,yes,,n/a,,OG present,
https://ultratextgen.com/tr/symbol/karekok-isareti/,localized,localized,Medium,,yes,/assets/og/tr-symbol-karekok-isareti.png,yes,,n/a,,OG present,
https://ultratextgen.com/tr/symbol/khanda-sembolu/,localized,localized,Medium,,yes,/assets/og/tr-symbol-khanda-sembolu.png,yes,,n/a,,OG present,
https://ultratextgen.com/tr/symbol/koc-burcu-sembolu/,localized,localized,Medium,,yes,/assets/og/tr-symbol-koc-burcu-sembolu.png,yes,,n/a,,OG present,
https://ultratextgen.com/tr/symbol/kova-burcu-sembolu/,localized,localized,Medium,,yes,/assets/og/tr-symbol-kova-burcu-sembolu.png,yes,,n/a,,OG present,
https://ultratextgen.com/tr/symbol/kucuktur-buyuktur-isareti/,localized,localized,Medium,,yes,/assets/og/tr-symbol-kucuktur-buyuktur-isareti.png,yes,,n/a,,OG present,
https://ultratextgen.com/tr/symbol/mikro-isareti/,localized,localized,Medium,,yes,/assets/og/tr-symbol-mikro-isareti.png,yes,,n/a,,OG present,
https://ultratextgen.com/tr/symbol/ofke-sembolu/,localized,localized,Medium,,yes,/assets/og/tr-symbol-ofke-sembolu.png,yes,,n/a,,OG present,
https://ultratextgen.com/tr/symbol/oglak-burcu-sembolu/,localized,localized,Medium,,yes,/assets/og/tr-symbol-oglak-burcu-sembolu.png,yes,,n/a,,OG present,
https://ultratextgen.com/tr/symbol/ohm-isareti/,localized,localized,Medium,,yes,/assets/og/tr-symbol-ohm-isareti.png,yes,,n/a,,OG present,
https://ultratextgen.com/tr/symbol/om-sembolu/,localized,localized,Medium,,yes,/assets/og/tr-symbol-om-sembolu.png,yes,,n/a,,OG present,
https://ultratextgen.com/tr/symbol/omega-sembolu/,localized,localized,Medium,,yes,/assets/og/tr-symbol-omega-sembolu.png,yes,,n/a,,OG present,
https://ultratextgen.com/tr/symbol/onay-isareti/,localized,localized,Medium,,yes,/assets/og/tr-symbol-onay-isareti.png,yes,,n/a,,OG present,
https://ultratextgen.com/tr/symbol/ortodoks-hac-sembolu/,localized,localized,Medium,,yes,/assets/og/tr-symbol-ortodoks-hac-sembolu.png,yes,,n/a,,OG present,
https://ultratextgen.com/tr/symbol/otizm-sembolu/,localized,localized,Medium,,yes,/assets/og/tr-symbol-otizm-sembolu.png,yes,,n/a,,OG present,
https://ultratextgen.com/tr/symbol/paragraf-isareti/,localized,localized,Medium,,yes,/assets/og/tr-symbol-paragraf-isareti.png,yes,,n/a,,OG present,
https://ultratextgen.com/tr/symbol/pentagram-sembolu/,localized,localized,Medium,,yes,/assets/og/tr-symbol-pentagram-sembolu.png,yes,,n/a,,OG present,
https://ultratextgen.com/tr/symbol/pi-sembolu/,localized,localized,Medium,,yes,/assets/og/tr-symbol-pi-sembolu.png,yes,,n/a,,OG present,
https://ultratextgen.com/tr/symbol/rupi-isareti/,localized,localized,Medium,,yes,/assets/og/tr-symbol-rupi-isareti.png,yes,,n/a,,OG present,
https://ultratextgen.com/tr/symbol/sag-ok-isareti/,localized,localized,Medium,,yes,/assets/og/tr-symbol-sag-ok-isareti.png,yes,,n/a,,OG present,
https://ultratextgen.com/tr/symbol/sent-isareti/,localized,localized,Medium,,yes,/assets/og/tr-symbol-sent-isareti.png,yes,,n/a,,OG present,
https://ultratextgen.com/tr/symbol/sigma-sembolu/,localized,localized,Medium,,yes,/assets/og/tr-symbol-sigma-sembolu.png,yes,,n/a,,OG present,
https://ultratextgen.com/tr/symbol/sol-ok-isareti/,localized,localized,Medium,,yes,/assets/og/tr-symbol-sol-ok-isareti.png,yes,,n/a,,OG present,
https://ultratextgen.com/tr/symbol/sonsuzluk-isareti/,localized,localized,Medium,,yes,/assets/og/tr-symbol-sonsuzluk-isareti.png,yes,,n/a,,OG present,
https://ultratextgen.com/tr/symbol/sterlin-isareti/,localized,localized,Medium,,yes,/assets/og/tr-symbol-sterlin-isareti.png,yes,,n/a,,OG present,
https://ultratextgen.com/tr/symbol/tekerlekli-sandalye-sembolu/,localized,localized,Medium,,yes,/assets/og/tr-symbol-tekerlekli-sandalye-sembolu.png,yes,,n/a,,OG present,
https://ultratextgen.com/tr/symbol/telif-hakki-isareti/,localized,localized,Medium,,yes,/assets/og/tr-symbol-telif-hakki-isareti.png,yes,,n/a,,OG present,
https://ultratextgen.com/tr/symbol/terazi-burcu-sembolu/,localized,localized,Medium,,yes,/assets/og/tr-symbol-terazi-burcu-sembolu.png,yes,,n/a,,OG present,
https://ultratextgen.com/tr/symbol/ters-soru-isareti/,localized,localized,Medium,,yes,/assets/og/tr-symbol-ters-soru-isareti.png,yes,,n/a,,OG present,
https://ultratextgen.com/tr/symbol/ticari-marka-isareti/,localized,localized,Medium,,yes,/assets/og/tr-symbol-ticari-marka-isareti.png,yes,,n/a,,OG present,
https://ultratextgen.com/tr/symbol/tirnak-isareti/,localized,localized,Medium,,yes,/assets/og/tr-symbol-tirnak-isareti.png,yes,/assets/hero/tr-symbol-tirnak-isareti.svg,yes,,OG triple completed; hero set decorative,
https://ultratextgen.com/tr/symbol/uzun-tire-isareti/,localized,localized,Medium,,yes,/assets/og/tr-symbol-uzun-tire-isareti.png,yes,,n/a,,OG present,
https://ultratextgen.com/tr/symbol/ve-isareti/,localized,localized,Medium,,yes,/assets/og/tr-symbol-ve-isareti.png,yes,,n/a,,OG present,
https://ultratextgen.com/tr/symbol/won-isareti/,localized,localized,Medium,,yes,/assets/og/tr-symbol-won-isareti.png,yes,,n/a,,OG present,
https://ultratextgen.com/tr/symbol/yay-burcu-sembolu/,localized,localized,Medium,,yes,/assets/og/tr-symbol-yay-burcu-sembolu.png,yes,,n/a,,OG present,
https://ultratextgen.com/tr/symbol/yen-isareti/,localized,localized,Medium,,yes,/assets/og/tr-symbol-yen-isareti.png,yes,,n/a,,OG present,
https://ultratextgen.com/tr/symbol/yengec-burcu-sembolu/,localized,localized,Medium,,yes,/assets/og/tr-symbol-yengec-burcu-sembolu.png,yes,,n/a,,OG present,
https://ultratextgen.com/tr/symbol/yildiz-sembolu/,localized,localized,Medium,,yes,/assets/og/tr-symbol-yildiz-sembolu.png,yes,,n/a,,OG present,
https://ultratextgen.com/tr/symbol/yin-yang-sembolu/,localized,localized,Medium,,yes,/assets/og/tr-symbol-yin-yang-sembolu.png,yes,,n/a,,OG present,
https://ultratextgen.com/tr/symbol/yukari-ok-isareti/,localized,localized,Medium,,yes,/assets/og/tr-symbol-yukari-ok-isareti.png,yes,,n/a,,OG present,
https://ultratextgen.com/tr/tiktok-yazi-tipi/,localized,localized,Medium,,yes,/assets/og/tr-tiktok-yazi-tipi.png,yes,/assets/hero/tr-tiktok-yazi-tipi.svg,yes,,OG triple completed; hero set decorative,
https://ultratextgen.com/tr/usecase/biyografi-yazi-tipi/,localized,localized,Medium,,yes,/assets/og/tr-usecase-biyografi-yazi-tipi.png,yes,/assets/hero/tr-usecase-biyografi-yazi-tipi.svg,yes,,OG triple completed; hero set decorative,
https://ultratextgen.com/tr/usecase/coc-nick/,localized,localized,Medium,,yes,/assets/og/tr-usecase-coc-nick.png,yes,,n/a,,OG triple completed,
https://ultratextgen.com/tr/usecase/dovme-yazi-fontlari/,localized,localized,Medium,,yes,/assets/og/tr-usecase-dovme-yazi-fontlari.png,yes,/assets/hero/tr-usecase-dovme-yazi-fontlari.svg,yes,,OG triple completed; hero set decorative,
https://ultratextgen.com/tr/usecase/emoji-ceviri/,localized,localized,Medium,,yes,/assets/og/tr-usecase-emoji-ceviri.png,yes,/assets/hero/tr-usecase-emoji-ceviri.svg,yes,,OG triple completed; hero set decorative,
https://ultratextgen.com/tr/usecase/emoji-harfler/,localized,localized,Medium,,yes,/assets/og/tr-usecase-emoji-harfler.png,yes,/assets/hero/tr-usecase-emoji-harfler.svg,yes,,OG triple completed; hero set decorative,
https://ultratextgen.com/tr/usecase/free-fire-nick/,localized,localized,Medium,,yes,/assets/og/tr-usecase-free-fire-nick.png,yes,/assets/hero/tr-usecase-free-fire-nick.svg,yes,,OG triple completed; hero set decorative,
https://ultratextgen.com/tr/usecase/,localized,localized,Medium,,yes,/assets/og/tr-usecase.png,yes,/assets/hero/tr-usecase.svg,yes,,OG triple completed; hero set decorative,
https://ultratextgen.com/tr/usecase/mobile-legends-nick/,localized,localized,Medium,,yes,/assets/og/tr-usecase-mobile-legends-nick.png,yes,/assets/hero/tr-usecase-mobile-legends-nick.svg,yes,,OG triple completed; hero set decorative,
https://ultratextgen.com/tr/usecase/pubg-nick/,localized,localized,Medium,,yes,/assets/og/tr-usecase-pubg-nick.png,yes,/assets/hero/tr-usecase-pubg-nick.svg,yes,,OG triple completed; hero set decorative,
https://ultratextgen.com/tr/usecase/valorant-nick/,localized,localized,Medium,,yes,/assets/og/tr-usecase-valorant-nick.png,yes,/assets/hero/tr-usecase-valorant-nick.svg,yes,,OG triple completed; hero set decorative,
https://ultratextgen.com/tr/usecase/vertical-text/,localized,localized,Medium,,yes,/assets/og/tr-usecase-vertical-text.png,yes,/assets/hero/tr-usecase-vertical-text.svg,yes,,OG triple completed; hero set decorative,
https://ultratextgen.com/tr/usecase/zalgo-text/,localized,localized,Medium,,yes,/assets/og/tr-usecase-zalgo-text.png,yes,/assets/hero/tr-usecase-zalgo-text.svg,yes,,OG triple completed; hero set decorative,
https://ultratextgen.com/tr/ustu-cizili-yazi/,localized,localized,Medium,,yes,/assets/og/tr-ustu-cizili-yazi.png,yes,/assets/hero/tr-ustu-cizili-yazi.svg,yes,,OG triple completed; hero set decorative,
https://ultratextgen.com/tr/whatsapp-yazi-tipi/,localized,localized,Medium,,yes,/assets/og/tr-whatsapp-yazi-tipi.png,yes,/assets/hero/tr-whatsapp-yazi-tipi.svg,yes,,OG triple completed; hero set decorative,
https://ultratextgen.com/tr/yazi-stilleri/,localized,localized,Medium,,yes,/assets/og/tr-yazi-stilleri.png,yes,/assets/hero/tr-yazi-stilleri.svg,yes,,OG triple completed; hero set decorative,
https://ultratextgen.com/vi/chu-gach-ngang/,localized,localized,Medium,,yes,/assets/og/vi-chu-gach-ngang.png,yes,/assets/hero/vi-chu-gach-ngang.svg,yes,,OG triple completed; hero set decorative,
https://ultratextgen.com/vi/chu-hoa-chu-thuong/,localized,localized,Medium,,yes,/assets/og/vi-chu-hoa-chu-thuong.png,yes,,n/a,,OG triple completed,
https://ultratextgen.com/vi/chu-in-dam/,localized,localized,Medium,,yes,/assets/og/vi-chu-in-dam.png,yes,/assets/hero/vi-chu-in-dam.svg,yes,,OG triple completed; hero set decorative,
https://ultratextgen.com/vi/chu-kieu-tiktok/,localized,localized,Medium,,yes,/assets/og/vi-chu-kieu-tiktok.png,yes,/assets/hero/vi-chu-kieu-tiktok.svg,yes,,OG triple completed; hero set decorative,
https://ultratextgen.com/vi/chu-nghieng/,localized,localized,Medium,,yes,/assets/og/vi-chu-nghieng.png,yes,/assets/hero/vi-chu-nghieng.svg,yes,,OG triple completed; hero set decorative,
https://ultratextgen.com/vi/chu-nguoc/,localized,localized,Medium,,yes,/assets/og/vi-chu-nguoc.png,yes,/assets/hero/vi-chu-nguoc.svg,yes,,OG triple completed; hero set decorative,
https://ultratextgen.com/vi/chu-nho/,localized,localized,Medium,,yes,/assets/og/vi-chu-nho.png,yes,/assets/hero/vi-chu-nho.svg,yes,,OG triple completed; hero set decorative,
https://ultratextgen.com/vi/combo-emoji/,localized,localized,Medium,,yes,/assets/og/vi-combo-emoji.png,yes,/assets/hero/vi-combo-emoji.svg,yes,,OG triple completed; hero set decorative,
https://ultratextgen.com/vi/dem-tu-dem-ky-tu/,localized,localized,Medium,,yes,/assets/og/vi-dem-tu-dem-ky-tu.png,yes,,n/a,,OG triple completed,
https://ultratextgen.com/vi/font-chu-dep/,localized,localized,Medium,,yes,/assets/og/vi-font-chu-dep.png,yes,/assets/hero/vi-font-chu-dep.svg,yes,,OG triple completed; hero set decorative,
https://ultratextgen.com/vi/font-discord/,localized,localized,Medium,,yes,/assets/og/vi-font-discord.png,yes,/assets/hero/vi-font-discord.svg,yes,,OG triple completed; hero set decorative,
https://ultratextgen.com/vi/font-facebook/,localized,localized,Medium,,yes,/assets/og/vi-font-facebook.png,yes,/assets/hero/vi-font-facebook.svg,yes,,OG triple completed; hero set decorative,
https://ultratextgen.com/vi/font-gothic/,localized,localized,Medium,,yes,/assets/og/vi-font-gothic.png,yes,/assets/hero/vi-font-gothic.svg,yes,,OG triple completed; hero set decorative,
https://ultratextgen.com/vi/font-ig/,localized,localized,Medium,,yes,/assets/og/vi-font-ig.png,yes,/assets/hero/vi-font-ig.svg,yes,,OG triple completed; hero set decorative,
https://ultratextgen.com/vi/font-roblox/,localized,localized,Medium,,yes,/assets/og/vi-font-roblox.png,yes,/assets/hero/vi-font-roblox.svg,yes,,OG triple completed; hero set decorative,
https://ultratextgen.com/vi/font-whatsapp/,localized,localized,Medium,,yes,/assets/og/vi-font-whatsapp.png,yes,/assets/hero/vi-font-whatsapp.svg,yes,,OG triple completed; hero set decorative,
https://ultratextgen.com/vi/guide/dat-ten-discord-an-toan/,localized,localized,Medium,,yes,/assets/og/vi-guide-dat-ten-discord-an-toan.png,yes,,n/a,,OG triple completed,
https://ultratextgen.com/vi/guide/dinh-dang-chu-discord/,localized,localized,Medium,,yes,/assets/og/vi-guide-dinh-dang-chu-discord.png,yes,,n/a,,OG triple completed,
https://ultratextgen.com/vi/guide/font-discord-dung-o-dau/,localized,localized,Medium,,yes,/assets/og/vi-guide-font-discord-dung-o-dau.png,yes,,n/a,,OG triple completed,
https://ultratextgen.com/vi/guide/,localized,localized,Medium,,yes,/assets/og/vi-guide.png,yes,,n/a,,OG triple completed,
https://ultratextgen.com/vi/,localized,localized,Medium,,yes,/assets/og/vi.png,yes,/assets/hero/vi.svg,yes,,OG triple completed; hero set decorative,
https://ultratextgen.com/vi/ki-tu-dac-biet-ff/,localized,localized,Medium,,yes,/assets/og/vi-ki-tu-dac-biet-ff.png,yes,/assets/hero/vi-ki-tu-dac-biet-ff.svg,yes,,OG triple completed; hero set decorative,
https://ultratextgen.com/vi/ki-tu-dac-biet-lien-quan/,localized,localized,Medium,,yes,/assets/og/vi-ki-tu-dac-biet-lien-quan.png,yes,/assets/hero/vi-ki-tu-dac-biet-lien-quan.svg,yes,,OG triple completed; hero set decorative,
https://ultratextgen.com/vi/ki-tu-dac-biet/,localized,localized,Medium,,yes,/assets/og/vi-ki-tu-dac-biet.png,yes,/assets/hero/vi-ki-tu-dac-biet.svg,yes,,OG triple completed; hero set decorative,
https://ultratextgen.com/vi/ki-tu-discord/,localized,localized,Medium,,yes,/assets/og/vi-ki-tu-discord.png,yes,/assets/hero/vi-ki-tu-discord.svg,yes,,OG triple completed; hero set decorative,
https://ultratextgen.com/vi/ki-tu-facebook/,localized,localized,Medium,,yes,/assets/og/vi-ki-tu-facebook.png,yes,/assets/hero/vi-ki-tu-facebook.svg,yes,,OG triple completed; hero set decorative,
https://ultratextgen.com/vi/ki-tu-mui-ten/,localized,localized,Medium,,yes,/assets/og/vi-ki-tu-mui-ten.png,yes,/assets/hero/vi-ki-tu-mui-ten.svg,yes,,OG triple completed; hero set decorative,
https://ultratextgen.com/vi/ki-tu-ngoi-sao/,localized,localized,Medium,,yes,/assets/og/vi-ki-tu-ngoi-sao.png,yes,/assets/hero/vi-ki-tu-ngoi-sao.svg,yes,,OG triple completed; hero set decorative,
https://ultratextgen.com/vi/ki-tu-roblox/,localized,localized,Medium,,yes,/assets/og/vi-ki-tu-roblox.png,yes,/assets/hero/vi-ki-tu-roblox.svg,yes,,OG triple completed; hero set decorative,
https://ultratextgen.com/vi/ki-tu-trai-tim/,localized,localized,Medium,,yes,/assets/og/vi-ki-tu-trai-tim.png,yes,/assets/hero/vi-ki-tu-trai-tim.svg,yes,,OG triple completed; hero set decorative,
https://ultratextgen.com/vi/ki-tu-y2k/,localized,localized,Medium,,yes,/assets/og/vi-ki-tu-y2k.png,yes,/assets/hero/vi-ki-tu-y2k.svg,yes,,OG triple completed; hero set decorative,
https://ultratextgen.com/vi/ky-tu-vo-hinh/,localized,localized,Medium,,yes,/assets/og/vi-ky-tu-vo-hinh.png,yes,/assets/hero/vi-ky-tu-vo-hinh.svg,yes,,OG triple completed; hero set decorative,
https://ultratextgen.com/vi/library/bullet-point-symbols/,localized,localized,Medium,,yes,/assets/og/vi-library-bullet-point-symbols.png,yes,/assets/hero/vi-library-bullet-point-symbols.svg,yes,,OG triple completed; hero set decorative,
https://ultratextgen.com/vi/library/cat-kaomoji/,localized,localized,Medium,,yes,/assets/og/vi-library-cat-kaomoji.png,yes,/assets/hero/vi-library-cat-kaomoji.svg,yes,,OG present; hero set decorative,
https://ultratextgen.com/vi/library/cute-kaomoji/,localized,localized,Medium,,yes,/assets/og/vi-library-cute-kaomoji.png,yes,/assets/hero/vi-library-cute-kaomoji.svg,yes,,OG present; hero set decorative,
https://ultratextgen.com/vi/library/emoji-flags/,localized,localized,Medium,,yes,/assets/og/vi-library-emoji-flags.png,yes,/assets/hero/vi-library-emoji-flags.svg,yes,,OG triple completed; hero set decorative,
https://ultratextgen.com/vi/library/,localized,localized,Medium,,yes,/assets/og/vi-library.png,yes,,n/a,,OG present,
https://ultratextgen.com/vi/library/kaomoji/,localized,localized,Medium,,yes,/assets/og/vi-library-kaomoji.png,yes,/assets/hero/vi-library-kaomoji.svg,yes,,OG present; hero set decorative,
https://ultratextgen.com/vi/library/love-kaomoji/,localized,localized,Medium,,yes,/assets/og/vi-library-love-kaomoji.png,yes,/assets/hero/vi-library-love-kaomoji.svg,yes,,OG present; hero set decorative,
https://ultratextgen.com/vi/library/math-symbols/,localized,localized,Medium,,yes,/assets/og/vi-library-math-symbols.png,yes,/assets/hero/vi-library-math-symbols.svg,yes,,OG triple completed; hero set decorative,
https://ultratextgen.com/vi/symbol/checkmark-symbol/,localized,localized,Medium,,yes,/assets/og/vi-symbol-checkmark-symbol.png,yes,,n/a,,OG present,
https://ultratextgen.com/vi/symbol/degree-symbol/,localized,localized,Medium,,yes,/assets/og/vi-symbol-degree-symbol.png,yes,,n/a,,OG present,
https://ultratextgen.com/vi/symbol/division-sign/,localized,localized,Medium,,yes,/assets/og/vi-symbol-division-sign.png,yes,,n/a,,OG present,
https://ultratextgen.com/vi/symbol/,localized,localized,Medium,,yes,/assets/og/vi-symbol.png,yes,,n/a,,OG present,
https://ultratextgen.com/vi/symbol/infinity/,localized,localized,Medium,,yes,/assets/og/vi-symbol-infinity.png,yes,,n/a,,OG present,
https://ultratextgen.com/vi/symbol/multiplication-sign/,localized,localized,Medium,,yes,/assets/og/vi-symbol-multiplication-sign.png,yes,,n/a,,OG present,
https://ultratextgen.com/vi/symbol/quotation-mark/,localized,localized,Medium,,yes,/assets/og/vi-symbol-quotation-mark.png,yes,,n/a,,OG present,
https://ultratextgen.com/vi/symbol/square-root/,localized,localized,Medium,,yes,/assets/og/vi-symbol-square-root.png,yes,,n/a,,OG present,
https://ultratextgen.com/vi/symbol/squared-cubed/,localized,localized,Medium,,yes,/assets/og/vi-symbol-squared-cubed.png,yes,,n/a,,OG present,
https://ultratextgen.com/vi/usecase/dich-emoji/,localized,localized,Medium,,yes,/assets/og/vi-usecase-dich-emoji.png,yes,/assets/hero/vi-usecase-dich-emoji.svg,yes,,OG triple completed; hero set decorative,
https://ultratextgen.com/vi/usecase/nick-ff/,localized,localized,Medium,,yes,/assets/og/vi-usecase-nick-ff.png,yes,/assets/hero/vi-usecase-nick-ff.svg,yes,,OG triple completed; hero set decorative,
https://ultratextgen.com/vi/usecase/ten-game-hay/,localized,localized,Medium,,yes,/assets/og/vi-usecase-ten-game-hay.png,yes,/assets/hero/vi-usecase-ten-game-hay.svg,yes,,OG triple completed; hero set decorative,
https://ultratextgen.com/vi/usecase/ten-lien-quan-dep/,localized,localized,Medium,,yes,/assets/og/vi-usecase-ten-lien-quan-dep.png,yes,/assets/hero/vi-usecase-ten-lien-quan-dep.svg,yes,,OG triple completed; hero set decorative,
https://ultratextgen.com/vi/usecase/ten-pubg-dep/,localized,localized,Medium,,yes,/assets/og/vi-usecase-ten-pubg-dep.png,yes,/assets/hero/vi-usecase-ten-pubg-dep.svg,yes,,OG triple completed; hero set decorative,
https://ultratextgen.com/vi/usecase/ten-quan-doan-ff/,localized,localized,Medium,,yes,/assets/og/vi-usecase-ten-quan-doan-ff.png,yes,/assets/hero/vi-usecase-ten-quan-doan-ff.svg,yes,,OG triple completed; hero set decorative,
https://ultratextgen.com/vi/usecase/vertical-text/,localized,localized,Medium,,yes,/assets/og/vi-usecase-vertical-text.png,yes,/assets/hero/vi-usecase-vertical-text.svg,yes,,OG triple completed; hero set decorative,
https://ultratextgen.com/vi/usecase/zalgo-text/,localized,localized,Medium,,yes,/assets/og/vi-usecase-zalgo-text.png,yes,/assets/hero/vi-usecase-zalgo-text.svg,yes,,OG triple completed; hero set decorative,
https://ultratextgen.com/zh-tw/da-xiao-xie-zhuanhuan/,localized,localized,Medium,,yes,/assets/og/zh-tw-da-xiao-xie-zhuanhuan.png,yes,/assets/hero/zh-tw-da-xiao-xie-zhuanhuan.svg,yes,,OG triple completed; hero set decorative,
https://ultratextgen.com/zh-tw/guide/discord-anquan-nicheng/,localized,localized,Medium,,yes,/assets/og/zh-tw-guide-discord-anquan-nicheng.png,yes,,n/a,,OG triple completed,
https://ultratextgen.com/zh-tw/guide/discord-wenzi-geshi/,localized,localized,Medium,,yes,/assets/og/zh-tw-guide-discord-wenzi-geshi.png,yes,,n/a,,OG triple completed,
https://ultratextgen.com/zh-tw/guide/discord-ziti-nali-nengyong/,localized,localized,Medium,,yes,/assets/og/zh-tw-guide-discord-ziti-nali-nengyong.png,yes,,n/a,,OG triple completed,
https://ultratextgen.com/zh-tw/guide/,localized,localized,Medium,,yes,/assets/og/zh-tw-guide.png,yes,,n/a,,OG triple completed,
https://ultratextgen.com/zh-tw/,localized,localized,Medium,,yes,/assets/og/zh-tw.png,yes,/assets/hero/zh-tw.svg,yes,,OG triple completed; hero set decorative,
https://ultratextgen.com/zh-tw/library/cat-kaomoji/,localized,localized,Medium,,yes,/assets/og/zh-tw-library-cat-kaomoji.png,yes,/assets/hero/zh-tw-library-cat-kaomoji.svg,yes,,OG triple completed; hero set decorative,
https://ultratextgen.com/zh-tw/library/crying-kaomoji/,localized,localized,Medium,,yes,/assets/og/zh-tw-library-crying-kaomoji.png,yes,/assets/hero/zh-tw-library-crying-kaomoji.svg,yes,,OG triple completed; hero set decorative,
https://ultratextgen.com/zh-tw/library/cute-kaomoji/,localized,localized,Medium,,yes,/assets/og/zh-tw-library-cute-kaomoji.png,yes,/assets/hero/zh-tw-library-cute-kaomoji.svg,yes,,OG triple completed; hero set decorative,
https://ultratextgen.com/zh-tw/library/divider-kaomoji/,localized,localized,Medium,,yes,/assets/og/zh-tw-library-divider-kaomoji.png,yes,/assets/hero/zh-tw-library-divider-kaomoji.svg,yes,,OG triple completed; hero set decorative,
https://ultratextgen.com/zh-tw/library/facebook-fuhao/,localized,localized,Medium,,yes,/assets/og/zh-tw-library-facebook-fuhao.png,yes,/assets/hero/zh-tw-library-facebook-fuhao.svg,yes,,OG triple completed; hero set decorative,
https://ultratextgen.com/zh-tw/library/happy-kaomoji/,localized,localized,Medium,,yes,/assets/og/zh-tw-library-happy-kaomoji.png,yes,/assets/hero/zh-tw-library-happy-kaomoji.svg,yes,,OG triple completed; hero set decorative,
https://ultratextgen.com/zh-tw/library/heart-kaomoji/,localized,localized,Medium,,yes,/assets/og/zh-tw-library-heart-kaomoji.png,yes,/assets/hero/zh-tw-library-heart-kaomoji.svg,yes,,OG triple completed; hero set decorative,
https://ultratextgen.com/zh-tw/library/kaomoji/,localized,localized,Medium,,yes,/assets/og/zh-tw-library-kaomoji.png,yes,/assets/hero/zh-tw-library-kaomoji.svg,yes,,OG triple completed; hero set decorative,
https://ultratextgen.com/zh-tw/library/kongbai-fuhao/,localized,localized,Medium,,yes,/assets/og/zh-tw-library-kongbai-fuhao.png,yes,/assets/hero/zh-tw-library-kongbai-fuhao.svg,yes,,OG triple completed; hero set decorative,
https://ultratextgen.com/zh-tw/library/love-kaomoji/,localized,localized,Medium,,yes,/assets/og/zh-tw-library-love-kaomoji.png,yes,/assets/hero/zh-tw-library-love-kaomoji.svg,yes,,OG triple completed; hero set decorative,
https://ultratextgen.com/zh-tw/library/sad-kaomoji/,localized,localized,Medium,,yes,/assets/og/zh-tw-library-sad-kaomoji.png,yes,/assets/hero/zh-tw-library-sad-kaomoji.svg,yes,,OG triple completed; hero set decorative,
https://ultratextgen.com/zh-tw/library/shrug-kaomoji/,localized,localized,Medium,,yes,/assets/og/zh-tw-library-shrug-kaomoji.png,yes,/assets/hero/zh-tw-library-shrug-kaomoji.svg,yes,,OG triple completed; hero set decorative,
https://ultratextgen.com/zh-tw/library/xingzuo-fuhao/,localized,localized,Medium,,yes,/assets/og/zh-tw-library-xingzuo-fuhao.png,yes,/assets/hero/zh-tw-library-xingzuo-fuhao.svg,yes,,OG triple completed; hero set decorative,
https://ultratextgen.com/zh-tw/usecase/chuanshuo-duijue-mingzi-fuhao/,localized,localized,Medium,,yes,/assets/og/zh-tw-usecase-chuanshuo-duijue-mingzi-fuhao.png,yes,/assets/hero/zh-tw-usecase-chuanshuo-duijue-mingzi-fuhao.svg,yes,,OG triple completed; hero set decorative,
https://ultratextgen.com/zh-tw/usecase/ciqing-ziti/,localized,localized,Medium,,yes,/assets/og/zh-tw-usecase-ciqing-ziti.png,yes,/assets/hero/zh-tw-usecase-ciqing-ziti.svg,yes,,OG triple completed; hero set decorative,
https://ultratextgen.com/zh-tw/usecase/youxi-mingzi-fuhao/,localized,localized,Medium,,yes,/assets/og/zh-tw-usecase-youxi-mingzi-fuhao.png,yes,/assets/hero/zh-tw-usecase-youxi-mingzi-fuhao.svg,yes,,OG triple completed; hero set decorative,
https://ultratextgen.com/zh-tw/yingwen-ziti/,localized,localized,Medium,,yes,/assets/og/zh-tw-yingwen-ziti.png,yes,/assets/hero/zh-tw-yingwen-ziti.svg,yes,,OG triple completed; hero set decorative,
https://ultratextgen.com/embed/bio-font-generator/,embed,embed,Lower,,yes,/assets/og/embed-bio-font-generator.png,yes,/assets/hero/embed-bio-font-generator.svg,yes,,OG triple completed; hero set decorative,
https://ultratextgen.com/embed/character-counter/,embed,embed,Lower,,yes,/assets/og/embed-character-counter.png,yes,/assets/hero/embed-character-counter.svg,yes,,OG triple completed; hero set decorative,
https://ultratextgen.com/embed/linkedin-headline-generator/,embed,embed,Lower,,yes,/assets/og/embed-linkedin-headline-generator.png,yes,/assets/hero/embed-linkedin-headline-generator.svg,yes,,OG triple completed; hero set decorative,
https://ultratextgen.com/embed/name-checker/,embed,embed,Lower,,yes,/assets/og/embed-name-checker.png,yes,/assets/hero/embed-name-checker.svg,yes,,OG triple completed; hero set decorative,
https://ultratextgen.com/embed/nickname-generator/,embed,embed,Lower,,yes,/assets/og/embed-nickname-generator.png,yes,/assets/hero/embed-nickname-generator.svg,yes,,OG triple completed; hero set decorative,
https://ultratextgen.com/embed/zalgo-text-generator/,embed,embed,Lower,,yes,/assets/og/embed-zalgo-text-generator.png,yes,/assets/hero/embed-zalgo-text-generator.svg,yes,,OG triple completed; hero set decorative,
https://ultratextgen.com/events/chinese-new-year/,events,events,Lower,,yes,/assets/og/events-chinese-new-year.png,yes,/assets/hero/events-chinese-new-year.svg,yes,,OG triple completed; hero set decorative,
https://ultratextgen.com/events/christmas/,events,events,Lower,,yes,/assets/og/events-christmas.png,yes,/assets/hero/events-christmas.svg,yes,,OG triple completed; hero set decorative,
https://ultratextgen.com/events/diwali/,events,events,Lower,,yes,/assets/og/events-diwali.png,yes,/assets/hero/events-diwali.svg,yes,,OG triple completed; hero set decorative,
https://ultratextgen.com/events/eid-mubarak/,events,events,Lower,,yes,/assets/og/events-eid-mubarak.png,yes,/assets/hero/events-eid-mubarak.svg,yes,,OG triple completed; hero set decorative,
https://ultratextgen.com/events/fathers-day/,events,events,Lower,,yes,/assets/og/events-fathers-day.png,yes,/assets/hero/events-fathers-day.svg,yes,,OG triple completed; hero set decorative,
https://ultratextgen.com/events/halloween/,events,events,Lower,,yes,/assets/og/events-halloween.png,yes,/assets/hero/events-halloween.svg,yes,,OG triple completed; hero set decorative,
https://ultratextgen.com/events/mothers-day/,events,events,Lower,,yes,/assets/og/events-mothers-day.png,yes,/assets/hero/events-mothers-day.svg,yes,,OG triple completed; hero set decorative,
https://ultratextgen.com/events/new-year/,events,events,Lower,,yes,/assets/og/events-new-year.png,yes,/assets/hero/events-new-year.svg,yes,,OG triple completed; hero set decorative,
https://ultratextgen.com/events/valentines-day/,events,events,Lower,,yes,/assets/og/events-valentines-day.png,yes,/assets/hero/events-valentines-day.svg,yes,,OG triple completed; hero set decorative,
https://ultratextgen.com/learn/handwriting/cursive-when-and-how/,learn,learn,Lower,,yes,/assets/og/learn-handwriting-cursive-when-and-how.png,yes,/assets/hero/learn-handwriting-cursive-when-and-how.svg,no,Cursive: When to Start and Which Letters to Teach First — handwriting guide,OG triple completed,
https://ultratextgen.com/learn/handwriting/from-tracing-to-writing/,learn,learn,Lower,,yes,/assets/og/learn-handwriting-from-tracing-to-writing.png,yes,/assets/hero/learn-handwriting-from-tracing-to-writing.svg,no,From Tracing to Writing: The 7-Step Fading Ladder — handwriting guide,OG triple completed,
https://ultratextgen.com/learn/handwriting/,learn,learn,Lower,,yes,/assets/og/learn-handwriting.png,yes,/assets/hero/learn-handwriting.svg,no,"Teaching handwriting stage by stage — readiness, stroke order, fading support, cursive",OG triple completed,
https://ultratextgen.com/learn/handwriting/stroke-order-and-start-dots/,learn,learn,Lower,,yes,/assets/og/learn-handwriting-stroke-order-and-start-dots.png,yes,/assets/hero/learn-handwriting-stroke-order-and-start-dots.svg,no,"Stroke Order, Start Dots & Arrows: Why How You Trace Matters — handwriting guide",OG triple completed,
https://ultratextgen.com/learn/handwriting/when-to-start-handwriting/,learn,learn,Lower,,yes,/assets/og/learn-handwriting-when-to-start-handwriting.png,yes,/assets/hero/learn-handwriting-when-to-start-handwriting.svg,no,When Should a Child Start Handwriting? — handwriting guide,OG triple completed,
https://ultratextgen.com/printables/alphabet-coloring-pages/,printables,printables,Lower,,yes,/assets/og/printables-alphabet-coloring-pages.png,yes,/assets/hero/printables-alphabet-coloring-pages.svg,yes,,OG triple completed; hero set decorative,
https://ultratextgen.com/printables/alphabet-coloring-pages/letter-a/,printables,printables,Lower,,yes,/assets/og/printables-alphabet-coloring-pages-letter-a.png,yes,/assets/hero/printables-alphabet-coloring-pages-letter-a.svg,yes,,OG triple completed; hero set decorative,
https://ultratextgen.com/printables/alphabet-coloring-pages/letter-b/,printables,printables,Lower,,yes,/assets/og/printables-alphabet-coloring-pages-letter-b.png,yes,/assets/hero/printables-alphabet-coloring-pages-letter-b.svg,yes,,OG triple completed; hero set decorative,
https://ultratextgen.com/printables/alphabet-coloring-pages/letter-c/,printables,printables,Lower,,yes,/assets/og/printables-alphabet-coloring-pages-letter-c.png,yes,/assets/hero/printables-alphabet-coloring-pages-letter-c.svg,yes,,OG triple completed; hero set decorative,
https://ultratextgen.com/printables/alphabet-coloring-pages/letter-d/,printables,printables,Lower,,yes,/assets/og/printables-alphabet-coloring-pages-letter-d.png,yes,/assets/hero/printables-alphabet-coloring-pages-letter-d.svg,yes,,OG triple completed; hero set decorative,
https://ultratextgen.com/printables/alphabet-coloring-pages/letter-e/,printables,printables,Lower,,yes,/assets/og/printables-alphabet-coloring-pages-letter-e.png,yes,/assets/hero/printables-alphabet-coloring-pages-letter-e.svg,yes,,OG triple completed; hero set decorative,
https://ultratextgen.com/printables/alphabet-coloring-pages/letter-f/,printables,printables,Lower,,yes,/assets/og/printables-alphabet-coloring-pages-letter-f.png,yes,/assets/hero/printables-alphabet-coloring-pages-letter-f.svg,yes,,OG triple completed; hero set decorative,
https://ultratextgen.com/printables/alphabet-coloring-pages/letter-g/,printables,printables,Lower,,yes,/assets/og/printables-alphabet-coloring-pages-letter-g.png,yes,/assets/hero/printables-alphabet-coloring-pages-letter-g.svg,yes,,OG triple completed; hero set decorative,
https://ultratextgen.com/printables/alphabet-coloring-pages/letter-h/,printables,printables,Lower,,yes,/assets/og/printables-alphabet-coloring-pages-letter-h.png,yes,/assets/hero/printables-alphabet-coloring-pages-letter-h.svg,yes,,OG triple completed; hero set decorative,
https://ultratextgen.com/printables/alphabet-coloring-pages/letter-i/,printables,printables,Lower,,yes,/assets/og/printables-alphabet-coloring-pages-letter-i.png,yes,/assets/hero/printables-alphabet-coloring-pages-letter-i.svg,yes,,OG triple completed; hero set decorative,
https://ultratextgen.com/printables/alphabet-coloring-pages/letter-j/,printables,printables,Lower,,yes,/assets/og/printables-alphabet-coloring-pages-letter-j.png,yes,/assets/hero/printables-alphabet-coloring-pages-letter-j.svg,yes,,OG triple completed; hero set decorative,
https://ultratextgen.com/printables/alphabet-coloring-pages/letter-k/,printables,printables,Lower,,yes,/assets/og/printables-alphabet-coloring-pages-letter-k.png,yes,/assets/hero/printables-alphabet-coloring-pages-letter-k.svg,yes,,OG triple completed; hero set decorative,
https://ultratextgen.com/printables/alphabet-coloring-pages/letter-l/,printables,printables,Lower,,yes,/assets/og/printables-alphabet-coloring-pages-letter-l.png,yes,/assets/hero/printables-alphabet-coloring-pages-letter-l.svg,yes,,OG triple completed; hero set decorative,
https://ultratextgen.com/printables/alphabet-coloring-pages/letter-m/,printables,printables,Lower,,yes,/assets/og/printables-alphabet-coloring-pages-letter-m.png,yes,/assets/hero/printables-alphabet-coloring-pages-letter-m.svg,yes,,OG triple completed; hero set decorative,
https://ultratextgen.com/printables/alphabet-coloring-pages/letter-n/,printables,printables,Lower,,yes,/assets/og/printables-alphabet-coloring-pages-letter-n.png,yes,/assets/hero/printables-alphabet-coloring-pages-letter-n.svg,yes,,OG triple completed; hero set decorative,
https://ultratextgen.com/printables/alphabet-coloring-pages/letter-o/,printables,printables,Lower,,yes,/assets/og/printables-alphabet-coloring-pages-letter-o.png,yes,/assets/hero/printables-alphabet-coloring-pages-letter-o.svg,yes,,OG triple completed; hero set decorative,
https://ultratextgen.com/printables/alphabet-coloring-pages/letter-p/,printables,printables,Lower,,yes,/assets/og/printables-alphabet-coloring-pages-letter-p.png,yes,/assets/hero/printables-alphabet-coloring-pages-letter-p.svg,yes,,OG triple completed; hero set decorative,
https://ultratextgen.com/printables/alphabet-coloring-pages/letter-q/,printables,printables,Lower,,yes,/assets/og/printables-alphabet-coloring-pages-letter-q.png,yes,/assets/hero/printables-alphabet-coloring-pages-letter-q.svg,yes,,OG triple completed; hero set decorative,
https://ultratextgen.com/printables/alphabet-coloring-pages/letter-r/,printables,printables,Lower,,yes,/assets/og/printables-alphabet-coloring-pages-letter-r.png,yes,/assets/hero/printables-alphabet-coloring-pages-letter-r.svg,yes,,OG triple completed; hero set decorative,
https://ultratextgen.com/printables/alphabet-coloring-pages/letter-s/,printables,printables,Lower,,yes,/assets/og/printables-alphabet-coloring-pages-letter-s.png,yes,/assets/hero/printables-alphabet-coloring-pages-letter-s.svg,yes,,OG triple completed; hero set decorative,
https://ultratextgen.com/printables/alphabet-coloring-pages/letter-t/,printables,printables,Lower,,yes,/assets/og/printables-alphabet-coloring-pages-letter-t.png,yes,/assets/hero/printables-alphabet-coloring-pages-letter-t.svg,yes,,OG triple completed; hero set decorative,
https://ultratextgen.com/printables/alphabet-coloring-pages/letter-u/,printables,printables,Lower,,yes,/assets/og/printables-alphabet-coloring-pages-letter-u.png,yes,/assets/hero/printables-alphabet-coloring-pages-letter-u.svg,yes,,OG triple completed; hero set decorative,
https://ultratextgen.com/printables/alphabet-coloring-pages/letter-v/,printables,printables,Lower,,yes,/assets/og/printables-alphabet-coloring-pages-letter-v.png,yes,/assets/hero/printables-alphabet-coloring-pages-letter-v.svg,yes,,OG triple completed; hero set decorative,
https://ultratextgen.com/printables/alphabet-coloring-pages/letter-w/,printables,printables,Lower,,yes,/assets/og/printables-alphabet-coloring-pages-letter-w.png,yes,/assets/hero/printables-alphabet-coloring-pages-letter-w.svg,yes,,OG triple completed; hero set decorative,
https://ultratextgen.com/printables/alphabet-coloring-pages/letter-x/,printables,printables,Lower,,yes,/assets/og/printables-alphabet-coloring-pages-letter-x.png,yes,/assets/hero/printables-alphabet-coloring-pages-letter-x.svg,yes,,OG triple completed; hero set decorative,
https://ultratextgen.com/printables/alphabet-coloring-pages/letter-y/,printables,printables,Lower,,yes,/assets/og/printables-alphabet-coloring-pages-letter-y.png,yes,/assets/hero/printables-alphabet-coloring-pages-letter-y.svg,yes,,OG triple completed; hero set decorative,
https://ultratextgen.com/printables/alphabet-coloring-pages/letter-z/,printables,printables,Lower,,yes,/assets/og/printables-alphabet-coloring-pages-letter-z.png,yes,/assets/hero/printables-alphabet-coloring-pages-letter-z.svg,yes,,OG triple completed; hero set decorative,
https://ultratextgen.com/printables/alphabet-coloring-pages/number-0/,printables,printables,Lower,,yes,/assets/og/printables-alphabet-coloring-pages.png,yes,,n/a,,OG triple completed,
https://ultratextgen.com/printables/alphabet-coloring-pages/number-1/,printables,printables,Lower,,yes,/assets/og/printables-alphabet-coloring-pages.png,yes,,n/a,,OG triple completed,
https://ultratextgen.com/printables/alphabet-coloring-pages/number-2/,printables,printables,Lower,,yes,/assets/og/printables-alphabet-coloring-pages.png,yes,,n/a,,OG triple completed,
https://ultratextgen.com/printables/alphabet-coloring-pages/number-3/,printables,printables,Lower,,yes,/assets/og/printables-alphabet-coloring-pages.png,yes,,n/a,,OG triple completed,
https://ultratextgen.com/printables/alphabet-coloring-pages/number-4/,printables,printables,Lower,,yes,/assets/og/printables-alphabet-coloring-pages.png,yes,,n/a,,OG triple completed,
https://ultratextgen.com/printables/alphabet-coloring-pages/number-5/,printables,printables,Lower,,yes,/assets/og/printables-alphabet-coloring-pages.png,yes,,n/a,,OG triple completed,
https://ultratextgen.com/printables/alphabet-coloring-pages/number-6/,printables,printables,Lower,,yes,/assets/og/printables-alphabet-coloring-pages.png,yes,,n/a,,OG triple completed,
https://ultratextgen.com/printables/alphabet-coloring-pages/number-7/,printables,printables,Lower,,yes,/assets/og/printables-alphabet-coloring-pages.png,yes,,n/a,,OG triple completed,
https://ultratextgen.com/printables/alphabet-coloring-pages/number-8/,printables,printables,Lower,,yes,/assets/og/printables-alphabet-coloring-pages.png,yes,,n/a,,OG triple completed,
https://ultratextgen.com/printables/alphabet-coloring-pages/number-9/,printables,printables,Lower,,yes,/assets/og/printables-alphabet-coloring-pages.png,yes,,n/a,,OG triple completed,
https://ultratextgen.com/printables/banner-maker/,printables,printables,Lower,,yes,/assets/og/printables-banner-maker.png,yes,/assets/hero/printables-banner-maker.svg,yes,,OG triple completed; hero set decorative,
https://ultratextgen.com/printables/best-friend-in-cursive/,printables,printables,Lower,,yes,/assets/og/printables-best-friend-in-cursive.png,yes,,n/a,,OG triple completed,
https://ultratextgen.com/printables/block-letters/,printables,printables,Lower,,yes,/assets/og/printables-block-letters.png,yes,/assets/hero/printables-block-letters.svg,yes,,OG triple completed; hero set decorative,
https://ultratextgen.com/printables/block-letters/letter-a/,printables,printables,Lower,,yes,/assets/og/printables-block-letters.png,yes,,n/a,,OG triple completed,
https://ultratextgen.com/printables/block-letters/letter-b/,printables,printables,Lower,,yes,/assets/og/printables-block-letters.png,yes,,n/a,,OG triple completed,
https://ultratextgen.com/printables/block-letters/letter-c/,printables,printables,Lower,,yes,/assets/og/printables-block-letters.png,yes,,n/a,,OG triple completed,
https://ultratextgen.com/printables/block-letters/letter-d/,printables,printables,Lower,,yes,/assets/og/printables-block-letters.png,yes,,n/a,,OG triple completed,
https://ultratextgen.com/printables/block-letters/letter-e/,printables,printables,Lower,,yes,/assets/og/printables-block-letters.png,yes,,n/a,,OG triple completed,
https://ultratextgen.com/printables/block-letters/letter-f/,printables,printables,Lower,,yes,/assets/og/printables-block-letters.png,yes,,n/a,,OG triple completed,
https://ultratextgen.com/printables/block-letters/letter-g/,printables,printables,Lower,,yes,/assets/og/printables-block-letters.png,yes,,n/a,,OG triple completed,
https://ultratextgen.com/printables/block-letters/letter-h/,printables,printables,Lower,,yes,/assets/og/printables-block-letters.png,yes,,n/a,,OG triple completed,
https://ultratextgen.com/printables/block-letters/letter-i/,printables,printables,Lower,,yes,/assets/og/printables-block-letters.png,yes,,n/a,,OG triple completed,
https://ultratextgen.com/printables/block-letters/letter-j/,printables,printables,Lower,,yes,/assets/og/printables-block-letters.png,yes,,n/a,,OG triple completed,
https://ultratextgen.com/printables/block-letters/letter-k/,printables,printables,Lower,,yes,/assets/og/printables-block-letters.png,yes,,n/a,,OG triple completed,
https://ultratextgen.com/printables/block-letters/letter-l/,printables,printables,Lower,,yes,/assets/og/printables-block-letters.png,yes,,n/a,,OG triple completed,
https://ultratextgen.com/printables/block-letters/letter-m/,printables,printables,Lower,,yes,/assets/og/printables-block-letters.png,yes,,n/a,,OG triple completed,
https://ultratextgen.com/printables/block-letters/letter-n/,printables,printables,Lower,,yes,/assets/og/printables-block-letters.png,yes,,n/a,,OG triple completed,
https://ultratextgen.com/printables/block-letters/letter-o/,printables,printables,Lower,,yes,/assets/og/printables-block-letters.png,yes,,n/a,,OG triple completed,
https://ultratextgen.com/printables/block-letters/letter-p/,printables,printables,Lower,,yes,/assets/og/printables-block-letters.png,yes,,n/a,,OG triple completed,
https://ultratextgen.com/printables/block-letters/letter-q/,printables,printables,Lower,,yes,/assets/og/printables-block-letters.png,yes,,n/a,,OG triple completed,
https://ultratextgen.com/printables/block-letters/letter-r/,printables,printables,Lower,,yes,/assets/og/printables-block-letters.png,yes,,n/a,,OG triple completed,
https://ultratextgen.com/printables/block-letters/letter-s/,printables,printables,Lower,,yes,/assets/og/printables-block-letters.png,yes,,n/a,,OG triple completed,
https://ultratextgen.com/printables/block-letters/letter-t/,printables,printables,Lower,,yes,/assets/og/printables-block-letters.png,yes,,n/a,,OG triple completed,
https://ultratextgen.com/printables/block-letters/letter-u/,printables,printables,Lower,,yes,/assets/og/printables-block-letters.png,yes,,n/a,,OG triple completed,
https://ultratextgen.com/printables/block-letters/letter-v/,printables,printables,Lower,,yes,/assets/og/printables-block-letters.png,yes,,n/a,,OG triple completed,
https://ultratextgen.com/printables/block-letters/letter-w/,printables,printables,Lower,,yes,/assets/og/printables-block-letters.png,yes,,n/a,,OG triple completed,
https://ultratextgen.com/printables/block-letters/letter-x/,printables,printables,Lower,,yes,/assets/og/printables-block-letters.png,yes,,n/a,,OG triple completed,
https://ultratextgen.com/printables/block-letters/letter-y/,printables,printables,Lower,,yes,/assets/og/printables-block-letters.png,yes,,n/a,,OG triple completed,
https://ultratextgen.com/printables/block-letters/letter-z/,printables,printables,Lower,,yes,/assets/og/printables-block-letters.png,yes,,n/a,,OG triple completed,
https://ultratextgen.com/printables/block-letters/number-0/,printables,printables,Lower,,yes,/assets/og/printables-block-letters.png,yes,,n/a,,OG triple completed,
https://ultratextgen.com/printables/block-letters/number-1/,printables,printables,Lower,,yes,/assets/og/printables-block-letters.png,yes,,n/a,,OG triple completed,
https://ultratextgen.com/printables/block-letters/number-2/,printables,printables,Lower,,yes,/assets/og/printables-block-letters.png,yes,,n/a,,OG triple completed,
https://ultratextgen.com/printables/block-letters/number-3/,printables,printables,Lower,,yes,/assets/og/printables-block-letters.png,yes,,n/a,,OG triple completed,
https://ultratextgen.com/printables/block-letters/number-4/,printables,printables,Lower,,yes,/assets/og/printables-block-letters.png,yes,,n/a,,OG triple completed,
https://ultratextgen.com/printables/block-letters/number-5/,printables,printables,Lower,,yes,/assets/og/printables-block-letters.png,yes,,n/a,,OG triple completed,
https://ultratextgen.com/printables/block-letters/number-6/,printables,printables,Lower,,yes,/assets/og/printables-block-letters.png,yes,,n/a,,OG triple completed,
https://ultratextgen.com/printables/block-letters/number-7/,printables,printables,Lower,,yes,/assets/og/printables-block-letters.png,yes,,n/a,,OG triple completed,
https://ultratextgen.com/printables/block-letters/number-8/,printables,printables,Lower,,yes,/assets/og/printables-block-letters.png,yes,,n/a,,OG triple completed,
https://ultratextgen.com/printables/block-letters/number-9/,printables,printables,Lower,,yes,/assets/og/printables-block-letters.png,yes,,n/a,,OG triple completed,
https://ultratextgen.com/printables/bubble-letters/,printables,printables,Lower,,yes,/assets/og/printables-bubble-letters.png,yes,/assets/hero/printables-bubble-letters.svg,yes,,OG triple completed; hero set decorative,
https://ultratextgen.com/printables/bubble-letters/letter-a/,printables,printables,Lower,,yes,/assets/og/printables-bubble-letters-letter-a.png,yes,/assets/hero/printables-bubble-letters-letter-a.svg,yes,,OG triple completed; hero set decorative,
https://ultratextgen.com/printables/bubble-letters/letter-b/,printables,printables,Lower,,yes,/assets/og/printables-bubble-letters-letter-b.png,yes,/assets/hero/printables-bubble-letters-letter-b.svg,yes,,OG triple completed; hero set decorative,
https://ultratextgen.com/printables/bubble-letters/letter-c/,printables,printables,Lower,,yes,/assets/og/printables-bubble-letters-letter-c.png,yes,/assets/hero/printables-bubble-letters-letter-c.svg,yes,,OG triple completed; hero set decorative,
https://ultratextgen.com/printables/bubble-letters/letter-d/,printables,printables,Lower,,yes,/assets/og/printables-bubble-letters-letter-d.png,yes,/assets/hero/printables-bubble-letters-letter-d.svg,yes,,OG triple completed; hero set decorative,
https://ultratextgen.com/printables/bubble-letters/letter-e/,printables,printables,Lower,,yes,/assets/og/printables-bubble-letters-letter-e.png,yes,/assets/hero/printables-bubble-letters-letter-e.svg,yes,,OG triple completed; hero set decorative,
https://ultratextgen.com/printables/bubble-letters/letter-f/,printables,printables,Lower,,yes,/assets/og/printables-bubble-letters-letter-f.png,yes,/assets/hero/printables-bubble-letters-letter-f.svg,yes,,OG triple completed; hero set decorative,
https://ultratextgen.com/printables/bubble-letters/letter-g/,printables,printables,Lower,,yes,/assets/og/printables-bubble-letters-letter-g.png,yes,/assets/hero/printables-bubble-letters-letter-g.svg,yes,,OG triple completed; hero set decorative,
https://ultratextgen.com/printables/bubble-letters/letter-h/,printables,printables,Lower,,yes,/assets/og/printables-bubble-letters-letter-h.png,yes,/assets/hero/printables-bubble-letters-letter-h.svg,yes,,OG triple completed; hero set decorative,
https://ultratextgen.com/printables/bubble-letters/letter-i/,printables,printables,Lower,,yes,/assets/og/printables-bubble-letters-letter-i.png,yes,/assets/hero/printables-bubble-letters-letter-i.svg,yes,,OG triple completed; hero set decorative,
https://ultratextgen.com/printables/bubble-letters/letter-j/,printables,printables,Lower,,yes,/assets/og/printables-bubble-letters-letter-j.png,yes,/assets/hero/printables-bubble-letters-letter-j.svg,yes,,OG triple completed; hero set decorative,
https://ultratextgen.com/printables/bubble-letters/letter-k/,printables,printables,Lower,,yes,/assets/og/printables-bubble-letters-letter-k.png,yes,/assets/hero/printables-bubble-letters-letter-k.svg,yes,,OG triple completed; hero set decorative,
https://ultratextgen.com/printables/bubble-letters/letter-l/,printables,printables,Lower,,yes,/assets/og/printables-bubble-letters-letter-l.png,yes,/assets/hero/printables-bubble-letters-letter-l.svg,yes,,OG triple completed; hero set decorative,
https://ultratextgen.com/printables/bubble-letters/letter-m/,printables,printables,Lower,,yes,/assets/og/printables-bubble-letters-letter-m.png,yes,/assets/hero/printables-bubble-letters-letter-m.svg,yes,,OG triple completed; hero set decorative,
https://ultratextgen.com/printables/bubble-letters/letter-n/,printables,printables,Lower,,yes,/assets/og/printables-bubble-letters-letter-n.png,yes,/assets/hero/printables-bubble-letters-letter-n.svg,yes,,OG triple completed; hero set decorative,
https://ultratextgen.com/printables/bubble-letters/letter-o/,printables,printables,Lower,,yes,/assets/og/printables-bubble-letters-letter-o.png,yes,/assets/hero/printables-bubble-letters-letter-o.svg,yes,,OG triple completed; hero set decorative,
https://ultratextgen.com/printables/bubble-letters/letter-p/,printables,printables,Lower,,yes,/assets/og/printables-bubble-letters-letter-p.png,yes,/assets/hero/printables-bubble-letters-letter-p.svg,yes,,OG triple completed; hero set decorative,
https://ultratextgen.com/printables/bubble-letters/letter-q/,printables,printables,Lower,,yes,/assets/og/printables-bubble-letters-letter-q.png,yes,/assets/hero/printables-bubble-letters-letter-q.svg,yes,,OG triple completed; hero set decorative,
https://ultratextgen.com/printables/bubble-letters/letter-r/,printables,printables,Lower,,yes,/assets/og/printables-bubble-letters-letter-r.png,yes,/assets/hero/printables-bubble-letters-letter-r.svg,yes,,OG triple completed; hero set decorative,
https://ultratextgen.com/printables/bubble-letters/letter-s/,printables,printables,Lower,,yes,/assets/og/printables-bubble-letters-letter-s.png,yes,/assets/hero/printables-bubble-letters-letter-s.svg,yes,,OG triple completed; hero set decorative,
https://ultratextgen.com/printables/bubble-letters/letter-t/,printables,printables,Lower,,yes,/assets/og/printables-bubble-letters-letter-t.png,yes,/assets/hero/printables-bubble-letters-letter-t.svg,yes,,OG triple completed; hero set decorative,
https://ultratextgen.com/printables/bubble-letters/letter-u/,printables,printables,Lower,,yes,/assets/og/printables-bubble-letters-letter-u.png,yes,/assets/hero/printables-bubble-letters-letter-u.svg,yes,,OG triple completed; hero set decorative,
https://ultratextgen.com/printables/bubble-letters/letter-v/,printables,printables,Lower,,yes,/assets/og/printables-bubble-letters-letter-v.png,yes,/assets/hero/printables-bubble-letters-letter-v.svg,yes,,OG triple completed; hero set decorative,
https://ultratextgen.com/printables/bubble-letters/letter-w/,printables,printables,Lower,,yes,/assets/og/printables-bubble-letters-letter-w.png,yes,/assets/hero/printables-bubble-letters-letter-w.svg,yes,,OG triple completed; hero set decorative,
https://ultratextgen.com/printables/bubble-letters/letter-x/,printables,printables,Lower,,yes,/assets/og/printables-bubble-letters-letter-x.png,yes,/assets/hero/printables-bubble-letters-letter-x.svg,yes,,OG triple completed; hero set decorative,
https://ultratextgen.com/printables/bubble-letters/letter-y/,printables,printables,Lower,,yes,/assets/og/printables-bubble-letters-letter-y.png,yes,/assets/hero/printables-bubble-letters-letter-y.svg,yes,,OG triple completed; hero set decorative,
https://ultratextgen.com/printables/bubble-letters/letter-z/,printables,printables,Lower,,yes,/assets/og/printables-bubble-letters-letter-z.png,yes,/assets/hero/printables-bubble-letters-letter-z.svg,yes,,OG triple completed; hero set decorative,
https://ultratextgen.com/printables/bubble-letters/number-0/,printables,printables,Lower,,yes,/assets/og/category-bubble-fonts.png,yes,,n/a,,OG triple completed,
https://ultratextgen.com/printables/bubble-letters/number-1/,printables,printables,Lower,,yes,/assets/og/category-bubble-fonts.png,yes,,n/a,,OG triple completed,
https://ultratextgen.com/printables/bubble-letters/number-2/,printables,printables,Lower,,yes,/assets/og/category-bubble-fonts.png,yes,,n/a,,OG triple completed,
https://ultratextgen.com/printables/bubble-letters/number-3/,printables,printables,Lower,,yes,/assets/og/category-bubble-fonts.png,yes,,n/a,,OG triple completed,
https://ultratextgen.com/printables/bubble-letters/number-4/,printables,printables,Lower,,yes,/assets/og/category-bubble-fonts.png,yes,,n/a,,OG triple completed,
https://ultratextgen.com/printables/bubble-letters/number-5/,printables,printables,Lower,,yes,/assets/og/category-bubble-fonts.png,yes,,n/a,,OG triple completed,
https://ultratextgen.com/printables/bubble-letters/number-6/,printables,printables,Lower,,yes,/assets/og/category-bubble-fonts.png,yes,,n/a,,OG triple completed,
https://ultratextgen.com/printables/bubble-letters/number-7/,printables,printables,Lower,,yes,/assets/og/category-bubble-fonts.png,yes,,n/a,,OG triple completed,
https://ultratextgen.com/printables/bubble-letters/number-8/,printables,printables,Lower,,yes,/assets/og/category-bubble-fonts.png,yes,,n/a,,OG triple completed,
https://ultratextgen.com/printables/bubble-letters/number-9/,printables,printables,Lower,,yes,/assets/og/category-bubble-fonts.png,yes,,n/a,,OG triple completed,
https://ultratextgen.com/printables/calligraphy-alphabet/,printables,printables,Lower,,yes,/assets/og/printables-calligraphy-alphabet.png,yes,/assets/hero/printables-calligraphy-alphabet.svg,yes,,OG triple completed; hero set decorative,
https://ultratextgen.com/printables/calligraphy-alphabet/letter-a/,printables,printables,Lower,,yes,/assets/og/printables-calligraphy-alphabet.png,yes,,n/a,,OG triple completed,
https://ultratextgen.com/printables/calligraphy-alphabet/letter-b/,printables,printables,Lower,,yes,/assets/og/printables-calligraphy-alphabet.png,yes,,n/a,,OG triple completed,
https://ultratextgen.com/printables/calligraphy-alphabet/letter-c/,printables,printables,Lower,,yes,/assets/og/printables-calligraphy-alphabet.png,yes,,n/a,,OG triple completed,
https://ultratextgen.com/printables/calligraphy-alphabet/letter-d/,printables,printables,Lower,,yes,/assets/og/printables-calligraphy-alphabet.png,yes,,n/a,,OG triple completed,
https://ultratextgen.com/printables/calligraphy-alphabet/letter-e/,printables,printables,Lower,,yes,/assets/og/printables-calligraphy-alphabet.png,yes,,n/a,,OG triple completed,
https://ultratextgen.com/printables/calligraphy-alphabet/letter-f/,printables,printables,Lower,,yes,/assets/og/printables-calligraphy-alphabet.png,yes,,n/a,,OG triple completed,
https://ultratextgen.com/printables/calligraphy-alphabet/letter-g/,printables,printables,Lower,,yes,/assets/og/printables-calligraphy-alphabet.png,yes,,n/a,,OG triple completed,
https://ultratextgen.com/printables/calligraphy-alphabet/letter-h/,printables,printables,Lower,,yes,/assets/og/printables-calligraphy-alphabet.png,yes,,n/a,,OG triple completed,
https://ultratextgen.com/printables/calligraphy-alphabet/letter-i/,printables,printables,Lower,,yes,/assets/og/printables-calligraphy-alphabet.png,yes,,n/a,,OG triple completed,
https://ultratextgen.com/printables/calligraphy-alphabet/letter-j/,printables,printables,Lower,,yes,/assets/og/printables-calligraphy-alphabet.png,yes,,n/a,,OG triple completed,
https://ultratextgen.com/printables/calligraphy-alphabet/letter-k/,printables,printables,Lower,,yes,/assets/og/printables-calligraphy-alphabet.png,yes,,n/a,,OG triple completed,
https://ultratextgen.com/printables/calligraphy-alphabet/letter-l/,printables,printables,Lower,,yes,/assets/og/printables-calligraphy-alphabet.png,yes,,n/a,,OG triple completed,
https://ultratextgen.com/printables/calligraphy-alphabet/letter-m/,printables,printables,Lower,,yes,/assets/og/printables-calligraphy-alphabet.png,yes,,n/a,,OG triple completed,
https://ultratextgen.com/printables/calligraphy-alphabet/letter-n/,printables,printables,Lower,,yes,/assets/og/printables-calligraphy-alphabet.png,yes,,n/a,,OG triple completed,
https://ultratextgen.com/printables/calligraphy-alphabet/letter-o/,printables,printables,Lower,,yes,/assets/og/printables-calligraphy-alphabet.png,yes,,n/a,,OG triple completed,
https://ultratextgen.com/printables/calligraphy-alphabet/letter-p/,printables,printables,Lower,,yes,/assets/og/printables-calligraphy-alphabet.png,yes,,n/a,,OG triple completed,
https://ultratextgen.com/printables/calligraphy-alphabet/letter-q/,printables,printables,Lower,,yes,/assets/og/printables-calligraphy-alphabet.png,yes,,n/a,,OG triple completed,
https://ultratextgen.com/printables/calligraphy-alphabet/letter-r/,printables,printables,Lower,,yes,/assets/og/printables-calligraphy-alphabet.png,yes,,n/a,,OG triple completed,
https://ultratextgen.com/printables/calligraphy-alphabet/letter-s/,printables,printables,Lower,,yes,/assets/og/printables-calligraphy-alphabet.png,yes,,n/a,,OG triple completed,
https://ultratextgen.com/printables/calligraphy-alphabet/letter-t/,printables,printables,Lower,,yes,/assets/og/printables-calligraphy-alphabet.png,yes,,n/a,,OG triple completed,
https://ultratextgen.com/printables/calligraphy-alphabet/letter-u/,printables,printables,Lower,,yes,/assets/og/printables-calligraphy-alphabet.png,yes,,n/a,,OG triple completed,
https://ultratextgen.com/printables/calligraphy-alphabet/letter-v/,printables,printables,Lower,,yes,/assets/og/printables-calligraphy-alphabet.png,yes,,n/a,,OG triple completed,
https://ultratextgen.com/printables/calligraphy-alphabet/letter-w/,printables,printables,Lower,,yes,/assets/og/printables-calligraphy-alphabet.png,yes,,n/a,,OG triple completed,
https://ultratextgen.com/printables/calligraphy-alphabet/letter-x/,printables,printables,Lower,,yes,/assets/og/printables-calligraphy-alphabet.png,yes,,n/a,,OG triple completed,
https://ultratextgen.com/printables/calligraphy-alphabet/letter-y/,printables,printables,Lower,,yes,/assets/og/printables-calligraphy-alphabet.png,yes,,n/a,,OG triple completed,
https://ultratextgen.com/printables/calligraphy-alphabet/letter-z/,printables,printables,Lower,,yes,/assets/og/printables-calligraphy-alphabet.png,yes,,n/a,,OG triple completed,
https://ultratextgen.com/printables/coloring-page-maker/,printables,printables,Lower,,yes,/assets/og/printables-coloring-page-maker.png,yes,/assets/hero/printables-coloring-page-maker.svg,yes,,OG triple completed; hero set decorative,
https://ultratextgen.com/printables/cross-stitch-letters/,printables,printables,Lower,,yes,/assets/og/printables-cross-stitch-letters.png,yes,,n/a,,OG triple completed,
https://ultratextgen.com/printables/cursive-alphabet/,printables,printables,Lower,,yes,/assets/og/printables-cursive-alphabet.png,yes,/assets/hero/printables-cursive-alphabet.svg,yes,,OG triple completed; hero set decorative,
https://ultratextgen.com/printables/cursive-alphabet/letter-a/,printables,printables,Lower,,yes,/assets/og/printables-cursive-alphabet-letter-a.png,yes,/assets/hero/printables-cursive-alphabet-letter-a.svg,no,"Cursive A — capital and lowercase A in cursive, free printable (PDF)",OG triple completed,
https://ultratextgen.com/printables/cursive-alphabet/letter-b/,printables,printables,Lower,,yes,/assets/og/printables-cursive-alphabet-letter-b.png,yes,/assets/hero/printables-cursive-alphabet-letter-b.svg,no,"Cursive B — capital and lowercase B in cursive, free printable (PDF)",OG triple completed,
https://ultratextgen.com/printables/cursive-alphabet/letter-c/,printables,printables,Lower,,yes,/assets/og/printables-cursive-alphabet-letter-c.png,yes,/assets/hero/printables-cursive-alphabet-letter-c.svg,no,"Cursive C — capital and lowercase C in cursive, free printable (PDF)",OG triple completed,
https://ultratextgen.com/printables/cursive-alphabet/letter-d/,printables,printables,Lower,,yes,/assets/og/printables-cursive-alphabet-letter-d.png,yes,/assets/hero/printables-cursive-alphabet-letter-d.svg,no,"Cursive D — capital and lowercase D in cursive, free printable (PDF)",OG triple completed,
https://ultratextgen.com/printables/cursive-alphabet/letter-e/,printables,printables,Lower,,yes,/assets/og/printables-cursive-alphabet-letter-e.png,yes,/assets/hero/printables-cursive-alphabet-letter-e.svg,no,"Cursive E — capital and lowercase E in cursive, free printable (PDF)",OG triple completed,
https://ultratextgen.com/printables/cursive-alphabet/letter-f/,printables,printables,Lower,,yes,/assets/og/printables-cursive-alphabet-letter-f.png,yes,/assets/hero/printables-cursive-alphabet-letter-f.svg,no,"Cursive F — capital and lowercase F in cursive, free printable (PDF)",OG triple completed,
https://ultratextgen.com/printables/cursive-alphabet/letter-g/,printables,printables,Lower,,yes,/assets/og/printables-cursive-alphabet-letter-g.png,yes,/assets/hero/printables-cursive-alphabet-letter-g.svg,no,"Cursive G — capital and lowercase G in cursive, free printable (PDF)",OG triple completed,
https://ultratextgen.com/printables/cursive-alphabet/letter-h/,printables,printables,Lower,,yes,/assets/og/printables-cursive-alphabet-letter-h.png,yes,/assets/hero/printables-cursive-alphabet-letter-h.svg,no,"Cursive H — capital and lowercase H in cursive, free printable (PDF)",OG triple completed,
https://ultratextgen.com/printables/cursive-alphabet/letter-i/,printables,printables,Lower,,yes,/assets/og/printables-cursive-alphabet-letter-i.png,yes,/assets/hero/printables-cursive-alphabet-letter-i.svg,no,"Cursive I — capital and lowercase I in cursive, free printable (PDF)",OG triple completed,
https://ultratextgen.com/printables/cursive-alphabet/letter-j/,printables,printables,Lower,,yes,/assets/og/printables-cursive-alphabet-letter-j.png,yes,/assets/hero/printables-cursive-alphabet-letter-j.svg,no,"Cursive J — capital and lowercase J in cursive, free printable (PDF)",OG triple completed,
https://ultratextgen.com/printables/cursive-alphabet/letter-k/,printables,printables,Lower,,yes,/assets/og/printables-cursive-alphabet-letter-k.png,yes,/assets/hero/printables-cursive-alphabet-letter-k.svg,no,"Cursive K — capital and lowercase K in cursive, free printable (PDF)",OG triple completed,
https://ultratextgen.com/printables/cursive-alphabet/letter-l/,printables,printables,Lower,,yes,/assets/og/printables-cursive-alphabet-letter-l.png,yes,/assets/hero/printables-cursive-alphabet-letter-l.svg,no,"Cursive L — capital and lowercase L in cursive, free printable (PDF)",OG triple completed,
https://ultratextgen.com/printables/cursive-alphabet/letter-m/,printables,printables,Lower,,yes,/assets/og/printables-cursive-alphabet-letter-m.png,yes,/assets/hero/printables-cursive-alphabet-letter-m.svg,no,"Cursive M — capital and lowercase M in cursive, free printable (PDF)",OG triple completed,
https://ultratextgen.com/printables/cursive-alphabet/letter-n/,printables,printables,Lower,,yes,/assets/og/printables-cursive-alphabet-letter-n.png,yes,/assets/hero/printables-cursive-alphabet-letter-n.svg,no,"Cursive N — capital and lowercase N in cursive, free printable (PDF)",OG triple completed,
https://ultratextgen.com/printables/cursive-alphabet/letter-o/,printables,printables,Lower,,yes,/assets/og/printables-cursive-alphabet-letter-o.png,yes,/assets/hero/printables-cursive-alphabet-letter-o.svg,no,"Cursive O — capital and lowercase O in cursive, free printable (PDF)",OG triple completed,
https://ultratextgen.com/printables/cursive-alphabet/letter-p/,printables,printables,Lower,,yes,/assets/og/printables-cursive-alphabet-letter-p.png,yes,/assets/hero/printables-cursive-alphabet-letter-p.svg,no,"Cursive P — capital and lowercase P in cursive, free printable (PDF)",OG triple completed,
https://ultratextgen.com/printables/cursive-alphabet/letter-q/,printables,printables,Lower,,yes,/assets/og/printables-cursive-alphabet-letter-q.png,yes,/assets/hero/printables-cursive-alphabet-letter-q.svg,no,"Cursive Q — capital and lowercase Q in cursive, free printable (PDF)",OG triple completed,
https://ultratextgen.com/printables/cursive-alphabet/letter-r/,printables,printables,Lower,,yes,/assets/og/printables-cursive-alphabet-letter-r.png,yes,/assets/hero/printables-cursive-alphabet-letter-r.svg,no,"Cursive R — capital and lowercase R in cursive, free printable (PDF)",OG triple completed,
https://ultratextgen.com/printables/cursive-alphabet/letter-s/,printables,printables,Lower,,yes,/assets/og/printables-cursive-alphabet-letter-s.png,yes,/assets/hero/printables-cursive-alphabet-letter-s.svg,no,"Cursive S — capital and lowercase S in cursive, free printable (PDF)",OG triple completed,
https://ultratextgen.com/printables/cursive-alphabet/letter-t/,printables,printables,Lower,,yes,/assets/og/printables-cursive-alphabet-letter-t.png,yes,/assets/hero/printables-cursive-alphabet-letter-t.svg,no,"Cursive T — capital and lowercase T in cursive, free printable (PDF)",OG triple completed,
https://ultratextgen.com/printables/cursive-alphabet/letter-u/,printables,printables,Lower,,yes,/assets/og/printables-cursive-alphabet-letter-u.png,yes,/assets/hero/printables-cursive-alphabet-letter-u.svg,no,"Cursive U — capital and lowercase U in cursive, free printable (PDF)",OG triple completed,
https://ultratextgen.com/printables/cursive-alphabet/letter-v/,printables,printables,Lower,,yes,/assets/og/printables-cursive-alphabet-letter-v.png,yes,/assets/hero/printables-cursive-alphabet-letter-v.svg,no,"Cursive V — capital and lowercase V in cursive, free printable (PDF)",OG triple completed,
https://ultratextgen.com/printables/cursive-alphabet/letter-w/,printables,printables,Lower,,yes,/assets/og/printables-cursive-alphabet-letter-w.png,yes,/assets/hero/printables-cursive-alphabet-letter-w.svg,no,"Cursive W — capital and lowercase W in cursive, free printable (PDF)",OG triple completed,
https://ultratextgen.com/printables/cursive-alphabet/letter-x/,printables,printables,Lower,,yes,/assets/og/printables-cursive-alphabet-letter-x.png,yes,/assets/hero/printables-cursive-alphabet-letter-x.svg,no,"Cursive X — capital and lowercase X in cursive, free printable (PDF)",OG triple completed,
https://ultratextgen.com/printables/cursive-alphabet/letter-y/,printables,printables,Lower,,yes,/assets/og/printables-cursive-alphabet-letter-y.png,yes,/assets/hero/printables-cursive-alphabet-letter-y.svg,no,"Cursive Y — capital and lowercase Y in cursive, free printable (PDF)",OG triple completed,
https://ultratextgen.com/printables/cursive-alphabet/letter-z/,printables,printables,Lower,,yes,/assets/og/printables-cursive-alphabet-letter-z.png,yes,/assets/hero/printables-cursive-alphabet-letter-z.svg,no,"Cursive Z — capital and lowercase Z in cursive, free printable (PDF)",OG triple completed,
https://ultratextgen.com/printables/dad-in-cursive/,printables,printables,Lower,,yes,/assets/og/printables-dad-in-cursive.png,yes,,n/a,,OG triple completed,
https://ultratextgen.com/printables/dot-to-dot-alphabet/,printables,printables,Lower,,yes,/assets/og/printables-dot-to-dot-alphabet.png,yes,/assets/hero/printables-dot-to-dot-alphabet.svg,yes,,OG triple completed; hero set decorative,
https://ultratextgen.com/printables/dot-to-dot-alphabet/letter-a/,printables,printables,Lower,,yes,/assets/og/printables-dot-to-dot-alphabet-letter-a.png,yes,/assets/hero/printables-dot-to-dot-alphabet-letter-a.svg,yes,,OG triple completed; hero set decorative,
https://ultratextgen.com/printables/dot-to-dot-alphabet/letter-b/,printables,printables,Lower,,yes,/assets/og/printables-dot-to-dot-alphabet-letter-b.png,yes,/assets/hero/printables-dot-to-dot-alphabet-letter-b.svg,yes,,OG triple completed; hero set decorative,
https://ultratextgen.com/printables/dot-to-dot-alphabet/letter-c/,printables,printables,Lower,,yes,/assets/og/printables-dot-to-dot-alphabet-letter-c.png,yes,/assets/hero/printables-dot-to-dot-alphabet-letter-c.svg,yes,,OG triple completed; hero set decorative,
https://ultratextgen.com/printables/dot-to-dot-alphabet/letter-d/,printables,printables,Lower,,yes,/assets/og/printables-dot-to-dot-alphabet-letter-d.png,yes,/assets/hero/printables-dot-to-dot-alphabet-letter-d.svg,yes,,OG triple completed; hero set decorative,
https://ultratextgen.com/printables/dot-to-dot-alphabet/letter-e/,printables,printables,Lower,,yes,/assets/og/printables-dot-to-dot-alphabet-letter-e.png,yes,/assets/hero/printables-dot-to-dot-alphabet-letter-e.svg,yes,,OG triple completed; hero set decorative,
https://ultratextgen.com/printables/dot-to-dot-alphabet/letter-f/,printables,printables,Lower,,yes,/assets/og/printables-dot-to-dot-alphabet-letter-f.png,yes,/assets/hero/printables-dot-to-dot-alphabet-letter-f.svg,yes,,OG triple completed; hero set decorative,
https://ultratextgen.com/printables/dot-to-dot-alphabet/letter-g/,printables,printables,Lower,,yes,/assets/og/printables-dot-to-dot-alphabet-letter-g.png,yes,/assets/hero/printables-dot-to-dot-alphabet-letter-g.svg,yes,,OG triple completed; hero set decorative,
https://ultratextgen.com/printables/dot-to-dot-alphabet/letter-h/,printables,printables,Lower,,yes,/assets/og/printables-dot-to-dot-alphabet-letter-h.png,yes,/assets/hero/printables-dot-to-dot-alphabet-letter-h.svg,yes,,OG triple completed; hero set decorative,
https://ultratextgen.com/printables/dot-to-dot-alphabet/letter-i/,printables,printables,Lower,,yes,/assets/og/printables-dot-to-dot-alphabet-letter-i.png,yes,/assets/hero/printables-dot-to-dot-alphabet-letter-i.svg,yes,,OG triple completed; hero set decorative,
https://ultratextgen.com/printables/dot-to-dot-alphabet/letter-j/,printables,printables,Lower,,yes,/assets/og/printables-dot-to-dot-alphabet-letter-j.png,yes,/assets/hero/printables-dot-to-dot-alphabet-letter-j.svg,yes,,OG triple completed; hero set decorative,
https://ultratextgen.com/printables/dot-to-dot-alphabet/letter-k/,printables,printables,Lower,,yes,/assets/og/printables-dot-to-dot-alphabet-letter-k.png,yes,/assets/hero/printables-dot-to-dot-alphabet-letter-k.svg,yes,,OG triple completed; hero set decorative,
https://ultratextgen.com/printables/dot-to-dot-alphabet/letter-l/,printables,printables,Lower,,yes,/assets/og/printables-dot-to-dot-alphabet-letter-l.png,yes,/assets/hero/printables-dot-to-dot-alphabet-letter-l.svg,yes,,OG triple completed; hero set decorative,
https://ultratextgen.com/printables/dot-to-dot-alphabet/letter-m/,printables,printables,Lower,,yes,/assets/og/printables-dot-to-dot-alphabet-letter-m.png,yes,/assets/hero/printables-dot-to-dot-alphabet-letter-m.svg,yes,,OG triple completed; hero set decorative,
https://ultratextgen.com/printables/dot-to-dot-alphabet/letter-n/,printables,printables,Lower,,yes,/assets/og/printables-dot-to-dot-alphabet-letter-n.png,yes,/assets/hero/printables-dot-to-dot-alphabet-letter-n.svg,yes,,OG triple completed; hero set decorative,
https://ultratextgen.com/printables/dot-to-dot-alphabet/letter-o/,printables,printables,Lower,,yes,/assets/og/printables-dot-to-dot-alphabet-letter-o.png,yes,/assets/hero/printables-dot-to-dot-alphabet-letter-o.svg,yes,,OG triple completed; hero set decorative,
https://ultratextgen.com/printables/dot-to-dot-alphabet/letter-p/,printables,printables,Lower,,yes,/assets/og/printables-dot-to-dot-alphabet-letter-p.png,yes,/assets/hero/printables-dot-to-dot-alphabet-letter-p.svg,yes,,OG triple completed; hero set decorative,
https://ultratextgen.com/printables/dot-to-dot-alphabet/letter-q/,printables,printables,Lower,,yes,/assets/og/printables-dot-to-dot-alphabet-letter-q.png,yes,/assets/hero/printables-dot-to-dot-alphabet-letter-q.svg,yes,,OG triple completed; hero set decorative,
https://ultratextgen.com/printables/dot-to-dot-alphabet/letter-r/,printables,printables,Lower,,yes,/assets/og/printables-dot-to-dot-alphabet-letter-r.png,yes,/assets/hero/printables-dot-to-dot-alphabet-letter-r.svg,yes,,OG triple completed; hero set decorative,
https://ultratextgen.com/printables/dot-to-dot-alphabet/letter-s/,printables,printables,Lower,,yes,/assets/og/printables-dot-to-dot-alphabet-letter-s.png,yes,/assets/hero/printables-dot-to-dot-alphabet-letter-s.svg,yes,,OG triple completed; hero set decorative,
https://ultratextgen.com/printables/dot-to-dot-alphabet/letter-t/,printables,printables,Lower,,yes,/assets/og/printables-dot-to-dot-alphabet-letter-t.png,yes,/assets/hero/printables-dot-to-dot-alphabet-letter-t.svg,yes,,OG triple completed; hero set decorative,
https://ultratextgen.com/printables/dot-to-dot-alphabet/letter-u/,printables,printables,Lower,,yes,/assets/og/printables-dot-to-dot-alphabet-letter-u.png,yes,/assets/hero/printables-dot-to-dot-alphabet-letter-u.svg,yes,,OG triple completed; hero set decorative,
https://ultratextgen.com/printables/dot-to-dot-alphabet/letter-v/,printables,printables,Lower,,yes,/assets/og/printables-dot-to-dot-alphabet-letter-v.png,yes,/assets/hero/printables-dot-to-dot-alphabet-letter-v.svg,yes,,OG triple completed; hero set decorative,
https://ultratextgen.com/printables/dot-to-dot-alphabet/letter-w/,printables,printables,Lower,,yes,/assets/og/printables-dot-to-dot-alphabet-letter-w.png,yes,/assets/hero/printables-dot-to-dot-alphabet-letter-w.svg,yes,,OG triple completed; hero set decorative,
https://ultratextgen.com/printables/dot-to-dot-alphabet/letter-x/,printables,printables,Lower,,yes,/assets/og/printables-dot-to-dot-alphabet-letter-x.png,yes,/assets/hero/printables-dot-to-dot-alphabet-letter-x.svg,yes,,OG triple completed; hero set decorative,
https://ultratextgen.com/printables/dot-to-dot-alphabet/letter-y/,printables,printables,Lower,,yes,/assets/og/printables-dot-to-dot-alphabet-letter-y.png,yes,/assets/hero/printables-dot-to-dot-alphabet-letter-y.svg,yes,,OG triple completed; hero set decorative,
https://ultratextgen.com/printables/dot-to-dot-alphabet/letter-z/,printables,printables,Lower,,yes,/assets/og/printables-dot-to-dot-alphabet-letter-z.png,yes,/assets/hero/printables-dot-to-dot-alphabet-letter-z.svg,yes,,OG triple completed; hero set decorative,
https://ultratextgen.com/printables/dot-to-dot-name/,printables,printables,Lower,,yes,/assets/og/printables-dot-to-dot-name.png,yes,/assets/hero/printables-dot-to-dot-name.svg,yes,,OG triple completed; hero set decorative,
https://ultratextgen.com/printables/family-in-cursive/,printables,printables,Lower,,yes,/assets/og/printables-family-in-cursive.png,yes,,n/a,,OG triple completed,
https://ultratextgen.com/printables/handwriting-worksheet-generator/,printables,printables,Lower,,yes,/assets/og/printables-handwriting-worksheet-generator.png,yes,/assets/hero/printables-handwriting-worksheet-generator.svg,yes,,OG triple completed; hero set decorative,
https://ultratextgen.com/printables/happy-birthday-in-cursive/,printables,printables,Lower,,yes,/assets/og/printables-happy-birthday-in-cursive.png,yes,,n/a,,OG triple completed,
https://ultratextgen.com/printables/love-in-cursive/,printables,printables,Lower,,yes,/assets/og/printables-love-in-cursive.png,yes,,n/a,,OG triple completed,
https://ultratextgen.com/printables/mom-in-cursive/,printables,printables,Lower,,yes,/assets/og/printables-mom-in-cursive.png,yes,,n/a,,OG triple completed,
https://ultratextgen.com/printables/monogram-maker/,printables,printables,Lower,,yes,/assets/og/printables-monogram-maker.png,yes,,n/a,,OG triple completed,
https://ultratextgen.com/printables/name-puzzle-maker/,printables,printables,Lower,,yes,/assets/og/printables-name-puzzle-maker.png,yes,/assets/hero/printables-name-puzzle-maker.svg,yes,,OG triple completed; hero set decorative,
https://ultratextgen.com/printables/name-tracing/,printables,printables,Lower,,yes,/assets/og/printables-name-tracing.png,yes,/assets/hero/printables-name-tracing.svg,yes,,OG triple completed; hero set decorative,
https://ultratextgen.com/printables/sight-word-tracing/,printables,printables,Lower,,yes,/assets/og/printables-sight-word-tracing.png,yes,/assets/hero/printables-sight-word-tracing.svg,yes,,OG triple completed; hero set decorative,
https://ultratextgen.com/printables/spanish-alphabet-chart/,printables,printables,Lower,,yes,/assets/og/printables-spanish-alphabet-chart.png,yes,/assets/hero/printables-spanish-alphabet-chart.svg,yes,,OG triple completed; hero set decorative,
https://ultratextgen.com/roblox/name-generator/,roblox,roblox,Lower,,yes,/assets/og/roblox-name-generator.png,yes,/assets/hero/roblox-name-generator.svg,yes,,OG triple completed; hero set decorative,
https://ultratextgen.com/roblox/old-roblox-font/,roblox,roblox,Lower,,yes,/assets/og/roblox-old-roblox-font.png,yes,/assets/hero/roblox-old-roblox-font.svg,yes,,OG triple completed; hero set decorative,
https://ultratextgen.com/symbol/alpha-symbol/,symbol,symbol,Lower,,yes,/assets/og/symbol-alpha-symbol.png,yes,,n/a,,OG present,
https://ultratextgen.com/symbol/ampersand/,symbol,symbol,Lower,,yes,/assets/og/symbol-ampersand.png,yes,,n/a,,OG present,
https://ultratextgen.com/symbol/anarchy-symbol/,symbol,symbol,Lower,,yes,/assets/og/symbol-anarchy-symbol.png,yes,,n/a,,OG present,
https://ultratextgen.com/symbol/anger-symbol/,symbol,symbol,Lower,,yes,/assets/og/symbol-anger-symbol.png,yes,,n/a,,OG present,
https://ultratextgen.com/symbol/ankh-symbol/,symbol,symbol,Lower,,yes,/assets/og/symbol-ankh-symbol.png,yes,,n/a,,OG present,
https://ultratextgen.com/symbol/aquarius-symbol/,symbol,symbol,Lower,,yes,/assets/og/symbol-aquarius-symbol.png,yes,,n/a,,OG present,
https://ultratextgen.com/symbol/aries-symbol/,symbol,symbol,Lower,,yes,/assets/og/symbol-aries-symbol.png,yes,,n/a,,OG present,
https://ultratextgen.com/symbol/asterisk-symbol/,symbol,symbol,Lower,,yes,/assets/og/symbol-asterisk-symbol.png,yes,,n/a,,OG present,
https://ultratextgen.com/symbol/at-symbol/,symbol,symbol,Lower,,yes,/assets/og/symbol-at-symbol.png,yes,,n/a,,OG present,
https://ultratextgen.com/symbol/autism-symbol/,symbol,symbol,Lower,,yes,/assets/og/symbol-autism-symbol.png,yes,,n/a,,OG present,
https://ultratextgen.com/symbol/backwards-question-mark/,symbol,symbol,Lower,,yes,/assets/og/symbol-backwards-question-mark.png,yes,,n/a,,OG present,
https://ultratextgen.com/symbol/biohazard-symbol/,symbol,symbol,Lower,,yes,/assets/og/symbol-biohazard-symbol.png,yes,,n/a,,OG present,
https://ultratextgen.com/symbol/bitcoin-symbol/,symbol,symbol,Lower,,yes,/assets/og/symbol-bitcoin-symbol.png,yes,,n/a,,OG present,
https://ultratextgen.com/symbol/black-moon-lilith/,symbol,symbol,Lower,,yes,/assets/og/symbol-black-moon-lilith.png,yes,,n/a,,OG present,
https://ultratextgen.com/symbol/calendar-emoji/,symbol,symbol,Lower,,yes,/assets/og/symbol-calendar-emoji.png,yes,,n/a,,OG present,
https://ultratextgen.com/symbol/cancer-symbol/,symbol,symbol,Lower,,yes,/assets/og/symbol-cancer-symbol.png,yes,,n/a,,OG present,
https://ultratextgen.com/symbol/capricorn-symbol/,symbol,symbol,Lower,,yes,/assets/og/symbol-capricorn-symbol.png,yes,,n/a,,OG present,
https://ultratextgen.com/symbol/celsius-symbol/,symbol,symbol,Lower,,yes,/assets/og/symbol-celsius-symbol.png,yes,,n/a,,OG present,
https://ultratextgen.com/symbol/cent-sign/,symbol,symbol,Lower,,yes,/assets/og/symbol-cent-sign.png,yes,,n/a,,OG present,
https://ultratextgen.com/symbol/checkmark-symbol/,symbol,symbol,Lower,,yes,/assets/og/symbol-checkmark-symbol.png,yes,,n/a,,OG present,
https://ultratextgen.com/symbol/chi-symbol/,symbol,symbol,Lower,,yes,/assets/og/symbol-chi-symbol.png,yes,,n/a,,OG present,
https://ultratextgen.com/symbol/congruent-symbol/,symbol,symbol,Lower,,yes,/assets/og/symbol-congruent-symbol.png,yes,,n/a,,OG present,
https://ultratextgen.com/symbol/copyright-symbol/,symbol,symbol,Lower,,yes,/assets/og/symbol-copyright-symbol.png,yes,,n/a,,OG present,
https://ultratextgen.com/symbol/cracking-face-emoji/,symbol,symbol,Lower,,yes,/assets/og/symbol-cracking-face-emoji.png,yes,/assets/hero/symbol-cracking-face-emoji.svg,yes,,OG present; hero set decorative,
https://ultratextgen.com/symbol/crescent-and-star/,symbol,symbol,Lower,,yes,/assets/og/symbol-crescent-and-star.png,yes,,n/a,,OG present,
https://ultratextgen.com/symbol/cross-symbol/,symbol,symbol,Lower,,yes,/assets/og/symbol-cross-symbol.png,yes,,n/a,,OG present,
https://ultratextgen.com/symbol/degree-symbol/,symbol,symbol,Lower,,yes,/assets/og/symbol-degree-symbol.png,yes,,n/a,,OG present,
https://ultratextgen.com/symbol/delta-symbol/,symbol,symbol,Lower,,yes,/assets/og/symbol-delta-symbol.png,yes,,n/a,,OG present,
https://ultratextgen.com/symbol/diameter-symbol/,symbol,symbol,Lower,,yes,/assets/og/symbol-diameter-symbol.png,yes,,n/a,,OG present,
https://ultratextgen.com/symbol/dirham-sign/,symbol,symbol,Lower,,yes,/assets/og/symbol-dirham-sign.png,yes,/assets/hero/symbol-dirham-sign.svg,yes,,OG present; hero set decorative,
https://ultratextgen.com/symbol/division-sign/,symbol,symbol,Lower,,yes,/assets/og/symbol-division-sign.png,yes,,n/a,,OG present,
https://ultratextgen.com/symbol/dollar-sign/,symbol,symbol,Lower,,yes,/assets/og/symbol-dollar-sign.png,yes,,n/a,,OG present,
https://ultratextgen.com/symbol/down-arrow/,symbol,symbol,Lower,,yes,/assets/og/symbol-down-arrow.png,yes,,n/a,,OG present,
https://ultratextgen.com/symbol/em-dash/,symbol,symbol,Lower,,yes,/assets/og/symbol-em-dash.png,yes,,n/a,,OG present,
https://ultratextgen.com/symbol/en-dash/,symbol,symbol,Lower,,yes,/assets/og/symbol-en-dash.png,yes,,n/a,,OG present,
https://ultratextgen.com/symbol/euro-sign/,symbol,symbol,Lower,,yes,/assets/og/symbol-euro-sign.png,yes,,n/a,,OG present,
https://ultratextgen.com/symbol/fahrenheit-symbol/,symbol,symbol,Lower,,yes,/assets/og/symbol-fahrenheit-symbol.png,yes,,n/a,,OG present,
https://ultratextgen.com/symbol/fleur-de-lis-symbol/,symbol,symbol,Lower,,yes,/assets/og/symbol-fleur-de-lis-symbol.png,yes,,n/a,,OG present,
https://ultratextgen.com/symbol/gemini-symbol/,symbol,symbol,Lower,,yes,/assets/og/symbol-gemini-symbol.png,yes,,n/a,,OG present,
https://ultratextgen.com/symbol/hamsa-symbol/,symbol,symbol,Lower,,yes,/assets/og/symbol-hamsa-symbol.png,yes,,n/a,,OG present,
https://ultratextgen.com/symbol/heart-symbol/,symbol,symbol,Lower,,yes,/assets/og/symbol-heart-symbol.png,yes,,n/a,,OG present,
https://ultratextgen.com/symbol/infinity/,symbol,symbol,Lower,,yes,/assets/og/symbol-infinity.png,yes,,n/a,,OG present,
https://ultratextgen.com/symbol/interrobang/,symbol,symbol,Lower,,yes,/assets/og/symbol-interrobang.png,yes,,n/a,,OG present,
https://ultratextgen.com/symbol/invisible-character/,symbol,symbol,Lower,,yes,/assets/og/symbol-invisible-character.png,yes,,n/a,,OG present,
https://ultratextgen.com/symbol/khanda-symbol/,symbol,symbol,Lower,,yes,/assets/og/symbol-khanda-symbol.png,yes,,n/a,,OG present,
https://ultratextgen.com/symbol/lambda-symbol/,symbol,symbol,Lower,,yes,/assets/og/symbol-lambda-symbol.png,yes,,n/a,,OG present,
https://ultratextgen.com/symbol/left-arrow/,symbol,symbol,Lower,,yes,/assets/og/symbol-left-arrow.png,yes,,n/a,,OG present,
https://ultratextgen.com/symbol/leo-symbol/,symbol,symbol,Lower,,yes,/assets/og/symbol-leo-symbol.png,yes,,n/a,,OG present,
https://ultratextgen.com/symbol/less-than-greater-than/,symbol,symbol,Lower,,yes,/assets/og/symbol-less-than-greater-than.png,yes,,n/a,,OG present,
https://ultratextgen.com/symbol/libra-symbol/,symbol,symbol,Lower,,yes,/assets/og/symbol-libra-symbol.png,yes,,n/a,,OG present,
https://ultratextgen.com/symbol/meteor-emoji/,symbol,symbol,Lower,,yes,/assets/og/symbol-meteor-emoji.png,yes,/assets/hero/symbol-meteor-emoji.svg,yes,,OG present; hero set decorative,
https://ultratextgen.com/symbol/micro-sign/,symbol,symbol,Lower,,yes,/assets/og/symbol-micro-sign.png,yes,,n/a,,OG present,
https://ultratextgen.com/symbol/monarch-butterfly-emoji/,symbol,symbol,Lower,,yes,/assets/og/symbol-monarch-butterfly-emoji.png,yes,/assets/hero/symbol-monarch-butterfly-emoji.svg,yes,,OG present; hero set decorative,
https://ultratextgen.com/symbol/multiplication-sign/,symbol,symbol,Lower,,yes,/assets/og/symbol-multiplication-sign.png,yes,,n/a,,OG present,
https://ultratextgen.com/symbol/not-equal-sign/,symbol,symbol,Lower,,yes,/assets/og/symbol-not-equal-sign.png,yes,,n/a,,OG present,
https://ultratextgen.com/symbol/ohm-symbol/,symbol,symbol,Lower,,yes,/assets/og/symbol-ohm-symbol.png,yes,,n/a,,OG present,
https://ultratextgen.com/symbol/om-symbol/,symbol,symbol,Lower,,yes,/assets/og/symbol-om-symbol.png,yes,,n/a,,OG present,
https://ultratextgen.com/symbol/omani-rial-sign/,symbol,symbol,Lower,,yes,/assets/og/symbol-omani-rial-sign.png,yes,/assets/hero/symbol-omani-rial-sign.svg,yes,,OG present; hero set decorative,
https://ultratextgen.com/symbol/omega-symbol/,symbol,symbol,Lower,,yes,/assets/og/symbol-omega-symbol.png,yes,,n/a,,OG present,
https://ultratextgen.com/symbol/orthodox-cross/,symbol,symbol,Lower,,yes,/assets/og/symbol-orthodox-cross.png,yes,,n/a,,OG present,
https://ultratextgen.com/symbol/pawn-symbol/,symbol,symbol,Lower,,yes,/assets/og/symbol-pawn-symbol.png,yes,,n/a,,OG present,
https://ultratextgen.com/symbol/peace-sign/,symbol,symbol,Lower,,yes,/assets/og/symbol-peace-sign.png,yes,,n/a,,OG present,
https://ultratextgen.com/symbol/pentagram-symbol/,symbol,symbol,Lower,,yes,/assets/og/symbol-pentagram-symbol.png,yes,,n/a,,OG present,
https://ultratextgen.com/symbol/peso-sign/,symbol,symbol,Lower,,yes,/assets/og/symbol-peso-sign.png,yes,,n/a,,OG present,
https://ultratextgen.com/symbol/phi-symbol/,symbol,symbol,Lower,,yes,/assets/og/symbol-phi-symbol.png,yes,,n/a,,OG present,
https://ultratextgen.com/symbol/pi-symbol/,symbol,symbol,Lower,,yes,/assets/og/symbol-pi-symbol.png,yes,,n/a,,OG present,
https://ultratextgen.com/symbol/pickle-emoji/,symbol,symbol,Lower,,yes,/assets/og/symbol-pickle-emoji.png,yes,/assets/hero/symbol-pickle-emoji.svg,yes,,OG present; hero set decorative,
https://ultratextgen.com/symbol/pilcrow/,symbol,symbol,Lower,,yes,/assets/og/symbol-pilcrow.png,yes,,n/a,,OG present,
https://ultratextgen.com/symbol/pisces-symbol/,symbol,symbol,Lower,,yes,/assets/og/symbol-pisces-symbol.png,yes,,n/a,,OG present,
https://ultratextgen.com/symbol/plus-minus/,symbol,symbol,Lower,,yes,/assets/og/symbol-plus-minus.png,yes,,n/a,,OG present,
https://ultratextgen.com/symbol/pound-sign/,symbol,symbol,Lower,,yes,/assets/og/symbol-pound-sign.png,yes,,n/a,,OG present,
https://ultratextgen.com/symbol/psi-symbol/,symbol,symbol,Lower,,yes,/assets/og/symbol-psi-symbol.png,yes,,n/a,,OG present,
https://ultratextgen.com/symbol/quotation-mark/,symbol,symbol,Lower,,yes,/assets/og/symbol-quotation-mark.png,yes,,n/a,,OG present,
https://ultratextgen.com/symbol/recycling-symbol/,symbol,symbol,Lower,,yes,/assets/og/symbol-recycling-symbol.png,yes,,n/a,,OG present,
https://ultratextgen.com/symbol/right-arrow/,symbol,symbol,Lower,,yes,/assets/og/symbol-right-arrow.png,yes,,n/a,,OG present,
https://ultratextgen.com/symbol/ruble-sign/,symbol,symbol,Lower,,yes,/assets/og/symbol-ruble-sign.png,yes,,n/a,,OG present,
https://ultratextgen.com/symbol/rupee-sign/,symbol,symbol,Lower,,yes,/assets/og/symbol-rupee-sign.png,yes,,n/a,,OG present,
https://ultratextgen.com/symbol/sagittarius-symbol/,symbol,symbol,Lower,,yes,/assets/og/symbol-sagittarius-symbol.png,yes,,n/a,,OG present,
https://ultratextgen.com/symbol/saudi-riyal-sign/,symbol,symbol,Lower,,yes,/assets/og/symbol-saudi-riyal-sign.png,yes,/assets/hero/symbol-saudi-riyal-sign.svg,yes,,OG present; hero set decorative,
https://ultratextgen.com/symbol/scorpio-symbol/,symbol,symbol,Lower,,yes,/assets/og/symbol-scorpio-symbol.png,yes,,n/a,,OG present,
https://ultratextgen.com/symbol/section-sign/,symbol,symbol,Lower,,yes,/assets/og/symbol-section-sign.png,yes,,n/a,,OG present,
https://ultratextgen.com/symbol/sigma-symbol/,symbol,symbol,Lower,,yes,/assets/og/symbol-sigma-symbol.png,yes,,n/a,,OG present,
https://ultratextgen.com/symbol/skull-and-crossbones/,symbol,symbol,Lower,,yes,/assets/og/symbol-skull-and-crossbones.png,yes,,n/a,,OG present,
https://ultratextgen.com/symbol/snapchat-heart-colors/,symbol,symbol,Lower,,yes,/assets/og/symbol-snapchat-heart-colors.png,yes,,n/a,,OG present,
https://ultratextgen.com/symbol/spade-symbol/,symbol,symbol,Lower,,yes,/assets/og/symbol-spade-symbol.png,yes,,n/a,,OG present,
https://ultratextgen.com/symbol/square-root/,symbol,symbol,Lower,,yes,/assets/og/symbol-square-root.png,yes,,n/a,,OG present,
https://ultratextgen.com/symbol/squared-cubed/,symbol,symbol,Lower,,yes,/assets/og/symbol-squared-cubed.png,yes,,n/a,,OG present,
https://ultratextgen.com/symbol/star-of-david/,symbol,symbol,Lower,,yes,/assets/og/symbol-star-of-david.png,yes,,n/a,,OG present,
https://ultratextgen.com/symbol/star-symbol/,symbol,symbol,Lower,,yes,/assets/og/symbol-star-symbol.png,yes,,n/a,,OG present,
https://ultratextgen.com/symbol/stop-sign/,symbol,symbol,Lower,,yes,/assets/og/symbol-stop-sign.png,yes,,n/a,,OG present,
https://ultratextgen.com/symbol/sunglasses-symbol/,symbol,symbol,Lower,,yes,/assets/og/symbol-sunglasses-symbol.png,yes,,n/a,,OG present,
https://ultratextgen.com/symbol/taurus-symbol/,symbol,symbol,Lower,,yes,/assets/og/symbol-taurus-symbol.png,yes,,n/a,,OG present,
https://ultratextgen.com/symbol/theta-symbol/,symbol,symbol,Lower,,yes,/assets/og/symbol-theta-symbol.png,yes,,n/a,,OG present,
https://ultratextgen.com/symbol/thumb-sign-emoji/,symbol,symbol,Lower,,yes,/assets/og/symbol-thumb-sign-emoji.png,yes,/assets/hero/symbol-thumb-sign-emoji.svg,yes,,OG present; hero set decorative,
https://ultratextgen.com/symbol/tilde-symbol/,symbol,symbol,Lower,,yes,/assets/og/symbol-tilde-symbol.png,yes,,n/a,,OG present,
https://ultratextgen.com/symbol/trademark-symbol/,symbol,symbol,Lower,,yes,/assets/og/symbol-trademark-symbol.png,yes,,n/a,,OG present,
https://ultratextgen.com/symbol/underscore-symbol/,symbol,symbol,Lower,,yes,/assets/og/symbol-underscore-symbol.png,yes,,n/a,,OG present,
https://ultratextgen.com/symbol/up-arrow/,symbol,symbol,Lower,,yes,/assets/og/symbol-up-arrow.png,yes,,n/a,,OG present,
https://ultratextgen.com/symbol/vertical-line/,symbol,symbol,Lower,,yes,/assets/og/symbol-vertical-line.png,yes,,n/a,,OG present,
https://ultratextgen.com/symbol/virgo-symbol/,symbol,symbol,Lower,,yes,/assets/og/symbol-virgo-symbol.png,yes,,n/a,,OG present,
https://ultratextgen.com/symbol/wheelchair-symbol/,symbol,symbol,Lower,,yes,/assets/og/symbol-wheelchair-symbol.png,yes,,n/a,,OG present,
https://ultratextgen.com/symbol/won-sign/,symbol,symbol,Lower,,yes,/assets/og/symbol-won-sign.png,yes,,n/a,,OG present,
https://ultratextgen.com/symbol/yen-sign/,symbol,symbol,Lower,,yes,/assets/og/symbol-yen-sign.png,yes,,n/a,,OG present,
https://ultratextgen.com/symbol/yin-yang/,symbol,symbol,Lower,,yes,/assets/og/symbol-yin-yang.png,yes,,n/a,,OG present,
https://ultratextgen.com/tiktok/name-generator/,tiktok,tiktok,Lower,,yes,/assets/og/tiktok-name-generator.png,yes,/assets/hero/tiktok-name-generator.svg,yes,,OG triple completed; hero set decorative,
https://ultratextgen.com/updates/forza-horizon-6-gamertag-rules/,updates,updates,Lower,,yes,/assets/og/updates-forza-horizon-6-gamertag-rules.png,yes,/assets/hero/updates-forza-horizon-6-gamertag-rules.svg,yes,,OG triple completed; hero set decorative,
https://ultratextgen.com/updates/middle-east-currency-symbols-scorecard/,updates,updates,Lower,,yes,/assets/og/updates-middle-east-currency-symbols-scorecard.png,yes,/assets/hero/updates-middle-east-currency-symbols-scorecard.svg,yes,,OG triple completed; hero set decorative,
https://ultratextgen.com/updates/uae-dirham-symbol-unicode-18/,updates,updates,Lower,,yes,/assets/og/updates-uae-dirham-symbol-unicode-18.png,yes,/assets/hero/updates-uae-dirham-symbol-unicode-18.svg,yes,,OG triple completed; hero set decorative,
https://ultratextgen.com/updates/unicode-17-new-emoji-rollout/,updates,updates,Lower,,yes,/assets/og/updates-unicode-17-new-emoji-rollout.png,yes,/assets/hero/updates-unicode-17-new-emoji-rollout.svg,yes,,OG triple completed; hero set decorative,
https://ultratextgen.com/updates/unicode-18-beta-review-opens/,updates,updates,Lower,,yes,/assets/og/updates-unicode-18-beta-review-opens.png,yes,/assets/hero/updates-unicode-18-beta-review-opens.svg,yes,,OG triple completed; hero set decorative,
https://ultratextgen.com/updates/unicode-18-most-anticipated-emoji/,updates,updates,Lower,,yes,/assets/og/updates-unicode-18-most-anticipated-emoji.png,yes,/assets/hero/updates-unicode-18-most-anticipated-emoji.svg,yes,,OG triple completed; hero set decorative,
https://ultratextgen.com/youtube/name-generator/,youtube,youtube,Lower,,yes,/assets/og/youtube-name-generator.png,yes,/assets/hero/youtube-name-generator.svg,yes,,OG triple completed; hero set decorative,
https://ultratextgen.com/about/,legal/info,legal/info,Low,,yes,/assets/og/about.png,yes,/assets/hero/about.svg,yes,,OG triple completed; hero set decorative,
https://ultratextgen.com/contact/,legal/info,legal/info,Low,,yes,/assets/og/contact.png,yes,/assets/hero/contact.svg,yes,,OG triple completed; hero set decorative,
https://ultratextgen.com/privacy/,legal/info,legal/info,Low,,yes,/assets/og/privacy.png,yes,/assets/hero/privacy.svg,yes,,OG triple completed; hero set decorative,
https://ultratextgen.com/terms/,legal/info,legal/info,Low,,yes,/assets/og/terms.png,yes,/assets/hero/terms.svg,yes,,OG triple completed; hero set decorative,
