Title,Media URL,Pinterest board,Thumbnail,Description,Link,Publish date,Keywords
Hand Gesture Symbols to Copy and Paste — UltraTextGen,https://ultratextgen.com/assets/pinterest/library-hand-symbols.png,Fancy Text Generator & Copy Paste Fonts,,"Copy and paste Hand Gesture Symbols (☝ ☞ ☜ ☟ ✌) for bios, captions, usernames, posts and comments. Browse the full Hand Gesture Symbols collection on UltraTextGen — tap any symbol or emoji to copy it instantly, free and with no sign-up.",https://ultratextgen.com/library/hand-symbols/?utm_source=pinterest&utm_medium=social&utm_campaign=organic_pins&utm_content=library-hand-symbols,,"symbol library, hand gesture symbols, hand gesture symbols copy paste, copy and paste symbols, unicode symbols, aesthetic symbols, copy and paste, ultratextgen"
Handshake Emoji to Copy and Paste — UltraTextGen,https://ultratextgen.com/assets/pinterest/library-handshake-emoji.png,Emoji Copy Paste & Emoji Combos,,"Copy and paste Handshake Emoji for bios, captions, usernames, posts and comments. Browse the full Handshake Emoji collection on UltraTextGen — tap any symbol or emoji to copy it instantly, free and with no sign-up.",https://ultratextgen.com/library/handshake-emoji/?utm_source=pinterest&utm_medium=social&utm_campaign=organic_pins&utm_content=library-handshake-emoji,,"symbol library, handshake emoji, handshake emoji copy paste, copy and paste symbols, unicode symbols, aesthetic symbols, copy and paste, ultratextgen"
Happy Emoji to Copy and Paste — UltraTextGen,https://ultratextgen.com/assets/pinterest/library-happy-emoji.png,Emoji Copy Paste & Emoji Combos,,"Copy and paste Happy Emoji for bios, captions, usernames, posts and comments. Browse the full Happy Emoji collection on UltraTextGen — tap any symbol or emoji to copy it instantly, free and with no sign-up.",https://ultratextgen.com/library/happy-emoji/?utm_source=pinterest&utm_medium=social&utm_campaign=organic_pins&utm_content=library-happy-emoji,,"symbol library, happy emoji, happy emoji copy paste, copy and paste symbols, unicode symbols, aesthetic symbols, copy and paste, ultratextgen"
Happy Kaomoji to Copy and Paste — UltraTextGen,https://ultratextgen.com/assets/pinterest/library-happy-kaomoji.png,"Text Art, Kaomoji & ASCII Faces",,"Copy and paste Happy Kaomoji for bios, captions, usernames, posts and comments. Browse the full Happy Kaomoji collection on UltraTextGen — tap any symbol or emoji to copy it instantly, free and with no sign-up.",https://ultratextgen.com/library/happy-kaomoji/?utm_source=pinterest&utm_medium=social&utm_campaign=organic_pins&utm_content=library-happy-kaomoji,,"symbol library, happy kaomoji, happy kaomoji copy paste, copy and paste symbols, unicode symbols, aesthetic symbols, copy and paste, ultratextgen"
Hazard & Warning Symbols to Copy and Paste,https://ultratextgen.com/assets/pinterest/library-hazard-warning-symbols.png,Fancy Text Generator & Copy Paste Fonts,,"Copy and paste Hazard & Warning Symbols for bios, captions, usernames, posts and comments. Browse the full Hazard & Warning Symbols collection on UltraTextGen — tap any symbol or emoji to copy it instantly, free and with no sign-up.",https://ultratextgen.com/library/hazard-warning-symbols/?utm_source=pinterest&utm_medium=social&utm_campaign=organic_pins&utm_content=library-hazard-warning-symbols,,"symbol library, hazard & warning symbols, hazard & warning symbols copy paste, copy and paste symbols, unicode symbols, aesthetic symbols, copy and paste, ultratextgen"
Heart ASCII Art to Copy and Paste — UltraTextGen,https://ultratextgen.com/assets/pinterest/library-heart-ascii-art.png,"Special Characters, Unicode & Keyboard Symbols",,"Copy and paste Heart ASCII Art for bios, captions, usernames, posts and comments. Browse the full Heart ASCII Art collection on UltraTextGen — tap any symbol or emoji to copy it instantly, free and with no sign-up.",https://ultratextgen.com/library/heart-ascii-art/?utm_source=pinterest&utm_medium=social&utm_campaign=organic_pins&utm_content=library-heart-ascii-art,,"symbol library, heart ascii art, heart ascii art copy paste, copy and paste symbols, unicode symbols, aesthetic symbols, copy and paste, ultratextgen"
Heart Emoji to Copy and Paste — UltraTextGen,https://ultratextgen.com/assets/pinterest/library-heart-emoji.png,Emoji Copy Paste & Emoji Combos,,"Copy and paste Heart Emoji for bios, captions, usernames, posts and comments. Browse the full Heart Emoji collection on UltraTextGen — tap any symbol or emoji to copy it instantly, free and with no sign-up.",https://ultratextgen.com/library/heart-emoji/?utm_source=pinterest&utm_medium=social&utm_campaign=organic_pins&utm_content=library-heart-emoji,,"symbol library, heart emoji, heart emoji copy paste, copy and paste symbols, unicode symbols, aesthetic symbols, copy and paste, ultratextgen"
Heart Kaomoji to Copy and Paste — UltraTextGen,https://ultratextgen.com/assets/pinterest/library-heart-kaomoji.png,"Cute Symbols, Hearts & Decorative Text",,"Copy and paste Heart Kaomoji for bios, captions, usernames, posts and comments. Browse the full Heart Kaomoji collection on UltraTextGen — tap any symbol or emoji to copy it instantly, free and with no sign-up.",https://ultratextgen.com/library/heart-kaomoji/?utm_source=pinterest&utm_medium=social&utm_campaign=organic_pins&utm_content=library-heart-kaomoji,,"symbol library, heart kaomoji, heart kaomoji copy paste, copy and paste symbols, unicode symbols, aesthetic symbols, copy and paste, ultratextgen"
Heart Symbols to Copy and Paste — UltraTextGen,https://ultratextgen.com/assets/pinterest/library-heart-symbols.png,"Cute Symbols, Hearts & Decorative Text",,"Copy and paste Heart Symbols (♥ ♡ ❣ ❤ ♥) for bios, captions, usernames, posts and comments. Browse the full Heart Symbols collection on UltraTextGen — tap any symbol or emoji to copy it instantly, free and with no sign-up.",https://ultratextgen.com/library/heart-symbols/?utm_source=pinterest&utm_medium=social&utm_campaign=organic_pins&utm_content=library-heart-symbols,,"symbol library, heart symbols, heart symbols copy paste, copy and paste symbols, unicode symbols, aesthetic symbols, copy and paste, ultratextgen"
High Five Emoji to Copy and Paste — UltraTextGen,https://ultratextgen.com/assets/pinterest/library-high-five-emoji.png,Emoji Copy Paste & Emoji Combos,,"Copy and paste High Five Emoji for bios, captions, usernames, posts and comments. Browse the full High Five Emoji collection on UltraTextGen — tap any symbol or emoji to copy it instantly, free and with no sign-up.",https://ultratextgen.com/library/high-five-emoji/?utm_source=pinterest&utm_medium=social&utm_campaign=organic_pins&utm_content=library-high-five-emoji,,"symbol library, high five emoji, high five emoji copy paste, copy and paste symbols, unicode symbols, aesthetic symbols, copy and paste, ultratextgen"
Hindi Symbols to Copy and Paste — UltraTextGen,https://ultratextgen.com/assets/pinterest/library-hindi-symbols.png,Fancy Text Generator & Copy Paste Fonts,,"Copy and paste Hindi Symbols for bios, captions, usernames, posts and comments. Browse the full Hindi Symbols collection on UltraTextGen — tap any symbol or emoji to copy it instantly, free and with no sign-up.",https://ultratextgen.com/library/hindi-symbols/?utm_source=pinterest&utm_medium=social&utm_campaign=organic_pins&utm_content=library-hindi-symbols,,"symbol library, hindi symbols, hindi symbols copy paste, copy and paste symbols, unicode symbols, aesthetic symbols, copy and paste, ultratextgen"
Honduras Emoji Combos to Copy and Paste — UltraTextGen,https://ultratextgen.com/assets/pinterest/library-honduras-emoji-combos.png,Emoji Copy Paste & Emoji Combos,,"Copy and paste Honduras Emoji Combos for bios, captions, usernames, posts and comments. Browse the full Honduras Emoji Combos collection on UltraTextGen — tap any symbol or emoji to copy it instantly, free and with no sign-up.",https://ultratextgen.com/library/honduras-emoji-combos/?utm_source=pinterest&utm_medium=social&utm_campaign=organic_pins&utm_content=library-honduras-emoji-combos,,"symbol library, honduras emoji combos, honduras emoji combos copy paste, copy and paste symbols, unicode symbols, aesthetic symbols, copy and paste, ultratextgen"
HTML Entities to Copy and Paste — UltraTextGen,https://ultratextgen.com/assets/pinterest/library-html-entities.png,"Special Characters, Unicode & Keyboard Symbols",,"Copy and paste HTML Entities (& < > § ©) for bios, captions, usernames, posts and comments. Browse the full HTML Entities collection on UltraTextGen — tap any symbol or emoji to copy it instantly, free and with no sign-up.",https://ultratextgen.com/library/html-entities/?utm_source=pinterest&utm_medium=social&utm_campaign=organic_pins&utm_content=library-html-entities,,"symbol library, html entities, html entities copy paste, copy and paste symbols, unicode symbols, aesthetic symbols, copy and paste, ultratextgen"
Hug Kaomoji to Copy and Paste — UltraTextGen,https://ultratextgen.com/assets/pinterest/library-hug-kaomoji.png,"Text Art, Kaomoji & ASCII Faces",,"Copy and paste Hug Kaomoji for bios, captions, usernames, posts and comments. Browse the full Hug Kaomoji collection on UltraTextGen — tap any symbol or emoji to copy it instantly, free and with no sign-up.",https://ultratextgen.com/library/hug-kaomoji/?utm_source=pinterest&utm_medium=social&utm_campaign=organic_pins&utm_content=library-hug-kaomoji,,"symbol library, hug kaomoji, hug kaomoji copy paste, copy and paste symbols, unicode symbols, aesthetic symbols, copy and paste, ultratextgen"
Symbol & Emoji Library to Copy and Paste,https://ultratextgen.com/assets/pinterest/library.png,"Special Characters, Unicode & Keyboard Symbols",,"Copy and paste Symbol & Emoji Library for bios, captions, usernames, posts and comments. Browse the full Symbol & Emoji Library collection on UltraTextGen — tap any symbol or emoji to copy it instantly, free and with no sign-up.",https://ultratextgen.com/library/?utm_source=pinterest&utm_medium=social&utm_campaign=organic_pins&utm_content=library,,"symbol library, symbol & emoji library, symbol & emoji library copy paste, copy and paste symbols, unicode symbols, aesthetic symbols, copy and paste, ultratextgen"
India Emoji Combos to Copy and Paste — UltraTextGen,https://ultratextgen.com/assets/pinterest/library-india-emoji-combos.png,Emoji Copy Paste & Emoji Combos,,"Copy and paste India Emoji Combos for bios, captions, usernames, posts and comments. Browse the full India Emoji Combos collection on UltraTextGen — tap any symbol or emoji to copy it instantly, free and with no sign-up.",https://ultratextgen.com/library/india-emoji-combos/?utm_source=pinterest&utm_medium=social&utm_campaign=organic_pins&utm_content=library-india-emoji-combos,,"symbol library, india emoji combos, india emoji combos copy paste, copy and paste symbols, unicode symbols, aesthetic symbols, copy and paste, ultratextgen"
Instagram Symbols to Copy and Paste — UltraTextGen,https://ultratextgen.com/assets/pinterest/library-instagram-symbols.png,Instagram Bio Symbols & Aesthetic Text,,"Copy and paste Instagram Symbols for bios, captions, usernames, posts and comments. Browse the full Instagram Symbols collection on UltraTextGen — tap any symbol or emoji to copy it instantly, free and with no sign-up.",https://ultratextgen.com/library/instagram-symbols/?utm_source=pinterest&utm_medium=social&utm_campaign=organic_pins&utm_content=library-instagram-symbols,,"symbol library, instagram symbols, instagram symbols copy paste, copy and paste symbols, unicode symbols, aesthetic symbols, copy and paste, ultratextgen"
Invisible Character to Copy and Paste — UltraTextGen,https://ultratextgen.com/assets/pinterest/library-invisible-character.png,Fancy Text Generator & Copy Paste Fonts,,"Copy and paste Invisible Character (␣ ▢ ◌ ▯ □) for bios, captions, usernames, posts and comments. Browse the full Invisible Character collection on UltraTextGen — tap any symbol or emoji to copy it instantly, free and with no sign-up.",https://ultratextgen.com/library/invisible-character/?utm_source=pinterest&utm_medium=social&utm_campaign=organic_pins&utm_content=library-invisible-character,,"symbol library, invisible character, invisible character copy paste, copy and paste symbols, unicode symbols, aesthetic symbols, copy and paste, ultratextgen"
IPA Phonetic Symbols to Copy and Paste — UltraTextGen,https://ultratextgen.com/assets/pinterest/library-ipa-phonetic-symbols.png,"Special Characters, Unicode & Keyboard Symbols",,"Copy and paste IPA Phonetic Symbols (ə ʃ θ ʒ ŋ) for bios, captions, usernames, posts and comments. Browse the full IPA Phonetic Symbols collection on UltraTextGen — tap any symbol or emoji to copy it instantly, free and with no sign-up.",https://ultratextgen.com/library/ipa-phonetic-symbols/?utm_source=pinterest&utm_medium=social&utm_campaign=organic_pins&utm_content=library-ipa-phonetic-symbols,,"symbol library, ipa phonetic symbols, ipa phonetic symbols copy paste, copy and paste symbols, unicode symbols, aesthetic symbols, copy and paste, ultratextgen"
iPhone Emojis to Copy and Paste — UltraTextGen,https://ultratextgen.com/assets/pinterest/library-iphone-emojis.png,Emoji Copy Paste & Emoji Combos,,"Copy and paste iPhone Emojis for bios, captions, usernames, posts and comments. Browse the full iPhone Emojis collection on UltraTextGen — tap any symbol or emoji to copy it instantly, free and with no sign-up.",https://ultratextgen.com/library/iphone-emojis/?utm_source=pinterest&utm_medium=social&utm_campaign=organic_pins&utm_content=library-iphone-emojis,,"symbol library, iphone emojis, iphone emojis copy paste, copy and paste symbols, unicode symbols, aesthetic symbols, copy and paste, ultratextgen"
Iran Emoji Combos to Copy and Paste — UltraTextGen,https://ultratextgen.com/assets/pinterest/library-iran-emoji-combos.png,Emoji Copy Paste & Emoji Combos,,"Copy and paste Iran Emoji Combos for bios, captions, usernames, posts and comments. Browse the full Iran Emoji Combos collection on UltraTextGen — tap any symbol or emoji to copy it instantly, free and with no sign-up.",https://ultratextgen.com/library/iran-emoji-combos/?utm_source=pinterest&utm_medium=social&utm_campaign=organic_pins&utm_content=library-iran-emoji-combos,,"symbol library, iran emoji combos, iran emoji combos copy paste, copy and paste symbols, unicode symbols, aesthetic symbols, copy and paste, ultratextgen"
Ireland Emoji Combos to Copy and Paste — UltraTextGen,https://ultratextgen.com/assets/pinterest/library-ireland-emoji-combos.png,Emoji Copy Paste & Emoji Combos,,"Copy and paste Ireland Emoji Combos for bios, captions, usernames, posts and comments. Browse the full Ireland Emoji Combos collection on UltraTextGen — tap any symbol or emoji to copy it instantly, free and with no sign-up.",https://ultratextgen.com/library/ireland-emoji-combos/?utm_source=pinterest&utm_medium=social&utm_campaign=organic_pins&utm_content=library-ireland-emoji-combos,,"symbol library, ireland emoji combos, ireland emoji combos copy paste, copy and paste symbols, unicode symbols, aesthetic symbols, copy and paste, ultratextgen"
Islamic Symbols to Copy and Paste — UltraTextGen,https://ultratextgen.com/assets/pinterest/library-islamic-symbols.png,Fancy Text Generator & Copy Paste Fonts,,"Copy and paste Islamic Symbols (☪ ✦ ☾ ❂ ★) for bios, captions, usernames, posts and comments. Browse the full Islamic Symbols collection on UltraTextGen — tap any symbol or emoji to copy it instantly, free and with no sign-up.",https://ultratextgen.com/library/islamic-symbols/?utm_source=pinterest&utm_medium=social&utm_campaign=organic_pins&utm_content=library-islamic-symbols,,"symbol library, islamic symbols, islamic symbols copy paste, copy and paste symbols, unicode symbols, aesthetic symbols, copy and paste, ultratextgen"
Italy Emoji Combos to Copy and Paste — UltraTextGen,https://ultratextgen.com/assets/pinterest/library-italy-emoji-combos.png,Emoji Copy Paste & Emoji Combos,,"Copy and paste Italy Emoji Combos for bios, captions, usernames, posts and comments. Browse the full Italy Emoji Combos collection on UltraTextGen — tap any symbol or emoji to copy it instantly, free and with no sign-up.",https://ultratextgen.com/library/italy-emoji-combos/?utm_source=pinterest&utm_medium=social&utm_campaign=organic_pins&utm_content=library-italy-emoji-combos,,"symbol library, italy emoji combos, italy emoji combos copy paste, copy and paste symbols, unicode symbols, aesthetic symbols, copy and paste, ultratextgen"
Ivory Coast Emoji Combos to Copy and Paste,https://ultratextgen.com/assets/pinterest/library-ivory-coast-emoji-combos.png,Emoji Copy Paste & Emoji Combos,,"Copy and paste Ivory Coast Emoji Combos for bios, captions, usernames, posts and comments. Browse the full Ivory Coast Emoji Combos collection on UltraTextGen — tap any symbol or emoji to copy it instantly, free and with no sign-up.",https://ultratextgen.com/library/ivory-coast-emoji-combos/?utm_source=pinterest&utm_medium=social&utm_campaign=organic_pins&utm_content=library-ivory-coast-emoji-combos,,"symbol library, ivory coast emoji combos, ivory coast emoji combos copy paste, copy and paste symbols, unicode symbols, aesthetic symbols, copy and paste, ultratextgen"
Jamaica Emoji Combos to Copy and Paste — UltraTextGen,https://ultratextgen.com/assets/pinterest/library-jamaica-emoji-combos.png,Emoji Copy Paste & Emoji Combos,,"Copy and paste Jamaica Emoji Combos for bios, captions, usernames, posts and comments. Browse the full Jamaica Emoji Combos collection on UltraTextGen — tap any symbol or emoji to copy it instantly, free and with no sign-up.",https://ultratextgen.com/library/jamaica-emoji-combos/?utm_source=pinterest&utm_medium=social&utm_campaign=organic_pins&utm_content=library-jamaica-emoji-combos,,"symbol library, jamaica emoji combos, jamaica emoji combos copy paste, copy and paste symbols, unicode symbols, aesthetic symbols, copy and paste, ultratextgen"
Japan Emoji Combos to Copy and Paste — UltraTextGen,https://ultratextgen.com/assets/pinterest/library-japan-emoji-combos.png,Emoji Copy Paste & Emoji Combos,,"Copy and paste Japan Emoji Combos for bios, captions, usernames, posts and comments. Browse the full Japan Emoji Combos collection on UltraTextGen — tap any symbol or emoji to copy it instantly, free and with no sign-up.",https://ultratextgen.com/library/japan-emoji-combos/?utm_source=pinterest&utm_medium=social&utm_campaign=organic_pins&utm_content=library-japan-emoji-combos,,"symbol library, japan emoji combos, japan emoji combos copy paste, copy and paste symbols, unicode symbols, aesthetic symbols, copy and paste, ultratextgen"
Japanese Symbols to Copy and Paste — UltraTextGen,https://ultratextgen.com/assets/pinterest/library-japanese-symbols.png,Fancy Text Generator & Copy Paste Fonts,,"Copy and paste Japanese Symbols for bios, captions, usernames, posts and comments. Browse the full Japanese Symbols collection on UltraTextGen — tap any symbol or emoji to copy it instantly, free and with no sign-up.",https://ultratextgen.com/library/japanese-symbols/?utm_source=pinterest&utm_medium=social&utm_campaign=organic_pins&utm_content=library-japanese-symbols,,"symbol library, japanese symbols, japanese symbols copy paste, copy and paste symbols, unicode symbols, aesthetic symbols, copy and paste, ultratextgen"
Jewelry & Gem Emojis to Copy and Paste — UltraTextGen,https://ultratextgen.com/assets/pinterest/library-jewelry-gem-emojis.png,Emoji Copy Paste & Emoji Combos,,"Copy and paste Jewelry & Gem Emojis (◆ ◇ ♦ ✦ ❖) for bios, captions, usernames, posts and comments. Browse the full Jewelry & Gem Emojis collection on UltraTextGen — tap any symbol or emoji to copy it instantly, free and with no sign-up.",https://ultratextgen.com/library/jewelry-gem-emojis/?utm_source=pinterest&utm_medium=social&utm_campaign=organic_pins&utm_content=library-jewelry-gem-emojis,,"symbol library, jewelry & gem emojis, jewelry & gem emojis copy paste, copy and paste symbols, unicode symbols, aesthetic symbols, copy and paste, ultratextgen"
Kane Emoji Combos to Copy and Paste — UltraTextGen,https://ultratextgen.com/assets/pinterest/library-kane-emoji-combos.png,Emoji Copy Paste & Emoji Combos,,"Copy and paste Kane Emoji Combos for bios, captions, usernames, posts and comments. Browse the full Kane Emoji Combos collection on UltraTextGen — tap any symbol or emoji to copy it instantly, free and with no sign-up.",https://ultratextgen.com/library/kane-emoji-combos/?utm_source=pinterest&utm_medium=social&utm_campaign=organic_pins&utm_content=library-kane-emoji-combos,,"symbol library, kane emoji combos, kane emoji combos copy paste, copy and paste symbols, unicode symbols, aesthetic symbols, copy and paste, ultratextgen"
Kawaii & Cute Symbols to Copy and Paste — UltraTextGen,https://ultratextgen.com/assets/pinterest/library-kawaii-cute-symbols.png,"Cute Symbols, Hearts & Decorative Text",,"Copy and paste Kawaii & Cute Symbols (♡ ❀ ✧ ⊹ ✦) for bios, captions, usernames, posts and comments. Browse the full Kawaii & Cute Symbols collection on UltraTextGen — tap any symbol or emoji to copy it instantly, free and with no sign-up.",https://ultratextgen.com/library/kawaii-cute-symbols/?utm_source=pinterest&utm_medium=social&utm_campaign=organic_pins&utm_content=library-kawaii-cute-symbols,,"symbol library, kawaii & cute symbols, kawaii & cute symbols copy paste, copy and paste symbols, unicode symbols, aesthetic symbols, copy and paste, ultratextgen"
Keyboard Symbols to Copy and Paste — UltraTextGen,https://ultratextgen.com/assets/pinterest/library-keyboard-symbols.png,"Special Characters, Unicode & Keyboard Symbols",,"Copy and paste Keyboard Symbols (⌘ ⌥ ⇧ ⏎ ⌫) for bios, captions, usernames, posts and comments. Browse the full Keyboard Symbols collection on UltraTextGen — tap any symbol or emoji to copy it instantly, free and with no sign-up.",https://ultratextgen.com/library/keyboard-symbols/?utm_source=pinterest&utm_medium=social&utm_campaign=organic_pins&utm_content=library-keyboard-symbols,,"symbol library, keyboard symbols, keyboard symbols copy paste, copy and paste symbols, unicode symbols, aesthetic symbols, copy and paste, ultratextgen"
Kiss Emoji to Copy and Paste — UltraTextGen,https://ultratextgen.com/assets/pinterest/library-kiss-emoji.png,Emoji Copy Paste & Emoji Combos,,"Copy and paste Kiss Emoji for bios, captions, usernames, posts and comments. Browse the full Kiss Emoji collection on UltraTextGen — tap any symbol or emoji to copy it instantly, free and with no sign-up.",https://ultratextgen.com/library/kiss-emoji/?utm_source=pinterest&utm_medium=social&utm_campaign=organic_pins&utm_content=library-kiss-emoji,,"symbol library, kiss emoji, kiss emoji copy paste, copy and paste symbols, unicode symbols, aesthetic symbols, copy and paste, ultratextgen"
Kiss Kaomoji to Copy and Paste — UltraTextGen,https://ultratextgen.com/assets/pinterest/library-kiss-kaomoji.png,"Text Art, Kaomoji & ASCII Faces",,"Copy and paste Kiss Kaomoji for bios, captions, usernames, posts and comments. Browse the full Kiss Kaomoji collection on UltraTextGen — tap any symbol or emoji to copy it instantly, free and with no sign-up.",https://ultratextgen.com/library/kiss-kaomoji/?utm_source=pinterest&utm_medium=social&utm_campaign=organic_pins&utm_content=library-kiss-kaomoji,,"symbol library, kiss kaomoji, kiss kaomoji copy paste, copy and paste symbols, unicode symbols, aesthetic symbols, copy and paste, ultratextgen"
Korean Symbols to Copy and Paste — UltraTextGen,https://ultratextgen.com/assets/pinterest/library-korean-symbols.png,Fancy Text Generator & Copy Paste Fonts,,"Copy and paste Korean Symbols for bios, captions, usernames, posts and comments. Browse the full Korean Symbols collection on UltraTextGen — tap any symbol or emoji to copy it instantly, free and with no sign-up.",https://ultratextgen.com/library/korean-symbols/?utm_source=pinterest&utm_medium=social&utm_campaign=organic_pins&utm_content=library-korean-symbols,,"symbol library, korean symbols, korean symbols copy paste, copy and paste symbols, unicode symbols, aesthetic symbols, copy and paste, ultratextgen"
Kvaratskhelia Emoji Combos to Copy and Paste,https://ultratextgen.com/assets/pinterest/library-kvaratskhelia-emoji-combos.png,Emoji Copy Paste & Emoji Combos,,"Copy and paste Kvaratskhelia Emoji Combos for bios, captions, usernames, posts and comments. Browse the full Kvaratskhelia Emoji Combos collection on UltraTextGen — tap any symbol or emoji to copy it instantly, free and with no sign-up.",https://ultratextgen.com/library/kvaratskhelia-emoji-combos/?utm_source=pinterest&utm_medium=social&utm_campaign=organic_pins&utm_content=library-kvaratskhelia-emoji-combos,,"symbol library, kvaratskhelia emoji combos, kvaratskhelia emoji combos copy paste, copy and paste symbols, unicode symbols, aesthetic symbols, copy and paste, ultratextgen"
LaTeX Symbols to Copy and Paste — UltraTextGen,https://ultratextgen.com/assets/pinterest/library-latex-symbols.png,"Special Characters, Unicode & Keyboard Symbols",,"Copy and paste LaTeX Symbols (∑ ∫ √ ∂ ∇) for bios, captions, usernames, posts and comments. Browse the full LaTeX Symbols collection on UltraTextGen — tap any symbol or emoji to copy it instantly, free and with no sign-up.",https://ultratextgen.com/library/latex-symbols/?utm_source=pinterest&utm_medium=social&utm_campaign=organic_pins&utm_content=library-latex-symbols,,"symbol library, latex symbols, latex symbols copy paste, copy and paste symbols, unicode symbols, aesthetic symbols, copy and paste, ultratextgen"
Laughing Emoji to Copy and Paste — UltraTextGen,https://ultratextgen.com/assets/pinterest/library-laughing-emoji.png,Emoji Copy Paste & Emoji Combos,,"Copy and paste Laughing Emoji for bios, captions, usernames, posts and comments. Browse the full Laughing Emoji collection on UltraTextGen — tap any symbol or emoji to copy it instantly, free and with no sign-up.",https://ultratextgen.com/library/laughing-emoji/?utm_source=pinterest&utm_medium=social&utm_campaign=organic_pins&utm_content=library-laughing-emoji,,"symbol library, laughing emoji, laughing emoji copy paste, copy and paste symbols, unicode symbols, aesthetic symbols, copy and paste, ultratextgen"
Laughing Kaomoji to Copy and Paste — UltraTextGen,https://ultratextgen.com/assets/pinterest/library-laughing-kaomoji.png,"Text Art, Kaomoji & ASCII Faces",,"Copy and paste Laughing Kaomoji for bios, captions, usernames, posts and comments. Browse the full Laughing Kaomoji collection on UltraTextGen — tap any symbol or emoji to copy it instantly, free and with no sign-up.",https://ultratextgen.com/library/laughing-kaomoji/?utm_source=pinterest&utm_medium=social&utm_campaign=organic_pins&utm_content=library-laughing-kaomoji,,"symbol library, laughing kaomoji, laughing kaomoji copy paste, copy and paste symbols, unicode symbols, aesthetic symbols, copy and paste, ultratextgen"
Laundry Care Symbols to Copy and Paste — UltraTextGen,https://ultratextgen.com/assets/pinterest/library-laundry-care-symbols.png,Fancy Text Generator & Copy Paste Fonts,,"Copy and paste Laundry Care Symbols (○ △ □ ◇ ▽) for bios, captions, usernames, posts and comments. Browse the full Laundry Care Symbols collection on UltraTextGen — tap any symbol or emoji to copy it instantly, free and with no sign-up.",https://ultratextgen.com/library/laundry-care-symbols/?utm_source=pinterest&utm_medium=social&utm_campaign=organic_pins&utm_content=library-laundry-care-symbols,,"symbol library, laundry care symbols, laundry care symbols copy paste, copy and paste symbols, unicode symbols, aesthetic symbols, copy and paste, ultratextgen"
Lautaro Martinez Emoji Combos to Copy and Paste,https://ultratextgen.com/assets/pinterest/library-lautaro-martinez-emoji-combos.png,Emoji Copy Paste & Emoji Combos,,"Copy and paste Lautaro Martinez Emoji Combos for bios, captions, usernames, posts and comments. Browse the full Lautaro Martinez Emoji Combos collection on UltraTextGen — tap any symbol or emoji to copy it instantly, free and with no sign-up.",https://ultratextgen.com/library/lautaro-martinez-emoji-combos/?utm_source=pinterest&utm_medium=social&utm_campaign=organic_pins&utm_content=library-lautaro-martinez-emoji-combos,,"symbol library, lautaro martinez emoji combos, lautaro martinez emoji combos copy paste, copy and paste symbols, unicode symbols, aesthetic symbols, copy and paste, ultratextgen"
Lenny Face to Copy and Paste — UltraTextGen,https://ultratextgen.com/assets/pinterest/library-lenny-face.png,"Text Art, Kaomoji & ASCII Faces",,"Copy and paste Lenny Face for bios, captions, usernames, posts and comments. Browse the full Lenny Face collection on UltraTextGen — tap any symbol or emoji to copy it instantly, free and with no sign-up.",https://ultratextgen.com/library/lenny-face/?utm_source=pinterest&utm_medium=social&utm_campaign=organic_pins&utm_content=library-lenny-face,,"symbol library, lenny face, lenny face copy paste, copy and paste symbols, unicode symbols, aesthetic symbols, copy and paste, ultratextgen"
Lewandowski Emoji Combos to Copy and Paste,https://ultratextgen.com/assets/pinterest/library-lewandowski-emoji-combos.png,Emoji Copy Paste & Emoji Combos,,"Copy and paste Lewandowski Emoji Combos for bios, captions, usernames, posts and comments. Browse the full Lewandowski Emoji Combos collection on UltraTextGen — tap any symbol or emoji to copy it instantly, free and with no sign-up.",https://ultratextgen.com/library/lewandowski-emoji-combos/?utm_source=pinterest&utm_medium=social&utm_campaign=organic_pins&utm_content=library-lewandowski-emoji-combos,,"symbol library, lewandowski emoji combos, lewandowski emoji combos copy paste, copy and paste symbols, unicode symbols, aesthetic symbols, copy and paste, ultratextgen"
Line Dividers & Separators to Copy and Paste,https://ultratextgen.com/assets/pinterest/library-line-divider-symbols.png,"Cute Symbols, Hearts & Decorative Text",,"Copy and paste Line Dividers & Separators for bios, captions, usernames, posts and comments. Browse the full Line Dividers & Separators collection on UltraTextGen — tap any symbol or emoji to copy it instantly, free and with no sign-up.",https://ultratextgen.com/library/line-divider-symbols/?utm_source=pinterest&utm_medium=social&utm_campaign=organic_pins&utm_content=library-line-divider-symbols,,"symbol library, line dividers & separators, line dividers & separators copy paste, copy and paste symbols, unicode symbols, aesthetic symbols, copy and paste, ultratextgen"
LinkedIn Symbol Library to Copy and Paste,https://ultratextgen.com/assets/pinterest/library-linkedin-symbol-library.png,LinkedIn Fonts & Professional Text,,"Copy and paste LinkedIn Symbol Library (▸ ✓ ★ • ➤) for bios, captions, usernames, posts and comments. Browse the full LinkedIn Symbol Library collection on UltraTextGen — tap any symbol or emoji to copy it instantly, free and with no sign-up.",https://ultratextgen.com/library/linkedin-symbol-library/?utm_source=pinterest&utm_medium=social&utm_campaign=organic_pins&utm_content=library-linkedin-symbol-library,,"symbol library, linkedin symbol library, linkedin symbol library copy paste, copy and paste symbols, unicode symbols, aesthetic symbols, copy and paste, ultratextgen"
Lip Bite Emoji to Copy and Paste — UltraTextGen,https://ultratextgen.com/assets/pinterest/library-lip-bite-emoji.png,Emoji Copy Paste & Emoji Combos,,"Copy and paste Lip Bite Emoji for bios, captions, usernames, posts and comments. Browse the full Lip Bite Emoji collection on UltraTextGen — tap any symbol or emoji to copy it instantly, free and with no sign-up.",https://ultratextgen.com/library/lip-bite-emoji/?utm_source=pinterest&utm_medium=social&utm_campaign=organic_pins&utm_content=library-lip-bite-emoji,,"symbol library, lip bite emoji, lip bite emoji copy paste, copy and paste symbols, unicode symbols, aesthetic symbols, copy and paste, ultratextgen"
Loading & Spinner Symbols to Copy and Paste,https://ultratextgen.com/assets/pinterest/library-loading-text-symbols.png,Fancy Text Generator & Copy Paste Fonts,,"Copy and paste Loading & Spinner Symbols (◐ ◓ ◑ ◒ ○) for bios, captions, usernames, posts and comments. Browse the full Loading & Spinner Symbols collection on UltraTextGen — tap any symbol or emoji to copy it instantly, free and with no sign-up.",https://ultratextgen.com/library/loading-text-symbols/?utm_source=pinterest&utm_medium=social&utm_campaign=organic_pins&utm_content=library-loading-text-symbols,,"symbol library, loading & spinner symbols, loading & spinner symbols copy paste, copy and paste symbols, unicode symbols, aesthetic symbols, copy and paste, ultratextgen"
Love & Heart Kaomoji to Copy and Paste — UltraTextGen,https://ultratextgen.com/assets/pinterest/library-love-kaomoji.png,"Cute Symbols, Hearts & Decorative Text",,"Copy and paste Love & Heart Kaomoji for bios, captions, usernames, posts and comments. Browse the full Love & Heart Kaomoji collection on UltraTextGen — tap any symbol or emoji to copy it instantly, free and with no sign-up.",https://ultratextgen.com/library/love-kaomoji/?utm_source=pinterest&utm_medium=social&utm_campaign=organic_pins&utm_content=library-love-kaomoji,,"symbol library, love & heart kaomoji, love & heart kaomoji copy paste, copy and paste symbols, unicode symbols, aesthetic symbols, copy and paste, ultratextgen"
Math Symbols to Copy and Paste — UltraTextGen,https://ultratextgen.com/assets/pinterest/library-math-symbols.png,"Special Characters, Unicode & Keyboard Symbols",,"Copy and paste Math Symbols (∑ ∫ √ π ∞) for bios, captions, usernames, posts and comments. Browse the full Math Symbols collection on UltraTextGen — tap any symbol or emoji to copy it instantly, free and with no sign-up.",https://ultratextgen.com/library/math-symbols/?utm_source=pinterest&utm_medium=social&utm_campaign=organic_pins&utm_content=library-math-symbols,,"symbol library, math symbols, math symbols copy paste, copy and paste symbols, unicode symbols, aesthetic symbols, copy and paste, ultratextgen"
Mbappe Emoji Combos to Copy and Paste — UltraTextGen,https://ultratextgen.com/assets/pinterest/library-mbappe-emoji-combos.png,Emoji Copy Paste & Emoji Combos,,"Copy and paste Mbappe Emoji Combos for bios, captions, usernames, posts and comments. Browse the full Mbappe Emoji Combos collection on UltraTextGen — tap any symbol or emoji to copy it instantly, free and with no sign-up.",https://ultratextgen.com/library/mbappe-emoji-combos/?utm_source=pinterest&utm_medium=social&utm_campaign=organic_pins&utm_content=library-mbappe-emoji-combos,,"symbol library, mbappe emoji combos, mbappe emoji combos copy paste, copy and paste symbols, unicode symbols, aesthetic symbols, copy and paste, ultratextgen"
Media Control Symbols to Copy and Paste — UltraTextGen,https://ultratextgen.com/assets/pinterest/library-media-control-symbols.png,Fancy Text Generator & Copy Paste Fonts,,"Copy and paste Media Control Symbols (▶ ◀ ■ ▲ ▼) for bios, captions, usernames, posts and comments. Browse the full Media Control Symbols collection on UltraTextGen — tap any symbol or emoji to copy it instantly, free and with no sign-up.",https://ultratextgen.com/library/media-control-symbols/?utm_source=pinterest&utm_medium=social&utm_campaign=organic_pins&utm_content=library-media-control-symbols,,"symbol library, media control symbols, media control symbols copy paste, copy and paste symbols, unicode symbols, aesthetic symbols, copy and paste, ultratextgen"
Medical Symbols to Copy and Paste — UltraTextGen,https://ultratextgen.com/assets/pinterest/library-medical-symbols.png,Fancy Text Generator & Copy Paste Fonts,,"Copy and paste Medical Symbols (✚ ☤ ⚕ ✛ ✠) for bios, captions, usernames, posts and comments. Browse the full Medical Symbols collection on UltraTextGen — tap any symbol or emoji to copy it instantly, free and with no sign-up.",https://ultratextgen.com/library/medical-symbols/?utm_source=pinterest&utm_medium=social&utm_campaign=organic_pins&utm_content=library-medical-symbols,,"symbol library, medical symbols, medical symbols copy paste, copy and paste symbols, unicode symbols, aesthetic symbols, copy and paste, ultratextgen"
Meme Text Art to Copy and Paste — UltraTextGen,https://ultratextgen.com/assets/pinterest/library-meme-text-art.png,"Special Characters, Unicode & Keyboard Symbols",,"Copy and paste Meme Text Art for bios, captions, usernames, posts and comments. Browse the full Meme Text Art collection on UltraTextGen — tap any symbol or emoji to copy it instantly, free and with no sign-up.",https://ultratextgen.com/library/meme-text-art/?utm_source=pinterest&utm_medium=social&utm_campaign=organic_pins&utm_content=library-meme-text-art,,"symbol library, meme text art, meme text art copy paste, copy and paste symbols, unicode symbols, aesthetic symbols, copy and paste, ultratextgen"
Messi Emoji Combos to Copy and Paste — UltraTextGen,https://ultratextgen.com/assets/pinterest/library-messi-emoji-combos.png,Emoji Copy Paste & Emoji Combos,,"Copy and paste Messi Emoji Combos for bios, captions, usernames, posts and comments. Browse the full Messi Emoji Combos collection on UltraTextGen — tap any symbol or emoji to copy it instantly, free and with no sign-up.",https://ultratextgen.com/library/messi-emoji-combos/?utm_source=pinterest&utm_medium=social&utm_campaign=organic_pins&utm_content=library-messi-emoji-combos,,"symbol library, messi emoji combos, messi emoji combos copy paste, copy and paste symbols, unicode symbols, aesthetic symbols, copy and paste, ultratextgen"
Mexico Emoji Combos to Copy and Paste — UltraTextGen,https://ultratextgen.com/assets/pinterest/library-mexico-emoji-combos.png,Emoji Copy Paste & Emoji Combos,,"Copy and paste Mexico Emoji Combos for bios, captions, usernames, posts and comments. Browse the full Mexico Emoji Combos collection on UltraTextGen — tap any symbol or emoji to copy it instantly, free and with no sign-up.",https://ultratextgen.com/library/mexico-emoji-combos/?utm_source=pinterest&utm_medium=social&utm_campaign=organic_pins&utm_content=library-mexico-emoji-combos,,"symbol library, mexico emoji combos, mexico emoji combos copy paste, copy and paste symbols, unicode symbols, aesthetic symbols, copy and paste, ultratextgen"
Middle Finger Emoji to Copy and Paste — UltraTextGen,https://ultratextgen.com/assets/pinterest/library-middle-finger-emoji.png,Emoji Copy Paste & Emoji Combos,,"Copy and paste Middle Finger Emoji for bios, captions, usernames, posts and comments. Browse the full Middle Finger Emoji collection on UltraTextGen — tap any symbol or emoji to copy it instantly, free and with no sign-up.",https://ultratextgen.com/library/middle-finger-emoji/?utm_source=pinterest&utm_medium=social&utm_campaign=organic_pins&utm_content=library-middle-finger-emoji,,"symbol library, middle finger emoji, middle finger emoji copy paste, copy and paste symbols, unicode symbols, aesthetic symbols, copy and paste, ultratextgen"
Minecraft Symbols to Copy and Paste — UltraTextGen,https://ultratextgen.com/assets/pinterest/library-minecraft-symbols.png,Gaming Symbols & Usernames,,"Copy and paste Minecraft Symbols for bios, captions, usernames, posts and comments. Browse the full Minecraft Symbols collection on UltraTextGen — tap any symbol or emoji to copy it instantly, free and with no sign-up.",https://ultratextgen.com/library/minecraft-symbols/?utm_source=pinterest&utm_medium=social&utm_campaign=organic_pins&utm_content=library-minecraft-symbols,,"symbol library, minecraft symbols, minecraft symbols copy paste, copy and paste symbols, unicode symbols, aesthetic symbols, copy and paste, ultratextgen"
Mobile Legends Name Symbols to Copy and Paste,https://ultratextgen.com/assets/pinterest/library-ml-name-symbols.png,Gaming Symbols & Usernames,,"Copy and paste Mobile Legends Name Symbols for bios, captions, usernames, posts and comments. Browse the full Mobile Legends Name Symbols collection on UltraTextGen — tap any symbol or emoji to copy it instantly, free and with no sign-up.",https://ultratextgen.com/library/ml-name-symbols/?utm_source=pinterest&utm_medium=social&utm_campaign=organic_pins&utm_content=library-ml-name-symbols,,"symbol library, mobile legends name symbols, mobile legends name symbols copy paste, copy and paste symbols, unicode symbols, aesthetic symbols, copy and paste, ultratextgen"
Moai Emoji to Copy and Paste — UltraTextGen,https://ultratextgen.com/assets/pinterest/library-moai-emoji.png,Emoji Copy Paste & Emoji Combos,,"Copy and paste Moai Emoji for bios, captions, usernames, posts and comments. Browse the full Moai Emoji collection on UltraTextGen — tap any symbol or emoji to copy it instantly, free and with no sign-up.",https://ultratextgen.com/library/moai-emoji/?utm_source=pinterest&utm_medium=social&utm_campaign=organic_pins&utm_content=library-moai-emoji,,"symbol library, moai emoji, moai emoji copy paste, copy and paste symbols, unicode symbols, aesthetic symbols, copy and paste, ultratextgen"
Modric Emoji Combos to Copy and Paste — UltraTextGen,https://ultratextgen.com/assets/pinterest/library-modric-emoji-combos.png,Emoji Copy Paste & Emoji Combos,,"Copy and paste Modric Emoji Combos for bios, captions, usernames, posts and comments. Browse the full Modric Emoji Combos collection on UltraTextGen — tap any symbol or emoji to copy it instantly, free and with no sign-up.",https://ultratextgen.com/library/modric-emoji-combos/?utm_source=pinterest&utm_medium=social&utm_campaign=organic_pins&utm_content=library-modric-emoji-combos,,"symbol library, modric emoji combos, modric emoji combos copy paste, copy and paste symbols, unicode symbols, aesthetic symbols, copy and paste, ultratextgen"
Money Emojis to Copy and Paste — UltraTextGen,https://ultratextgen.com/assets/pinterest/library-money-emojis.png,"Special Characters, Unicode & Keyboard Symbols",,"Copy and paste Money Emojis for bios, captions, usernames, posts and comments. Browse the full Money Emojis collection on UltraTextGen — tap any symbol or emoji to copy it instantly, free and with no sign-up.",https://ultratextgen.com/library/money-emojis/?utm_source=pinterest&utm_medium=social&utm_campaign=organic_pins&utm_content=library-money-emojis,,"symbol library, money emojis, money emojis copy paste, copy and paste symbols, unicode symbols, aesthetic symbols, copy and paste, ultratextgen"
Moon & Celestial Symbols to Copy and Paste,https://ultratextgen.com/assets/pinterest/library-moon-celestial-symbols.png,"Cute Symbols, Hearts & Decorative Text",,"Copy and paste Moon & Celestial Symbols (☽ ☾ ☀ ★ ✦) for bios, captions, usernames, posts and comments. Browse the full Moon & Celestial Symbols collection on UltraTextGen — tap any symbol or emoji to copy it instantly, free and with no sign-up.",https://ultratextgen.com/library/moon-celestial-symbols/?utm_source=pinterest&utm_medium=social&utm_campaign=organic_pins&utm_content=library-moon-celestial-symbols,,"symbol library, moon & celestial symbols, moon & celestial symbols copy paste, copy and paste symbols, unicode symbols, aesthetic symbols, copy and paste, ultratextgen"
Morocco Emoji Combos to Copy and Paste — UltraTextGen,https://ultratextgen.com/assets/pinterest/library-morocco-emoji-combos.png,Emoji Copy Paste & Emoji Combos,,"Copy and paste Morocco Emoji Combos for bios, captions, usernames, posts and comments. Browse the full Morocco Emoji Combos collection on UltraTextGen — tap any symbol or emoji to copy it instantly, free and with no sign-up.",https://ultratextgen.com/library/morocco-emoji-combos/?utm_source=pinterest&utm_medium=social&utm_campaign=organic_pins&utm_content=library-morocco-emoji-combos,,"symbol library, morocco emoji combos, morocco emoji combos copy paste, copy and paste symbols, unicode symbols, aesthetic symbols, copy and paste, ultratextgen"
Movie Night Emojis to Copy and Paste — UltraTextGen,https://ultratextgen.com/assets/pinterest/library-movie-night-emojis.png,Emoji Copy Paste & Emoji Combos,,"Copy and paste Movie Night Emojis for bios, captions, usernames, posts and comments. Browse the full Movie Night Emojis collection on UltraTextGen — tap any symbol or emoji to copy it instantly, free and with no sign-up.",https://ultratextgen.com/library/movie-night-emojis/?utm_source=pinterest&utm_medium=social&utm_campaign=organic_pins&utm_content=library-movie-night-emojis,,"symbol library, movie night emojis, movie night emojis copy paste, copy and paste symbols, unicode symbols, aesthetic symbols, copy and paste, ultratextgen"
Muscle Emoji to Copy and Paste — UltraTextGen,https://ultratextgen.com/assets/pinterest/library-muscle-emoji.png,Emoji Copy Paste & Emoji Combos,,"Copy and paste Muscle Emoji for bios, captions, usernames, posts and comments. Browse the full Muscle Emoji collection on UltraTextGen — tap any symbol or emoji to copy it instantly, free and with no sign-up.",https://ultratextgen.com/library/muscle-emoji/?utm_source=pinterest&utm_medium=social&utm_campaign=organic_pins&utm_content=library-muscle-emoji,,"symbol library, muscle emoji, muscle emoji copy paste, copy and paste symbols, unicode symbols, aesthetic symbols, copy and paste, ultratextgen"
Musiala Emoji Combos to Copy and Paste — UltraTextGen,https://ultratextgen.com/assets/pinterest/library-musiala-emoji-combos.png,Emoji Copy Paste & Emoji Combos,,"Copy and paste Musiala Emoji Combos for bios, captions, usernames, posts and comments. Browse the full Musiala Emoji Combos collection on UltraTextGen — tap any symbol or emoji to copy it instantly, free and with no sign-up.",https://ultratextgen.com/library/musiala-emoji-combos/?utm_source=pinterest&utm_medium=social&utm_campaign=organic_pins&utm_content=library-musiala-emoji-combos,,"symbol library, musiala emoji combos, musiala emoji combos copy paste, copy and paste symbols, unicode symbols, aesthetic symbols, copy and paste, ultratextgen"
Music Kaomoji to Copy and Paste — UltraTextGen,https://ultratextgen.com/assets/pinterest/library-music-kaomoji.png,"Text Art, Kaomoji & ASCII Faces",,"Copy and paste Music Kaomoji for bios, captions, usernames, posts and comments. Browse the full Music Kaomoji collection on UltraTextGen — tap any symbol or emoji to copy it instantly, free and with no sign-up.",https://ultratextgen.com/library/music-kaomoji/?utm_source=pinterest&utm_medium=social&utm_campaign=organic_pins&utm_content=library-music-kaomoji,,"symbol library, music kaomoji, music kaomoji copy paste, copy and paste symbols, unicode symbols, aesthetic symbols, copy and paste, ultratextgen"
Music Note Symbols to Copy and Paste — UltraTextGen,https://ultratextgen.com/assets/pinterest/library-music-symbols.png,Fancy Text Generator & Copy Paste Fonts,,"Copy and paste Music Note Symbols for bios, captions, usernames, posts and comments. Browse the full Music Note Symbols collection on UltraTextGen — tap any symbol or emoji to copy it instantly, free and with no sign-up.",https://ultratextgen.com/library/music-symbols/?utm_source=pinterest&utm_medium=social&utm_campaign=organic_pins&utm_content=library-music-symbols,,"symbol library, music note symbols, music note symbols copy paste, copy and paste symbols, unicode symbols, aesthetic symbols, copy and paste, ultratextgen"
Nature Emojis to Copy and Paste — UltraTextGen,https://ultratextgen.com/assets/pinterest/library-nature-emojis.png,Emoji Copy Paste & Emoji Combos,,"Copy and paste Nature Emojis (☘ ❀ ✿ ⚘ ❁) for bios, captions, usernames, posts and comments. Browse the full Nature Emojis collection on UltraTextGen — tap any symbol or emoji to copy it instantly, free and with no sign-up.",https://ultratextgen.com/library/nature-emojis/?utm_source=pinterest&utm_medium=social&utm_campaign=organic_pins&utm_content=library-nature-emojis,,"symbol library, nature emojis, nature emojis copy paste, copy and paste symbols, unicode symbols, aesthetic symbols, copy and paste, ultratextgen"
Nerd Emoji to Copy and Paste — UltraTextGen,https://ultratextgen.com/assets/pinterest/library-nerd-emoji.png,Emoji Copy Paste & Emoji Combos,,"Copy and paste Nerd Emoji for bios, captions, usernames, posts and comments. Browse the full Nerd Emoji collection on UltraTextGen — tap any symbol or emoji to copy it instantly, free and with no sign-up.",https://ultratextgen.com/library/nerd-emoji/?utm_source=pinterest&utm_medium=social&utm_campaign=organic_pins&utm_content=library-nerd-emoji,,"symbol library, nerd emoji, nerd emoji copy paste, copy and paste symbols, unicode symbols, aesthetic symbols, copy and paste, ultratextgen"
Netherlands Emoji Combos to Copy and Paste,https://ultratextgen.com/assets/pinterest/library-netherlands-emoji-combos.png,Emoji Copy Paste & Emoji Combos,,"Copy and paste Netherlands Emoji Combos for bios, captions, usernames, posts and comments. Browse the full Netherlands Emoji Combos collection on UltraTextGen — tap any symbol or emoji to copy it instantly, free and with no sign-up.",https://ultratextgen.com/library/netherlands-emoji-combos/?utm_source=pinterest&utm_medium=social&utm_campaign=organic_pins&utm_content=library-netherlands-emoji-combos,,"symbol library, netherlands emoji combos, netherlands emoji combos copy paste, copy and paste symbols, unicode symbols, aesthetic symbols, copy and paste, ultratextgen"
New Zealand Emoji Combos to Copy and Paste,https://ultratextgen.com/assets/pinterest/library-new-zealand-emoji-combos.png,Emoji Copy Paste & Emoji Combos,,"Copy and paste New Zealand Emoji Combos for bios, captions, usernames, posts and comments. Browse the full New Zealand Emoji Combos collection on UltraTextGen — tap any symbol or emoji to copy it instantly, free and with no sign-up.",https://ultratextgen.com/library/new-zealand-emoji-combos/?utm_source=pinterest&utm_medium=social&utm_campaign=organic_pins&utm_content=library-new-zealand-emoji-combos,,"symbol library, new zealand emoji combos, new zealand emoji combos copy paste, copy and paste symbols, unicode symbols, aesthetic symbols, copy and paste, ultratextgen"
Neymar Emoji Combos to Copy and Paste — UltraTextGen,https://ultratextgen.com/assets/pinterest/library-neymar-emoji-combos.png,Emoji Copy Paste & Emoji Combos,,"Copy and paste Neymar Emoji Combos for bios, captions, usernames, posts and comments. Browse the full Neymar Emoji Combos collection on UltraTextGen — tap any symbol or emoji to copy it instantly, free and with no sign-up.",https://ultratextgen.com/library/neymar-emoji-combos/?utm_source=pinterest&utm_medium=social&utm_campaign=organic_pins&utm_content=library-neymar-emoji-combos,,"symbol library, neymar emoji combos, neymar emoji combos copy paste, copy and paste symbols, unicode symbols, aesthetic symbols, copy and paste, ultratextgen"
Nickname Symbols to Copy and Paste — UltraTextGen,https://ultratextgen.com/assets/pinterest/library-nickname-symbols.png,Fancy Text Generator & Copy Paste Fonts,,"Copy and paste Nickname Symbols (✦ ★ ♛ ⚔ ✰) for bios, captions, usernames, posts and comments. Browse the full Nickname Symbols collection on UltraTextGen — tap any symbol or emoji to copy it instantly, free and with no sign-up.",https://ultratextgen.com/library/nickname-symbols/?utm_source=pinterest&utm_medium=social&utm_campaign=organic_pins&utm_content=library-nickname-symbols,,"symbol library, nickname symbols, nickname symbols copy paste, copy and paste symbols, unicode symbols, aesthetic symbols, copy and paste, ultratextgen"
Nigeria Emoji Combos to Copy and Paste — UltraTextGen,https://ultratextgen.com/assets/pinterest/library-nigeria-emoji-combos.png,Emoji Copy Paste & Emoji Combos,,"Copy and paste Nigeria Emoji Combos for bios, captions, usernames, posts and comments. Browse the full Nigeria Emoji Combos collection on UltraTextGen — tap any symbol or emoji to copy it instantly, free and with no sign-up.",https://ultratextgen.com/library/nigeria-emoji-combos/?utm_source=pinterest&utm_medium=social&utm_campaign=organic_pins&utm_content=library-nigeria-emoji-combos,,"symbol library, nigeria emoji combos, nigeria emoji combos copy paste, copy and paste symbols, unicode symbols, aesthetic symbols, copy and paste, ultratextgen"
Nkunku Emoji Combos to Copy and Paste — UltraTextGen,https://ultratextgen.com/assets/pinterest/library-nkunku-emoji-combos.png,Emoji Copy Paste & Emoji Combos,,"Copy and paste Nkunku Emoji Combos for bios, captions, usernames, posts and comments. Browse the full Nkunku Emoji Combos collection on UltraTextGen — tap any symbol or emoji to copy it instantly, free and with no sign-up.",https://ultratextgen.com/library/nkunku-emoji-combos/?utm_source=pinterest&utm_medium=social&utm_campaign=organic_pins&utm_content=library-nkunku-emoji-combos,,"symbol library, nkunku emoji combos, nkunku emoji combos copy paste, copy and paste symbols, unicode symbols, aesthetic symbols, copy and paste, ultratextgen"
Norse & Viking Runes to Copy and Paste — UltraTextGen,https://ultratextgen.com/assets/pinterest/library-norse-viking-runes.png,Fancy Text Generator & Copy Paste Fonts,,"Copy and paste Norse & Viking Runes for bios, captions, usernames, posts and comments. Browse the full Norse & Viking Runes collection on UltraTextGen — tap any symbol or emoji to copy it instantly, free and with no sign-up.",https://ultratextgen.com/library/norse-viking-runes/?utm_source=pinterest&utm_medium=social&utm_campaign=organic_pins&utm_content=library-norse-viking-runes,,"symbol library, norse & viking runes, norse & viking runes copy paste, copy and paste symbols, unicode symbols, aesthetic symbols, copy and paste, ultratextgen"
Norway Emoji Combos to Copy and Paste — UltraTextGen,https://ultratextgen.com/assets/pinterest/library-norway-emoji-combos.png,Emoji Copy Paste & Emoji Combos,,"Copy and paste Norway Emoji Combos for bios, captions, usernames, posts and comments. Browse the full Norway Emoji Combos collection on UltraTextGen — tap any symbol or emoji to copy it instantly, free and with no sign-up.",https://ultratextgen.com/library/norway-emoji-combos/?utm_source=pinterest&utm_medium=social&utm_campaign=organic_pins&utm_content=library-norway-emoji-combos,,"symbol library, norway emoji combos, norway emoji combos copy paste, copy and paste symbols, unicode symbols, aesthetic symbols, copy and paste, ultratextgen"
Number & Numeral Symbols to Copy and Paste,https://ultratextgen.com/assets/pinterest/library-number-symbols.png,"Special Characters, Unicode & Keyboard Symbols",,"Copy and paste Number & Numeral Symbols (① ② ③ № #) for bios, captions, usernames, posts and comments. Browse the full Number & Numeral Symbols collection on UltraTextGen — tap any symbol or emoji to copy it instantly, free and with no sign-up.",https://ultratextgen.com/library/number-symbols/?utm_source=pinterest&utm_medium=social&utm_campaign=organic_pins&utm_content=library-number-symbols,,"symbol library, number & numeral symbols, number & numeral symbols copy paste, copy and paste symbols, unicode symbols, aesthetic symbols, copy and paste, ultratextgen"
Object Emojis to Copy and Paste — UltraTextGen,https://ultratextgen.com/assets/pinterest/library-object-emojis.png,Emoji Copy Paste & Emoji Combos,,"Copy and paste Object Emojis (✉ ✂ ✎ ☎ ✰) for bios, captions, usernames, posts and comments. Browse the full Object Emojis collection on UltraTextGen — tap any symbol or emoji to copy it instantly, free and with no sign-up.",https://ultratextgen.com/library/object-emojis/?utm_source=pinterest&utm_medium=social&utm_campaign=organic_pins&utm_content=library-object-emojis,,"symbol library, object emojis, object emojis copy paste, copy and paste symbols, unicode symbols, aesthetic symbols, copy and paste, ultratextgen"
Osimhen Emoji Combos to Copy and Paste — UltraTextGen,https://ultratextgen.com/assets/pinterest/library-osimhen-emoji-combos.png,Emoji Copy Paste & Emoji Combos,,"Copy and paste Osimhen Emoji Combos for bios, captions, usernames, posts and comments. Browse the full Osimhen Emoji Combos collection on UltraTextGen — tap any symbol or emoji to copy it instantly, free and with no sign-up.",https://ultratextgen.com/library/osimhen-emoji-combos/?utm_source=pinterest&utm_medium=social&utm_campaign=organic_pins&utm_content=library-osimhen-emoji-combos,,"symbol library, osimhen emoji combos, osimhen emoji combos copy paste, copy and paste symbols, unicode symbols, aesthetic symbols, copy and paste, ultratextgen"
Panama Emoji Combos to Copy and Paste — UltraTextGen,https://ultratextgen.com/assets/pinterest/library-panama-emoji-combos.png,Emoji Copy Paste & Emoji Combos,,"Copy and paste Panama Emoji Combos for bios, captions, usernames, posts and comments. Browse the full Panama Emoji Combos collection on UltraTextGen — tap any symbol or emoji to copy it instantly, free and with no sign-up.",https://ultratextgen.com/library/panama-emoji-combos/?utm_source=pinterest&utm_medium=social&utm_campaign=organic_pins&utm_content=library-panama-emoji-combos,,"symbol library, panama emoji combos, panama emoji combos copy paste, copy and paste symbols, unicode symbols, aesthetic symbols, copy and paste, ultratextgen"
Paraguay Emoji Combos to Copy and Paste — UltraTextGen,https://ultratextgen.com/assets/pinterest/library-paraguay-emoji-combos.png,Emoji Copy Paste & Emoji Combos,,"Copy and paste Paraguay Emoji Combos for bios, captions, usernames, posts and comments. Browse the full Paraguay Emoji Combos collection on UltraTextGen — tap any symbol or emoji to copy it instantly, free and with no sign-up.",https://ultratextgen.com/library/paraguay-emoji-combos/?utm_source=pinterest&utm_medium=social&utm_campaign=organic_pins&utm_content=library-paraguay-emoji-combos,,"symbol library, paraguay emoji combos, paraguay emoji combos copy paste, copy and paste symbols, unicode symbols, aesthetic symbols, copy and paste, ultratextgen"
Party & Celebration Emojis to Copy and Paste,https://ultratextgen.com/assets/pinterest/library-party-celebration-emojis.png,Emoji Copy Paste & Emoji Combos,,"Copy and paste Party & Celebration Emojis (✦ ★ ❉ ✺ ❋) for bios, captions, usernames, posts and comments. Browse the full Party & Celebration Emojis collection on UltraTextGen — tap any symbol or emoji to copy it instantly, free and with no sign-up.",https://ultratextgen.com/library/party-celebration-emojis/?utm_source=pinterest&utm_medium=social&utm_campaign=organic_pins&utm_content=library-party-celebration-emojis,,"symbol library, party & celebration emojis, party & celebration emojis copy paste, copy and paste symbols, unicode symbols, aesthetic symbols, copy and paste, ultratextgen"
Peace Emoji to Copy and Paste — UltraTextGen,https://ultratextgen.com/assets/pinterest/library-peace-emoji.png,Emoji Copy Paste & Emoji Combos,,"Copy and paste Peace Emoji for bios, captions, usernames, posts and comments. Browse the full Peace Emoji collection on UltraTextGen — tap any symbol or emoji to copy it instantly, free and with no sign-up.",https://ultratextgen.com/library/peace-emoji/?utm_source=pinterest&utm_medium=social&utm_campaign=organic_pins&utm_content=library-peace-emoji,,"symbol library, peace emoji, peace emoji copy paste, copy and paste symbols, unicode symbols, aesthetic symbols, copy and paste, ultratextgen"
Pedri Emoji Combos to Copy and Paste — UltraTextGen,https://ultratextgen.com/assets/pinterest/library-pedri-emoji-combos.png,Emoji Copy Paste & Emoji Combos,,"Copy and paste Pedri Emoji Combos for bios, captions, usernames, posts and comments. Browse the full Pedri Emoji Combos collection on UltraTextGen — tap any symbol or emoji to copy it instantly, free and with no sign-up.",https://ultratextgen.com/library/pedri-emoji-combos/?utm_source=pinterest&utm_medium=social&utm_campaign=organic_pins&utm_content=library-pedri-emoji-combos,,"symbol library, pedri emoji combos, pedri emoji combos copy paste, copy and paste symbols, unicode symbols, aesthetic symbols, copy and paste, ultratextgen"
People & Profession Emojis to Copy and Paste,https://ultratextgen.com/assets/pinterest/library-people-profession-emojis.png,Emoji Copy Paste & Emoji Combos,,"Copy and paste People & Profession Emojis for bios, captions, usernames, posts and comments. Browse the full People & Profession Emojis collection on UltraTextGen — tap any symbol or emoji to copy it instantly, free and with no sign-up.",https://ultratextgen.com/library/people-profession-emojis/?utm_source=pinterest&utm_medium=social&utm_campaign=organic_pins&utm_content=library-people-profession-emojis,,"symbol library, people & profession emojis, people & profession emojis copy paste, copy and paste symbols, unicode symbols, aesthetic symbols, copy and paste, ultratextgen"
Peru Emoji Combos to Copy and Paste — UltraTextGen,https://ultratextgen.com/assets/pinterest/library-peru-emoji-combos.png,Emoji Copy Paste & Emoji Combos,,"Copy and paste Peru Emoji Combos for bios, captions, usernames, posts and comments. Browse the full Peru Emoji Combos collection on UltraTextGen — tap any symbol or emoji to copy it instantly, free and with no sign-up.",https://ultratextgen.com/library/peru-emoji-combos/?utm_source=pinterest&utm_medium=social&utm_campaign=organic_pins&utm_content=library-peru-emoji-combos,,"symbol library, peru emoji combos, peru emoji combos copy paste, copy and paste symbols, unicode symbols, aesthetic symbols, copy and paste, ultratextgen"
Pleading Emoji to Copy and Paste — UltraTextGen,https://ultratextgen.com/assets/pinterest/library-pleading-emoji.png,Emoji Copy Paste & Emoji Combos,,"Copy and paste Pleading Emoji for bios, captions, usernames, posts and comments. Browse the full Pleading Emoji collection on UltraTextGen — tap any symbol or emoji to copy it instantly, free and with no sign-up.",https://ultratextgen.com/library/pleading-emoji/?utm_source=pinterest&utm_medium=social&utm_campaign=organic_pins&utm_content=library-pleading-emoji,,"symbol library, pleading emoji, pleading emoji copy paste, copy and paste symbols, unicode symbols, aesthetic symbols, copy and paste, ultratextgen"
Poland Emoji Combos to Copy and Paste — UltraTextGen,https://ultratextgen.com/assets/pinterest/library-poland-emoji-combos.png,Emoji Copy Paste & Emoji Combos,,"Copy and paste Poland Emoji Combos for bios, captions, usernames, posts and comments. Browse the full Poland Emoji Combos collection on UltraTextGen — tap any symbol or emoji to copy it instantly, free and with no sign-up.",https://ultratextgen.com/library/poland-emoji-combos/?utm_source=pinterest&utm_medium=social&utm_campaign=organic_pins&utm_content=library-poland-emoji-combos,,"symbol library, poland emoji combos, poland emoji combos copy paste, copy and paste symbols, unicode symbols, aesthetic symbols, copy and paste, ultratextgen"
Poop Emoji to Copy and Paste — UltraTextGen,https://ultratextgen.com/assets/pinterest/library-poop-emoji.png,Emoji Copy Paste & Emoji Combos,,"Copy and paste Poop Emoji for bios, captions, usernames, posts and comments. Browse the full Poop Emoji collection on UltraTextGen — tap any symbol or emoji to copy it instantly, free and with no sign-up.",https://ultratextgen.com/library/poop-emoji/?utm_source=pinterest&utm_medium=social&utm_campaign=organic_pins&utm_content=library-poop-emoji,,"symbol library, poop emoji, poop emoji copy paste, copy and paste symbols, unicode symbols, aesthetic symbols, copy and paste, ultratextgen"
Portugal Emoji Combos to Copy and Paste — UltraTextGen,https://ultratextgen.com/assets/pinterest/library-portugal-emoji-combos.png,Emoji Copy Paste & Emoji Combos,,"Copy and paste Portugal Emoji Combos for bios, captions, usernames, posts and comments. Browse the full Portugal Emoji Combos collection on UltraTextGen — tap any symbol or emoji to copy it instantly, free and with no sign-up.",https://ultratextgen.com/library/portugal-emoji-combos/?utm_source=pinterest&utm_medium=social&utm_campaign=organic_pins&utm_content=library-portugal-emoji-combos,,"symbol library, portugal emoji combos, portugal emoji combos copy paste, copy and paste symbols, unicode symbols, aesthetic symbols, copy and paste, ultratextgen"
Praying Hands Emoji to Copy and Paste — UltraTextGen,https://ultratextgen.com/assets/pinterest/library-praying-hands-emoji.png,Emoji Copy Paste & Emoji Combos,,"Copy and paste Praying Hands Emoji for bios, captions, usernames, posts and comments. Browse the full Praying Hands Emoji collection on UltraTextGen — tap any symbol or emoji to copy it instantly, free and with no sign-up.",https://ultratextgen.com/library/praying-hands-emoji/?utm_source=pinterest&utm_medium=social&utm_campaign=organic_pins&utm_content=library-praying-hands-emoji,,"symbol library, praying hands emoji, praying hands emoji copy paste, copy and paste symbols, unicode symbols, aesthetic symbols, copy and paste, ultratextgen"
Preppy Emoji Combos to Copy and Paste — UltraTextGen,https://ultratextgen.com/assets/pinterest/library-preppy-emoji-combos.png,Emoji Copy Paste & Emoji Combos,,"Copy and paste Preppy Emoji Combos for bios, captions, usernames, posts and comments. Browse the full Preppy Emoji Combos collection on UltraTextGen — tap any symbol or emoji to copy it instantly, free and with no sign-up.",https://ultratextgen.com/library/preppy-emoji-combos/?utm_source=pinterest&utm_medium=social&utm_campaign=organic_pins&utm_content=library-preppy-emoji-combos,,"symbol library, preppy emoji combos, preppy emoji combos copy paste, copy and paste symbols, unicode symbols, aesthetic symbols, copy and paste, ultratextgen"
Pride & LGBTQ Symbols to Copy and Paste — UltraTextGen,https://ultratextgen.com/assets/pinterest/library-pride-lgbtq-symbols.png,Emoji Copy Paste & Emoji Combos,,"Copy and paste Pride & LGBTQ Symbols (⚧ ♡ ✦ ⚢ ✧) for bios, captions, usernames, posts and comments. Browse the full Pride & LGBTQ Symbols collection on UltraTextGen — tap any symbol or emoji to copy it instantly, free and with no sign-up.",https://ultratextgen.com/library/pride-lgbtq-symbols/?utm_source=pinterest&utm_medium=social&utm_campaign=organic_pins&utm_content=library-pride-lgbtq-symbols,,"symbol library, pride & lgbtq symbols, pride & lgbtq symbols copy paste, copy and paste symbols, unicode symbols, aesthetic symbols, copy and paste, ultratextgen"
PUBG / BGMI Name Symbols to Copy and Paste,https://ultratextgen.com/assets/pinterest/library-pubg-symbols.png,Fancy Text Generator & Copy Paste Fonts,,"Copy and paste PUBG / BGMI Name Symbols (彡 乂 ★ 亗 ꧁) for bios, captions, usernames, posts and comments. Browse the full PUBG / BGMI Name Symbols collection on UltraTextGen — tap any symbol or emoji to copy it instantly, free and with no sign-up.",https://ultratextgen.com/library/pubg-symbols/?utm_source=pinterest&utm_medium=social&utm_campaign=organic_pins&utm_content=library-pubg-symbols,,"symbol library, pubg / bgmi name symbols, pubg / bgmi name symbols copy paste, copy and paste symbols, unicode symbols, aesthetic symbols, copy and paste, ultratextgen"
Punctuation Symbols to Copy and Paste — UltraTextGen,https://ultratextgen.com/assets/pinterest/library-punctuation-symbols.png,"Special Characters, Unicode & Keyboard Symbols",,"Copy and paste Punctuation Symbols (‽ ¶ § † ‡) for bios, captions, usernames, posts and comments. Browse the full Punctuation Symbols collection on UltraTextGen — tap any symbol or emoji to copy it instantly, free and with no sign-up.",https://ultratextgen.com/library/punctuation-symbols/?utm_source=pinterest&utm_medium=social&utm_campaign=organic_pins&utm_content=library-punctuation-symbols,,"symbol library, punctuation symbols, punctuation symbols copy paste, copy and paste symbols, unicode symbols, aesthetic symbols, copy and paste, ultratextgen"
Qatar Emoji Combos to Copy and Paste — UltraTextGen,https://ultratextgen.com/assets/pinterest/library-qatar-emoji-combos.png,Emoji Copy Paste & Emoji Combos,,"Copy and paste Qatar Emoji Combos for bios, captions, usernames, posts and comments. Browse the full Qatar Emoji Combos collection on UltraTextGen — tap any symbol or emoji to copy it instantly, free and with no sign-up.",https://ultratextgen.com/library/qatar-emoji-combos/?utm_source=pinterest&utm_medium=social&utm_campaign=organic_pins&utm_content=library-qatar-emoji-combos,,"symbol library, qatar emoji combos, qatar emoji combos copy paste, copy and paste symbols, unicode symbols, aesthetic symbols, copy and paste, ultratextgen"
Rashford Emoji Combos to Copy and Paste — UltraTextGen,https://ultratextgen.com/assets/pinterest/library-rashford-emoji-combos.png,Emoji Copy Paste & Emoji Combos,,"Copy and paste Rashford Emoji Combos for bios, captions, usernames, posts and comments. Browse the full Rashford Emoji Combos collection on UltraTextGen — tap any symbol or emoji to copy it instantly, free and with no sign-up.",https://ultratextgen.com/library/rashford-emoji-combos/?utm_source=pinterest&utm_medium=social&utm_campaign=organic_pins&utm_content=library-rashford-emoji-combos,,"symbol library, rashford emoji combos, rashford emoji combos copy paste, copy and paste symbols, unicode symbols, aesthetic symbols, copy and paste, ultratextgen"
Recycle & Environment Symbols to Copy and Paste,https://ultratextgen.com/assets/pinterest/library-recycle-environment-symbols.png,Fancy Text Generator & Copy Paste Fonts,,"Copy and paste Recycle & Environment Symbols (♻ ☘ ⚘ ❀ ✿) for bios, captions, usernames, posts and comments. Browse the full Recycle & Environment Symbols collection on UltraTextGen — tap any symbol or emoji to copy it instantly, free and with no sign-up.",https://ultratextgen.com/library/recycle-environment-symbols/?utm_source=pinterest&utm_medium=social&utm_campaign=organic_pins&utm_content=library-recycle-environment-symbols,,"symbol library, recycle & environment symbols, recycle & environment symbols copy paste, copy and paste symbols, unicode symbols, aesthetic symbols, copy and paste, ultratextgen"
Religious & Spiritual Symbols to Copy and Paste,https://ultratextgen.com/assets/pinterest/library-religious-symbols.png,Fancy Text Generator & Copy Paste Fonts,,"Copy and paste Religious & Spiritual Symbols (✝ ☪ ☮ ☯ ✡) for bios, captions, usernames, posts and comments. Browse the full Religious & Spiritual Symbols collection on UltraTextGen — tap any symbol or emoji to copy it instantly, free and with no sign-up.",https://ultratextgen.com/library/religious-symbols/?utm_source=pinterest&utm_medium=social&utm_campaign=organic_pins&utm_content=library-religious-symbols,,"symbol library, religious & spiritual symbols, religious & spiritual symbols copy paste, copy and paste symbols, unicode symbols, aesthetic symbols, copy and paste, ultratextgen"
Roblox Symbols to Copy and Paste — UltraTextGen,https://ultratextgen.com/assets/pinterest/library-roblox-symbols.png,Gaming Symbols & Usernames,,"Copy and paste Roblox Symbols for bios, captions, usernames, posts and comments. Browse the full Roblox Symbols collection on UltraTextGen — tap any symbol or emoji to copy it instantly, free and with no sign-up.",https://ultratextgen.com/library/roblox-symbols/?utm_source=pinterest&utm_medium=social&utm_campaign=organic_pins&utm_content=library-roblox-symbols,,"symbol library, roblox symbols, roblox symbols copy paste, copy and paste symbols, unicode symbols, aesthetic symbols, copy and paste, ultratextgen"
Roblox Text Art to Copy and Paste — UltraTextGen,https://ultratextgen.com/assets/pinterest/library-roblox-text-art.png,Gaming Symbols & Usernames,,"Copy and paste Roblox Text Art for bios, captions, usernames, posts and comments. Browse the full Roblox Text Art collection on UltraTextGen — tap any symbol or emoji to copy it instantly, free and with no sign-up.",https://ultratextgen.com/library/roblox-text-art/?utm_source=pinterest&utm_medium=social&utm_campaign=organic_pins&utm_content=library-roblox-text-art,,"symbol library, roblox text art, roblox text art copy paste, copy and paste symbols, unicode symbols, aesthetic symbols, copy and paste, ultratextgen"
Rocket Emoji to Copy and Paste — UltraTextGen,https://ultratextgen.com/assets/pinterest/library-rocket-emoji.png,Emoji Copy Paste & Emoji Combos,,"Copy and paste Rocket Emoji for bios, captions, usernames, posts and comments. Browse the full Rocket Emoji collection on UltraTextGen — tap any symbol or emoji to copy it instantly, free and with no sign-up.",https://ultratextgen.com/library/rocket-emoji/?utm_source=pinterest&utm_medium=social&utm_campaign=organic_pins&utm_content=library-rocket-emoji,,"symbol library, rocket emoji, rocket emoji copy paste, copy and paste symbols, unicode symbols, aesthetic symbols, copy and paste, ultratextgen"
Rodri Emoji Combos to Copy and Paste — UltraTextGen,https://ultratextgen.com/assets/pinterest/library-rodri-emoji-combos.png,Emoji Copy Paste & Emoji Combos,,"Copy and paste Rodri Emoji Combos for bios, captions, usernames, posts and comments. Browse the full Rodri Emoji Combos collection on UltraTextGen — tap any symbol or emoji to copy it instantly, free and with no sign-up.",https://ultratextgen.com/library/rodri-emoji-combos/?utm_source=pinterest&utm_medium=social&utm_campaign=organic_pins&utm_content=library-rodri-emoji-combos,,"symbol library, rodri emoji combos, rodri emoji combos copy paste, copy and paste symbols, unicode symbols, aesthetic symbols, copy and paste, ultratextgen"
Rodrygo Emoji Combos to Copy and Paste — UltraTextGen,https://ultratextgen.com/assets/pinterest/library-rodrygo-emoji-combos.png,Emoji Copy Paste & Emoji Combos,,"Copy and paste Rodrygo Emoji Combos for bios, captions, usernames, posts and comments. Browse the full Rodrygo Emoji Combos collection on UltraTextGen — tap any symbol or emoji to copy it instantly, free and with no sign-up.",https://ultratextgen.com/library/rodrygo-emoji-combos/?utm_source=pinterest&utm_medium=social&utm_campaign=organic_pins&utm_content=library-rodrygo-emoji-combos,,"symbol library, rodrygo emoji combos, rodrygo emoji combos copy paste, copy and paste symbols, unicode symbols, aesthetic symbols, copy and paste, ultratextgen"
Ronaldo Emoji Combos to Copy and Paste — UltraTextGen,https://ultratextgen.com/assets/pinterest/library-ronaldo-emoji-combos.png,Emoji Copy Paste & Emoji Combos,,"Copy and paste Ronaldo Emoji Combos for bios, captions, usernames, posts and comments. Browse the full Ronaldo Emoji Combos collection on UltraTextGen — tap any symbol or emoji to copy it instantly, free and with no sign-up.",https://ultratextgen.com/library/ronaldo-emoji-combos/?utm_source=pinterest&utm_medium=social&utm_campaign=organic_pins&utm_content=library-ronaldo-emoji-combos,,"symbol library, ronaldo emoji combos, ronaldo emoji combos copy paste, copy and paste symbols, unicode symbols, aesthetic symbols, copy and paste, ultratextgen"
Sad Emoji to Copy and Paste — UltraTextGen,https://ultratextgen.com/assets/pinterest/library-sad-emoji.png,Emoji Copy Paste & Emoji Combos,,"Copy and paste Sad Emoji for bios, captions, usernames, posts and comments. Browse the full Sad Emoji collection on UltraTextGen — tap any symbol or emoji to copy it instantly, free and with no sign-up.",https://ultratextgen.com/library/sad-emoji/?utm_source=pinterest&utm_medium=social&utm_campaign=organic_pins&utm_content=library-sad-emoji,,"symbol library, sad emoji, sad emoji copy paste, copy and paste symbols, unicode symbols, aesthetic symbols, copy and paste, ultratextgen"
Sad Kaomoji to Copy and Paste — UltraTextGen,https://ultratextgen.com/assets/pinterest/library-sad-kaomoji.png,"Text Art, Kaomoji & ASCII Faces",,"Copy and paste Sad Kaomoji for bios, captions, usernames, posts and comments. Browse the full Sad Kaomoji collection on UltraTextGen — tap any symbol or emoji to copy it instantly, free and with no sign-up.",https://ultratextgen.com/library/sad-kaomoji/?utm_source=pinterest&utm_medium=social&utm_campaign=organic_pins&utm_content=library-sad-kaomoji,,"symbol library, sad kaomoji, sad kaomoji copy paste, copy and paste symbols, unicode symbols, aesthetic symbols, copy and paste, ultratextgen"
Saka Emoji Combos to Copy and Paste — UltraTextGen,https://ultratextgen.com/assets/pinterest/library-saka-emoji-combos.png,Emoji Copy Paste & Emoji Combos,,"Copy and paste Saka Emoji Combos for bios, captions, usernames, posts and comments. Browse the full Saka Emoji Combos collection on UltraTextGen — tap any symbol or emoji to copy it instantly, free and with no sign-up.",https://ultratextgen.com/library/saka-emoji-combos/?utm_source=pinterest&utm_medium=social&utm_campaign=organic_pins&utm_content=library-saka-emoji-combos,,"symbol library, saka emoji combos, saka emoji combos copy paste, copy and paste symbols, unicode symbols, aesthetic symbols, copy and paste, ultratextgen"
Salah Emoji Combos to Copy and Paste — UltraTextGen,https://ultratextgen.com/assets/pinterest/library-salah-emoji-combos.png,Emoji Copy Paste & Emoji Combos,,"Copy and paste Salah Emoji Combos for bios, captions, usernames, posts and comments. Browse the full Salah Emoji Combos collection on UltraTextGen — tap any symbol or emoji to copy it instantly, free and with no sign-up.",https://ultratextgen.com/library/salah-emoji-combos/?utm_source=pinterest&utm_medium=social&utm_campaign=organic_pins&utm_content=library-salah-emoji-combos,,"symbol library, salah emoji combos, salah emoji combos copy paste, copy and paste symbols, unicode symbols, aesthetic symbols, copy and paste, ultratextgen"
Salute Emoji to Copy and Paste — UltraTextGen,https://ultratextgen.com/assets/pinterest/library-salute-emoji.png,Emoji Copy Paste & Emoji Combos,,"Copy and paste Salute Emoji for bios, captions, usernames, posts and comments. Browse the full Salute Emoji collection on UltraTextGen — tap any symbol or emoji to copy it instantly, free and with no sign-up.",https://ultratextgen.com/library/salute-emoji/?utm_source=pinterest&utm_medium=social&utm_campaign=organic_pins&utm_content=library-salute-emoji,,"symbol library, salute emoji, salute emoji copy paste, copy and paste symbols, unicode symbols, aesthetic symbols, copy and paste, ultratextgen"
Saudi Arabia Emoji Combos to Copy and Paste,https://ultratextgen.com/assets/pinterest/library-saudi-arabia-emoji-combos.png,Emoji Copy Paste & Emoji Combos,,"Copy and paste Saudi Arabia Emoji Combos for bios, captions, usernames, posts and comments. Browse the full Saudi Arabia Emoji Combos collection on UltraTextGen — tap any symbol or emoji to copy it instantly, free and with no sign-up.",https://ultratextgen.com/library/saudi-arabia-emoji-combos/?utm_source=pinterest&utm_medium=social&utm_campaign=organic_pins&utm_content=library-saudi-arabia-emoji-combos,,"symbol library, saudi arabia emoji combos, saudi arabia emoji combos copy paste, copy and paste symbols, unicode symbols, aesthetic symbols, copy and paste, ultratextgen"
Scared Emoji to Copy and Paste — UltraTextGen,https://ultratextgen.com/assets/pinterest/library-scared-emoji.png,Emoji Copy Paste & Emoji Combos,,"Copy and paste Scared Emoji for bios, captions, usernames, posts and comments. Browse the full Scared Emoji collection on UltraTextGen — tap any symbol or emoji to copy it instantly, free and with no sign-up.",https://ultratextgen.com/library/scared-emoji/?utm_source=pinterest&utm_medium=social&utm_campaign=organic_pins&utm_content=library-scared-emoji,,"symbol library, scared emoji, scared emoji copy paste, copy and paste symbols, unicode symbols, aesthetic symbols, copy and paste, ultratextgen"
School & Education Emojis to Copy and Paste,https://ultratextgen.com/assets/pinterest/library-school-education-emojis.png,Emoji Copy Paste & Emoji Combos,,"Copy and paste School & Education Emojis (✎ ✏ ✐ ✦ ★) for bios, captions, usernames, posts and comments. Browse the full School & Education Emojis collection on UltraTextGen — tap any symbol or emoji to copy it instantly, free and with no sign-up.",https://ultratextgen.com/library/school-education-emojis/?utm_source=pinterest&utm_medium=social&utm_campaign=organic_pins&utm_content=library-school-education-emojis,,"symbol library, school & education emojis, school & education emojis copy paste, copy and paste symbols, unicode symbols, aesthetic symbols, copy and paste, ultratextgen"
Scotland Emoji Combos to Copy and Paste — UltraTextGen,https://ultratextgen.com/assets/pinterest/library-scotland-emoji-combos.png,Emoji Copy Paste & Emoji Combos,,"Copy and paste Scotland Emoji Combos for bios, captions, usernames, posts and comments. Browse the full Scotland Emoji Combos collection on UltraTextGen — tap any symbol or emoji to copy it instantly, free and with no sign-up.",https://ultratextgen.com/library/scotland-emoji-combos/?utm_source=pinterest&utm_medium=social&utm_campaign=organic_pins&utm_content=library-scotland-emoji-combos,,"symbol library, scotland emoji combos, scotland emoji combos copy paste, copy and paste symbols, unicode symbols, aesthetic symbols, copy and paste, ultratextgen"
Seahorse Emoji to Copy and Paste — UltraTextGen,https://ultratextgen.com/assets/pinterest/library-seahorse-emoji.png,Emoji Copy Paste & Emoji Combos,,"Copy and paste Seahorse Emoji for bios, captions, usernames, posts and comments. Browse the full Seahorse Emoji collection on UltraTextGen — tap any symbol or emoji to copy it instantly, free and with no sign-up.",https://ultratextgen.com/library/seahorse-emoji/?utm_source=pinterest&utm_medium=social&utm_campaign=organic_pins&utm_content=library-seahorse-emoji,,"symbol library, seahorse emoji, seahorse emoji copy paste, copy and paste symbols, unicode symbols, aesthetic symbols, copy and paste, ultratextgen"
Seasonal Emoji Combos to Copy and Paste — UltraTextGen,https://ultratextgen.com/assets/pinterest/library-seasonal-emoji-combos.png,Emoji Copy Paste & Emoji Combos,,"Copy and paste Seasonal Emoji Combos (❄ ☀ ❀ ☂ ★) for bios, captions, usernames, posts and comments. Browse the full Seasonal Emoji Combos collection on UltraTextGen — tap any symbol or emoji to copy it instantly, free and with no sign-up.",https://ultratextgen.com/library/seasonal-emoji-combos/?utm_source=pinterest&utm_medium=social&utm_campaign=organic_pins&utm_content=library-seasonal-emoji-combos,,"symbol library, seasonal emoji combos, seasonal emoji combos copy paste, copy and paste symbols, unicode symbols, aesthetic symbols, copy and paste, ultratextgen"
Senegal Emoji Combos to Copy and Paste — UltraTextGen,https://ultratextgen.com/assets/pinterest/library-senegal-emoji-combos.png,Emoji Copy Paste & Emoji Combos,,"Copy and paste Senegal Emoji Combos for bios, captions, usernames, posts and comments. Browse the full Senegal Emoji Combos collection on UltraTextGen — tap any symbol or emoji to copy it instantly, free and with no sign-up.",https://ultratextgen.com/library/senegal-emoji-combos/?utm_source=pinterest&utm_medium=social&utm_campaign=organic_pins&utm_content=library-senegal-emoji-combos,,"symbol library, senegal emoji combos, senegal emoji combos copy paste, copy and paste symbols, unicode symbols, aesthetic symbols, copy and paste, ultratextgen"
Serbia Emoji Combos to Copy and Paste — UltraTextGen,https://ultratextgen.com/assets/pinterest/library-serbia-emoji-combos.png,Emoji Copy Paste & Emoji Combos,,"Copy and paste Serbia Emoji Combos for bios, captions, usernames, posts and comments. Browse the full Serbia Emoji Combos collection on UltraTextGen — tap any symbol or emoji to copy it instantly, free and with no sign-up.",https://ultratextgen.com/library/serbia-emoji-combos/?utm_source=pinterest&utm_medium=social&utm_campaign=organic_pins&utm_content=library-serbia-emoji-combos,,"symbol library, serbia emoji combos, serbia emoji combos copy paste, copy and paste symbols, unicode symbols, aesthetic symbols, copy and paste, ultratextgen"
Shocked Emoji to Copy and Paste — UltraTextGen,https://ultratextgen.com/assets/pinterest/library-shocked-emoji.png,Emoji Copy Paste & Emoji Combos,,"Copy and paste Shocked Emoji for bios, captions, usernames, posts and comments. Browse the full Shocked Emoji collection on UltraTextGen — tap any symbol or emoji to copy it instantly, free and with no sign-up.",https://ultratextgen.com/library/shocked-emoji/?utm_source=pinterest&utm_medium=social&utm_campaign=organic_pins&utm_content=library-shocked-emoji,,"symbol library, shocked emoji, shocked emoji copy paste, copy and paste symbols, unicode symbols, aesthetic symbols, copy and paste, ultratextgen"
Shocked Kaomoji to Copy and Paste — UltraTextGen,https://ultratextgen.com/assets/pinterest/library-shocked-kaomoji.png,"Text Art, Kaomoji & ASCII Faces",,"Copy and paste Shocked Kaomoji for bios, captions, usernames, posts and comments. Browse the full Shocked Kaomoji collection on UltraTextGen — tap any symbol or emoji to copy it instantly, free and with no sign-up.",https://ultratextgen.com/library/shocked-kaomoji/?utm_source=pinterest&utm_medium=social&utm_campaign=organic_pins&utm_content=library-shocked-kaomoji,,"symbol library, shocked kaomoji, shocked kaomoji copy paste, copy and paste symbols, unicode symbols, aesthetic symbols, copy and paste, ultratextgen"
Shrug Kaomoji to Copy and Paste — UltraTextGen,https://ultratextgen.com/assets/pinterest/library-shrug-kaomoji.png,"Text Art, Kaomoji & ASCII Faces",,"Copy and paste Shrug Kaomoji for bios, captions, usernames, posts and comments. Browse the full Shrug Kaomoji collection on UltraTextGen — tap any symbol or emoji to copy it instantly, free and with no sign-up.",https://ultratextgen.com/library/shrug-kaomoji/?utm_source=pinterest&utm_medium=social&utm_campaign=organic_pins&utm_content=library-shrug-kaomoji,,"symbol library, shrug kaomoji, shrug kaomoji copy paste, copy and paste symbols, unicode symbols, aesthetic symbols, copy and paste, ultratextgen"
Sick Emoji to Copy and Paste — UltraTextGen,https://ultratextgen.com/assets/pinterest/library-sick-emoji.png,Emoji Copy Paste & Emoji Combos,,"Copy and paste Sick Emoji for bios, captions, usernames, posts and comments. Browse the full Sick Emoji collection on UltraTextGen — tap any symbol or emoji to copy it instantly, free and with no sign-up.",https://ultratextgen.com/library/sick-emoji/?utm_source=pinterest&utm_medium=social&utm_campaign=organic_pins&utm_content=library-sick-emoji,,"symbol library, sick emoji, sick emoji copy paste, copy and paste symbols, unicode symbols, aesthetic symbols, copy and paste, ultratextgen"
Side-Eye Emoji to Copy and Paste — UltraTextGen,https://ultratextgen.com/assets/pinterest/library-side-eye-emoji.png,Emoji Copy Paste & Emoji Combos,,"Copy and paste Side-Eye Emoji for bios, captions, usernames, posts and comments. Browse the full Side-Eye Emoji collection on UltraTextGen — tap any symbol or emoji to copy it instantly, free and with no sign-up.",https://ultratextgen.com/library/side-eye-emoji/?utm_source=pinterest&utm_medium=social&utm_campaign=organic_pins&utm_content=library-side-eye-emoji,,"symbol library, side-eye emoji, side-eye emoji copy paste, copy and paste symbols, unicode symbols, aesthetic symbols, copy and paste, ultratextgen"
Sigh Emoji to Copy and Paste — UltraTextGen,https://ultratextgen.com/assets/pinterest/library-sigh-emoji.png,Emoji Copy Paste & Emoji Combos,,"Copy and paste Sigh Emoji for bios, captions, usernames, posts and comments. Browse the full Sigh Emoji collection on UltraTextGen — tap any symbol or emoji to copy it instantly, free and with no sign-up.",https://ultratextgen.com/library/sigh-emoji/?utm_source=pinterest&utm_medium=social&utm_campaign=organic_pins&utm_content=library-sigh-emoji,,"symbol library, sigh emoji, sigh emoji copy paste, copy and paste symbols, unicode symbols, aesthetic symbols, copy and paste, ultratextgen"
Skull ASCII Art to Copy and Paste — UltraTextGen,https://ultratextgen.com/assets/pinterest/library-skull-ascii-art.png,"Special Characters, Unicode & Keyboard Symbols",,"Copy and paste Skull ASCII Art for bios, captions, usernames, posts and comments. Browse the full Skull ASCII Art collection on UltraTextGen — tap any symbol or emoji to copy it instantly, free and with no sign-up.",https://ultratextgen.com/library/skull-ascii-art/?utm_source=pinterest&utm_medium=social&utm_campaign=organic_pins&utm_content=library-skull-ascii-art,,"symbol library, skull ascii art, skull ascii art copy paste, copy and paste symbols, unicode symbols, aesthetic symbols, copy and paste, ultratextgen"
Skull Emoji to Copy and Paste — UltraTextGen,https://ultratextgen.com/assets/pinterest/library-skull-emoji.png,Emoji Copy Paste & Emoji Combos,,"Copy and paste Skull Emoji for bios, captions, usernames, posts and comments. Browse the full Skull Emoji collection on UltraTextGen — tap any symbol or emoji to copy it instantly, free and with no sign-up.",https://ultratextgen.com/library/skull-emoji/?utm_source=pinterest&utm_medium=social&utm_campaign=organic_pins&utm_content=library-skull-emoji,,"symbol library, skull emoji, skull emoji copy paste, copy and paste symbols, unicode symbols, aesthetic symbols, copy and paste, ultratextgen"
Slash & Backslash Symbols to Copy and Paste,https://ultratextgen.com/assets/pinterest/library-slash-backslash-symbols.png,"Special Characters, Unicode & Keyboard Symbols",,"Copy and paste Slash & Backslash Symbols (/ \ ⁄ ∕ ｜) for bios, captions, usernames, posts and comments. Browse the full Slash & Backslash Symbols collection on UltraTextGen — tap any symbol or emoji to copy it instantly, free and with no sign-up.",https://ultratextgen.com/library/slash-backslash-symbols/?utm_source=pinterest&utm_medium=social&utm_campaign=organic_pins&utm_content=library-slash-backslash-symbols,,"symbol library, slash & backslash symbols, slash & backslash symbols copy paste, copy and paste symbols, unicode symbols, aesthetic symbols, copy and paste, ultratextgen"
Sleepy Kaomoji to Copy and Paste — UltraTextGen,https://ultratextgen.com/assets/pinterest/library-sleepy-kaomoji.png,"Text Art, Kaomoji & ASCII Faces",,"Copy and paste Sleepy Kaomoji for bios, captions, usernames, posts and comments. Browse the full Sleepy Kaomoji collection on UltraTextGen — tap any symbol or emoji to copy it instantly, free and with no sign-up.",https://ultratextgen.com/library/sleepy-kaomoji/?utm_source=pinterest&utm_medium=social&utm_campaign=organic_pins&utm_content=library-sleepy-kaomoji,,"symbol library, sleepy kaomoji, sleepy kaomoji copy paste, copy and paste symbols, unicode symbols, aesthetic symbols, copy and paste, ultratextgen"
Smiley Face Guide to Copy and Paste — UltraTextGen,https://ultratextgen.com/assets/pinterest/library-smiley-face-guide.png,Fancy Text Generator & Copy Paste Fonts,,"Copy and paste Smiley Face Guide for bios, captions, usernames, posts and comments. Browse the full Smiley Face Guide collection on UltraTextGen — tap any symbol or emoji to copy it instantly, free and with no sign-up.",https://ultratextgen.com/library/smiley-face-guide/?utm_source=pinterest&utm_medium=social&utm_campaign=organic_pins&utm_content=library-smiley-face-guide,,"symbol library, smiley face guide, smiley face guide copy paste, copy and paste symbols, unicode symbols, aesthetic symbols, copy and paste, ultratextgen"
Smirk Emoji to Copy and Paste — UltraTextGen,https://ultratextgen.com/assets/pinterest/library-smirk-emoji.png,Emoji Copy Paste & Emoji Combos,,"Copy and paste Smirk Emoji for bios, captions, usernames, posts and comments. Browse the full Smirk Emoji collection on UltraTextGen — tap any symbol or emoji to copy it instantly, free and with no sign-up.",https://ultratextgen.com/library/smirk-emoji/?utm_source=pinterest&utm_medium=social&utm_campaign=organic_pins&utm_content=library-smirk-emoji,,"symbol library, smirk emoji, smirk emoji copy paste, copy and paste symbols, unicode symbols, aesthetic symbols, copy and paste, ultratextgen"
Snapchat Symbols to Copy and Paste — UltraTextGen,https://ultratextgen.com/assets/pinterest/library-snapchat-symbols.png,Instagram Bio Symbols & Aesthetic Text,,"Copy and paste Snapchat Symbols (✧ ★ ♡ ✦) for bios, captions, usernames, posts and comments. Browse the full Snapchat Symbols collection on UltraTextGen — tap any symbol or emoji to copy it instantly, free and with no sign-up.",https://ultratextgen.com/library/snapchat-symbols/?utm_source=pinterest&utm_medium=social&utm_campaign=organic_pins&utm_content=library-snapchat-symbols,,"symbol library, snapchat symbols, snapchat symbols copy paste, copy and paste symbols, unicode symbols, aesthetic symbols, copy and paste, ultratextgen"
Soccer Emoji Copy & Paste to Copy and Paste,https://ultratextgen.com/assets/pinterest/library-soccer-emoji-copy-paste.png,Emoji Copy Paste & Emoji Combos,,"Copy and paste Soccer Emoji Copy & Paste for bios, captions, usernames, posts and comments. Browse the full Soccer Emoji Copy & Paste collection on UltraTextGen — tap any symbol or emoji to copy it instantly, free and with no sign-up.",https://ultratextgen.com/library/soccer-emoji-copy-paste/?utm_source=pinterest&utm_medium=social&utm_campaign=organic_pins&utm_content=library-soccer-emoji-copy-paste,,"symbol library, soccer emoji copy & paste, soccer emoji copy & paste copy paste, copy and paste symbols, unicode symbols, aesthetic symbols, copy and paste, ultratextgen"
Son Emoji Combos to Copy and Paste — UltraTextGen,https://ultratextgen.com/assets/pinterest/library-son-emoji-combos.png,Emoji Copy Paste & Emoji Combos,,"Copy and paste Son Emoji Combos for bios, captions, usernames, posts and comments. Browse the full Son Emoji Combos collection on UltraTextGen — tap any symbol or emoji to copy it instantly, free and with no sign-up.",https://ultratextgen.com/library/son-emoji-combos/?utm_source=pinterest&utm_medium=social&utm_campaign=organic_pins&utm_content=library-son-emoji-combos,,"symbol library, son emoji combos, son emoji combos copy paste, copy and paste symbols, unicode symbols, aesthetic symbols, copy and paste, ultratextgen"
South Africa Emoji Combos to Copy and Paste,https://ultratextgen.com/assets/pinterest/library-south-africa-emoji-combos.png,Emoji Copy Paste & Emoji Combos,,"Copy and paste South Africa Emoji Combos for bios, captions, usernames, posts and comments. Browse the full South Africa Emoji Combos collection on UltraTextGen — tap any symbol or emoji to copy it instantly, free and with no sign-up.",https://ultratextgen.com/library/south-africa-emoji-combos/?utm_source=pinterest&utm_medium=social&utm_campaign=organic_pins&utm_content=library-south-africa-emoji-combos,,"symbol library, south africa emoji combos, south africa emoji combos copy paste, copy and paste symbols, unicode symbols, aesthetic symbols, copy and paste, ultratextgen"
South Korea Emoji Combos to Copy and Paste,https://ultratextgen.com/assets/pinterest/library-south-korea-emoji-combos.png,Emoji Copy Paste & Emoji Combos,,"Copy and paste South Korea Emoji Combos for bios, captions, usernames, posts and comments. Browse the full South Korea Emoji Combos collection on UltraTextGen — tap any symbol or emoji to copy it instantly, free and with no sign-up.",https://ultratextgen.com/library/south-korea-emoji-combos/?utm_source=pinterest&utm_medium=social&utm_campaign=organic_pins&utm_content=library-south-korea-emoji-combos,,"symbol library, south korea emoji combos, south korea emoji combos copy paste, copy and paste symbols, unicode symbols, aesthetic symbols, copy and paste, ultratextgen"
Spain Emoji Combos to Copy and Paste — UltraTextGen,https://ultratextgen.com/assets/pinterest/library-spain-emoji-combos.png,Emoji Copy Paste & Emoji Combos,,"Copy and paste Spain Emoji Combos for bios, captions, usernames, posts and comments. Browse the full Spain Emoji Combos collection on UltraTextGen — tap any symbol or emoji to copy it instantly, free and with no sign-up.",https://ultratextgen.com/library/spain-emoji-combos/?utm_source=pinterest&utm_medium=social&utm_campaign=organic_pins&utm_content=library-spain-emoji-combos,,"symbol library, spain emoji combos, spain emoji combos copy paste, copy and paste symbols, unicode symbols, aesthetic symbols, copy and paste, ultratextgen"
Sparkle & Star Kaomoji to Copy and Paste,https://ultratextgen.com/assets/pinterest/library-sparkle-kaomoji.png,"Cute Symbols, Hearts & Decorative Text",,"Copy and paste Sparkle & Star Kaomoji for bios, captions, usernames, posts and comments. Browse the full Sparkle & Star Kaomoji collection on UltraTextGen — tap any symbol or emoji to copy it instantly, free and with no sign-up.",https://ultratextgen.com/library/sparkle-kaomoji/?utm_source=pinterest&utm_medium=social&utm_campaign=organic_pins&utm_content=library-sparkle-kaomoji,,"symbol library, sparkle & star kaomoji, sparkle & star kaomoji copy paste, copy and paste symbols, unicode symbols, aesthetic symbols, copy and paste, ultratextgen"
Sparkle & Decorative Symbols to Copy and Paste,https://ultratextgen.com/assets/pinterest/library-sparkle-symbols.png,"Cute Symbols, Hearts & Decorative Text",,"Copy and paste Sparkle & Decorative Symbols (✦ ✧ ✩ ⁂ ❉) for bios, captions, usernames, posts and comments. Browse the full Sparkle & Decorative Symbols collection on UltraTextGen — tap any symbol or emoji to copy it instantly, free and with no sign-up.",https://ultratextgen.com/library/sparkle-symbols/?utm_source=pinterest&utm_medium=social&utm_campaign=organic_pins&utm_content=library-sparkle-symbols,,"symbol library, sparkle & decorative symbols, sparkle & decorative symbols copy paste, copy and paste symbols, unicode symbols, aesthetic symbols, copy and paste, ultratextgen"
Special Characters to Copy and Paste — UltraTextGen,https://ultratextgen.com/assets/pinterest/library-special-characters.png,"Special Characters, Unicode & Keyboard Symbols",,"Copy and paste Special Characters (§ ¶ † ‡ ★) for bios, captions, usernames, posts and comments. Browse the full Special Characters collection on UltraTextGen — tap any symbol or emoji to copy it instantly, free and with no sign-up.",https://ultratextgen.com/library/special-characters/?utm_source=pinterest&utm_medium=social&utm_campaign=organic_pins&utm_content=library-special-characters,,"symbol library, special characters, special characters copy paste, copy and paste symbols, unicode symbols, aesthetic symbols, copy and paste, ultratextgen"
Sports & Activity Emojis to Copy and Paste,https://ultratextgen.com/assets/pinterest/library-sports-emojis.png,Emoji Copy Paste & Emoji Combos,,"Copy and paste Sports & Activity Emojis for bios, captions, usernames, posts and comments. Browse the full Sports & Activity Emojis collection on UltraTextGen — tap any symbol or emoji to copy it instantly, free and with no sign-up.",https://ultratextgen.com/library/sports-emojis/?utm_source=pinterest&utm_medium=social&utm_campaign=organic_pins&utm_content=library-sports-emojis,,"symbol library, sports & activity emojis, sports & activity emojis copy paste, copy and paste symbols, unicode symbols, aesthetic symbols, copy and paste, ultratextgen"
Star ASCII Art to Copy and Paste — UltraTextGen,https://ultratextgen.com/assets/pinterest/library-star-ascii-art.png,"Special Characters, Unicode & Keyboard Symbols",,"Copy and paste Star ASCII Art for bios, captions, usernames, posts and comments. Browse the full Star ASCII Art collection on UltraTextGen — tap any symbol or emoji to copy it instantly, free and with no sign-up.",https://ultratextgen.com/library/star-ascii-art/?utm_source=pinterest&utm_medium=social&utm_campaign=organic_pins&utm_content=library-star-ascii-art,,"symbol library, star ascii art, star ascii art copy paste, copy and paste symbols, unicode symbols, aesthetic symbols, copy and paste, ultratextgen"
Star Emoji to Copy and Paste — UltraTextGen,https://ultratextgen.com/assets/pinterest/library-star-emoji.png,Emoji Copy Paste & Emoji Combos,,"Copy and paste Star Emoji for bios, captions, usernames, posts and comments. Browse the full Star Emoji collection on UltraTextGen — tap any symbol or emoji to copy it instantly, free and with no sign-up.",https://ultratextgen.com/library/star-emoji/?utm_source=pinterest&utm_medium=social&utm_campaign=organic_pins&utm_content=library-star-emoji,,"symbol library, star emoji, star emoji copy paste, copy and paste symbols, unicode symbols, aesthetic symbols, copy and paste, ultratextgen"
Star Kaomoji to Copy and Paste — UltraTextGen,https://ultratextgen.com/assets/pinterest/library-star-kaomoji.png,"Cute Symbols, Hearts & Decorative Text",,"Copy and paste Star Kaomoji for bios, captions, usernames, posts and comments. Browse the full Star Kaomoji collection on UltraTextGen — tap any symbol or emoji to copy it instantly, free and with no sign-up.",https://ultratextgen.com/library/star-kaomoji/?utm_source=pinterest&utm_medium=social&utm_campaign=organic_pins&utm_content=library-star-kaomoji,,"symbol library, star kaomoji, star kaomoji copy paste, copy and paste symbols, unicode symbols, aesthetic symbols, copy and paste, ultratextgen"
Star Symbols to Copy and Paste — UltraTextGen,https://ultratextgen.com/assets/pinterest/library-star-symbols.png,"Cute Symbols, Hearts & Decorative Text",,"Copy and paste Star Symbols (★ ☆ ✦ ✧ ✩) for bios, captions, usernames, posts and comments. Browse the full Star Symbols collection on UltraTextGen — tap any symbol or emoji to copy it instantly, free and with no sign-up.",https://ultratextgen.com/library/star-symbols/?utm_source=pinterest&utm_medium=social&utm_campaign=organic_pins&utm_content=library-star-symbols,,"symbol library, star symbols, star symbols copy paste, copy and paste symbols, unicode symbols, aesthetic symbols, copy and paste, ultratextgen"
Steam Name Symbols to Copy and Paste — UltraTextGen,https://ultratextgen.com/assets/pinterest/library-steam-symbols.png,Fancy Text Generator & Copy Paste Fonts,,"Copy and paste Steam Name Symbols (★ ✦ ⚡ ☆ ✧) for bios, captions, usernames, posts and comments. Browse the full Steam Name Symbols collection on UltraTextGen — tap any symbol or emoji to copy it instantly, free and with no sign-up.",https://ultratextgen.com/library/steam-symbols/?utm_source=pinterest&utm_medium=social&utm_campaign=organic_pins&utm_content=library-steam-symbols,,"symbol library, steam name symbols, steam name symbols copy paste, copy and paste symbols, unicode symbols, aesthetic symbols, copy and paste, ultratextgen"
Suarez Emoji Combos to Copy and Paste — UltraTextGen,https://ultratextgen.com/assets/pinterest/library-suarez-emoji-combos.png,Emoji Copy Paste & Emoji Combos,,"Copy and paste Suarez Emoji Combos for bios, captions, usernames, posts and comments. Browse the full Suarez Emoji Combos collection on UltraTextGen — tap any symbol or emoji to copy it instantly, free and with no sign-up.",https://ultratextgen.com/library/suarez-emoji-combos/?utm_source=pinterest&utm_medium=social&utm_campaign=organic_pins&utm_content=library-suarez-emoji-combos,,"symbol library, suarez emoji combos, suarez emoji combos copy paste, copy and paste symbols, unicode symbols, aesthetic symbols, copy and paste, ultratextgen"
Sunglasses Emoji to Copy and Paste — UltraTextGen,https://ultratextgen.com/assets/pinterest/library-sunglasses-emoji.png,Emoji Copy Paste & Emoji Combos,,"Copy and paste Sunglasses Emoji for bios, captions, usernames, posts and comments. Browse the full Sunglasses Emoji collection on UltraTextGen — tap any symbol or emoji to copy it instantly, free and with no sign-up.",https://ultratextgen.com/library/sunglasses-emoji/?utm_source=pinterest&utm_medium=social&utm_campaign=organic_pins&utm_content=library-sunglasses-emoji,,"symbol library, sunglasses emoji, sunglasses emoji copy paste, copy and paste symbols, unicode symbols, aesthetic symbols, copy and paste, ultratextgen"
Sweden Emoji Combos to Copy and Paste — UltraTextGen,https://ultratextgen.com/assets/pinterest/library-sweden-emoji-combos.png,Emoji Copy Paste & Emoji Combos,,"Copy and paste Sweden Emoji Combos for bios, captions, usernames, posts and comments. Browse the full Sweden Emoji Combos collection on UltraTextGen — tap any symbol or emoji to copy it instantly, free and with no sign-up.",https://ultratextgen.com/library/sweden-emoji-combos/?utm_source=pinterest&utm_medium=social&utm_campaign=organic_pins&utm_content=library-sweden-emoji-combos,,"symbol library, sweden emoji combos, sweden emoji combos copy paste, copy and paste symbols, unicode symbols, aesthetic symbols, copy and paste, ultratextgen"
Switzerland Emoji Combos to Copy and Paste,https://ultratextgen.com/assets/pinterest/library-switzerland-emoji-combos.png,Emoji Copy Paste & Emoji Combos,,"Copy and paste Switzerland Emoji Combos for bios, captions, usernames, posts and comments. Browse the full Switzerland Emoji Combos collection on UltraTextGen — tap any symbol or emoji to copy it instantly, free and with no sign-up.",https://ultratextgen.com/library/switzerland-emoji-combos/?utm_source=pinterest&utm_medium=social&utm_campaign=organic_pins&utm_content=library-switzerland-emoji-combos,,"symbol library, switzerland emoji combos, switzerland emoji combos copy paste, copy and paste symbols, unicode symbols, aesthetic symbols, copy and paste, ultratextgen"
Table Flip Kaomoji to Copy and Paste — UltraTextGen,https://ultratextgen.com/assets/pinterest/library-table-flip-kaomoji.png,"Text Art, Kaomoji & ASCII Faces",,"Copy and paste Table Flip Kaomoji for bios, captions, usernames, posts and comments. Browse the full Table Flip Kaomoji collection on UltraTextGen — tap any symbol or emoji to copy it instantly, free and with no sign-up.",https://ultratextgen.com/library/table-flip-kaomoji/?utm_source=pinterest&utm_medium=social&utm_campaign=organic_pins&utm_content=library-table-flip-kaomoji,,"symbol library, table flip kaomoji, table flip kaomoji copy paste, copy and paste symbols, unicode symbols, aesthetic symbols, copy and paste, ultratextgen"
Tech & Status Symbols to Copy and Paste — UltraTextGen,https://ultratextgen.com/assets/pinterest/library-tech-status-symbols.png,Fancy Text Generator & Copy Paste Fonts,,"Copy and paste Tech & Status Symbols for bios, captions, usernames, posts and comments. Browse the full Tech & Status Symbols collection on UltraTextGen — tap any symbol or emoji to copy it instantly, free and with no sign-up.",https://ultratextgen.com/library/tech-status-symbols/?utm_source=pinterest&utm_medium=social&utm_campaign=organic_pins&utm_content=library-tech-status-symbols,,"symbol library, tech & status symbols, tech & status symbols copy paste, copy and paste symbols, unicode symbols, aesthetic symbols, copy and paste, ultratextgen"
Text Art Gallery to Copy and Paste — UltraTextGen,https://ultratextgen.com/assets/pinterest/library-text-art.png,"Special Characters, Unicode & Keyboard Symbols",,"Copy and paste Text Art Gallery for bios, captions, usernames, posts and comments. Browse the full Text Art Gallery collection on UltraTextGen — tap any symbol or emoji to copy it instantly, free and with no sign-up.",https://ultratextgen.com/library/text-art/?utm_source=pinterest&utm_medium=social&utm_campaign=organic_pins&utm_content=library-text-art,,"symbol library, text art gallery, text art gallery copy paste, copy and paste symbols, unicode symbols, aesthetic symbols, copy and paste, ultratextgen"
Text Faces & Kaomoji to Copy and Paste — UltraTextGen,https://ultratextgen.com/assets/pinterest/library-text-faces-kaomoji.png,"Text Art, Kaomoji & ASCII Faces",,"Copy and paste Text Faces & Kaomoji for bios, captions, usernames, posts and comments. Browse the full Text Faces & Kaomoji collection on UltraTextGen — tap any symbol or emoji to copy it instantly, free and with no sign-up.",https://ultratextgen.com/library/text-faces-kaomoji/?utm_source=pinterest&utm_medium=social&utm_campaign=organic_pins&utm_content=library-text-faces-kaomoji,,"symbol library, text faces & kaomoji, text faces & kaomoji copy paste, copy and paste symbols, unicode symbols, aesthetic symbols, copy and paste, ultratextgen"
Thanksgiving Symbols to Copy and Paste — UltraTextGen,https://ultratextgen.com/assets/pinterest/library-thanksgiving-symbols.png,Fancy Text Generator & Copy Paste Fonts,,"Copy and paste Thanksgiving Symbols (❀ ❁ ☘ ✿ ✦) for bios, captions, usernames, posts and comments. Browse the full Thanksgiving Symbols collection on UltraTextGen — tap any symbol or emoji to copy it instantly, free and with no sign-up.",https://ultratextgen.com/library/thanksgiving-symbols/?utm_source=pinterest&utm_medium=social&utm_campaign=organic_pins&utm_content=library-thanksgiving-symbols,,"symbol library, thanksgiving symbols, thanksgiving symbols copy paste, copy and paste symbols, unicode symbols, aesthetic symbols, copy and paste, ultratextgen"
Therian Symbols to Copy and Paste — UltraTextGen,https://ultratextgen.com/assets/pinterest/library-therian-symbols.png,Fancy Text Generator & Copy Paste Fonts,,"Copy and paste Therian Symbols for bios, captions, usernames, posts and comments. Browse the full Therian Symbols collection on UltraTextGen — tap any symbol or emoji to copy it instantly, free and with no sign-up.",https://ultratextgen.com/library/therian-symbols/?utm_source=pinterest&utm_medium=social&utm_campaign=organic_pins&utm_content=library-therian-symbols,,"symbol library, therian symbols, therian symbols copy paste, copy and paste symbols, unicode symbols, aesthetic symbols, copy and paste, ultratextgen"
Thinking Emoji to Copy and Paste — UltraTextGen,https://ultratextgen.com/assets/pinterest/library-thinking-emoji.png,Emoji Copy Paste & Emoji Combos,,"Copy and paste Thinking Emoji for bios, captions, usernames, posts and comments. Browse the full Thinking Emoji collection on UltraTextGen — tap any symbol or emoji to copy it instantly, free and with no sign-up.",https://ultratextgen.com/library/thinking-emoji/?utm_source=pinterest&utm_medium=social&utm_campaign=organic_pins&utm_content=library-thinking-emoji,,"symbol library, thinking emoji, thinking emoji copy paste, copy and paste symbols, unicode symbols, aesthetic symbols, copy and paste, ultratextgen"
Thumbs-Up Emoji to Copy and Paste — UltraTextGen,https://ultratextgen.com/assets/pinterest/library-thumbs-up-emoji.png,Emoji Copy Paste & Emoji Combos,,"Copy and paste Thumbs-Up Emoji (☝ ✌ ☞ ☜ ☟) for bios, captions, usernames, posts and comments. Browse the full Thumbs-Up Emoji collection on UltraTextGen — tap any symbol or emoji to copy it instantly, free and with no sign-up.",https://ultratextgen.com/library/thumbs-up-emoji/?utm_source=pinterest&utm_medium=social&utm_campaign=organic_pins&utm_content=library-thumbs-up-emoji,,"symbol library, thumbs-up emoji, thumbs-up emoji copy paste, copy and paste symbols, unicode symbols, aesthetic symbols, copy and paste, ultratextgen"
Thumbs Up Kaomoji to Copy and Paste — UltraTextGen,https://ultratextgen.com/assets/pinterest/library-thumbs-up-kaomoji.png,"Text Art, Kaomoji & ASCII Faces",,"Copy and paste Thumbs Up Kaomoji for bios, captions, usernames, posts and comments. Browse the full Thumbs Up Kaomoji collection on UltraTextGen — tap any symbol or emoji to copy it instantly, free and with no sign-up.",https://ultratextgen.com/library/thumbs-up-kaomoji/?utm_source=pinterest&utm_medium=social&utm_campaign=organic_pins&utm_content=library-thumbs-up-kaomoji,,"symbol library, thumbs up kaomoji, thumbs up kaomoji copy paste, copy and paste symbols, unicode symbols, aesthetic symbols, copy and paste, ultratextgen"
TikTok Symbols to Copy and Paste — UltraTextGen,https://ultratextgen.com/assets/pinterest/library-tiktok-symbols.png,Instagram Bio Symbols & Aesthetic Text,,"Copy and paste TikTok Symbols for bios, captions, usernames, posts and comments. Browse the full TikTok Symbols collection on UltraTextGen — tap any symbol or emoji to copy it instantly, free and with no sign-up.",https://ultratextgen.com/library/tiktok-symbols/?utm_source=pinterest&utm_medium=social&utm_campaign=organic_pins&utm_content=library-tiktok-symbols,,"symbol library, tiktok symbols, tiktok symbols copy paste, copy and paste symbols, unicode symbols, aesthetic symbols, copy and paste, ultratextgen"
Tired Emoji to Copy and Paste — UltraTextGen,https://ultratextgen.com/assets/pinterest/library-tired-emoji.png,Emoji Copy Paste & Emoji Combos,,"Copy and paste Tired Emoji for bios, captions, usernames, posts and comments. Browse the full Tired Emoji collection on UltraTextGen — tap any symbol or emoji to copy it instantly, free and with no sign-up.",https://ultratextgen.com/library/tired-emoji/?utm_source=pinterest&utm_medium=social&utm_campaign=organic_pins&utm_content=library-tired-emoji,,"symbol library, tired emoji, tired emoji copy paste, copy and paste symbols, unicode symbols, aesthetic symbols, copy and paste, ultratextgen"
Tongue Emoji to Copy and Paste — UltraTextGen,https://ultratextgen.com/assets/pinterest/library-tongue-emoji.png,Emoji Copy Paste & Emoji Combos,,"Copy and paste Tongue Emoji for bios, captions, usernames, posts and comments. Browse the full Tongue Emoji collection on UltraTextGen — tap any symbol or emoji to copy it instantly, free and with no sign-up.",https://ultratextgen.com/library/tongue-emoji/?utm_source=pinterest&utm_medium=social&utm_campaign=organic_pins&utm_content=library-tongue-emoji,,"symbol library, tongue emoji, tongue emoji copy paste, copy and paste symbols, unicode symbols, aesthetic symbols, copy and paste, ultratextgen"
Traffic & Road Sign Symbols to Copy and Paste,https://ultratextgen.com/assets/pinterest/library-traffic-road-sign-symbols.png,Fancy Text Generator & Copy Paste Fonts,,"Copy and paste Traffic & Road Sign Symbols for bios, captions, usernames, posts and comments. Browse the full Traffic & Road Sign Symbols collection on UltraTextGen — tap any symbol or emoji to copy it instantly, free and with no sign-up.",https://ultratextgen.com/library/traffic-road-sign-symbols/?utm_source=pinterest&utm_medium=social&utm_campaign=organic_pins&utm_content=library-traffic-road-sign-symbols,,"symbol library, traffic & road sign symbols, traffic & road sign symbols copy paste, copy and paste symbols, unicode symbols, aesthetic symbols, copy and paste, ultratextgen"
Transport & Map Symbols to Copy and Paste,https://ultratextgen.com/assets/pinterest/library-transport-symbols.png,Fancy Text Generator & Copy Paste Fonts,,"Copy and paste Transport & Map Symbols for bios, captions, usernames, posts and comments. Browse the full Transport & Map Symbols collection on UltraTextGen — tap any symbol or emoji to copy it instantly, free and with no sign-up.",https://ultratextgen.com/library/transport-symbols/?utm_source=pinterest&utm_medium=social&utm_campaign=organic_pins&utm_content=library-transport-symbols,,"symbol library, transport & map symbols, transport & map symbols copy paste, copy and paste symbols, unicode symbols, aesthetic symbols, copy and paste, ultratextgen"
Travel & Vacation Emojis to Copy and Paste,https://ultratextgen.com/assets/pinterest/library-travel-vacation-emojis.png,Emoji Copy Paste & Emoji Combos,,"Copy and paste Travel & Vacation Emojis for bios, captions, usernames, posts and comments. Browse the full Travel & Vacation Emojis collection on UltraTextGen — tap any symbol or emoji to copy it instantly, free and with no sign-up.",https://ultratextgen.com/library/travel-vacation-emojis/?utm_source=pinterest&utm_medium=social&utm_campaign=organic_pins&utm_content=library-travel-vacation-emojis,,"symbol library, travel & vacation emojis, travel & vacation emojis copy paste, copy and paste symbols, unicode symbols, aesthetic symbols, copy and paste, ultratextgen"
Tunisia Emoji Combos to Copy and Paste — UltraTextGen,https://ultratextgen.com/assets/pinterest/library-tunisia-emoji-combos.png,Emoji Copy Paste & Emoji Combos,,"Copy and paste Tunisia Emoji Combos for bios, captions, usernames, posts and comments. Browse the full Tunisia Emoji Combos collection on UltraTextGen — tap any symbol or emoji to copy it instantly, free and with no sign-up.",https://ultratextgen.com/library/tunisia-emoji-combos/?utm_source=pinterest&utm_medium=social&utm_campaign=organic_pins&utm_content=library-tunisia-emoji-combos,,"symbol library, tunisia emoji combos, tunisia emoji combos copy paste, copy and paste symbols, unicode symbols, aesthetic symbols, copy and paste, ultratextgen"
Turkey Emoji Combos to Copy and Paste — UltraTextGen,https://ultratextgen.com/assets/pinterest/library-turkey-emoji-combos.png,Emoji Copy Paste & Emoji Combos,,"Copy and paste Turkey Emoji Combos for bios, captions, usernames, posts and comments. Browse the full Turkey Emoji Combos collection on UltraTextGen — tap any symbol or emoji to copy it instantly, free and with no sign-up.",https://ultratextgen.com/library/turkey-emoji-combos/?utm_source=pinterest&utm_medium=social&utm_campaign=organic_pins&utm_content=library-turkey-emoji-combos,,"symbol library, turkey emoji combos, turkey emoji combos copy paste, copy and paste symbols, unicode symbols, aesthetic symbols, copy and paste, ultratextgen"
Ukraine Emoji Combos to Copy and Paste — UltraTextGen,https://ultratextgen.com/assets/pinterest/library-ukraine-emoji-combos.png,Emoji Copy Paste & Emoji Combos,,"Copy and paste Ukraine Emoji Combos for bios, captions, usernames, posts and comments. Browse the full Ukraine Emoji Combos collection on UltraTextGen — tap any symbol or emoji to copy it instantly, free and with no sign-up.",https://ultratextgen.com/library/ukraine-emoji-combos/?utm_source=pinterest&utm_medium=social&utm_campaign=organic_pins&utm_content=library-ukraine-emoji-combos,,"symbol library, ukraine emoji combos, ukraine emoji combos copy paste, copy and paste symbols, unicode symbols, aesthetic symbols, copy and paste, ultratextgen"
Unit & Measurement Symbols to Copy and Paste,https://ultratextgen.com/assets/pinterest/library-unit-measurement-symbols.png,"Special Characters, Unicode & Keyboard Symbols",,"Copy and paste Unit & Measurement Symbols (° ′ ″ µ Ω) for bios, captions, usernames, posts and comments. Browse the full Unit & Measurement Symbols collection on UltraTextGen — tap any symbol or emoji to copy it instantly, free and with no sign-up.",https://ultratextgen.com/library/unit-measurement-symbols/?utm_source=pinterest&utm_medium=social&utm_campaign=organic_pins&utm_content=library-unit-measurement-symbols,,"symbol library, unit & measurement symbols, unit & measurement symbols copy paste, copy and paste symbols, unicode symbols, aesthetic symbols, copy and paste, ultratextgen"
Uruguay Emoji Combos to Copy and Paste — UltraTextGen,https://ultratextgen.com/assets/pinterest/library-uruguay-emoji-combos.png,Emoji Copy Paste & Emoji Combos,,"Copy and paste Uruguay Emoji Combos for bios, captions, usernames, posts and comments. Browse the full Uruguay Emoji Combos collection on UltraTextGen — tap any symbol or emoji to copy it instantly, free and with no sign-up.",https://ultratextgen.com/library/uruguay-emoji-combos/?utm_source=pinterest&utm_medium=social&utm_campaign=organic_pins&utm_content=library-uruguay-emoji-combos,,"symbol library, uruguay emoji combos, uruguay emoji combos copy paste, copy and paste symbols, unicode symbols, aesthetic symbols, copy and paste, ultratextgen"
USA Emoji Combos to Copy and Paste — UltraTextGen,https://ultratextgen.com/assets/pinterest/library-usa-emoji-combos.png,Emoji Copy Paste & Emoji Combos,,"Copy and paste USA Emoji Combos for bios, captions, usernames, posts and comments. Browse the full USA Emoji Combos collection on UltraTextGen — tap any symbol or emoji to copy it instantly, free and with no sign-up.",https://ultratextgen.com/library/usa-emoji-combos/?utm_source=pinterest&utm_medium=social&utm_campaign=organic_pins&utm_content=library-usa-emoji-combos,,"symbol library, usa emoji combos, usa emoji combos copy paste, copy and paste symbols, unicode symbols, aesthetic symbols, copy and paste, ultratextgen"
Venezuela Emoji Combos to Copy and Paste,https://ultratextgen.com/assets/pinterest/library-venezuela-emoji-combos.png,Emoji Copy Paste & Emoji Combos,,"Copy and paste Venezuela Emoji Combos for bios, captions, usernames, posts and comments. Browse the full Venezuela Emoji Combos collection on UltraTextGen — tap any symbol or emoji to copy it instantly, free and with no sign-up.",https://ultratextgen.com/library/venezuela-emoji-combos/?utm_source=pinterest&utm_medium=social&utm_campaign=organic_pins&utm_content=library-venezuela-emoji-combos,,"symbol library, venezuela emoji combos, venezuela emoji combos copy paste, copy and paste symbols, unicode symbols, aesthetic symbols, copy and paste, ultratextgen"
Vertical Line Symbols to Copy and Paste — UltraTextGen,https://ultratextgen.com/assets/pinterest/library-vertical-line-symbols.png,"Cute Symbols, Hearts & Decorative Text",,"Copy and paste Vertical Line Symbols (│ ┃ ║ ╎ ┊) for bios, captions, usernames, posts and comments. Browse the full Vertical Line Symbols collection on UltraTextGen — tap any symbol or emoji to copy it instantly, free and with no sign-up.",https://ultratextgen.com/library/vertical-line-symbols/?utm_source=pinterest&utm_medium=social&utm_campaign=organic_pins&utm_content=library-vertical-line-symbols,,"symbol library, vertical line symbols, vertical line symbols copy paste, copy and paste symbols, unicode symbols, aesthetic symbols, copy and paste, ultratextgen"
Vinicius Emoji Combos to Copy and Paste — UltraTextGen,https://ultratextgen.com/assets/pinterest/library-vinicius-emoji-combos.png,Emoji Copy Paste & Emoji Combos,,"Copy and paste Vinicius Emoji Combos for bios, captions, usernames, posts and comments. Browse the full Vinicius Emoji Combos collection on UltraTextGen — tap any symbol or emoji to copy it instantly, free and with no sign-up.",https://ultratextgen.com/library/vinicius-emoji-combos/?utm_source=pinterest&utm_medium=social&utm_campaign=organic_pins&utm_content=library-vinicius-emoji-combos,,"symbol library, vinicius emoji combos, vinicius emoji combos copy paste, copy and paste symbols, unicode symbols, aesthetic symbols, copy and paste, ultratextgen"
Wales Emoji Combos to Copy and Paste — UltraTextGen,https://ultratextgen.com/assets/pinterest/library-wales-emoji-combos.png,Emoji Copy Paste & Emoji Combos,,"Copy and paste Wales Emoji Combos for bios, captions, usernames, posts and comments. Browse the full Wales Emoji Combos collection on UltraTextGen — tap any symbol or emoji to copy it instantly, free and with no sign-up.",https://ultratextgen.com/library/wales-emoji-combos/?utm_source=pinterest&utm_medium=social&utm_campaign=organic_pins&utm_content=library-wales-emoji-combos,,"symbol library, wales emoji combos, wales emoji combos copy paste, copy and paste symbols, unicode symbols, aesthetic symbols, copy and paste, ultratextgen"
Wave Kaomoji to Copy and Paste — UltraTextGen,https://ultratextgen.com/assets/pinterest/library-wave-kaomoji.png,"Text Art, Kaomoji & ASCII Faces",,"Copy and paste Wave Kaomoji for bios, captions, usernames, posts and comments. Browse the full Wave Kaomoji collection on UltraTextGen — tap any symbol or emoji to copy it instantly, free and with no sign-up.",https://ultratextgen.com/library/wave-kaomoji/?utm_source=pinterest&utm_medium=social&utm_campaign=organic_pins&utm_content=library-wave-kaomoji,,"symbol library, wave kaomoji, wave kaomoji copy paste, copy and paste symbols, unicode symbols, aesthetic symbols, copy and paste, ultratextgen"
Weapon & Tool Emojis to Copy and Paste — UltraTextGen,https://ultratextgen.com/assets/pinterest/library-weapon-tool-emojis.png,Emoji Copy Paste & Emoji Combos,,"Copy and paste Weapon & Tool Emojis (⚔ ⚒ ⚓ ✂ †) for bios, captions, usernames, posts and comments. Browse the full Weapon & Tool Emojis collection on UltraTextGen — tap any symbol or emoji to copy it instantly, free and with no sign-up.",https://ultratextgen.com/library/weapon-tool-emojis/?utm_source=pinterest&utm_medium=social&utm_campaign=organic_pins&utm_content=library-weapon-tool-emojis,,"symbol library, weapon & tool emojis, weapon & tool emojis copy paste, copy and paste symbols, unicode symbols, aesthetic symbols, copy and paste, ultratextgen"
Weather Symbols & Emojis to Copy and Paste,https://ultratextgen.com/assets/pinterest/library-weather-symbols.png,Emoji Copy Paste & Emoji Combos,,"Copy and paste Weather Symbols & Emojis (☀ ☁ ☂ ❄ ☼) for bios, captions, usernames, posts and comments. Browse the full Weather Symbols & Emojis collection on UltraTextGen — tap any symbol or emoji to copy it instantly, free and with no sign-up.",https://ultratextgen.com/library/weather-symbols/?utm_source=pinterest&utm_medium=social&utm_campaign=organic_pins&utm_content=library-weather-symbols,,"symbol library, weather symbols & emojis, weather symbols & emojis copy paste, copy and paste symbols, unicode symbols, aesthetic symbols, copy and paste, ultratextgen"
Wedding & Anniversary Emojis to Copy and Paste,https://ultratextgen.com/assets/pinterest/library-wedding-anniversary-emojis.png,Emoji Copy Paste & Emoji Combos,,"Copy and paste Wedding & Anniversary Emojis (♥ ♡ ❣ ❀ ✦) for bios, captions, usernames, posts and comments. Browse the full Wedding & Anniversary Emojis collection on UltraTextGen — tap any symbol or emoji to copy it instantly, free and with no sign-up.",https://ultratextgen.com/library/wedding-anniversary-emojis/?utm_source=pinterest&utm_medium=social&utm_campaign=organic_pins&utm_content=library-wedding-anniversary-emojis,,"symbol library, wedding & anniversary emojis, wedding & anniversary emojis copy paste, copy and paste symbols, unicode symbols, aesthetic symbols, copy and paste, ultratextgen"
WhatsApp Symbols to Copy and Paste — UltraTextGen,https://ultratextgen.com/assets/pinterest/library-whatsapp-symbols.png,"TikTok, Snapchat & WhatsApp Fonts",,"Copy and paste WhatsApp Symbols for bios, captions, usernames, posts and comments. Browse the full WhatsApp Symbols collection on UltraTextGen — tap any symbol or emoji to copy it instantly, free and with no sign-up.",https://ultratextgen.com/library/whatsapp-symbols/?utm_source=pinterest&utm_medium=social&utm_campaign=organic_pins&utm_content=library-whatsapp-symbols,,"symbol library, whatsapp symbols, whatsapp symbols copy paste, copy and paste symbols, unicode symbols, aesthetic symbols, copy and paste, ultratextgen"
Wink Emoji to Copy and Paste — UltraTextGen,https://ultratextgen.com/assets/pinterest/library-wink-emoji.png,Emoji Copy Paste & Emoji Combos,,"Copy and paste Wink Emoji for bios, captions, usernames, posts and comments. Browse the full Wink Emoji collection on UltraTextGen — tap any symbol or emoji to copy it instantly, free and with no sign-up.",https://ultratextgen.com/library/wink-emoji/?utm_source=pinterest&utm_medium=social&utm_campaign=organic_pins&utm_content=library-wink-emoji,,"symbol library, wink emoji, wink emoji copy paste, copy and paste symbols, unicode symbols, aesthetic symbols, copy and paste, ultratextgen"
Wink Kaomoji to Copy and Paste — UltraTextGen,https://ultratextgen.com/assets/pinterest/library-wink-kaomoji.png,"Text Art, Kaomoji & ASCII Faces",,"Copy and paste Wink Kaomoji for bios, captions, usernames, posts and comments. Browse the full Wink Kaomoji collection on UltraTextGen — tap any symbol or emoji to copy it instantly, free and with no sign-up.",https://ultratextgen.com/library/wink-kaomoji/?utm_source=pinterest&utm_medium=social&utm_campaign=organic_pins&utm_content=library-wink-kaomoji,,"symbol library, wink kaomoji, wink kaomoji copy paste, copy and paste symbols, unicode symbols, aesthetic symbols, copy and paste, ultratextgen"
Wirtz Emoji Combos to Copy and Paste — UltraTextGen,https://ultratextgen.com/assets/pinterest/library-wirtz-emoji-combos.png,Emoji Copy Paste & Emoji Combos,,"Copy and paste Wirtz Emoji Combos for bios, captions, usernames, posts and comments. Browse the full Wirtz Emoji Combos collection on UltraTextGen — tap any symbol or emoji to copy it instantly, free and with no sign-up.",https://ultratextgen.com/library/wirtz-emoji-combos/?utm_source=pinterest&utm_medium=social&utm_campaign=organic_pins&utm_content=library-wirtz-emoji-combos,,"symbol library, wirtz emoji combos, wirtz emoji combos copy paste, copy and paste symbols, unicode symbols, aesthetic symbols, copy and paste, ultratextgen"
Witchy & Occult Symbols to Copy and Paste,https://ultratextgen.com/assets/pinterest/library-witchy-occult-symbols.png,Fancy Text Generator & Copy Paste Fonts,,"Copy and paste Witchy & Occult Symbols (☽ ☿ ✦ ☉ ♆) for bios, captions, usernames, posts and comments. Browse the full Witchy & Occult Symbols collection on UltraTextGen — tap any symbol or emoji to copy it instantly, free and with no sign-up.",https://ultratextgen.com/library/witchy-occult-symbols/?utm_source=pinterest&utm_medium=social&utm_campaign=organic_pins&utm_content=library-witchy-occult-symbols,,"symbol library, witchy & occult symbols, witchy & occult symbols copy paste, copy and paste symbols, unicode symbols, aesthetic symbols, copy and paste, ultratextgen"
World Cup Emoji & Combos to Copy and Paste,https://ultratextgen.com/assets/pinterest/library-world-cup-emoji-combos.png,Emoji Copy Paste & Emoji Combos,,"Copy and paste World Cup Emoji & Combos for bios, captions, usernames, posts and comments. Browse the full World Cup Emoji & Combos collection on UltraTextGen — tap any symbol or emoji to copy it instantly, free and with no sign-up.",https://ultratextgen.com/library/world-cup-emoji-combos/?utm_source=pinterest&utm_medium=social&utm_campaign=organic_pins&utm_content=library-world-cup-emoji-combos,,"symbol library, world cup emoji & combos, world cup emoji & combos copy paste, copy and paste symbols, unicode symbols, aesthetic symbols, copy and paste, ultratextgen"
X (Twitter) Symbols to Copy and Paste — UltraTextGen,https://ultratextgen.com/assets/pinterest/library-x-twitter-symbols.png,Instagram Bio Symbols & Aesthetic Text,,"Copy and paste X (Twitter) Symbols for bios, captions, usernames, posts and comments. Browse the full X (Twitter) Symbols collection on UltraTextGen — tap any symbol or emoji to copy it instantly, free and with no sign-up.",https://ultratextgen.com/library/x-twitter-symbols/?utm_source=pinterest&utm_medium=social&utm_campaign=organic_pins&utm_content=library-x-twitter-symbols,,"symbol library, x (twitter) symbols, x (twitter) symbols copy paste, copy and paste symbols, unicode symbols, aesthetic symbols, copy and paste, ultratextgen"
Y2K Symbols to Copy and Paste — UltraTextGen,https://ultratextgen.com/assets/pinterest/library-y2k-symbols.png,Instagram Bio Symbols & Aesthetic Text,,"Copy and paste Y2K Symbols (✦ ☆ ⌘ ✧ ⊹) for bios, captions, usernames, posts and comments. Browse the full Y2K Symbols collection on UltraTextGen — tap any symbol or emoji to copy it instantly, free and with no sign-up.",https://ultratextgen.com/library/y2k-symbols/?utm_source=pinterest&utm_medium=social&utm_campaign=organic_pins&utm_content=library-y2k-symbols,,"symbol library, y2k symbols, y2k symbols copy paste, copy and paste symbols, unicode symbols, aesthetic symbols, copy and paste, ultratextgen"
Yamal Emoji Combos to Copy and Paste — UltraTextGen,https://ultratextgen.com/assets/pinterest/library-yamal-emoji-combos.png,Emoji Copy Paste & Emoji Combos,,"Copy and paste Yamal Emoji Combos for bios, captions, usernames, posts and comments. Browse the full Yamal Emoji Combos collection on UltraTextGen — tap any symbol or emoji to copy it instantly, free and with no sign-up.",https://ultratextgen.com/library/yamal-emoji-combos/?utm_source=pinterest&utm_medium=social&utm_campaign=organic_pins&utm_content=library-yamal-emoji-combos,,"symbol library, yamal emoji combos, yamal emoji combos copy paste, copy and paste symbols, unicode symbols, aesthetic symbols, copy and paste, ultratextgen"
Zodiac & Astrology Symbols to Copy and Paste,https://ultratextgen.com/assets/pinterest/library-zodiac-symbols.png,Fancy Text Generator & Copy Paste Fonts,,"Copy and paste Zodiac & Astrology Symbols (♈ ♋ ♌ ♏ ♐) for bios, captions, usernames, posts and comments. Browse the full Zodiac & Astrology Symbols collection on UltraTextGen — tap any symbol or emoji to copy it instantly, free and with no sign-up.",https://ultratextgen.com/library/zodiac-symbols/?utm_source=pinterest&utm_medium=social&utm_campaign=organic_pins&utm_content=library-zodiac-symbols,,"symbol library, zodiac & astrology symbols, zodiac & astrology symbols copy paste, copy and paste symbols, unicode symbols, aesthetic symbols, copy and paste, ultratextgen"
Font Discord — Tulisan Power untuk Nick & Bio (Tanpa Nitro) — Copy and Paste Fonts,https://ultratextgen.com/assets/pinterest/ms-font-discord.png,International Fancy Font Generators,,"Font Discord — Tulisan Power untuk Nick & Bio (Tanpa Nitro). Font Discord percuma, terus salin: tukar nama anda jadi 𝘁𝗲𝗯𝗮𝗹, 𝘤𝘰𝘯𝘥𝘰𝘯𝘨, atau 𝓼𝓪𝓶𝓫𝓾𝓷𝓰 kemudian tampal ke nickname, About Me, dan chat…. Copy and paste stylish Unicode fonts and symbols for bios, captions, usernames and posts — free,…",https://ultratextgen.com/ms/font-discord/?utm_source=pinterest&utm_medium=social&utm_campaign=organic_pins&utm_content=ms-font-discord,,"localized, font discord — tulisan power untuk nick & bio (tanpa nitro), fancy text generator, copy paste fonts, unicode fonts, copy and paste, ultratextgen"
Di Mana Font Discord Berfungsi: Peta Kebenaran per Ruangan — Copy and Paste Fonts,https://ultratextgen.com/assets/pinterest/ms-guide-di-mana-font-discord-berfungsi.png,International Fancy Font Generators,,"Di Mana Font Discord Berfungsi: Peta Kebenaran per Ruangan. Kenapa Discord kata username anda tidak sah, kenapa nama channel hilang huruf kapitalnya, dan ruangan mana yang terima font Unicode —…. Copy and paste stylish Unicode fonts and symbols for bios, captions, usernames and posts — free,…",https://ultratextgen.com/ms/guide/di-mana-font-discord-berfungsi/?utm_source=pinterest&utm_medium=social&utm_campaign=organic_pins&utm_content=ms-guide-di-mana-font-discord-berfungsi,,"localized, di mana font discord berfungsi: peta kebenaran per ruangan, fancy text generator, copy paste fonts, unicode fonts, copy and paste, ultratextgen"
"Format Teks Discord Dijelaskan: Markdown, Unicode, dan Nitro — Kenapa tebal berjaya dalam",https://ultratextgen.com/assets/pinterest/ms-guide-format-teks-discord-dijelaskan.png,International Fancy Font Generators,,"Format Teks Discord Dijelaskan: Markdown, Unicode, dan Nitro. Kenapa tebal berjaya dalam chat Discord tapi tidak pada username — tiga sistem teks Discord (Markdown, font Unicode, Nitro) dan bila nak…. Copy and paste stylish Unicode fonts and symbols for bios, captions, usernames and posts —…",https://ultratextgen.com/ms/guide/format-teks-discord-dijelaskan/?utm_source=pinterest&utm_medium=social&utm_campaign=organic_pins&utm_content=ms-guide-format-teks-discord-dijelaskan,,"localized, format teks discord dijelaskan: markdown, unicode, dan nitro, fancy text generator, copy paste fonts, unicode fonts, copy and paste, ultratextgen"
Panduan UltraTextGen — Kuasai Teks Discord — Panduan UltraTextGen dalam Bahasa,https://ultratextgen.com/assets/pinterest/ms-guide.png,International Fancy Font Generators,,"Panduan UltraTextGen — Kuasai Teks Discord. Panduan UltraTextGen dalam Bahasa Malaysia: fahami dan kuasai cara font Unicode berfungsi dalam Discord — ruangan demi ruangan, selamat…. Copy and paste stylish Unicode fonts and symbols for bios, captions, usernames and posts — free, fast and right in…",https://ultratextgen.com/ms/guide/?utm_source=pinterest&utm_medium=social&utm_campaign=organic_pins&utm_content=ms-guide,,"localized, panduan ultratextgen — kuasai teks discord, fancy text generator, copy paste fonts, unicode fonts, copy and paste, ultratextgen"
Buat Nama Discord Power Tanpa Kena Tapisan (dan Kekal Boleh Dibaca) — Copy and Paste Fonts,https://ultratextgen.com/assets/pinterest/ms-guide-nama-discord-selamat.png,International Fancy Font Generators,,"Buat Nama Discord Power Tanpa Kena Tapisan (dan Kekal Boleh Dibaca). Nama Discord yang distailkan masih boleh gagal pada tiga ujian senyap: senarai ahli, @mention, dan penapis peniruan identiti. Ini cara…. Copy and paste stylish Unicode fonts and symbols for bios, captions, usernames and posts —…",https://ultratextgen.com/ms/guide/nama-discord-selamat/?utm_source=pinterest&utm_medium=social&utm_campaign=organic_pins&utm_content=ms-guide-nama-discord-selamat,,"localized, buat nama discord power tanpa kena tapisan (dan kekal boleh dibaca), fancy text generator, copy paste fonts, unicode fonts, copy and paste, ultratextgen"
"Tukar Huruf Besar Kecil Online — UPPERCASE, lowercase, Title Case & Lain-lain — Copy",https://ultratextgen.com/assets/pinterest/ms-huruf-besar-kecil.png,International Fancy Font Generators,,"Tukar Huruf Besar Kecil Online — UPPERCASE, lowercase, Title Case & Lain-lain. Tukar huruf besar kecil (huruf kapital) online, tanpa aplikasi. Tukar teks ke UPPERCASE, lowercase, Title Case, Sentence case…. Copy and paste stylish Unicode fonts and symbols for bios, captions, usernames and posts…",https://ultratextgen.com/ms/huruf-besar-kecil/?utm_source=pinterest&utm_medium=social&utm_campaign=organic_pins&utm_content=ms-huruf-besar-kecil,,"localized, tukar huruf besar kecil online — uppercase, lowercase, title case & lain-lain, fancy text generator, copy paste fonts, unicode fonts, copy and paste, ultratextgen"
"Tulisan Aesthetic, Huruf Power & Tulisan Hebat — Fon Salin Tampal Online — Copy and",https://ultratextgen.com/assets/pinterest/ms.png,International Fancy Font Generators,,"Tulisan Aesthetic, Huruf Power & Tulisan Hebat — Fon Salin Tampal Online. Tulisan aesthetic, tulisan hebat, font power & teks comel untuk bio IG, caption TikTok, status WhatsApp & nickname Mobile Legends serta…. Copy and paste stylish Unicode fonts and symbols for bios, captions, usernames and…",https://ultratextgen.com/ms/?utm_source=pinterest&utm_medium=social&utm_campaign=organic_pins&utm_content=ms,,"localized, tulisan aesthetic, huruf power & tulisan hebat — fon salin tampal online, fancy text generator, copy paste fonts, unicode fonts, copy and paste, ultratextgen"
Simbol Discord — Salin & Tampal untuk Nama Channel & Server — Copy and Paste Fonts,https://ultratextgen.com/assets/pinterest/ms-library-simbol-discord.png,International Fancy Font Generators,,"Simbol Discord — Salin & Tampal untuk Nama Channel & Server. Salin & tampal simbol Discord untuk nama channel, nama server, role, dan profil — hiasan channel (▸ ┊ ➤ ꒱ ⟢), pemisah, hati, dan bintang…. Copy and paste stylish Unicode fonts and symbols for bios, captions, usernames and posts — free,…",https://ultratextgen.com/ms/library/simbol-discord/?utm_source=pinterest&utm_medium=social&utm_campaign=organic_pins&utm_content=ms-library-simbol-discord,,"localized, simbol discord — salin & tampal untuk nama channel & server, fancy text generator, copy paste fonts, unicode fonts, copy and paste, ultratextgen"
Simbol FF ꧁꧂ — Simbol Nickname Free Fire Salin Tampal — Copy and Paste Fonts,https://ultratextgen.com/assets/pinterest/ms-library-simbol-ff.png,International Fancy Font Generators,,"Simbol FF ꧁꧂ — Simbol Nickname Free Fire Salin Tampal. Koleksi simbol FF sedia salin tampal: payung ꧁꧂, mahkota ♛, love ♡ ᥫ᭡, katakana メ 彡, bintang ★, plus kombinasi nama siap guna. Klik…. Copy and paste stylish Unicode fonts and symbols for bios, captions, usernames and posts — free, fast and…",https://ultratextgen.com/ms/library/simbol-ff/?utm_source=pinterest&utm_medium=social&utm_campaign=organic_pins&utm_content=ms-library-simbol-ff,,"localized, simbol ff ꧁꧂ — simbol nickname free fire salin tampal, fancy text generator, copy paste fonts, unicode fonts, copy and paste, ultratextgen"
Tulisan Condong & Font Italic (𝘐𝘵𝘢𝘭𝘪𝘤) — Penjana Salin Tampal — Copy and Paste Fonts,https://ultratextgen.com/assets/pinterest/ms-tulisan-condong.png,International Fancy Font Generators,,"Tulisan Condong & Font Italic (𝘐𝘵𝘢𝘭𝘪𝘤) — Penjana Salin Tampal. Buat & salin tulisan condong, font italic, dan huruf condong (𝘪𝘵𝘢𝘭𝘪𝘤) untuk bio IG, status WhatsApp, caption & nickname game. Taip…. Copy and paste stylish Unicode fonts and symbols for bios, captions, usernames and posts — free,…",https://ultratextgen.com/ms/tulisan-condong/?utm_source=pinterest&utm_medium=social&utm_campaign=organic_pins&utm_content=ms-tulisan-condong,,"localized, tulisan condong & font italic (𝘐𝘵𝘢𝘭𝘪𝘤) — penjana salin tampal, fancy text generator, copy paste fonts, unicode fonts, copy and paste, ultratextgen"
