Title,Media URL,Pinterest board,Thumbnail,Description,Link,Publish date,Keywords
Small Text — Copy and Paste Font Style — UltraTextGen,https://ultratextgen.com/assets/pinterest/category-small-text.png,Fancy Text Generator & Copy Paste Fonts,,"Small Text Generator: Tiny superscript and subscript letters. Copy and paste this Unicode font style for bios, captions, usernames and headlines. Type once and grab every variation instantly with UltraTextGen — free and in your browser.",https://ultratextgen.com/category/small-text/?utm_source=pinterest&utm_medium=social&utm_campaign=organic_pins&utm_content=category-small-text,,"category, small text, fancy text generator, copy and paste fonts, unicode fonts, aesthetic fonts, copy and paste, ultratextgen"
Strikethrough Text — Copy and Paste Font Style,https://ultratextgen.com/assets/pinterest/category-strikethrough-text.png,Fancy Text Generator & Copy Paste Fonts,,"Strikethrough Text Generator: A line struck through every word. Copy and paste this Unicode font style for bios, captions, usernames and headlines. Type once and grab every variation instantly with UltraTextGen — free and in your browser.",https://ultratextgen.com/category/strikethrough-text/?utm_source=pinterest&utm_medium=social&utm_campaign=organic_pins&utm_content=category-strikethrough-text,,"category, strikethrough text, fancy text generator, copy and paste fonts, unicode fonts, aesthetic fonts, copy and paste, ultratextgen"
Underline Text — Copy and Paste Font Style,https://ultratextgen.com/assets/pinterest/category-underline-text.png,Fancy Text Generator & Copy Paste Fonts,,"Underline Text Generator: Clean underlines under every word. Copy and paste this Unicode font style for bios, captions, usernames and headlines. Type once and grab every variation instantly with UltraTextGen — free and in your browser.",https://ultratextgen.com/category/underline-text/?utm_source=pinterest&utm_medium=social&utm_campaign=organic_pins&utm_content=category-underline-text,,"category, underline text, fancy text generator, copy and paste fonts, unicode fonts, aesthetic fonts, copy and paste, ultratextgen"
Upside Down Text — Copy and Paste Font Style,https://ultratextgen.com/assets/pinterest/category-upside-down-text.png,Fancy Text Generator & Copy Paste Fonts,,"Upside Down Text Generator: Flipped, mirrored, reversed text. Copy and paste this Unicode font style for bios, captions, usernames and headlines. Type once and grab every variation instantly with UltraTextGen — free and in your browser.",https://ultratextgen.com/category/upside-down-text/?utm_source=pinterest&utm_medium=social&utm_campaign=organic_pins&utm_content=category-upside-down-text,,"category, upside down text, fancy text generator, copy and paste fonts, unicode fonts, aesthetic fonts, copy and paste, ultratextgen"
Word Wrapper — Copy and Paste Font Style,https://ultratextgen.com/assets/pinterest/category-word-wrappers.png,"Special Characters, Unicode & Keyboard Symbols",,"Word Wrapper Generator: Wrap text in brackets and symbols. Copy and paste this Unicode font style for bios, captions, usernames and headlines. Type once and grab every variation instantly with UltraTextGen — free and in your browser.",https://ultratextgen.com/category/word-wrappers/?utm_source=pinterest&utm_medium=social&utm_campaign=organic_pins&utm_content=category-word-wrappers,,"category, word wrapper, fancy text generator, copy and paste fonts, unicode fonts, aesthetic fonts, copy and paste, ultratextgen"
Coole Schriftarten Generator — Copy and Paste Fonts,https://ultratextgen.com/assets/pinterest/de.png,International Fancy Font Generators,,"Coole Schriftarten Generator. Schöne Schriftarten und Symbole kopieren. Copy and paste stylish Unicode fonts and symbols for bios, captions, usernames and posts — free, fast and right in your browser with UltraTextGen.",https://ultratextgen.com/de/?utm_source=pinterest&utm_medium=social&utm_campaign=organic_pins&utm_content=de,,"localized, coole schriftarten, fancy text generator, copy paste fonts, unicode fonts, copy and paste, ultratextgen"
Zalgo-Textgenerator — Copy and Paste Fonts,https://ultratextgen.com/assets/pinterest/de-usecase-zalgo-text.png,International Fancy Font Generators,,"Zalgo-Textgenerator. Erstelle gruseligen Glitch-Text. Copy and paste stylish Unicode fonts and symbols for bios, captions, usernames and posts — free, fast and right in your browser with UltraTextGen.",https://ultratextgen.com/de/usecase/zalgo-text/?utm_source=pinterest&utm_medium=social&utm_campaign=organic_pins&utm_content=de-usecase-zalgo-text,,"localized, zalgo-textgenerator, fancy text generator, copy paste fonts, unicode fonts, copy and paste, ultratextgen"
Generador de Letras Bonitas — Copy and Paste Fonts,https://ultratextgen.com/assets/pinterest/es.png,International Fancy Font Generators,,"Generador de Letras Bonitas. Fuentes y símbolos para copiar y pegar. Copy and paste stylish Unicode fonts and symbols for bios, captions, usernames and posts — free, fast and right in your browser with UltraTextGen.",https://ultratextgen.com/es/?utm_source=pinterest&utm_medium=social&utm_campaign=organic_pins&utm_content=es,,"localized, generador de letras bonitas, fancy text generator, copy paste fonts, unicode fonts, copy and paste, ultratextgen"
Generador de Texto Zalgo — Copy and Paste Fonts,https://ultratextgen.com/assets/pinterest/es-usecase-zalgo-text.png,International Fancy Font Generators,,"Generador de Texto Zalgo. Crea texto glitch y espeluznante. Copy and paste stylish Unicode fonts and symbols for bios, captions, usernames and posts — free, fast and right in your browser with UltraTextGen.",https://ultratextgen.com/es/usecase/zalgo-text/?utm_source=pinterest&utm_medium=social&utm_campaign=organic_pins&utm_content=es-usecase-zalgo-text,,"localized, generador de texto zalgo, fancy text generator, copy paste fonts, unicode fonts, copy and paste, ultratextgen"
Générateur de Polices — Copy and Paste Fonts,https://ultratextgen.com/assets/pinterest/fr.png,International Fancy Font Generators,,"Générateur de Polices. Polices et symboles à copier-coller. Copy and paste stylish Unicode fonts and symbols for bios, captions, usernames and posts — free, fast and right in your browser with UltraTextGen.",https://ultratextgen.com/fr/?utm_source=pinterest&utm_medium=social&utm_campaign=organic_pins&utm_content=fr,,"localized, générateur de polices, fancy text generator, copy paste fonts, unicode fonts, copy and paste, ultratextgen"
Générateur de Texte Zalgo — Copy and Paste Fonts,https://ultratextgen.com/assets/pinterest/fr-usecase-zalgo-text.png,International Fancy Font Generators,,"Générateur de Texte Zalgo. Créez du texte glitch et effrayant. Copy and paste stylish Unicode fonts and symbols for bios, captions, usernames and posts — free, fast and right in your browser with UltraTextGen.",https://ultratextgen.com/fr/usecase/zalgo-text/?utm_source=pinterest&utm_medium=social&utm_campaign=organic_pins&utm_content=fr-usecase-zalgo-text,,"localized, générateur de texte zalgo, fancy text generator, copy paste fonts, unicode fonts, copy and paste, ultratextgen"
Branding With Fonts: A Practical Typography Guide,https://ultratextgen.com/assets/pinterest/guide-branding-with-fonts-for-social-media.png,Font Guides & Typography Tips,,"Branding With Fonts — Turn Unicode styles into brand assets. Learn how to use Unicode fonts and symbols for social bios, posts, comments and headlines, with copy-and-paste examples you can try right away on UltraTextGen.",https://ultratextgen.com/guide/branding-with-fonts-for-social-media/?utm_source=pinterest&utm_medium=social&utm_campaign=organic_pins&utm_content=guide-branding-with-fonts-for-social-media,,"guide, branding with fonts, font guide, typography tips, unicode fonts, copy and paste text, copy and paste, ultratextgen"
Comments That Stand Out: A Practical Typography Guide,https://ultratextgen.com/assets/pinterest/guide-comments-that-stand-out.png,Font Guides & Typography Tips,,"Comments That Stand Out — A field guide to styled replies. Learn how to use Unicode fonts and symbols for social bios, posts, comments and headlines, with copy-and-paste examples you can try right away on UltraTextGen.",https://ultratextgen.com/guide/comments-that-stand-out/?utm_source=pinterest&utm_medium=social&utm_campaign=organic_pins&utm_content=guide-comments-that-stand-out,,"guide, comments that stand out, font guide, typography tips, unicode fonts, copy and paste text, copy and paste, ultratextgen"
Guides for Expressive Typography — Copy and Paste Fonts,https://ultratextgen.com/assets/pinterest/guide.png,Font Guides & Typography Tips,,"Guides for Expressive Typography — Frameworks & playbooks for Unicode text. Learn how to use Unicode fonts and symbols for social bios, posts, comments and headlines, with copy-and-paste examples you can try right away on UltraTextGen.",https://ultratextgen.com/guide/?utm_source=pinterest&utm_medium=social&utm_campaign=organic_pins&utm_content=guide,,"guide, guides for expressive typography, font guide, typography tips, unicode fonts, copy and paste text, copy and paste, ultratextgen"
LinkedIn Comment Archetypes: A Practical Typography Guide,https://ultratextgen.com/assets/pinterest/guide-linkedin-comments-guide.png,Font Guides & Typography Tips,,"LinkedIn Comment Archetypes — Comment like the top 1% of creators. Learn how to use Unicode fonts and symbols for social bios, posts, comments and headlines, with copy-and-paste examples you can try right away on UltraTextGen.",https://ultratextgen.com/guide/linkedin-comments-guide/?utm_source=pinterest&utm_medium=social&utm_campaign=organic_pins&utm_content=guide-linkedin-comments-guide,,"guide, linkedin comment archetypes, font guide, typography tips, unicode fonts, copy and paste text, copy and paste, ultratextgen"
Personal Branding Through Typography — Copy and Paste Fonts,https://ultratextgen.com/assets/pinterest/guide-personal-branding-through-typography.png,Font Guides & Typography Tips,,"Personal Branding Through Typography — Make your formatting a signature. Learn how to use Unicode fonts and symbols for social bios, posts, comments and headlines, with copy-and-paste examples you can try right away on UltraTextGen.",https://ultratextgen.com/guide/personal-branding-through-typography/?utm_source=pinterest&utm_medium=social&utm_campaign=organic_pins&utm_content=guide-personal-branding-through-typography,,"guide, personal branding through typography, font guide, typography tips, unicode fonts, copy and paste text, copy and paste, ultratextgen"
Stop the Scroll: A Practical Typography Guide,https://ultratextgen.com/assets/pinterest/guide-stop-the-scroll-with-font-variation.png,Font Guides & Typography Tips,,"Stop the Scroll — Font variation that makes posts scannable. Learn how to use Unicode fonts and symbols for social bios, posts, comments and headlines, with copy-and-paste examples you can try right away on UltraTextGen.",https://ultratextgen.com/guide/stop-the-scroll-with-font-variation/?utm_source=pinterest&utm_medium=social&utm_campaign=organic_pins&utm_content=guide-stop-the-scroll-with-font-variation,,"guide, stop the scroll, font guide, typography tips, unicode fonts, copy and paste text, copy and paste, ultratextgen"
Style Your LinkedIn Hooks: A Practical Typography Guide,https://ultratextgen.com/assets/pinterest/guide-style-linkedin-hooks-to-stand-out.png,Font Guides & Typography Tips,,"Style Your LinkedIn Hooks — Scroll-stopping first lines. Learn how to use Unicode fonts and symbols for social bios, posts, comments and headlines, with copy-and-paste examples you can try right away on UltraTextGen.",https://ultratextgen.com/guide/style-linkedin-hooks-to-stand-out/?utm_source=pinterest&utm_medium=social&utm_campaign=organic_pins&utm_content=guide-style-linkedin-hooks-to-stand-out,,"guide, style your linkedin hooks, font guide, typography tips, unicode fonts, copy and paste text, copy and paste, ultratextgen"
The Rhetoric of Fonts: A Practical Typography Guide,https://ultratextgen.com/assets/pinterest/guide-the-rhetoric-of-fonts.png,Font Guides & Typography Tips,,"The Rhetoric of Fonts — The meaning behind every Unicode style. Learn how to use Unicode fonts and symbols for social bios, posts, comments and headlines, with copy-and-paste examples you can try right away on UltraTextGen.",https://ultratextgen.com/guide/the-rhetoric-of-fonts/?utm_source=pinterest&utm_medium=social&utm_campaign=organic_pins&utm_content=guide-the-rhetoric-of-fonts,,"guide, the rhetoric of fonts, font guide, typography tips, unicode fonts, copy and paste text, copy and paste, ultratextgen"
Vertical Text: A Practical Typography Guide,https://ultratextgen.com/assets/pinterest/guide-vertical-text-guide.png,Font Guides & Typography Tips,,"Vertical Text — The science of reading disruption. Learn how to use Unicode fonts and symbols for social bios, posts, comments and headlines, with copy-and-paste examples you can try right away on UltraTextGen.",https://ultratextgen.com/guide/vertical-text-guide/?utm_source=pinterest&utm_medium=social&utm_campaign=organic_pins&utm_content=guide-vertical-text-guide,,"guide, vertical text, font guide, typography tips, unicode fonts, copy and paste text, copy and paste, ultratextgen"
Generator Font Aesthetic — Copy and Paste Fonts,https://ultratextgen.com/assets/pinterest/id.png,International Fancy Font Generators,,"Generator Font Aesthetic. Font dan simbol keren untuk disalin. Copy and paste stylish Unicode fonts and symbols for bios, captions, usernames and posts — free, fast and right in your browser with UltraTextGen.",https://ultratextgen.com/id/?utm_source=pinterest&utm_medium=social&utm_campaign=organic_pins&utm_content=id,,"localized, generator font aesthetic, fancy text generator, copy paste fonts, unicode fonts, copy and paste, ultratextgen"
Nama FF Keren — Copy and Paste Fonts — UltraTextGen,https://ultratextgen.com/assets/pinterest/id-usecase-nama-ff-keren.png,International Fancy Font Generators,,"Nama FF Keren. Simbol payung & font keren buat nickname Free Fire. Copy and paste stylish Unicode fonts and symbols for bios, captions, usernames and posts — free, fast and right in your browser with UltraTextGen.",https://ultratextgen.com/id/usecase/nama-ff-keren/?utm_source=pinterest&utm_medium=social&utm_campaign=organic_pins&utm_content=id-usecase-nama-ff-keren,,"localized, nama ff keren, fancy text generator, copy paste fonts, unicode fonts, copy and paste, ultratextgen"
Nama Guild FF Keren — Copy and Paste Fonts,https://ultratextgen.com/assets/pinterest/id-usecase-nama-guild-ff-keren.png,International Fancy Font Generators,,"Nama Guild FF Keren. Tag squad & bingkai nama tim Free Fire. Copy and paste stylish Unicode fonts and symbols for bios, captions, usernames and posts — free, fast and right in your browser with UltraTextGen.",https://ultratextgen.com/id/usecase/nama-guild-ff-keren/?utm_source=pinterest&utm_medium=social&utm_campaign=organic_pins&utm_content=id-usecase-nama-guild-ff-keren,,"localized, nama guild ff keren, fancy text generator, copy paste fonts, unicode fonts, copy and paste, ultratextgen"
Nama ML Keren — Copy and Paste Fonts — UltraTextGen,https://ultratextgen.com/assets/pinterest/id-usecase-nama-ml-keren.png,International Fancy Font Generators,,"Nama ML Keren. Font aesthetic & simbol nickname Mobile Legends. Copy and paste stylish Unicode fonts and symbols for bios, captions, usernames and posts — free, fast and right in your browser with UltraTextGen.",https://ultratextgen.com/id/usecase/nama-ml-keren/?utm_source=pinterest&utm_medium=social&utm_campaign=organic_pins&utm_content=id-usecase-nama-ml-keren,,"localized, nama ml keren, fancy text generator, copy paste fonts, unicode fonts, copy and paste, ultratextgen"
Generator Teks Zalgo — Copy and Paste Fonts,https://ultratextgen.com/assets/pinterest/id-usecase-zalgo-text.png,International Fancy Font Generators,,"Generator Teks Zalgo. Buat teks glitch dan menyeramkan. Copy and paste stylish Unicode fonts and symbols for bios, captions, usernames and posts — free, fast and right in your browser with UltraTextGen.",https://ultratextgen.com/id/usecase/zalgo-text/?utm_source=pinterest&utm_medium=social&utm_campaign=organic_pins&utm_content=id-usecase-zalgo-text,,"localized, generator teks zalgo, fancy text generator, copy paste fonts, unicode fonts, copy and paste, ultratextgen"
Generatore di Testo Stilizzato — Copy and Paste Fonts,https://ultratextgen.com/assets/pinterest/it.png,International Fancy Font Generators,,"Generatore di Testo Stilizzato. Caratteri e simboli da copiare e incollare. Copy and paste stylish Unicode fonts and symbols for bios, captions, usernames and posts — free, fast and right in your browser with UltraTextGen.",https://ultratextgen.com/it/?utm_source=pinterest&utm_medium=social&utm_campaign=organic_pins&utm_content=it,,"localized, generatore di testo stilizzato, fancy text generator, copy paste fonts, unicode fonts, copy and paste, ultratextgen"
Generatore di Testo Zalgo — Copy and Paste Fonts,https://ultratextgen.com/assets/pinterest/it-usecase-zalgo-text.png,International Fancy Font Generators,,"Generatore di Testo Zalgo. Crea testo glitch e inquietante. Copy and paste stylish Unicode fonts and symbols for bios, captions, usernames and posts — free, fast and right in your browser with UltraTextGen.",https://ultratextgen.com/it/usecase/zalgo-text/?utm_source=pinterest&utm_medium=social&utm_campaign=organic_pins&utm_content=it-usecase-zalgo-text,,"localized, generatore di testo zalgo, fancy text generator, copy paste fonts, unicode fonts, copy and paste, ultratextgen"
Accent Marks & Diacritics to Copy and Paste,https://ultratextgen.com/assets/pinterest/library-accent-marks-diacritics.png,Fancy Text Generator & Copy Paste Fonts,,"Copy and paste Accent Marks & Diacritics (é ñ ü á ô) for bios, captions, usernames, posts and comments. Browse the full Accent Marks & Diacritics collection on UltraTextGen — tap any symbol or emoji to copy it instantly, free and with no sign-up.",https://ultratextgen.com/library/accent-marks-diacritics/?utm_source=pinterest&utm_medium=social&utm_campaign=organic_pins&utm_content=library-accent-marks-diacritics,,"symbol library, accent marks & diacritics, accent marks & diacritics copy paste, copy and paste symbols, unicode symbols, aesthetic symbols, copy and paste, ultratextgen"
Achievement Symbols to Copy and Paste — UltraTextGen,https://ultratextgen.com/assets/pinterest/library-achievement-symbols.png,Fancy Text Generator & Copy Paste Fonts,,"Copy and paste Achievement Symbols for bios, captions, usernames, posts and comments. Browse the full Achievement Symbols collection on UltraTextGen — tap any symbol or emoji to copy it instantly, free and with no sign-up.",https://ultratextgen.com/library/achievement-symbols/?utm_source=pinterest&utm_medium=social&utm_campaign=organic_pins&utm_content=library-achievement-symbols,,"symbol library, achievement symbols, achievement symbols copy paste, copy and paste symbols, unicode symbols, aesthetic symbols, copy and paste, ultratextgen"
Aesthetic Borders & Frames to Copy and Paste,https://ultratextgen.com/assets/pinterest/library-aesthetic-borders-frames.png,Instagram Bio Symbols & Aesthetic Text,,"Copy and paste Aesthetic Borders & Frames (❖ ⟦ ⟧ ✦ ❝) for bios, captions, usernames, posts and comments. Browse the full Aesthetic Borders & Frames collection on UltraTextGen — tap any symbol or emoji to copy it instantly, free and with no sign-up.",https://ultratextgen.com/library/aesthetic-borders-frames/?utm_source=pinterest&utm_medium=social&utm_campaign=organic_pins&utm_content=library-aesthetic-borders-frames,,"symbol library, aesthetic borders & frames, aesthetic borders & frames copy paste, copy and paste symbols, unicode symbols, aesthetic symbols, copy and paste, ultratextgen"
Aesthetic Symbols to Copy and Paste — UltraTextGen,https://ultratextgen.com/assets/pinterest/library-aesthetic-symbols.png,Instagram Bio Symbols & Aesthetic Text,,"Copy and paste Aesthetic Symbols (✦ ❀ ☾ ✧ ⊹) for bios, captions, usernames, posts and comments. Browse the full Aesthetic Symbols collection on UltraTextGen — tap any symbol or emoji to copy it instantly, free and with no sign-up.",https://ultratextgen.com/library/aesthetic-symbols/?utm_source=pinterest&utm_medium=social&utm_campaign=organic_pins&utm_content=library-aesthetic-symbols,,"symbol library, aesthetic symbols, aesthetic symbols copy paste, copy and paste symbols, unicode symbols, copy and paste, ultratextgen"
Algeria Emoji Combos to Copy and Paste — UltraTextGen,https://ultratextgen.com/assets/pinterest/library-algeria-emoji-combos.png,Emoji Copy Paste & Emoji Combos,,"Copy and paste Algeria Emoji Combos for bios, captions, usernames, posts and comments. Browse the full Algeria Emoji Combos collection on UltraTextGen — tap any symbol or emoji to copy it instantly, free and with no sign-up.",https://ultratextgen.com/library/algeria-emoji-combos/?utm_source=pinterest&utm_medium=social&utm_campaign=organic_pins&utm_content=library-algeria-emoji-combos,,"symbol library, algeria emoji combos, algeria emoji combos copy paste, copy and paste symbols, unicode symbols, aesthetic symbols, copy and paste, ultratextgen"
Alt Code Symbols to Copy and Paste — UltraTextGen,https://ultratextgen.com/assets/pinterest/library-alt-codes.png,"Special Characters, Unicode & Keyboard Symbols",,"Copy and paste Alt Code Symbols (☺ ♣ ♠ ♂ ♀) for bios, captions, usernames, posts and comments. Browse the full Alt Code Symbols collection on UltraTextGen — tap any symbol or emoji to copy it instantly, free and with no sign-up.",https://ultratextgen.com/library/alt-codes/?utm_source=pinterest&utm_medium=social&utm_campaign=organic_pins&utm_content=library-alt-codes,,"symbol library, alt code symbols, alt code symbols copy paste, copy and paste symbols, unicode symbols, aesthetic symbols, copy and paste, ultratextgen"
Angry Emoji to Copy and Paste — UltraTextGen,https://ultratextgen.com/assets/pinterest/library-angry-emoji.png,Emoji Copy Paste & Emoji Combos,,"Copy and paste Angry Emoji for bios, captions, usernames, posts and comments. Browse the full Angry Emoji collection on UltraTextGen — tap any symbol or emoji to copy it instantly, free and with no sign-up.",https://ultratextgen.com/library/angry-emoji/?utm_source=pinterest&utm_medium=social&utm_campaign=organic_pins&utm_content=library-angry-emoji,,"symbol library, angry emoji, angry emoji copy paste, copy and paste symbols, unicode symbols, aesthetic symbols, copy and paste, ultratextgen"
Animal & Creature Emojis to Copy and Paste,https://ultratextgen.com/assets/pinterest/library-animal-emojis.png,Emoji Copy Paste & Emoji Combos,,"Copy and paste Animal & Creature Emojis for bios, captions, usernames, posts and comments. Browse the full Animal & Creature Emojis collection on UltraTextGen — tap any symbol or emoji to copy it instantly, free and with no sign-up.",https://ultratextgen.com/library/animal-emojis/?utm_source=pinterest&utm_medium=social&utm_campaign=organic_pins&utm_content=library-animal-emojis,,"symbol library, animal & creature emojis, animal & creature emojis copy paste, copy and paste symbols, unicode symbols, aesthetic symbols, copy and paste, ultratextgen"
Argentina Emoji Combos to Copy and Paste,https://ultratextgen.com/assets/pinterest/library-argentina-emoji-combos.png,Emoji Copy Paste & Emoji Combos,,"Copy and paste Argentina Emoji Combos for bios, captions, usernames, posts and comments. Browse the full Argentina Emoji Combos collection on UltraTextGen — tap any symbol or emoji to copy it instantly, free and with no sign-up.",https://ultratextgen.com/library/argentina-emoji-combos/?utm_source=pinterest&utm_medium=social&utm_campaign=organic_pins&utm_content=library-argentina-emoji-combos,,"symbol library, argentina emoji combos, argentina emoji combos copy paste, copy and paste symbols, unicode symbols, aesthetic symbols, copy and paste, ultratextgen"
Arrow Symbols to Copy and Paste — UltraTextGen,https://ultratextgen.com/assets/pinterest/library-arrow-symbols.png,"Special Characters, Unicode & Keyboard Symbols",,"Copy and paste Arrow Symbols (→ ← ↑ ↓ ⟶) for bios, captions, usernames, posts and comments. Browse the full Arrow Symbols collection on UltraTextGen — tap any symbol or emoji to copy it instantly, free and with no sign-up.",https://ultratextgen.com/library/arrow-symbols/?utm_source=pinterest&utm_medium=social&utm_campaign=organic_pins&utm_content=library-arrow-symbols,,"symbol library, arrow symbols, arrow symbols copy paste, copy and paste symbols, unicode symbols, aesthetic symbols, copy and paste, ultratextgen"
Art & Stationery Emojis to Copy and Paste,https://ultratextgen.com/assets/pinterest/library-art-stationery-emojis.png,Emoji Copy Paste & Emoji Combos,,"Copy and paste Art & Stationery Emojis (✎ ✏ ✐ ✁ ✂) for bios, captions, usernames, posts and comments. Browse the full Art & Stationery Emojis collection on UltraTextGen — tap any symbol or emoji to copy it instantly, free and with no sign-up.",https://ultratextgen.com/library/art-stationery-emojis/?utm_source=pinterest&utm_medium=social&utm_campaign=organic_pins&utm_content=library-art-stationery-emojis,,"symbol library, art & stationery emojis, art & stationery emojis copy paste, copy and paste symbols, unicode symbols, aesthetic symbols, copy and paste, ultratextgen"
ASCII Table to Copy and Paste — UltraTextGen,https://ultratextgen.com/assets/pinterest/library-ascii-table.png,"Special Characters, Unicode & Keyboard Symbols",,"Copy and paste ASCII Table (@ # & % *) for bios, captions, usernames, posts and comments. Browse the full ASCII Table collection on UltraTextGen — tap any symbol or emoji to copy it instantly, free and with no sign-up.",https://ultratextgen.com/library/ascii-table/?utm_source=pinterest&utm_medium=social&utm_campaign=organic_pins&utm_content=library-ascii-table,,"symbol library, ascii table, ascii table copy paste, copy and paste symbols, unicode symbols, aesthetic symbols, copy and paste, ultratextgen"
Australia Emoji Combos to Copy and Paste,https://ultratextgen.com/assets/pinterest/library-australia-emoji-combos.png,Emoji Copy Paste & Emoji Combos,,"Copy and paste Australia Emoji Combos for bios, captions, usernames, posts and comments. Browse the full Australia Emoji Combos collection on UltraTextGen — tap any symbol or emoji to copy it instantly, free and with no sign-up.",https://ultratextgen.com/library/australia-emoji-combos/?utm_source=pinterest&utm_medium=social&utm_campaign=organic_pins&utm_content=library-australia-emoji-combos,,"symbol library, australia emoji combos, australia emoji combos copy paste, copy and paste symbols, unicode symbols, aesthetic symbols, copy and paste, ultratextgen"
Austria Emoji Combos to Copy and Paste — UltraTextGen,https://ultratextgen.com/assets/pinterest/library-austria-emoji-combos.png,Emoji Copy Paste & Emoji Combos,,"Copy and paste Austria Emoji Combos for bios, captions, usernames, posts and comments. Browse the full Austria Emoji Combos collection on UltraTextGen — tap any symbol or emoji to copy it instantly, free and with no sign-up.",https://ultratextgen.com/library/austria-emoji-combos/?utm_source=pinterest&utm_medium=social&utm_campaign=organic_pins&utm_content=library-austria-emoji-combos,,"symbol library, austria emoji combos, austria emoji combos copy paste, copy and paste symbols, unicode symbols, aesthetic symbols, copy and paste, ultratextgen"
Awareness Ribbon Symbols to Copy and Paste,https://ultratextgen.com/assets/pinterest/library-awareness-ribbons.png,"Cute Symbols, Hearts & Decorative Text",,"Copy and paste Awareness Ribbon Symbols for bios, captions, usernames, posts and comments. Browse the full Awareness Ribbon Symbols collection on UltraTextGen — tap any symbol or emoji to copy it instantly, free and with no sign-up.",https://ultratextgen.com/library/awareness-ribbons/?utm_source=pinterest&utm_medium=social&utm_campaign=organic_pins&utm_content=library-awareness-ribbons,,"symbol library, awareness ribbon symbols, awareness ribbon symbols copy paste, copy and paste symbols, unicode symbols, aesthetic symbols, copy and paste, ultratextgen"
Beauty & Nails Emojis to Copy and Paste — UltraTextGen,https://ultratextgen.com/assets/pinterest/library-beauty-nails-emojis.png,Emoji Copy Paste & Emoji Combos,,"Copy and paste Beauty & Nails Emojis (✦ ♡ ❀ ✧ ❁) for bios, captions, usernames, posts and comments. Browse the full Beauty & Nails Emojis collection on UltraTextGen — tap any symbol or emoji to copy it instantly, free and with no sign-up.",https://ultratextgen.com/library/beauty-nails-emojis/?utm_source=pinterest&utm_medium=social&utm_campaign=organic_pins&utm_content=library-beauty-nails-emojis,,"symbol library, beauty & nails emojis, beauty & nails emojis copy paste, copy and paste symbols, unicode symbols, aesthetic symbols, copy and paste, ultratextgen"
Belgium Emoji Combos to Copy and Paste — UltraTextGen,https://ultratextgen.com/assets/pinterest/library-belgium-emoji-combos.png,Emoji Copy Paste & Emoji Combos,,"Copy and paste Belgium Emoji Combos for bios, captions, usernames, posts and comments. Browse the full Belgium Emoji Combos collection on UltraTextGen — tap any symbol or emoji to copy it instantly, free and with no sign-up.",https://ultratextgen.com/library/belgium-emoji-combos/?utm_source=pinterest&utm_medium=social&utm_campaign=organic_pins&utm_content=library-belgium-emoji-combos,,"symbol library, belgium emoji combos, belgium emoji combos copy paste, copy and paste symbols, unicode symbols, aesthetic symbols, copy and paste, ultratextgen"
Bellingham Emoji Combos to Copy and Paste,https://ultratextgen.com/assets/pinterest/library-bellingham-emoji-combos.png,Emoji Copy Paste & Emoji Combos,,"Copy and paste Bellingham Emoji Combos for bios, captions, usernames, posts and comments. Browse the full Bellingham Emoji Combos collection on UltraTextGen — tap any symbol or emoji to copy it instantly, free and with no sign-up.",https://ultratextgen.com/library/bellingham-emoji-combos/?utm_source=pinterest&utm_medium=social&utm_campaign=organic_pins&utm_content=library-bellingham-emoji-combos,,"symbol library, bellingham emoji combos, bellingham emoji combos copy paste, copy and paste symbols, unicode symbols, aesthetic symbols, copy and paste, ultratextgen"
Benzema Emoji Combos to Copy and Paste — UltraTextGen,https://ultratextgen.com/assets/pinterest/library-benzema-emoji-combos.png,Emoji Copy Paste & Emoji Combos,,"Copy and paste Benzema Emoji Combos for bios, captions, usernames, posts and comments. Browse the full Benzema Emoji Combos collection on UltraTextGen — tap any symbol or emoji to copy it instantly, free and with no sign-up.",https://ultratextgen.com/library/benzema-emoji-combos/?utm_source=pinterest&utm_medium=social&utm_campaign=organic_pins&utm_content=library-benzema-emoji-combos,,"symbol library, benzema emoji combos, benzema emoji combos copy paste, copy and paste symbols, unicode symbols, aesthetic symbols, copy and paste, ultratextgen"
Body Language Emojis to Copy and Paste — UltraTextGen,https://ultratextgen.com/assets/pinterest/library-body-language-emojis.png,Emoji Copy Paste & Emoji Combos,,"Copy and paste Body Language Emojis for bios, captions, usernames, posts and comments. Browse the full Body Language Emojis collection on UltraTextGen — tap any symbol or emoji to copy it instantly, free and with no sign-up.",https://ultratextgen.com/library/body-language-emojis/?utm_source=pinterest&utm_medium=social&utm_campaign=organic_pins&utm_content=library-body-language-emojis,,"symbol library, body language emojis, body language emojis copy paste, copy and paste symbols, unicode symbols, aesthetic symbols, copy and paste, ultratextgen"
Bow & Ribbon Symbols to Copy and Paste — UltraTextGen,https://ultratextgen.com/assets/pinterest/library-bow-ribbon-symbols.png,Instagram Bio Symbols & Aesthetic Text,,"Copy and paste Bow & Ribbon Symbols for bios, captions, usernames, posts and comments. Browse the full Bow & Ribbon Symbols collection on UltraTextGen — tap any symbol or emoji to copy it instantly, free and with no sign-up.",https://ultratextgen.com/library/bow-ribbon-symbols/?utm_source=pinterest&utm_medium=social&utm_campaign=organic_pins&utm_content=library-bow-ribbon-symbols,,"symbol library, bow & ribbon symbols, bow & ribbon symbols copy paste, copy and paste symbols, unicode symbols, aesthetic symbols, copy and paste, ultratextgen"
Box-Drawing Symbols to Copy and Paste — UltraTextGen,https://ultratextgen.com/assets/pinterest/library-box-drawing-symbols.png,"Cute Symbols, Hearts & Decorative Text",,"Copy and paste Box-Drawing Symbols (╔ ╗ ║ ═ ╬) for bios, captions, usernames, posts and comments. Browse the full Box-Drawing Symbols collection on UltraTextGen — tap any symbol or emoji to copy it instantly, free and with no sign-up.",https://ultratextgen.com/library/box-drawing-symbols/?utm_source=pinterest&utm_medium=social&utm_campaign=organic_pins&utm_content=library-box-drawing-symbols,,"symbol library, box-drawing symbols, box-drawing symbols copy paste, copy and paste symbols, unicode symbols, aesthetic symbols, copy and paste, ultratextgen"
"Brackets, Braces & Parentheses to Copy and Paste",https://ultratextgen.com/assets/pinterest/library-bracket-symbols.png,"Special Characters, Unicode & Keyboard Symbols",,"Copy and paste Brackets, Braces & Parentheses (⟦ ⟧ ⟨ ⟩ ❲) for bios, captions, usernames, posts and comments. Browse the full Brackets, Braces & Parentheses collection on UltraTextGen — tap any symbol or emoji to copy it instantly, free and with no sign-up.",https://ultratextgen.com/library/bracket-symbols/?utm_source=pinterest&utm_medium=social&utm_campaign=organic_pins&utm_content=library-bracket-symbols,,"symbol library, brackets, braces & parentheses, brackets, braces & parentheses copy paste, copy and paste symbols, unicode symbols, aesthetic symbols, copy and paste, ultratextgen"
Braille Pattern Symbols to Copy and Paste,https://ultratextgen.com/assets/pinterest/library-braille-pattern-symbols.png,"Text Art, Kaomoji & ASCII Faces",,"Copy and paste Braille Pattern Symbols (⠿ ⣿ ⠛ ⡇ ⠶) for bios, captions, usernames, posts and comments. Browse the full Braille Pattern Symbols collection on UltraTextGen — tap any symbol or emoji to copy it instantly, free and with no sign-up.",https://ultratextgen.com/library/braille-pattern-symbols/?utm_source=pinterest&utm_medium=social&utm_campaign=organic_pins&utm_content=library-braille-pattern-symbols,,"symbol library, braille pattern symbols, braille pattern symbols copy paste, copy and paste symbols, unicode symbols, aesthetic symbols, copy and paste, ultratextgen"
Brainrot & Slang Emojis to Copy and Paste,https://ultratextgen.com/assets/pinterest/library-brainrot-slang-emojis.png,Emoji Copy Paste & Emoji Combos,,"Copy and paste Brainrot & Slang Emojis for bios, captions, usernames, posts and comments. Browse the full Brainrot & Slang Emojis collection on UltraTextGen — tap any symbol or emoji to copy it instantly, free and with no sign-up.",https://ultratextgen.com/library/brainrot-slang-emojis/?utm_source=pinterest&utm_medium=social&utm_campaign=organic_pins&utm_content=library-brainrot-slang-emojis,,"symbol library, brainrot & slang emojis, brainrot & slang emojis copy paste, copy and paste symbols, unicode symbols, aesthetic symbols, copy and paste, ultratextgen"
Brazil Emoji Combos to Copy and Paste — UltraTextGen,https://ultratextgen.com/assets/pinterest/library-brazil-emoji-combos.png,Emoji Copy Paste & Emoji Combos,,"Copy and paste Brazil Emoji Combos for bios, captions, usernames, posts and comments. Browse the full Brazil Emoji Combos collection on UltraTextGen — tap any symbol or emoji to copy it instantly, free and with no sign-up.",https://ultratextgen.com/library/brazil-emoji-combos/?utm_source=pinterest&utm_medium=social&utm_campaign=organic_pins&utm_content=library-brazil-emoji-combos,,"symbol library, brazil emoji combos, brazil emoji combos copy paste, copy and paste symbols, unicode symbols, aesthetic symbols, copy and paste, ultratextgen"
Bullet Point Symbols to Copy and Paste — UltraTextGen,https://ultratextgen.com/assets/pinterest/library-bullet-point-symbols.png,Fancy Text Generator & Copy Paste Fonts,,"Copy and paste Bullet Point Symbols (• ◦ ▪ ‣ ◆) for bios, captions, usernames, posts and comments. Browse the full Bullet Point Symbols collection on UltraTextGen — tap any symbol or emoji to copy it instantly, free and with no sign-up.",https://ultratextgen.com/library/bullet-point-symbols/?utm_source=pinterest&utm_medium=social&utm_campaign=organic_pins&utm_content=library-bullet-point-symbols,,"symbol library, bullet point symbols, bullet point symbols copy paste, copy and paste symbols, unicode symbols, aesthetic symbols, copy and paste, ultratextgen"
Cameroon Emoji Combos to Copy and Paste — UltraTextGen,https://ultratextgen.com/assets/pinterest/library-cameroon-emoji-combos.png,Emoji Copy Paste & Emoji Combos,,"Copy and paste Cameroon Emoji Combos for bios, captions, usernames, posts and comments. Browse the full Cameroon Emoji Combos collection on UltraTextGen — tap any symbol or emoji to copy it instantly, free and with no sign-up.",https://ultratextgen.com/library/cameroon-emoji-combos/?utm_source=pinterest&utm_medium=social&utm_campaign=organic_pins&utm_content=library-cameroon-emoji-combos,,"symbol library, cameroon emoji combos, cameroon emoji combos copy paste, copy and paste symbols, unicode symbols, aesthetic symbols, copy and paste, ultratextgen"
Canada Emoji Combos to Copy and Paste — UltraTextGen,https://ultratextgen.com/assets/pinterest/library-canada-emoji-combos.png,Emoji Copy Paste & Emoji Combos,,"Copy and paste Canada Emoji Combos for bios, captions, usernames, posts and comments. Browse the full Canada Emoji Combos collection on UltraTextGen — tap any symbol or emoji to copy it instantly, free and with no sign-up.",https://ultratextgen.com/library/canada-emoji-combos/?utm_source=pinterest&utm_medium=social&utm_campaign=organic_pins&utm_content=library-canada-emoji-combos,,"symbol library, canada emoji combos, canada emoji combos copy paste, copy and paste symbols, unicode symbols, aesthetic symbols, copy and paste, ultratextgen"
Yellow & Red Card Emoji to Copy and Paste,https://ultratextgen.com/assets/pinterest/library-card-emoji-soccer.png,Emoji Copy Paste & Emoji Combos,,"Copy and paste Yellow & Red Card Emoji for bios, captions, usernames, posts and comments. Browse the full Yellow & Red Card Emoji collection on UltraTextGen — tap any symbol or emoji to copy it instantly, free and with no sign-up.",https://ultratextgen.com/library/card-emoji-soccer/?utm_source=pinterest&utm_medium=social&utm_campaign=organic_pins&utm_content=library-card-emoji-soccer,,"symbol library, yellow & red card emoji, yellow & red card emoji copy paste, copy and paste symbols, unicode symbols, aesthetic symbols, copy and paste, ultratextgen"
Card Suit Symbols to Copy and Paste — UltraTextGen,https://ultratextgen.com/assets/pinterest/library-card-suit-symbols.png,"Cute Symbols, Hearts & Decorative Text",,"Copy and paste Card Suit Symbols (♠ ♥ ♦ ♣ ♤) for bios, captions, usernames, posts and comments. Browse the full Card Suit Symbols collection on UltraTextGen — tap any symbol or emoji to copy it instantly, free and with no sign-up.",https://ultratextgen.com/library/card-suit-symbols/?utm_source=pinterest&utm_medium=social&utm_campaign=organic_pins&utm_content=library-card-suit-symbols,,"symbol library, card suit symbols, card suit symbols copy paste, copy and paste symbols, unicode symbols, aesthetic symbols, copy and paste, ultratextgen"
Checkmark Symbols to Copy and Paste — UltraTextGen,https://ultratextgen.com/assets/pinterest/library-checkmark-symbols.png,Fancy Text Generator & Copy Paste Fonts,,"Copy and paste Checkmark Symbols (✓ ✔ ☑ ✗ ✕) for bios, captions, usernames, posts and comments. Browse the full Checkmark Symbols collection on UltraTextGen — tap any symbol or emoji to copy it instantly, free and with no sign-up.",https://ultratextgen.com/library/checkmark-symbols/?utm_source=pinterest&utm_medium=social&utm_campaign=organic_pins&utm_content=library-checkmark-symbols,,"symbol library, checkmark symbols, checkmark symbols copy paste, copy and paste symbols, unicode symbols, aesthetic symbols, copy and paste, ultratextgen"
Chess Piece Symbols to Copy and Paste — UltraTextGen,https://ultratextgen.com/assets/pinterest/library-chess-symbols.png,Fancy Text Generator & Copy Paste Fonts,,"Copy and paste Chess Piece Symbols (♚ ♛ ♞ ♜ ♝) for bios, captions, usernames, posts and comments. Browse the full Chess Piece Symbols collection on UltraTextGen — tap any symbol or emoji to copy it instantly, free and with no sign-up.",https://ultratextgen.com/library/chess-symbols/?utm_source=pinterest&utm_medium=social&utm_campaign=organic_pins&utm_content=library-chess-symbols,,"symbol library, chess piece symbols, chess piece symbols copy paste, copy and paste symbols, unicode symbols, aesthetic symbols, copy and paste, ultratextgen"
Chile Emoji Combos to Copy and Paste — UltraTextGen,https://ultratextgen.com/assets/pinterest/library-chile-emoji-combos.png,Emoji Copy Paste & Emoji Combos,,"Copy and paste Chile Emoji Combos for bios, captions, usernames, posts and comments. Browse the full Chile Emoji Combos collection on UltraTextGen — tap any symbol or emoji to copy it instantly, free and with no sign-up.",https://ultratextgen.com/library/chile-emoji-combos/?utm_source=pinterest&utm_medium=social&utm_campaign=organic_pins&utm_content=library-chile-emoji-combos,,"symbol library, chile emoji combos, chile emoji combos copy paste, copy and paste symbols, unicode symbols, aesthetic symbols, copy and paste, ultratextgen"
China Emoji Combos to Copy and Paste — UltraTextGen,https://ultratextgen.com/assets/pinterest/library-china-emoji-combos.png,Emoji Copy Paste & Emoji Combos,,"Copy and paste China Emoji Combos for bios, captions, usernames, posts and comments. Browse the full China Emoji Combos collection on UltraTextGen — tap any symbol or emoji to copy it instantly, free and with no sign-up.",https://ultratextgen.com/library/china-emoji-combos/?utm_source=pinterest&utm_medium=social&utm_campaign=organic_pins&utm_content=library-china-emoji-combos,,"symbol library, china emoji combos, china emoji combos copy paste, copy and paste symbols, unicode symbols, aesthetic symbols, copy and paste, ultratextgen"
Chinese Symbols to Copy and Paste — UltraTextGen,https://ultratextgen.com/assets/pinterest/library-chinese-symbols.png,Fancy Text Generator & Copy Paste Fonts,,"Copy and paste Chinese Symbols for bios, captions, usernames, posts and comments. Browse the full Chinese Symbols collection on UltraTextGen — tap any symbol or emoji to copy it instantly, free and with no sign-up.",https://ultratextgen.com/library/chinese-symbols/?utm_source=pinterest&utm_medium=social&utm_campaign=organic_pins&utm_content=library-chinese-symbols,,"symbol library, chinese symbols, chinese symbols copy paste, copy and paste symbols, unicode symbols, aesthetic symbols, copy and paste, ultratextgen"
Christmas Symbols to Copy and Paste — UltraTextGen,https://ultratextgen.com/assets/pinterest/library-christmas-symbols.png,"Cute Symbols, Hearts & Decorative Text",,"Copy and paste Christmas Symbols (❄ ★ ❅ ❆ ✦) for bios, captions, usernames, posts and comments. Browse the full Christmas Symbols collection on UltraTextGen — tap any symbol or emoji to copy it instantly, free and with no sign-up.",https://ultratextgen.com/library/christmas-symbols/?utm_source=pinterest&utm_medium=social&utm_campaign=organic_pins&utm_content=library-christmas-symbols,,"symbol library, christmas symbols, christmas symbols copy paste, copy and paste symbols, unicode symbols, aesthetic symbols, copy and paste, ultratextgen"
Clock & Time Symbols to Copy and Paste — UltraTextGen,https://ultratextgen.com/assets/pinterest/library-clock-time-symbols.png,Fancy Text Generator & Copy Paste Fonts,,"Copy and paste Clock & Time Symbols (⌛ ◷ ◴ ◵ ○) for bios, captions, usernames, posts and comments. Browse the full Clock & Time Symbols collection on UltraTextGen — tap any symbol or emoji to copy it instantly, free and with no sign-up.",https://ultratextgen.com/library/clock-time-symbols/?utm_source=pinterest&utm_medium=social&utm_campaign=organic_pins&utm_content=library-clock-time-symbols,,"symbol library, clock & time symbols, clock & time symbols copy paste, copy and paste symbols, unicode symbols, aesthetic symbols, copy and paste, ultratextgen"
Clothing & Fashion Emojis to Copy and Paste,https://ultratextgen.com/assets/pinterest/library-clothing-fashion-emojis.png,Emoji Copy Paste & Emoji Combos,,"Copy and paste Clothing & Fashion Emojis for bios, captions, usernames, posts and comments. Browse the full Clothing & Fashion Emojis collection on UltraTextGen — tap any symbol or emoji to copy it instantly, free and with no sign-up.",https://ultratextgen.com/library/clothing-fashion-emojis/?utm_source=pinterest&utm_medium=social&utm_campaign=organic_pins&utm_content=library-clothing-fashion-emojis,,"symbol library, clothing & fashion emojis, clothing & fashion emojis copy paste, copy and paste symbols, unicode symbols, aesthetic symbols, copy and paste, ultratextgen"
Colombia Emoji Combos to Copy and Paste — UltraTextGen,https://ultratextgen.com/assets/pinterest/library-colombia-emoji-combos.png,Emoji Copy Paste & Emoji Combos,,"Copy and paste Colombia Emoji Combos for bios, captions, usernames, posts and comments. Browse the full Colombia Emoji Combos collection on UltraTextGen — tap any symbol or emoji to copy it instantly, free and with no sign-up.",https://ultratextgen.com/library/colombia-emoji-combos/?utm_source=pinterest&utm_medium=social&utm_campaign=organic_pins&utm_content=library-colombia-emoji-combos,,"symbol library, colombia emoji combos, colombia emoji combos copy paste, copy and paste symbols, unicode symbols, aesthetic symbols, copy and paste, ultratextgen"
Color Emoji Combos to Copy and Paste — UltraTextGen,https://ultratextgen.com/assets/pinterest/library-color-emoji-combos.png,Emoji Copy Paste & Emoji Combos,,"Copy and paste Color Emoji Combos for bios, captions, usernames, posts and comments. Browse the full Color Emoji Combos collection on UltraTextGen — tap any symbol or emoji to copy it instantly, free and with no sign-up.",https://ultratextgen.com/library/color-emoji-combos/?utm_source=pinterest&utm_medium=social&utm_campaign=organic_pins&utm_content=library-color-emoji-combos,,"symbol library, color emoji combos, color emoji combos copy paste, copy and paste symbols, unicode symbols, aesthetic symbols, copy and paste, ultratextgen"
Copyright & Trademark Symbols to Copy and Paste,https://ultratextgen.com/assets/pinterest/library-copyright-trademark-symbols.png,Fancy Text Generator & Copy Paste Fonts,,"Copy and paste Copyright & Trademark Symbols (© ® ™ § ¶) for bios, captions, usernames, posts and comments. Browse the full Copyright & Trademark Symbols collection on UltraTextGen — tap any symbol or emoji to copy it instantly, free and with no sign-up.",https://ultratextgen.com/library/copyright-trademark-symbols/?utm_source=pinterest&utm_medium=social&utm_campaign=organic_pins&utm_content=library-copyright-trademark-symbols,,"symbol library, copyright & trademark symbols, copyright & trademark symbols copy paste, copy and paste symbols, unicode symbols, aesthetic symbols, copy and paste, ultratextgen"
Coquette Symbols to Copy and Paste — UltraTextGen,https://ultratextgen.com/assets/pinterest/library-coquette-symbols.png,Instagram Bio Symbols & Aesthetic Text,,"Copy and paste Coquette Symbols (♡ ❀ ✦ ❝ ✿) for bios, captions, usernames, posts and comments. Browse the full Coquette Symbols collection on UltraTextGen — tap any symbol or emoji to copy it instantly, free and with no sign-up.",https://ultratextgen.com/library/coquette-symbols/?utm_source=pinterest&utm_medium=social&utm_campaign=organic_pins&utm_content=library-coquette-symbols,,"symbol library, coquette symbols, coquette symbols copy paste, copy and paste symbols, unicode symbols, aesthetic symbols, copy and paste, ultratextgen"
Costa Rica Emoji Combos to Copy and Paste,https://ultratextgen.com/assets/pinterest/library-costa-rica-emoji-combos.png,Emoji Copy Paste & Emoji Combos,,"Copy and paste Costa Rica Emoji Combos for bios, captions, usernames, posts and comments. Browse the full Costa Rica Emoji Combos collection on UltraTextGen — tap any symbol or emoji to copy it instantly, free and with no sign-up.",https://ultratextgen.com/library/costa-rica-emoji-combos/?utm_source=pinterest&utm_medium=social&utm_campaign=organic_pins&utm_content=library-costa-rica-emoji-combos,,"symbol library, costa rica emoji combos, costa rica emoji combos copy paste, copy and paste symbols, unicode symbols, aesthetic symbols, copy and paste, ultratextgen"
Cottagecore Symbols to Copy and Paste — UltraTextGen,https://ultratextgen.com/assets/pinterest/library-cottagecore-symbols.png,"Cute Symbols, Hearts & Decorative Text",,"Copy and paste Cottagecore Symbols (❀ ✿ ☘ ⚘ ❁) for bios, captions, usernames, posts and comments. Browse the full Cottagecore Symbols collection on UltraTextGen — tap any symbol or emoji to copy it instantly, free and with no sign-up.",https://ultratextgen.com/library/cottagecore-symbols/?utm_source=pinterest&utm_medium=social&utm_campaign=organic_pins&utm_content=library-cottagecore-symbols,,"symbol library, cottagecore symbols, cottagecore symbols copy paste, copy and paste symbols, unicode symbols, aesthetic symbols, copy and paste, ultratextgen"
Croatia Emoji Combos to Copy and Paste — UltraTextGen,https://ultratextgen.com/assets/pinterest/library-croatia-emoji-combos.png,Emoji Copy Paste & Emoji Combos,,"Copy and paste Croatia Emoji Combos for bios, captions, usernames, posts and comments. Browse the full Croatia Emoji Combos collection on UltraTextGen — tap any symbol or emoji to copy it instantly, free and with no sign-up.",https://ultratextgen.com/library/croatia-emoji-combos/?utm_source=pinterest&utm_medium=social&utm_campaign=organic_pins&utm_content=library-croatia-emoji-combos,,"symbol library, croatia emoji combos, croatia emoji combos copy paste, copy and paste symbols, unicode symbols, aesthetic symbols, copy and paste, ultratextgen"
Cross & X Symbols to Copy and Paste — UltraTextGen,https://ultratextgen.com/assets/pinterest/library-cross-x-symbols.png,Fancy Text Generator & Copy Paste Fonts,,"Copy and paste Cross & X Symbols (✗ ✕ ✚ † ✜) for bios, captions, usernames, posts and comments. Browse the full Cross & X Symbols collection on UltraTextGen — tap any symbol or emoji to copy it instantly, free and with no sign-up.",https://ultratextgen.com/library/cross-x-symbols/?utm_source=pinterest&utm_medium=social&utm_campaign=organic_pins&utm_content=library-cross-x-symbols,,"symbol library, cross & x symbols, cross & x symbols copy paste, copy and paste symbols, unicode symbols, aesthetic symbols, copy and paste, ultratextgen"
Crown & Royalty Symbols to Copy and Paste,https://ultratextgen.com/assets/pinterest/library-crown-royalty-symbols.png,"Cute Symbols, Hearts & Decorative Text",,"Copy and paste Crown & Royalty Symbols (♚ ♛ ⚜ ♔ ♕) for bios, captions, usernames, posts and comments. Browse the full Crown & Royalty Symbols collection on UltraTextGen — tap any symbol or emoji to copy it instantly, free and with no sign-up.",https://ultratextgen.com/library/crown-royalty-symbols/?utm_source=pinterest&utm_medium=social&utm_campaign=organic_pins&utm_content=library-crown-royalty-symbols,,"symbol library, crown & royalty symbols, crown & royalty symbols copy paste, copy and paste symbols, unicode symbols, aesthetic symbols, copy and paste, ultratextgen"
Crying Emoji to Copy and Paste — UltraTextGen,https://ultratextgen.com/assets/pinterest/library-crying-emoji.png,Emoji Copy Paste & Emoji Combos,,"Copy and paste Crying Emoji for bios, captions, usernames, posts and comments. Browse the full Crying Emoji collection on UltraTextGen — tap any symbol or emoji to copy it instantly, free and with no sign-up.",https://ultratextgen.com/library/crying-emoji/?utm_source=pinterest&utm_medium=social&utm_campaign=organic_pins&utm_content=library-crying-emoji,,"symbol library, crying emoji, crying emoji copy paste, copy and paste symbols, unicode symbols, aesthetic symbols, copy and paste, ultratextgen"
Currency Symbols to Copy and Paste — UltraTextGen,https://ultratextgen.com/assets/pinterest/library-currency-symbols.png,"Special Characters, Unicode & Keyboard Symbols",,"Copy and paste Currency Symbols (€ £ ¥ ¢ ₿) for bios, captions, usernames, posts and comments. Browse the full Currency Symbols collection on UltraTextGen — tap any symbol or emoji to copy it instantly, free and with no sign-up.",https://ultratextgen.com/library/currency-symbols/?utm_source=pinterest&utm_medium=social&utm_campaign=organic_pins&utm_content=library-currency-symbols,,"symbol library, currency symbols, currency symbols copy paste, copy and paste symbols, unicode symbols, aesthetic symbols, copy and paste, ultratextgen"
Dash & Hyphen Symbols to Copy and Paste — UltraTextGen,https://ultratextgen.com/assets/pinterest/library-dash-hyphen-symbols.png,"Special Characters, Unicode & Keyboard Symbols",,"Copy and paste Dash & Hyphen Symbols (— – ― · ‐) for bios, captions, usernames, posts and comments. Browse the full Dash & Hyphen Symbols collection on UltraTextGen — tap any symbol or emoji to copy it instantly, free and with no sign-up.",https://ultratextgen.com/library/dash-hyphen-symbols/?utm_source=pinterest&utm_medium=social&utm_campaign=organic_pins&utm_content=library-dash-hyphen-symbols,,"symbol library, dash & hyphen symbols, dash & hyphen symbols copy paste, copy and paste symbols, unicode symbols, aesthetic symbols, copy and paste, ultratextgen"
De Bruyne Emoji Combos to Copy and Paste,https://ultratextgen.com/assets/pinterest/library-de-bruyne-emoji-combos.png,Emoji Copy Paste & Emoji Combos,,"Copy and paste De Bruyne Emoji Combos for bios, captions, usernames, posts and comments. Browse the full De Bruyne Emoji Combos collection on UltraTextGen — tap any symbol or emoji to copy it instantly, free and with no sign-up.",https://ultratextgen.com/library/de-bruyne-emoji-combos/?utm_source=pinterest&utm_medium=social&utm_campaign=organic_pins&utm_content=library-de-bruyne-emoji-combos,,"symbol library, de bruyne emoji combos, de bruyne emoji combos copy paste, copy and paste symbols, unicode symbols, aesthetic symbols, copy and paste, ultratextgen"
Degree Symbols to Copy and Paste — UltraTextGen,https://ultratextgen.com/assets/pinterest/library-degree-symbol.png,"Special Characters, Unicode & Keyboard Symbols",,"Copy and paste Degree Symbols (° ℃ ℉ ∠ ′) for bios, captions, usernames, posts and comments. Browse the full Degree Symbols collection on UltraTextGen — tap any symbol or emoji to copy it instantly, free and with no sign-up.",https://ultratextgen.com/library/degree-symbol/?utm_source=pinterest&utm_medium=social&utm_campaign=organic_pins&utm_content=library-degree-symbol,,"symbol library, degree symbols, degree symbols copy paste, copy and paste symbols, unicode symbols, aesthetic symbols, copy and paste, ultratextgen"
Denmark Emoji Combos to Copy and Paste — UltraTextGen,https://ultratextgen.com/assets/pinterest/library-denmark-emoji-combos.png,Emoji Copy Paste & Emoji Combos,,"Copy and paste Denmark Emoji Combos for bios, captions, usernames, posts and comments. Browse the full Denmark Emoji Combos collection on UltraTextGen — tap any symbol or emoji to copy it instantly, free and with no sign-up.",https://ultratextgen.com/library/denmark-emoji-combos/?utm_source=pinterest&utm_medium=social&utm_campaign=organic_pins&utm_content=library-denmark-emoji-combos,,"symbol library, denmark emoji combos, denmark emoji combos copy paste, copy and paste symbols, unicode symbols, aesthetic symbols, copy and paste, ultratextgen"
Di Maria Emoji Combos to Copy and Paste — UltraTextGen,https://ultratextgen.com/assets/pinterest/library-di-maria-emoji-combos.png,Emoji Copy Paste & Emoji Combos,,"Copy and paste Di Maria Emoji Combos for bios, captions, usernames, posts and comments. Browse the full Di Maria Emoji Combos collection on UltraTextGen — tap any symbol or emoji to copy it instantly, free and with no sign-up.",https://ultratextgen.com/library/di-maria-emoji-combos/?utm_source=pinterest&utm_medium=social&utm_campaign=organic_pins&utm_content=library-di-maria-emoji-combos,,"symbol library, di maria emoji combos, di maria emoji combos copy paste, copy and paste symbols, unicode symbols, aesthetic symbols, copy and paste, ultratextgen"
Dice & Domino Symbols to Copy and Paste — UltraTextGen,https://ultratextgen.com/assets/pinterest/library-dice-domino-symbols.png,Fancy Text Generator & Copy Paste Fonts,,"Copy and paste Dice & Domino Symbols (⚀ ⚁ ⚂ ⚃ ⚄) for bios, captions, usernames, posts and comments. Browse the full Dice & Domino Symbols collection on UltraTextGen — tap any symbol or emoji to copy it instantly, free and with no sign-up.",https://ultratextgen.com/library/dice-domino-symbols/?utm_source=pinterest&utm_medium=social&utm_campaign=organic_pins&utm_content=library-dice-domino-symbols,,"symbol library, dice & domino symbols, dice & domino symbols copy paste, copy and paste symbols, unicode symbols, aesthetic symbols, copy and paste, ultratextgen"
Discord Symbols to Copy and Paste — UltraTextGen,https://ultratextgen.com/assets/pinterest/library-discord-symbols.png,"Discord Fonts, Symbols & Names",,"Copy and paste Discord Symbols (✦ ★ ⚔ ♥ ➤) for bios, captions, usernames, posts and comments. Browse the full Discord Symbols collection on UltraTextGen — tap any symbol or emoji to copy it instantly, free and with no sign-up.",https://ultratextgen.com/library/discord-symbols/?utm_source=pinterest&utm_medium=social&utm_campaign=organic_pins&utm_content=library-discord-symbols,,"symbol library, discord symbols, discord symbols copy paste, copy and paste symbols, unicode symbols, aesthetic symbols, copy and paste, ultratextgen"
Diwali Symbols to Copy and Paste — UltraTextGen,https://ultratextgen.com/assets/pinterest/library-diwali-symbols.png,Fancy Text Generator & Copy Paste Fonts,,"Copy and paste Diwali Symbols (✦ ☀ ❉ ✺ ★) for bios, captions, usernames, posts and comments. Browse the full Diwali Symbols collection on UltraTextGen — tap any symbol or emoji to copy it instantly, free and with no sign-up.",https://ultratextgen.com/library/diwali-symbols/?utm_source=pinterest&utm_medium=social&utm_campaign=organic_pins&utm_content=library-diwali-symbols,,"symbol library, diwali symbols, diwali symbols copy paste, copy and paste symbols, unicode symbols, aesthetic symbols, copy and paste, ultratextgen"
Dreamcore & Weirdcore Symbols to Copy and Paste,https://ultratextgen.com/assets/pinterest/library-dreamcore-weirdcore-symbols.png,Fancy Text Generator & Copy Paste Fonts,,"Copy and paste Dreamcore & Weirdcore Symbols (☽ ✦ ◌ ❍ ✧) for bios, captions, usernames, posts and comments. Browse the full Dreamcore & Weirdcore Symbols collection on UltraTextGen — tap any symbol or emoji to copy it instantly, free and with no sign-up.",https://ultratextgen.com/library/dreamcore-weirdcore-symbols/?utm_source=pinterest&utm_medium=social&utm_campaign=organic_pins&utm_content=library-dreamcore-weirdcore-symbols,,"symbol library, dreamcore & weirdcore symbols, dreamcore & weirdcore symbols copy paste, copy and paste symbols, unicode symbols, aesthetic symbols, copy and paste, ultratextgen"
Easter Symbols to Copy and Paste — UltraTextGen,https://ultratextgen.com/assets/pinterest/library-easter-symbols.png,Fancy Text Generator & Copy Paste Fonts,,"Copy and paste Easter Symbols (✝ ❀ ✿ ❁ ✦) for bios, captions, usernames, posts and comments. Browse the full Easter Symbols collection on UltraTextGen — tap any symbol or emoji to copy it instantly, free and with no sign-up.",https://ultratextgen.com/library/easter-symbols/?utm_source=pinterest&utm_medium=social&utm_campaign=organic_pins&utm_content=library-easter-symbols,,"symbol library, easter symbols, easter symbols copy paste, copy and paste symbols, unicode symbols, aesthetic symbols, copy and paste, ultratextgen"
Ecuador Emoji Combos to Copy and Paste — UltraTextGen,https://ultratextgen.com/assets/pinterest/library-ecuador-emoji-combos.png,Emoji Copy Paste & Emoji Combos,,"Copy and paste Ecuador Emoji Combos for bios, captions, usernames, posts and comments. Browse the full Ecuador Emoji Combos collection on UltraTextGen — tap any symbol or emoji to copy it instantly, free and with no sign-up.",https://ultratextgen.com/library/ecuador-emoji-combos/?utm_source=pinterest&utm_medium=social&utm_campaign=organic_pins&utm_content=library-ecuador-emoji-combos,,"symbol library, ecuador emoji combos, ecuador emoji combos copy paste, copy and paste symbols, unicode symbols, aesthetic symbols, copy and paste, ultratextgen"
Egypt Emoji Combos to Copy and Paste — UltraTextGen,https://ultratextgen.com/assets/pinterest/library-egypt-emoji-combos.png,Emoji Copy Paste & Emoji Combos,,"Copy and paste Egypt Emoji Combos for bios, captions, usernames, posts and comments. Browse the full Egypt Emoji Combos collection on UltraTextGen — tap any symbol or emoji to copy it instantly, free and with no sign-up.",https://ultratextgen.com/library/egypt-emoji-combos/?utm_source=pinterest&utm_medium=social&utm_campaign=organic_pins&utm_content=library-egypt-emoji-combos,,"symbol library, egypt emoji combos, egypt emoji combos copy paste, copy and paste symbols, unicode symbols, aesthetic symbols, copy and paste, ultratextgen"
Egyptian Hieroglyphs to Copy and Paste — UltraTextGen,https://ultratextgen.com/assets/pinterest/library-egyptian-hieroglyphs.png,Fancy Text Generator & Copy Paste Fonts,,"Copy and paste Egyptian Hieroglyphs for bios, captions, usernames, posts and comments. Browse the full Egyptian Hieroglyphs collection on UltraTextGen — tap any symbol or emoji to copy it instantly, free and with no sign-up.",https://ultratextgen.com/library/egyptian-hieroglyphs/?utm_source=pinterest&utm_medium=social&utm_campaign=organic_pins&utm_content=library-egyptian-hieroglyphs,,"symbol library, egyptian hieroglyphs, egyptian hieroglyphs copy paste, copy and paste symbols, unicode symbols, aesthetic symbols, copy and paste, ultratextgen"
Electrical & Circuit Symbols to Copy and Paste,https://ultratextgen.com/assets/pinterest/library-electrical-circuit-symbols.png,Fancy Text Generator & Copy Paste Fonts,,"Copy and paste Electrical & Circuit Symbols (⚡ ⊕ ⊖ Ω ~) for bios, captions, usernames, posts and comments. Browse the full Electrical & Circuit Symbols collection on UltraTextGen — tap any symbol or emoji to copy it instantly, free and with no sign-up.",https://ultratextgen.com/library/electrical-circuit-symbols/?utm_source=pinterest&utm_medium=social&utm_campaign=organic_pins&utm_content=library-electrical-circuit-symbols,,"symbol library, electrical & circuit symbols, electrical & circuit symbols copy paste, copy and paste symbols, unicode symbols, aesthetic symbols, copy and paste, ultratextgen"
Email Symbols to Copy and Paste — UltraTextGen,https://ultratextgen.com/assets/pinterest/library-email-symbols.png,Fancy Text Generator & Copy Paste Fonts,,"Copy and paste Email Symbols for bios, captions, usernames, posts and comments. Browse the full Email Symbols collection on UltraTextGen — tap any symbol or emoji to copy it instantly, free and with no sign-up.",https://ultratextgen.com/library/email-symbols/?utm_source=pinterest&utm_medium=social&utm_campaign=organic_pins&utm_content=library-email-symbols,,"symbol library, email symbols, email symbols copy paste, copy and paste symbols, unicode symbols, aesthetic symbols, copy and paste, ultratextgen"
Emoji Combos to Copy and Paste — UltraTextGen,https://ultratextgen.com/assets/pinterest/library-emoji-combos.png,Emoji Copy Paste & Emoji Combos,,"Copy and paste Emoji Combos for bios, captions, usernames, posts and comments. Browse the full Emoji Combos collection on UltraTextGen — tap any symbol or emoji to copy it instantly, free and with no sign-up.",https://ultratextgen.com/library/emoji-combos/?utm_source=pinterest&utm_medium=social&utm_campaign=organic_pins&utm_content=library-emoji-combos,,"symbol library, emoji combos, emoji combos copy paste, copy and paste symbols, unicode symbols, aesthetic symbols, copy and paste, ultratextgen"
Flag Emoji Explorer to Copy and Paste — UltraTextGen,https://ultratextgen.com/assets/pinterest/library-emoji-flags.png,Emoji Copy Paste & Emoji Combos,,"Copy and paste Flag Emoji Explorer for bios, captions, usernames, posts and comments. Browse the full Flag Emoji Explorer collection on UltraTextGen — tap any symbol or emoji to copy it instantly, free and with no sign-up.",https://ultratextgen.com/library/emoji-flags/?utm_source=pinterest&utm_medium=social&utm_campaign=organic_pins&utm_content=library-emoji-flags,,"symbol library, flag emoji explorer, flag emoji explorer copy paste, copy and paste symbols, unicode symbols, aesthetic symbols, copy and paste, ultratextgen"
Emoji Meanings Guide to Copy and Paste — UltraTextGen,https://ultratextgen.com/assets/pinterest/library-emoji-meanings-guide.png,Emoji Copy Paste & Emoji Combos,,"Copy and paste Emoji Meanings Guide for bios, captions, usernames, posts and comments. Browse the full Emoji Meanings Guide collection on UltraTextGen — tap any symbol or emoji to copy it instantly, free and with no sign-up.",https://ultratextgen.com/library/emoji-meanings-guide/?utm_source=pinterest&utm_medium=social&utm_campaign=organic_pins&utm_content=library-emoji-meanings-guide,,"symbol library, emoji meanings guide, emoji meanings guide copy paste, copy and paste symbols, unicode symbols, aesthetic symbols, copy and paste, ultratextgen"
England Emoji Combos to Copy and Paste — UltraTextGen,https://ultratextgen.com/assets/pinterest/library-england-emoji-combos.png,Emoji Copy Paste & Emoji Combos,,"Copy and paste England Emoji Combos for bios, captions, usernames, posts and comments. Browse the full England Emoji Combos collection on UltraTextGen — tap any symbol or emoji to copy it instantly, free and with no sign-up.",https://ultratextgen.com/library/england-emoji-combos/?utm_source=pinterest&utm_medium=social&utm_campaign=organic_pins&utm_content=library-england-emoji-combos,,"symbol library, england emoji combos, england emoji combos copy paste, copy and paste symbols, unicode symbols, aesthetic symbols, copy and paste, ultratextgen"
Evil Eye & Hamsa Symbols to Copy and Paste,https://ultratextgen.com/assets/pinterest/library-evil-eye-hamsa-symbols.png,Fancy Text Generator & Copy Paste Fonts,,"Copy and paste Evil Eye & Hamsa Symbols (◉ ☽ ✦ ❂ ☉) for bios, captions, usernames, posts and comments. Browse the full Evil Eye & Hamsa Symbols collection on UltraTextGen — tap any symbol or emoji to copy it instantly, free and with no sign-up.",https://ultratextgen.com/library/evil-eye-hamsa-symbols/?utm_source=pinterest&utm_medium=social&utm_campaign=organic_pins&utm_content=library-evil-eye-hamsa-symbols,,"symbol library, evil eye & hamsa symbols, evil eye & hamsa symbols copy paste, copy and paste symbols, unicode symbols, aesthetic symbols, copy and paste, ultratextgen"
Face & Emotion Emojis to Copy and Paste — UltraTextGen,https://ultratextgen.com/assets/pinterest/library-face-emojis.png,Emoji Copy Paste & Emoji Combos,,"Copy and paste Face & Emotion Emojis for bios, captions, usernames, posts and comments. Browse the full Face & Emotion Emojis collection on UltraTextGen — tap any symbol or emoji to copy it instantly, free and with no sign-up.",https://ultratextgen.com/library/face-emojis/?utm_source=pinterest&utm_medium=social&utm_campaign=organic_pins&utm_content=library-face-emojis,,"symbol library, face & emotion emojis, face & emotion emojis copy paste, copy and paste symbols, unicode symbols, aesthetic symbols, copy and paste, ultratextgen"
Fairycore Symbols to Copy and Paste — UltraTextGen,https://ultratextgen.com/assets/pinterest/library-fairycore-symbols.png,"Cute Symbols, Hearts & Decorative Text",,"Copy and paste Fairycore Symbols (✦ ✧ ❀ ✿ ❁) for bios, captions, usernames, posts and comments. Browse the full Fairycore Symbols collection on UltraTextGen — tap any symbol or emoji to copy it instantly, free and with no sign-up.",https://ultratextgen.com/library/fairycore-symbols/?utm_source=pinterest&utm_medium=social&utm_campaign=organic_pins&utm_content=library-fairycore-symbols,,"symbol library, fairycore symbols, fairycore symbols copy paste, copy and paste symbols, unicode symbols, aesthetic symbols, copy and paste, ultratextgen"
Fantasy & Mythical Emojis to Copy and Paste,https://ultratextgen.com/assets/pinterest/library-fantasy-mythical-emojis.png,Emoji Copy Paste & Emoji Combos,,"Copy and paste Fantasy & Mythical Emojis (★ ✦ ☽ ⚔ ☾) for bios, captions, usernames, posts and comments. Browse the full Fantasy & Mythical Emojis collection on UltraTextGen — tap any symbol or emoji to copy it instantly, free and with no sign-up.",https://ultratextgen.com/library/fantasy-mythical-emojis/?utm_source=pinterest&utm_medium=social&utm_campaign=organic_pins&utm_content=library-fantasy-mythical-emojis,,"symbol library, fantasy & mythical emojis, fantasy & mythical emojis copy paste, copy and paste symbols, unicode symbols, aesthetic symbols, copy and paste, ultratextgen"
Flower & Nature Symbols to Copy and Paste,https://ultratextgen.com/assets/pinterest/library-flower-symbols.png,"Cute Symbols, Hearts & Decorative Text",,"Copy and paste Flower & Nature Symbols (❀ ✿ ❁ ❃ ⚘) for bios, captions, usernames, posts and comments. Browse the full Flower & Nature Symbols collection on UltraTextGen — tap any symbol or emoji to copy it instantly, free and with no sign-up.",https://ultratextgen.com/library/flower-symbols/?utm_source=pinterest&utm_medium=social&utm_campaign=organic_pins&utm_content=library-flower-symbols,,"symbol library, flower & nature symbols, flower & nature symbols copy paste, copy and paste symbols, unicode symbols, aesthetic symbols, copy and paste, ultratextgen"
Foden Emoji Combos to Copy and Paste — UltraTextGen,https://ultratextgen.com/assets/pinterest/library-foden-emoji-combos.png,Emoji Copy Paste & Emoji Combos,,"Copy and paste Foden Emoji Combos for bios, captions, usernames, posts and comments. Browse the full Foden Emoji Combos collection on UltraTextGen — tap any symbol or emoji to copy it instantly, free and with no sign-up.",https://ultratextgen.com/library/foden-emoji-combos/?utm_source=pinterest&utm_medium=social&utm_campaign=organic_pins&utm_content=library-foden-emoji-combos,,"symbol library, foden emoji combos, foden emoji combos copy paste, copy and paste symbols, unicode symbols, aesthetic symbols, copy and paste, ultratextgen"
Food & Drink Emojis to Copy and Paste — UltraTextGen,https://ultratextgen.com/assets/pinterest/library-food-drink-emojis.png,Emoji Copy Paste & Emoji Combos,,"Copy and paste Food & Drink Emojis for bios, captions, usernames, posts and comments. Browse the full Food & Drink Emojis collection on UltraTextGen — tap any symbol or emoji to copy it instantly, free and with no sign-up.",https://ultratextgen.com/library/food-drink-emojis/?utm_source=pinterest&utm_medium=social&utm_campaign=organic_pins&utm_content=library-food-drink-emojis,,"symbol library, food & drink emojis, food & drink emojis copy paste, copy and paste symbols, unicode symbols, aesthetic symbols, copy and paste, ultratextgen"
Football ASCII Art to Copy and Paste — UltraTextGen,https://ultratextgen.com/assets/pinterest/library-football-ascii-art.png,"Special Characters, Unicode & Keyboard Symbols",,"Copy and paste Football ASCII Art for bios, captions, usernames, posts and comments. Browse the full Football ASCII Art collection on UltraTextGen — tap any symbol or emoji to copy it instantly, free and with no sign-up.",https://ultratextgen.com/library/football-ascii-art/?utm_source=pinterest&utm_medium=social&utm_campaign=organic_pins&utm_content=library-football-ascii-art,,"symbol library, football ascii art, football ascii art copy paste, copy and paste symbols, unicode symbols, aesthetic symbols, copy and paste, ultratextgen"
Football Emoji Copy & Paste to Copy and Paste,https://ultratextgen.com/assets/pinterest/library-football-emoji-copy-paste.png,Emoji Copy Paste & Emoji Combos,,"Copy and paste Football Emoji Copy & Paste for bios, captions, usernames, posts and comments. Browse the full Football Emoji Copy & Paste collection on UltraTextGen — tap any symbol or emoji to copy it instantly, free and with no sign-up.",https://ultratextgen.com/library/football-emoji-copy-paste/?utm_source=pinterest&utm_medium=social&utm_campaign=organic_pins&utm_content=library-football-emoji-copy-paste,,"symbol library, football emoji copy & paste, football emoji copy & paste copy paste, copy and paste symbols, unicode symbols, aesthetic symbols, copy and paste, ultratextgen"
Football Kaomoji to Copy and Paste — UltraTextGen,https://ultratextgen.com/assets/pinterest/library-football-kaomoji.png,"Cute Symbols, Hearts & Decorative Text",,"Copy and paste Football Kaomoji for bios, captions, usernames, posts and comments. Browse the full Football Kaomoji collection on UltraTextGen — tap any symbol or emoji to copy it instantly, free and with no sign-up.",https://ultratextgen.com/library/football-kaomoji/?utm_source=pinterest&utm_medium=social&utm_campaign=organic_pins&utm_content=library-football-kaomoji,,"symbol library, football kaomoji, football kaomoji copy paste, copy and paste symbols, unicode symbols, aesthetic symbols, copy and paste, ultratextgen"
Football Reaction Emojis to Copy and Paste,https://ultratextgen.com/assets/pinterest/library-football-reaction-emojis.png,Emoji Copy Paste & Emoji Combos,,"Copy and paste Football Reaction Emojis for bios, captions, usernames, posts and comments. Browse the full Football Reaction Emojis collection on UltraTextGen — tap any symbol or emoji to copy it instantly, free and with no sign-up.",https://ultratextgen.com/library/football-reaction-emojis/?utm_source=pinterest&utm_medium=social&utm_campaign=organic_pins&utm_content=library-football-reaction-emojis,,"symbol library, football reaction emojis, football reaction emojis copy paste, copy and paste symbols, unicode symbols, aesthetic symbols, copy and paste, ultratextgen"
Football Symbols & Combos to Copy and Paste,https://ultratextgen.com/assets/pinterest/library-football-symbols.png,Fancy Text Generator & Copy Paste Fonts,,"Copy and paste Football Symbols & Combos for bios, captions, usernames, posts and comments. Browse the full Football Symbols & Combos collection on UltraTextGen — tap any symbol or emoji to copy it instantly, free and with no sign-up.",https://ultratextgen.com/library/football-symbols/?utm_source=pinterest&utm_medium=social&utm_campaign=organic_pins&utm_content=library-football-symbols,,"symbol library, football symbols & combos, football symbols & combos copy paste, copy and paste symbols, unicode symbols, aesthetic symbols, copy and paste, ultratextgen"
Football & World Cup Trophy Emoji to Copy and Paste,https://ultratextgen.com/assets/pinterest/library-football-trophy-emoji.png,Emoji Copy Paste & Emoji Combos,,"Copy and paste Football & World Cup Trophy Emoji for bios, captions, usernames, posts and comments. Browse the full Football & World Cup Trophy Emoji collection on UltraTextGen — tap any symbol or emoji to copy it instantly, free and with no sign-up.",https://ultratextgen.com/library/football-trophy-emoji/?utm_source=pinterest&utm_medium=social&utm_campaign=organic_pins&utm_content=library-football-trophy-emoji,,"symbol library, football & world cup trophy emoji, football & world cup trophy emoji copy paste, copy and paste symbols, unicode symbols, aesthetic symbols, copy and paste, ultratextgen"
Football Username Ideas & Symbols to Copy and Paste,https://ultratextgen.com/assets/pinterest/library-football-username-ideas.png,Gaming Symbols & Usernames,,"Copy and paste Football Username Ideas & Symbols for bios, captions, usernames, posts and comments. Browse the full Football Username Ideas & Symbols collection on UltraTextGen — tap any symbol or emoji to copy it instantly, free and with no sign-up.",https://ultratextgen.com/library/football-username-ideas/?utm_source=pinterest&utm_medium=social&utm_campaign=organic_pins&utm_content=library-football-username-ideas,,"symbol library, football username ideas & symbols, football username ideas & symbols copy paste, copy and paste symbols, unicode symbols, aesthetic symbols, copy and paste, ultratextgen"
Fortnite Name Symbols to Copy and Paste — UltraTextGen,https://ultratextgen.com/assets/pinterest/library-fortnite-symbols.png,Gaming Symbols & Usernames,,"Copy and paste Fortnite Name Symbols (⚔ ★ ✦ ☠ ➤) for bios, captions, usernames, posts and comments. Browse the full Fortnite Name Symbols collection on UltraTextGen — tap any symbol or emoji to copy it instantly, free and with no sign-up.",https://ultratextgen.com/library/fortnite-symbols/?utm_source=pinterest&utm_medium=social&utm_campaign=organic_pins&utm_content=library-fortnite-symbols,,"symbol library, fortnite name symbols, fortnite name symbols copy paste, copy and paste symbols, unicode symbols, aesthetic symbols, copy and paste, ultratextgen"
Fourth of July Symbols to Copy and Paste,https://ultratextgen.com/assets/pinterest/library-fourth-of-july-symbols.png,"Cute Symbols, Hearts & Decorative Text",,"Copy and paste Fourth of July Symbols (★ ☆ ✯ ✪ ✦) for bios, captions, usernames, posts and comments. Browse the full Fourth of July Symbols collection on UltraTextGen — tap any symbol or emoji to copy it instantly, free and with no sign-up.",https://ultratextgen.com/library/fourth-of-july-symbols/?utm_source=pinterest&utm_medium=social&utm_campaign=organic_pins&utm_content=library-fourth-of-july-symbols,,"symbol library, fourth of july symbols, fourth of july symbols copy paste, copy and paste symbols, unicode symbols, aesthetic symbols, copy and paste, ultratextgen"
Fraction Symbols to Copy and Paste — UltraTextGen,https://ultratextgen.com/assets/pinterest/library-fraction-symbols.png,"Special Characters, Unicode & Keyboard Symbols",,"Copy and paste Fraction Symbols (½ ⅓ ¼ ¾ ⅔) for bios, captions, usernames, posts and comments. Browse the full Fraction Symbols collection on UltraTextGen — tap any symbol or emoji to copy it instantly, free and with no sign-up.",https://ultratextgen.com/library/fraction-symbols/?utm_source=pinterest&utm_medium=social&utm_campaign=organic_pins&utm_content=library-fraction-symbols,,"symbol library, fraction symbols, fraction symbols copy paste, copy and paste symbols, unicode symbols, aesthetic symbols, copy and paste, ultratextgen"
France Emoji Combos to Copy and Paste — UltraTextGen,https://ultratextgen.com/assets/pinterest/library-france-emoji-combos.png,Emoji Copy Paste & Emoji Combos,,"Copy and paste France Emoji Combos for bios, captions, usernames, posts and comments. Browse the full France Emoji Combos collection on UltraTextGen — tap any symbol or emoji to copy it instantly, free and with no sign-up.",https://ultratextgen.com/library/france-emoji-combos/?utm_source=pinterest&utm_medium=social&utm_campaign=organic_pins&utm_content=library-france-emoji-combos,,"symbol library, france emoji combos, france emoji combos copy paste, copy and paste symbols, unicode symbols, aesthetic symbols, copy and paste, ultratextgen"
Free Fire Name Symbols to Copy and Paste,https://ultratextgen.com/assets/pinterest/library-free-fire-name-symbols.png,Gaming Symbols & Usernames,,"Copy and paste Free Fire Name Symbols (☠ ⚔ ★ ✦ ➤) for bios, captions, usernames, posts and comments. Browse the full Free Fire Name Symbols collection on UltraTextGen — tap any symbol or emoji to copy it instantly, free and with no sign-up.",https://ultratextgen.com/library/free-fire-name-symbols/?utm_source=pinterest&utm_medium=social&utm_campaign=organic_pins&utm_content=library-free-fire-name-symbols,,"symbol library, free fire name symbols, free fire name symbols copy paste, copy and paste symbols, unicode symbols, aesthetic symbols, copy and paste, ultratextgen"
Friendship Emojis to Copy and Paste — UltraTextGen,https://ultratextgen.com/assets/pinterest/library-friendship-emojis.png,Emoji Copy Paste & Emoji Combos,,"Copy and paste Friendship Emojis (♥ ♡ ❣ ✦ ★) for bios, captions, usernames, posts and comments. Browse the full Friendship Emojis collection on UltraTextGen — tap any symbol or emoji to copy it instantly, free and with no sign-up.",https://ultratextgen.com/library/friendship-emojis/?utm_source=pinterest&utm_medium=social&utm_campaign=organic_pins&utm_content=library-friendship-emojis,,"symbol library, friendship emojis, friendship emojis copy paste, copy and paste symbols, unicode symbols, aesthetic symbols, copy and paste, ultratextgen"
Funny Emoji Combos to Copy and Paste — UltraTextGen,https://ultratextgen.com/assets/pinterest/library-funny-emoji-combos.png,Emoji Copy Paste & Emoji Combos,,"Copy and paste Funny Emoji Combos for bios, captions, usernames, posts and comments. Browse the full Funny Emoji Combos collection on UltraTextGen — tap any symbol or emoji to copy it instantly, free and with no sign-up.",https://ultratextgen.com/library/funny-emoji-combos/?utm_source=pinterest&utm_medium=social&utm_campaign=organic_pins&utm_content=library-funny-emoji-combos,,"symbol library, funny emoji combos, funny emoji combos copy paste, copy and paste symbols, unicode symbols, aesthetic symbols, copy and paste, ultratextgen"
Gavi Emoji Combos to Copy and Paste — UltraTextGen,https://ultratextgen.com/assets/pinterest/library-gavi-emoji-combos.png,Emoji Copy Paste & Emoji Combos,,"Copy and paste Gavi Emoji Combos for bios, captions, usernames, posts and comments. Browse the full Gavi Emoji Combos collection on UltraTextGen — tap any symbol or emoji to copy it instantly, free and with no sign-up.",https://ultratextgen.com/library/gavi-emoji-combos/?utm_source=pinterest&utm_medium=social&utm_campaign=organic_pins&utm_content=library-gavi-emoji-combos,,"symbol library, gavi emoji combos, gavi emoji combos copy paste, copy and paste symbols, unicode symbols, aesthetic symbols, copy and paste, ultratextgen"
Gender Symbols to Copy and Paste — UltraTextGen,https://ultratextgen.com/assets/pinterest/library-gender-symbols.png,Instagram Bio Symbols & Aesthetic Text,,"Copy and paste Gender Symbols (♀ ♂ ⚥ ☿ ✦) for bios, captions, usernames, posts and comments. Browse the full Gender Symbols collection on UltraTextGen — tap any symbol or emoji to copy it instantly, free and with no sign-up.",https://ultratextgen.com/library/gender-symbols/?utm_source=pinterest&utm_medium=social&utm_campaign=organic_pins&utm_content=library-gender-symbols,,"symbol library, gender symbols, gender symbols copy paste, copy and paste symbols, unicode symbols, aesthetic symbols, copy and paste, ultratextgen"
Geometric Symbols to Copy and Paste — UltraTextGen,https://ultratextgen.com/assets/pinterest/library-geometric-symbols.png,Fancy Text Generator & Copy Paste Fonts,,"Copy and paste Geometric Symbols (● ▲ ■ ◆ ◇) for bios, captions, usernames, posts and comments. Browse the full Geometric Symbols collection on UltraTextGen — tap any symbol or emoji to copy it instantly, free and with no sign-up.",https://ultratextgen.com/library/geometric-symbols/?utm_source=pinterest&utm_medium=social&utm_campaign=organic_pins&utm_content=library-geometric-symbols,,"symbol library, geometric symbols, geometric symbols copy paste, copy and paste symbols, unicode symbols, aesthetic symbols, copy and paste, ultratextgen"
Germany Emoji Combos to Copy and Paste — UltraTextGen,https://ultratextgen.com/assets/pinterest/library-germany-emoji-combos.png,Emoji Copy Paste & Emoji Combos,,"Copy and paste Germany Emoji Combos for bios, captions, usernames, posts and comments. Browse the full Germany Emoji Combos collection on UltraTextGen — tap any symbol or emoji to copy it instantly, free and with no sign-up.",https://ultratextgen.com/library/germany-emoji-combos/?utm_source=pinterest&utm_medium=social&utm_campaign=organic_pins&utm_content=library-germany-emoji-combos,,"symbol library, germany emoji combos, germany emoji combos copy paste, copy and paste symbols, unicode symbols, aesthetic symbols, copy and paste, ultratextgen"
Ghana Emoji Combos to Copy and Paste — UltraTextGen,https://ultratextgen.com/assets/pinterest/library-ghana-emoji-combos.png,Emoji Copy Paste & Emoji Combos,,"Copy and paste Ghana Emoji Combos for bios, captions, usernames, posts and comments. Browse the full Ghana Emoji Combos collection on UltraTextGen — tap any symbol or emoji to copy it instantly, free and with no sign-up.",https://ultratextgen.com/library/ghana-emoji-combos/?utm_source=pinterest&utm_medium=social&utm_campaign=organic_pins&utm_content=library-ghana-emoji-combos,,"symbol library, ghana emoji combos, ghana emoji combos copy paste, copy and paste symbols, unicode symbols, aesthetic symbols, copy and paste, ultratextgen"
Goal Emoji & Celebration Combos to Copy and Paste,https://ultratextgen.com/assets/pinterest/library-goal-emoji-combos.png,Emoji Copy Paste & Emoji Combos,,"Copy and paste Goal Emoji & Celebration Combos for bios, captions, usernames, posts and comments. Browse the full Goal Emoji & Celebration Combos collection on UltraTextGen — tap any symbol or emoji to copy it instantly, free and with no sign-up.",https://ultratextgen.com/library/goal-emoji-combos/?utm_source=pinterest&utm_medium=social&utm_campaign=organic_pins&utm_content=library-goal-emoji-combos,,"symbol library, goal emoji & celebration combos, goal emoji & celebration combos copy paste, copy and paste symbols, unicode symbols, aesthetic symbols, copy and paste, ultratextgen"
GOAT Emoji Combos to Copy and Paste — UltraTextGen,https://ultratextgen.com/assets/pinterest/library-goat-emoji-combos.png,Emoji Copy Paste & Emoji Combos,,"Copy and paste GOAT Emoji Combos for bios, captions, usernames, posts and comments. Browse the full GOAT Emoji Combos collection on UltraTextGen — tap any symbol or emoji to copy it instantly, free and with no sign-up.",https://ultratextgen.com/library/goat-emoji-combos/?utm_source=pinterest&utm_medium=social&utm_campaign=organic_pins&utm_content=library-goat-emoji-combos,,"symbol library, goat emoji combos, goat emoji combos copy paste, copy and paste symbols, unicode symbols, aesthetic symbols, copy and paste, ultratextgen"
Goth & Grunge Symbols to Copy and Paste — UltraTextGen,https://ultratextgen.com/assets/pinterest/library-goth-grunge-symbols.png,Fancy Text Generator & Copy Paste Fonts,,"Copy and paste Goth & Grunge Symbols (✝ ☓ ✗ † ♰) for bios, captions, usernames, posts and comments. Browse the full Goth & Grunge Symbols collection on UltraTextGen — tap any symbol or emoji to copy it instantly, free and with no sign-up.",https://ultratextgen.com/library/goth-grunge-symbols/?utm_source=pinterest&utm_medium=social&utm_campaign=organic_pins&utm_content=library-goth-grunge-symbols,,"symbol library, goth & grunge symbols, goth & grunge symbols copy paste, copy and paste symbols, unicode symbols, aesthetic symbols, copy and paste, ultratextgen"
Greece Emoji Combos to Copy and Paste — UltraTextGen,https://ultratextgen.com/assets/pinterest/library-greece-emoji-combos.png,Emoji Copy Paste & Emoji Combos,,"Copy and paste Greece Emoji Combos for bios, captions, usernames, posts and comments. Browse the full Greece Emoji Combos collection on UltraTextGen — tap any symbol or emoji to copy it instantly, free and with no sign-up.",https://ultratextgen.com/library/greece-emoji-combos/?utm_source=pinterest&utm_medium=social&utm_campaign=organic_pins&utm_content=library-greece-emoji-combos,,"symbol library, greece emoji combos, greece emoji combos copy paste, copy and paste symbols, unicode symbols, aesthetic symbols, copy and paste, ultratextgen"
Greek Letter Symbols to Copy and Paste — UltraTextGen,https://ultratextgen.com/assets/pinterest/library-greek-letter-symbols.png,"Special Characters, Unicode & Keyboard Symbols",,"Copy and paste Greek Letter Symbols (α β Δ Ω π) for bios, captions, usernames, posts and comments. Browse the full Greek Letter Symbols collection on UltraTextGen — tap any symbol or emoji to copy it instantly, free and with no sign-up.",https://ultratextgen.com/library/greek-letter-symbols/?utm_source=pinterest&utm_medium=social&utm_campaign=organic_pins&utm_content=library-greek-letter-symbols,,"symbol library, greek letter symbols, greek letter symbols copy paste, copy and paste symbols, unicode symbols, aesthetic symbols, copy and paste, ultratextgen"
Greeting & Message Emojis to Copy and Paste,https://ultratextgen.com/assets/pinterest/library-greeting-message-emojis.png,Emoji Copy Paste & Emoji Combos,,"Copy and paste Greeting & Message Emojis for bios, captions, usernames, posts and comments. Browse the full Greeting & Message Emojis collection on UltraTextGen — tap any symbol or emoji to copy it instantly, free and with no sign-up.",https://ultratextgen.com/library/greeting-message-emojis/?utm_source=pinterest&utm_medium=social&utm_campaign=organic_pins&utm_content=library-greeting-message-emojis,,"symbol library, greeting & message emojis, greeting & message emojis copy paste, copy and paste symbols, unicode symbols, aesthetic symbols, copy and paste, ultratextgen"
Griezmann Emoji Combos to Copy and Paste,https://ultratextgen.com/assets/pinterest/library-griezmann-emoji-combos.png,Emoji Copy Paste & Emoji Combos,,"Copy and paste Griezmann Emoji Combos for bios, captions, usernames, posts and comments. Browse the full Griezmann Emoji Combos collection on UltraTextGen — tap any symbol or emoji to copy it instantly, free and with no sign-up.",https://ultratextgen.com/library/griezmann-emoji-combos/?utm_source=pinterest&utm_medium=social&utm_campaign=organic_pins&utm_content=library-griezmann-emoji-combos,,"symbol library, griezmann emoji combos, griezmann emoji combos copy paste, copy and paste symbols, unicode symbols, aesthetic symbols, copy and paste, ultratextgen"
Guess the Soccer Player by Emoji to Copy and Paste,https://ultratextgen.com/assets/pinterest/library-guess-soccer-player-by-emoji.png,Emoji Copy Paste & Emoji Combos,,"Copy and paste Guess the Soccer Player by Emoji for bios, captions, usernames, posts and comments. Browse the full Guess the Soccer Player by Emoji collection on UltraTextGen — tap any symbol or emoji to copy it instantly, free and with no sign-up.",https://ultratextgen.com/library/guess-soccer-player-by-emoji/?utm_source=pinterest&utm_medium=social&utm_campaign=organic_pins&utm_content=library-guess-soccer-player-by-emoji,,"symbol library, guess the soccer player by emoji, guess the soccer player by emoji copy paste, copy and paste symbols, unicode symbols, aesthetic symbols, copy and paste, ultratextgen"
Guess the Soccer Team by Emoji to Copy and Paste,https://ultratextgen.com/assets/pinterest/library-guess-soccer-team-by-emoji.png,Emoji Copy Paste & Emoji Combos,,"Copy and paste Guess the Soccer Team by Emoji for bios, captions, usernames, posts and comments. Browse the full Guess the Soccer Team by Emoji collection on UltraTextGen — tap any symbol or emoji to copy it instantly, free and with no sign-up.",https://ultratextgen.com/library/guess-soccer-team-by-emoji/?utm_source=pinterest&utm_medium=social&utm_campaign=organic_pins&utm_content=library-guess-soccer-team-by-emoji,,"symbol library, guess the soccer team by emoji, guess the soccer team by emoji copy paste, copy and paste symbols, unicode symbols, aesthetic symbols, copy and paste, ultratextgen"
Haaland Emoji Combos to Copy and Paste — UltraTextGen,https://ultratextgen.com/assets/pinterest/library-haaland-emoji-combos.png,Emoji Copy Paste & Emoji Combos,,"Copy and paste Haaland Emoji Combos for bios, captions, usernames, posts and comments. Browse the full Haaland Emoji Combos collection on UltraTextGen — tap any symbol or emoji to copy it instantly, free and with no sign-up.",https://ultratextgen.com/library/haaland-emoji-combos/?utm_source=pinterest&utm_medium=social&utm_campaign=organic_pins&utm_content=library-haaland-emoji-combos,,"symbol library, haaland emoji combos, haaland emoji combos copy paste, copy and paste symbols, unicode symbols, aesthetic symbols, copy and paste, ultratextgen"
Halloween Symbols to Copy and Paste — UltraTextGen,https://ultratextgen.com/assets/pinterest/library-halloween-symbols.png,Fancy Text Generator & Copy Paste Fonts,,"Copy and paste Halloween Symbols (☠ ☽ ✝ ★ ✟) for bios, captions, usernames, posts and comments. Browse the full Halloween Symbols collection on UltraTextGen — tap any symbol or emoji to copy it instantly, free and with no sign-up.",https://ultratextgen.com/library/halloween-symbols/?utm_source=pinterest&utm_medium=social&utm_campaign=organic_pins&utm_content=library-halloween-symbols,,"symbol library, halloween symbols, halloween symbols copy paste, copy and paste symbols, unicode symbols, aesthetic symbols, copy and paste, ultratextgen"
Hand Gesture Symbols to Copy and Paste — UltraTextGen,https://ultratextgen.com/assets/pinterest/library-hand-symbols.png,Fancy Text Generator & Copy Paste Fonts,,"Copy and paste Hand Gesture Symbols (☝ ☞ ☜ ☟ ✌) for bios, captions, usernames, posts and comments. Browse the full Hand Gesture Symbols collection on UltraTextGen — tap any symbol or emoji to copy it instantly, free and with no sign-up.",https://ultratextgen.com/library/hand-symbols/?utm_source=pinterest&utm_medium=social&utm_campaign=organic_pins&utm_content=library-hand-symbols,,"symbol library, hand gesture symbols, hand gesture symbols copy paste, copy and paste symbols, unicode symbols, aesthetic symbols, copy and paste, ultratextgen"
Happy Emoji to Copy and Paste — UltraTextGen,https://ultratextgen.com/assets/pinterest/library-happy-emoji.png,Emoji Copy Paste & Emoji Combos,,"Copy and paste Happy Emoji for bios, captions, usernames, posts and comments. Browse the full Happy Emoji collection on UltraTextGen — tap any symbol or emoji to copy it instantly, free and with no sign-up.",https://ultratextgen.com/library/happy-emoji/?utm_source=pinterest&utm_medium=social&utm_campaign=organic_pins&utm_content=library-happy-emoji,,"symbol library, happy emoji, happy emoji copy paste, copy and paste symbols, unicode symbols, aesthetic symbols, copy and paste, ultratextgen"
Hazard & Warning Symbols to Copy and Paste,https://ultratextgen.com/assets/pinterest/library-hazard-warning-symbols.png,Fancy Text Generator & Copy Paste Fonts,,"Copy and paste Hazard & Warning Symbols (⚠ ☢ ☣ ⚡ ☠) for bios, captions, usernames, posts and comments. Browse the full Hazard & Warning Symbols collection on UltraTextGen — tap any symbol or emoji to copy it instantly, free and with no sign-up.",https://ultratextgen.com/library/hazard-warning-symbols/?utm_source=pinterest&utm_medium=social&utm_campaign=organic_pins&utm_content=library-hazard-warning-symbols,,"symbol library, hazard & warning symbols, hazard & warning symbols copy paste, copy and paste symbols, unicode symbols, aesthetic symbols, copy and paste, ultratextgen"
Heart Symbols to Copy and Paste — UltraTextGen,https://ultratextgen.com/assets/pinterest/library-heart-symbols.png,"Cute Symbols, Hearts & Decorative Text",,"Copy and paste Heart Symbols (♥ ♡ ❣ ❤ ♥) for bios, captions, usernames, posts and comments. Browse the full Heart Symbols collection on UltraTextGen — tap any symbol or emoji to copy it instantly, free and with no sign-up.",https://ultratextgen.com/library/heart-symbols/?utm_source=pinterest&utm_medium=social&utm_campaign=organic_pins&utm_content=library-heart-symbols,,"symbol library, heart symbols, heart symbols copy paste, copy and paste symbols, unicode symbols, aesthetic symbols, copy and paste, ultratextgen"
Hindi Symbols to Copy and Paste — UltraTextGen,https://ultratextgen.com/assets/pinterest/library-hindi-symbols.png,Fancy Text Generator & Copy Paste Fonts,,"Copy and paste Hindi Symbols for bios, captions, usernames, posts and comments. Browse the full Hindi Symbols collection on UltraTextGen — tap any symbol or emoji to copy it instantly, free and with no sign-up.",https://ultratextgen.com/library/hindi-symbols/?utm_source=pinterest&utm_medium=social&utm_campaign=organic_pins&utm_content=library-hindi-symbols,,"symbol library, hindi symbols, hindi symbols copy paste, copy and paste symbols, unicode symbols, aesthetic symbols, copy and paste, ultratextgen"
Honduras Emoji Combos to Copy and Paste — UltraTextGen,https://ultratextgen.com/assets/pinterest/library-honduras-emoji-combos.png,Emoji Copy Paste & Emoji Combos,,"Copy and paste Honduras Emoji Combos for bios, captions, usernames, posts and comments. Browse the full Honduras Emoji Combos collection on UltraTextGen — tap any symbol or emoji to copy it instantly, free and with no sign-up.",https://ultratextgen.com/library/honduras-emoji-combos/?utm_source=pinterest&utm_medium=social&utm_campaign=organic_pins&utm_content=library-honduras-emoji-combos,,"symbol library, honduras emoji combos, honduras emoji combos copy paste, copy and paste symbols, unicode symbols, aesthetic symbols, copy and paste, ultratextgen"
HTML Entities to Copy and Paste — UltraTextGen,https://ultratextgen.com/assets/pinterest/library-html-entities.png,"Special Characters, Unicode & Keyboard Symbols",,"Copy and paste HTML Entities (& < > § ©) for bios, captions, usernames, posts and comments. Browse the full HTML Entities collection on UltraTextGen — tap any symbol or emoji to copy it instantly, free and with no sign-up.",https://ultratextgen.com/library/html-entities/?utm_source=pinterest&utm_medium=social&utm_campaign=organic_pins&utm_content=library-html-entities,,"symbol library, html entities, html entities copy paste, copy and paste symbols, unicode symbols, aesthetic symbols, copy and paste, ultratextgen"
Symbol & Emoji Library to Copy and Paste,https://ultratextgen.com/assets/pinterest/library.png,"Special Characters, Unicode & Keyboard Symbols",,"Copy and paste Symbol & Emoji Library for bios, captions, usernames, posts and comments. Browse the full Symbol & Emoji Library collection on UltraTextGen — tap any symbol or emoji to copy it instantly, free and with no sign-up.",https://ultratextgen.com/library/?utm_source=pinterest&utm_medium=social&utm_campaign=organic_pins&utm_content=library,,"symbol library, symbol & emoji library, symbol & emoji library copy paste, copy and paste symbols, unicode symbols, aesthetic symbols, copy and paste, ultratextgen"
India Emoji Combos to Copy and Paste — UltraTextGen,https://ultratextgen.com/assets/pinterest/library-india-emoji-combos.png,Emoji Copy Paste & Emoji Combos,,"Copy and paste India Emoji Combos for bios, captions, usernames, posts and comments. Browse the full India Emoji Combos collection on UltraTextGen — tap any symbol or emoji to copy it instantly, free and with no sign-up.",https://ultratextgen.com/library/india-emoji-combos/?utm_source=pinterest&utm_medium=social&utm_campaign=organic_pins&utm_content=library-india-emoji-combos,,"symbol library, india emoji combos, india emoji combos copy paste, copy and paste symbols, unicode symbols, aesthetic symbols, copy and paste, ultratextgen"
Instagram Symbols to Copy and Paste — UltraTextGen,https://ultratextgen.com/assets/pinterest/library-instagram-symbols.png,Instagram Bio Symbols & Aesthetic Text,,"Copy and paste Instagram Symbols for bios, captions, usernames, posts and comments. Browse the full Instagram Symbols collection on UltraTextGen — tap any symbol or emoji to copy it instantly, free and with no sign-up.",https://ultratextgen.com/library/instagram-symbols/?utm_source=pinterest&utm_medium=social&utm_campaign=organic_pins&utm_content=library-instagram-symbols,,"symbol library, instagram symbols, instagram symbols copy paste, copy and paste symbols, unicode symbols, aesthetic symbols, copy and paste, ultratextgen"
Invisible Character to Copy and Paste — UltraTextGen,https://ultratextgen.com/assets/pinterest/library-invisible-character.png,Fancy Text Generator & Copy Paste Fonts,,"Copy and paste Invisible Character (␣ ▢ ◌ ▯ □) for bios, captions, usernames, posts and comments. Browse the full Invisible Character collection on UltraTextGen — tap any symbol or emoji to copy it instantly, free and with no sign-up.",https://ultratextgen.com/library/invisible-character/?utm_source=pinterest&utm_medium=social&utm_campaign=organic_pins&utm_content=library-invisible-character,,"symbol library, invisible character, invisible character copy paste, copy and paste symbols, unicode symbols, aesthetic symbols, copy and paste, ultratextgen"
IPA Phonetic Symbols to Copy and Paste — UltraTextGen,https://ultratextgen.com/assets/pinterest/library-ipa-phonetic-symbols.png,"Special Characters, Unicode & Keyboard Symbols",,"Copy and paste IPA Phonetic Symbols (ə ʃ θ ʒ ŋ) for bios, captions, usernames, posts and comments. Browse the full IPA Phonetic Symbols collection on UltraTextGen — tap any symbol or emoji to copy it instantly, free and with no sign-up.",https://ultratextgen.com/library/ipa-phonetic-symbols/?utm_source=pinterest&utm_medium=social&utm_campaign=organic_pins&utm_content=library-ipa-phonetic-symbols,,"symbol library, ipa phonetic symbols, ipa phonetic symbols copy paste, copy and paste symbols, unicode symbols, aesthetic symbols, copy and paste, ultratextgen"
Iran Emoji Combos to Copy and Paste — UltraTextGen,https://ultratextgen.com/assets/pinterest/library-iran-emoji-combos.png,Emoji Copy Paste & Emoji Combos,,"Copy and paste Iran Emoji Combos for bios, captions, usernames, posts and comments. Browse the full Iran Emoji Combos collection on UltraTextGen — tap any symbol or emoji to copy it instantly, free and with no sign-up.",https://ultratextgen.com/library/iran-emoji-combos/?utm_source=pinterest&utm_medium=social&utm_campaign=organic_pins&utm_content=library-iran-emoji-combos,,"symbol library, iran emoji combos, iran emoji combos copy paste, copy and paste symbols, unicode symbols, aesthetic symbols, copy and paste, ultratextgen"
Ireland Emoji Combos to Copy and Paste — UltraTextGen,https://ultratextgen.com/assets/pinterest/library-ireland-emoji-combos.png,Emoji Copy Paste & Emoji Combos,,"Copy and paste Ireland Emoji Combos for bios, captions, usernames, posts and comments. Browse the full Ireland Emoji Combos collection on UltraTextGen — tap any symbol or emoji to copy it instantly, free and with no sign-up.",https://ultratextgen.com/library/ireland-emoji-combos/?utm_source=pinterest&utm_medium=social&utm_campaign=organic_pins&utm_content=library-ireland-emoji-combos,,"symbol library, ireland emoji combos, ireland emoji combos copy paste, copy and paste symbols, unicode symbols, aesthetic symbols, copy and paste, ultratextgen"
Islamic Symbols to Copy and Paste — UltraTextGen,https://ultratextgen.com/assets/pinterest/library-islamic-symbols.png,Fancy Text Generator & Copy Paste Fonts,,"Copy and paste Islamic Symbols (☪ ✦ ☾ ❂ ★) for bios, captions, usernames, posts and comments. Browse the full Islamic Symbols collection on UltraTextGen — tap any symbol or emoji to copy it instantly, free and with no sign-up.",https://ultratextgen.com/library/islamic-symbols/?utm_source=pinterest&utm_medium=social&utm_campaign=organic_pins&utm_content=library-islamic-symbols,,"symbol library, islamic symbols, islamic symbols copy paste, copy and paste symbols, unicode symbols, aesthetic symbols, copy and paste, ultratextgen"
Italy Emoji Combos to Copy and Paste — UltraTextGen,https://ultratextgen.com/assets/pinterest/library-italy-emoji-combos.png,Emoji Copy Paste & Emoji Combos,,"Copy and paste Italy Emoji Combos for bios, captions, usernames, posts and comments. Browse the full Italy Emoji Combos collection on UltraTextGen — tap any symbol or emoji to copy it instantly, free and with no sign-up.",https://ultratextgen.com/library/italy-emoji-combos/?utm_source=pinterest&utm_medium=social&utm_campaign=organic_pins&utm_content=library-italy-emoji-combos,,"symbol library, italy emoji combos, italy emoji combos copy paste, copy and paste symbols, unicode symbols, aesthetic symbols, copy and paste, ultratextgen"
