Title,Media URL,Pinterest board,Thumbnail,Description,Link,Publish date,Keywords
Đếm Từ & Đếm Ký Tự — Công Cụ Miễn Phí Trực Tuyến — Copy and Paste Fonts,https://ultratextgen.com/assets/pinterest/vi-dem-tu-dem-ky-tu.png,International Fancy Font Generators,,"Đếm Từ & Đếm Ký Tự — Công Cụ Miễn Phí Trực Tuyến. Công cụ đếm từ và đếm ký tự miễn phí. Xem số từ, ký tự, câu, đoạn văn và thời gian đọc cập nhật trực tiếp khi bạn gõ, kèm bộ kiểm tra…. Copy and paste stylish Unicode fonts and symbols for bios, captions, usernames and posts — free, fast and…",https://ultratextgen.com/vi/dem-tu-dem-ky-tu/?utm_source=pinterest&utm_medium=social&utm_campaign=organic_pins&utm_content=vi-dem-tu-dem-ky-tu,,"localized, đếm từ & đếm ký tự — công cụ miễn phí trực tuyến, fancy text generator, copy paste fonts, unicode fonts, copy and paste, ultratextgen"
"Font Chữ Đẹp — Tạo Font Chữ Đẹp Có Dấu, Copy Là Dán — Copy and Paste Fonts",https://ultratextgen.com/assets/pinterest/vi-font-chu-dep.png,International Fancy Font Generators,,"Font Chữ Đẹp — Tạo Font Chữ Đẹp Có Dấu, Copy Là Dán. Tạo font chữ đẹp online: gõ chữ, ra ngay 100+ font chữ đặc biệt — aesthetic, đậm, nghiêng, script, gothic. Giữ dấu tiếng Việt, copy…. Copy and paste stylish Unicode fonts and symbols for bios, captions, usernames and posts — free, fast and…",https://ultratextgen.com/vi/font-chu-dep/?utm_source=pinterest&utm_medium=social&utm_campaign=organic_pins&utm_content=vi-font-chu-dep,,"localized, font chữ đẹp — tạo font chữ đẹp có dấu, copy là dán, fancy text generator, copy paste fonts, unicode fonts, copy and paste, ultratextgen"
Font Discord — Chữ kiểu cho nick | UltraTextGen,https://ultratextgen.com/assets/pinterest/vi-font-discord.png,International Fancy Font Generators,,"Font Discord. Chữ kiểu cho nick và bio Discord. Copy and paste stylish Unicode fonts and symbols for bios, captions, usernames and posts — free, fast and right in your browser with UltraTextGen.",https://ultratextgen.com/vi/font-discord/?utm_source=pinterest&utm_medium=social&utm_campaign=organic_pins&utm_content=vi-font-discord,,"localized, font discord, fancy text generator, copy paste fonts, unicode fonts, copy and paste, ultratextgen"
"Đổi Font Chữ Facebook — Chữ Đậm, Nghiêng Copy Paste — Copy and Paste Fonts",https://ultratextgen.com/assets/pinterest/vi-font-facebook.png,International Fancy Font Generators,,"Đổi Font Chữ Facebook — Chữ Đậm, Nghiêng Copy Paste. Đổi font chữ Facebook: chữ in đậm, chữ nghiêng, chữ kiểu cho status, bio, comment và tên Page. Giữ dấu tiếng Việt, copy dán là xong —…. Copy and paste stylish Unicode fonts and symbols for bios, captions, usernames and posts — free, fast and…",https://ultratextgen.com/vi/font-facebook/?utm_source=pinterest&utm_medium=social&utm_campaign=organic_pins&utm_content=vi-font-facebook,,"localized, đổi font chữ facebook — chữ đậm, nghiêng copy paste, fancy text generator, copy paste fonts, unicode fonts, copy and paste, ultratextgen"
Font Gothic — Chữ Gothic 𝔨𝔦𝔢̂̉𝔲 để Copy — Copy and Paste Fonts,https://ultratextgen.com/assets/pinterest/vi-font-gothic.png,International Fancy Font Generators,,"Font Gothic — Chữ Gothic 𝔨𝔦𝔢̂̉𝔲 để Copy. Trình tạo font gothic miễn phí: biến chữ thường thành chữ gothic Unicode (Fraktur, gothic đậm) để copy và dán — cho bio Instagram…. Copy and paste stylish Unicode fonts and symbols for bios, captions, usernames and posts — free, fast and right in your…",https://ultratextgen.com/vi/font-gothic/?utm_source=pinterest&utm_medium=social&utm_campaign=organic_pins&utm_content=vi-font-gothic,,"localized, font gothic — chữ gothic 𝔨𝔦𝔢̂̉𝔲 để copy, fancy text generator, copy paste fonts, unicode fonts, copy and paste, ultratextgen"
"Font IG — Chữ Kiểu Instagram Cho Bio, Tên & Caption — Copy and Paste Fonts",https://ultratextgen.com/assets/pinterest/vi-font-ig.png,International Fancy Font Generators,,"Font IG — Chữ Kiểu Instagram Cho Bio, Tên & Caption. Font IG: tạo chữ kiểu Instagram cho bio, tên hiển thị, caption và story. Kèm mẫu bio ig đẹp bấm là copy, giữ dấu tiếng Việt. Miễn phí…. Copy and paste stylish Unicode fonts and symbols for bios, captions, usernames and posts — free, fast and…",https://ultratextgen.com/vi/font-ig/?utm_source=pinterest&utm_medium=social&utm_campaign=organic_pins&utm_content=vi-font-ig,,"localized, font ig — chữ kiểu instagram cho bio, tên & caption, fancy text generator, copy paste fonts, unicode fonts, copy and paste, ultratextgen"
Font Chữ Roblox — Copy and Paste Fonts — UltraTextGen,https://ultratextgen.com/assets/pinterest/vi-font-roblox.png,International Fancy Font Generators,,"Font Chữ Roblox. Tạo chữ đẹp cho tên và bio. Copy and paste stylish Unicode fonts and symbols for bios, captions, usernames and posts — free, fast and right in your browser with UltraTextGen.",https://ultratextgen.com/vi/font-roblox/?utm_source=pinterest&utm_medium=social&utm_campaign=organic_pins&utm_content=vi-font-roblox,,"localized, font chữ roblox, fancy text generator, copy paste fonts, unicode fonts, copy and paste, ultratextgen"
"Font chữ WhatsApp: kiểu chữ đẹp cho tên, tiểu sử và tin nhắn — Copy and Paste Fonts",https://ultratextgen.com/assets/pinterest/vi-font-whatsapp.png,International Fancy Font Generators,,"Font chữ WhatsApp: kiểu chữ đẹp cho tên, tiểu sử và tin nhắn. Font chữ WhatsApp miễn phí: biến chữ của bạn thành 𝗶𝗻 𝗱𝗮̣̂𝗺, 𝘪𝘯 𝘯𝘨𝘩𝘪𝘦𝘯𝘨 hoặc 𝓬𝓱𝓾̛̃ 𝓿𝓲𝓮̂́𝓽 𝓽𝓪𝔂 rồi dán vào tên hiển thị, phần thông tin…. Copy and paste stylish Unicode fonts and symbols for bios, captions, usernames and posts — free,…",https://ultratextgen.com/vi/font-whatsapp/?utm_source=pinterest&utm_medium=social&utm_campaign=organic_pins&utm_content=vi-font-whatsapp,,"localized, font chữ whatsapp: kiểu chữ đẹp cho tên, tiểu sử và tin nhắn, fancy text generator, copy paste fonts, unicode fonts, copy and paste, ultratextgen"
Đặt Tên Discord Kiểu Đẹp Mà Không Bị Lọc Hay Khó Đọc — Copy and Paste Fonts,https://ultratextgen.com/assets/pinterest/vi-guide-dat-ten-discord-an-toan.png,International Fancy Font Generators,,"Đặt Tên Discord Kiểu Đẹp Mà Không Bị Lọc Hay Khó Đọc. Một cái tên Discord có kiểu vẫn có thể trượt ba bài kiểm tra âm thầm: danh sách thành viên, @mention và bộ lọc mạo danh. Đây là cách giữ…. Copy and paste stylish Unicode fonts and symbols for bios, captions, usernames and posts — free, fast…",https://ultratextgen.com/vi/guide/dat-ten-discord-an-toan/?utm_source=pinterest&utm_medium=social&utm_campaign=organic_pins&utm_content=vi-guide-dat-ten-discord-an-toan,,"localized, đặt tên discord kiểu đẹp mà không bị lọc hay khó đọc, fancy text generator, copy paste fonts, unicode fonts, copy and paste, ultratextgen"
Định Dạng Chữ Discord: Markdown vs Font Unicode vs Nitro — Copy and Paste Fonts,https://ultratextgen.com/assets/pinterest/vi-guide-dinh-dang-chu-discord.png,International Fancy Font Generators,,"Định Dạng Chữ Discord: Markdown vs Font Unicode vs Nitro. Vì sao chữ đậm chạy trong khung chat Discord nhưng không chạy ở tên người dùng — ba hệ thống chữ khác nhau mà Discord dùng (Markdown…. Copy and paste stylish Unicode fonts and symbols for bios, captions, usernames and posts — free, fast…",https://ultratextgen.com/vi/guide/dinh-dang-chu-discord/?utm_source=pinterest&utm_medium=social&utm_campaign=organic_pins&utm_content=vi-guide-dinh-dang-chu-discord,,"localized, định dạng chữ discord: markdown vs font unicode vs nitro, fancy text generator, copy paste fonts, unicode fonts, copy and paste, ultratextgen"
Font Discord Dùng Được Ở Đâu: Bản Đồ Từng Ô Nhập Chữ — Copy and Paste Fonts,https://ultratextgen.com/assets/pinterest/vi-guide-font-discord-dung-o-dau.png,International Fancy Font Generators,,"Font Discord Dùng Được Ở Đâu: Bản Đồ Từng Ô Nhập Chữ. Vì sao Discord báo tên người dùng không hợp lệ, vì sao tên kênh mất chữ hoa, và chính xác những ô nào nhận font Unicode — một bảng quyền…. Copy and paste stylish Unicode fonts and symbols for bios, captions, usernames and posts — free, fast…",https://ultratextgen.com/vi/guide/font-discord-dung-o-dau/?utm_source=pinterest&utm_medium=social&utm_campaign=organic_pins&utm_content=vi-guide-font-discord-dung-o-dau,,"localized, font discord dùng được ở đâu: bản đồ từng ô nhập chữ, fancy text generator, copy paste fonts, unicode fonts, copy and paste, ultratextgen"
Hướng Dẫn UltraTextGen — Làm Chủ Chữ Kiểu — Copy and Paste Fonts,https://ultratextgen.com/assets/pinterest/vi-guide.png,International Fancy Font Generators,,"Hướng Dẫn UltraTextGen — Làm Chủ Chữ Kiểu. Các hướng dẫn UltraTextGen tiếng Việt: hiểu và làm chủ font Unicode, tạo kiểu cho tên và máy chủ Discord, và tận dụng tối đa chữ kiểu. Copy and paste stylish Unicode fonts and symbols for bios, captions, usernames and posts — free, fast and right in…",https://ultratextgen.com/vi/guide/?utm_source=pinterest&utm_medium=social&utm_campaign=organic_pins&utm_content=vi-guide,,"localized, hướng dẫn ultratextgen — làm chủ chữ kiểu, fancy text generator, copy paste fonts, unicode fonts, copy and paste, ultratextgen"
Tạo Chữ Kiểu Đẹp — Copy and Paste Fonts — UltraTextGen,https://ultratextgen.com/assets/pinterest/vi.png,International Fancy Font Generators,,"Tạo Chữ Kiểu Đẹp. Phông chữ và ký tự đặc biệt để sao chép. Copy and paste stylish Unicode fonts and symbols for bios, captions, usernames and posts — free, fast and right in your browser with UltraTextGen.",https://ultratextgen.com/vi/?utm_source=pinterest&utm_medium=social&utm_campaign=organic_pins&utm_content=vi,,"localized, tạo chữ kiểu đẹp, fancy text generator, copy paste fonts, unicode fonts, copy and paste, ultratextgen"
Kí Tự Đặc Biệt FF ꧁꧂ — 500+ Kí Tự Free Fire Copy Nhanh — Copy and Paste Fonts,https://ultratextgen.com/assets/pinterest/vi-ki-tu-dac-biet-ff.png,International Fancy Font Generators,,"Kí Tự Đặc Biệt FF ꧁꧂ — 500+ Kí Tự Free Fire Copy Nhanh. Kho kí tự đặc biệt FF đầy đủ nhất: khung tên ꧁꧂, mặt cười ツ, vương miện ♛, kanji 鬼, kí tự khoảng trống — bấm là copy, dán thẳng vào ô…. Copy and paste stylish Unicode fonts and symbols for bios, captions, usernames and posts — free, fast…",https://ultratextgen.com/vi/ki-tu-dac-biet-ff/?utm_source=pinterest&utm_medium=social&utm_campaign=organic_pins&utm_content=vi-ki-tu-dac-biet-ff,,"localized, kí tự đặc biệt ff ꧁꧂ — 500+ kí tự free fire copy nhanh, fancy text generator, copy paste fonts, unicode fonts, copy and paste, ultratextgen"
Kí Tự Đặc Biệt Liên Quân ꧁꧂ — Tạo Tên LQ Đẹp Copy Nhanh — Copy and Paste Fonts,https://ultratextgen.com/assets/pinterest/vi-ki-tu-dac-biet-lien-quan.png,International Fancy Font Generators,,"Kí Tự Đặc Biệt Liên Quân ꧁꧂ — Tạo Tên LQ Đẹp Copy Nhanh. Kho kí tự đặc biệt Liên Quân đầy đủ: khung ꧁꧂ ༺༻, mặt cười ツ, vương miện ♛, kí tự khoảng trống — bấm là copy. Kèm máy kiểm tra tên 12 kí…. Copy and paste stylish Unicode fonts and symbols for bios, captions, usernames and posts — free,…",https://ultratextgen.com/vi/ki-tu-dac-biet-lien-quan/?utm_source=pinterest&utm_medium=social&utm_campaign=organic_pins&utm_content=vi-ki-tu-dac-biet-lien-quan,,"localized, kí tự đặc biệt liên quân ꧁꧂ — tạo tên lq đẹp copy nhanh, fancy text generator, copy paste fonts, unicode fonts, copy and paste, ultratextgen"
"Kí Tự Đặc Biệt ✓ Kho Kí Tự Đẹp Copy Paste — FF, Liên Quân, TikTok — Copy and Paste Fonts",https://ultratextgen.com/assets/pinterest/vi-ki-tu-dac-biet.png,International Fancy Font Generators,,"Kí Tự Đặc Biệt ✓ Kho Kí Tự Đẹp Copy Paste — FF, Liên Quân, TikTok. Kho kí tự đặc biệt đầy đủ nhất: khung ꧁꧂, trái tim ♡, ngôi sao ✦, mũi tên ➤, hoa ✿ — bấm là copy. Ghép vào tên Free Fire, Liên Quân, bio…. Copy and paste stylish Unicode fonts and symbols for bios, captions, usernames and posts —…",https://ultratextgen.com/vi/ki-tu-dac-biet/?utm_source=pinterest&utm_medium=social&utm_campaign=organic_pins&utm_content=vi-ki-tu-dac-biet,,"localized, kí tự đặc biệt ✓ kho kí tự đẹp copy paste — ff, liên quân, tiktok, fancy text generator, copy paste fonts, unicode fonts, copy and paste, ultratextgen"
Kí Tự Discord ▸ ┊ ➤ — Symbol Trang Trí Tên Kênh & Profile — Copy and Paste Fonts,https://ultratextgen.com/assets/pinterest/vi-ki-tu-discord.png,International Fancy Font Generators,,"Kí Tự Discord ▸ ┊ ➤ — Symbol Trang Trí Tên Kênh & Profile. Kho kí tự Discord copy paste: symbol trang trí tên kênh ▸ ┊ ➤ ꒱ ⟢, kí hiệu cho tên server, role và bio — bấm là copy, dán vào Discord…. Copy and paste stylish Unicode fonts and symbols for bios, captions, usernames and posts — free, fast…",https://ultratextgen.com/vi/ki-tu-discord/?utm_source=pinterest&utm_medium=social&utm_campaign=organic_pins&utm_content=vi-ki-tu-discord,,"localized, kí tự discord ▸ ┊ ➤ — symbol trang trí tên kênh & profile, fancy text generator, copy paste fonts, unicode fonts, copy and paste, ultratextgen"
"Kí Tự Facebook — Copy Paste Reaction, Trái Tim & Emoji — Copy and Paste Fonts",https://ultratextgen.com/assets/pinterest/vi-ki-tu-facebook.png,International Fancy Font Generators,,"Kí Tự Facebook — Copy Paste Reaction, Trái Tim & Emoji. Kho kí tự Facebook copy paste — emoji reaction, trái tim, ngôi sao và đường kẻ ngăn cho bài viết, bình luận, bio và tên Trang. Bấm vào…. Copy and paste stylish Unicode fonts and symbols for bios, captions, usernames and posts — free, fast…",https://ultratextgen.com/vi/ki-tu-facebook/?utm_source=pinterest&utm_medium=social&utm_campaign=organic_pins&utm_content=vi-ki-tu-facebook,,"localized, kí tự facebook — copy paste reaction, trái tim & emoji, fancy text generator, copy paste fonts, unicode fonts, copy and paste, ultratextgen"
Mũi Tên → — Ký Tự Đặc Biệt & Symbol Copy Paste — Copy and Paste Fonts,https://ultratextgen.com/assets/pinterest/vi-ki-tu-mui-ten.png,International Fancy Font Generators,,"Mũi Tên → — Ký Tự Đặc Biệt & Symbol Copy Paste. Mũi tên → và hơn 200 ký tự đặc biệt mũi tên: phải → trái ← lên ↑ xuống ↓, mũi tên đôi ⇒, mũi tên cong ↩, tam giác ▶ và emoji ➡️ — bấm là…. Copy and paste stylish Unicode fonts and symbols for bios, captions, usernames and posts — free, fast and…",https://ultratextgen.com/vi/ki-tu-mui-ten/?utm_source=pinterest&utm_medium=social&utm_campaign=organic_pins&utm_content=vi-ki-tu-mui-ten,,"localized, mũi tên → — ký tự đặc biệt & symbol copy paste, fancy text generator, copy paste fonts, unicode fonts, copy and paste, ultratextgen"
Ngôi Sao ★ — Kí Tự Đặc Biệt & Symbol Copy Paste — Copy and Paste Fonts,https://ultratextgen.com/assets/pinterest/vi-ki-tu-ngoi-sao.png,International Fancy Font Generators,,"Ngôi Sao ★ — Kí Tự Đặc Biệt & Symbol Copy Paste. Ngôi sao ★ và kí tự đặc biệt ngôi sao: sao đặc ★ ✦, sao rỗng ☆ ✩, sao lấp lánh ✨ và combo ★彡 — bấm là copy, ghép vào tên game, bio và…. Copy and paste stylish Unicode fonts and symbols for bios, captions, usernames and posts — free, fast and right…",https://ultratextgen.com/vi/ki-tu-ngoi-sao/?utm_source=pinterest&utm_medium=social&utm_campaign=organic_pins&utm_content=vi-ki-tu-ngoi-sao,,"localized, ngôi sao ★ — kí tự đặc biệt & symbol copy paste, fancy text generator, copy paste fonts, unicode fonts, copy and paste, ultratextgen"
"Kí Tự Roblox ✦ ⚡ ♡ — Symbol Dán Vào Tên Hiển Thị, Không Bị Chặn (2026) — Copy and Paste",https://ultratextgen.com/assets/pinterest/vi-ki-tu-roblox.png,International Fancy Font Generators,,"Kí Tự Roblox ✦ ⚡ ♡ — Symbol Dán Vào Tên Hiển Thị, Không Bị Chặn (2026). 40+ kí tự Roblox ✦ ⚡ ♡ copy paste cho tên hiển thị, bio và group — trang trí đẹp mà vẫn qua bộ lọc tên của Roblox, kèm sự thật về icon…. Copy and paste stylish Unicode fonts and symbols for bios, captions, usernames and…",https://ultratextgen.com/vi/ki-tu-roblox/?utm_source=pinterest&utm_medium=social&utm_campaign=organic_pins&utm_content=vi-ki-tu-roblox,,"localized, kí tự roblox ✦ ⚡ ♡ — symbol dán vào tên hiển thị, không bị chặn (2026), fancy text generator, copy paste fonts, unicode fonts, copy and paste, ultratextgen"
Trái Tim ♡ — Kí Tự Đặc Biệt & Symbol Copy Paste — Copy and Paste Fonts,https://ultratextgen.com/assets/pinterest/vi-ki-tu-trai-tim.png,International Fancy Font Generators,,"Trái Tim ♡ — Kí Tự Đặc Biệt & Symbol Copy Paste. Trái tim ♡ ❤ ❥ và hơn 100 kí tự đặc biệt trái tim: tim Unicode, tim aesthetic ᥫ᭡ ꨄ, emoji tim đủ màu và kaomoji tình yêu — bấm là copy…. Copy and paste stylish Unicode fonts and symbols for bios, captions, usernames and posts — free, fast and…",https://ultratextgen.com/vi/ki-tu-trai-tim/?utm_source=pinterest&utm_medium=social&utm_campaign=organic_pins&utm_content=vi-ki-tu-trai-tim,,"localized, trái tim ♡ — kí tự đặc biệt & symbol copy paste, fancy text generator, copy paste fonts, unicode fonts, copy and paste, ultratextgen"
Kí Tự Y2K ✰ — 80+ Symbol Aesthetic Cyber Copy Paste — Copy and Paste Fonts,https://ultratextgen.com/assets/pinterest/vi-ki-tu-y2k.png,International Fancy Font Generators,,"Kí Tự Y2K ✰ — 80+ Symbol Aesthetic Cyber Copy Paste. Kho kí tự Y2K aesthetic: sao lấp lánh ✰ ⋆｡°✩, thánh giá ♱, bươm bướm 🦋, đĩa CD 💿 và cờ ࿐ — bấm là copy, ghép vào bio, tên và caption…. Copy and paste stylish Unicode fonts and symbols for bios, captions, usernames and posts — free, fast and…",https://ultratextgen.com/vi/ki-tu-y2k/?utm_source=pinterest&utm_medium=social&utm_campaign=organic_pins&utm_content=vi-ki-tu-y2k,,"localized, kí tự y2k ✰ — 80+ symbol aesthetic cyber copy paste, fancy text generator, copy paste fonts, unicode fonts, copy and paste, ultratextgen"
Kí Tự Vô Hình (Chữ Vô Hình) — Copy Paste Khoảng Trắng Trống — Copy and Paste Fonts,https://ultratextgen.com/assets/pinterest/vi-ky-tu-vo-hinh.png,International Fancy Font Generators,,"Kí Tự Vô Hình (Chữ Vô Hình) — Copy Paste Khoảng Trắng Trống. Copy chữ vô hình và kí tự vô hình (zero width space, Hangul filler, braille) để đặt tên trống Free Fire, bio Instagram và tin nhắn trống…. Copy and paste stylish Unicode fonts and symbols for bios, captions, usernames and posts — free,…",https://ultratextgen.com/vi/ky-tu-vo-hinh/?utm_source=pinterest&utm_medium=social&utm_campaign=organic_pins&utm_content=vi-ky-tu-vo-hinh,,"localized, kí tự vô hình (chữ vô hình) — copy paste khoảng trắng trống, fancy text generator, copy paste fonts, unicode fonts, copy and paste, ultratextgen"
Ký Hiệu Chấm Tròn — Copy and Paste Fonts,https://ultratextgen.com/assets/pinterest/vi-library-bullet-point-symbols.png,International Fancy Font Generators,,"Ký Hiệu Chấm Tròn. Dẫn đầu danh sách thật đẹp. Copy and paste stylish Unicode fonts and symbols for bios, captions, usernames and posts — free, fast and right in your browser with UltraTextGen.",https://ultratextgen.com/vi/library/bullet-point-symbols/?utm_source=pinterest&utm_medium=social&utm_campaign=organic_pins&utm_content=vi-library-bullet-point-symbols,,"localized, ký hiệu chấm tròn, fancy text generator, copy paste fonts, unicode fonts, copy and paste, ultratextgen"
Kaomoji mèo (=^・ω・^=): Sao chép & dán mặt chữ mèo dễ thương — Copy and Paste Fonts,https://ultratextgen.com/assets/pinterest/vi-library-cat-kaomoji.png,International Fancy Font Generators,,"Kaomoji mèo (=^・ω・^=): Sao chép & dán mặt chữ mèo dễ thương. Duyệt và sao chép kaomoji mèo (=^・ω・^=) — mặt chữ mèo kiểu Nhật dễ thương với ria và chân. Mèo vui, buồn và buồn ngủ. Nhấp vào bất kỳ…. Copy and paste stylish Unicode fonts and symbols for bios, captions, usernames and posts — free,…",https://ultratextgen.com/vi/library/cat-kaomoji/?utm_source=pinterest&utm_medium=social&utm_campaign=organic_pins&utm_content=vi-library-cat-kaomoji,,"localized, kaomoji mèo (=^・ω・^=): sao chép & dán mặt chữ mèo dễ thương, fancy text generator, copy paste fonts, unicode fonts, copy and paste, ultratextgen"
"Kaomoji dễ thương (◕‿◕): Sao chép & dán mặt chữ dễ thương, kawaii — Copy and Paste Fonts",https://ultratextgen.com/assets/pinterest/vi-library-cute-kaomoji.png,International Fancy Font Generators,,"Kaomoji dễ thương (◕‿◕): Sao chép & dán mặt chữ dễ thương, kawaii. Duyệt và sao chép kaomoji dễ thương (◕‿◕) — mặt chữ kiểu Nhật kawaii với mắt long lanh, má ửng hồng và thú cưng nhỏ. Nhấp vào bất kỳ mặt…. Copy and paste stylish Unicode fonts and symbols for bios, captions, usernames and posts —…",https://ultratextgen.com/vi/library/cute-kaomoji/?utm_source=pinterest&utm_medium=social&utm_campaign=organic_pins&utm_content=vi-library-cute-kaomoji,,"localized, kaomoji dễ thương (◕‿◕): sao chép & dán mặt chữ dễ thương, kawaii, fancy text generator, copy paste fonts, unicode fonts, copy and paste, ultratextgen"
Cờ Các Nước — Copy and Paste Fonts — UltraTextGen,https://ultratextgen.com/assets/pinterest/vi-library-emoji-flags.png,International Fancy Font Generators,,"Cờ Các Nước. Emoji lá cờ mọi quốc gia. Copy and paste stylish Unicode fonts and symbols for bios, captions, usernames and posts — free, fast and right in your browser with UltraTextGen.",https://ultratextgen.com/vi/library/emoji-flags/?utm_source=pinterest&utm_medium=social&utm_campaign=organic_pins&utm_content=vi-library-emoji-flags,,"localized, cờ các nước, fancy text generator, copy paste fonts, unicode fonts, copy and paste, ultratextgen"
"Ký hiệu, biểu tượng & emoji để sao chép — Thư viện UltraTextGen — Copy and Paste Fonts",https://ultratextgen.com/assets/pinterest/vi-library.png,International Fancy Font Generators,,"Ký hiệu, biểu tượng & emoji để sao chép — Thư viện UltraTextGen. Thư viện ký hiệu, biểu tượng và emoji để sao chép và dán — kaomoji, mặt chữ cảm xúc và emoji cờ các nước. Nhấp vào một mục là sao chép…. Copy and paste stylish Unicode fonts and symbols for bios, captions, usernames and posts —…",https://ultratextgen.com/vi/library/?utm_source=pinterest&utm_medium=social&utm_campaign=organic_pins&utm_content=vi-library,,"localized, ký hiệu, biểu tượng & emoji để sao chép — thư viện ultratextgen, fancy text generator, copy paste fonts, unicode fonts, copy and paste, ultratextgen"
"Kaomoji (◕‿◕): Sao chép & dán mặt chữ kiểu Nhật (dễ thương, mèo, tình yêu) — Copy and",https://ultratextgen.com/assets/pinterest/vi-library-kaomoji.png,International Fancy Font Generators,,"Kaomoji (◕‿◕): Sao chép & dán mặt chữ kiểu Nhật (dễ thương, mèo, tình yêu). Sao chép và dán kaomoji (◕‿◕) — mặt chữ cảm xúc kiểu Nhật từ ký tự Unicode. Duyệt theo tâm trạng: dễ thương, vui, buồn, tình yêu và mèo…. Copy and paste stylish Unicode fonts and symbols for bios, captions, usernames and…",https://ultratextgen.com/vi/library/kaomoji/?utm_source=pinterest&utm_medium=social&utm_campaign=organic_pins&utm_content=vi-library-kaomoji,,"localized, kaomoji (◕‿◕): sao chép & dán mặt chữ kiểu nhật (dễ thương, mèo, tình yêu), fancy text generator, copy paste fonts, unicode fonts, copy and paste, ultratextgen"
Kaomoji tình yêu (♥‿♥): Sao chép & dán mặt chữ tình yêu và trái tim — Copy and Paste Fonts,https://ultratextgen.com/assets/pinterest/vi-library-love-kaomoji.png,International Fancy Font Generators,,"Kaomoji tình yêu (♥‿♥): Sao chép & dán mặt chữ tình yêu và trái tim. Duyệt và sao chép kaomoji tình yêu và trái tim (♥‿♥) — mặt chữ kiểu Nhật cho tình cảm, nụ hôn, cái ôm và rung động. Nhấp vào bất kỳ mặt…. Copy and paste stylish Unicode fonts and symbols for bios, captions, usernames and posts…",https://ultratextgen.com/vi/library/love-kaomoji/?utm_source=pinterest&utm_medium=social&utm_campaign=organic_pins&utm_content=vi-library-love-kaomoji,,"localized, kaomoji tình yêu (♥‿♥): sao chép & dán mặt chữ tình yêu và trái tim, fancy text generator, copy paste fonts, unicode fonts, copy and paste, ultratextgen"
Ký Hiệu Toán Học — Copy and Paste Fonts — UltraTextGen,https://ultratextgen.com/assets/pinterest/vi-library-math-symbols.png,International Fancy Font Generators,,"Ký Hiệu Toán Học. Toán tử, tập hợp và Hy Lạp. Copy and paste stylish Unicode fonts and symbols for bios, captions, usernames and posts — free, fast and right in your browser with UltraTextGen.",https://ultratextgen.com/vi/library/math-symbols/?utm_source=pinterest&utm_medium=social&utm_campaign=organic_pins&utm_content=vi-library-math-symbols,,"localized, ký hiệu toán học, fancy text generator, copy paste fonts, unicode fonts, copy and paste, ultratextgen"
Dấu Tích — Copy and Paste Fonts — UltraTextGen,https://ultratextgen.com/assets/pinterest/vi-symbol-checkmark-symbol.png,International Fancy Font Generators,,"Dấu Tích. Ý nghĩa dấu tích & cách gõ. Copy and paste stylish Unicode fonts and symbols for bios, captions, usernames and posts — free, fast and right in your browser with UltraTextGen.",https://ultratextgen.com/vi/symbol/checkmark-symbol/?utm_source=pinterest&utm_medium=social&utm_campaign=organic_pins&utm_content=vi-symbol-checkmark-symbol,,"localized, dấu tích, fancy text generator, copy paste fonts, unicode fonts, copy and paste, ultratextgen"
"Ký hiệu độ (°): Ý nghĩa, lịch sử và cách gõ — Copy and Paste Fonts",https://ultratextgen.com/assets/pinterest/vi-symbol-degree-symbol.png,International Fancy Font Generators,,"Ký hiệu độ (°): Ý nghĩa, lịch sử và cách gõ. Giải thích ký hiệu độ ° (U+00B0) — dùng cho nhiệt độ và góc, khác với º ra sao, và cách gõ trên Windows và Mac. Nhấp để sao chép. Copy and paste stylish Unicode fonts and symbols for bios, captions, usernames and posts — free, fast and right in your…",https://ultratextgen.com/vi/symbol/degree-symbol/?utm_source=pinterest&utm_medium=social&utm_campaign=organic_pins&utm_content=vi-symbol-degree-symbol,,"localized, ký hiệu độ (°): ý nghĩa, lịch sử và cách gõ, fancy text generator, copy paste fonts, unicode fonts, copy and paste, ultratextgen"
"Dấu chia (÷): Ý nghĩa, lịch sử và cách gõ — Copy and Paste Fonts",https://ultratextgen.com/assets/pinterest/vi-symbol-division-sign.png,International Fancy Font Generators,,"Dấu chia (÷): Ý nghĩa, lịch sử và cách gõ. Giải thích chi tiết dấu chia ÷ (U+00F7), hay «obelus» — nguồn gốc năm 1659, cách gõ trên Windows và Mac, và cách nó khác với gạch phân…. Copy and paste stylish Unicode fonts and symbols for bios, captions, usernames and posts — free, fast and right in…",https://ultratextgen.com/vi/symbol/division-sign/?utm_source=pinterest&utm_medium=social&utm_campaign=organic_pins&utm_content=vi-symbol-division-sign,,"localized, dấu chia (÷): ý nghĩa, lịch sử và cách gõ, fancy text generator, copy paste fonts, unicode fonts, copy and paste, ultratextgen"
Ký hiệu: Tra cứu từng ký tự Unicode — Copy and Paste Fonts,https://ultratextgen.com/assets/pinterest/vi-symbol.png,International Fancy Font Generators,,"Ký hiệu: Tra cứu từng ký tự Unicode. Tra cứu từng ký hiệu một — ý nghĩa, lịch sử, cách gõ và nơi dùng được an toàn. Duyệt các trang ký hiệu riêng lẻ, hoặc xem toàn bộ thư…. Copy and paste stylish Unicode fonts and symbols for bios, captions, usernames and posts — free, fast and right in your…",https://ultratextgen.com/vi/symbol/?utm_source=pinterest&utm_medium=social&utm_campaign=organic_pins&utm_content=vi-symbol,,"localized, ký hiệu: tra cứu từng ký tự unicode, fancy text generator, copy paste fonts, unicode fonts, copy and paste, ultratextgen"
"Ký hiệu vô cực (∞): Ý nghĩa, lịch sử và cách gõ — Copy and Paste Fonts",https://ultratextgen.com/assets/pinterest/vi-symbol-infinity.png,International Fancy Font Generators,,"Ký hiệu vô cực (∞): Ý nghĩa, lịch sử và cách gõ. Giải thích chi tiết ký hiệu vô cực ∞ (U+221E) — nguồn gốc từ John Wallis năm 1655, ý nghĩa, cách gõ trên Windows và Mac, và nơi dùng…. Copy and paste stylish Unicode fonts and symbols for bios, captions, usernames and posts — free, fast and right…",https://ultratextgen.com/vi/symbol/infinity/?utm_source=pinterest&utm_medium=social&utm_campaign=organic_pins&utm_content=vi-symbol-infinity,,"localized, ký hiệu vô cực (∞): ý nghĩa, lịch sử và cách gõ, fancy text generator, copy paste fonts, unicode fonts, copy and paste, ultratextgen"
Dấu nhân (×): Sao chép và dán ký hiệu phép nhân — Copy and Paste Fonts,https://ultratextgen.com/assets/pinterest/vi-symbol-multiplication-sign.png,International Fancy Font Generators,,"Dấu nhân (×): Sao chép và dán ký hiệu phép nhân. Sao chép và dán dấu nhân (×) — nguồn gốc năm 1631, cách nó khác với chữ x và dấu chấm nhân, và cách gõ. Nhấp vào ký hiệu bất kỳ để sao…. Copy and paste stylish Unicode fonts and symbols for bios, captions, usernames and posts — free, fast and…",https://ultratextgen.com/vi/symbol/multiplication-sign/?utm_source=pinterest&utm_medium=social&utm_campaign=organic_pins&utm_content=vi-symbol-multiplication-sign,,"localized, dấu nhân (×): sao chép và dán ký hiệu phép nhân, fancy text generator, copy paste fonts, unicode fonts, copy and paste, ultratextgen"
Dấu Ngoặc Kép — Copy and Paste Fonts — UltraTextGen,https://ultratextgen.com/assets/pinterest/vi-symbol-quotation-mark.png,International Fancy Font Generators,,"Dấu Ngoặc Kép. Ý nghĩa & cách gõ dấu ngoặc. Copy and paste stylish Unicode fonts and symbols for bios, captions, usernames and posts — free, fast and right in your browser with UltraTextGen.",https://ultratextgen.com/vi/symbol/quotation-mark/?utm_source=pinterest&utm_medium=social&utm_campaign=organic_pins&utm_content=vi-symbol-quotation-mark,,"localized, dấu ngoặc kép, fancy text generator, copy paste fonts, unicode fonts, copy and paste, ultratextgen"
"Ký hiệu căn bậc hai (√): Ý nghĩa, lịch sử và cách gõ — Copy and Paste Fonts",https://ultratextgen.com/assets/pinterest/vi-symbol-square-root.png,International Fancy Font Generators,,"Ký hiệu căn bậc hai (√): Ý nghĩa, lịch sử và cách gõ. Giải thích chi tiết ký hiệu căn bậc hai √ (U+221A) — nguồn gốc năm 1525, ý nghĩa, cách gõ trên Windows và Mac, và nơi dùng được an toàn…. Copy and paste stylish Unicode fonts and symbols for bios, captions, usernames and posts — free, fast…",https://ultratextgen.com/vi/symbol/square-root/?utm_source=pinterest&utm_medium=social&utm_campaign=organic_pins&utm_content=vi-symbol-square-root,,"localized, ký hiệu căn bậc hai (√): ý nghĩa, lịch sử và cách gõ, fancy text generator, copy paste fonts, unicode fonts, copy and paste, ultratextgen"
Bình phương (²) và lập phương (³): Sao chép và dán ký hiệu số mũ — Copy and Paste Fonts,https://ultratextgen.com/assets/pinterest/vi-symbol-squared-cubed.png,International Fancy Font Generators,,"Bình phương (²) và lập phương (³): Sao chép và dán ký hiệu số mũ. Sao chép và dán ký hiệu bình phương (²) và lập phương (³) dùng cho số mũ và viết tắt đơn vị như m² và cm³, và vì sao chúng hoạt động ở…. Copy and paste stylish Unicode fonts and symbols for bios, captions, usernames and posts —…",https://ultratextgen.com/vi/symbol/squared-cubed/?utm_source=pinterest&utm_medium=social&utm_campaign=organic_pins&utm_content=vi-symbol-squared-cubed,,"localized, bình phương (²) và lập phương (³): sao chép và dán ký hiệu số mũ, fancy text generator, copy paste fonts, unicode fonts, copy and paste, ultratextgen"
Dịch Emoji — Copy and Paste Fonts — UltraTextGen,https://ultratextgen.com/assets/pinterest/vi-usecase-dich-emoji.png,International Fancy Font Generators,,"Dịch Emoji. Chuyển văn bản thành emoji. Copy and paste stylish Unicode fonts and symbols for bios, captions, usernames and posts — free, fast and right in your browser with UltraTextGen.",https://ultratextgen.com/vi/usecase/dich-emoji/?utm_source=pinterest&utm_medium=social&utm_campaign=organic_pins&utm_content=vi-usecase-dich-emoji,,"localized, dịch emoji, fancy text generator, copy paste fonts, unicode fonts, copy and paste, ultratextgen"
"Nick FF Đẹp ꧁꧂ — Tạo Tên Free Fire Chất, Kí Tự Đặc Biệt FF — Copy and Paste Fonts",https://ultratextgen.com/assets/pinterest/vi-usecase-nick-ff.png,International Fancy Font Generators,,"Nick FF Đẹp ꧁꧂ — Tạo Tên Free Fire Chất, Kí Tự Đặc Biệt FF. Tạo nick FF đẹp với khung ꧁༒꧂, vương miện, katakana メ彡 và font ngầu. Gõ tên, copy, dán vào Free Fire. Kèm kho tên FF nam, nữ, chất, ngắn…. Copy and paste stylish Unicode fonts and symbols for bios, captions, usernames and posts — free,…",https://ultratextgen.com/vi/usecase/nick-ff/?utm_source=pinterest&utm_medium=social&utm_campaign=organic_pins&utm_content=vi-usecase-nick-ff,,"localized, nick ff đẹp ꧁꧂ — tạo tên free fire chất, kí tự đặc biệt ff, fancy text generator, copy paste fonts, unicode fonts, copy and paste, ultratextgen"
"Tên Game Hay ꧁꧂ — Tạo Nickname Game Đẹp, Ngầu — Copy and Paste Fonts",https://ultratextgen.com/assets/pinterest/vi-usecase-ten-game-hay.png,International Fancy Font Generators,,"Tên Game Hay ꧁꧂ — Tạo Nickname Game Đẹp, Ngầu. Kho tên game hay bấm để copy: ngầu, cute, hài hước, chất. Tạo tên game kí tự đặc biệt cho Free Fire, Liên Quân, PUBG, Roblox — miễn phí…. Copy and paste stylish Unicode fonts and symbols for bios, captions, usernames and posts — free, fast and right…",https://ultratextgen.com/vi/usecase/ten-game-hay/?utm_source=pinterest&utm_medium=social&utm_campaign=organic_pins&utm_content=vi-usecase-ten-game-hay,,"localized, tên game hay ꧁꧂ — tạo nickname game đẹp, ngầu, fancy text generator, copy paste fonts, unicode fonts, copy and paste, ultratextgen"
Tên Liên Quân Đẹp ꧁꧂ — Kí Tự Đặc Biệt Liên Quân — Copy and Paste Fonts,https://ultratextgen.com/assets/pinterest/vi-usecase-ten-lien-quan-dep.png,International Fancy Font Generators,,"Tên Liên Quân Đẹp ꧁꧂ — Kí Tự Đặc Biệt Liên Quân. Tạo tên Liên Quân đẹp với kí tự đặc biệt ꧁༒꧂, katakana メ彡 và font ngầu. Kèm kho tên LQ ngầu, cute, nam, nữ, theo team — bấm để copy, dán…. Copy and paste stylish Unicode fonts and symbols for bios, captions, usernames and posts — free, fast and…",https://ultratextgen.com/vi/usecase/ten-lien-quan-dep/?utm_source=pinterest&utm_medium=social&utm_campaign=organic_pins&utm_content=vi-usecase-ten-lien-quan-dep,,"localized, tên liên quân đẹp ꧁꧂ — kí tự đặc biệt liên quân, fancy text generator, copy paste fonts, unicode fonts, copy and paste, ultratextgen"
"Tên PUBG Đẹp ꧁꧂ — Kí Tự Đặc Biệt PUBG, Tên Ngầu — Copy and Paste Fonts",https://ultratextgen.com/assets/pinterest/vi-usecase-ten-pubg-dep.png,International Fancy Font Generators,,"Tên PUBG Đẹp ꧁꧂ — Kí Tự Đặc Biệt PUBG, Tên Ngầu. Tạo tên PUBG đẹp với kí tự đặc biệt PUBG 亗, khung ꧁꧂, katakana メ彡 và font ngầu. Gõ tên, copy, dán vào PUBG Mobile. Kèm kho nickname…. Copy and paste stylish Unicode fonts and symbols for bios, captions, usernames and posts — free, fast and right…",https://ultratextgen.com/vi/usecase/ten-pubg-dep/?utm_source=pinterest&utm_medium=social&utm_campaign=organic_pins&utm_content=vi-usecase-ten-pubg-dep,,"localized, tên pubg đẹp ꧁꧂ — kí tự đặc biệt pubg, tên ngầu, fancy text generator, copy paste fonts, unicode fonts, copy and paste, ultratextgen"
Tên Quân Đoàn FF ꧁꧂ — Tên Guild Free Fire Đẹp — Copy and Paste Fonts,https://ultratextgen.com/assets/pinterest/vi-usecase-ten-quan-doan-ff.png,International Fancy Font Generators,,"Tên Quân Đoàn FF ꧁꧂ — Tên Guild Free Fire Đẹp. Kho tên quân đoàn FF đẹp: ngầu ꧁༒꧂, tryhard esports, cute, tên guild ff kí tự đặc biệt và tag team. Bấm để copy, dán vào mục quân đoàn…. Copy and paste stylish Unicode fonts and symbols for bios, captions, usernames and posts — free, fast and right…",https://ultratextgen.com/vi/usecase/ten-quan-doan-ff/?utm_source=pinterest&utm_medium=social&utm_campaign=organic_pins&utm_content=vi-usecase-ten-quan-doan-ff,,"localized, tên quân đoàn ff ꧁꧂ — tên guild free fire đẹp, fancy text generator, copy paste fonts, unicode fonts, copy and paste, ultratextgen"
Trình Tạo Chữ Dọc — Copy and Paste Fonts,https://ultratextgen.com/assets/pinterest/vi-usecase-vertical-text.png,International Fancy Font Generators,,"Trình Tạo Chữ Dọc. Xếp chữ từ trên xuống dưới. Copy and paste stylish Unicode fonts and symbols for bios, captions, usernames and posts — free, fast and right in your browser with UltraTextGen.",https://ultratextgen.com/vi/usecase/vertical-text/?utm_source=pinterest&utm_medium=social&utm_campaign=organic_pins&utm_content=vi-usecase-vertical-text,,"localized, trình tạo chữ dọc, fancy text generator, copy paste fonts, unicode fonts, copy and paste, ultratextgen"
Trình Tạo Chữ Zalgo — Copy and Paste Fonts,https://ultratextgen.com/assets/pinterest/vi-usecase-zalgo-text.png,International Fancy Font Generators,,"Trình Tạo Chữ Zalgo. Tạo chữ lỗi và rùng rợn. Copy and paste stylish Unicode fonts and symbols for bios, captions, usernames and posts — free, fast and right in your browser with UltraTextGen.",https://ultratextgen.com/vi/usecase/zalgo-text/?utm_source=pinterest&utm_medium=social&utm_campaign=organic_pins&utm_content=vi-usecase-zalgo-text,,"localized, trình tạo chữ zalgo, fancy text generator, copy paste fonts, unicode fonts, copy and paste, ultratextgen"
大小寫轉換 — Copy and Paste Fonts — UltraTextGen,https://ultratextgen.com/assets/pinterest/zh-tw-da-xiao-xie-zhuanhuan.png,International Fancy Font Generators,,"大小寫轉換. 英文大寫、小寫一鍵轉換. Copy and paste stylish Unicode fonts and symbols for bios, captions, usernames and posts — free, fast and right in your browser with UltraTextGen.",https://ultratextgen.com/zh-tw/da-xiao-xie-zhuanhuan/?utm_source=pinterest&utm_medium=social&utm_campaign=organic_pins&utm_content=zh-tw-da-xiao-xie-zhuanhuan,,"localized, 大小寫轉換, fancy text generator, copy paste fonts, unicode fonts, copy and paste, ultratextgen"
Discord 暱稱安全命名：不被過濾、@提及找得到、不撞臉別人 — Copy and Paste Fonts,https://ultratextgen.com/assets/pinterest/zh-tw-guide-discord-anquan-nicheng.png,International Fancy Font Generators,,"Discord 暱稱安全命名：不被過濾、@提及找得到、不撞臉別人. 花式 Discord 暱稱就算能存檔，還是可能在三個地方悄悄出包：成員名單、@提及、假冒偵測。這篇教你把暱稱改得好看、好讀，又確實是你自己的。. Copy and paste stylish Unicode fonts and symbols for bios, captions, usernames and posts — free, fast and right in your browser with UltraTextGen.",https://ultratextgen.com/zh-tw/guide/discord-anquan-nicheng/?utm_source=pinterest&utm_medium=social&utm_campaign=organic_pins&utm_content=zh-tw-guide-discord-anquan-nicheng,,"localized, discord 暱稱安全命名：不被過濾、@提及找得到、不撞臉別人, fancy text generator, copy paste fonts, unicode fonts, copy and paste, ultratextgen"
Discord 文字格式全解析：Markdown、Unicode 字體、Nitro 差在哪 — Copy and Paste Fonts,https://ultratextgen.com/assets/pinterest/zh-tw-guide-discord-wenzi-geshi.png,International Fancy Font Generators,,"Discord 文字格式全解析：Markdown、Unicode 字體、Nitro 差在哪. 為什麼粗體在 Discord 聊天有效、在使用者名稱卻沒用——Discord 用的三套文字系統（Markdown、Unicode 字體、Nitro），以及每一套到底該用在哪。. Copy and paste stylish Unicode fonts and symbols for bios, captions, usernames and posts — free, fast and right in your browser with UltraTextGen.",https://ultratextgen.com/zh-tw/guide/discord-wenzi-geshi/?utm_source=pinterest&utm_medium=social&utm_campaign=organic_pins&utm_content=zh-tw-guide-discord-wenzi-geshi,,"localized, discord 文字格式全解析：markdown、unicode 字體、nitro 差在哪, fancy text generator, copy paste fonts, unicode fonts, copy and paste, ultratextgen"
Discord 花式字體能用在哪：一張欄位權限表 — Copy and Paste Fonts,https://ultratextgen.com/assets/pinterest/zh-tw-guide-discord-ziti-nali-nengyong.png,International Fancy Font Generators,,"Discord 花式字體能用在哪：一張欄位權限表. 為什麼 Discord 說你的使用者名稱無效、為什麼頻道名稱掉了大寫，還有到底哪些欄位吃 Unicode 字體——一張欄位權限表，終結所有試錯。. Copy and paste stylish Unicode fonts and symbols for bios, captions, usernames and posts — free, fast and right in your browser with UltraTextGen.",https://ultratextgen.com/zh-tw/guide/discord-ziti-nali-nengyong/?utm_source=pinterest&utm_medium=social&utm_campaign=organic_pins&utm_content=zh-tw-guide-discord-ziti-nali-nengyong,,"localized, discord 花式字體能用在哪：一張欄位權限表, fancy text generator, copy paste fonts, unicode fonts, copy and paste, ultratextgen"
UltraTextGen 指南 — 精通花式字體與排版 — Copy and Paste Fonts,https://ultratextgen.com/assets/pinterest/zh-tw-guide.png,International Fancy Font Generators,,"UltraTextGen 指南 — 精通花式字體與排版. UltraTextGen 繁體中文指南：搞懂並精通 Unicode 字體、裝飾你的 Discord 暱稱和伺服器，把花式字體用到最好。. Copy and paste stylish Unicode fonts and symbols for bios, captions, usernames and posts — free, fast and right in your browser with UltraTextGen.",https://ultratextgen.com/zh-tw/guide/?utm_source=pinterest&utm_medium=social&utm_campaign=organic_pins&utm_content=zh-tw-guide,,"localized, ultratextgen 指南 — 精通花式字體與排版, fancy text generator, copy paste fonts, unicode fonts, copy and paste, ultratextgen"
顏文字大全 — Copy and Paste Fonts — UltraTextGen,https://ultratextgen.com/assets/pinterest/zh-tw.png,International Fancy Font Generators,,"顏文字大全. 複製貼上可愛表情符號. Copy and paste stylish Unicode fonts and symbols for bios, captions, usernames and posts — free, fast and right in your browser with UltraTextGen.",https://ultratextgen.com/zh-tw/?utm_source=pinterest&utm_medium=social&utm_campaign=organic_pins&utm_content=zh-tw,,"localized, 顏文字大全, fancy text generator, copy paste fonts, unicode fonts, copy and paste, ultratextgen"
貓咪顏文字 — Copy and Paste Fonts — UltraTextGen,https://ultratextgen.com/assets/pinterest/zh-tw-library-cat-kaomoji.png,International Fancy Font Generators,,"貓咪顏文字. 可愛貓咪臉文字. Copy and paste stylish Unicode fonts and symbols for bios, captions, usernames and posts — free, fast and right in your browser with UltraTextGen.",https://ultratextgen.com/zh-tw/library/cat-kaomoji/?utm_source=pinterest&utm_medium=social&utm_campaign=organic_pins&utm_content=zh-tw-library-cat-kaomoji,,"localized, 貓咪顏文字, fancy text generator, copy paste fonts, unicode fonts, copy and paste, ultratextgen"
哭泣顏文字 — Copy and Paste Fonts — UltraTextGen,https://ultratextgen.com/assets/pinterest/zh-tw-library-crying-kaomoji.png,International Fancy Font Generators,,"哭泣顏文字. 傷心流淚臉文字. Copy and paste stylish Unicode fonts and symbols for bios, captions, usernames and posts — free, fast and right in your browser with UltraTextGen.",https://ultratextgen.com/zh-tw/library/crying-kaomoji/?utm_source=pinterest&utm_medium=social&utm_campaign=organic_pins&utm_content=zh-tw-library-crying-kaomoji,,"localized, 哭泣顏文字, fancy text generator, copy paste fonts, unicode fonts, copy and paste, ultratextgen"
可愛顏文字 — Copy and Paste Fonts — UltraTextGen,https://ultratextgen.com/assets/pinterest/zh-tw-library-cute-kaomoji.png,International Fancy Font Generators,,"可愛顏文字. 萌系臉文字. Copy and paste stylish Unicode fonts and symbols for bios, captions, usernames and posts — free, fast and right in your browser with UltraTextGen.",https://ultratextgen.com/zh-tw/library/cute-kaomoji/?utm_source=pinterest&utm_medium=social&utm_campaign=organic_pins&utm_content=zh-tw-library-cute-kaomoji,,"localized, 可愛顏文字, fancy text generator, copy paste fonts, unicode fonts, copy and paste, ultratextgen"
顏文字分隔線 — Copy and Paste Fonts — UltraTextGen,https://ultratextgen.com/assets/pinterest/zh-tw-library-divider-kaomoji.png,International Fancy Font Generators,,"顏文字分隔線. 可愛文字分隔符號. Copy and paste stylish Unicode fonts and symbols for bios, captions, usernames and posts — free, fast and right in your browser with UltraTextGen.",https://ultratextgen.com/zh-tw/library/divider-kaomoji/?utm_source=pinterest&utm_medium=social&utm_campaign=organic_pins&utm_content=zh-tw-library-divider-kaomoji,,"localized, 顏文字分隔線, fancy text generator, copy paste fonts, unicode fonts, copy and paste, ultratextgen"
Facebook 符號大全 — 反應・愛心符號複製貼上 — Copy and Paste Fonts,https://ultratextgen.com/assets/pinterest/zh-tw-library-facebook-fuhao.png,International Fancy Font Generators,,"Facebook 符號大全 — 反應・愛心符號複製貼上. 複製貼上 Facebook 符號 — 反應表情符號、愛心、星星和分隔線，用於貼文、留言、個人簡介和粉絲專頁名稱。點一下符號就能立刻複製。. Copy and paste stylish Unicode fonts and symbols for bios, captions, usernames and posts — free, fast and right in your browser with UltraTextGen.",https://ultratextgen.com/zh-tw/library/facebook-fuhao/?utm_source=pinterest&utm_medium=social&utm_campaign=organic_pins&utm_content=zh-tw-library-facebook-fuhao,,"localized, facebook 符號大全 — 反應・愛心符號複製貼上, fancy text generator, copy paste fonts, unicode fonts, copy and paste, ultratextgen"
開心顏文字 — Copy and Paste Fonts — UltraTextGen,https://ultratextgen.com/assets/pinterest/zh-tw-library-happy-kaomoji.png,International Fancy Font Generators,,"開心顏文字. 微笑愉快臉文字. Copy and paste stylish Unicode fonts and symbols for bios, captions, usernames and posts — free, fast and right in your browser with UltraTextGen.",https://ultratextgen.com/zh-tw/library/happy-kaomoji/?utm_source=pinterest&utm_medium=social&utm_campaign=organic_pins&utm_content=zh-tw-library-happy-kaomoji,,"localized, 開心顏文字, fancy text generator, copy paste fonts, unicode fonts, copy and paste, ultratextgen"
愛心顏文字 — Copy and Paste Fonts — UltraTextGen,https://ultratextgen.com/assets/pinterest/zh-tw-library-heart-kaomoji.png,International Fancy Font Generators,,"愛心顏文字. 愛心眼臉文字. Copy and paste stylish Unicode fonts and symbols for bios, captions, usernames and posts — free, fast and right in your browser with UltraTextGen.",https://ultratextgen.com/zh-tw/library/heart-kaomoji/?utm_source=pinterest&utm_medium=social&utm_campaign=organic_pins&utm_content=zh-tw-library-heart-kaomoji,,"localized, 愛心顏文字, fancy text generator, copy paste fonts, unicode fonts, copy and paste, ultratextgen"
顏文字大全 — 暱稱・個人簡介裝飾 複製貼上 — Copy and Paste Fonts,https://ultratextgen.com/assets/pinterest/zh-tw-library-kaomoji.png,International Fancy Font Generators,,"顏文字大全 — 暱稱・個人簡介裝飾 複製貼上. 開心、傷心、賣萌、生氣顏文字，還有 QQ、orz、囧 這些道地注音文和網路用語，通通收錄。點一下就複製，貼到 IG、Discord、LINE 暱稱、留言都能直接用，免費不用註冊。. Copy and paste stylish Unicode fonts and symbols for bios, captions, usernames and posts — free, fast and right in your browser with UltraTextGen.",https://ultratextgen.com/zh-tw/library/kaomoji/?utm_source=pinterest&utm_medium=social&utm_campaign=organic_pins&utm_content=zh-tw-library-kaomoji,,"localized, 顏文字大全 — 暱稱・個人簡介裝飾 複製貼上, fancy text generator, copy paste fonts, unicode fonts, copy and paste, ultratextgen"
空白符號 — Copy and Paste Fonts — UltraTextGen,https://ultratextgen.com/assets/pinterest/zh-tw-library-kongbai-fuhao.png,International Fancy Font Generators,,"空白符號. 隱形字元，貼哪都不留痕跡. Copy and paste stylish Unicode fonts and symbols for bios, captions, usernames and posts — free, fast and right in your browser with UltraTextGen.",https://ultratextgen.com/zh-tw/library/kongbai-fuhao/?utm_source=pinterest&utm_medium=social&utm_campaign=organic_pins&utm_content=zh-tw-library-kongbai-fuhao,,"localized, 空白符號, fancy text generator, copy paste fonts, unicode fonts, copy and paste, ultratextgen"
戀愛顏文字 — Copy and Paste Fonts — UltraTextGen,https://ultratextgen.com/assets/pinterest/zh-tw-library-love-kaomoji.png,International Fancy Font Generators,,"戀愛顏文字. 告白愛心臉文字. Copy and paste stylish Unicode fonts and symbols for bios, captions, usernames and posts — free, fast and right in your browser with UltraTextGen.",https://ultratextgen.com/zh-tw/library/love-kaomoji/?utm_source=pinterest&utm_medium=social&utm_campaign=organic_pins&utm_content=zh-tw-library-love-kaomoji,,"localized, 戀愛顏文字, fancy text generator, copy paste fonts, unicode fonts, copy and paste, ultratextgen"
傷心顏文字 — Copy and Paste Fonts — UltraTextGen,https://ultratextgen.com/assets/pinterest/zh-tw-library-sad-kaomoji.png,International Fancy Font Generators,,"傷心顏文字. 難過臉文字. Copy and paste stylish Unicode fonts and symbols for bios, captions, usernames and posts — free, fast and right in your browser with UltraTextGen.",https://ultratextgen.com/zh-tw/library/sad-kaomoji/?utm_source=pinterest&utm_medium=social&utm_campaign=organic_pins&utm_content=zh-tw-library-sad-kaomoji,,"localized, 傷心顏文字, fancy text generator, copy paste fonts, unicode fonts, copy and paste, ultratextgen"
攤手顏文字 — Copy and Paste Fonts — UltraTextGen,https://ultratextgen.com/assets/pinterest/zh-tw-library-shrug-kaomoji.png,International Fancy Font Generators,,"攤手顏文字. 無奈聳肩臉文字. Copy and paste stylish Unicode fonts and symbols for bios, captions, usernames and posts — free, fast and right in your browser with UltraTextGen.",https://ultratextgen.com/zh-tw/library/shrug-kaomoji/?utm_source=pinterest&utm_medium=social&utm_campaign=organic_pins&utm_content=zh-tw-library-shrug-kaomoji,,"localized, 攤手顏文字, fancy text generator, copy paste fonts, unicode fonts, copy and paste, ultratextgen"
十二星座符號 — Copy and Paste Fonts — UltraTextGen,https://ultratextgen.com/assets/pinterest/zh-tw-library-xingzuo-fuhao.png,International Fancy Font Generators,,"十二星座符號. 星座與行星符號大全. Copy and paste stylish Unicode fonts and symbols for bios, captions, usernames and posts — free, fast and right in your browser with UltraTextGen.",https://ultratextgen.com/zh-tw/library/xingzuo-fuhao/?utm_source=pinterest&utm_medium=social&utm_campaign=organic_pins&utm_content=zh-tw-library-xingzuo-fuhao,,"localized, 十二星座符號, fancy text generator, copy paste fonts, unicode fonts, copy and paste, ultratextgen"
傳說對決暱稱特殊符號產生器 ꧁꧂ — Arena of Valor 名字裝飾＋改名字數檢查 — Copy and Paste Fonts,https://ultratextgen.com/assets/pinterest/zh-tw-usecase-chuanshuo-duijue-mingzi-fuhao.png,International Fancy Font Generators,,"傳說對決暱稱特殊符號產生器 ꧁꧂ — Arena of Valor 名字裝飾＋改名字數檢查. 傳說對決（Arena of Valor）暱稱特殊符號產生器：輸入名字，加上 ꧁༒꧂ 框飾、皇冠、片假名符號。附即時改名字數檢查——12 字元上限、不能留空白，貼上前先確認不會被拒絕或變方框。免費、不用下載。. Copy and paste stylish Unicode fonts and symbols for bios, captions, usernames and posts — free, fast and right in your browser with UltraTextGen.",https://ultratextgen.com/zh-tw/usecase/chuanshuo-duijue-mingzi-fuhao/?utm_source=pinterest&utm_medium=social&utm_campaign=organic_pins&utm_content=zh-tw-usecase-chuanshuo-duijue-mingzi-fuhao,,"localized, 傳說對決暱稱特殊符號產生器 ꧁꧂ — arena of valor 名字裝飾＋改名字數檢查, fancy text generator, copy paste fonts, unicode fonts, copy and paste, ultratextgen"
刺青字體產生器 — Copy and Paste Fonts — UltraTextGen,https://ultratextgen.com/assets/pinterest/zh-tw-usecase-ciqing-ziti.png,International Fancy Font Generators,,"刺青字體產生器. 紋身字體預覽比較. Copy and paste stylish Unicode fonts and symbols for bios, captions, usernames and posts — free, fast and right in your browser with UltraTextGen.",https://ultratextgen.com/zh-tw/usecase/ciqing-ziti/?utm_source=pinterest&utm_medium=social&utm_campaign=organic_pins&utm_content=zh-tw-usecase-ciqing-ziti,,"localized, 刺青字體產生器, fancy text generator, copy paste fonts, unicode fonts, copy and paste, ultratextgen"
遊戲暱稱特殊符號 — Copy and Paste Fonts — UltraTextGen,https://ultratextgen.com/assets/pinterest/zh-tw-usecase-youxi-mingzi-fuhao.png,International Fancy Font Generators,,"遊戲暱稱特殊符號. 傳說對決・Discord暱稱裝飾. Copy and paste stylish Unicode fonts and symbols for bios, captions, usernames and posts — free, fast and right in your browser with UltraTextGen.",https://ultratextgen.com/zh-tw/usecase/youxi-mingzi-fuhao/?utm_source=pinterest&utm_medium=social&utm_campaign=organic_pins&utm_content=zh-tw-usecase-youxi-mingzi-fuhao,,"localized, 遊戲暱稱特殊符號, fancy text generator, copy paste fonts, unicode fonts, copy and paste, ultratextgen"
英文字體產生器 — Copy and Paste Fonts — UltraTextGen,https://ultratextgen.com/assets/pinterest/zh-tw-yingwen-ziti.png,International Fancy Font Generators,,"英文字體產生器. 花式英文字體，複製貼上. Copy and paste stylish Unicode fonts and symbols for bios, captions, usernames and posts — free, fast and right in your browser with UltraTextGen.",https://ultratextgen.com/zh-tw/yingwen-ziti/?utm_source=pinterest&utm_medium=social&utm_campaign=organic_pins&utm_content=zh-tw-yingwen-ziti,,"localized, 英文字體產生器, fancy text generator, copy paste fonts, unicode fonts, copy and paste, ultratextgen"
Chinese New Year Text & Symbols Fonts and Symbols to Copy and Paste,https://ultratextgen.com/assets/pinterest/events-chinese-new-year.png,Fancy Text Generator & Copy Paste Fonts,,"Copy and paste Chinese New Year Text & Symbols fonts, symbols and styled text for display names, usernames, bios, posts and chats. Lanterns, fireworks, and Lunar New Year phrases. Create clean Unicode styles in seconds with UltraTextGen — free and no app needed.",https://ultratextgen.com/events/chinese-new-year/?utm_source=pinterest&utm_medium=social&utm_campaign=organic_pins&utm_content=events-chinese-new-year,,"events, chinese new year text & symbols, chinese new year text & symbols fonts, chinese new year text & symbols symbols, copy and paste fonts, fancy text, copy and paste, ultratextgen"
Christmas Fonts & Emoji Fonts and Symbols to Copy and Paste,https://ultratextgen.com/assets/pinterest/events-christmas.png,Emoji Copy Paste & Emoji Combos,,"Copy and paste Christmas Fonts & Emoji fonts, symbols and styled text for display names, usernames, bios, posts and chats. Style greetings with tree, Santa, and snow emoji. Create clean Unicode styles in seconds with UltraTextGen — free and no app needed.",https://ultratextgen.com/events/christmas/?utm_source=pinterest&utm_medium=social&utm_campaign=organic_pins&utm_content=events-christmas,,"events, christmas fonts & emoji, christmas fonts & emoji fonts, christmas fonts & emoji symbols, copy and paste fonts, fancy text, copy and paste, ultratextgen"
Diwali Fonts & Symbols Fonts and Symbols to Copy and Paste,https://ultratextgen.com/assets/pinterest/events-diwali.png,Fancy Text Generator & Copy Paste Fonts,,"Copy and paste Diwali Fonts & Symbols fonts, symbols and styled text for display names, usernames, bios, posts and chats. Diya, fireworks, and festival-of-lights phrases. Create clean Unicode styles in seconds with UltraTextGen — free and no app needed.",https://ultratextgen.com/events/diwali/?utm_source=pinterest&utm_medium=social&utm_campaign=organic_pins&utm_content=events-diwali,,"events, diwali fonts & symbols, diwali fonts & symbols fonts, diwali fonts & symbols symbols, copy and paste fonts, fancy text, copy and paste, ultratextgen"
Eid Mubarak Text & Symbols Fonts and Symbols to Copy and Paste,https://ultratextgen.com/assets/pinterest/events-eid-mubarak.png,Emoji Copy Paste & Emoji Combos,,"Copy and paste Eid Mubarak Text & Symbols fonts, symbols and styled text for display names, usernames, bios, posts and chats. Crescent moon emoji and ready-made Eid phrases. Create clean Unicode styles in seconds with UltraTextGen — free and no app needed.",https://ultratextgen.com/events/eid-mubarak/?utm_source=pinterest&utm_medium=social&utm_campaign=organic_pins&utm_content=events-eid-mubarak,,"events, eid mubarak text & symbols, eid mubarak text & symbols fonts, eid mubarak text & symbols symbols, copy and paste fonts, fancy text, copy and paste, ultratextgen"
Father's Day Message Fonts and Symbols to Copy and Paste,https://ultratextgen.com/assets/pinterest/events-fathers-day.png,Fancy Text Generator & Copy Paste Fonts,,"Copy and paste Father's Day Message fonts, symbols and styled text for display names, usernames, bios, posts and chats. Bold, rugged fonts for World's Best Dad messages. Create clean Unicode styles in seconds with UltraTextGen — free and no app needed.",https://ultratextgen.com/events/fathers-day/?utm_source=pinterest&utm_medium=social&utm_campaign=organic_pins&utm_content=events-fathers-day,,"events, father's day message, father's day message fonts, father's day message symbols, copy and paste fonts, fancy text, copy and paste, ultratextgen"
Halloween Fonts & Emoji Fonts and Symbols to Copy and Paste,https://ultratextgen.com/assets/pinterest/events-halloween.png,Emoji Copy Paste & Emoji Combos,,"Copy and paste Halloween Fonts & Emoji fonts, symbols and styled text for display names, usernames, bios, posts and chats. Pumpkin, ghost, and bat emoji for spooky greetings. Create clean Unicode styles in seconds with UltraTextGen — free and no app needed.",https://ultratextgen.com/events/halloween/?utm_source=pinterest&utm_medium=social&utm_campaign=organic_pins&utm_content=events-halloween,,"events, halloween fonts & emoji, halloween fonts & emoji fonts, halloween fonts & emoji symbols, copy and paste fonts, fancy text, copy and paste, ultratextgen"
Mother's Day Message Fonts and Symbols to Copy and Paste,https://ultratextgen.com/assets/pinterest/events-mothers-day.png,Instagram Bio Symbols & Aesthetic Text,,"Copy and paste Mother's Day Message fonts, symbols and styled text for display names, usernames, bios, posts and chats. Warm cursive fonts for Happy Mother's Day messages. Create clean Unicode styles in seconds with UltraTextGen — free and no app needed.",https://ultratextgen.com/events/mothers-day/?utm_source=pinterest&utm_medium=social&utm_campaign=organic_pins&utm_content=events-mothers-day,,"events, mother's day message, mother's day message fonts, mother's day message symbols, copy and paste fonts, fancy text, copy and paste, ultratextgen"
New Year Countdown Text Fonts and Symbols to Copy and Paste,https://ultratextgen.com/assets/pinterest/events-new-year.png,Emoji Copy Paste & Emoji Combos,,"Copy and paste New Year Countdown Text fonts, symbols and styled text for display names, usernames, bios, posts and chats. Firework emoji and Happy New Year phrases to paste. Create clean Unicode styles in seconds with UltraTextGen — free and no app needed.",https://ultratextgen.com/events/new-year/?utm_source=pinterest&utm_medium=social&utm_campaign=organic_pins&utm_content=events-new-year,,"events, new year countdown text, new year countdown text fonts, new year countdown text symbols, copy and paste fonts, fancy text, copy and paste, ultratextgen"
Valentine's Day Text Fonts and Symbols to Copy and Paste,https://ultratextgen.com/assets/pinterest/events-valentines-day.png,"Cute Symbols, Hearts & Decorative Text",,"Copy and paste Valentine's Day Text fonts, symbols and styled text for display names, usernames, bios, posts and chats. Hearts, roses, and Be My Valentine phrases to style. Create clean Unicode styles in seconds with UltraTextGen — free and no app needed.",https://ultratextgen.com/events/valentines-day/?utm_source=pinterest&utm_medium=social&utm_campaign=organic_pins&utm_content=events-valentines-day,,"events, valentine's day text, valentine's day text fonts, valentine's day text symbols, copy and paste fonts, fancy text, copy and paste, ultratextgen"
Cursive: When & How Fonts and Symbols to Copy and Paste,https://ultratextgen.com/assets/pinterest/learn-handwriting-cursive-when-and-how.png,Instagram Bio Symbols & Aesthetic Text,,"Copy and paste Cursive: When & How fonts, symbols and styled text for display names, usernames, bios, posts and chats. Letter families, lowercase first, joins throughout. Create clean Unicode styles in seconds with UltraTextGen — free and no app needed.",https://ultratextgen.com/learn/handwriting/cursive-when-and-how/?utm_source=pinterest&utm_medium=social&utm_campaign=organic_pins&utm_content=learn-handwriting-cursive-when-and-how,,"learn, cursive: when & how, cursive: when & how fonts, cursive: when & how symbols, copy and paste fonts, fancy text, copy and paste, ultratextgen"
From Tracing to Writing Fonts and Symbols to Copy and Paste,https://ultratextgen.com/assets/pinterest/learn-handwriting-from-tracing-to-writing.png,Fancy Text Generator & Copy Paste Fonts,,"Copy and paste From Tracing to Writing fonts, symbols and styled text for display names, usernames, bios, posts and chats. The 7-step fading ladder. Create clean Unicode styles in seconds with UltraTextGen — free and no app needed.",https://ultratextgen.com/learn/handwriting/from-tracing-to-writing/?utm_source=pinterest&utm_medium=social&utm_campaign=organic_pins&utm_content=learn-handwriting-from-tracing-to-writing,,"learn, from tracing to writing, from tracing to writing fonts, from tracing to writing symbols, copy and paste fonts, fancy text, copy and paste, ultratextgen"
Teaching Handwriting Fonts and Symbols to Copy and Paste,https://ultratextgen.com/assets/pinterest/learn-handwriting.png,Instagram Bio Symbols & Aesthetic Text,,"Copy and paste Teaching Handwriting fonts, symbols and styled text for display names, usernames, bios, posts and chats. A practical, stage-by-stage guide — readiness to cursive. Create clean Unicode styles in seconds with UltraTextGen — free and no app needed.",https://ultratextgen.com/learn/handwriting/?utm_source=pinterest&utm_medium=social&utm_campaign=organic_pins&utm_content=learn-handwriting,,"learn, teaching handwriting, teaching handwriting fonts, teaching handwriting symbols, copy and paste fonts, fancy text, copy and paste, ultratextgen"
Stroke Order & Start Dots Fonts and Symbols to Copy and Paste,https://ultratextgen.com/assets/pinterest/learn-handwriting-stroke-order-and-start-dots.png,"Cute Symbols, Hearts & Decorative Text",,"Copy and paste Stroke Order & Start Dots fonts, symbols and styled text for display names, usernames, bios, posts and chats. Why how you trace matters more than how much. Create clean Unicode styles in seconds with UltraTextGen — free and no app needed.",https://ultratextgen.com/learn/handwriting/stroke-order-and-start-dots/?utm_source=pinterest&utm_medium=social&utm_campaign=organic_pins&utm_content=learn-handwriting-stroke-order-and-start-dots,,"learn, stroke order & start dots, stroke order & start dots fonts, stroke order & start dots symbols, copy and paste fonts, fancy text, copy and paste, ultratextgen"
When to Start Handwriting Fonts and Symbols to Copy and Paste,https://ultratextgen.com/assets/pinterest/learn-handwriting-when-to-start-handwriting.png,"Cute Symbols, Hearts & Decorative Text",,"Copy and paste When to Start Handwriting fonts, symbols and styled text for display names, usernames, bios, posts and chats. Readiness signs that matter more than age. Create clean Unicode styles in seconds with UltraTextGen — free and no app needed.",https://ultratextgen.com/learn/handwriting/when-to-start-handwriting/?utm_source=pinterest&utm_medium=social&utm_campaign=organic_pins&utm_content=learn-handwriting-when-to-start-handwriting,,"learn, when to start handwriting, when to start handwriting fonts, when to start handwriting symbols, copy and paste fonts, fancy text, copy and paste, ultratextgen"
Alphabet Coloring Pages Fonts and Symbols to Copy and Paste,https://ultratextgen.com/assets/pinterest/printables-alphabet-coloring-pages.png,Fancy Text Generator & Copy Paste Fonts,,"Copy and paste Alphabet Coloring Pages fonts, symbols and styled text for display names, usernames, bios, posts and chats. Printable ABC letter outlines to color. Create clean Unicode styles in seconds with UltraTextGen — free and no app needed.",https://ultratextgen.com/printables/alphabet-coloring-pages/?utm_source=pinterest&utm_medium=social&utm_campaign=organic_pins&utm_content=printables-alphabet-coloring-pages,,"printables, alphabet coloring pages, alphabet coloring pages fonts, alphabet coloring pages symbols, copy and paste fonts, fancy text, copy and paste, ultratextgen"
Letter A Coloring Page Fonts and Symbols to Copy and Paste,https://ultratextgen.com/assets/pinterest/printables-alphabet-coloring-pages-letter-a.png,Fancy Text Generator & Copy Paste Fonts,,"Copy and paste Letter A Coloring Page fonts, symbols and styled text for display names, usernames, bios, posts and chats. A is for Apple — color the outline. Create clean Unicode styles in seconds with UltraTextGen — free and no app needed.",https://ultratextgen.com/printables/alphabet-coloring-pages/letter-a/?utm_source=pinterest&utm_medium=social&utm_campaign=organic_pins&utm_content=printables-alphabet-coloring-pages-letter-a,,"printables, letter a coloring page, letter a coloring page fonts, letter a coloring page symbols, copy and paste fonts, fancy text, copy and paste, ultratextgen"
Letter B Coloring Page Fonts and Symbols to Copy and Paste,https://ultratextgen.com/assets/pinterest/printables-alphabet-coloring-pages-letter-b.png,Fancy Text Generator & Copy Paste Fonts,,"Copy and paste Letter B Coloring Page fonts, symbols and styled text for display names, usernames, bios, posts and chats. B is for Ball — color the outline. Create clean Unicode styles in seconds with UltraTextGen — free and no app needed.",https://ultratextgen.com/printables/alphabet-coloring-pages/letter-b/?utm_source=pinterest&utm_medium=social&utm_campaign=organic_pins&utm_content=printables-alphabet-coloring-pages-letter-b,,"printables, letter b coloring page, letter b coloring page fonts, letter b coloring page symbols, copy and paste fonts, fancy text, copy and paste, ultratextgen"
Letter C Coloring Page Fonts and Symbols to Copy and Paste,https://ultratextgen.com/assets/pinterest/printables-alphabet-coloring-pages-letter-c.png,Fancy Text Generator & Copy Paste Fonts,,"Copy and paste Letter C Coloring Page fonts, symbols and styled text for display names, usernames, bios, posts and chats. C is for Cat — color the outline. Create clean Unicode styles in seconds with UltraTextGen — free and no app needed.",https://ultratextgen.com/printables/alphabet-coloring-pages/letter-c/?utm_source=pinterest&utm_medium=social&utm_campaign=organic_pins&utm_content=printables-alphabet-coloring-pages-letter-c,,"printables, letter c coloring page, letter c coloring page fonts, letter c coloring page symbols, copy and paste fonts, fancy text, copy and paste, ultratextgen"
Letter D Coloring Page Fonts and Symbols to Copy and Paste,https://ultratextgen.com/assets/pinterest/printables-alphabet-coloring-pages-letter-d.png,Fancy Text Generator & Copy Paste Fonts,,"Copy and paste Letter D Coloring Page fonts, symbols and styled text for display names, usernames, bios, posts and chats. D is for Dog — color the outline. Create clean Unicode styles in seconds with UltraTextGen — free and no app needed.",https://ultratextgen.com/printables/alphabet-coloring-pages/letter-d/?utm_source=pinterest&utm_medium=social&utm_campaign=organic_pins&utm_content=printables-alphabet-coloring-pages-letter-d,,"printables, letter d coloring page, letter d coloring page fonts, letter d coloring page symbols, copy and paste fonts, fancy text, copy and paste, ultratextgen"
Letter E Coloring Page Fonts and Symbols to Copy and Paste,https://ultratextgen.com/assets/pinterest/printables-alphabet-coloring-pages-letter-e.png,Fancy Text Generator & Copy Paste Fonts,,"Copy and paste Letter E Coloring Page fonts, symbols and styled text for display names, usernames, bios, posts and chats. E is for Elephant — color the outline. Create clean Unicode styles in seconds with UltraTextGen — free and no app needed.",https://ultratextgen.com/printables/alphabet-coloring-pages/letter-e/?utm_source=pinterest&utm_medium=social&utm_campaign=organic_pins&utm_content=printables-alphabet-coloring-pages-letter-e,,"printables, letter e coloring page, letter e coloring page fonts, letter e coloring page symbols, copy and paste fonts, fancy text, copy and paste, ultratextgen"
Letter F Coloring Page Fonts and Symbols to Copy and Paste,https://ultratextgen.com/assets/pinterest/printables-alphabet-coloring-pages-letter-f.png,Fancy Text Generator & Copy Paste Fonts,,"Copy and paste Letter F Coloring Page fonts, symbols and styled text for display names, usernames, bios, posts and chats. F is for Fish — color the outline. Create clean Unicode styles in seconds with UltraTextGen — free and no app needed.",https://ultratextgen.com/printables/alphabet-coloring-pages/letter-f/?utm_source=pinterest&utm_medium=social&utm_campaign=organic_pins&utm_content=printables-alphabet-coloring-pages-letter-f,,"printables, letter f coloring page, letter f coloring page fonts, letter f coloring page symbols, copy and paste fonts, fancy text, copy and paste, ultratextgen"
Letter G Coloring Page Fonts and Symbols to Copy and Paste,https://ultratextgen.com/assets/pinterest/printables-alphabet-coloring-pages-letter-g.png,Fancy Text Generator & Copy Paste Fonts,,"Copy and paste Letter G Coloring Page fonts, symbols and styled text for display names, usernames, bios, posts and chats. G is for Goat — color the outline. Create clean Unicode styles in seconds with UltraTextGen — free and no app needed.",https://ultratextgen.com/printables/alphabet-coloring-pages/letter-g/?utm_source=pinterest&utm_medium=social&utm_campaign=organic_pins&utm_content=printables-alphabet-coloring-pages-letter-g,,"printables, letter g coloring page, letter g coloring page fonts, letter g coloring page symbols, copy and paste fonts, fancy text, copy and paste, ultratextgen"
Letter H Coloring Page Fonts and Symbols to Copy and Paste,https://ultratextgen.com/assets/pinterest/printables-alphabet-coloring-pages-letter-h.png,Fancy Text Generator & Copy Paste Fonts,,"Copy and paste Letter H Coloring Page fonts, symbols and styled text for display names, usernames, bios, posts and chats. H is for Hat — color the outline. Create clean Unicode styles in seconds with UltraTextGen — free and no app needed.",https://ultratextgen.com/printables/alphabet-coloring-pages/letter-h/?utm_source=pinterest&utm_medium=social&utm_campaign=organic_pins&utm_content=printables-alphabet-coloring-pages-letter-h,,"printables, letter h coloring page, letter h coloring page fonts, letter h coloring page symbols, copy and paste fonts, fancy text, copy and paste, ultratextgen"
Letter I Coloring Page Fonts and Symbols to Copy and Paste,https://ultratextgen.com/assets/pinterest/printables-alphabet-coloring-pages-letter-i.png,Fancy Text Generator & Copy Paste Fonts,,"Copy and paste Letter I Coloring Page fonts, symbols and styled text for display names, usernames, bios, posts and chats. I is for Igloo — color the outline. Create clean Unicode styles in seconds with UltraTextGen — free and no app needed.",https://ultratextgen.com/printables/alphabet-coloring-pages/letter-i/?utm_source=pinterest&utm_medium=social&utm_campaign=organic_pins&utm_content=printables-alphabet-coloring-pages-letter-i,,"printables, letter i coloring page, letter i coloring page fonts, letter i coloring page symbols, copy and paste fonts, fancy text, copy and paste, ultratextgen"
Letter J Coloring Page Fonts and Symbols to Copy and Paste,https://ultratextgen.com/assets/pinterest/printables-alphabet-coloring-pages-letter-j.png,Fancy Text Generator & Copy Paste Fonts,,"Copy and paste Letter J Coloring Page fonts, symbols and styled text for display names, usernames, bios, posts and chats. J is for Jellyfish — color the outline. Create clean Unicode styles in seconds with UltraTextGen — free and no app needed.",https://ultratextgen.com/printables/alphabet-coloring-pages/letter-j/?utm_source=pinterest&utm_medium=social&utm_campaign=organic_pins&utm_content=printables-alphabet-coloring-pages-letter-j,,"printables, letter j coloring page, letter j coloring page fonts, letter j coloring page symbols, copy and paste fonts, fancy text, copy and paste, ultratextgen"
Letter K Coloring Page Fonts and Symbols to Copy and Paste,https://ultratextgen.com/assets/pinterest/printables-alphabet-coloring-pages-letter-k.png,Fancy Text Generator & Copy Paste Fonts,,"Copy and paste Letter K Coloring Page fonts, symbols and styled text for display names, usernames, bios, posts and chats. K is for Kite — color the outline. Create clean Unicode styles in seconds with UltraTextGen — free and no app needed.",https://ultratextgen.com/printables/alphabet-coloring-pages/letter-k/?utm_source=pinterest&utm_medium=social&utm_campaign=organic_pins&utm_content=printables-alphabet-coloring-pages-letter-k,,"printables, letter k coloring page, letter k coloring page fonts, letter k coloring page symbols, copy and paste fonts, fancy text, copy and paste, ultratextgen"
Letter L Coloring Page Fonts and Symbols to Copy and Paste,https://ultratextgen.com/assets/pinterest/printables-alphabet-coloring-pages-letter-l.png,Fancy Text Generator & Copy Paste Fonts,,"Copy and paste Letter L Coloring Page fonts, symbols and styled text for display names, usernames, bios, posts and chats. L is for Lion — color the outline. Create clean Unicode styles in seconds with UltraTextGen — free and no app needed.",https://ultratextgen.com/printables/alphabet-coloring-pages/letter-l/?utm_source=pinterest&utm_medium=social&utm_campaign=organic_pins&utm_content=printables-alphabet-coloring-pages-letter-l,,"printables, letter l coloring page, letter l coloring page fonts, letter l coloring page symbols, copy and paste fonts, fancy text, copy and paste, ultratextgen"
Letter M Coloring Page Fonts and Symbols to Copy and Paste,https://ultratextgen.com/assets/pinterest/printables-alphabet-coloring-pages-letter-m.png,Fancy Text Generator & Copy Paste Fonts,,"Copy and paste Letter M Coloring Page fonts, symbols and styled text for display names, usernames, bios, posts and chats. M is for Monkey — color the outline. Create clean Unicode styles in seconds with UltraTextGen — free and no app needed.",https://ultratextgen.com/printables/alphabet-coloring-pages/letter-m/?utm_source=pinterest&utm_medium=social&utm_campaign=organic_pins&utm_content=printables-alphabet-coloring-pages-letter-m,,"printables, letter m coloring page, letter m coloring page fonts, letter m coloring page symbols, copy and paste fonts, fancy text, copy and paste, ultratextgen"
Letter N Coloring Page Fonts and Symbols to Copy and Paste,https://ultratextgen.com/assets/pinterest/printables-alphabet-coloring-pages-letter-n.png,Fancy Text Generator & Copy Paste Fonts,,"Copy and paste Letter N Coloring Page fonts, symbols and styled text for display names, usernames, bios, posts and chats. N is for Nest — color the outline. Create clean Unicode styles in seconds with UltraTextGen — free and no app needed.",https://ultratextgen.com/printables/alphabet-coloring-pages/letter-n/?utm_source=pinterest&utm_medium=social&utm_campaign=organic_pins&utm_content=printables-alphabet-coloring-pages-letter-n,,"printables, letter n coloring page, letter n coloring page fonts, letter n coloring page symbols, copy and paste fonts, fancy text, copy and paste, ultratextgen"
Letter O Coloring Page Fonts and Symbols to Copy and Paste,https://ultratextgen.com/assets/pinterest/printables-alphabet-coloring-pages-letter-o.png,Fancy Text Generator & Copy Paste Fonts,,"Copy and paste Letter O Coloring Page fonts, symbols and styled text for display names, usernames, bios, posts and chats. O is for Owl — color the outline. Create clean Unicode styles in seconds with UltraTextGen — free and no app needed.",https://ultratextgen.com/printables/alphabet-coloring-pages/letter-o/?utm_source=pinterest&utm_medium=social&utm_campaign=organic_pins&utm_content=printables-alphabet-coloring-pages-letter-o,,"printables, letter o coloring page, letter o coloring page fonts, letter o coloring page symbols, copy and paste fonts, fancy text, copy and paste, ultratextgen"
Letter P Coloring Page Fonts and Symbols to Copy and Paste,https://ultratextgen.com/assets/pinterest/printables-alphabet-coloring-pages-letter-p.png,Fancy Text Generator & Copy Paste Fonts,,"Copy and paste Letter P Coloring Page fonts, symbols and styled text for display names, usernames, bios, posts and chats. P is for Penguin — color the outline. Create clean Unicode styles in seconds with UltraTextGen — free and no app needed.",https://ultratextgen.com/printables/alphabet-coloring-pages/letter-p/?utm_source=pinterest&utm_medium=social&utm_campaign=organic_pins&utm_content=printables-alphabet-coloring-pages-letter-p,,"printables, letter p coloring page, letter p coloring page fonts, letter p coloring page symbols, copy and paste fonts, fancy text, copy and paste, ultratextgen"
Letter Q Coloring Page Fonts and Symbols to Copy and Paste,https://ultratextgen.com/assets/pinterest/printables-alphabet-coloring-pages-letter-q.png,Fancy Text Generator & Copy Paste Fonts,,"Copy and paste Letter Q Coloring Page fonts, symbols and styled text for display names, usernames, bios, posts and chats. Q is for Queen — color the outline. Create clean Unicode styles in seconds with UltraTextGen — free and no app needed.",https://ultratextgen.com/printables/alphabet-coloring-pages/letter-q/?utm_source=pinterest&utm_medium=social&utm_campaign=organic_pins&utm_content=printables-alphabet-coloring-pages-letter-q,,"printables, letter q coloring page, letter q coloring page fonts, letter q coloring page symbols, copy and paste fonts, fancy text, copy and paste, ultratextgen"
Letter R Coloring Page Fonts and Symbols to Copy and Paste,https://ultratextgen.com/assets/pinterest/printables-alphabet-coloring-pages-letter-r.png,Fancy Text Generator & Copy Paste Fonts,,"Copy and paste Letter R Coloring Page fonts, symbols and styled text for display names, usernames, bios, posts and chats. R is for Rabbit — color the outline. Create clean Unicode styles in seconds with UltraTextGen — free and no app needed.",https://ultratextgen.com/printables/alphabet-coloring-pages/letter-r/?utm_source=pinterest&utm_medium=social&utm_campaign=organic_pins&utm_content=printables-alphabet-coloring-pages-letter-r,,"printables, letter r coloring page, letter r coloring page fonts, letter r coloring page symbols, copy and paste fonts, fancy text, copy and paste, ultratextgen"
Letter S Coloring Page Fonts and Symbols to Copy and Paste,https://ultratextgen.com/assets/pinterest/printables-alphabet-coloring-pages-letter-s.png,Fancy Text Generator & Copy Paste Fonts,,"Copy and paste Letter S Coloring Page fonts, symbols and styled text for display names, usernames, bios, posts and chats. S is for Sun — color the outline. Create clean Unicode styles in seconds with UltraTextGen — free and no app needed.",https://ultratextgen.com/printables/alphabet-coloring-pages/letter-s/?utm_source=pinterest&utm_medium=social&utm_campaign=organic_pins&utm_content=printables-alphabet-coloring-pages-letter-s,,"printables, letter s coloring page, letter s coloring page fonts, letter s coloring page symbols, copy and paste fonts, fancy text, copy and paste, ultratextgen"
Letter T Coloring Page Fonts and Symbols to Copy and Paste,https://ultratextgen.com/assets/pinterest/printables-alphabet-coloring-pages-letter-t.png,Fancy Text Generator & Copy Paste Fonts,,"Copy and paste Letter T Coloring Page fonts, symbols and styled text for display names, usernames, bios, posts and chats. T is for Tiger — color the outline. Create clean Unicode styles in seconds with UltraTextGen — free and no app needed.",https://ultratextgen.com/printables/alphabet-coloring-pages/letter-t/?utm_source=pinterest&utm_medium=social&utm_campaign=organic_pins&utm_content=printables-alphabet-coloring-pages-letter-t,,"printables, letter t coloring page, letter t coloring page fonts, letter t coloring page symbols, copy and paste fonts, fancy text, copy and paste, ultratextgen"
Letter U Coloring Page Fonts and Symbols to Copy and Paste,https://ultratextgen.com/assets/pinterest/printables-alphabet-coloring-pages-letter-u.png,Fancy Text Generator & Copy Paste Fonts,,"Copy and paste Letter U Coloring Page fonts, symbols and styled text for display names, usernames, bios, posts and chats. U is for Umbrella — color the outline. Create clean Unicode styles in seconds with UltraTextGen — free and no app needed.",https://ultratextgen.com/printables/alphabet-coloring-pages/letter-u/?utm_source=pinterest&utm_medium=social&utm_campaign=organic_pins&utm_content=printables-alphabet-coloring-pages-letter-u,,"printables, letter u coloring page, letter u coloring page fonts, letter u coloring page symbols, copy and paste fonts, fancy text, copy and paste, ultratextgen"
Letter V Coloring Page Fonts and Symbols to Copy and Paste,https://ultratextgen.com/assets/pinterest/printables-alphabet-coloring-pages-letter-v.png,Fancy Text Generator & Copy Paste Fonts,,"Copy and paste Letter V Coloring Page fonts, symbols and styled text for display names, usernames, bios, posts and chats. V is for Violin — color the outline. Create clean Unicode styles in seconds with UltraTextGen — free and no app needed.",https://ultratextgen.com/printables/alphabet-coloring-pages/letter-v/?utm_source=pinterest&utm_medium=social&utm_campaign=organic_pins&utm_content=printables-alphabet-coloring-pages-letter-v,,"printables, letter v coloring page, letter v coloring page fonts, letter v coloring page symbols, copy and paste fonts, fancy text, copy and paste, ultratextgen"
Letter W Coloring Page Fonts and Symbols to Copy and Paste,https://ultratextgen.com/assets/pinterest/printables-alphabet-coloring-pages-letter-w.png,Fancy Text Generator & Copy Paste Fonts,,"Copy and paste Letter W Coloring Page fonts, symbols and styled text for display names, usernames, bios, posts and chats. W is for Whale — color the outline. Create clean Unicode styles in seconds with UltraTextGen — free and no app needed.",https://ultratextgen.com/printables/alphabet-coloring-pages/letter-w/?utm_source=pinterest&utm_medium=social&utm_campaign=organic_pins&utm_content=printables-alphabet-coloring-pages-letter-w,,"printables, letter w coloring page, letter w coloring page fonts, letter w coloring page symbols, copy and paste fonts, fancy text, copy and paste, ultratextgen"
Letter X Coloring Page Fonts and Symbols to Copy and Paste,https://ultratextgen.com/assets/pinterest/printables-alphabet-coloring-pages-letter-x.png,Fancy Text Generator & Copy Paste Fonts,,"Copy and paste Letter X Coloring Page fonts, symbols and styled text for display names, usernames, bios, posts and chats. X is for Xylophone — color the outline. Create clean Unicode styles in seconds with UltraTextGen — free and no app needed.",https://ultratextgen.com/printables/alphabet-coloring-pages/letter-x/?utm_source=pinterest&utm_medium=social&utm_campaign=organic_pins&utm_content=printables-alphabet-coloring-pages-letter-x,,"printables, letter x coloring page, letter x coloring page fonts, letter x coloring page symbols, copy and paste fonts, fancy text, copy and paste, ultratextgen"
Letter Y Coloring Page Fonts and Symbols to Copy and Paste,https://ultratextgen.com/assets/pinterest/printables-alphabet-coloring-pages-letter-y.png,Fancy Text Generator & Copy Paste Fonts,,"Copy and paste Letter Y Coloring Page fonts, symbols and styled text for display names, usernames, bios, posts and chats. Y is for Yak — color the outline. Create clean Unicode styles in seconds with UltraTextGen — free and no app needed.",https://ultratextgen.com/printables/alphabet-coloring-pages/letter-y/?utm_source=pinterest&utm_medium=social&utm_campaign=organic_pins&utm_content=printables-alphabet-coloring-pages-letter-y,,"printables, letter y coloring page, letter y coloring page fonts, letter y coloring page symbols, copy and paste fonts, fancy text, copy and paste, ultratextgen"
Letter Z Coloring Page Fonts and Symbols to Copy and Paste,https://ultratextgen.com/assets/pinterest/printables-alphabet-coloring-pages-letter-z.png,Fancy Text Generator & Copy Paste Fonts,,"Copy and paste Letter Z Coloring Page fonts, symbols and styled text for display names, usernames, bios, posts and chats. Z is for Zebra — color the outline. Create clean Unicode styles in seconds with UltraTextGen — free and no app needed.",https://ultratextgen.com/printables/alphabet-coloring-pages/letter-z/?utm_source=pinterest&utm_medium=social&utm_campaign=organic_pins&utm_content=printables-alphabet-coloring-pages-letter-z,,"printables, letter z coloring page, letter z coloring page fonts, letter z coloring page symbols, copy and paste fonts, fancy text, copy and paste, ultratextgen"
Number 0 Coloring Page — Free Printable Sheet Fonts and Symbols to Copy and Paste,https://ultratextgen.com/assets/pinterest/printables-alphabet-coloring-pages-number-0.png,"Special Characters, Unicode & Keyboard Symbols",,"Copy and paste Number 0 Coloring Page — Free Printable Sheet fonts, symbols and styled text for display names, usernames, bios, posts and chats. Free printable number 0 coloring page — a big, friendly outline of the number 0 to color, print, save as a PDF, or download as a PNG. No…. Create clean…",https://ultratextgen.com/printables/alphabet-coloring-pages/number-0/?utm_source=pinterest&utm_medium=social&utm_campaign=organic_pins&utm_content=printables-alphabet-coloring-pages-number-0,,"printables, number 0 coloring page — free printable sheet, number 0 coloring page — free printable sheet fonts, number 0 coloring page — free printable sheet symbols, copy and paste fonts, fancy text, copy and paste, ultratextgen"
Number 1 Coloring Page — Free Printable Sheet Fonts and Symbols to Copy and Paste,https://ultratextgen.com/assets/pinterest/printables-alphabet-coloring-pages-number-1.png,"Special Characters, Unicode & Keyboard Symbols",,"Copy and paste Number 1 Coloring Page — Free Printable Sheet fonts, symbols and styled text for display names, usernames, bios, posts and chats. Free printable number 1 coloring page — a big, friendly outline of the number 1 to color, print, save as a PDF, or download as a PNG. No…. Create clean…",https://ultratextgen.com/printables/alphabet-coloring-pages/number-1/?utm_source=pinterest&utm_medium=social&utm_campaign=organic_pins&utm_content=printables-alphabet-coloring-pages-number-1,,"printables, number 1 coloring page — free printable sheet, number 1 coloring page — free printable sheet fonts, number 1 coloring page — free printable sheet symbols, copy and paste fonts, fancy text, copy and paste, ultratextgen"
Number 2 Coloring Page — Free Printable Sheet Fonts and Symbols to Copy and Paste,https://ultratextgen.com/assets/pinterest/printables-alphabet-coloring-pages-number-2.png,"Special Characters, Unicode & Keyboard Symbols",,"Copy and paste Number 2 Coloring Page — Free Printable Sheet fonts, symbols and styled text for display names, usernames, bios, posts and chats. Free printable number 2 coloring page — a big, friendly outline of the number 2 to color, print, save as a PDF, or download as a PNG. No…. Create clean…",https://ultratextgen.com/printables/alphabet-coloring-pages/number-2/?utm_source=pinterest&utm_medium=social&utm_campaign=organic_pins&utm_content=printables-alphabet-coloring-pages-number-2,,"printables, number 2 coloring page — free printable sheet, number 2 coloring page — free printable sheet fonts, number 2 coloring page — free printable sheet symbols, copy and paste fonts, fancy text, copy and paste, ultratextgen"
Number 3 Coloring Page — Free Printable Sheet Fonts and Symbols to Copy and Paste,https://ultratextgen.com/assets/pinterest/printables-alphabet-coloring-pages-number-3.png,"Special Characters, Unicode & Keyboard Symbols",,"Copy and paste Number 3 Coloring Page — Free Printable Sheet fonts, symbols and styled text for display names, usernames, bios, posts and chats. Free printable number 3 coloring page — a big, friendly outline of the number 3 to color, print, save as a PDF, or download as a PNG. No…. Create clean…",https://ultratextgen.com/printables/alphabet-coloring-pages/number-3/?utm_source=pinterest&utm_medium=social&utm_campaign=organic_pins&utm_content=printables-alphabet-coloring-pages-number-3,,"printables, number 3 coloring page — free printable sheet, number 3 coloring page — free printable sheet fonts, number 3 coloring page — free printable sheet symbols, copy and paste fonts, fancy text, copy and paste, ultratextgen"
Number 4 Coloring Page — Free Printable Sheet Fonts and Symbols to Copy and Paste,https://ultratextgen.com/assets/pinterest/printables-alphabet-coloring-pages-number-4.png,"Special Characters, Unicode & Keyboard Symbols",,"Copy and paste Number 4 Coloring Page — Free Printable Sheet fonts, symbols and styled text for display names, usernames, bios, posts and chats. Free printable number 4 coloring page — a big, friendly outline of the number 4 to color, print, save as a PDF, or download as a PNG. No…. Create clean…",https://ultratextgen.com/printables/alphabet-coloring-pages/number-4/?utm_source=pinterest&utm_medium=social&utm_campaign=organic_pins&utm_content=printables-alphabet-coloring-pages-number-4,,"printables, number 4 coloring page — free printable sheet, number 4 coloring page — free printable sheet fonts, number 4 coloring page — free printable sheet symbols, copy and paste fonts, fancy text, copy and paste, ultratextgen"
Number 5 Coloring Page — Free Printable Sheet Fonts and Symbols to Copy and Paste,https://ultratextgen.com/assets/pinterest/printables-alphabet-coloring-pages-number-5.png,"Special Characters, Unicode & Keyboard Symbols",,"Copy and paste Number 5 Coloring Page — Free Printable Sheet fonts, symbols and styled text for display names, usernames, bios, posts and chats. Free printable number 5 coloring page — a big, friendly outline of the number 5 to color, print, save as a PDF, or download as a PNG. No…. Create clean…",https://ultratextgen.com/printables/alphabet-coloring-pages/number-5/?utm_source=pinterest&utm_medium=social&utm_campaign=organic_pins&utm_content=printables-alphabet-coloring-pages-number-5,,"printables, number 5 coloring page — free printable sheet, number 5 coloring page — free printable sheet fonts, number 5 coloring page — free printable sheet symbols, copy and paste fonts, fancy text, copy and paste, ultratextgen"
Number 6 Coloring Page — Free Printable Sheet Fonts and Symbols to Copy and Paste,https://ultratextgen.com/assets/pinterest/printables-alphabet-coloring-pages-number-6.png,"Special Characters, Unicode & Keyboard Symbols",,"Copy and paste Number 6 Coloring Page — Free Printable Sheet fonts, symbols and styled text for display names, usernames, bios, posts and chats. Free printable number 6 coloring page — a big, friendly outline of the number 6 to color, print, save as a PDF, or download as a PNG. No…. Create clean…",https://ultratextgen.com/printables/alphabet-coloring-pages/number-6/?utm_source=pinterest&utm_medium=social&utm_campaign=organic_pins&utm_content=printables-alphabet-coloring-pages-number-6,,"printables, number 6 coloring page — free printable sheet, number 6 coloring page — free printable sheet fonts, number 6 coloring page — free printable sheet symbols, copy and paste fonts, fancy text, copy and paste, ultratextgen"
Number 7 Coloring Page — Free Printable Sheet Fonts and Symbols to Copy and Paste,https://ultratextgen.com/assets/pinterest/printables-alphabet-coloring-pages-number-7.png,"Special Characters, Unicode & Keyboard Symbols",,"Copy and paste Number 7 Coloring Page — Free Printable Sheet fonts, symbols and styled text for display names, usernames, bios, posts and chats. Free printable number 7 coloring page — a big, friendly outline of the number 7 to color, print, save as a PDF, or download as a PNG. No…. Create clean…",https://ultratextgen.com/printables/alphabet-coloring-pages/number-7/?utm_source=pinterest&utm_medium=social&utm_campaign=organic_pins&utm_content=printables-alphabet-coloring-pages-number-7,,"printables, number 7 coloring page — free printable sheet, number 7 coloring page — free printable sheet fonts, number 7 coloring page — free printable sheet symbols, copy and paste fonts, fancy text, copy and paste, ultratextgen"
Number 8 Coloring Page — Free Printable Sheet Fonts and Symbols to Copy and Paste,https://ultratextgen.com/assets/pinterest/printables-alphabet-coloring-pages-number-8.png,"Special Characters, Unicode & Keyboard Symbols",,"Copy and paste Number 8 Coloring Page — Free Printable Sheet fonts, symbols and styled text for display names, usernames, bios, posts and chats. Free printable number 8 coloring page — a big, friendly outline of the number 8 to color, print, save as a PDF, or download as a PNG. No…. Create clean…",https://ultratextgen.com/printables/alphabet-coloring-pages/number-8/?utm_source=pinterest&utm_medium=social&utm_campaign=organic_pins&utm_content=printables-alphabet-coloring-pages-number-8,,"printables, number 8 coloring page — free printable sheet, number 8 coloring page — free printable sheet fonts, number 8 coloring page — free printable sheet symbols, copy and paste fonts, fancy text, copy and paste, ultratextgen"
Number 9 Coloring Page — Free Printable Sheet Fonts and Symbols to Copy and Paste,https://ultratextgen.com/assets/pinterest/printables-alphabet-coloring-pages-number-9.png,"Special Characters, Unicode & Keyboard Symbols",,"Copy and paste Number 9 Coloring Page — Free Printable Sheet fonts, symbols and styled text for display names, usernames, bios, posts and chats. Free printable number 9 coloring page — a big, friendly outline of the number 9 to color, print, save as a PDF, or download as a PNG. No…. Create clean…",https://ultratextgen.com/printables/alphabet-coloring-pages/number-9/?utm_source=pinterest&utm_medium=social&utm_campaign=organic_pins&utm_content=printables-alphabet-coloring-pages-number-9,,"printables, number 9 coloring page — free printable sheet, number 9 coloring page — free printable sheet fonts, number 9 coloring page — free printable sheet symbols, copy and paste fonts, fancy text, copy and paste, ultratextgen"
Printable Banner Maker Fonts and Symbols to Copy and Paste,https://ultratextgen.com/assets/pinterest/printables-banner-maker.png,Emoji Copy Paste & Emoji Combos,,"Copy and paste Printable Banner Maker fonts, symbols and styled text for display names, usernames, bios, posts and chats. One flag per letter, cut and strung to spell any word. Create clean Unicode styles in seconds with UltraTextGen — free and no app needed.",https://ultratextgen.com/printables/banner-maker/?utm_source=pinterest&utm_medium=social&utm_campaign=organic_pins&utm_content=printables-banner-maker,,"printables, printable banner maker, printable banner maker fonts, printable banner maker symbols, copy and paste fonts, fancy text, copy and paste, ultratextgen"
Best Friend in Cursive Fonts and Symbols to Copy and Paste,https://ultratextgen.com/assets/pinterest/printables-best-friend-in-cursive.png,Instagram Bio Symbols & Aesthetic Text,,"Copy and paste Best Friend in Cursive fonts, symbols and styled text for display names, usernames, bios, posts and chats. Free printable tracing worksheet. Create clean Unicode styles in seconds with UltraTextGen — free and no app needed.",https://ultratextgen.com/printables/best-friend-in-cursive/?utm_source=pinterest&utm_medium=social&utm_campaign=organic_pins&utm_content=printables-best-friend-in-cursive,,"printables, best friend in cursive, best friend in cursive fonts, best friend in cursive symbols, copy and paste fonts, fancy text, copy and paste, ultratextgen"
Printable Block Letters & Stencils Fonts and Symbols to Copy and Paste,https://ultratextgen.com/assets/pinterest/printables-block-letters.png,Fancy Text Generator & Copy Paste Fonts,,"Copy and paste Printable Block Letters & Stencils fonts, symbols and styled text for display names, usernames, bios, posts and chats. Bold hollow A-Z & 0-9 stencils to trace, cut and use. Create clean Unicode styles in seconds with UltraTextGen — free and no app needed.",https://ultratextgen.com/printables/block-letters/?utm_source=pinterest&utm_medium=social&utm_campaign=organic_pins&utm_content=printables-block-letters,,"printables, printable block letters & stencils, printable block letters & stencils fonts, printable block letters & stencils symbols, copy and paste fonts, fancy text, copy and paste, ultratextgen"
"Letter A Stencil — Free Printable Block Letter (Print, Trace & Cut) Fonts and Symbols",https://ultratextgen.com/assets/pinterest/printables-block-letters-letter-a.png,Fancy Text Generator & Copy Paste Fonts,,"Copy and paste Letter A Stencil — Free Printable Block Letter (Print, Trace & Cut) fonts, symbols and styled text for display names, usernames, bios, posts and chats. Free printable letter A stencil — a bold block outline of A/a to print, trace, or cut out. Scale it to any size in the print…",https://ultratextgen.com/printables/block-letters/letter-a/?utm_source=pinterest&utm_medium=social&utm_campaign=organic_pins&utm_content=printables-block-letters-letter-a,,"printables, letter a stencil — free printable block letter (print, trace & cut), letter a stencil — free printable block letter (print, trace & cut) fonts, letter a stencil — free printable block letter (print, trace & cut) symbols, copy and paste fonts, fancy text, copy and paste, ultratextgen"
"Letter B Stencil — Free Printable Block Letter (Print, Trace & Cut) Fonts and Symbols",https://ultratextgen.com/assets/pinterest/printables-block-letters-letter-b.png,Fancy Text Generator & Copy Paste Fonts,,"Copy and paste Letter B Stencil — Free Printable Block Letter (Print, Trace & Cut) fonts, symbols and styled text for display names, usernames, bios, posts and chats. Free printable letter B stencil — a bold block outline of B/b to print, trace, or cut out. Scale it to any size in the print…",https://ultratextgen.com/printables/block-letters/letter-b/?utm_source=pinterest&utm_medium=social&utm_campaign=organic_pins&utm_content=printables-block-letters-letter-b,,"printables, letter b stencil — free printable block letter (print, trace & cut), letter b stencil — free printable block letter (print, trace & cut) fonts, letter b stencil — free printable block letter (print, trace & cut) symbols, copy and paste fonts, fancy text, copy and paste, ultratextgen"
"Letter C Stencil — Free Printable Block Letter (Print, Trace & Cut) Fonts and Symbols",https://ultratextgen.com/assets/pinterest/printables-block-letters-letter-c.png,Fancy Text Generator & Copy Paste Fonts,,"Copy and paste Letter C Stencil — Free Printable Block Letter (Print, Trace & Cut) fonts, symbols and styled text for display names, usernames, bios, posts and chats. Free printable letter C stencil — a bold block outline of C/c to print, trace, or cut out. Scale it to any size in the print…",https://ultratextgen.com/printables/block-letters/letter-c/?utm_source=pinterest&utm_medium=social&utm_campaign=organic_pins&utm_content=printables-block-letters-letter-c,,"printables, letter c stencil — free printable block letter (print, trace & cut), letter c stencil — free printable block letter (print, trace & cut) fonts, letter c stencil — free printable block letter (print, trace & cut) symbols, copy and paste fonts, fancy text, copy and paste, ultratextgen"
"Letter D Stencil — Free Printable Block Letter (Print, Trace & Cut) Fonts and Symbols",https://ultratextgen.com/assets/pinterest/printables-block-letters-letter-d.png,Fancy Text Generator & Copy Paste Fonts,,"Copy and paste Letter D Stencil — Free Printable Block Letter (Print, Trace & Cut) fonts, symbols and styled text for display names, usernames, bios, posts and chats. Free printable letter D stencil — a bold block outline of D/d to print, trace, or cut out. Scale it to any size in the print…",https://ultratextgen.com/printables/block-letters/letter-d/?utm_source=pinterest&utm_medium=social&utm_campaign=organic_pins&utm_content=printables-block-letters-letter-d,,"printables, letter d stencil — free printable block letter (print, trace & cut), letter d stencil — free printable block letter (print, trace & cut) fonts, letter d stencil — free printable block letter (print, trace & cut) symbols, copy and paste fonts, fancy text, copy and paste, ultratextgen"
"Letter E Stencil — Free Printable Block Letter (Print, Trace & Cut) Fonts and Symbols",https://ultratextgen.com/assets/pinterest/printables-block-letters-letter-e.png,Fancy Text Generator & Copy Paste Fonts,,"Copy and paste Letter E Stencil — Free Printable Block Letter (Print, Trace & Cut) fonts, symbols and styled text for display names, usernames, bios, posts and chats. Free printable letter E stencil — a bold block outline of E/e to print, trace, or cut out. Scale it to any size in the print…",https://ultratextgen.com/printables/block-letters/letter-e/?utm_source=pinterest&utm_medium=social&utm_campaign=organic_pins&utm_content=printables-block-letters-letter-e,,"printables, letter e stencil — free printable block letter (print, trace & cut), letter e stencil — free printable block letter (print, trace & cut) fonts, letter e stencil — free printable block letter (print, trace & cut) symbols, copy and paste fonts, fancy text, copy and paste, ultratextgen"
"Letter F Stencil — Free Printable Block Letter (Print, Trace & Cut) Fonts and Symbols",https://ultratextgen.com/assets/pinterest/printables-block-letters-letter-f.png,Fancy Text Generator & Copy Paste Fonts,,"Copy and paste Letter F Stencil — Free Printable Block Letter (Print, Trace & Cut) fonts, symbols and styled text for display names, usernames, bios, posts and chats. Free printable letter F stencil — a bold block outline of F/f to print, trace, or cut out. Scale it to any size in the print…",https://ultratextgen.com/printables/block-letters/letter-f/?utm_source=pinterest&utm_medium=social&utm_campaign=organic_pins&utm_content=printables-block-letters-letter-f,,"printables, letter f stencil — free printable block letter (print, trace & cut), letter f stencil — free printable block letter (print, trace & cut) fonts, letter f stencil — free printable block letter (print, trace & cut) symbols, copy and paste fonts, fancy text, copy and paste, ultratextgen"
"Letter G Stencil — Free Printable Block Letter (Print, Trace & Cut) Fonts and Symbols",https://ultratextgen.com/assets/pinterest/printables-block-letters-letter-g.png,Fancy Text Generator & Copy Paste Fonts,,"Copy and paste Letter G Stencil — Free Printable Block Letter (Print, Trace & Cut) fonts, symbols and styled text for display names, usernames, bios, posts and chats. Free printable letter G stencil — a bold block outline of G/g to print, trace, or cut out. Scale it to any size in the print…",https://ultratextgen.com/printables/block-letters/letter-g/?utm_source=pinterest&utm_medium=social&utm_campaign=organic_pins&utm_content=printables-block-letters-letter-g,,"printables, letter g stencil — free printable block letter (print, trace & cut), letter g stencil — free printable block letter (print, trace & cut) fonts, letter g stencil — free printable block letter (print, trace & cut) symbols, copy and paste fonts, fancy text, copy and paste, ultratextgen"
"Letter H Stencil — Free Printable Block Letter (Print, Trace & Cut) Fonts and Symbols",https://ultratextgen.com/assets/pinterest/printables-block-letters-letter-h.png,Fancy Text Generator & Copy Paste Fonts,,"Copy and paste Letter H Stencil — Free Printable Block Letter (Print, Trace & Cut) fonts, symbols and styled text for display names, usernames, bios, posts and chats. Free printable letter H stencil — a bold block outline of H/h to print, trace, or cut out. Scale it to any size in the print…",https://ultratextgen.com/printables/block-letters/letter-h/?utm_source=pinterest&utm_medium=social&utm_campaign=organic_pins&utm_content=printables-block-letters-letter-h,,"printables, letter h stencil — free printable block letter (print, trace & cut), letter h stencil — free printable block letter (print, trace & cut) fonts, letter h stencil — free printable block letter (print, trace & cut) symbols, copy and paste fonts, fancy text, copy and paste, ultratextgen"
"Letter I Stencil — Free Printable Block Letter (Print, Trace & Cut) Fonts and Symbols",https://ultratextgen.com/assets/pinterest/printables-block-letters-letter-i.png,Fancy Text Generator & Copy Paste Fonts,,"Copy and paste Letter I Stencil — Free Printable Block Letter (Print, Trace & Cut) fonts, symbols and styled text for display names, usernames, bios, posts and chats. Free printable letter I stencil — a bold block outline of I/i to print, trace, or cut out. Scale it to any size in the print…",https://ultratextgen.com/printables/block-letters/letter-i/?utm_source=pinterest&utm_medium=social&utm_campaign=organic_pins&utm_content=printables-block-letters-letter-i,,"printables, letter i stencil — free printable block letter (print, trace & cut), letter i stencil — free printable block letter (print, trace & cut) fonts, letter i stencil — free printable block letter (print, trace & cut) symbols, copy and paste fonts, fancy text, copy and paste, ultratextgen"
"Letter J Stencil — Free Printable Block Letter (Print, Trace & Cut) Fonts and Symbols",https://ultratextgen.com/assets/pinterest/printables-block-letters-letter-j.png,Fancy Text Generator & Copy Paste Fonts,,"Copy and paste Letter J Stencil — Free Printable Block Letter (Print, Trace & Cut) fonts, symbols and styled text for display names, usernames, bios, posts and chats. Free printable letter J stencil — a bold block outline of J/j to print, trace, or cut out. Scale it to any size in the print…",https://ultratextgen.com/printables/block-letters/letter-j/?utm_source=pinterest&utm_medium=social&utm_campaign=organic_pins&utm_content=printables-block-letters-letter-j,,"printables, letter j stencil — free printable block letter (print, trace & cut), letter j stencil — free printable block letter (print, trace & cut) fonts, letter j stencil — free printable block letter (print, trace & cut) symbols, copy and paste fonts, fancy text, copy and paste, ultratextgen"
"Letter K Stencil — Free Printable Block Letter (Print, Trace & Cut) Fonts and Symbols",https://ultratextgen.com/assets/pinterest/printables-block-letters-letter-k.png,Fancy Text Generator & Copy Paste Fonts,,"Copy and paste Letter K Stencil — Free Printable Block Letter (Print, Trace & Cut) fonts, symbols and styled text for display names, usernames, bios, posts and chats. Free printable letter K stencil — a bold block outline of K/k to print, trace, or cut out. Scale it to any size in the print…",https://ultratextgen.com/printables/block-letters/letter-k/?utm_source=pinterest&utm_medium=social&utm_campaign=organic_pins&utm_content=printables-block-letters-letter-k,,"printables, letter k stencil — free printable block letter (print, trace & cut), letter k stencil — free printable block letter (print, trace & cut) fonts, letter k stencil — free printable block letter (print, trace & cut) symbols, copy and paste fonts, fancy text, copy and paste, ultratextgen"
"Letter L Stencil — Free Printable Block Letter (Print, Trace & Cut) Fonts and Symbols",https://ultratextgen.com/assets/pinterest/printables-block-letters-letter-l.png,Fancy Text Generator & Copy Paste Fonts,,"Copy and paste Letter L Stencil — Free Printable Block Letter (Print, Trace & Cut) fonts, symbols and styled text for display names, usernames, bios, posts and chats. Free printable letter L stencil — a bold block outline of L/l to print, trace, or cut out. Scale it to any size in the print…",https://ultratextgen.com/printables/block-letters/letter-l/?utm_source=pinterest&utm_medium=social&utm_campaign=organic_pins&utm_content=printables-block-letters-letter-l,,"printables, letter l stencil — free printable block letter (print, trace & cut), letter l stencil — free printable block letter (print, trace & cut) fonts, letter l stencil — free printable block letter (print, trace & cut) symbols, copy and paste fonts, fancy text, copy and paste, ultratextgen"
"Letter M Stencil — Free Printable Block Letter (Print, Trace & Cut) Fonts and Symbols",https://ultratextgen.com/assets/pinterest/printables-block-letters-letter-m.png,Fancy Text Generator & Copy Paste Fonts,,"Copy and paste Letter M Stencil — Free Printable Block Letter (Print, Trace & Cut) fonts, symbols and styled text for display names, usernames, bios, posts and chats. Free printable letter M stencil — a bold block outline of M/m to print, trace, or cut out. Scale it to any size in the print…",https://ultratextgen.com/printables/block-letters/letter-m/?utm_source=pinterest&utm_medium=social&utm_campaign=organic_pins&utm_content=printables-block-letters-letter-m,,"printables, letter m stencil — free printable block letter (print, trace & cut), letter m stencil — free printable block letter (print, trace & cut) fonts, letter m stencil — free printable block letter (print, trace & cut) symbols, copy and paste fonts, fancy text, copy and paste, ultratextgen"
"Letter N Stencil — Free Printable Block Letter (Print, Trace & Cut) Fonts and Symbols",https://ultratextgen.com/assets/pinterest/printables-block-letters-letter-n.png,Fancy Text Generator & Copy Paste Fonts,,"Copy and paste Letter N Stencil — Free Printable Block Letter (Print, Trace & Cut) fonts, symbols and styled text for display names, usernames, bios, posts and chats. Free printable letter N stencil — a bold block outline of N/n to print, trace, or cut out. Scale it to any size in the print…",https://ultratextgen.com/printables/block-letters/letter-n/?utm_source=pinterest&utm_medium=social&utm_campaign=organic_pins&utm_content=printables-block-letters-letter-n,,"printables, letter n stencil — free printable block letter (print, trace & cut), letter n stencil — free printable block letter (print, trace & cut) fonts, letter n stencil — free printable block letter (print, trace & cut) symbols, copy and paste fonts, fancy text, copy and paste, ultratextgen"
"Letter O Stencil — Free Printable Block Letter (Print, Trace & Cut) Fonts and Symbols",https://ultratextgen.com/assets/pinterest/printables-block-letters-letter-o.png,Fancy Text Generator & Copy Paste Fonts,,"Copy and paste Letter O Stencil — Free Printable Block Letter (Print, Trace & Cut) fonts, symbols and styled text for display names, usernames, bios, posts and chats. Free printable letter O stencil — a bold block outline of O/o to print, trace, or cut out. Scale it to any size in the print…",https://ultratextgen.com/printables/block-letters/letter-o/?utm_source=pinterest&utm_medium=social&utm_campaign=organic_pins&utm_content=printables-block-letters-letter-o,,"printables, letter o stencil — free printable block letter (print, trace & cut), letter o stencil — free printable block letter (print, trace & cut) fonts, letter o stencil — free printable block letter (print, trace & cut) symbols, copy and paste fonts, fancy text, copy and paste, ultratextgen"
"Letter P Stencil — Free Printable Block Letter (Print, Trace & Cut) Fonts and Symbols",https://ultratextgen.com/assets/pinterest/printables-block-letters-letter-p.png,Fancy Text Generator & Copy Paste Fonts,,"Copy and paste Letter P Stencil — Free Printable Block Letter (Print, Trace & Cut) fonts, symbols and styled text for display names, usernames, bios, posts and chats. Free printable letter P stencil — a bold block outline of P/p to print, trace, or cut out. Scale it to any size in the print…",https://ultratextgen.com/printables/block-letters/letter-p/?utm_source=pinterest&utm_medium=social&utm_campaign=organic_pins&utm_content=printables-block-letters-letter-p,,"printables, letter p stencil — free printable block letter (print, trace & cut), letter p stencil — free printable block letter (print, trace & cut) fonts, letter p stencil — free printable block letter (print, trace & cut) symbols, copy and paste fonts, fancy text, copy and paste, ultratextgen"
"Letter Q Stencil — Free Printable Block Letter (Print, Trace & Cut) Fonts and Symbols",https://ultratextgen.com/assets/pinterest/printables-block-letters-letter-q.png,Fancy Text Generator & Copy Paste Fonts,,"Copy and paste Letter Q Stencil — Free Printable Block Letter (Print, Trace & Cut) fonts, symbols and styled text for display names, usernames, bios, posts and chats. Free printable letter Q stencil — a bold block outline of Q/q to print, trace, or cut out. Scale it to any size in the print…",https://ultratextgen.com/printables/block-letters/letter-q/?utm_source=pinterest&utm_medium=social&utm_campaign=organic_pins&utm_content=printables-block-letters-letter-q,,"printables, letter q stencil — free printable block letter (print, trace & cut), letter q stencil — free printable block letter (print, trace & cut) fonts, letter q stencil — free printable block letter (print, trace & cut) symbols, copy and paste fonts, fancy text, copy and paste, ultratextgen"
"Letter R Stencil — Free Printable Block Letter (Print, Trace & Cut) Fonts and Symbols",https://ultratextgen.com/assets/pinterest/printables-block-letters-letter-r.png,Fancy Text Generator & Copy Paste Fonts,,"Copy and paste Letter R Stencil — Free Printable Block Letter (Print, Trace & Cut) fonts, symbols and styled text for display names, usernames, bios, posts and chats. Free printable letter R stencil — a bold block outline of R/r to print, trace, or cut out. Scale it to any size in the print…",https://ultratextgen.com/printables/block-letters/letter-r/?utm_source=pinterest&utm_medium=social&utm_campaign=organic_pins&utm_content=printables-block-letters-letter-r,,"printables, letter r stencil — free printable block letter (print, trace & cut), letter r stencil — free printable block letter (print, trace & cut) fonts, letter r stencil — free printable block letter (print, trace & cut) symbols, copy and paste fonts, fancy text, copy and paste, ultratextgen"
"Letter S Stencil — Free Printable Block Letter (Print, Trace & Cut) Fonts and Symbols",https://ultratextgen.com/assets/pinterest/printables-block-letters-letter-s.png,Fancy Text Generator & Copy Paste Fonts,,"Copy and paste Letter S Stencil — Free Printable Block Letter (Print, Trace & Cut) fonts, symbols and styled text for display names, usernames, bios, posts and chats. Free printable letter S stencil — a bold block outline of S/s to print, trace, or cut out. Scale it to any size in the print…",https://ultratextgen.com/printables/block-letters/letter-s/?utm_source=pinterest&utm_medium=social&utm_campaign=organic_pins&utm_content=printables-block-letters-letter-s,,"printables, letter s stencil — free printable block letter (print, trace & cut), letter s stencil — free printable block letter (print, trace & cut) fonts, letter s stencil — free printable block letter (print, trace & cut) symbols, copy and paste fonts, fancy text, copy and paste, ultratextgen"
"Letter T Stencil — Free Printable Block Letter (Print, Trace & Cut) Fonts and Symbols",https://ultratextgen.com/assets/pinterest/printables-block-letters-letter-t.png,Fancy Text Generator & Copy Paste Fonts,,"Copy and paste Letter T Stencil — Free Printable Block Letter (Print, Trace & Cut) fonts, symbols and styled text for display names, usernames, bios, posts and chats. Free printable letter T stencil — a bold block outline of T/t to print, trace, or cut out. Scale it to any size in the print…",https://ultratextgen.com/printables/block-letters/letter-t/?utm_source=pinterest&utm_medium=social&utm_campaign=organic_pins&utm_content=printables-block-letters-letter-t,,"printables, letter t stencil — free printable block letter (print, trace & cut), letter t stencil — free printable block letter (print, trace & cut) fonts, letter t stencil — free printable block letter (print, trace & cut) symbols, copy and paste fonts, fancy text, copy and paste, ultratextgen"
"Letter U Stencil — Free Printable Block Letter (Print, Trace & Cut) Fonts and Symbols",https://ultratextgen.com/assets/pinterest/printables-block-letters-letter-u.png,Fancy Text Generator & Copy Paste Fonts,,"Copy and paste Letter U Stencil — Free Printable Block Letter (Print, Trace & Cut) fonts, symbols and styled text for display names, usernames, bios, posts and chats. Free printable letter U stencil — a bold block outline of U/u to print, trace, or cut out. Scale it to any size in the print…",https://ultratextgen.com/printables/block-letters/letter-u/?utm_source=pinterest&utm_medium=social&utm_campaign=organic_pins&utm_content=printables-block-letters-letter-u,,"printables, letter u stencil — free printable block letter (print, trace & cut), letter u stencil — free printable block letter (print, trace & cut) fonts, letter u stencil — free printable block letter (print, trace & cut) symbols, copy and paste fonts, fancy text, copy and paste, ultratextgen"
"Letter V Stencil — Free Printable Block Letter (Print, Trace & Cut) Fonts and Symbols",https://ultratextgen.com/assets/pinterest/printables-block-letters-letter-v.png,Fancy Text Generator & Copy Paste Fonts,,"Copy and paste Letter V Stencil — Free Printable Block Letter (Print, Trace & Cut) fonts, symbols and styled text for display names, usernames, bios, posts and chats. Free printable letter V stencil — a bold block outline of V/v to print, trace, or cut out. Scale it to any size in the print…",https://ultratextgen.com/printables/block-letters/letter-v/?utm_source=pinterest&utm_medium=social&utm_campaign=organic_pins&utm_content=printables-block-letters-letter-v,,"printables, letter v stencil — free printable block letter (print, trace & cut), letter v stencil — free printable block letter (print, trace & cut) fonts, letter v stencil — free printable block letter (print, trace & cut) symbols, copy and paste fonts, fancy text, copy and paste, ultratextgen"
"Letter W Stencil — Free Printable Block Letter (Print, Trace & Cut) Fonts and Symbols",https://ultratextgen.com/assets/pinterest/printables-block-letters-letter-w.png,Fancy Text Generator & Copy Paste Fonts,,"Copy and paste Letter W Stencil — Free Printable Block Letter (Print, Trace & Cut) fonts, symbols and styled text for display names, usernames, bios, posts and chats. Free printable letter W stencil — a bold block outline of W/w to print, trace, or cut out. Scale it to any size in the print…",https://ultratextgen.com/printables/block-letters/letter-w/?utm_source=pinterest&utm_medium=social&utm_campaign=organic_pins&utm_content=printables-block-letters-letter-w,,"printables, letter w stencil — free printable block letter (print, trace & cut), letter w stencil — free printable block letter (print, trace & cut) fonts, letter w stencil — free printable block letter (print, trace & cut) symbols, copy and paste fonts, fancy text, copy and paste, ultratextgen"
"Letter X Stencil — Free Printable Block Letter (Print, Trace & Cut) Fonts and Symbols",https://ultratextgen.com/assets/pinterest/printables-block-letters-letter-x.png,Fancy Text Generator & Copy Paste Fonts,,"Copy and paste Letter X Stencil — Free Printable Block Letter (Print, Trace & Cut) fonts, symbols and styled text for display names, usernames, bios, posts and chats. Free printable letter X stencil — a bold block outline of X/x to print, trace, or cut out. Scale it to any size in the print…",https://ultratextgen.com/printables/block-letters/letter-x/?utm_source=pinterest&utm_medium=social&utm_campaign=organic_pins&utm_content=printables-block-letters-letter-x,,"printables, letter x stencil — free printable block letter (print, trace & cut), letter x stencil — free printable block letter (print, trace & cut) fonts, letter x stencil — free printable block letter (print, trace & cut) symbols, copy and paste fonts, fancy text, copy and paste, ultratextgen"
"Letter Y Stencil — Free Printable Block Letter (Print, Trace & Cut) Fonts and Symbols",https://ultratextgen.com/assets/pinterest/printables-block-letters-letter-y.png,Fancy Text Generator & Copy Paste Fonts,,"Copy and paste Letter Y Stencil — Free Printable Block Letter (Print, Trace & Cut) fonts, symbols and styled text for display names, usernames, bios, posts and chats. Free printable letter Y stencil — a bold block outline of Y/y to print, trace, or cut out. Scale it to any size in the print…",https://ultratextgen.com/printables/block-letters/letter-y/?utm_source=pinterest&utm_medium=social&utm_campaign=organic_pins&utm_content=printables-block-letters-letter-y,,"printables, letter y stencil — free printable block letter (print, trace & cut), letter y stencil — free printable block letter (print, trace & cut) fonts, letter y stencil — free printable block letter (print, trace & cut) symbols, copy and paste fonts, fancy text, copy and paste, ultratextgen"
"Letter Z Stencil — Free Printable Block Letter (Print, Trace & Cut) Fonts and Symbols",https://ultratextgen.com/assets/pinterest/printables-block-letters-letter-z.png,Fancy Text Generator & Copy Paste Fonts,,"Copy and paste Letter Z Stencil — Free Printable Block Letter (Print, Trace & Cut) fonts, symbols and styled text for display names, usernames, bios, posts and chats. Free printable letter Z stencil — a bold block outline of Z/z to print, trace, or cut out. Scale it to any size in the print…",https://ultratextgen.com/printables/block-letters/letter-z/?utm_source=pinterest&utm_medium=social&utm_campaign=organic_pins&utm_content=printables-block-letters-letter-z,,"printables, letter z stencil — free printable block letter (print, trace & cut), letter z stencil — free printable block letter (print, trace & cut) fonts, letter z stencil — free printable block letter (print, trace & cut) symbols, copy and paste fonts, fancy text, copy and paste, ultratextgen"
"Number 0 Stencil — Free Printable Block Number (Print, Trace & Cut) Fonts and Symbols",https://ultratextgen.com/assets/pinterest/printables-block-letters-number-0.png,"Special Characters, Unicode & Keyboard Symbols",,"Copy and paste Number 0 Stencil — Free Printable Block Number (Print, Trace & Cut) fonts, symbols and styled text for display names, usernames, bios, posts and chats. Free printable number 0 stencil — a bold block outline of the number 0 to print, trace, or cut out. Scale it to any size for…",https://ultratextgen.com/printables/block-letters/number-0/?utm_source=pinterest&utm_medium=social&utm_campaign=organic_pins&utm_content=printables-block-letters-number-0,,"printables, number 0 stencil — free printable block number (print, trace & cut), number 0 stencil — free printable block number (print, trace & cut) fonts, number 0 stencil — free printable block number (print, trace & cut) symbols, copy and paste fonts, fancy text, copy and paste, ultratextgen"
"Number 1 Stencil — Free Printable Block Number (Print, Trace & Cut) Fonts and Symbols",https://ultratextgen.com/assets/pinterest/printables-block-letters-number-1.png,"Special Characters, Unicode & Keyboard Symbols",,"Copy and paste Number 1 Stencil — Free Printable Block Number (Print, Trace & Cut) fonts, symbols and styled text for display names, usernames, bios, posts and chats. Free printable number 1 stencil — a bold block outline of the number 1 to print, trace, or cut out. Scale it to any size for…",https://ultratextgen.com/printables/block-letters/number-1/?utm_source=pinterest&utm_medium=social&utm_campaign=organic_pins&utm_content=printables-block-letters-number-1,,"printables, number 1 stencil — free printable block number (print, trace & cut), number 1 stencil — free printable block number (print, trace & cut) fonts, number 1 stencil — free printable block number (print, trace & cut) symbols, copy and paste fonts, fancy text, copy and paste, ultratextgen"
"Number 2 Stencil — Free Printable Block Number (Print, Trace & Cut) Fonts and Symbols",https://ultratextgen.com/assets/pinterest/printables-block-letters-number-2.png,"Special Characters, Unicode & Keyboard Symbols",,"Copy and paste Number 2 Stencil — Free Printable Block Number (Print, Trace & Cut) fonts, symbols and styled text for display names, usernames, bios, posts and chats. Free printable number 2 stencil — a bold block outline of the number 2 to print, trace, or cut out. Scale it to any size for…",https://ultratextgen.com/printables/block-letters/number-2/?utm_source=pinterest&utm_medium=social&utm_campaign=organic_pins&utm_content=printables-block-letters-number-2,,"printables, number 2 stencil — free printable block number (print, trace & cut), number 2 stencil — free printable block number (print, trace & cut) fonts, number 2 stencil — free printable block number (print, trace & cut) symbols, copy and paste fonts, fancy text, copy and paste, ultratextgen"
"Number 3 Stencil — Free Printable Block Number (Print, Trace & Cut) Fonts and Symbols",https://ultratextgen.com/assets/pinterest/printables-block-letters-number-3.png,"Special Characters, Unicode & Keyboard Symbols",,"Copy and paste Number 3 Stencil — Free Printable Block Number (Print, Trace & Cut) fonts, symbols and styled text for display names, usernames, bios, posts and chats. Free printable number 3 stencil — a bold block outline of the number 3 to print, trace, or cut out. Scale it to any size for…",https://ultratextgen.com/printables/block-letters/number-3/?utm_source=pinterest&utm_medium=social&utm_campaign=organic_pins&utm_content=printables-block-letters-number-3,,"printables, number 3 stencil — free printable block number (print, trace & cut), number 3 stencil — free printable block number (print, trace & cut) fonts, number 3 stencil — free printable block number (print, trace & cut) symbols, copy and paste fonts, fancy text, copy and paste, ultratextgen"
"Number 4 Stencil — Free Printable Block Number (Print, Trace & Cut) Fonts and Symbols",https://ultratextgen.com/assets/pinterest/printables-block-letters-number-4.png,"Special Characters, Unicode & Keyboard Symbols",,"Copy and paste Number 4 Stencil — Free Printable Block Number (Print, Trace & Cut) fonts, symbols and styled text for display names, usernames, bios, posts and chats. Free printable number 4 stencil — a bold block outline of the number 4 to print, trace, or cut out. Scale it to any size for…",https://ultratextgen.com/printables/block-letters/number-4/?utm_source=pinterest&utm_medium=social&utm_campaign=organic_pins&utm_content=printables-block-letters-number-4,,"printables, number 4 stencil — free printable block number (print, trace & cut), number 4 stencil — free printable block number (print, trace & cut) fonts, number 4 stencil — free printable block number (print, trace & cut) symbols, copy and paste fonts, fancy text, copy and paste, ultratextgen"
"Number 5 Stencil — Free Printable Block Number (Print, Trace & Cut) Fonts and Symbols",https://ultratextgen.com/assets/pinterest/printables-block-letters-number-5.png,"Special Characters, Unicode & Keyboard Symbols",,"Copy and paste Number 5 Stencil — Free Printable Block Number (Print, Trace & Cut) fonts, symbols and styled text for display names, usernames, bios, posts and chats. Free printable number 5 stencil — a bold block outline of the number 5 to print, trace, or cut out. Scale it to any size for…",https://ultratextgen.com/printables/block-letters/number-5/?utm_source=pinterest&utm_medium=social&utm_campaign=organic_pins&utm_content=printables-block-letters-number-5,,"printables, number 5 stencil — free printable block number (print, trace & cut), number 5 stencil — free printable block number (print, trace & cut) fonts, number 5 stencil — free printable block number (print, trace & cut) symbols, copy and paste fonts, fancy text, copy and paste, ultratextgen"
"Number 6 Stencil — Free Printable Block Number (Print, Trace & Cut) Fonts and Symbols",https://ultratextgen.com/assets/pinterest/printables-block-letters-number-6.png,"Special Characters, Unicode & Keyboard Symbols",,"Copy and paste Number 6 Stencil — Free Printable Block Number (Print, Trace & Cut) fonts, symbols and styled text for display names, usernames, bios, posts and chats. Free printable number 6 stencil — a bold block outline of the number 6 to print, trace, or cut out. Scale it to any size for…",https://ultratextgen.com/printables/block-letters/number-6/?utm_source=pinterest&utm_medium=social&utm_campaign=organic_pins&utm_content=printables-block-letters-number-6,,"printables, number 6 stencil — free printable block number (print, trace & cut), number 6 stencil — free printable block number (print, trace & cut) fonts, number 6 stencil — free printable block number (print, trace & cut) symbols, copy and paste fonts, fancy text, copy and paste, ultratextgen"
"Number 7 Stencil — Free Printable Block Number (Print, Trace & Cut) Fonts and Symbols",https://ultratextgen.com/assets/pinterest/printables-block-letters-number-7.png,"Special Characters, Unicode & Keyboard Symbols",,"Copy and paste Number 7 Stencil — Free Printable Block Number (Print, Trace & Cut) fonts, symbols and styled text for display names, usernames, bios, posts and chats. Free printable number 7 stencil — a bold block outline of the number 7 to print, trace, or cut out. Scale it to any size for…",https://ultratextgen.com/printables/block-letters/number-7/?utm_source=pinterest&utm_medium=social&utm_campaign=organic_pins&utm_content=printables-block-letters-number-7,,"printables, number 7 stencil — free printable block number (print, trace & cut), number 7 stencil — free printable block number (print, trace & cut) fonts, number 7 stencil — free printable block number (print, trace & cut) symbols, copy and paste fonts, fancy text, copy and paste, ultratextgen"
"Number 8 Stencil — Free Printable Block Number (Print, Trace & Cut) Fonts and Symbols",https://ultratextgen.com/assets/pinterest/printables-block-letters-number-8.png,"Special Characters, Unicode & Keyboard Symbols",,"Copy and paste Number 8 Stencil — Free Printable Block Number (Print, Trace & Cut) fonts, symbols and styled text for display names, usernames, bios, posts and chats. Free printable number 8 stencil — a bold block outline of the number 8 to print, trace, or cut out. Scale it to any size for…",https://ultratextgen.com/printables/block-letters/number-8/?utm_source=pinterest&utm_medium=social&utm_campaign=organic_pins&utm_content=printables-block-letters-number-8,,"printables, number 8 stencil — free printable block number (print, trace & cut), number 8 stencil — free printable block number (print, trace & cut) fonts, number 8 stencil — free printable block number (print, trace & cut) symbols, copy and paste fonts, fancy text, copy and paste, ultratextgen"
"Number 9 Stencil — Free Printable Block Number (Print, Trace & Cut) Fonts and Symbols",https://ultratextgen.com/assets/pinterest/printables-block-letters-number-9.png,"Special Characters, Unicode & Keyboard Symbols",,"Copy and paste Number 9 Stencil — Free Printable Block Number (Print, Trace & Cut) fonts, symbols and styled text for display names, usernames, bios, posts and chats. Free printable number 9 stencil — a bold block outline of the number 9 to print, trace, or cut out. Scale it to any size for…",https://ultratextgen.com/printables/block-letters/number-9/?utm_source=pinterest&utm_medium=social&utm_campaign=organic_pins&utm_content=printables-block-letters-number-9,,"printables, number 9 stencil — free printable block number (print, trace & cut), number 9 stencil — free printable block number (print, trace & cut) fonts, number 9 stencil — free printable block number (print, trace & cut) symbols, copy and paste fonts, fancy text, copy and paste, ultratextgen"
Printable Bubble Letters Fonts and Symbols to Copy and Paste,https://ultratextgen.com/assets/pinterest/printables-bubble-letters.png,Instagram Bio Symbols & Aesthetic Text,,"Copy and paste Printable Bubble Letters fonts, symbols and styled text for display names, usernames, bios, posts and chats. Big puffy A-Z outlines to trace, color and print. Create clean Unicode styles in seconds with UltraTextGen — free and no app needed.",https://ultratextgen.com/printables/bubble-letters/?utm_source=pinterest&utm_medium=social&utm_campaign=organic_pins&utm_content=printables-bubble-letters,,"printables, printable bubble letters, printable bubble letters fonts, printable bubble letters symbols, copy and paste fonts, fancy text, copy and paste, ultratextgen"
Bubble Letter A Fonts and Symbols to Copy and Paste,https://ultratextgen.com/assets/pinterest/printables-bubble-letters-letter-a.png,Instagram Bio Symbols & Aesthetic Text,,"Copy and paste Bubble Letter A fonts, symbols and styled text for display names, usernames, bios, posts and chats. Free printable trace, color & print outline. Create clean Unicode styles in seconds with UltraTextGen — free and no app needed.",https://ultratextgen.com/printables/bubble-letters/letter-a/?utm_source=pinterest&utm_medium=social&utm_campaign=organic_pins&utm_content=printables-bubble-letters-letter-a,,"printables, bubble letter a, bubble letter a fonts, bubble letter a symbols, copy and paste fonts, fancy text, copy and paste, ultratextgen"
Bubble Letter B Fonts and Symbols to Copy and Paste,https://ultratextgen.com/assets/pinterest/printables-bubble-letters-letter-b.png,Instagram Bio Symbols & Aesthetic Text,,"Copy and paste Bubble Letter B fonts, symbols and styled text for display names, usernames, bios, posts and chats. Free printable trace, color & print outline. Create clean Unicode styles in seconds with UltraTextGen — free and no app needed.",https://ultratextgen.com/printables/bubble-letters/letter-b/?utm_source=pinterest&utm_medium=social&utm_campaign=organic_pins&utm_content=printables-bubble-letters-letter-b,,"printables, bubble letter b, bubble letter b fonts, bubble letter b symbols, copy and paste fonts, fancy text, copy and paste, ultratextgen"
Bubble Letter C Fonts and Symbols to Copy and Paste,https://ultratextgen.com/assets/pinterest/printables-bubble-letters-letter-c.png,Instagram Bio Symbols & Aesthetic Text,,"Copy and paste Bubble Letter C fonts, symbols and styled text for display names, usernames, bios, posts and chats. Free printable trace, color & print outline. Create clean Unicode styles in seconds with UltraTextGen — free and no app needed.",https://ultratextgen.com/printables/bubble-letters/letter-c/?utm_source=pinterest&utm_medium=social&utm_campaign=organic_pins&utm_content=printables-bubble-letters-letter-c,,"printables, bubble letter c, bubble letter c fonts, bubble letter c symbols, copy and paste fonts, fancy text, copy and paste, ultratextgen"
Bubble Letter D Fonts and Symbols to Copy and Paste,https://ultratextgen.com/assets/pinterest/printables-bubble-letters-letter-d.png,Instagram Bio Symbols & Aesthetic Text,,"Copy and paste Bubble Letter D fonts, symbols and styled text for display names, usernames, bios, posts and chats. Free printable trace, color & print outline. Create clean Unicode styles in seconds with UltraTextGen — free and no app needed.",https://ultratextgen.com/printables/bubble-letters/letter-d/?utm_source=pinterest&utm_medium=social&utm_campaign=organic_pins&utm_content=printables-bubble-letters-letter-d,,"printables, bubble letter d, bubble letter d fonts, bubble letter d symbols, copy and paste fonts, fancy text, copy and paste, ultratextgen"
Bubble Letter E Fonts and Symbols to Copy and Paste,https://ultratextgen.com/assets/pinterest/printables-bubble-letters-letter-e.png,Instagram Bio Symbols & Aesthetic Text,,"Copy and paste Bubble Letter E fonts, symbols and styled text for display names, usernames, bios, posts and chats. Free printable trace, color & print outline. Create clean Unicode styles in seconds with UltraTextGen — free and no app needed.",https://ultratextgen.com/printables/bubble-letters/letter-e/?utm_source=pinterest&utm_medium=social&utm_campaign=organic_pins&utm_content=printables-bubble-letters-letter-e,,"printables, bubble letter e, bubble letter e fonts, bubble letter e symbols, copy and paste fonts, fancy text, copy and paste, ultratextgen"
Bubble Letter F Fonts and Symbols to Copy and Paste,https://ultratextgen.com/assets/pinterest/printables-bubble-letters-letter-f.png,Instagram Bio Symbols & Aesthetic Text,,"Copy and paste Bubble Letter F fonts, symbols and styled text for display names, usernames, bios, posts and chats. Free printable trace, color & print outline. Create clean Unicode styles in seconds with UltraTextGen — free and no app needed.",https://ultratextgen.com/printables/bubble-letters/letter-f/?utm_source=pinterest&utm_medium=social&utm_campaign=organic_pins&utm_content=printables-bubble-letters-letter-f,,"printables, bubble letter f, bubble letter f fonts, bubble letter f symbols, copy and paste fonts, fancy text, copy and paste, ultratextgen"
Bubble Letter G Fonts and Symbols to Copy and Paste,https://ultratextgen.com/assets/pinterest/printables-bubble-letters-letter-g.png,Instagram Bio Symbols & Aesthetic Text,,"Copy and paste Bubble Letter G fonts, symbols and styled text for display names, usernames, bios, posts and chats. Free printable trace, color & print outline. Create clean Unicode styles in seconds with UltraTextGen — free and no app needed.",https://ultratextgen.com/printables/bubble-letters/letter-g/?utm_source=pinterest&utm_medium=social&utm_campaign=organic_pins&utm_content=printables-bubble-letters-letter-g,,"printables, bubble letter g, bubble letter g fonts, bubble letter g symbols, copy and paste fonts, fancy text, copy and paste, ultratextgen"
Bubble Letter H Fonts and Symbols to Copy and Paste,https://ultratextgen.com/assets/pinterest/printables-bubble-letters-letter-h.png,Instagram Bio Symbols & Aesthetic Text,,"Copy and paste Bubble Letter H fonts, symbols and styled text for display names, usernames, bios, posts and chats. Free printable trace, color & print outline. Create clean Unicode styles in seconds with UltraTextGen — free and no app needed.",https://ultratextgen.com/printables/bubble-letters/letter-h/?utm_source=pinterest&utm_medium=social&utm_campaign=organic_pins&utm_content=printables-bubble-letters-letter-h,,"printables, bubble letter h, bubble letter h fonts, bubble letter h symbols, copy and paste fonts, fancy text, copy and paste, ultratextgen"
Bubble Letter I Fonts and Symbols to Copy and Paste,https://ultratextgen.com/assets/pinterest/printables-bubble-letters-letter-i.png,Instagram Bio Symbols & Aesthetic Text,,"Copy and paste Bubble Letter I fonts, symbols and styled text for display names, usernames, bios, posts and chats. Free printable trace, color & print outline. Create clean Unicode styles in seconds with UltraTextGen — free and no app needed.",https://ultratextgen.com/printables/bubble-letters/letter-i/?utm_source=pinterest&utm_medium=social&utm_campaign=organic_pins&utm_content=printables-bubble-letters-letter-i,,"printables, bubble letter i, bubble letter i fonts, bubble letter i symbols, copy and paste fonts, fancy text, copy and paste, ultratextgen"
Bubble Letter J Fonts and Symbols to Copy and Paste,https://ultratextgen.com/assets/pinterest/printables-bubble-letters-letter-j.png,Instagram Bio Symbols & Aesthetic Text,,"Copy and paste Bubble Letter J fonts, symbols and styled text for display names, usernames, bios, posts and chats. Free printable trace, color & print outline. Create clean Unicode styles in seconds with UltraTextGen — free and no app needed.",https://ultratextgen.com/printables/bubble-letters/letter-j/?utm_source=pinterest&utm_medium=social&utm_campaign=organic_pins&utm_content=printables-bubble-letters-letter-j,,"printables, bubble letter j, bubble letter j fonts, bubble letter j symbols, copy and paste fonts, fancy text, copy and paste, ultratextgen"
Bubble Letter K Fonts and Symbols to Copy and Paste,https://ultratextgen.com/assets/pinterest/printables-bubble-letters-letter-k.png,Instagram Bio Symbols & Aesthetic Text,,"Copy and paste Bubble Letter K fonts, symbols and styled text for display names, usernames, bios, posts and chats. Free printable trace, color & print outline. Create clean Unicode styles in seconds with UltraTextGen — free and no app needed.",https://ultratextgen.com/printables/bubble-letters/letter-k/?utm_source=pinterest&utm_medium=social&utm_campaign=organic_pins&utm_content=printables-bubble-letters-letter-k,,"printables, bubble letter k, bubble letter k fonts, bubble letter k symbols, copy and paste fonts, fancy text, copy and paste, ultratextgen"
Bubble Letter L Fonts and Symbols to Copy and Paste,https://ultratextgen.com/assets/pinterest/printables-bubble-letters-letter-l.png,Instagram Bio Symbols & Aesthetic Text,,"Copy and paste Bubble Letter L fonts, symbols and styled text for display names, usernames, bios, posts and chats. Free printable trace, color & print outline. Create clean Unicode styles in seconds with UltraTextGen — free and no app needed.",https://ultratextgen.com/printables/bubble-letters/letter-l/?utm_source=pinterest&utm_medium=social&utm_campaign=organic_pins&utm_content=printables-bubble-letters-letter-l,,"printables, bubble letter l, bubble letter l fonts, bubble letter l symbols, copy and paste fonts, fancy text, copy and paste, ultratextgen"
Bubble Letter M Fonts and Symbols to Copy and Paste,https://ultratextgen.com/assets/pinterest/printables-bubble-letters-letter-m.png,Instagram Bio Symbols & Aesthetic Text,,"Copy and paste Bubble Letter M fonts, symbols and styled text for display names, usernames, bios, posts and chats. Free printable trace, color & print outline. Create clean Unicode styles in seconds with UltraTextGen — free and no app needed.",https://ultratextgen.com/printables/bubble-letters/letter-m/?utm_source=pinterest&utm_medium=social&utm_campaign=organic_pins&utm_content=printables-bubble-letters-letter-m,,"printables, bubble letter m, bubble letter m fonts, bubble letter m symbols, copy and paste fonts, fancy text, copy and paste, ultratextgen"
Bubble Letter N Fonts and Symbols to Copy and Paste,https://ultratextgen.com/assets/pinterest/printables-bubble-letters-letter-n.png,Instagram Bio Symbols & Aesthetic Text,,"Copy and paste Bubble Letter N fonts, symbols and styled text for display names, usernames, bios, posts and chats. Free printable trace, color & print outline. Create clean Unicode styles in seconds with UltraTextGen — free and no app needed.",https://ultratextgen.com/printables/bubble-letters/letter-n/?utm_source=pinterest&utm_medium=social&utm_campaign=organic_pins&utm_content=printables-bubble-letters-letter-n,,"printables, bubble letter n, bubble letter n fonts, bubble letter n symbols, copy and paste fonts, fancy text, copy and paste, ultratextgen"
Bubble Letter O Fonts and Symbols to Copy and Paste,https://ultratextgen.com/assets/pinterest/printables-bubble-letters-letter-o.png,Instagram Bio Symbols & Aesthetic Text,,"Copy and paste Bubble Letter O fonts, symbols and styled text for display names, usernames, bios, posts and chats. Free printable trace, color & print outline. Create clean Unicode styles in seconds with UltraTextGen — free and no app needed.",https://ultratextgen.com/printables/bubble-letters/letter-o/?utm_source=pinterest&utm_medium=social&utm_campaign=organic_pins&utm_content=printables-bubble-letters-letter-o,,"printables, bubble letter o, bubble letter o fonts, bubble letter o symbols, copy and paste fonts, fancy text, copy and paste, ultratextgen"
Bubble Letter P Fonts and Symbols to Copy and Paste,https://ultratextgen.com/assets/pinterest/printables-bubble-letters-letter-p.png,Instagram Bio Symbols & Aesthetic Text,,"Copy and paste Bubble Letter P fonts, symbols and styled text for display names, usernames, bios, posts and chats. Free printable trace, color & print outline. Create clean Unicode styles in seconds with UltraTextGen — free and no app needed.",https://ultratextgen.com/printables/bubble-letters/letter-p/?utm_source=pinterest&utm_medium=social&utm_campaign=organic_pins&utm_content=printables-bubble-letters-letter-p,,"printables, bubble letter p, bubble letter p fonts, bubble letter p symbols, copy and paste fonts, fancy text, copy and paste, ultratextgen"
Bubble Letter Q Fonts and Symbols to Copy and Paste,https://ultratextgen.com/assets/pinterest/printables-bubble-letters-letter-q.png,Instagram Bio Symbols & Aesthetic Text,,"Copy and paste Bubble Letter Q fonts, symbols and styled text for display names, usernames, bios, posts and chats. Free printable trace, color & print outline. Create clean Unicode styles in seconds with UltraTextGen — free and no app needed.",https://ultratextgen.com/printables/bubble-letters/letter-q/?utm_source=pinterest&utm_medium=social&utm_campaign=organic_pins&utm_content=printables-bubble-letters-letter-q,,"printables, bubble letter q, bubble letter q fonts, bubble letter q symbols, copy and paste fonts, fancy text, copy and paste, ultratextgen"
Bubble Letter R Fonts and Symbols to Copy and Paste,https://ultratextgen.com/assets/pinterest/printables-bubble-letters-letter-r.png,Instagram Bio Symbols & Aesthetic Text,,"Copy and paste Bubble Letter R fonts, symbols and styled text for display names, usernames, bios, posts and chats. Free printable trace, color & print outline. Create clean Unicode styles in seconds with UltraTextGen — free and no app needed.",https://ultratextgen.com/printables/bubble-letters/letter-r/?utm_source=pinterest&utm_medium=social&utm_campaign=organic_pins&utm_content=printables-bubble-letters-letter-r,,"printables, bubble letter r, bubble letter r fonts, bubble letter r symbols, copy and paste fonts, fancy text, copy and paste, ultratextgen"
Bubble Letter S Fonts and Symbols to Copy and Paste,https://ultratextgen.com/assets/pinterest/printables-bubble-letters-letter-s.png,Instagram Bio Symbols & Aesthetic Text,,"Copy and paste Bubble Letter S fonts, symbols and styled text for display names, usernames, bios, posts and chats. Free printable trace, color & print outline. Create clean Unicode styles in seconds with UltraTextGen — free and no app needed.",https://ultratextgen.com/printables/bubble-letters/letter-s/?utm_source=pinterest&utm_medium=social&utm_campaign=organic_pins&utm_content=printables-bubble-letters-letter-s,,"printables, bubble letter s, bubble letter s fonts, bubble letter s symbols, copy and paste fonts, fancy text, copy and paste, ultratextgen"
Bubble Letter T Fonts and Symbols to Copy and Paste,https://ultratextgen.com/assets/pinterest/printables-bubble-letters-letter-t.png,Instagram Bio Symbols & Aesthetic Text,,"Copy and paste Bubble Letter T fonts, symbols and styled text for display names, usernames, bios, posts and chats. Free printable trace, color & print outline. Create clean Unicode styles in seconds with UltraTextGen — free and no app needed.",https://ultratextgen.com/printables/bubble-letters/letter-t/?utm_source=pinterest&utm_medium=social&utm_campaign=organic_pins&utm_content=printables-bubble-letters-letter-t,,"printables, bubble letter t, bubble letter t fonts, bubble letter t symbols, copy and paste fonts, fancy text, copy and paste, ultratextgen"
Bubble Letter U Fonts and Symbols to Copy and Paste,https://ultratextgen.com/assets/pinterest/printables-bubble-letters-letter-u.png,Instagram Bio Symbols & Aesthetic Text,,"Copy and paste Bubble Letter U fonts, symbols and styled text for display names, usernames, bios, posts and chats. Free printable trace, color & print outline. Create clean Unicode styles in seconds with UltraTextGen — free and no app needed.",https://ultratextgen.com/printables/bubble-letters/letter-u/?utm_source=pinterest&utm_medium=social&utm_campaign=organic_pins&utm_content=printables-bubble-letters-letter-u,,"printables, bubble letter u, bubble letter u fonts, bubble letter u symbols, copy and paste fonts, fancy text, copy and paste, ultratextgen"
Bubble Letter V Fonts and Symbols to Copy and Paste,https://ultratextgen.com/assets/pinterest/printables-bubble-letters-letter-v.png,Instagram Bio Symbols & Aesthetic Text,,"Copy and paste Bubble Letter V fonts, symbols and styled text for display names, usernames, bios, posts and chats. Free printable trace, color & print outline. Create clean Unicode styles in seconds with UltraTextGen — free and no app needed.",https://ultratextgen.com/printables/bubble-letters/letter-v/?utm_source=pinterest&utm_medium=social&utm_campaign=organic_pins&utm_content=printables-bubble-letters-letter-v,,"printables, bubble letter v, bubble letter v fonts, bubble letter v symbols, copy and paste fonts, fancy text, copy and paste, ultratextgen"
Bubble Letter W Fonts and Symbols to Copy and Paste,https://ultratextgen.com/assets/pinterest/printables-bubble-letters-letter-w.png,Instagram Bio Symbols & Aesthetic Text,,"Copy and paste Bubble Letter W fonts, symbols and styled text for display names, usernames, bios, posts and chats. Free printable trace, color & print outline. Create clean Unicode styles in seconds with UltraTextGen — free and no app needed.",https://ultratextgen.com/printables/bubble-letters/letter-w/?utm_source=pinterest&utm_medium=social&utm_campaign=organic_pins&utm_content=printables-bubble-letters-letter-w,,"printables, bubble letter w, bubble letter w fonts, bubble letter w symbols, copy and paste fonts, fancy text, copy and paste, ultratextgen"
Bubble Letter X Fonts and Symbols to Copy and Paste,https://ultratextgen.com/assets/pinterest/printables-bubble-letters-letter-x.png,Instagram Bio Symbols & Aesthetic Text,,"Copy and paste Bubble Letter X fonts, symbols and styled text for display names, usernames, bios, posts and chats. Free printable trace, color & print outline. Create clean Unicode styles in seconds with UltraTextGen — free and no app needed.",https://ultratextgen.com/printables/bubble-letters/letter-x/?utm_source=pinterest&utm_medium=social&utm_campaign=organic_pins&utm_content=printables-bubble-letters-letter-x,,"printables, bubble letter x, bubble letter x fonts, bubble letter x symbols, copy and paste fonts, fancy text, copy and paste, ultratextgen"
Bubble Letter Y Fonts and Symbols to Copy and Paste,https://ultratextgen.com/assets/pinterest/printables-bubble-letters-letter-y.png,Instagram Bio Symbols & Aesthetic Text,,"Copy and paste Bubble Letter Y fonts, symbols and styled text for display names, usernames, bios, posts and chats. Free printable trace, color & print outline. Create clean Unicode styles in seconds with UltraTextGen — free and no app needed.",https://ultratextgen.com/printables/bubble-letters/letter-y/?utm_source=pinterest&utm_medium=social&utm_campaign=organic_pins&utm_content=printables-bubble-letters-letter-y,,"printables, bubble letter y, bubble letter y fonts, bubble letter y symbols, copy and paste fonts, fancy text, copy and paste, ultratextgen"
Bubble Letter Z Fonts and Symbols to Copy and Paste,https://ultratextgen.com/assets/pinterest/printables-bubble-letters-letter-z.png,Instagram Bio Symbols & Aesthetic Text,,"Copy and paste Bubble Letter Z fonts, symbols and styled text for display names, usernames, bios, posts and chats. Free printable trace, color & print outline. Create clean Unicode styles in seconds with UltraTextGen — free and no app needed.",https://ultratextgen.com/printables/bubble-letters/letter-z/?utm_source=pinterest&utm_medium=social&utm_campaign=organic_pins&utm_content=printables-bubble-letters-letter-z,,"printables, bubble letter z, bubble letter z fonts, bubble letter z symbols, copy and paste fonts, fancy text, copy and paste, ultratextgen"
"Bubble Number 0 — Free Printable Outline (Trace, Color, PDF) Fonts and Symbols to Copy",https://ultratextgen.com/assets/pinterest/printables-bubble-letters-number-0.png,Instagram Bio Symbols & Aesthetic Text,,"Copy and paste Bubble Number 0 — Free Printable Outline (Trace, Color, PDF) fonts, symbols and styled text for display names, usernames, bios, posts and chats. Free printable bubble number 0 — a big, puffy 0 outline to trace, color, print, save as a PDF, or download as a PNG. No sign-up. Part…",https://ultratextgen.com/printables/bubble-letters/number-0/?utm_source=pinterest&utm_medium=social&utm_campaign=organic_pins&utm_content=printables-bubble-letters-number-0,,"printables, bubble number 0 — free printable outline (trace, color, pdf), bubble number 0 — free printable outline (trace, color, pdf) fonts, bubble number 0 — free printable outline (trace, color, pdf) symbols, copy and paste fonts, fancy text, copy and paste, ultratextgen"
"Bubble Number 1 — Free Printable Outline (Trace, Color, PDF) Fonts and Symbols to Copy",https://ultratextgen.com/assets/pinterest/printables-bubble-letters-number-1.png,Instagram Bio Symbols & Aesthetic Text,,"Copy and paste Bubble Number 1 — Free Printable Outline (Trace, Color, PDF) fonts, symbols and styled text for display names, usernames, bios, posts and chats. Free printable bubble number 1 — a big, puffy 1 outline to trace, color, print, save as a PDF, or download as a PNG. No sign-up. Part…",https://ultratextgen.com/printables/bubble-letters/number-1/?utm_source=pinterest&utm_medium=social&utm_campaign=organic_pins&utm_content=printables-bubble-letters-number-1,,"printables, bubble number 1 — free printable outline (trace, color, pdf), bubble number 1 — free printable outline (trace, color, pdf) fonts, bubble number 1 — free printable outline (trace, color, pdf) symbols, copy and paste fonts, fancy text, copy and paste, ultratextgen"
"Bubble Number 2 — Free Printable Outline (Trace, Color, PDF) Fonts and Symbols to Copy",https://ultratextgen.com/assets/pinterest/printables-bubble-letters-number-2.png,Instagram Bio Symbols & Aesthetic Text,,"Copy and paste Bubble Number 2 — Free Printable Outline (Trace, Color, PDF) fonts, symbols and styled text for display names, usernames, bios, posts and chats. Free printable bubble number 2 — a big, puffy 2 outline to trace, color, print, save as a PDF, or download as a PNG. No sign-up. Part…",https://ultratextgen.com/printables/bubble-letters/number-2/?utm_source=pinterest&utm_medium=social&utm_campaign=organic_pins&utm_content=printables-bubble-letters-number-2,,"printables, bubble number 2 — free printable outline (trace, color, pdf), bubble number 2 — free printable outline (trace, color, pdf) fonts, bubble number 2 — free printable outline (trace, color, pdf) symbols, copy and paste fonts, fancy text, copy and paste, ultratextgen"
"Bubble Number 3 — Free Printable Outline (Trace, Color, PDF) Fonts and Symbols to Copy",https://ultratextgen.com/assets/pinterest/printables-bubble-letters-number-3.png,Instagram Bio Symbols & Aesthetic Text,,"Copy and paste Bubble Number 3 — Free Printable Outline (Trace, Color, PDF) fonts, symbols and styled text for display names, usernames, bios, posts and chats. Free printable bubble number 3 — a big, puffy 3 outline to trace, color, print, save as a PDF, or download as a PNG. No sign-up. Part…",https://ultratextgen.com/printables/bubble-letters/number-3/?utm_source=pinterest&utm_medium=social&utm_campaign=organic_pins&utm_content=printables-bubble-letters-number-3,,"printables, bubble number 3 — free printable outline (trace, color, pdf), bubble number 3 — free printable outline (trace, color, pdf) fonts, bubble number 3 — free printable outline (trace, color, pdf) symbols, copy and paste fonts, fancy text, copy and paste, ultratextgen"
"Bubble Number 4 — Free Printable Outline (Trace, Color, PDF) Fonts and Symbols to Copy",https://ultratextgen.com/assets/pinterest/printables-bubble-letters-number-4.png,Instagram Bio Symbols & Aesthetic Text,,"Copy and paste Bubble Number 4 — Free Printable Outline (Trace, Color, PDF) fonts, symbols and styled text for display names, usernames, bios, posts and chats. Free printable bubble number 4 — a big, puffy 4 outline to trace, color, print, save as a PDF, or download as a PNG. No sign-up. Part…",https://ultratextgen.com/printables/bubble-letters/number-4/?utm_source=pinterest&utm_medium=social&utm_campaign=organic_pins&utm_content=printables-bubble-letters-number-4,,"printables, bubble number 4 — free printable outline (trace, color, pdf), bubble number 4 — free printable outline (trace, color, pdf) fonts, bubble number 4 — free printable outline (trace, color, pdf) symbols, copy and paste fonts, fancy text, copy and paste, ultratextgen"
"Bubble Number 5 — Free Printable Outline (Trace, Color, PDF) Fonts and Symbols to Copy",https://ultratextgen.com/assets/pinterest/printables-bubble-letters-number-5.png,Instagram Bio Symbols & Aesthetic Text,,"Copy and paste Bubble Number 5 — Free Printable Outline (Trace, Color, PDF) fonts, symbols and styled text for display names, usernames, bios, posts and chats. Free printable bubble number 5 — a big, puffy 5 outline to trace, color, print, save as a PDF, or download as a PNG. No sign-up. Part…",https://ultratextgen.com/printables/bubble-letters/number-5/?utm_source=pinterest&utm_medium=social&utm_campaign=organic_pins&utm_content=printables-bubble-letters-number-5,,"printables, bubble number 5 — free printable outline (trace, color, pdf), bubble number 5 — free printable outline (trace, color, pdf) fonts, bubble number 5 — free printable outline (trace, color, pdf) symbols, copy and paste fonts, fancy text, copy and paste, ultratextgen"
"Bubble Number 6 — Free Printable Outline (Trace, Color, PDF) Fonts and Symbols to Copy",https://ultratextgen.com/assets/pinterest/printables-bubble-letters-number-6.png,Instagram Bio Symbols & Aesthetic Text,,"Copy and paste Bubble Number 6 — Free Printable Outline (Trace, Color, PDF) fonts, symbols and styled text for display names, usernames, bios, posts and chats. Free printable bubble number 6 — a big, puffy 6 outline to trace, color, print, save as a PDF, or download as a PNG. No sign-up. Part…",https://ultratextgen.com/printables/bubble-letters/number-6/?utm_source=pinterest&utm_medium=social&utm_campaign=organic_pins&utm_content=printables-bubble-letters-number-6,,"printables, bubble number 6 — free printable outline (trace, color, pdf), bubble number 6 — free printable outline (trace, color, pdf) fonts, bubble number 6 — free printable outline (trace, color, pdf) symbols, copy and paste fonts, fancy text, copy and paste, ultratextgen"
"Bubble Number 7 — Free Printable Outline (Trace, Color, PDF) Fonts and Symbols to Copy",https://ultratextgen.com/assets/pinterest/printables-bubble-letters-number-7.png,Instagram Bio Symbols & Aesthetic Text,,"Copy and paste Bubble Number 7 — Free Printable Outline (Trace, Color, PDF) fonts, symbols and styled text for display names, usernames, bios, posts and chats. Free printable bubble number 7 — a big, puffy 7 outline to trace, color, print, save as a PDF, or download as a PNG. No sign-up. Part…",https://ultratextgen.com/printables/bubble-letters/number-7/?utm_source=pinterest&utm_medium=social&utm_campaign=organic_pins&utm_content=printables-bubble-letters-number-7,,"printables, bubble number 7 — free printable outline (trace, color, pdf), bubble number 7 — free printable outline (trace, color, pdf) fonts, bubble number 7 — free printable outline (trace, color, pdf) symbols, copy and paste fonts, fancy text, copy and paste, ultratextgen"
"Bubble Number 8 — Free Printable Outline (Trace, Color, PDF) Fonts and Symbols to Copy",https://ultratextgen.com/assets/pinterest/printables-bubble-letters-number-8.png,Instagram Bio Symbols & Aesthetic Text,,"Copy and paste Bubble Number 8 — Free Printable Outline (Trace, Color, PDF) fonts, symbols and styled text for display names, usernames, bios, posts and chats. Free printable bubble number 8 — a big, puffy 8 outline to trace, color, print, save as a PDF, or download as a PNG. No sign-up. Part…",https://ultratextgen.com/printables/bubble-letters/number-8/?utm_source=pinterest&utm_medium=social&utm_campaign=organic_pins&utm_content=printables-bubble-letters-number-8,,"printables, bubble number 8 — free printable outline (trace, color, pdf), bubble number 8 — free printable outline (trace, color, pdf) fonts, bubble number 8 — free printable outline (trace, color, pdf) symbols, copy and paste fonts, fancy text, copy and paste, ultratextgen"
"Bubble Number 9 — Free Printable Outline (Trace, Color, PDF) Fonts and Symbols to Copy",https://ultratextgen.com/assets/pinterest/printables-bubble-letters-number-9.png,Instagram Bio Symbols & Aesthetic Text,,"Copy and paste Bubble Number 9 — Free Printable Outline (Trace, Color, PDF) fonts, symbols and styled text for display names, usernames, bios, posts and chats. Free printable bubble number 9 — a big, puffy 9 outline to trace, color, print, save as a PDF, or download as a PNG. No sign-up. Part…",https://ultratextgen.com/printables/bubble-letters/number-9/?utm_source=pinterest&utm_medium=social&utm_campaign=organic_pins&utm_content=printables-bubble-letters-number-9,,"printables, bubble number 9 — free printable outline (trace, color, pdf), bubble number 9 — free printable outline (trace, color, pdf) fonts, bubble number 9 — free printable outline (trace, color, pdf) symbols, copy and paste fonts, fancy text, copy and paste, ultratextgen"
Calligraphy Alphabet Fonts and Symbols to Copy and Paste,https://ultratextgen.com/assets/pinterest/printables-calligraphy-alphabet.png,Fancy Text Generator & Copy Paste Fonts,,"Copy and paste Calligraphy Alphabet fonts, symbols and styled text for display names, usernames, bios, posts and chats. Blackletter and script letters to trace and print. Create clean Unicode styles in seconds with UltraTextGen — free and no app needed.",https://ultratextgen.com/printables/calligraphy-alphabet/?utm_source=pinterest&utm_medium=social&utm_campaign=organic_pins&utm_content=printables-calligraphy-alphabet,,"printables, calligraphy alphabet, calligraphy alphabet fonts, calligraphy alphabet symbols, copy and paste fonts, fancy text, copy and paste, ultratextgen"
