Title,Media URL,Pinterest board,Thumbnail,Description,Link,Publish date,Keywords
ASCII Art Fonts and Symbols to Copy and Paste,https://ultratextgen.com/assets/pinterest/ascii-art-generator.png,"Special Characters, Unicode & Keyboard Symbols",,"Copy and paste ASCII Art fonts, symbols and styled text for display names, usernames, bios, posts and chats. Turn any word into big block-letter ASCII art. Create clean Unicode styles in seconds with UltraTextGen — free and no app needed.",https://ultratextgen.com/ascii-art-generator/?utm_source=pinterest&utm_medium=social&utm_campaign=organic_pins&utm_content=ascii-art-generator,,"platform, ascii art, ascii art fonts, ascii art symbols, copy and paste fonts, fancy text, copy and paste, ultratextgen"
ASCII Converter Fonts and Symbols to Copy and Paste,https://ultratextgen.com/assets/pinterest/ascii-converter.png,"Special Characters, Unicode & Keyboard Symbols",,"Copy and paste ASCII Converter fonts, symbols and styled text for display names, usernames, bios, posts and chats. Text to hex, binary, decimal & octal, and back. Create clean Unicode styles in seconds with UltraTextGen — free and no app needed.",https://ultratextgen.com/ascii-converter/?utm_source=pinterest&utm_medium=social&utm_campaign=organic_pins&utm_content=ascii-converter,,"platform, ascii converter, ascii converter fonts, ascii converter symbols, copy and paste fonts, fancy text, copy and paste, ultratextgen"
Character Counter Fonts and Symbols to Copy and Paste,https://ultratextgen.com/assets/pinterest/character-counter.png,Fancy Text Generator & Copy Paste Fonts,,"Copy and paste Character Counter fonts, symbols and styled text for display names, usernames, bios, posts and chats. Live word & character stats as you type. Create clean Unicode styles in seconds with UltraTextGen — free and no app needed.",https://ultratextgen.com/character-counter/?utm_source=pinterest&utm_medium=social&utm_campaign=organic_pins&utm_content=character-counter,,"platform, character counter, character counter fonts, character counter symbols, copy and paste fonts, fancy text, copy and paste, ultratextgen"
Curved & Arc Text Fonts and Symbols to Copy and Paste,https://ultratextgen.com/assets/pinterest/curved-text.png,Fancy Text Generator & Copy Paste Fonts,,"Copy and paste Curved & Arc Text fonts, symbols and styled text for display names, usernames, bios, posts and chats. Bend text into arcs, waves, spirals & shapes. Create clean Unicode styles in seconds with UltraTextGen — free and no app needed.",https://ultratextgen.com/curved-text/?utm_source=pinterest&utm_medium=social&utm_campaign=organic_pins&utm_content=curved-text,,"platform, curved & arc text, curved & arc text fonts, curved & arc text symbols, copy and paste fonts, fancy text, copy and paste, ultratextgen"
Discord Fonts and Symbols to Copy and Paste,https://ultratextgen.com/assets/pinterest/discord.png,"Discord Fonts, Symbols & Names",,"Copy and paste Discord fonts, symbols and styled text for display names, usernames, bios, posts and chats. Copy-and-paste fonts — no Nitro needed. Create clean Unicode styles in seconds with UltraTextGen — free and no app needed.",https://ultratextgen.com/discord/?utm_source=pinterest&utm_medium=social&utm_campaign=organic_pins&utm_content=discord,,"platform, discord, discord fonts, discord symbols, copy and paste fonts, fancy text, copy and paste, ultratextgen"
Holiday & Event Texts Fonts and Symbols to Copy and Paste,https://ultratextgen.com/assets/pinterest/events.png,Emoji Copy Paste & Emoji Combos,,"Copy and paste Holiday & Event Texts fonts, symbols and styled text for display names, usernames, bios, posts and chats. Fonts, emoji, and phrases for every calendar holiday. Create clean Unicode styles in seconds with UltraTextGen — free and no app needed.",https://ultratextgen.com/events/?utm_source=pinterest&utm_medium=social&utm_campaign=organic_pins&utm_content=events,,"platform, holiday & event texts, holiday & event texts fonts, holiday & event texts symbols, copy and paste fonts, fancy text, copy and paste, ultratextgen"
Facebook Fonts and Symbols to Copy and Paste,https://ultratextgen.com/assets/pinterest/facebook.png,"TikTok, Snapchat & WhatsApp Fonts",,"Copy and paste Facebook fonts, symbols and styled text for display names, usernames, bios, posts and chats. Stylish text for posts and profiles. Create clean Unicode styles in seconds with UltraTextGen — free and no app needed.",https://ultratextgen.com/facebook/?utm_source=pinterest&utm_medium=social&utm_campaign=organic_pins&utm_content=facebook,,"platform, facebook, facebook fonts, facebook symbols, copy and paste fonts, fancy text, copy and paste, ultratextgen"
Hiragana Chart Fonts and Symbols to Copy and Paste,https://ultratextgen.com/assets/pinterest/hiragana-chart.png,Fancy Text Generator & Copy Paste Fonts,,"Copy and paste Hiragana Chart fonts, symbols and styled text for display names, usernames, bios, posts and chats. All 46 kana with romaji, printable & tap-to-copy. Create clean Unicode styles in seconds with UltraTextGen — free and no app needed.",https://ultratextgen.com/hiragana-chart/?utm_source=pinterest&utm_medium=social&utm_campaign=organic_pins&utm_content=hiragana-chart,,"platform, hiragana chart, hiragana chart fonts, hiragana chart symbols, copy and paste fonts, fancy text, copy and paste, ultratextgen"
Fancy Text Generator — Copy and Paste Fonts and Symbols,https://ultratextgen.com/assets/pinterest/homepage.png,Fancy Text Generator & Copy Paste Fonts,,"Turn plain text into 60+ stylish Unicode fonts and symbols you can copy and paste anywhere. Perfect for bios, captions, usernames, posts and chats. UltraTextGen is free, works in your browser and needs no app or sign-up.",https://ultratextgen.com/?utm_source=pinterest&utm_medium=social&utm_campaign=organic_pins&utm_content=homepage,,"homepage, fancy text, fancy text generator, copy and paste, ultratextgen"
Instagram Fonts and Symbols to Copy and Paste,https://ultratextgen.com/assets/pinterest/instagram.png,Instagram Bio Symbols & Aesthetic Text,,"Copy and paste Instagram fonts, symbols and styled text for display names, usernames, bios, posts and chats. Fonts for bios and captions. Create clean Unicode styles in seconds with UltraTextGen — free and no app needed.",https://ultratextgen.com/instagram/?utm_source=pinterest&utm_medium=social&utm_campaign=organic_pins&utm_content=instagram,,"platform, instagram, instagram fonts, instagram symbols, copy and paste fonts, fancy text, copy and paste, ultratextgen"
Kaomoji Dictionary Fonts and Symbols to Copy and Paste,https://ultratextgen.com/assets/pinterest/kaomoji-dictionary.png,"Text Art, Kaomoji & ASCII Faces",,"Copy and paste Kaomoji Dictionary fonts, symbols and styled text for display names, usernames, bios, posts and chats. Decode any text face. Create clean Unicode styles in seconds with UltraTextGen — free and no app needed.",https://ultratextgen.com/kaomoji-dictionary/?utm_source=pinterest&utm_medium=social&utm_campaign=organic_pins&utm_content=kaomoji-dictionary,,"platform, kaomoji dictionary, kaomoji dictionary fonts, kaomoji dictionary symbols, copy and paste fonts, fancy text, copy and paste, ultratextgen"
Kaomoji Fonts and Symbols to Copy and Paste,https://ultratextgen.com/assets/pinterest/kaomoji-generator.png,"Text Art, Kaomoji & ASCII Faces",,"Copy and paste Kaomoji fonts, symbols and styled text for display names, usernames, bios, posts and chats. Build your own text face. Create clean Unicode styles in seconds with UltraTextGen — free and no app needed.",https://ultratextgen.com/kaomoji-generator/?utm_source=pinterest&utm_medium=social&utm_campaign=organic_pins&utm_content=kaomoji-generator,,"platform, kaomoji, kaomoji fonts, kaomoji symbols, copy and paste fonts, fancy text, copy and paste, ultratextgen"
Katakana Chart Fonts and Symbols to Copy and Paste,https://ultratextgen.com/assets/pinterest/katakana-chart.png,Fancy Text Generator & Copy Paste Fonts,,"Copy and paste Katakana Chart fonts, symbols and styled text for display names, usernames, bios, posts and chats. All 46 kana with romaji, printable & tap-to-copy. Create clean Unicode styles in seconds with UltraTextGen — free and no app needed.",https://ultratextgen.com/katakana-chart/?utm_source=pinterest&utm_medium=social&utm_campaign=organic_pins&utm_content=katakana-chart,,"platform, katakana chart, katakana chart fonts, katakana chart symbols, copy and paste fonts, fancy text, copy and paste, ultratextgen"
Learn — Practical Guides for Handwriting & Lettering Fonts and Symbols to Copy and Paste,https://ultratextgen.com/assets/pinterest/learn.png,Fancy Text Generator & Copy Paste Fonts,,"Copy and paste Learn — Practical Guides for Handwriting & Lettering fonts, symbols and styled text for display names, usernames, bios, posts and chats. UltraTextGen's education library: stage-by-stage, tool-connected guides for parents and teachers. First topic: teaching handwriting…. Create…",https://ultratextgen.com/learn/?utm_source=pinterest&utm_medium=social&utm_campaign=organic_pins&utm_content=learn,,"platform, learn — practical guides for handwriting & lettering, learn — practical guides for handwriting & lettering fonts, learn — practical guides for handwriting & lettering symbols, copy and paste fonts, fancy text, copy and paste, ultratextgen"
LinkedIn Fonts and Symbols to Copy and Paste,https://ultratextgen.com/assets/pinterest/linkedin.png,LinkedIn Fonts & Professional Text,,"Copy and paste LinkedIn fonts, symbols and styled text for display names, usernames, bios, posts and chats. Professional text styling that pastes anywhere. Create clean Unicode styles in seconds with UltraTextGen — free and no app needed.",https://ultratextgen.com/linkedin/?utm_source=pinterest&utm_medium=social&utm_campaign=organic_pins&utm_content=linkedin,,"platform, linkedin, linkedin fonts, linkedin symbols, copy and paste fonts, fancy text, copy and paste, ultratextgen"
Pinterest Text Fonts and Symbols to Copy and Paste,https://ultratextgen.com/assets/pinterest/pinterest.png,Fancy Text Generator & Copy Paste Fonts,,"Copy and paste Pinterest Text fonts, symbols and styled text for display names, usernames, bios, posts and chats. Text that pops on every pin. Create clean Unicode styles in seconds with UltraTextGen — free and no app needed.",https://ultratextgen.com/pinterest/?utm_source=pinterest&utm_medium=social&utm_campaign=organic_pins&utm_content=pinterest,,"platform, pinterest text, pinterest text fonts, pinterest text symbols, copy and paste fonts, fancy text, copy and paste, ultratextgen"
Printable Letters & Alphabets Fonts and Symbols to Copy and Paste,https://ultratextgen.com/assets/pinterest/printables.png,Instagram Bio Symbols & Aesthetic Text,,"Copy and paste Printable Letters & Alphabets fonts, symbols and styled text for display names, usernames, bios, posts and chats. Bubble letters, cursive sheets, tracing pages and more. Create clean Unicode styles in seconds with UltraTextGen — free and no app needed.",https://ultratextgen.com/printables/?utm_source=pinterest&utm_medium=social&utm_campaign=organic_pins&utm_content=printables,,"platform, printable letters & alphabets, printable letters & alphabets fonts, printable letters & alphabets symbols, copy and paste fonts, fancy text, copy and paste, ultratextgen"
Roblox Username Tools Fonts and Symbols to Copy and Paste,https://ultratextgen.com/assets/pinterest/roblox.png,Gaming Symbols & Usernames,,"Copy and paste Roblox Username Tools fonts, symbols and styled text for display names, usernames, bios, posts and chats. Style your Roblox name and display. Create clean Unicode styles in seconds with UltraTextGen — free and no app needed.",https://ultratextgen.com/roblox/?utm_source=pinterest&utm_medium=social&utm_campaign=organic_pins&utm_content=roblox,,"platform, roblox username tools, roblox username tools fonts, roblox username tools symbols, copy and paste fonts, fancy text, copy and paste, ultratextgen"
Snapchat Fonts and Symbols to Copy and Paste,https://ultratextgen.com/assets/pinterest/snapchat.png,"TikTok, Snapchat & WhatsApp Fonts",,"Copy and paste Snapchat fonts, symbols and styled text for display names, usernames, bios, posts and chats. Style your snaps and display name. Create clean Unicode styles in seconds with UltraTextGen — free and no app needed.",https://ultratextgen.com/snapchat/?utm_source=pinterest&utm_medium=social&utm_campaign=organic_pins&utm_content=snapchat,,"platform, snapchat, snapchat fonts, snapchat symbols, copy and paste fonts, fancy text, copy and paste, ultratextgen"
Symbol Lookup Fonts and Symbols to Copy and Paste,https://ultratextgen.com/assets/pinterest/symbol.png,Fancy Text Generator & Copy Paste Fonts,,"Copy and paste Symbol Lookup fonts, symbols and styled text for display names, usernames, bios, posts and chats. Meaning, history & how to type any symbol. Create clean Unicode styles in seconds with UltraTextGen — free and no app needed.",https://ultratextgen.com/symbol/?utm_source=pinterest&utm_medium=social&utm_campaign=organic_pins&utm_content=symbol,,"platform, symbol lookup, symbol lookup fonts, symbol lookup symbols, copy and paste fonts, fancy text, copy and paste, ultratextgen"
Telegram Fonts and Symbols to Copy and Paste,https://ultratextgen.com/assets/pinterest/telegram.png,"TikTok, Snapchat & WhatsApp Fonts",,"Copy and paste Telegram fonts, symbols and styled text for display names, usernames, bios, posts and chats. Styles optimised for Telegram. Create clean Unicode styles in seconds with UltraTextGen — free and no app needed.",https://ultratextgen.com/telegram/?utm_source=pinterest&utm_medium=social&utm_campaign=organic_pins&utm_content=telegram,,"platform, telegram, telegram fonts, telegram symbols, copy and paste fonts, fancy text, copy and paste, ultratextgen"
Threads Fonts and Symbols to Copy and Paste,https://ultratextgen.com/assets/pinterest/threads.png,Fancy Text Generator & Copy Paste Fonts,,"Copy and paste Threads fonts, symbols and styled text for display names, usernames, bios, posts and chats. No bold or italic button — style with copy-paste fonts. Create clean Unicode styles in seconds with UltraTextGen — free and no app needed.",https://ultratextgen.com/threads/?utm_source=pinterest&utm_medium=social&utm_campaign=organic_pins&utm_content=threads,,"platform, threads, threads fonts, threads symbols, copy and paste fonts, fancy text, copy and paste, ultratextgen"
TikTok Fonts and Symbols to Copy and Paste,https://ultratextgen.com/assets/pinterest/tiktok.png,"TikTok, Snapchat & WhatsApp Fonts",,"Copy and paste TikTok fonts, symbols and styled text for display names, usernames, bios, posts and chats. Copy-and-paste fonts for TikTok. Create clean Unicode styles in seconds with UltraTextGen — free and no app needed.",https://ultratextgen.com/tiktok/?utm_source=pinterest&utm_medium=social&utm_campaign=organic_pins&utm_content=tiktok,,"platform, tiktok, tiktok fonts, tiktok symbols, copy and paste fonts, fancy text, copy and paste, ultratextgen"
UltraTextGen Updates Fonts and Symbols to Copy and Paste,https://ultratextgen.com/assets/pinterest/updates.png,Fancy Text Generator & Copy Paste Fonts,,"Copy and paste UltraTextGen Updates fonts, symbols and styled text for display names, usernames, bios, posts and chats. What changed, and why your Check may too. Create clean Unicode styles in seconds with UltraTextGen — free and no app needed.",https://ultratextgen.com/updates/?utm_source=pinterest&utm_medium=social&utm_campaign=organic_pins&utm_content=updates,,"platform, ultratextgen updates, ultratextgen updates fonts, ultratextgen updates symbols, copy and paste fonts, fancy text, copy and paste, ultratextgen"
WhatsApp Fonts and Symbols to Copy and Paste,https://ultratextgen.com/assets/pinterest/whatsapp.png,"TikTok, Snapchat & WhatsApp Fonts",,"Copy and paste WhatsApp fonts, symbols and styled text for display names, usernames, bios, posts and chats. Friendly formatting and styles. Create clean Unicode styles in seconds with UltraTextGen — free and no app needed.",https://ultratextgen.com/whatsapp/?utm_source=pinterest&utm_medium=social&utm_campaign=organic_pins&utm_content=whatsapp,,"platform, whatsapp, whatsapp fonts, whatsapp symbols, copy and paste fonts, fancy text, copy and paste, ultratextgen"
X (Twitter) Fonts and Symbols to Copy and Paste,https://ultratextgen.com/assets/pinterest/x.png,Instagram Bio Symbols & Aesthetic Text,,"Copy and paste X (Twitter) fonts, symbols and styled text for display names, usernames, bios, posts and chats. Stylish text for posts and bio. Create clean Unicode styles in seconds with UltraTextGen — free and no app needed.",https://ultratextgen.com/x/?utm_source=pinterest&utm_medium=social&utm_campaign=organic_pins&utm_content=x,,"platform, x (twitter), x (twitter) fonts, x (twitter) symbols, copy and paste fonts, fancy text, copy and paste, ultratextgen"
YouTube Fonts and Symbols to Copy and Paste,https://ultratextgen.com/assets/pinterest/youtube.png,"TikTok, Snapchat & WhatsApp Fonts",,"Copy and paste YouTube fonts, symbols and styled text for display names, usernames, bios, posts and chats. Channel name and description styling. Create clean Unicode styles in seconds with UltraTextGen — free and no app needed.",https://ultratextgen.com/youtube/?utm_source=pinterest&utm_medium=social&utm_campaign=organic_pins&utm_content=youtube,,"platform, youtube, youtube fonts, youtube symbols, copy and paste fonts, fancy text, copy and paste, ultratextgen"
Emoji Transformation Captions: Style Text to Copy and Paste,https://ultratextgen.com/assets/pinterest/usecase-before-after-emoji.png,Emoji Copy Paste & Emoji Combos,,"Emoji Transformation Captions — Before → after, told with emoji. Create copy-and-paste Unicode text for bios, captions, comments and posts in seconds with UltraTextGen. Free, fast and no app required.",https://ultratextgen.com/usecase/before-after-emoji/?utm_source=pinterest&utm_medium=social&utm_campaign=organic_pins&utm_content=usecase-before-after-emoji,,"use case, emoji transformation captions, copy and paste fonts, aesthetic text, stylish text, copy and paste, ultratextgen"
Discord Bio: Style Text to Copy and Paste,https://ultratextgen.com/assets/pinterest/usecase-bio-font-discord.png,"Discord Fonts, Symbols & Names",,"Discord Bio Font Generator — Style your About Me — no Nitro needed. Create copy-and-paste Unicode text for bios, captions, comments and posts in seconds with UltraTextGen. Free, fast and no app required.",https://ultratextgen.com/usecase/bio-font/discord/?utm_source=pinterest&utm_medium=social&utm_campaign=organic_pins&utm_content=usecase-bio-font-discord,,"use case, discord bio, copy and paste fonts, aesthetic text, stylish text, copy and paste, ultratextgen"
Bio: Style Text to Copy and Paste — UltraTextGen,https://ultratextgen.com/assets/pinterest/usecase-bio-font.png,Instagram Bio Symbols & Aesthetic Text,,"Bio Font Generator — Fonts, symbols and dividers for any bio. Create copy-and-paste Unicode text for bios, captions, comments and posts in seconds with UltraTextGen. Free, fast and no app required.",https://ultratextgen.com/usecase/bio-font/?utm_source=pinterest&utm_medium=social&utm_campaign=organic_pins&utm_content=usecase-bio-font,,"use case, bio, copy and paste fonts, aesthetic text, stylish text, copy and paste, ultratextgen"
Instagram Bio: Style Text to Copy and Paste,https://ultratextgen.com/assets/pinterest/usecase-bio-font-instagram.png,Instagram Bio Symbols & Aesthetic Text,,"Instagram Bio Font Generator — Fonts, symbols and aesthetic bio templates. Create copy-and-paste Unicode text for bios, captions, comments and posts in seconds with UltraTextGen. Free, fast and no app required.",https://ultratextgen.com/usecase/bio-font/instagram/?utm_source=pinterest&utm_medium=social&utm_campaign=organic_pins&utm_content=usecase-bio-font-instagram,,"use case, instagram bio, copy and paste fonts, aesthetic text, stylish text, copy and paste, ultratextgen"
Clan Tag: Style Text to Copy and Paste — UltraTextGen,https://ultratextgen.com/assets/pinterest/usecase-clan-tag-generator.png,Fancy Text Generator & Copy Paste Fonts,,"Clan Tag Generator — Stylish [TAG] maker with a shareable team template. Create copy-and-paste Unicode text for bios, captions, comments and posts in seconds with UltraTextGen. Free, fast and no app required.",https://ultratextgen.com/usecase/clan-tag-generator/?utm_source=pinterest&utm_medium=social&utm_campaign=organic_pins&utm_content=usecase-clan-tag-generator,,"use case, clan tag, copy and paste fonts, aesthetic text, stylish text, copy and paste, ultratextgen"
Comment Style: Style Text to Copy and Paste,https://ultratextgen.com/assets/pinterest/usecase-comment-font.png,Fancy Text Generator & Copy Paste Fonts,,"Comment Style Generator — Make your comment stand out. Create copy-and-paste Unicode text for bios, captions, comments and posts in seconds with UltraTextGen. Free, fast and no app required.",https://ultratextgen.com/usecase/comment-font/?utm_source=pinterest&utm_medium=social&utm_campaign=organic_pins&utm_content=usecase-comment-font,,"use case, comment style, copy and paste fonts, aesthetic text, stylish text, copy and paste, ultratextgen"
Emoji Combinations: Style Text to Copy and Paste,https://ultratextgen.com/assets/pinterest/usecase-emoji-combinations.png,Emoji Copy Paste & Emoji Combos,,"Emoji Combinations — Copy-and-paste pairings for social. Create copy-and-paste Unicode text for bios, captions, comments and posts in seconds with UltraTextGen. Free, fast and no app required.",https://ultratextgen.com/usecase/emoji-combinations/?utm_source=pinterest&utm_medium=social&utm_campaign=organic_pins&utm_content=usecase-emoji-combinations,,"use case, emoji combinations, copy and paste fonts, aesthetic text, stylish text, copy and paste, ultratextgen"
Text to Emoji Letters — Name to Emoji: Style Text to Copy and Paste,https://ultratextgen.com/assets/pinterest/usecase-emoji-letters.png,"Discord Fonts, Symbols & Names",,"Text to Emoji Letters — Name to Emoji Generator — Turn text and names into emoji letters. Type a name to spell it in boxed emoji letters — perfect for bios, gamertags, and Discord…. Create copy-and-paste Unicode text for bios, captions, comments and posts in seconds with UltraTextGen. Free, fast…",https://ultratextgen.com/usecase/emoji-letters/?utm_source=pinterest&utm_medium=social&utm_campaign=organic_pins&utm_content=usecase-emoji-letters,,"use case, text to emoji letters — name to emoji, copy and paste fonts, aesthetic text, stylish text, copy and paste, ultratextgen"
Emoji to Text — Decode Emoji Back to Words: Style Text to Copy and Paste,https://ultratextgen.com/assets/pinterest/usecase-emoji-to-text.png,Emoji Copy Paste & Emoji Combos,,"Emoji to Text — Decode Emoji Back to Words — Convert emoji to text. Paste a string of emoji and decode it back into plain English words instantly — the reverse emoji translator…. Create copy-and-paste Unicode text for bios, captions, comments and posts in seconds with UltraTextGen. Free, fast…",https://ultratextgen.com/usecase/emoji-to-text/?utm_source=pinterest&utm_medium=social&utm_campaign=organic_pins&utm_content=usecase-emoji-to-text,,"use case, emoji to text — decode emoji back to words, copy and paste fonts, aesthetic text, stylish text, copy and paste, ultratextgen"
"Football & World Cup — Fancy Text for Bios, Usernames & Captions: Style Text to Copy",https://ultratextgen.com/assets/pinterest/usecase-football-font.png,Instagram Bio Symbols & Aesthetic Text,,"Football & World Cup Font Generator — Fancy Text for Bios, Usernames & Captions — Free football font generator: turn your text into stylish Unicode fonts for World Cup 2026 fan bios, soccer usernames, and match…. Create copy-and-paste Unicode text for bios, captions, comments and posts in…",https://ultratextgen.com/usecase/football-font/?utm_source=pinterest&utm_medium=social&utm_campaign=organic_pins&utm_content=usecase-football-font,,"use case, football & world cup — fancy text for bios, usernames & captions, copy and paste fonts, aesthetic text, stylish text, copy and paste, ultratextgen"
Free Fire Guild Name: Style Text to Copy and Paste,https://ultratextgen.com/assets/pinterest/usecase-free-fire-guild-name-generator.png,Gaming Symbols & Usernames,,"Free Fire Guild Name Generator — Squad tags in ꧁꧂ brackets, copy & paste. Create copy-and-paste Unicode text for bios, captions, comments and posts in seconds with UltraTextGen. Free, fast and no app required.",https://ultratextgen.com/usecase/free-fire-guild-name-generator/?utm_source=pinterest&utm_medium=social&utm_campaign=organic_pins&utm_content=usecase-free-fire-guild-name-generator,,"use case, free fire guild name, copy and paste fonts, aesthetic text, stylish text, copy and paste, ultratextgen"
Free Fire Name: Style Text to Copy and Paste,https://ultratextgen.com/assets/pinterest/usecase-free-fire-name-generator.png,Gaming Symbols & Usernames,,"Free Fire Name Generator — Stylish FF names with symbols & katakana. Create copy-and-paste Unicode text for bios, captions, comments and posts in seconds with UltraTextGen. Free, fast and no app required.",https://ultratextgen.com/usecase/free-fire-name-generator/?utm_source=pinterest&utm_medium=social&utm_campaign=organic_pins&utm_content=usecase-free-fire-name-generator,,"use case, free fire name, copy and paste fonts, aesthetic text, stylish text, copy and paste, ultratextgen"
Choose What to Create: Style Text to Copy and Paste,https://ultratextgen.com/assets/pinterest/usecase.png,Fancy Text Generator & Copy Paste Fonts,,"Choose What to Create — Generators grouped by what you need. Create copy-and-paste Unicode text for bios, captions, comments and posts in seconds with UltraTextGen. Free, fast and no app required.",https://ultratextgen.com/usecase/?utm_source=pinterest&utm_medium=social&utm_campaign=organic_pins&utm_content=usecase,,"use case, choose what to create, copy and paste fonts, aesthetic text, stylish text, copy and paste, ultratextgen"
LinkedIn Headline Text: Style Text to Copy and Paste,https://ultratextgen.com/assets/pinterest/usecase-linkedin-headline.png,LinkedIn Fonts & Professional Text,,"LinkedIn Headline Text — Style the line under your name. Create copy-and-paste Unicode text for bios, captions, comments and posts in seconds with UltraTextGen. Free, fast and no app required.",https://ultratextgen.com/usecase/linkedin-headline/?utm_source=pinterest&utm_medium=social&utm_campaign=organic_pins&utm_content=usecase-linkedin-headline,,"use case, linkedin headline text, copy and paste fonts, aesthetic text, stylish text, copy and paste, ultratextgen"
Nickname: Style Text to Copy and Paste — UltraTextGen,https://ultratextgen.com/assets/pinterest/usecase-nickname-generator.png,"Cute Symbols, Hearts & Decorative Text",,"Nickname Generator — Stylish & cute name maker, copy and paste. Create copy-and-paste Unicode text for bios, captions, comments and posts in seconds with UltraTextGen. Free, fast and no app required.",https://ultratextgen.com/usecase/nickname-generator/?utm_source=pinterest&utm_medium=social&utm_campaign=organic_pins&utm_content=usecase-nickname-generator,,"use case, nickname, copy and paste fonts, aesthetic text, stylish text, copy and paste, ultratextgen"
Old English Translator: Style Text to Copy and Paste,https://ultratextgen.com/assets/pinterest/usecase-old-english-translator.png,Fancy Text Generator & Copy Paste Fonts,,"Old English Translator — Thee, thou & thy — Shakespearean text. Create copy-and-paste Unicode text for bios, captions, comments and posts in seconds with UltraTextGen. Free, fast and no app required.",https://ultratextgen.com/usecase/old-english-translator/?utm_source=pinterest&utm_medium=social&utm_campaign=organic_pins&utm_content=usecase-old-english-translator,,"use case, old english translator, copy and paste fonts, aesthetic text, stylish text, copy and paste, ultratextgen"
Pirate Translator: Style Text to Copy and Paste,https://ultratextgen.com/assets/pinterest/usecase-pirate-translator.png,Fancy Text Generator & Copy Paste Fonts,,"Pirate Translator — Arrr! Turn any text into pirate speak. Create copy-and-paste Unicode text for bios, captions, comments and posts in seconds with UltraTextGen. Free, fast and no app required.",https://ultratextgen.com/usecase/pirate-translator/?utm_source=pinterest&utm_medium=social&utm_campaign=organic_pins&utm_content=usecase-pirate-translator,,"use case, pirate translator, copy and paste fonts, aesthetic text, stylish text, copy and paste, ultratextgen"
"Repeat Text — Say Sorry 100 Times & I Love You 100 Times, Copy-Paste: Style Text to",https://ultratextgen.com/assets/pinterest/usecase-repeat-text.png,Fancy Text Generator & Copy Paste Fonts,,"Repeat Text Generator — Say Sorry 100 Times & I Love You 100 Times, Copy-Paste — Repeat text generator: say sorry 100 times, make an I love you 100 times copy-paste block, or repeat any phrase and arrange the copies…. Create copy-and-paste Unicode text for bios, captions, comments and posts in…",https://ultratextgen.com/usecase/repeat-text/?utm_source=pinterest&utm_medium=social&utm_campaign=organic_pins&utm_content=usecase-repeat-text,,"use case, repeat text — say sorry 100 times & i love you 100 times, copy-paste, copy and paste fonts, aesthetic text, stylish text, copy and paste, ultratextgen"
Scrolling Text — Copy-Paste Bio Scroll & Marquee Banner: Style Text to Copy and Paste,https://ultratextgen.com/assets/pinterest/usecase-scrolling-text.png,Instagram Bio Symbols & Aesthetic Text,,"Scrolling Text Generator — Copy-Paste Bio Scroll & Marquee Banner — Scrolling text generator: copy and paste a repeated, divider-separated block that overflows an Instagram or TikTok bio and scrolls — or…. Create copy-and-paste Unicode text for bios, captions, comments and posts in seconds with…",https://ultratextgen.com/usecase/scrolling-text/?utm_source=pinterest&utm_medium=social&utm_campaign=organic_pins&utm_content=usecase-scrolling-text,,"use case, scrolling text — copy-paste bio scroll & marquee banner, copy and paste fonts, aesthetic text, stylish text, copy and paste, ultratextgen"
Stylish Name Maker: Style Text to Copy and Paste,https://ultratextgen.com/assets/pinterest/usecase-stylish-name.png,Instagram Bio Symbols & Aesthetic Text,,"Stylish Name Maker — Fancy names for FF, Instagram & Facebook. Create copy-and-paste Unicode text for bios, captions, comments and posts in seconds with UltraTextGen. Free, fast and no app required.",https://ultratextgen.com/usecase/stylish-name/?utm_source=pinterest&utm_medium=social&utm_campaign=organic_pins&utm_content=usecase-stylish-name,,"use case, stylish name maker, copy and paste fonts, aesthetic text, stylish text, copy and paste, ultratextgen"
Tattoo Fonts: Style Text to Copy and Paste,https://ultratextgen.com/assets/pinterest/usecase-tattoo-fonts.png,Fancy Text Generator & Copy Paste Fonts,,"Tattoo Fonts — Preview your tattoo lettering before the ink. Create copy-and-paste Unicode text for bios, captions, comments and posts in seconds with UltraTextGen. Free, fast and no app required.",https://ultratextgen.com/usecase/tattoo-fonts/?utm_source=pinterest&utm_medium=social&utm_campaign=organic_pins&utm_content=usecase-tattoo-fonts,,"use case, tattoo fonts, copy and paste fonts, aesthetic text, stylish text, copy and paste, ultratextgen"
Text to Emoji: Style Text to Copy and Paste,https://ultratextgen.com/assets/pinterest/usecase-text-to-emoji.png,Emoji Copy Paste & Emoji Combos,,"Text to Emoji Generator — Turn words into emoji-styled text. Create copy-and-paste Unicode text for bios, captions, comments and posts in seconds with UltraTextGen. Free, fast and no app required.",https://ultratextgen.com/usecase/text-to-emoji/?utm_source=pinterest&utm_medium=social&utm_campaign=organic_pins&utm_content=usecase-text-to-emoji,,"use case, text to emoji, copy and paste fonts, aesthetic text, stylish text, copy and paste, ultratextgen"
Valorant Name: Style Text to Copy and Paste,https://ultratextgen.com/assets/pinterest/usecase-valorant-name-generator.png,Fancy Text Generator & Copy Paste Fonts,,"Valorant Name Generator — Live Riot ID checker + stylish names. Create copy-and-paste Unicode text for bios, captions, comments and posts in seconds with UltraTextGen. Free, fast and no app required.",https://ultratextgen.com/usecase/valorant-name-generator/?utm_source=pinterest&utm_medium=social&utm_campaign=organic_pins&utm_content=usecase-valorant-name-generator,,"use case, valorant name, copy and paste fonts, aesthetic text, stylish text, copy and paste, ultratextgen"
Vertical & Stacked Text: Style Text to Copy and Paste,https://ultratextgen.com/assets/pinterest/usecase-vertical-text.png,Instagram Bio Symbols & Aesthetic Text,,"Vertical & Stacked Text — Stack your text top to bottom. Create copy-and-paste Unicode text for bios, captions, comments and posts in seconds with UltraTextGen. Free, fast and no app required.",https://ultratextgen.com/usecase/vertical-text/?utm_source=pinterest&utm_medium=social&utm_campaign=organic_pins&utm_content=usecase-vertical-text,,"use case, vertical & stacked text, copy and paste fonts, aesthetic text, stylish text, copy and paste, ultratextgen"
Zalgo Text: Style Text to Copy and Paste,https://ultratextgen.com/assets/pinterest/usecase-zalgo-text.png,Instagram Bio Symbols & Aesthetic Text,,"Zalgo Text Generator — Create creepy glitch text. Create copy-and-paste Unicode text for bios, captions, comments and posts in seconds with UltraTextGen. Free, fast and no app required.",https://ultratextgen.com/usecase/zalgo-text/?utm_source=pinterest&utm_medium=social&utm_campaign=organic_pins&utm_content=usecase-zalgo-text,,"use case, zalgo text, copy and paste fonts, aesthetic text, stylish text, copy and paste, ultratextgen"
Can You Search Fancy Text? | Fonts & Symbols Help,https://ultratextgen.com/assets/pinterest/answers-can-you-search-fancy-text.png,Font Guides & Typography Tips,,"Can You Search Fancy Text? Why stylized Unicode doesn't match plain search. A short, clear answer plus copy-and-paste fonts and symbols you can use across your profiles, posts and usernames with UltraTextGen.",https://ultratextgen.com/answers/can-you-search-fancy-text/?utm_source=pinterest&utm_medium=social&utm_campaign=organic_pins&utm_content=answers-can-you-search-fancy-text,,"answer, can you search fancy text?, font guide, typography tips, unicode fonts, copy and paste text, copy and paste, ultratextgen"
Change Font Size on Facebook — Quick Answer,https://ultratextgen.com/assets/pinterest/answers-change-font-size-on-facebook.png,Font Guides & Typography Tips,,"Change Font Size on Facebook What's possible, and the workaround. A short, clear answer plus copy-and-paste fonts and symbols you can use across your profiles, posts and usernames with UltraTextGen.",https://ultratextgen.com/answers/change-font-size-on-facebook/?utm_source=pinterest&utm_medium=social&utm_campaign=organic_pins&utm_content=answers-change-font-size-on-facebook,,"answer, change font size on facebook, font guide, typography tips, unicode fonts, copy and paste text, copy and paste, ultratextgen"
Chinese New Year Greetings — Quick Answer,https://ultratextgen.com/assets/pinterest/answers-cny-greetings-what-to-say.png,Font Guides & Typography Tips,,"Chinese New Year Greetings What to say, in Chinese, pinyin & English. A short, clear answer plus copy-and-paste fonts and symbols you can use across your profiles, posts and usernames with UltraTextGen.",https://ultratextgen.com/answers/cny-greetings-what-to-say/?utm_source=pinterest&utm_medium=social&utm_campaign=organic_pins&utm_content=answers-cny-greetings-what-to-say,,"answer, chinese new year greetings, font guide, typography tips, unicode fonts, copy and paste text, copy and paste, ultratextgen"
Discord Allowed Characters — Quick Answer,https://ultratextgen.com/assets/pinterest/answers-discord-allowed-characters.png,Font Guides & Typography Tips,,"Discord Allowed Characters Which characters paste cleanly. A short, clear answer plus copy-and-paste fonts and symbols you can use across your profiles, posts and usernames with UltraTextGen.",https://ultratextgen.com/answers/discord-allowed-characters/?utm_source=pinterest&utm_medium=social&utm_campaign=organic_pins&utm_content=answers-discord-allowed-characters,,"answer, discord allowed characters, font guide, typography tips, unicode fonts, copy and paste text, copy and paste, ultratextgen"
Diwali Wishes: What to Say — Quick Answer,https://ultratextgen.com/assets/pinterest/answers-diwali-wishes-what-to-say.png,Font Guides & Typography Tips,,"Diwali Wishes: What to Say Hindi greetings, romanized, plus English lines. A short, clear answer plus copy-and-paste fonts and symbols you can use across your profiles, posts and usernames with UltraTextGen.",https://ultratextgen.com/answers/diwali-wishes-what-to-say/?utm_source=pinterest&utm_medium=social&utm_campaign=organic_pins&utm_content=answers-diwali-wishes-what-to-say,,"answer, diwali wishes: what to say, font guide, typography tips, unicode fonts, copy and paste text, copy and paste, ultratextgen"
Do Fancy Fonts Work on iPhone? | Fonts & Symbols Help,https://ultratextgen.com/assets/pinterest/answers-do-fancy-fonts-work-on-iphone.png,Font Guides & Typography Tips,,"Do Fancy Fonts Work on iPhone? Yes, but some styles show as empty boxes. A short, clear answer plus copy-and-paste fonts and symbols you can use across your profiles, posts and usernames with UltraTextGen.",https://ultratextgen.com/answers/do-fancy-fonts-work-on-iphone/?utm_source=pinterest&utm_medium=social&utm_campaign=organic_pins&utm_content=answers-do-fancy-fonts-work-on-iphone,,"answer, do fancy fonts work on iphone?, font guide, typography tips, unicode fonts, copy and paste text, copy and paste, ultratextgen"
Do Fancy Fonts Work With Arabic? | Fonts & Symbols Help,https://ultratextgen.com/assets/pinterest/answers-do-fancy-fonts-work-with-arabic.png,Font Guides & Typography Tips,,"Do Fancy Fonts Work With Arabic? Why not — and what does work. A short, clear answer plus copy-and-paste fonts and symbols you can use across your profiles, posts and usernames with UltraTextGen.",https://ultratextgen.com/answers/do-fancy-fonts-work-with-arabic/?utm_source=pinterest&utm_medium=social&utm_campaign=organic_pins&utm_content=answers-do-fancy-fonts-work-with-arabic,,"answer, do fancy fonts work with arabic?, font guide, typography tips, unicode fonts, copy and paste text, copy and paste, ultratextgen"
Fancy Fonts With Vietnamese? | Fonts & Symbols Help,https://ultratextgen.com/assets/pinterest/answers-do-fancy-fonts-work-with-vietnamese.png,Font Guides & Typography Tips,,"Fancy Fonts With Vietnamese? Stacked marks break most styles — here's what works. A short, clear answer plus copy-and-paste fonts and symbols you can use across your profiles, posts and usernames with UltraTextGen.",https://ultratextgen.com/answers/do-fancy-fonts-work-with-vietnamese/?utm_source=pinterest&utm_medium=social&utm_campaign=organic_pins&utm_content=answers-do-fancy-fonts-work-with-vietnamese,,"answer, fancy fonts with vietnamese?, font guide, typography tips, unicode fonts, copy and paste text, copy and paste, ultratextgen"
Do You Need Nitro for Fonts? | Fonts & Symbols Help,https://ultratextgen.com/assets/pinterest/answers-do-you-need-nitro-for-discord-fonts.png,Font Guides & Typography Tips,,"Do You Need Nitro for Fonts? The honest answer for Discord users. A short, clear answer plus copy-and-paste fonts and symbols you can use across your profiles, posts and usernames with UltraTextGen.",https://ultratextgen.com/answers/do-you-need-nitro-for-discord-fonts/?utm_source=pinterest&utm_medium=social&utm_campaign=organic_pins&utm_content=answers-do-you-need-nitro-for-discord-fonts,,"answer, do you need nitro for fonts?, font guide, typography tips, unicode fonts, copy and paste text, copy and paste, ultratextgen"
Does Zalgo Text Work on Roblox? | Fonts & Symbols Help,https://ultratextgen.com/assets/pinterest/answers-does-zalgo-work-on-roblox.png,Font Guides & Typography Tips,,"Does Zalgo Text Work on Roblox? What survives the filter, and what never does. A short, clear answer plus copy-and-paste fonts and symbols you can use across your profiles, posts and usernames with UltraTextGen.",https://ultratextgen.com/answers/does-zalgo-work-on-roblox/?utm_source=pinterest&utm_medium=social&utm_campaign=organic_pins&utm_content=answers-does-zalgo-work-on-roblox,,"answer, does zalgo text work on roblox?, font guide, typography tips, unicode fonts, copy and paste text, copy and paste, ultratextgen"
What Does Eid Mubarak Mean? | Fonts & Symbols Help,https://ultratextgen.com/assets/pinterest/answers-eid-mubarak-meaning-and-reply.png,Font Guides & Typography Tips,,"What Does Eid Mubarak Mean? The meaning, and how to reply. A short, clear answer plus copy-and-paste fonts and symbols you can use across your profiles, posts and usernames with UltraTextGen.",https://ultratextgen.com/answers/eid-mubarak-meaning-and-reply/?utm_source=pinterest&utm_medium=social&utm_campaign=organic_pins&utm_content=answers-eid-mubarak-meaning-and-reply,,"answer, what does eid mubarak mean?, font guide, typography tips, unicode fonts, copy and paste text, copy and paste, ultratextgen"
Fancy Text With ñ and Accents — Quick Answer,https://ultratextgen.com/assets/pinterest/answers-fancy-text-with-n-and-accented-letters.png,Font Guides & Typography Tips,,"Fancy Text With ñ and Accents Why accented letters often stay plain. A short, clear answer plus copy-and-paste fonts and symbols you can use across your profiles, posts and usernames with UltraTextGen.",https://ultratextgen.com/answers/fancy-text-with-n-and-accented-letters/?utm_source=pinterest&utm_medium=social&utm_campaign=organic_pins&utm_content=answers-fancy-text-with-n-and-accented-letters,,"answer, fancy text with ñ and accents, font guide, typography tips, unicode fonts, copy and paste text, copy and paste, ultratextgen"
Father's Day Messages: What to Write — Quick Answer,https://ultratextgen.com/assets/pinterest/answers-fathers-day-messages-what-to-write.png,Font Guides & Typography Tips,,"Father's Day Messages: What to Write Short, sincere lines for dads and father figures. A short, clear answer plus copy-and-paste fonts and symbols you can use across your profiles, posts and usernames with UltraTextGen.",https://ultratextgen.com/answers/fathers-day-messages-what-to-write/?utm_source=pinterest&utm_medium=social&utm_campaign=organic_pins&utm_content=answers-fathers-day-messages-what-to-write,,"answer, father's day messages: what to write, font guide, typography tips, unicode fonts, copy and paste text, copy and paste, ultratextgen"
Halloween Messages: What to Write — Quick Answer,https://ultratextgen.com/assets/pinterest/answers-halloween-messages-what-to-write.png,Font Guides & Typography Tips,,"Halloween Messages: What to Write Spooky captions and card lines that land. A short, clear answer plus copy-and-paste fonts and symbols you can use across your profiles, posts and usernames with UltraTextGen.",https://ultratextgen.com/answers/halloween-messages-what-to-write/?utm_source=pinterest&utm_medium=social&utm_campaign=organic_pins&utm_content=answers-halloween-messages-what-to-write,,"answer, halloween messages: what to write, font guide, typography tips, unicode fonts, copy and paste text, copy and paste, ultratextgen"
New Year Wishes: What to Write — Quick Answer,https://ultratextgen.com/assets/pinterest/answers-happy-new-year-wishes-what-to-write.png,Font Guides & Typography Tips,,"New Year Wishes: What to Write Funny, heartfelt & professional message ideas. A short, clear answer plus copy-and-paste fonts and symbols you can use across your profiles, posts and usernames with UltraTextGen.",https://ultratextgen.com/answers/happy-new-year-wishes-what-to-write/?utm_source=pinterest&utm_medium=social&utm_campaign=organic_pins&utm_content=answers-happy-new-year-wishes-what-to-write,,"answer, new year wishes: what to write, font guide, typography tips, unicode fonts, copy and paste text, copy and paste, ultratextgen"
Change Your Discord Username — Quick Answer,https://ultratextgen.com/assets/pinterest/answers-how-to-change-discord-username.png,Font Guides & Typography Tips,,"Change Your Discord Username Unique name vs display name, explained. A short, clear answer plus copy-and-paste fonts and symbols you can use across your profiles, posts and usernames with UltraTextGen.",https://ultratextgen.com/answers/how-to-change-discord-username/?utm_source=pinterest&utm_medium=social&utm_campaign=organic_pins&utm_content=answers-how-to-change-discord-username,,"answer, change your discord username, font guide, typography tips, unicode fonts, copy and paste text, copy and paste, ultratextgen"
Change Your Instagram Username — Quick Answer,https://ultratextgen.com/assets/pinterest/answers-how-to-change-instagram-username.png,Font Guides & Typography Tips,,"Change Your Instagram Username The rules, the 14-day limit, and fancy fonts. A short, clear answer plus copy-and-paste fonts and symbols you can use across your profiles, posts and usernames with UltraTextGen.",https://ultratextgen.com/answers/how-to-change-instagram-username/?utm_source=pinterest&utm_medium=social&utm_campaign=organic_pins&utm_content=answers-how-to-change-instagram-username,,"answer, change your instagram username, font guide, typography tips, unicode fonts, copy and paste text, copy and paste, ultratextgen"
Change Your Roblox Username — Quick Answer,https://ultratextgen.com/assets/pinterest/answers-how-to-change-roblox-username.png,Font Guides & Typography Tips,,"Change Your Roblox Username The steps and the catch. A short, clear answer plus copy-and-paste fonts and symbols you can use across your profiles, posts and usernames with UltraTextGen.",https://ultratextgen.com/answers/how-to-change-roblox-username/?utm_source=pinterest&utm_medium=social&utm_campaign=organic_pins&utm_content=answers-how-to-change-roblox-username,,"answer, change your roblox username, font guide, typography tips, unicode fonts, copy and paste text, copy and paste, ultratextgen"
Change Your TikTok Username — Quick Answer,https://ultratextgen.com/assets/pinterest/answers-how-to-change-tiktok-username.png,Font Guides & Typography Tips,,"Change Your TikTok Username How and how often you can. A short, clear answer plus copy-and-paste fonts and symbols you can use across your profiles, posts and usernames with UltraTextGen.",https://ultratextgen.com/answers/how-to-change-tiktok-username/?utm_source=pinterest&utm_medium=social&utm_campaign=organic_pins&utm_content=answers-how-to-change-tiktok-username,,"answer, change your tiktok username, font guide, typography tips, unicode fonts, copy and paste text, copy and paste, ultratextgen"
How to Make a Blank Name — Quick Answer | Fonts & Symbols Help,https://ultratextgen.com/assets/pinterest/answers-how-to-make-a-blank-name.png,Font Guides & Typography Tips,,"How to Make a Blank Name The invisible-character method, and the catch. A short, clear answer plus copy-and-paste fonts and symbols you can use across your profiles, posts and usernames with UltraTextGen.",https://ultratextgen.com/answers/how-to-make-a-blank-name/?utm_source=pinterest&utm_medium=social&utm_campaign=organic_pins&utm_content=answers-how-to-make-a-blank-name,,"answer, how to make a blank name, font guide, typography tips, unicode fonts, copy and paste text, copy and paste, ultratextgen"
Big Text in Discord — Quick Answer | Fonts & Symbols Help,https://ultratextgen.com/assets/pinterest/answers-how-to-make-big-text-in-discord.png,Font Guides & Typography Tips,,"Big Text in Discord Headers for messages, a font for names. A short, clear answer plus copy-and-paste fonts and symbols you can use across your profiles, posts and usernames with UltraTextGen.",https://ultratextgen.com/answers/how-to-make-big-text-in-discord/?utm_source=pinterest&utm_medium=social&utm_campaign=organic_pins&utm_content=answers-how-to-make-big-text-in-discord,,"answer, big text in discord, font guide, typography tips, unicode fonts, copy and paste text, copy and paste, ultratextgen"
Bold Text in Discord — Quick Answer | Fonts & Symbols Help,https://ultratextgen.com/assets/pinterest/answers-how-to-make-bold-text-in-discord.png,Font Guides & Typography Tips,,"Bold Text in Discord Markdown for messages, Unicode for names. A short, clear answer plus copy-and-paste fonts and symbols you can use across your profiles, posts and usernames with UltraTextGen.",https://ultratextgen.com/answers/how-to-make-bold-text-in-discord/?utm_source=pinterest&utm_medium=social&utm_campaign=organic_pins&utm_content=answers-how-to-make-bold-text-in-discord,,"answer, bold text in discord, font guide, typography tips, unicode fonts, copy and paste text, copy and paste, ultratextgen"
How to Remove Zalgo Text — Quick Answer | Fonts & Symbols Help,https://ultratextgen.com/assets/pinterest/answers-how-to-remove-zalgo-text.png,Font Guides & Typography Tips,,"How to Remove Zalgo Text Strip combining marks and recover the original. A short, clear answer plus copy-and-paste fonts and symbols you can use across your profiles, posts and usernames with UltraTextGen.",https://ultratextgen.com/answers/how-to-remove-zalgo-text/?utm_source=pinterest&utm_medium=social&utm_campaign=organic_pins&utm_content=answers-how-to-remove-zalgo-text,,"answer, how to remove zalgo text, font guide, typography tips, unicode fonts, copy and paste text, copy and paste, ultratextgen"
How to Type Kaomoji — Quick Answer | Fonts & Symbols Help,https://ultratextgen.com/assets/pinterest/answers-how-to-type-kaomoji.png,Font Guides & Typography Tips,,"How to Type Kaomoji On Windows, iPhone, Android & Mac. A short, clear answer plus copy-and-paste fonts and symbols you can use across your profiles, posts and usernames with UltraTextGen.",https://ultratextgen.com/answers/how-to-type-kaomoji/?utm_source=pinterest&utm_medium=social&utm_campaign=organic_pins&utm_content=answers-how-to-type-kaomoji,,"answer, how to type kaomoji, font guide, typography tips, unicode fonts, copy and paste text, copy and paste, ultratextgen"
Can You Uncover Redacted Text? | Fonts & Symbols Help,https://ultratextgen.com/assets/pinterest/answers-how-to-uncover-redacted-text.png,Font Guides & Typography Tips,,"Can You Uncover Redacted Text? Unicode blocks are permanent, images sometimes aren't. A short, clear answer plus copy-and-paste fonts and symbols you can use across your profiles, posts and usernames with UltraTextGen.",https://ultratextgen.com/answers/how-to-uncover-redacted-text/?utm_source=pinterest&utm_medium=social&utm_campaign=organic_pins&utm_content=answers-how-to-uncover-redacted-text,,"answer, can you uncover redacted text?, font guide, typography tips, unicode fonts, copy and paste text, copy and paste, ultratextgen"
Underline in Discord — Quick Answer | Fonts & Symbols Help,https://ultratextgen.com/assets/pinterest/answers-how-to-underline-in-discord.png,Font Guides & Typography Tips,,"Underline in Discord Markdown for messages, Unicode for names. A short, clear answer plus copy-and-paste fonts and symbols you can use across your profiles, posts and usernames with UltraTextGen.",https://ultratextgen.com/answers/how-to-underline-in-discord/?utm_source=pinterest&utm_medium=social&utm_campaign=organic_pins&utm_content=answers-how-to-underline-in-discord,,"answer, underline in discord, font guide, typography tips, unicode fonts, copy and paste text, copy and paste, ultratextgen"
Quick Answers | Fonts & Symbols Help — UltraTextGen,https://ultratextgen.com/assets/pinterest/answers.png,Font Guides & Typography Tips,,"Quick Answers Short, sourced answers to common questions. A short, clear answer plus copy-and-paste fonts and symbols you can use across your profiles, posts and usernames with UltraTextGen.",https://ultratextgen.com/answers/?utm_source=pinterest&utm_medium=social&utm_campaign=organic_pins&utm_content=answers,,"answer, quick answers, font guide, typography tips, unicode fonts, copy and paste text, copy and paste, ultratextgen"
Is Fancy Text Bad for Accessibility? | Fonts & Symbols Help,https://ultratextgen.com/assets/pinterest/answers-is-fancy-text-bad-for-accessibility.png,Font Guides & Typography Tips,,"Is Fancy Text Bad for Accessibility? How screen readers handle styled Unicode. A short, clear answer plus copy-and-paste fonts and symbols you can use across your profiles, posts and usernames with UltraTextGen.",https://ultratextgen.com/answers/is-fancy-text-bad-for-accessibility/?utm_source=pinterest&utm_medium=social&utm_campaign=organic_pins&utm_content=answers-is-fancy-text-bad-for-accessibility,,"answer, is fancy text bad for accessibility?, font guide, typography tips, unicode fonts, copy and paste text, copy and paste, ultratextgen"
Is Fancy Text Bad for SEO? | Fonts & Symbols Help,https://ultratextgen.com/assets/pinterest/answers-is-fancy-text-bad-for-seo.png,Font Guides & Typography Tips,,"Is Fancy Text Bad for SEO? Fine as decoration, risky on keywords. A short, clear answer plus copy-and-paste fonts and symbols you can use across your profiles, posts and usernames with UltraTextGen.",https://ultratextgen.com/answers/is-fancy-text-bad-for-seo/?utm_source=pinterest&utm_medium=social&utm_campaign=organic_pins&utm_content=answers-is-fancy-text-bad-for-seo,,"answer, is fancy text bad for seo?, font guide, typography tips, unicode fonts, copy and paste text, copy and paste, ultratextgen"
Is LinkedIn Bold Text Safe? | Fonts & Symbols Help,https://ultratextgen.com/assets/pinterest/answers-is-linkedin-bold-text-safe.png,Font Guides & Typography Tips,,"Is LinkedIn Bold Text Safe? Accessibility and reach, explained. A short, clear answer plus copy-and-paste fonts and symbols you can use across your profiles, posts and usernames with UltraTextGen.",https://ultratextgen.com/answers/is-linkedin-bold-text-safe/?utm_source=pinterest&utm_medium=social&utm_campaign=organic_pins&utm_content=answers-is-linkedin-bold-text-safe,,"answer, is linkedin bold text safe?, font guide, typography tips, unicode fonts, copy and paste text, copy and paste, ultratextgen"
Is Zalgo Text Safe? | Fonts & Symbols Help,https://ultratextgen.com/assets/pinterest/answers-is-zalgo-text-safe.png,Font Guides & Typography Tips,,"Is Zalgo Text Safe? No virus, no hack — the two real caveats. A short, clear answer plus copy-and-paste fonts and symbols you can use across your profiles, posts and usernames with UltraTextGen.",https://ultratextgen.com/answers/is-zalgo-text-safe/?utm_source=pinterest&utm_medium=social&utm_campaign=organic_pins&utm_content=answers-is-zalgo-text-safe,,"answer, is zalgo text safe?, font guide, typography tips, unicode fonts, copy and paste text, copy and paste, ultratextgen"
Merry Christmas in Other Languages — Quick Answer,https://ultratextgen.com/assets/pinterest/answers-merry-christmas-in-different-languages.png,Font Guides & Typography Tips,,"Merry Christmas in Other Languages Feliz Navidad, Joyeux Noël & more, translated. A short, clear answer plus copy-and-paste fonts and symbols you can use across your profiles, posts and usernames with UltraTextGen.",https://ultratextgen.com/answers/merry-christmas-in-different-languages/?utm_source=pinterest&utm_medium=social&utm_campaign=organic_pins&utm_content=answers-merry-christmas-in-different-languages,,"answer, merry christmas in other languages, font guide, typography tips, unicode fonts, copy and paste text, copy and paste, ultratextgen"
Mother's Day Messages: What to Write — Quick Answer,https://ultratextgen.com/assets/pinterest/answers-mothers-day-messages-what-to-write.png,Font Guides & Typography Tips,,"Mother's Day Messages: What to Write Heartfelt lines for Mom, Grandma & more. A short, clear answer plus copy-and-paste fonts and symbols you can use across your profiles, posts and usernames with UltraTextGen.",https://ultratextgen.com/answers/mothers-day-messages-what-to-write/?utm_source=pinterest&utm_medium=social&utm_campaign=organic_pins&utm_content=answers-mothers-day-messages-what-to-write,,"answer, mother's day messages: what to write, font guide, typography tips, unicode fonts, copy and paste text, copy and paste, ultratextgen"
Valentine's Day Messages: What to Write — Quick Answer,https://ultratextgen.com/assets/pinterest/answers-valentines-day-messages-what-to-write.png,Font Guides & Typography Tips,,"Valentine's Day Messages: What to Write Sweet lines for partners, crushes & friends. A short, clear answer plus copy-and-paste fonts and symbols you can use across your profiles, posts and usernames with UltraTextGen.",https://ultratextgen.com/answers/valentines-day-messages-what-to-write/?utm_source=pinterest&utm_medium=social&utm_campaign=organic_pins&utm_content=answers-valentines-day-messages-what-to-write,,"answer, valentine's day messages: what to write, font guide, typography tips, unicode fonts, copy and paste text, copy and paste, ultratextgen"
What Does o7 Mean? | Fonts & Symbols Help,https://ultratextgen.com/assets/pinterest/answers-what-does-o7-mean.png,Font Guides & Typography Tips,,"What Does o7 Mean? The saluting text face, explained. A short, clear answer plus copy-and-paste fonts and symbols you can use across your profiles, posts and usernames with UltraTextGen.",https://ultratextgen.com/answers/what-does-o7-mean/?utm_source=pinterest&utm_medium=social&utm_campaign=organic_pins&utm_content=answers-what-does-o7-mean,,"answer, what does o7 mean?, font guide, typography tips, unicode fonts, copy and paste text, copy and paste, ultratextgen"
What Does OwO Mean? | Fonts & Symbols Help,https://ultratextgen.com/assets/pinterest/answers-what-does-owo-mean.png,Font Guides & Typography Tips,,"What Does OwO Mean? The wide-eyed text face, explained. A short, clear answer plus copy-and-paste fonts and symbols you can use across your profiles, posts and usernames with UltraTextGen.",https://ultratextgen.com/answers/what-does-owo-mean/?utm_source=pinterest&utm_medium=social&utm_campaign=organic_pins&utm_content=answers-what-does-owo-mean,,"answer, what does owo mean?, font guide, typography tips, unicode fonts, copy and paste text, copy and paste, ultratextgen"
What Does UwU Mean? | Fonts & Symbols Help,https://ultratextgen.com/assets/pinterest/answers-what-does-uwu-mean.png,Font Guides & Typography Tips,,"What Does UwU Mean? The cute text face, explained. A short, clear answer plus copy-and-paste fonts and symbols you can use across your profiles, posts and usernames with UltraTextGen.",https://ultratextgen.com/answers/what-does-uwu-mean/?utm_source=pinterest&utm_medium=social&utm_campaign=organic_pins&utm_content=answers-what-does-uwu-mean,,"answer, what does uwu mean?, font guide, typography tips, unicode fonts, copy and paste text, copy and paste, ultratextgen"
What Does XD Mean? | Fonts & Symbols Help,https://ultratextgen.com/assets/pinterest/answers-what-does-xd-mean.png,Font Guides & Typography Tips,,"What Does XD Mean? The laughing text face, explained. A short, clear answer plus copy-and-paste fonts and symbols you can use across your profiles, posts and usernames with UltraTextGen.",https://ultratextgen.com/answers/what-does-xd-mean/?utm_source=pinterest&utm_medium=social&utm_campaign=organic_pins&utm_content=answers-what-does-xd-mean,,"answer, what does xd mean?, font guide, typography tips, unicode fonts, copy and paste text, copy and paste, ultratextgen"
What Font Does Discord Use? | Fonts & Symbols Help,https://ultratextgen.com/assets/pinterest/answers-what-font-does-discord-use.png,Font Guides & Typography Tips,,"What Font Does Discord Use? gg sans, and what it means for you. A short, clear answer plus copy-and-paste fonts and symbols you can use across your profiles, posts and usernames with UltraTextGen.",https://ultratextgen.com/answers/what-font-does-discord-use/?utm_source=pinterest&utm_medium=social&utm_campaign=organic_pins&utm_content=answers-what-font-does-discord-use,,"answer, what font does discord use?, font guide, typography tips, unicode fonts, copy and paste text, copy and paste, ultratextgen"
What Font Does Facebook Use? | Fonts & Symbols Help,https://ultratextgen.com/assets/pinterest/answers-what-font-does-facebook-use.png,Font Guides & Typography Tips,,"What Font Does Facebook Use? The system fonts behind the feed. A short, clear answer plus copy-and-paste fonts and symbols you can use across your profiles, posts and usernames with UltraTextGen.",https://ultratextgen.com/answers/what-font-does-facebook-use/?utm_source=pinterest&utm_medium=social&utm_campaign=organic_pins&utm_content=answers-what-font-does-facebook-use,,"answer, what font does facebook use?, font guide, typography tips, unicode fonts, copy and paste text, copy and paste, ultratextgen"
What Font Does Instagram Use? | Fonts & Symbols Help,https://ultratextgen.com/assets/pinterest/answers-what-font-does-instagram-use.png,Font Guides & Typography Tips,,"What Font Does Instagram Use? System fonts, Instagram Sans, and fancy fonts. A short, clear answer plus copy-and-paste fonts and symbols you can use across your profiles, posts and usernames with UltraTextGen.",https://ultratextgen.com/answers/what-font-does-instagram-use/?utm_source=pinterest&utm_medium=social&utm_campaign=organic_pins&utm_content=answers-what-font-does-instagram-use,,"answer, what font does instagram use?, font guide, typography tips, unicode fonts, copy and paste text, copy and paste, ultratextgen"
What Font Does LinkedIn Use? | Fonts & Symbols Help,https://ultratextgen.com/assets/pinterest/answers-what-font-does-linkedin-use.png,Font Guides & Typography Tips,,"What Font Does LinkedIn Use? The typeface and your options. A short, clear answer plus copy-and-paste fonts and symbols you can use across your profiles, posts and usernames with UltraTextGen.",https://ultratextgen.com/answers/what-font-does-linkedin-use/?utm_source=pinterest&utm_medium=social&utm_campaign=organic_pins&utm_content=answers-what-font-does-linkedin-use,,"answer, what font does linkedin use?, font guide, typography tips, unicode fonts, copy and paste text, copy and paste, ultratextgen"
What Font Does Roblox Use? | Fonts & Symbols Help,https://ultratextgen.com/assets/pinterest/answers-what-font-does-roblox-use.png,Font Guides & Typography Tips,,"What Font Does Roblox Use? Builder Sans, and the Comic Sans myth. A short, clear answer plus copy-and-paste fonts and symbols you can use across your profiles, posts and usernames with UltraTextGen.",https://ultratextgen.com/answers/what-font-does-roblox-use/?utm_source=pinterest&utm_medium=social&utm_campaign=organic_pins&utm_content=answers-what-font-does-roblox-use,,"answer, what font does roblox use?, font guide, typography tips, unicode fonts, copy and paste text, copy and paste, ultratextgen"
What Font Does Snapchat Use? | Fonts & Symbols Help,https://ultratextgen.com/assets/pinterest/answers-what-font-does-snapchat-use.png,Font Guides & Typography Tips,,"What Font Does Snapchat Use? The app typeface, explained. A short, clear answer plus copy-and-paste fonts and symbols you can use across your profiles, posts and usernames with UltraTextGen.",https://ultratextgen.com/answers/what-font-does-snapchat-use/?utm_source=pinterest&utm_medium=social&utm_campaign=organic_pins&utm_content=answers-what-font-does-snapchat-use,,"answer, what font does snapchat use?, font guide, typography tips, unicode fonts, copy and paste text, copy and paste, ultratextgen"
What Font Does TikTok Use? | Fonts & Symbols Help,https://ultratextgen.com/assets/pinterest/answers-what-font-does-tiktok-use.png,Font Guides & Typography Tips,,"What Font Does TikTok Use? TikTok Sans, and how it differs from styled text. A short, clear answer plus copy-and-paste fonts and symbols you can use across your profiles, posts and usernames with UltraTextGen.",https://ultratextgen.com/answers/what-font-does-tiktok-use/?utm_source=pinterest&utm_medium=social&utm_campaign=organic_pins&utm_content=answers-what-font-does-tiktok-use,,"answer, what font does tiktok use?, font guide, typography tips, unicode fonts, copy and paste text, copy and paste, ultratextgen"
What Font Does Twitter/X Use? | Fonts & Symbols Help,https://ultratextgen.com/assets/pinterest/answers-what-font-does-twitter-use.png,Font Guides & Typography Tips,,"What Font Does Twitter/X Use? Chirp, the brand font, explained. A short, clear answer plus copy-and-paste fonts and symbols you can use across your profiles, posts and usernames with UltraTextGen.",https://ultratextgen.com/answers/what-font-does-twitter-use/?utm_source=pinterest&utm_medium=social&utm_campaign=organic_pins&utm_content=answers-what-font-does-twitter-use,,"answer, what font does twitter/x use?, font guide, typography tips, unicode fonts, copy and paste text, copy and paste, ultratextgen"
What Font Does YouTube Use? | Fonts & Symbols Help,https://ultratextgen.com/assets/pinterest/answers-what-font-does-youtube-use.png,Font Guides & Typography Tips,,"What Font Does YouTube Use? Roboto and YouTube Sans, explained. A short, clear answer plus copy-and-paste fonts and symbols you can use across your profiles, posts and usernames with UltraTextGen.",https://ultratextgen.com/answers/what-font-does-youtube-use/?utm_source=pinterest&utm_medium=social&utm_campaign=organic_pins&utm_content=answers-what-font-does-youtube-use,,"answer, what font does youtube use?, font guide, typography tips, unicode fonts, copy and paste text, copy and paste, ultratextgen"
What Is a TikTok Handle? | Fonts & Symbols Help,https://ultratextgen.com/assets/pinterest/answers-what-is-a-tiktok-handle.png,Font Guides & Typography Tips,,"What Is a TikTok Handle? Handle vs name, made simple. A short, clear answer plus copy-and-paste fonts and symbols you can use across your profiles, posts and usernames with UltraTextGen.",https://ultratextgen.com/answers/what-is-a-tiktok-handle/?utm_source=pinterest&utm_medium=social&utm_campaign=organic_pins&utm_content=answers-what-is-a-tiktok-handle,,"answer, what is a tiktok handle?, font guide, typography tips, unicode fonts, copy and paste text, copy and paste, ultratextgen"
What Is ASCII? | Fonts & Symbols Help — UltraTextGen,https://ultratextgen.com/assets/pinterest/answers-what-is-ascii.png,Font Guides & Typography Tips,,"What Is ASCII? The 128-character code behind plain text. A short, clear answer plus copy-and-paste fonts and symbols you can use across your profiles, posts and usernames with UltraTextGen.",https://ultratextgen.com/answers/what-is-ascii/?utm_source=pinterest&utm_medium=social&utm_campaign=organic_pins&utm_content=answers-what-is-ascii,,"answer, what is ascii?, font guide, typography tips, unicode fonts, copy and paste text, copy and paste, ultratextgen"
What Is a Kaomoji? | Fonts & Symbols Help,https://ultratextgen.com/assets/pinterest/answers-what-is-kaomoji.png,Font Guides & Typography Tips,,"What Is a Kaomoji? Japanese text faces, explained. A short, clear answer plus copy-and-paste fonts and symbols you can use across your profiles, posts and usernames with UltraTextGen.",https://ultratextgen.com/answers/what-is-kaomoji/?utm_source=pinterest&utm_medium=social&utm_campaign=organic_pins&utm_content=answers-what-is-kaomoji,,"answer, what is a kaomoji?, font guide, typography tips, unicode fonts, copy and paste text, copy and paste, ultratextgen"
Username vs Display Name — Quick Answer | Fonts & Symbols Help,https://ultratextgen.com/assets/pinterest/answers-where-do-fancy-fonts-work-username-vs-display-name.png,Font Guides & Typography Tips,,"Username vs Display Name Where fancy fonts actually work. A short, clear answer plus copy-and-paste fonts and symbols you can use across your profiles, posts and usernames with UltraTextGen.",https://ultratextgen.com/answers/where-do-fancy-fonts-work-username-vs-display-name/?utm_source=pinterest&utm_medium=social&utm_campaign=organic_pins&utm_content=answers-where-do-fancy-fonts-work-username-vs-display-name,,"answer, username vs display name, font guide, typography tips, unicode fonts, copy and paste text, copy and paste, ultratextgen"
Why Fancy Text Loses Formatting — Quick Answer,https://ultratextgen.com/assets/pinterest/answers-why-does-copied-fancy-text-lose-formatting.png,Font Guides & Typography Tips,,"Why Fancy Text Loses Formatting It was never formatting — just substitute characters. A short, clear answer plus copy-and-paste fonts and symbols you can use across your profiles, posts and usernames with UltraTextGen.",https://ultratextgen.com/answers/why-does-copied-fancy-text-lose-formatting/?utm_source=pinterest&utm_medium=social&utm_campaign=organic_pins&utm_content=answers-why-does-copied-fancy-text-lose-formatting,,"answer, why fancy text loses formatting, font guide, typography tips, unicode fonts, copy and paste text, copy and paste, ultratextgen"
Fancy Text: iPhone vs Android — Quick Answer,https://ultratextgen.com/assets/pinterest/answers-why-fancy-text-looks-different-on-iphone-vs-android.png,Font Guides & Typography Tips,,"Fancy Text: iPhone vs Android Same characters, different system fonts. A short, clear answer plus copy-and-paste fonts and symbols you can use across your profiles, posts and usernames with UltraTextGen.",https://ultratextgen.com/answers/why-fancy-text-looks-different-on-iphone-vs-android/?utm_source=pinterest&utm_medium=social&utm_campaign=organic_pins&utm_content=answers-why-fancy-text-looks-different-on-iphone-vs-android,,"answer, fancy text: iphone vs android, font guide, typography tips, unicode fonts, copy and paste text, copy and paste, ultratextgen"
Why Fancy Text Removes Accents — Quick Answer,https://ultratextgen.com/assets/pinterest/answers-why-fancy-text-removes-accents.png,Font Guides & Typography Tips,,"Why Fancy Text Removes Accents Unicode has no styled á, ñ or ữ — here's why. A short, clear answer plus copy-and-paste fonts and symbols you can use across your profiles, posts and usernames with UltraTextGen.",https://ultratextgen.com/answers/why-fancy-text-removes-accents/?utm_source=pinterest&utm_medium=social&utm_campaign=organic_pins&utm_content=answers-why-fancy-text-removes-accents,,"answer, why fancy text removes accents, font guide, typography tips, unicode fonts, copy and paste text, copy and paste, ultratextgen"
Name Showing as Boxes? | Fonts & Symbols Help,https://ultratextgen.com/assets/pinterest/answers-why-is-my-name-showing-as-boxes.png,Font Guides & Typography Tips,,"Name Showing as Boxes? The missing-glyph fix, and safe styles. A short, clear answer plus copy-and-paste fonts and symbols you can use across your profiles, posts and usernames with UltraTextGen.",https://ultratextgen.com/answers/why-is-my-name-showing-as-boxes/?utm_source=pinterest&utm_medium=social&utm_campaign=organic_pins&utm_content=answers-why-is-my-name-showing-as-boxes,,"answer, name showing as boxes?, font guide, typography tips, unicode fonts, copy and paste text, copy and paste, ultratextgen"
Why Was My Game Name Rejected? | Fonts & Symbols Help,https://ultratextgen.com/assets/pinterest/answers-why-was-my-game-name-rejected.png,Font Guides & Typography Tips,,"Why Was My Game Name Rejected? The filter and the length limit. A short, clear answer plus copy-and-paste fonts and symbols you can use across your profiles, posts and usernames with UltraTextGen.",https://ultratextgen.com/answers/why-was-my-game-name-rejected/?utm_source=pinterest&utm_medium=social&utm_campaign=organic_pins&utm_content=answers-why-was-my-game-name-rejected,,"answer, why was my game name rejected?, font guide, typography tips, unicode fonts, copy and paste text, copy and paste, ultratextgen"
Why Won't Discord Accept My Username? | Fonts & Symbols Help,https://ultratextgen.com/assets/pinterest/answers-why-wont-discord-accept-fancy-username.png,Font Guides & Typography Tips,,"Why Won't Discord Accept My Username? Usernames are ASCII-only; display names aren't. A short, clear answer plus copy-and-paste fonts and symbols you can use across your profiles, posts and usernames with UltraTextGen.",https://ultratextgen.com/answers/why-wont-discord-accept-fancy-username/?utm_source=pinterest&utm_medium=social&utm_campaign=organic_pins&utm_content=answers-why-wont-discord-accept-fancy-username,,"answer, why won't discord accept my username?, font guide, typography tips, unicode fonts, copy and paste text, copy and paste, ultratextgen"
Why Won't Instagram Accept My Username? | Fonts & Symbols Help,https://ultratextgen.com/assets/pinterest/answers-why-wont-instagram-accept-my-fancy-username.png,Font Guides & Typography Tips,,"Why Won't Instagram Accept My Username? Handles are ASCII-only — style your Name instead. A short, clear answer plus copy-and-paste fonts and symbols you can use across your profiles, posts and usernames with UltraTextGen.",https://ultratextgen.com/answers/why-wont-instagram-accept-my-fancy-username/?utm_source=pinterest&utm_medium=social&utm_campaign=organic_pins&utm_content=answers-why-wont-instagram-accept-my-fancy-username,,"answer, why won't instagram accept my username?, font guide, typography tips, unicode fonts, copy and paste text, copy and paste, ultratextgen"
كيفية إنشاء اسم فارغ (غير مرئي) — Copy and Paste Fonts,https://ultratextgen.com/assets/pinterest/ar-answers-insha-ism-farigh.png,International Fancy Font Generators,,"كيفية إنشاء اسم فارغ (غير مرئي). تريد اسم مستخدم فارغاً أو غير مرئي في لعبة، أو على ديسكورد أو ستيم أو واتساب؟ المسافة العادية تُحذف، لذا تلصق حرف يونيكود غير مرئي بدلاً…. Copy and paste stylish Unicode fonts and symbols for bios, captions, usernames and posts — free, fast and right in your…",https://ultratextgen.com/ar/answers/insha-ism-farigh/?utm_source=pinterest&utm_medium=social&utm_campaign=organic_pins&utm_content=ar-answers-insha-ism-farigh,,"localized, كيفية إنشاء اسم فارغ (غير مرئي), fancy text generator, copy paste fonts, unicode fonts, copy and paste, ultratextgen"
أين تعمل الخطوط المزخرفة — اسم المستخدم أم الاسم الظاهر؟ — Copy and Paste Fonts,https://ultratextgen.com/assets/pinterest/ar-answers-ism-mustakhdim-am-ism-zahir.png,International Fancy Font Generators,,"أين تعمل الخطوط المزخرفة — اسم المستخدم أم الاسم الظاهر؟. تظهر لك رسالة «أحرف غير صالحة» عند لصق خط مزخرف؟ مكانه الاسم الظاهر، لا اسم المستخدم (@). إليك القاعدة، وجدول حسب المنصة، والاستثناءات…. Copy and paste stylish Unicode fonts and symbols for bios, captions, usernames and posts — free, fast…",https://ultratextgen.com/ar/answers/ism-mustakhdim-am-ism-zahir/?utm_source=pinterest&utm_medium=social&utm_campaign=organic_pins&utm_content=ar-answers-ism-mustakhdim-am-ism-zahir,,"localized, أين تعمل الخطوط المزخرفة — اسم المستخدم أم الاسم الظاهر؟, fancy text generator, copy paste fonts, unicode fonts, copy and paste, ultratextgen"
ما سبب رفض اسمي في اللعبة؟ — Copy and Paste Fonts,https://ultratextgen.com/assets/pinterest/ar-answers-sabab-rafd-ism-allaeba.png,International Fancy Font Generators,,"ما سبب رفض اسمي في اللعبة؟. فري فاير أو ببجي أو روبلوكس أو فالورانت لا يحفظ اسمك المزخرف؟ الألعاب تفلتر أحرفاً معينة وتحسب الحروف المزخرفة ضمن حد ضيق جداً. إليك سبب…. Copy and paste stylish Unicode fonts and symbols for bios, captions, usernames and posts — free, fast and right in your browser…",https://ultratextgen.com/ar/answers/sabab-rafd-ism-allaeba/?utm_source=pinterest&utm_medium=social&utm_campaign=organic_pins&utm_content=ar-answers-sabab-rafd-ism-allaeba,,"localized, ما سبب رفض اسمي في اللعبة؟, fancy text generator, copy paste fonts, unicode fonts, copy and paste, ultratextgen"
لماذا يظهر اسمي كمربعات أو علامات استفهام؟ — Copy and Paste Fonts,https://ultratextgen.com/assets/pinterest/ar-answers-zuhoor-alism-murabbaat.png,International Fancy Font Generators,,"لماذا يظهر اسمي كمربعات أو علامات استفهام؟. حفظت اسمك المزخرف بنجاح، لكنه يظهر لأصدقائك أو داخل اللعبة كـ □ أو ???. هذه مشكلة حرف مفقود (تُعرف بـ tofu) على الجهاز الآخر — إليك الحل…. Copy and paste stylish Unicode fonts and symbols for bios, captions, usernames and posts — free, fast and right…",https://ultratextgen.com/ar/answers/zuhoor-alism-murabbaat/?utm_source=pinterest&utm_medium=social&utm_campaign=organic_pins&utm_content=ar-answers-zuhoor-alism-murabbaat,,"localized, لماذا يظهر اسمي كمربعات أو علامات استفهام؟, fancy text generator, copy paste fonts, unicode fonts, copy and paste, ultratextgen"
أين تعمل الخطوط المزخرفة في ديسكورد: خريطة حقلاً حقلاً — Copy and Paste Fonts,https://ultratextgen.com/assets/pinterest/ar-guide-amaken-khutut-discord.png,International Fancy Font Generators,,"أين تعمل الخطوط المزخرفة في ديسكورد: خريطة حقلاً حقلاً. لماذا يقول ديسكورد إن اسم المستخدم غير صالح، ولماذا فقدت قناتك أحرفها الكبيرة، وأي الحقول بالضبط تقبل خطوط Unicode — مصفوفة أذونات واحدة…. Copy and paste stylish Unicode fonts and symbols for bios, captions, usernames and posts — free, fast…",https://ultratextgen.com/ar/guide/amaken-khutut-discord/?utm_source=pinterest&utm_medium=social&utm_campaign=organic_pins&utm_content=ar-guide-amaken-khutut-discord,,"localized, أين تعمل الخطوط المزخرفة في ديسكورد: خريطة حقلاً حقلاً, fancy text generator, copy paste fonts, unicode fonts, copy and paste, ultratextgen"
أدلة UltraTextGen — إتقان الخطوط المزخرفة — Copy and Paste Fonts,https://ultratextgen.com/assets/pinterest/ar-guide.png,International Fancy Font Generators,,"أدلة UltraTextGen — إتقان الخطوط المزخرفة. أدلة UltraTextGen بالعربية: افهم خطوط Unicode وأتقنها، وازخرف اسمك وسيرفرك على ديسكورد، واستخرج أفضل ما في الكتابات المزخرفة. Copy and paste stylish Unicode fonts and symbols for bios, captions, usernames and posts — free, fast and right in your browser…",https://ultratextgen.com/ar/guide/?utm_source=pinterest&utm_medium=social&utm_campaign=organic_pins&utm_content=ar-guide,,"localized, أدلة ultratextgen — إتقان الخطوط المزخرفة, fancy text generator, copy paste fonts, unicode fonts, copy and paste, ultratextgen"
زخرفة اسم ديسكورد دون فلترة أو كسر إمكانية الوصول — Copy and Paste Fonts,https://ultratextgen.com/assets/pinterest/ar-guide-ism-discord-amin.png,International Fancy Font Generators,,"زخرفة اسم ديسكورد دون فلترة أو كسر إمكانية الوصول. الاسم المزخرف في ديسكورد قد يرسب في ثلاثة اختبارات صامتة: قائمة الأعضاء، والإشارة (@)، وفلتر انتحال الهوية. إليك كيف تبقيه أنيقاً…. Copy and paste stylish Unicode fonts and symbols for bios, captions, usernames and posts — free, fast and right…",https://ultratextgen.com/ar/guide/ism-discord-amin/?utm_source=pinterest&utm_medium=social&utm_campaign=organic_pins&utm_content=ar-guide-ism-discord-amin,,"localized, زخرفة اسم ديسكورد دون فلترة أو كسر إمكانية الوصول, fancy text generator, copy paste fonts, unicode fonts, copy and paste, ultratextgen"
خطوط ديسكورد وتنسيقه مشروحاً: Markdown مقابل Unicode مقابل Nitro — Copy and Paste Fonts,https://ultratextgen.com/assets/pinterest/ar-guide-tanseeq-nusus-discord.png,International Fancy Font Generators,,"خطوط ديسكورد وتنسيقه مشروحاً: Markdown مقابل Unicode مقابل Nitro. لماذا يعمل العريض في دردشة ديسكورد لا في اسم المستخدم — الأنظمة النصية الثلاثة التي يستخدمها ديسكورد (Markdown، وخطوط Unicode، وNitro)،…. Copy and paste stylish Unicode fonts and symbols for bios, captions, usernames and posts —…",https://ultratextgen.com/ar/guide/tanseeq-nusus-discord/?utm_source=pinterest&utm_medium=social&utm_campaign=organic_pins&utm_content=ar-guide-tanseeq-nusus-discord,,"localized, خطوط ديسكورد وتنسيقه مشروحاً: markdown مقابل unicode مقابل nitro, fancy text generator, copy paste fonts, unicode fonts, copy and paste, ultratextgen"
زخرفة نصوص وأسماء — حوّل كتابتك إلى خطوط أنيقة بالنسخ واللصق (مجاناً) — Copy and Paste,https://ultratextgen.com/assets/pinterest/ar.png,International Fancy Font Generators,,"زخرفة نصوص وأسماء — حوّل كتابتك إلى خطوط أنيقة بالنسخ واللصق (مجاناً). أداة زخرفة النصوص والأسماء. حوّل الحروف والأرقام إلى أكثر من 100 خط أنيق: عريض، مائل، متصل، قوطي وفقاعي، وأضف رموزاً وزخارف وإيموجي…. Copy and paste stylish Unicode fonts and symbols for bios, captions, usernames and posts —…",https://ultratextgen.com/ar/?utm_source=pinterest&utm_medium=social&utm_campaign=organic_pins&utm_content=ar,,"localized, زخرفة نصوص وأسماء — حوّل كتابتك إلى خطوط أنيقة بالنسخ واللصق (مجاناً), fancy text generator, copy paste fonts, unicode fonts, copy and paste, ultratextgen"
خط سناب شات — Copy and Paste Fonts — UltraTextGen,https://ultratextgen.com/assets/pinterest/ar-khat-snapchat.png,International Fancy Font Generators,,"خط سناب شات. زخرفة الاسم والكابشن بالنسخ واللصق. Copy and paste stylish Unicode fonts and symbols for bios, captions, usernames and posts — free, fast and right in your browser with UltraTextGen.",https://ultratextgen.com/ar/khat-snapchat/?utm_source=pinterest&utm_medium=social&utm_campaign=organic_pins&utm_content=ar-khat-snapchat,,"localized, خط سناب شات, fancy text generator, copy paste fonts, unicode fonts, copy and paste, ultratextgen"
إيموجي الحيوانات — رموز حيوانات للنسخ واللصق (قطط، كلاب، طيور) — Copy and Paste Fonts,https://ultratextgen.com/assets/pinterest/ar-library-animal-emojis.png,International Fancy Font Generators,,"إيموجي الحيوانات — رموز حيوانات للنسخ واللصق (قطط، كلاب، طيور). تصفّح وانسخ إيموجي الحيوانات — حيوانات أليفة وبرية ومخلوقات بحرية وطيور وكائنات أسطورية. انقر على أي رمز لنسخه فوراً واستخدامه في سيرتك…. Copy and paste stylish Unicode fonts and symbols for bios, captions, usernames and posts —…",https://ultratextgen.com/ar/library/animal-emojis/?utm_source=pinterest&utm_medium=social&utm_campaign=organic_pins&utm_content=ar-library-animal-emojis,,"localized, إيموجي الحيوانات — رموز حيوانات للنسخ واللصق (قطط، كلاب، طيور), fancy text generator, copy paste fonts, unicode fonts, copy and paste, ultratextgen"
رموز الأسهم — أسهم مزخرفة اتجاهية للنسخ واللصق ← → ↑ ↓ — Copy and Paste Fonts,https://ultratextgen.com/assets/pinterest/ar-library-arrow-symbols.png,International Fancy Font Generators,,"رموز الأسهم — أسهم مزخرفة اتجاهية للنسخ واللصق ← → ↑ ↓. تصفّح وانسخ رموز الأسهم — أسهم مستقيمة ومنحنية ومزدوجة ومثلثة وإيموجي أسهم للمستندات والمنشورات والتنسيق. انقر على أي سهم مزخرف لنسخه فوراً. Copy and paste stylish Unicode fonts and symbols for bios, captions, usernames and posts — free,…",https://ultratextgen.com/ar/library/arrow-symbols/?utm_source=pinterest&utm_medium=social&utm_campaign=organic_pins&utm_content=ar-library-arrow-symbols,,"localized, رموز الأسهم — أسهم مزخرفة اتجاهية للنسخ واللصق ← → ↑ ↓, fancy text generator, copy paste fonts, unicode fonts, copy and paste, ultratextgen"
أقواس مزخرفة — كل أنواع الأقواس والحاصرات للنسخ واللصق — Copy and Paste Fonts,https://ultratextgen.com/assets/pinterest/ar-library-bracket-symbols.png,International Fancy Font Generators,,"أقواس مزخرفة — كل أنواع الأقواس والحاصرات للنسخ واللصق. تصفّح وانسخ كل أنواع الأقواس في يونيكود — أقواس مزخرفة وحاصرات صينية ويابانية وأقواس رياضية وعلامات اقتباس وأقواس كاملة العرض. انقر على…. Copy and paste stylish Unicode fonts and symbols for bios, captions, usernames and posts — free, fast…",https://ultratextgen.com/ar/library/bracket-symbols/?utm_source=pinterest&utm_medium=social&utm_campaign=organic_pins&utm_content=ar-library-bracket-symbols,,"localized, أقواس مزخرفة — كل أنواع الأقواس والحاصرات للنسخ واللصق, fancy text generator, copy paste fonts, unicode fonts, copy and paste, ultratextgen"
رموز النقاط التعدادية — نسخ ولصق علامات القوائم • ‣ ◦ ✔ ★ — Copy and Paste Fonts,https://ultratextgen.com/assets/pinterest/ar-library-bullet-point-symbols.png,International Fancy Font Generators,,"رموز النقاط التعدادية — نسخ ولصق علامات القوائم • ‣ ◦ ✔ ★. تصفّح وانسخ رموز النقاط التعدادية وعلامات القوائم: نقاط كلاسيكية وأسهم وعلامات صح ونجوم ومعيّنات وزخارف وأرقام داخل دوائر لمنشوراتك…. Copy and paste stylish Unicode fonts and symbols for bios, captions, usernames and posts — free, fast…",https://ultratextgen.com/ar/library/bullet-point-symbols/?utm_source=pinterest&utm_medium=social&utm_campaign=organic_pins&utm_content=ar-library-bullet-point-symbols,,"localized, رموز النقاط التعدادية — نسخ ولصق علامات القوائم • ‣ ◦ ✔ ★, fancy text generator, copy paste fonts, unicode fonts, copy and paste, ultratextgen"
رموز الصليب وعلامة X — نسخ ولصق جميع أشكال الصليب × ✗ ✝ † — Copy and Paste Fonts,https://ultratextgen.com/assets/pinterest/ar-library-cross-x-symbols.png,International Fancy Font Generators,,"رموز الصليب وعلامة X — نسخ ولصق جميع أشكال الصليب × ✗ ✝ †. تصفّح وانسخ كل رموز الصليب وعلامة X — علامات الضرب وعلامات الرفض والصلبان الدينية والصلبان الزخرفية السميكة ورموز الخنجر وأكثر. انقر على…. Copy and paste stylish Unicode fonts and symbols for bios, captions, usernames and posts — free,…",https://ultratextgen.com/ar/library/cross-x-symbols/?utm_source=pinterest&utm_medium=social&utm_campaign=organic_pins&utm_content=ar-library-cross-x-symbols,,"localized, رموز الصليب وعلامة x — نسخ ولصق جميع أشكال الصليب × ✗ ✝ †, fancy text generator, copy paste fonts, unicode fonts, copy and paste, ultratextgen"
رموز التاج والملوك: تاج مزخرف للنسخ واللصق — ملك وملكة وتيجان — Copy and Paste Fonts,https://ultratextgen.com/assets/pinterest/ar-library-crown-royalty-symbols.png,International Fancy Font Generators,,"رموز التاج والملوك: تاج مزخرف للنسخ واللصق — ملك وملكة وتيجان. رموز التاج والملوك والملكات والتيجان لأسماء المستخدمين والألعاب والسيرة الذاتية. انسخ والصق تاج مزخرف ♔ ♕ 👑 وقطع الشطرنج الملكية وزخرفة…. Copy and paste stylish Unicode fonts and symbols for bios, captions, usernames and posts —…",https://ultratextgen.com/ar/library/crown-royalty-symbols/?utm_source=pinterest&utm_medium=social&utm_campaign=organic_pins&utm_content=ar-library-crown-royalty-symbols,,"localized, رموز التاج والملوك: تاج مزخرف للنسخ واللصق — ملك وملكة وتيجان, fancy text generator, copy paste fonts, unicode fonts, copy and paste, ultratextgen"
رموز العملات: نسخ ولصق علامات النقود $ € £ ¥ ₹ — Copy and Paste Fonts,https://ultratextgen.com/assets/pinterest/ar-library-currency-symbols.png,International Fancy Font Generators,,"رموز العملات: نسخ ولصق علامات النقود $ € £ ¥ ₹. تصفّح وانسخ رموز العملات وعلامات النقود والرموز المالية من عملات العالم — الدولار واليورو والجنيه والين والروبية والبيتكوين. انقر أي رمز…. Copy and paste stylish Unicode fonts and symbols for bios, captions, usernames and posts — free, fast and…",https://ultratextgen.com/ar/library/currency-symbols/?utm_source=pinterest&utm_medium=social&utm_campaign=organic_pins&utm_content=ar-library-currency-symbols,,"localized, رموز العملات: نسخ ولصق علامات النقود $ € £ ¥ ₹, fancy text generator, copy paste fonts, unicode fonts, copy and paste, ultratextgen"
رموز ديسكورد ⌗ ➤ ♡ — نسخ ولصق لأسماء المستخدمين والنبذات — Copy and Paste Fonts,https://ultratextgen.com/assets/pinterest/ar-library-discord-symbols.png,International Fancy Font Generators,,"رموز ديسكورد ⌗ ➤ ♡ — نسخ ولصق لأسماء المستخدمين والنبذات. رموز وزخارف ديسكورد ⌗ ➤ ♡ للنسخ واللصق في الاسم الظاهر والنبذة وأسماء القنوات والسيرفرات — نجوم وقلوب وفواصل وأقواس تظهر بشكل سليم في…. Copy and paste stylish Unicode fonts and symbols for bios, captions, usernames and posts — free, fast…",https://ultratextgen.com/ar/library/discord-symbols/?utm_source=pinterest&utm_medium=social&utm_campaign=organic_pins&utm_content=ar-library-discord-symbols,,"localized, رموز ديسكورد ⌗ ➤ ♡ — نسخ ولصق لأسماء المستخدمين والنبذات, fancy text generator, copy paste fonts, unicode fonts, copy and paste, ultratextgen"
مجموعات الإيموجي 🎀 ✨ 🌙 — تركيبات رموز جميلة للنسخ واللصق — Copy and Paste Fonts,https://ultratextgen.com/assets/pinterest/ar-library-emoji-combos.png,International Fancy Font Generators,,"مجموعات الإيموجي 🎀 ✨ 🌙 — تركيبات رموز جميلة للنسخ واللصق. مجموعات إيموجي 🎀✨🌙 جاهزة للنسخ واللصق. تركيبات رموز حسب الأجواء: كيوت، حب، نجوم وليل، فصول، احتفال وأكثر. انقر على أي تركيبة لنسخها…. Copy and paste stylish Unicode fonts and symbols for bios, captions, usernames and posts — free, fast…",https://ultratextgen.com/ar/library/emoji-combos/?utm_source=pinterest&utm_medium=social&utm_campaign=organic_pins&utm_content=ar-library-emoji-combos,,"localized, مجموعات الإيموجي 🎀 ✨ 🌙 — تركيبات رموز جميلة للنسخ واللصق, fancy text generator, copy paste fonts, unicode fonts, copy and paste, ultratextgen"
أعلام الدول إيموجي: انسخ والصق علم أي دولة في العالم — Copy and Paste Fonts,https://ultratextgen.com/assets/pinterest/ar-library-emoji-flags.png,International Fancy Font Generators,,"أعلام الدول إيموجي: انسخ والصق علم أي دولة في العالم. تصفح وانسخ إيموجي أعلام جميع دول العالم — علم السعودية والإمارات ومصر وفلسطين والكويت وغيرها. اضغط على أي علم لنسخه فورًا، جاهز للسيرة…. Copy and paste stylish Unicode fonts and symbols for bios, captions, usernames and posts — free, fast and…",https://ultratextgen.com/ar/library/emoji-flags/?utm_source=pinterest&utm_medium=social&utm_campaign=organic_pins&utm_content=ar-library-emoji-flags,,"localized, أعلام الدول إيموجي: انسخ والصق علم أي دولة في العالم, fancy text generator, copy paste fonts, unicode fonts, copy and paste, ultratextgen"
رموز فيسبوك ❤ ★ — نسخ ولصق لتفاعلات وقلوب ورموز — Copy and Paste Fonts,https://ultratextgen.com/assets/pinterest/ar-library-facebook-symbols.png,International Fancy Font Generators,,"رموز فيسبوك ❤ ★ — نسخ ولصق لتفاعلات وقلوب ورموز. رموز فيسبوك للنسخ واللصق في المنشورات والتعليقات والنبذة وأسماء الصفحات — رموز نصية للتفاعلات وقلوب ونجوم وفواصل. انقر أي رمز لنسخه فوراً. Copy and paste stylish Unicode fonts and symbols for bios, captions, usernames and posts — free, fast and…",https://ultratextgen.com/ar/library/facebook-symbols/?utm_source=pinterest&utm_medium=social&utm_campaign=organic_pins&utm_content=ar-library-facebook-symbols,,"localized, رموز فيسبوك ❤ ★ — نسخ ولصق لتفاعلات وقلوب ورموز, fancy text generator, copy paste fonts, unicode fonts, copy and paste, ultratextgen"
رموز الورود والزهور: وردة للنسخ واللصق — إيموجي وزخرفة ورد — Copy and Paste Fonts,https://ultratextgen.com/assets/pinterest/ar-library-flower-symbols.png,International Fancy Font Generators,,"رموز الورود والزهور: وردة للنسخ واللصق — إيموجي وزخرفة ورد. تصفّح وانسخ إيموجي الورود والزهور والنباتات ورموز الطبيعة: وردة وأزهار وأوراق وأشجار ووريدات نصية وفواصل زهرية للنبذة. انقر أي رمز لنسخه…. Copy and paste stylish Unicode fonts and symbols for bios, captions, usernames and posts — free,…",https://ultratextgen.com/ar/library/flower-symbols/?utm_source=pinterest&utm_medium=social&utm_campaign=organic_pins&utm_content=ar-library-flower-symbols,,"localized, رموز الورود والزهور: وردة للنسخ واللصق — إيموجي وزخرفة ورد, fancy text generator, copy paste fonts, unicode fonts, copy and paste, ultratextgen"
رموز الكسور — نسخ ولصق كسور يونيكود ½ ⅓ ¼ — Copy and Paste Fonts,https://ultratextgen.com/assets/pinterest/ar-library-fraction-symbols.png,International Fancy Font Generators,,"رموز الكسور — نسخ ولصق كسور يونيكود ½ ⅓ ¼. انسخ والصق رموز الكسور في يونيكود — أنصاف وأثلاث وأرباع وأثمان وأخماس، إضافة إلى مجموعة لبناء أي كسر بنفسك بشرطة الكسر والأرقام العلوية…. Copy and paste stylish Unicode fonts and symbols for bios, captions, usernames and posts — free, fast and right in…",https://ultratextgen.com/ar/library/fraction-symbols/?utm_source=pinterest&utm_medium=social&utm_campaign=organic_pins&utm_content=ar-library-fraction-symbols,,"localized, رموز الكسور — نسخ ولصق كسور يونيكود ½ ⅓ ¼, fancy text generator, copy paste fonts, unicode fonts, copy and paste, ultratextgen"
رموز الأحرف اليونانية: نسخ ولصق ألفا بيتا غاما Δ Σ Ω π — Copy and Paste Fonts,https://ultratextgen.com/assets/pinterest/ar-library-greek-letter-symbols.png,International Fancy Font Generators,,"رموز الأحرف اليونانية: نسخ ولصق ألفا بيتا غاما Δ Σ Ω π. انسخ كل الأحرف اليونانية — الكبيرة والصغيرة والأشكال الرياضية البديلة — بما فيها ألفا وبيتا وغاما ودلتا وثيتا وفاي وسيغما وميو وأوميغا…. Copy and paste stylish Unicode fonts and symbols for bios, captions, usernames and posts — free, fast…",https://ultratextgen.com/ar/library/greek-letter-symbols/?utm_source=pinterest&utm_medium=social&utm_campaign=organic_pins&utm_content=ar-library-greek-letter-symbols,,"localized, رموز الأحرف اليونانية: نسخ ولصق ألفا بيتا غاما δ σ ω π, fancy text generator, copy paste fonts, unicode fonts, copy and paste, ultratextgen"
رموز القلوب: قلب للنسخ واللصق — قلوب وإيموجي بكل الألوان — Copy and Paste Fonts,https://ultratextgen.com/assets/pinterest/ar-library-heart-symbols.png,International Fancy Font Generators,,"رموز القلوب: قلب للنسخ واللصق — قلوب وإيموجي بكل الألوان. تصفّح وانسخ رموز القلوب وإيموجي القلب بكل الألوان والأنماط: قلوب حمراء وملوّنة ومكسورة وقلوب نصية أنيقة. انقر أي قلب لنسخه فوراً…. Copy and paste stylish Unicode fonts and symbols for bios, captions, usernames and posts — free, fast and…",https://ultratextgen.com/ar/library/heart-symbols/?utm_source=pinterest&utm_medium=social&utm_campaign=organic_pins&utm_content=ar-library-heart-symbols,,"localized, رموز القلوب: قلب للنسخ واللصق — قلوب وإيموجي بكل الألوان, fancy text generator, copy paste fonts, unicode fonts, copy and paste, ultratextgen"
المكتبة: رموز يونيكود وإيموجي للنسخ واللصق — Copy and Paste Fonts,https://ultratextgen.com/assets/pinterest/ar-library.png,International Fancy Font Generators,,"المكتبة: رموز يونيكود وإيموجي للنسخ واللصق. تصفّح مكتبة UltraTextGen العربية — مجموعات رموز، إيموجي، أعلام دول، وأدلة تنسيق جاهزة للنسخ واللصق. ابحث أو تصفّح حسب الفئة. Copy and paste stylish Unicode fonts and symbols for bios, captions, usernames and posts — free, fast and right in your browser…",https://ultratextgen.com/ar/library/?utm_source=pinterest&utm_medium=social&utm_campaign=organic_pins&utm_content=ar-library,,"localized, المكتبة: رموز يونيكود وإيموجي للنسخ واللصق, fancy text generator, copy paste fonts, unicode fonts, copy and paste, ultratextgen"
الرموز الإسلامية — Copy and Paste Fonts — UltraTextGen,https://ultratextgen.com/assets/pinterest/ar-library-islamic-symbols.png,International Fancy Font Generators,,"الرموز الإسلامية. الهلال ورموز الإيمان. Copy and paste stylish Unicode fonts and symbols for bios, captions, usernames and posts — free, fast and right in your browser with UltraTextGen.",https://ultratextgen.com/ar/library/islamic-symbols/?utm_source=pinterest&utm_medium=social&utm_campaign=organic_pins&utm_content=ar-library-islamic-symbols,,"localized, الرموز الإسلامية, fancy text generator, copy paste fonts, unicode fonts, copy and paste, ultratextgen"
الرموز اليابانية — نسخ ولصق كانجي وكانا 桜 愛 ツ — Copy and Paste Fonts,https://ultratextgen.com/assets/pinterest/ar-library-japanese-symbols.png,International Fancy Font Generators,,"الرموز اليابانية — نسخ ولصق كانجي وكانا 桜 愛 ツ. رموز يابانية للنسخ واللصق — كانجي مثل 桜 و愛، وهيراغانا، وكاتاكانا، وعلامات ترقيم مع النطق بالحروف اللاتينية (روماجي) والمعاني بالعربية…. Copy and paste stylish Unicode fonts and symbols for bios, captions, usernames and posts — free, fast and right…",https://ultratextgen.com/ar/library/japanese-symbols/?utm_source=pinterest&utm_medium=social&utm_campaign=organic_pins&utm_content=ar-library-japanese-symbols,,"localized, الرموز اليابانية — نسخ ولصق كانجي وكانا 桜 愛 ツ, fancy text generator, copy paste fonts, unicode fonts, copy and paste, ultratextgen"
كاوموجي — وجوه ورموز تعبيرية نصية للنسخ (بسيطة · حزينة · سعيدة) — Copy and Paste Fonts,https://ultratextgen.com/assets/pinterest/ar-library-kaomoji.png,International Fancy Font Generators,,"كاوموجي — وجوه ورموز تعبيرية نصية للنسخ (بسيطة · حزينة · سعيدة). كاوموجي (وجوه يابانية / تعبيرات نصية) جاهزة للنسخ. مجموعة مرتبة حسب المزاج: بسيطة، سعيدة، حزينة، خجولة، حب، حيوانات، وأحضان. انقر لتنسخ…. Copy and paste stylish Unicode fonts and symbols for bios, captions, usernames and posts —…",https://ultratextgen.com/ar/library/kaomoji/?utm_source=pinterest&utm_medium=social&utm_campaign=organic_pins&utm_content=ar-library-kaomoji,,"localized, كاوموجي — وجوه ورموز تعبيرية نصية للنسخ (بسيطة · حزينة · سعيدة), fancy text generator, copy paste fonts, unicode fonts, copy and paste, ultratextgen"
الرموز الرياضية: نسخ ولصق رموز الرياضيات ± × ÷ √ ∞ π — Copy and Paste Fonts,https://ultratextgen.com/assets/pinterest/ar-library-math-symbols.png,International Fancy Font Generators,,"الرموز الرياضية: نسخ ولصق رموز الرياضيات ± × ÷ √ ∞ π. تصفّح وانسخ الرموز الرياضية — المؤثرات والأحرف اليونانية ونظرية المجموعات والتفاضل والتكامل والأرقام العلوية والسفلية. انقر أي رمز…. Copy and paste stylish Unicode fonts and symbols for bios, captions, usernames and posts — free, fast and…",https://ultratextgen.com/ar/library/math-symbols/?utm_source=pinterest&utm_medium=social&utm_campaign=organic_pins&utm_content=ar-library-math-symbols,,"localized, الرموز الرياضية: نسخ ولصق رموز الرياضيات ± × ÷ √ ∞ π, fancy text generator, copy paste fonts, unicode fonts, copy and paste, ultratextgen"
رموز الموسيقى — علامات ونوتات موسيقية للنسخ واللصق ♪♫♬ — Copy and Paste Fonts,https://ultratextgen.com/assets/pinterest/ar-library-music-symbols.png,International Fancy Font Generators,,"رموز الموسيقى — علامات ونوتات موسيقية للنسخ واللصق ♪♫♬. تصفّح وانسخ رموز العلامات الموسيقية والنوتات وإيموجي الآلات الموسيقية ورموز الصوت. انقر على أي رمز لنسخه فوراً واستخدامه في سيرتك أو اسم…. Copy and paste stylish Unicode fonts and symbols for bios, captions, usernames and posts — free, fast…",https://ultratextgen.com/ar/library/music-symbols/?utm_source=pinterest&utm_medium=social&utm_campaign=organic_pins&utm_content=ar-library-music-symbols,,"localized, رموز الموسيقى — علامات ونوتات موسيقية للنسخ واللصق ♪♫♬, fancy text generator, copy paste fonts, unicode fonts, copy and paste, ultratextgen"
زخرفة ارقام: نسخ ولصق أرقام مزخرفة ① ② ③ ورومانية — Copy and Paste Fonts,https://ultratextgen.com/assets/pinterest/ar-library-number-symbols.png,International Fancy Font Generators,,"زخرفة ارقام: نسخ ولصق أرقام مزخرفة ① ② ③ ورومانية. زخرفة ارقام جاهزة للنسخ — أرقام في دوائر وأرقام في دوائر سوداء وأرقام علوية وسفلية وأرقام رومانية وأرقام بين قوسين. انقر أي رقم لتنسخه…. Copy and paste stylish Unicode fonts and symbols for bios, captions, usernames and posts — free, fast and…",https://ultratextgen.com/ar/library/number-symbols/?utm_source=pinterest&utm_medium=social&utm_campaign=organic_pins&utm_content=ar-library-number-symbols,,"localized, زخرفة ارقام: نسخ ولصق أرقام مزخرفة ① ② ③ ورومانية, fancy text generator, copy paste fonts, unicode fonts, copy and paste, ultratextgen"
الرموز الدينية والروحية — Copy and Paste Fonts,https://ultratextgen.com/assets/pinterest/ar-library-religious-symbols.png,International Fancy Font Generators,,"الرموز الدينية والروحية. رموز الأديان والمعتقدات. Copy and paste stylish Unicode fonts and symbols for bios, captions, usernames and posts — free, fast and right in your browser with UltraTextGen.",https://ultratextgen.com/ar/library/religious-symbols/?utm_source=pinterest&utm_medium=social&utm_campaign=organic_pins&utm_content=ar-library-religious-symbols,,"localized, الرموز الدينية والروحية, fancy text generator, copy paste fonts, unicode fonts, copy and paste, ultratextgen"
رموز أسماء روبلوكس ✦ ⚡ ♡ — زخرفة الاسم الظاهر (نسخ ولصق، 2026) — Copy and Paste Fonts,https://ultratextgen.com/assets/pinterest/ar-library-roblox-symbols.png,International Fancy Font Generators,,"رموز أسماء روبلوكس ✦ ⚡ ♡ — زخرفة الاسم الظاهر (نسخ ولصق، 2026). أكثر من 40 رمزًا أنيقًا ✦ ⚡ ♡ لزخرفة الاسم الظاهر في روبلوكس والنبذة والقروبات — مُختبرة وفق فلتر أسماء روبلوكس الحالي (محدّثة يوليو…. Copy and paste stylish Unicode fonts and symbols for bios, captions, usernames and posts — free,…",https://ultratextgen.com/ar/library/roblox-symbols/?utm_source=pinterest&utm_medium=social&utm_campaign=organic_pins&utm_content=ar-library-roblox-symbols,,"localized, رموز أسماء روبلوكس ✦ ⚡ ♡ — زخرفة الاسم الظاهر (نسخ ولصق، 2026), fancy text generator, copy paste fonts, unicode fonts, copy and paste, ultratextgen"
الرموز والأحرف الخاصة — رموز للنسخ (نجوم، قلوب، زخارف) — Copy and Paste Fonts,https://ultratextgen.com/assets/pinterest/ar-library-special-characters.png,International Fancy Font Generators,,"الرموز والأحرف الخاصة — رموز للنسخ (نجوم، قلوب، زخارف). الرموز والأحرف الخاصة رموز للنسخ. زخارف لطيفة من لمعان وقلوب ونجوم وأسهم وأقواس زخرفية وعلامات موسيقية مرتبة حسب الفئة. يكفي أن تنقر…. Copy and paste stylish Unicode fonts and symbols for bios, captions, usernames and posts — free, fast and…",https://ultratextgen.com/ar/library/special-characters/?utm_source=pinterest&utm_medium=social&utm_campaign=organic_pins&utm_content=ar-library-special-characters,,"localized, الرموز والأحرف الخاصة — رموز للنسخ (نجوم، قلوب، زخارف), fancy text generator, copy paste fonts, unicode fonts, copy and paste, ultratextgen"
رموز النجوم: نجمة مزخرفة للنسخ واللصق — نجوم ولمعان وزينة — Copy and Paste Fonts,https://ultratextgen.com/assets/pinterest/ar-library-star-symbols.png,International Fancy Font Generators,,"رموز النجوم: نجمة مزخرفة للنسخ واللصق — نجوم ولمعان وزينة. تصفّح وانسخ رموز النجوم ونجمة مزخرفة بأشكال متعددة: نجوم ممتلئة ومفرّغة ولمعان وعلامات تقييم بالنجوم وزينة للنبذة. انقر أي نجمة لنسخها…. Copy and paste stylish Unicode fonts and symbols for bios, captions, usernames and posts — free,…",https://ultratextgen.com/ar/library/star-symbols/?utm_source=pinterest&utm_medium=social&utm_campaign=organic_pins&utm_content=ar-library-star-symbols,,"localized, رموز النجوم: نجمة مزخرفة للنسخ واللصق — نجوم ولمعان وزينة, fancy text generator, copy paste fonts, unicode fonts, copy and paste, ultratextgen"
رموز الخط العمودي — نسخ ولصق | ‖ │ ┃ رموز الأنبوب والشريط — Copy and Paste Fonts,https://ultratextgen.com/assets/pinterest/ar-library-vertical-line-symbols.png,International Fancy Font Generators,,"رموز الخط العمودي — نسخ ولصق | ‖ │ ┃ رموز الأنبوب والشريط. انسخ رمز الخط العمودي بكل أشكاله في يونيكود — الأنبوب | والشريط المزدوج ‖ وخطوط رسم الإطارات │ ┃ والأشرطة الزخرفية السميكة. انقر على أي…. Copy and paste stylish Unicode fonts and symbols for bios, captions, usernames and posts — free,…",https://ultratextgen.com/ar/library/vertical-line-symbols/?utm_source=pinterest&utm_medium=social&utm_campaign=organic_pins&utm_content=ar-library-vertical-line-symbols,,"localized, رموز الخط العمودي — نسخ ولصق | ‖ │ ┃ رموز الأنبوب والشريط, fancy text generator, copy paste fonts, unicode fonts, copy and paste, ultratextgen"
رمز الدرجة (°): المعنى والتاريخ وكيفية كتابته — Copy and Paste Fonts,https://ultratextgen.com/assets/pinterest/ar-symbol-degree-symbol.png,International Fancy Font Generators,,"رمز الدرجة (°): المعنى والتاريخ وكيفية كتابته. شرح رمز الدرجة ° (U+00B0) — استخدامه في الحرارة والزوايا، وكيف يختلف عن º، وطريقة كتابته على ويندوز وماك. انقر لتنسخه. Copy and paste stylish Unicode fonts and symbols for bios, captions, usernames and posts — free, fast and right in your browser…",https://ultratextgen.com/ar/symbol/degree-symbol/?utm_source=pinterest&utm_medium=social&utm_campaign=organic_pins&utm_content=ar-symbol-degree-symbol,,"localized, رمز الدرجة (°): المعنى والتاريخ وكيفية كتابته, fancy text generator, copy paste fonts, unicode fonts, copy and paste, ultratextgen"
علامة القسمة (÷): المعنى والتاريخ وطريقة الكتابة — Copy and Paste Fonts,https://ultratextgen.com/assets/pinterest/ar-symbol-division-sign.png,International Fancy Font Generators,,"علامة القسمة (÷): المعنى والتاريخ وطريقة الكتابة. علامة القسمة ÷ (U+00F7)، أو «الأوبيلوس»، بالتفصيل — أصلها سنة 1659، وكيف تكتبها على ويندوز وماك، وكيف تختلف عن شرطة الكسر. Copy and paste stylish Unicode fonts and symbols for bios, captions, usernames and posts — free, fast and right in your…",https://ultratextgen.com/ar/symbol/division-sign/?utm_source=pinterest&utm_medium=social&utm_campaign=organic_pins&utm_content=ar-symbol-division-sign,,"localized, علامة القسمة (÷): المعنى والتاريخ وطريقة الكتابة, fancy text generator, copy paste fonts, unicode fonts, copy and paste, ultratextgen"
الرموز — شرح كل رمز يونيكود على حدة — Copy and Paste Fonts,https://ultratextgen.com/assets/pinterest/ar-symbol.png,International Fancy Font Generators,,"الرموز — شرح كل رمز يونيكود على حدة. تبحث عن رمز واحد بالتحديد؟ كل صفحة هنا تشرح رمز يونيكود واحدًا: معناه وتاريخه وطريقة كتابته وأين يعمل. أو تصفح المكتبة الكاملة حسب الفئة. Copy and paste stylish Unicode fonts and symbols for bios, captions, usernames and posts — free, fast and right in your…",https://ultratextgen.com/ar/symbol/?utm_source=pinterest&utm_medium=social&utm_campaign=organic_pins&utm_content=ar-symbol,,"localized, الرموز — شرح كل رمز يونيكود على حدة, fancy text generator, copy paste fonts, unicode fonts, copy and paste, ultratextgen"
علامة انفنتي (∞): المعنى والتاريخ وطريقة الكتابة — Copy and Paste Fonts,https://ultratextgen.com/assets/pinterest/ar-symbol-infinity.png,International Fancy Font Generators,,"علامة انفنتي (∞): المعنى والتاريخ وطريقة الكتابة. رمز اللانهاية ∞ (U+221E) بالتفصيل — أصله عند جون واليس سنة 1655، وماذا يعني، وكيف تكتبه على ويندوز وماك، وأين يعمل عبر المنصات. علامة…. Copy and paste stylish Unicode fonts and symbols for bios, captions, usernames and posts — free, fast and…",https://ultratextgen.com/ar/symbol/infinity/?utm_source=pinterest&utm_medium=social&utm_campaign=organic_pins&utm_content=ar-symbol-infinity,,"localized, علامة انفنتي (∞): المعنى والتاريخ وطريقة الكتابة, fancy text generator, copy paste fonts, unicode fonts, copy and paste, ultratextgen"
علامة الضرب (×): انسخ والصق رمز الضرب — Copy and Paste Fonts,https://ultratextgen.com/assets/pinterest/ar-symbol-multiplication-sign.png,International Fancy Font Generators,,"علامة الضرب (×): انسخ والصق رمز الضرب. انسخ والصق علامة الضرب (×) — أصلها عام 1631، وكيف تختلف عن الحرف x ومُعامِل النقطة، وطريقة كتابتها. انقر أي رمز لنسخه فوراً. Copy and paste stylish Unicode fonts and symbols for bios, captions, usernames and posts — free, fast and right in your browser with…",https://ultratextgen.com/ar/symbol/multiplication-sign/?utm_source=pinterest&utm_medium=social&utm_campaign=organic_pins&utm_content=ar-symbol-multiplication-sign,,"localized, علامة الضرب (×): انسخ والصق رمز الضرب, fancy text generator, copy paste fonts, unicode fonts, copy and paste, ultratextgen"
رمز الجذر التربيعي (√): المعنى والتاريخ وطريقة الكتابة — Copy and Paste Fonts,https://ultratextgen.com/assets/pinterest/ar-symbol-square-root.png,International Fancy Font Generators,,"رمز الجذر التربيعي (√): المعنى والتاريخ وطريقة الكتابة. رمز الجذر التربيعي √ (U+221A) بالتفصيل — أصله سنة 1525، وماذا يعني، وكيف تكتبه على ويندوز وماك، وأين يمكن استخدامه بأمان على الإنترنت. Copy and paste stylish Unicode fonts and symbols for bios, captions, usernames and posts — free, fast and…",https://ultratextgen.com/ar/symbol/square-root/?utm_source=pinterest&utm_medium=social&utm_campaign=organic_pins&utm_content=ar-symbol-square-root,,"localized, رمز الجذر التربيعي (√): المعنى والتاريخ وطريقة الكتابة, fancy text generator, copy paste fonts, unicode fonts, copy and paste, ultratextgen"
رمزا التربيع (²) والتكعيب (³): انسخ والصق رموز الأُسّ — Copy and Paste Fonts,https://ultratextgen.com/assets/pinterest/ar-symbol-squared-cubed.png,International Fancy Font Generators,,"رمزا التربيع (²) والتكعيب (³): انسخ والصق رموز الأُسّ. انسخ والصق رمزَي التربيع (²) والتكعيب (³) المستخدمين للأُسُس واختصارات الوحدات مثل m² وcm³، ولماذا يعملان في كل مكان تقريباً. انقر لتنسخ. Copy and paste stylish Unicode fonts and symbols for bios, captions, usernames and posts — free, fast…",https://ultratextgen.com/ar/symbol/squared-cubed/?utm_source=pinterest&utm_medium=social&utm_campaign=organic_pins&utm_content=ar-symbol-squared-cubed,,"localized, رمزا التربيع (²) والتكعيب (³): انسخ والصق رموز الأُسّ, fancy text generator, copy paste fonts, unicode fonts, copy and paste, ultratextgen"
اسماء فري فاير مزخرفة ꧁꧂ — زخرفة اسماء فري فاير مقبولة — Copy and Paste Fonts,https://ultratextgen.com/assets/pinterest/ar-usecase-asmaa-free-fire.png,International Fancy Font Generators,,"اسماء فري فاير مزخرفة ꧁꧂ — زخرفة اسماء فري فاير مقبولة. زخرفة اسماء فري فاير مقبولة: اكتب اسمك وزخرفه بإطارات ꧁꧂ ورموز ☠ 亗 メ، والأهم — افحص إن كان الاسم مقبولاً في فري فاير قبل أن يظهر 'رمز…. Copy and paste stylish Unicode fonts and symbols for bios, captions, usernames and posts — free, fast…",https://ultratextgen.com/ar/usecase/asmaa-free-fire/?utm_source=pinterest&utm_medium=social&utm_campaign=organic_pins&utm_content=ar-usecase-asmaa-free-fire,,"localized, اسماء فري فاير مزخرفة ꧁꧂ — زخرفة اسماء فري فاير مقبولة, fancy text generator, copy paste fonts, unicode fonts, copy and paste, ultratextgen"
اسماء موبايل ليجندز مزخرفة ꧁꧂ — أسماء MLBB مقبولة وفاحص الاسم — Copy and Paste Fonts,https://ultratextgen.com/assets/pinterest/ar-usecase-asmaa-mobile-legends.png,International Fancy Font Generators,,"اسماء موبايل ليجندز مزخرفة ꧁꧂ — أسماء MLBB مقبولة وفاحص الاسم. زخرفة اسماء موبايل ليجندز: اكتب اسمك وزخرفه بإطارات ꧁꧂ ورموز ☬ ♛ 彡، والأهم — افحص إن كان الاسم مقبولاً في MLBB قبل استهلاك بطاقة تغيير…. Copy and paste stylish Unicode fonts and symbols for bios, captions, usernames and posts — free,…",https://ultratextgen.com/ar/usecase/asmaa-mobile-legends/?utm_source=pinterest&utm_medium=social&utm_campaign=organic_pins&utm_content=ar-usecase-asmaa-mobile-legends,,"localized, اسماء موبايل ليجندز مزخرفة ꧁꧂ — أسماء mlbb مقبولة وفاحص الاسم, fancy text generator, copy paste fonts, unicode fonts, copy and paste, ultratextgen"
اسماء ببجي مزخرفة ꧁꧂ — اكتب اسمك وزخرفه لببجي موبايل — Copy and Paste Fonts,https://ultratextgen.com/assets/pinterest/ar-usecase-asmaa-pubg.png,International Fancy Font Generators,,"اسماء ببجي مزخرفة ꧁꧂ — اكتب اسمك وزخرفه لببجي موبايل. اسماء ببجي مزخرفة جاهزة للنسخ: اسماء مرعبة وفخمة واسماء قروبات وكلانات، مع إطارات ꧁꧂ ورموز ☠ 亗 メ. اكتب اسمك، زخرفه، افحصه (14 حرفاً كحد…. Copy and paste stylish Unicode fonts and symbols for bios, captions, usernames and posts — free, fast…",https://ultratextgen.com/ar/usecase/asmaa-pubg/?utm_source=pinterest&utm_medium=social&utm_campaign=organic_pins&utm_content=ar-usecase-asmaa-pubg,,"localized, اسماء ببجي مزخرفة ꧁꧂ — اكتب اسمك وزخرفه لببجي موبايل, fancy text generator, copy paste fonts, unicode fonts, copy and paste, ultratextgen"
خط للبايو — Copy and Paste Fonts — UltraTextGen,https://ultratextgen.com/assets/pinterest/ar-usecase-khat-bio.png,International Fancy Font Generators,,"خط للبايو. خطوط ورموز لبايو انستقرام. Copy and paste stylish Unicode fonts and symbols for bios, captions, usernames and posts — free, fast and right in your browser with UltraTextGen.",https://ultratextgen.com/ar/usecase/khat-bio/?utm_source=pinterest&utm_medium=social&utm_campaign=organic_pins&utm_content=ar-usecase-khat-bio,,"localized, خط للبايو, fancy text generator, copy paste fonts, unicode fonts, copy and paste, ultratextgen"
مترجم إيموجي — Copy and Paste Fonts — UltraTextGen,https://ultratextgen.com/assets/pinterest/ar-usecase-mutarjim-emoji.png,International Fancy Font Generators,,"مترجم إيموجي. النص إلى إيموجي، وبالعكس. Copy and paste stylish Unicode fonts and symbols for bios, captions, usernames and posts — free, fast and right in your browser with UltraTextGen.",https://ultratextgen.com/ar/usecase/mutarjim-emoji/?utm_source=pinterest&utm_medium=social&utm_campaign=organic_pins&utm_content=ar-usecase-mutarjim-emoji,,"localized, مترجم إيموجي, fancy text generator, copy paste fonts, unicode fonts, copy and paste, ultratextgen"
مولّد الكتابة العمودية والنص المتراص — رصّ الحروف من الأعلى إلى الأسفل — Copy and Paste,https://ultratextgen.com/assets/pinterest/ar-usecase-vertical-text.png,International Fancy Font Generators,,"مولّد الكتابة العمودية والنص المتراص — رصّ الحروف من الأعلى إلى الأسفل. مولّد مجاني للكتابة العمودية والنص المتراص. رُصّ الحروف من الأعلى إلى الأسفل حرفًا حرفًا وانسخها إلى نبذ انستقرام وتيك توك وإكس وديسكورد…. Copy and paste stylish Unicode fonts and symbols for bios, captions, usernames and…",https://ultratextgen.com/ar/usecase/vertical-text/?utm_source=pinterest&utm_medium=social&utm_campaign=organic_pins&utm_content=ar-usecase-vertical-text,,"localized, مولّد الكتابة العمودية والنص المتراص — رصّ الحروف من الأعلى إلى الأسفل, fancy text generator, copy paste fonts, unicode fonts, copy and paste, ultratextgen"
زخرفة اسماء ونصوص ꧁꧂ — زخرف اسمك بالنسخ واللصق — Copy and Paste Fonts,https://ultratextgen.com/assets/pinterest/ar-zakhrafa.png,International Fancy Font Generators,,"زخرفة اسماء ونصوص ꧁꧂ — زخرف اسمك بالنسخ واللصق. أداة زخرفة اسماء ونصوص مجانية. اكتب اسمك وزخرفه بإطارات ꧁꧂ ༺༻ وتيجان ♛ ورموز اللاعبين، مع زخرفة عربية بالمدّ (الكشيدة) والتشكيل، وخطوط…. Copy and paste stylish Unicode fonts and symbols for bios, captions, usernames and posts — free, fast and right…",https://ultratextgen.com/ar/zakhrafa/?utm_source=pinterest&utm_medium=social&utm_campaign=organic_pins&utm_content=ar-zakhrafa,,"localized, زخرفة اسماء ونصوص ꧁꧂ — زخرف اسمك بالنسخ واللصق, fancy text generator, copy paste fonts, unicode fonts, copy and paste, ultratextgen"
Fontovi za Discord: Slova za Nadimak i Bio (Bez Nitra) — Copy and Paste Fonts,https://ultratextgen.com/assets/pinterest/bs-fontovi-za-discord.png,International Fancy Font Generators,,"Fontovi za Discord: Slova za Nadimak i Bio (Bez Nitra). Fontovi za Discord besplatno: pretvori ime u 𝗽𝗼𝗱𝗲𝗯𝗹𝗷𝗮𝗻𝗼, 𝓴𝓾𝓻𝔃𝓲𝓿 ili 𝔤𝔬𝔱𝔦𝔠𝔲 i zalijepi u nadimak, u odjeljak „O meni” i u chat. Fontovi…. Copy and paste stylish Unicode fonts and symbols for bios, captions, usernames and posts — free, fast…",https://ultratextgen.com/bs/fontovi-za-discord/?utm_source=pinterest&utm_medium=social&utm_campaign=organic_pins&utm_content=bs-fontovi-za-discord,,"localized, fontovi za discord: slova za nadimak i bio (bez nitra), fancy text generator, copy paste fonts, unicode fonts, copy and paste, ultratextgen"
Fontovi za Instagram: lijepa slova za bio i opise — Copy and Paste Fonts,https://ultratextgen.com/assets/pinterest/bs-fontovi-za-instagram.png,International Fancy Font Generators,,"Fontovi za Instagram: lijepa slova za bio i opise. Fontovi za Instagram besplatno: pretvori tekst u 𝗽𝗼𝗱𝗲𝗯𝗹𝗷𝗮𝗻𝗼, 𝘬𝘶𝘳𝘻𝘪𝘷 ili 𝓴𝓪𝓵𝓲𝓰𝓻𝓪𝓯𝓲𝓳𝓾 i zalijepi u bio, u ime profila, u opis i u…. Copy and paste stylish Unicode fonts and symbols for bios, captions, usernames and posts — free, fast and right in…",https://ultratextgen.com/bs/fontovi-za-instagram/?utm_source=pinterest&utm_medium=social&utm_campaign=organic_pins&utm_content=bs-fontovi-za-instagram,,"localized, fontovi za instagram: lijepa slova za bio i opise, fancy text generator, copy paste fonts, unicode fonts, copy and paste, ultratextgen"
Generator Gotičkih Slova — 𝔤𝔬𝔱𝔦𝔠𝔞 za kopiranje — Copy and Paste Fonts,https://ultratextgen.com/assets/pinterest/bs-goticka-slova.png,International Fancy Font Generators,,"Generator Gotičkih Slova — 𝔤𝔬𝔱𝔦𝔠𝔞 za kopiranje. Besplatan generator gotičkih slova: pretvori tekst u gotičke Unicode znakove (fraktura) za kopiranje i lijepljenje — u bio na…. Copy and paste stylish Unicode fonts and symbols for bios, captions, usernames and posts — free, fast and right in your…",https://ultratextgen.com/bs/goticka-slova/?utm_source=pinterest&utm_medium=social&utm_campaign=organic_pins&utm_content=bs-goticka-slova,,"localized, generator gotičkih slova — 𝔤𝔬𝔱𝔦𝔠𝔞 za kopiranje, fancy text generator, copy paste fonts, unicode fonts, copy and paste, ultratextgen"
Gdje rade fontovi na Discordu: mapa polje po polje — Copy and Paste Fonts,https://ultratextgen.com/assets/pinterest/bs-guide-gdje-rade-fontovi-na-discordu.png,International Fancy Font Generators,,"Gdje rade fontovi na Discordu: mapa polje po polje. Zašto Discord kaže da je korisničko ime neispravno, zašto je naziv kanala izgubio velika slova i koja polja zaista prihvataju Unicode…. Copy and paste stylish Unicode fonts and symbols for bios, captions, usernames and posts — free, fast and…",https://ultratextgen.com/bs/guide/gdje-rade-fontovi-na-discordu/?utm_source=pinterest&utm_medium=social&utm_campaign=organic_pins&utm_content=bs-guide-gdje-rade-fontovi-na-discordu,,"localized, gdje rade fontovi na discordu: mapa polje po polje, fancy text generator, copy paste fonts, unicode fonts, copy and paste, ultratextgen"
Vodiči UltraTextGen — ovladaj stiliziranom tipografijom — Copy and Paste Fonts,https://ultratextgen.com/assets/pinterest/bs-guide.png,International Fancy Font Generators,,"Vodiči UltraTextGen — ovladaj stiliziranom tipografijom. Vodiči UltraTextGen na bosanskom: razumij i ovladaj Unicode fontovima, stiliziraj nadimak i server na Discordu i izvuci najviše iz…. Copy and paste stylish Unicode fonts and symbols for bios, captions, usernames and posts — free, fast and…",https://ultratextgen.com/bs/guide/?utm_source=pinterest&utm_medium=social&utm_campaign=organic_pins&utm_content=bs-guide,,"localized, vodiči ultratextgen — ovladaj stiliziranom tipografijom, fancy text generator, copy paste fonts, unicode fonts, copy and paste, ultratextgen"
"Oblikovanje teksta na Discordu: Markdown, Unicode i Nitro — Copy and Paste Fonts",https://ultratextgen.com/assets/pinterest/bs-guide-oblikovanje-teksta-na-discordu.png,International Fancy Font Generators,,"Oblikovanje teksta na Discordu: Markdown, Unicode i Nitro. Zašto podebljanje radi u chatu na Discordu, a ne u korisničkom imenu — tri različita sistema teksta koje Discord koristi (Markdown…. Copy and paste stylish Unicode fonts and symbols for bios, captions, usernames and posts — free, fast…",https://ultratextgen.com/bs/guide/oblikovanje-teksta-na-discordu/?utm_source=pinterest&utm_medium=social&utm_campaign=organic_pins&utm_content=bs-guide-oblikovanje-teksta-na-discordu,,"localized, oblikovanje teksta na discordu: markdown, unicode i nitro, fancy text generator, copy paste fonts, unicode fonts, copy and paste, ultratextgen"
Siguran nadimak na Discordu: stil bez filtriranja — Copy and Paste Fonts,https://ultratextgen.com/assets/pinterest/bs-guide-siguran-nadimak-na-discordu.png,International Fancy Font Generators,,"Siguran nadimak na Discordu: stil bez filtriranja. Stilizirano ime na Discordu i dalje može pasti na tri tiha testa: listu članova, @spominjanje i filter lažnog predstavljanja. Evo kako…. Copy and paste stylish Unicode fonts and symbols for bios, captions, usernames and posts — free, fast and…",https://ultratextgen.com/bs/guide/siguran-nadimak-na-discordu/?utm_source=pinterest&utm_medium=social&utm_campaign=organic_pins&utm_content=bs-guide-siguran-nadimak-na-discordu,,"localized, siguran nadimak na discordu: stil bez filtriranja, fancy text generator, copy paste fonts, unicode fonts, copy and paste, ultratextgen"
"Lijepi Fontovi i Stilizirana Slova za Kopiranje — Slova za Instagram, TikTok i Nadimke",https://ultratextgen.com/assets/pinterest/bs.png,International Fancy Font Generators,,"Lijepi Fontovi i Stilizirana Slova za Kopiranje — Slova za Instagram, TikTok i Nadimke. Generator lijepih fontova, estetskih slova i stiliziranog teksta za kopiranje. Podebljano, kurziv, gotica, balončasta, Zalgo i simboli —…. Copy and paste stylish Unicode fonts and symbols for bios, captions,…",https://ultratextgen.com/bs/?utm_source=pinterest&utm_medium=social&utm_campaign=organic_pins&utm_content=bs,,"localized, lijepi fontovi i stilizirana slova za kopiranje — slova za instagram, tiktok i nadimke, fancy text generator, copy paste fonts, unicode fonts, copy and paste, ultratextgen"
Generator Kurziva — 𝘬𝘶𝘳𝘻𝘪𝘷 za kopiranje — Copy and Paste Fonts,https://ultratextgen.com/assets/pinterest/bs-kurziv.png,International Fancy Font Generators,,"Generator Kurziva — 𝘬𝘶𝘳𝘻𝘪𝘷 za kopiranje. Besplatan generator kurziva: pretvori tekst u ukošena Unicode slova za kopiranje i lijepljenje — u bio na Instagramu, WhatsApp, TikTok…. Copy and paste stylish Unicode fonts and symbols for bios, captions, usernames and posts — free, fast and right in…",https://ultratextgen.com/bs/kurziv/?utm_source=pinterest&utm_medium=social&utm_campaign=organic_pins&utm_content=bs-kurziv,,"localized, generator kurziva — 𝘬𝘶𝘳𝘻𝘪𝘷 za kopiranje, fancy text generator, copy paste fonts, unicode fonts, copy and paste, ultratextgen"
Generator Malih Slova — ᴍᴀʟᴀ sʟᴏᴠᴀ i kapitalke za kopiranje — Copy and Paste Fonts,https://ultratextgen.com/assets/pinterest/bs-mala-slova.png,International Fancy Font Generators,,"Generator Malih Slova — ᴍᴀʟᴀ sʟᴏᴠᴀ i kapitalke za kopiranje. Besplatan generator malih slova: pretvori tekst u mali Unicode tekst i kapitalke za kopiranje i lijepljenje — u bio na Instagramu…. Copy and paste stylish Unicode fonts and symbols for bios, captions, usernames and posts — free, fast…",https://ultratextgen.com/bs/mala-slova/?utm_source=pinterest&utm_medium=social&utm_campaign=organic_pins&utm_content=bs-mala-slova,,"localized, generator malih slova — ᴍᴀʟᴀ sʟᴏᴠᴀ i kapitalke za kopiranje, fancy text generator, copy paste fonts, unicode fonts, copy and paste, ultratextgen"
Generator Podebljanih Slova — 𝐩𝐨𝐝𝐞𝐛𝐥𝐣𝐚𝐧𝐚 𝐬𝐥𝐨𝐯𝐚 za kopiranje — Copy and Paste Fonts,https://ultratextgen.com/assets/pinterest/bs-podebljana-slova.png,International Fancy Font Generators,,"Generator Podebljanih Slova — 𝐩𝐨𝐝𝐞𝐛𝐥𝐣𝐚𝐧𝐚 𝐬𝐥𝐨𝐯𝐚 za kopiranje. Besplatan generator podebljanih slova: pretvori tekst u podebljane Unicode znakove za kopiranje i lijepljenje — u bio na Instagramu…. Copy and paste stylish Unicode fonts and symbols for bios, captions, usernames and posts — free, fast…",https://ultratextgen.com/bs/podebljana-slova/?utm_source=pinterest&utm_medium=social&utm_campaign=organic_pins&utm_content=bs-podebljana-slova,,"localized, generator podebljanih slova — 𝐩𝐨𝐝𝐞𝐛𝐥𝐣𝐚𝐧𝐚 𝐬𝐥𝐨𝐯𝐚 za kopiranje, fancy text generator, copy paste fonts, unicode fonts, copy and paste, ultratextgen"
Aesthetic — Copy and Paste Font Style — UltraTextGen,https://ultratextgen.com/assets/pinterest/category-aesthetic-fonts.png,Instagram Bio Symbols & Aesthetic Text,,"Aesthetic Font Generator: Soft, spaced-out vaporwave styling. Copy and paste this Unicode font style for bios, captions, usernames and headlines. Type once and grab every variation instantly with UltraTextGen — free and in your browser.",https://ultratextgen.com/category/aesthetic-fonts/?utm_source=pinterest&utm_medium=social&utm_campaign=organic_pins&utm_content=category-aesthetic-fonts,,"category, aesthetic, fancy text generator, copy and paste fonts, unicode fonts, aesthetic fonts, copy and paste, ultratextgen"
Ancient & Rune Fonts — Copy and Paste Font Style,https://ultratextgen.com/assets/pinterest/category-ancient-fonts.png,Fancy Text Generator & Copy Paste Fonts,,"Ancient & Rune Fonts: Rune, Cherokee & ancient script styling. Copy and paste this Unicode font style for bios, captions, usernames and headlines. Type once and grab every variation instantly with UltraTextGen — free and in your browser.",https://ultratextgen.com/category/ancient-fonts/?utm_source=pinterest&utm_medium=social&utm_campaign=organic_pins&utm_content=category-ancient-fonts,,"category, ancient & rune fonts, fancy text generator, copy and paste fonts, unicode fonts, aesthetic fonts, copy and paste, ultratextgen"
Bold Italic Fonts — Copy and Paste Font Style,https://ultratextgen.com/assets/pinterest/category-bold-fonts-bold-italic.png,Fancy Text Generator & Copy Paste Fonts,,"Bold Italic Fonts: Heavy weight with a forward lean. Copy and paste this Unicode font style for bios, captions, usernames and headlines. Type once and grab every variation instantly with UltraTextGen — free and in your browser.",https://ultratextgen.com/category/bold-fonts/bold-italic/?utm_source=pinterest&utm_medium=social&utm_campaign=organic_pins&utm_content=category-bold-fonts-bold-italic,,"category, bold italic fonts, fancy text generator, copy and paste fonts, unicode fonts, aesthetic fonts, copy and paste, ultratextgen"
Bold Fonts — Copy and Paste Font Style — UltraTextGen,https://ultratextgen.com/assets/pinterest/category-bold-fonts.png,Fancy Text Generator & Copy Paste Fonts,,"Bold Fonts Generator: Heavy weight that commands attention. Copy and paste this Unicode font style for bios, captions, usernames and headlines. Type once and grab every variation instantly with UltraTextGen — free and in your browser.",https://ultratextgen.com/category/bold-fonts/?utm_source=pinterest&utm_medium=social&utm_campaign=organic_pins&utm_content=category-bold-fonts,,"category, bold fonts, fancy text generator, copy and paste fonts, unicode fonts, aesthetic fonts, copy and paste, ultratextgen"
Circle Fonts — Copy and Paste Font Style,https://ultratextgen.com/assets/pinterest/category-bubble-fonts-circle.png,Instagram Bio Symbols & Aesthetic Text,,"Circle Fonts Generator: Crisp circled-letter styling. Copy and paste this Unicode font style for bios, captions, usernames and headlines. Type once and grab every variation instantly with UltraTextGen — free and in your browser.",https://ultratextgen.com/category/bubble-fonts/circle/?utm_source=pinterest&utm_medium=social&utm_campaign=organic_pins&utm_content=category-bubble-fonts-circle,,"category, circle fonts, fancy text generator, copy and paste fonts, unicode fonts, aesthetic fonts, copy and paste, ultratextgen"
Bubble Fonts — Copy and Paste Font Style,https://ultratextgen.com/assets/pinterest/category-bubble-fonts.png,Instagram Bio Symbols & Aesthetic Text,,"Bubble Fonts Generator: Letters inside rounded bubbles. Copy and paste this Unicode font style for bios, captions, usernames and headlines. Type once and grab every variation instantly with UltraTextGen — free and in your browser.",https://ultratextgen.com/category/bubble-fonts/?utm_source=pinterest&utm_medium=social&utm_campaign=organic_pins&utm_content=category-bubble-fonts,,"category, bubble fonts, fancy text generator, copy and paste fonts, unicode fonts, aesthetic fonts, copy and paste, ultratextgen"
Case Converter — Copy and Paste Font Style,https://ultratextgen.com/assets/pinterest/category-case-converter.png,Fancy Text Generator & Copy Paste Fonts,,"Case Converter: UPPERCASE, lowercase & Title Case. Copy and paste this Unicode font style for bios, captions, usernames and headlines. Type once and grab every variation instantly with UltraTextGen — free and in your browser.",https://ultratextgen.com/category/case-converter/?utm_source=pinterest&utm_medium=social&utm_campaign=organic_pins&utm_content=category-case-converter,,"category, case converter, fancy text generator, copy and paste fonts, unicode fonts, aesthetic fonts, copy and paste, ultratextgen"
Classified Text — Copy and Paste Font Style,https://ultratextgen.com/assets/pinterest/category-classified.png,Fancy Text Generator & Copy Paste Fonts,,"Classified Text Generator: Redacted, censored-document styling. Copy and paste this Unicode font style for bios, captions, usernames and headlines. Type once and grab every variation instantly with UltraTextGen — free and in your browser.",https://ultratextgen.com/category/classified/?utm_source=pinterest&utm_medium=social&utm_campaign=organic_pins&utm_content=category-classified,,"category, classified text, fancy text generator, copy and paste fonts, unicode fonts, aesthetic fonts, copy and paste, ultratextgen"
Cursive Fonts — Copy and Paste Font Style,https://ultratextgen.com/assets/pinterest/category-cursive-fonts.png,Instagram Bio Symbols & Aesthetic Text,,"Cursive Fonts Generator: Flowing handwritten-style script. Copy and paste this Unicode font style for bios, captions, usernames and headlines. Type once and grab every variation instantly with UltraTextGen — free and in your browser.",https://ultratextgen.com/category/cursive-fonts/?utm_source=pinterest&utm_medium=social&utm_campaign=organic_pins&utm_content=category-cursive-fonts,,"category, cursive fonts, fancy text generator, copy and paste fonts, unicode fonts, aesthetic fonts, copy and paste, ultratextgen"
Cute — Copy and Paste Font Style — UltraTextGen,https://ultratextgen.com/assets/pinterest/category-cute-fonts.png,"Cute Symbols, Hearts & Decorative Text",,"Cute Font Generator: Playful styling with soft accents. Copy and paste this Unicode font style for bios, captions, usernames and headlines. Type once and grab every variation instantly with UltraTextGen — free and in your browser.",https://ultratextgen.com/category/cute-fonts/?utm_source=pinterest&utm_medium=social&utm_campaign=organic_pins&utm_content=category-cute-fonts,,"category, cute, fancy text generator, copy and paste fonts, unicode fonts, aesthetic fonts, copy and paste, ultratextgen"
Emoji Letter — Copy and Paste Font Style,https://ultratextgen.com/assets/pinterest/category-emoji-letter-fonts.png,Emoji Copy Paste & Emoji Combos,,"Emoji Letter Generator: Block, squared & flag-emoji letter styles. Copy and paste this Unicode font style for bios, captions, usernames and headlines. Type once and grab every variation instantly with UltraTextGen — free and in your browser.",https://ultratextgen.com/category/emoji-letter-fonts/?utm_source=pinterest&utm_medium=social&utm_campaign=organic_pins&utm_content=category-emoji-letter-fonts,,"category, emoji letter, fancy text generator, copy and paste fonts, unicode fonts, aesthetic fonts, copy and paste, ultratextgen"
Faux Script — Copy and Paste Font Style — UltraTextGen,https://ultratextgen.com/assets/pinterest/category-faux-fonts.png,"Special Characters, Unicode & Keyboard Symbols",,"Faux Script Generator: Faux Cyrillic, Greek & katakana lookalikes. Copy and paste this Unicode font style for bios, captions, usernames and headlines. Type once and grab every variation instantly with UltraTextGen — free and in your browser.",https://ultratextgen.com/category/faux-fonts/?utm_source=pinterest&utm_medium=social&utm_campaign=organic_pins&utm_content=category-faux-fonts,,"category, faux script, fancy text generator, copy and paste fonts, unicode fonts, aesthetic fonts, copy and paste, ultratextgen"
Fullwidth Text — Copy and Paste Font Style,https://ultratextgen.com/assets/pinterest/category-fullwidth-fonts.png,Fancy Text Generator & Copy Paste Fonts,,"Fullwidth Text Generator: Wide, spaced-out vaporwave lettering. Copy and paste this Unicode font style for bios, captions, usernames and headlines. Type once and grab every variation instantly with UltraTextGen — free and in your browser.",https://ultratextgen.com/category/fullwidth-fonts/?utm_source=pinterest&utm_medium=social&utm_campaign=organic_pins&utm_content=category-fullwidth-fonts,,"category, fullwidth text, fancy text generator, copy and paste fonts, unicode fonts, aesthetic fonts, copy and paste, ultratextgen"
Gothic Fonts — Copy and Paste Font Style,https://ultratextgen.com/assets/pinterest/category-gothic-fonts.png,Fancy Text Generator & Copy Paste Fonts,,"Gothic Fonts Generator: Blackletter weight and gravitas. Copy and paste this Unicode font style for bios, captions, usernames and headlines. Type once and grab every variation instantly with UltraTextGen — free and in your browser.",https://ultratextgen.com/category/gothic-fonts/?utm_source=pinterest&utm_medium=social&utm_campaign=organic_pins&utm_content=category-gothic-fonts,,"category, gothic fonts, fancy text generator, copy and paste fonts, unicode fonts, aesthetic fonts, copy and paste, ultratextgen"
Unicode Font Categories — Copy and Paste Font Style,https://ultratextgen.com/assets/pinterest/category.png,Fancy Text Generator & Copy Paste Fonts,,"Unicode Font Categories: Choose a style by its visual intent. Copy and paste this Unicode font style for bios, captions, usernames and headlines. Type once and grab every variation instantly with UltraTextGen — free and in your browser.",https://ultratextgen.com/category/?utm_source=pinterest&utm_medium=social&utm_campaign=organic_pins&utm_content=category,,"category, unicode font categories, fancy text generator, copy and paste fonts, unicode fonts, aesthetic fonts, copy and paste, ultratextgen"
Italic Fonts — Copy and Paste Font Style,https://ultratextgen.com/assets/pinterest/category-italic-fonts.png,Fancy Text Generator & Copy Paste Fonts,,"Italic Fonts Generator: A clean forward slant. Copy and paste this Unicode font style for bios, captions, usernames and headlines. Type once and grab every variation instantly with UltraTextGen — free and in your browser.",https://ultratextgen.com/category/italic-fonts/?utm_source=pinterest&utm_medium=social&utm_campaign=organic_pins&utm_content=category-italic-fonts,,"category, italic fonts, fancy text generator, copy and paste fonts, unicode fonts, aesthetic fonts, copy and paste, ultratextgen"
Novelty — Copy and Paste Font Style — UltraTextGen,https://ultratextgen.com/assets/pinterest/category-novelty-fonts.png,"Special Characters, Unicode & Keyboard Symbols",,"Novelty Font Generator: Keycap numbers & currency-symbol letters. Copy and paste this Unicode font style for bios, captions, usernames and headlines. Type once and grab every variation instantly with UltraTextGen — free and in your browser.",https://ultratextgen.com/category/novelty-fonts/?utm_source=pinterest&utm_medium=social&utm_campaign=organic_pins&utm_content=category-novelty-fonts,,"category, novelty, fancy text generator, copy and paste fonts, unicode fonts, aesthetic fonts, copy and paste, ultratextgen"
Old English — Blackletter Text for Tattoos & Names — Copy and Paste Font Style,https://ultratextgen.com/assets/pinterest/category-old-english-fonts.png,Fancy Text Generator & Copy Paste Fonts,,"Old English Font Generator — Blackletter Text for Tattoos & Names: Old English font generator. Copy and paste blackletter text for name tattoos, sports jerseys, the Old English D, chicano lettering, and…. Copy and paste this Unicode font style for bios, captions, usernames and headlines. Type…",https://ultratextgen.com/category/old-english-fonts/?utm_source=pinterest&utm_medium=social&utm_campaign=organic_pins&utm_content=category-old-english-fonts,,"category, old english — blackletter text for tattoos & names, fancy text generator, copy and paste fonts, unicode fonts, aesthetic fonts, copy and paste, ultratextgen"
Small Caps — Copy and Paste Font Style — UltraTextGen,https://ultratextgen.com/assets/pinterest/category-small-caps.png,Instagram Bio Symbols & Aesthetic Text,,"Small Caps Generator: Capital-shaped small letters for bios & headings. Copy and paste this Unicode font style for bios, captions, usernames and headlines. Type once and grab every variation instantly with UltraTextGen — free and in your browser.",https://ultratextgen.com/category/small-caps/?utm_source=pinterest&utm_medium=social&utm_campaign=organic_pins&utm_content=category-small-caps,,"category, small caps, fancy text generator, copy and paste fonts, unicode fonts, aesthetic fonts, copy and paste, ultratextgen"
Small Text — Copy and Paste Font Style — UltraTextGen,https://ultratextgen.com/assets/pinterest/category-small-text.png,Fancy Text Generator & Copy Paste Fonts,,"Small Text Generator: Tiny superscript and subscript letters. Copy and paste this Unicode font style for bios, captions, usernames and headlines. Type once and grab every variation instantly with UltraTextGen — free and in your browser.",https://ultratextgen.com/category/small-text/?utm_source=pinterest&utm_medium=social&utm_campaign=organic_pins&utm_content=category-small-text,,"category, small text, fancy text generator, copy and paste fonts, unicode fonts, aesthetic fonts, copy and paste, ultratextgen"
Strikethrough Text — Copy and Paste Font Style,https://ultratextgen.com/assets/pinterest/category-strikethrough-text.png,Fancy Text Generator & Copy Paste Fonts,,"Strikethrough Text Generator: A line struck through every word. Copy and paste this Unicode font style for bios, captions, usernames and headlines. Type once and grab every variation instantly with UltraTextGen — free and in your browser.",https://ultratextgen.com/category/strikethrough-text/?utm_source=pinterest&utm_medium=social&utm_campaign=organic_pins&utm_content=category-strikethrough-text,,"category, strikethrough text, fancy text generator, copy and paste fonts, unicode fonts, aesthetic fonts, copy and paste, ultratextgen"
Subscript — Copy and Paste Font Style — UltraTextGen,https://ultratextgen.com/assets/pinterest/category-subscript.png,Fancy Text Generator & Copy Paste Fonts,,"Subscript Generator: Chemistry formulas, footnotes & indices. Copy and paste this Unicode font style for bios, captions, usernames and headlines. Type once and grab every variation instantly with UltraTextGen — free and in your browser.",https://ultratextgen.com/category/subscript/?utm_source=pinterest&utm_medium=social&utm_campaign=organic_pins&utm_content=category-subscript,,"category, subscript, fancy text generator, copy and paste fonts, unicode fonts, aesthetic fonts, copy and paste, ultratextgen"
Superscript — Copy and Paste Font Style — UltraTextGen,https://ultratextgen.com/assets/pinterest/category-superscript.png,Fancy Text Generator & Copy Paste Fonts,,"Superscript Generator: Exponents, ordinals & tiny asides. Copy and paste this Unicode font style for bios, captions, usernames and headlines. Type once and grab every variation instantly with UltraTextGen — free and in your browser.",https://ultratextgen.com/category/superscript/?utm_source=pinterest&utm_medium=social&utm_campaign=organic_pins&utm_content=category-superscript,,"category, superscript, fancy text generator, copy and paste fonts, unicode fonts, aesthetic fonts, copy and paste, ultratextgen"
Text Decorator — Copy and Paste Font Style,https://ultratextgen.com/assets/pinterest/category-text-decorator.png,"Cute Symbols, Hearts & Decorative Text",,"Text Decorator: Decorate text with symbols and borders. Copy and paste this Unicode font style for bios, captions, usernames and headlines. Type once and grab every variation instantly with UltraTextGen — free and in your browser.",https://ultratextgen.com/category/text-decorator/?utm_source=pinterest&utm_medium=social&utm_campaign=organic_pins&utm_content=category-text-decorator,,"category, text decorator, fancy text generator, copy and paste fonts, unicode fonts, aesthetic fonts, copy and paste, ultratextgen"
Underline Text — Copy and Paste Font Style,https://ultratextgen.com/assets/pinterest/category-underline-text.png,Fancy Text Generator & Copy Paste Fonts,,"Underline Text Generator: Clean underlines under every word. Copy and paste this Unicode font style for bios, captions, usernames and headlines. Type once and grab every variation instantly with UltraTextGen — free and in your browser.",https://ultratextgen.com/category/underline-text/?utm_source=pinterest&utm_medium=social&utm_campaign=organic_pins&utm_content=category-underline-text,,"category, underline text, fancy text generator, copy and paste fonts, unicode fonts, aesthetic fonts, copy and paste, ultratextgen"
Upside Down Text — Copy and Paste Font Style,https://ultratextgen.com/assets/pinterest/category-upside-down-text.png,Fancy Text Generator & Copy Paste Fonts,,"Upside Down Text Generator: Flipped, mirrored, reversed text. Copy and paste this Unicode font style for bios, captions, usernames and headlines. Type once and grab every variation instantly with UltraTextGen — free and in your browser.",https://ultratextgen.com/category/upside-down-text/?utm_source=pinterest&utm_medium=social&utm_campaign=organic_pins&utm_content=category-upside-down-text,,"category, upside down text, fancy text generator, copy and paste fonts, unicode fonts, aesthetic fonts, copy and paste, ultratextgen"
Generátor Přezdívek — Copy and Paste Fonts,https://ultratextgen.com/assets/pinterest/cs-generator-prezdivek.png,International Fancy Font Generators,,"Generátor Přezdívek. Hezké nicky do her. Copy and paste stylish Unicode fonts and symbols for bios, captions, usernames and posts — free, fast and right in your browser with UltraTextGen.",https://ultratextgen.com/cs/generator-prezdivek/?utm_source=pinterest&utm_medium=social&utm_campaign=organic_pins&utm_content=cs-generator-prezdivek,,"localized, generátor přezdívek, fancy text generator, copy paste fonts, unicode fonts, copy and paste, ultratextgen"
Generátor gotického písma — 𝔤𝔬𝔱𝔦𝔠𝔨ý 𝔱𝔢𝔵𝔱 ke zkopírování — Copy and Paste Fonts,https://ultratextgen.com/assets/pinterest/cs-goticke-pismo.png,International Fancy Font Generators,,"Generátor gotického písma — 𝔤𝔬𝔱𝔦𝔠𝔨ý 𝔱𝔢𝔵𝔱 ke zkopírování. Bezplatný generátor gotického písma: převeď text na gotické znaky Unicode (fraktura) ke zkopírování a vložení — do bia na Instagramu, na…. Copy and paste stylish Unicode fonts and symbols for bios, captions, usernames and posts — free,…",https://ultratextgen.com/cs/goticke-pismo/?utm_source=pinterest&utm_medium=social&utm_campaign=organic_pins&utm_content=cs-goticke-pismo,,"localized, generátor gotického písma — 𝔤𝔬𝔱𝔦𝔠𝔨ý 𝔱𝔢𝔵𝔱 ke zkopírování, fancy text generator, copy paste fonts, unicode fonts, copy and paste, ultratextgen"
