Title,Media URL,Pinterest board,Thumbnail,Description,Link,Publish date,Keywords
"Symbole marque déposée (™) : signification, histoire et comment le taper — Copy and",https://ultratextgen.com/assets/pinterest/fr-symbol-symbole-marque-deposee.png,International Fancy Font Generators,,"Symbole marque déposée (™) : signification, histoire et comment le taper. Le symbole ™ (U+2122) en détail — ce qu'il signifie vraiment, en quoi il diffère du ® (la vraie marque déposée), et comment le taper sur…. Copy and paste stylish Unicode fonts and symbols for bios, captions, usernames and…",https://ultratextgen.com/fr/symbol/symbole-marque-deposee/?utm_source=pinterest&utm_medium=social&utm_campaign=organic_pins&utm_content=fr-symbol-symbole-marque-deposee,,"localized, symbole marque déposée (™) : signification, histoire et comment le taper, fancy text generator, copy paste fonts, unicode fonts, copy and paste, ultratextgen"
"Symbole micro (µ) : signification, mu grec et comment le taper — Copy and Paste Fonts",https://ultratextgen.com/assets/pinterest/fr-symbol-symbole-micro.png,International Fancy Font Generators,,"Symbole micro (µ) : signification, mu grec et comment le taper. Le signe micro µ (U+00B5) en détail — son usage pour les microns, microgrammes et microsecondes, pourquoi c'est un caractère Unicode…. Copy and paste stylish Unicode fonts and symbols for bios, captions, usernames and posts — free,…",https://ultratextgen.com/fr/symbol/symbole-micro/?utm_source=pinterest&utm_medium=social&utm_campaign=organic_pins&utm_content=fr-symbol-symbole-micro,,"localized, symbole micro (µ) : signification, mu grec et comment le taper, fancy text generator, copy paste fonts, unicode fonts, copy and paste, ultratextgen"
Signe de multiplication (×) : copier-coller le symbole fois — Copy and Paste Fonts,https://ultratextgen.com/assets/pinterest/fr-symbol-symbole-multiplication.png,International Fancy Font Generators,,"Signe de multiplication (×) : copier-coller le symbole fois. Copier-coller le signe de multiplication (×) — son origine en 1631, sa différence avec la lettre x et le point de multiplication, et…. Copy and paste stylish Unicode fonts and symbols for bios, captions, usernames and posts — free,…",https://ultratextgen.com/fr/symbol/symbole-multiplication/?utm_source=pinterest&utm_medium=social&utm_campaign=organic_pins&utm_content=fr-symbol-symbole-multiplication,,"localized, signe de multiplication (×) : copier-coller le symbole fois, fancy text generator, copy paste fonts, unicode fonts, copy and paste, ultratextgen"
"Symbole ohm (Ω ℧) : l'unité de résistance électrique, du physicien derrière V = IR",https://ultratextgen.com/assets/pinterest/fr-symbol-symbole-ohm.png,International Fancy Font Generators,,"Symbole ohm (Ω ℧) : l'unité de résistance électrique, du physicien derrière V = IR. Copier-coller le symbole ohm (Ω U+2126) pour la résistance électrique — nommé d'après le physicien Georg Simon Ohm et sa loi de 1827, V…. Copy and paste stylish Unicode fonts and symbols for bios, captions,…",https://ultratextgen.com/fr/symbol/symbole-ohm/?utm_source=pinterest&utm_medium=social&utm_campaign=organic_pins&utm_content=fr-symbol-symbole-ohm,,"localized, symbole ohm (ω ℧) : l'unité de résistance électrique, du physicien derrière v = ir, fancy text generator, copy paste fonts, unicode fonts, copy and paste, ultratextgen"
"Symbole om (ॐ 🕉️) : sens dans l'hindouisme, le bouddhisme et le jaïnisme — Copy and",https://ultratextgen.com/assets/pinterest/fr-symbol-symbole-om.png,International Fancy Font Generators,,"Symbole om (ॐ 🕉️) : sens dans l'hindouisme, le bouddhisme et le jaïnisme. Copier-coller le symbole om / aum (ॐ U+0950, 🕉️ U+1F549) — la syllabe sacrée lue comme le son primordial de l'univers dans l'hindouisme…. Copy and paste stylish Unicode fonts and symbols for bios, captions, usernames and…",https://ultratextgen.com/fr/symbol/symbole-om/?utm_source=pinterest&utm_medium=social&utm_campaign=organic_pins&utm_content=fr-symbol-symbole-om,,"localized, symbole om (ॐ 🕉️) : sens dans l'hindouisme, le bouddhisme et le jaïnisme, fancy text generator, copy paste fonts, unicode fonts, copy and paste, ultratextgen"
"Symbole oméga (Ω) : signification, histoire et comment le taper — Copy and Paste Fonts",https://ultratextgen.com/assets/pinterest/fr-symbol-symbole-omega.png,International Fancy Font Generators,,"Symbole oméga (Ω) : signification, histoire et comment le taper. Le symbole oméga Ω (U+03A9) en détail — la dernière lettre de l'alphabet grec, pourquoi le signe « ohm » de la résistance lui ressemble…. Copy and paste stylish Unicode fonts and symbols for bios, captions, usernames and posts —…",https://ultratextgen.com/fr/symbol/symbole-omega/?utm_source=pinterest&utm_medium=social&utm_campaign=organic_pins&utm_content=fr-symbol-symbole-omega,,"localized, symbole oméga (ω) : signification, histoire et comment le taper, fancy text generator, copy paste fonts, unicode fonts, copy and paste, ultratextgen"
"Symbole de la paix (☮) : signification, histoire et comment le taper — Copy and Paste",https://ultratextgen.com/assets/pinterest/fr-symbol-symbole-paix.png,International Fancy Font Generators,,"Symbole de la paix (☮) : signification, histoire et comment le taper. Le symbole de la paix ☮ (U+262E) en détail — sa conception en 1958 par Gerald Holtom à partir des lettres du sémaphore, et comment le…. Copy and paste stylish Unicode fonts and symbols for bios, captions, usernames and posts —…",https://ultratextgen.com/fr/symbol/symbole-paix/?utm_source=pinterest&utm_medium=social&utm_campaign=organic_pins&utm_content=fr-symbol-symbole-paix,,"localized, symbole de la paix (☮) : signification, histoire et comment le taper, fancy text generator, copy paste fonts, unicode fonts, copy and paste, ultratextgen"
"Symbole paragraphe (§) : signe de section, histoire et comment le taper — Copy and",https://ultratextgen.com/assets/pinterest/fr-symbol-symbole-paragraphe.png,International Fancy Font Generators,,"Symbole paragraphe (§) : signe de section, histoire et comment le taper. Le signe de section § (U+00A7) en détail — son origine juridique médiévale, son emploi pour citer les articles de loi, et comment le…. Copy and paste stylish Unicode fonts and symbols for bios, captions, usernames and posts…",https://ultratextgen.com/fr/symbol/symbole-paragraphe/?utm_source=pinterest&utm_medium=social&utm_campaign=organic_pins&utm_content=fr-symbol-symbole-paragraphe,,"localized, symbole paragraphe (§) : signe de section, histoire et comment le taper, fancy text generator, copy paste fonts, unicode fonts, copy and paste, ultratextgen"
Symbole pentagramme (⛤ ⛧) : étoile wicca pointe en haut ou sceau satanique pointe en,https://ultratextgen.com/assets/pinterest/fr-symbol-symbole-pentagramme.png,International Fancy Font Generators,,"Symbole pentagramme (⛤ ⛧) : étoile wicca pointe en haut ou sceau satanique pointe en bas. Copier-coller le pentagramme (⛤ U+26E4) et le pentagramme inversé (⛧ U+26E7) — pourquoi l'étoile wicca pointe en haut et le sceau de…. Copy and paste stylish Unicode fonts and symbols for bios, captions,…",https://ultratextgen.com/fr/symbol/symbole-pentagramme/?utm_source=pinterest&utm_medium=social&utm_campaign=organic_pins&utm_content=fr-symbol-symbole-pentagramme,,"localized, symbole pentagramme (⛤ ⛧) : étoile wicca pointe en haut ou sceau satanique pointe en bas, fancy text generator, copy paste fonts, unicode fonts, copy and paste, ultratextgen"
"Symbole pi (π) : signification, histoire et comment le taper — Copy and Paste Fonts",https://ultratextgen.com/assets/pinterest/fr-symbol-symbole-pi.png,International Fancy Font Generators,,"Symbole pi (π) : signification, histoire et comment le taper. Le symbole pi π (U+03C0) en détail — la constante ≈ 3,14159 introduite par William Jones en 1706 puis rendue universelle par Euler, ce…. Copy and paste stylish Unicode fonts and symbols for bios, captions, usernames and posts — free,…",https://ultratextgen.com/fr/symbol/symbole-pi/?utm_source=pinterest&utm_medium=social&utm_campaign=organic_pins&utm_content=fr-symbol-symbole-pi,,"localized, symbole pi (π) : signification, histoire et comment le taper, fancy text generator, copy paste fonts, unicode fonts, copy and paste, ultratextgen"
"Symbole pied-de-mouche (¶) : signification, histoire et comment le taper — Copy and",https://ultratextgen.com/assets/pinterest/fr-symbol-symbole-pied-de-mouche.png,International Fancy Font Generators,,"Symbole pied-de-mouche (¶) : signification, histoire et comment le taper. Le pied-de-mouche ¶ (U+00B6) expliqué — la marque de paragraphe médiévale derrière le bouton « Afficher tout » de Word, et comment le…. Copy and paste stylish Unicode fonts and symbols for bios, captions, usernames and…",https://ultratextgen.com/fr/symbol/symbole-pied-de-mouche/?utm_source=pinterest&utm_medium=social&utm_campaign=organic_pins&utm_content=fr-symbol-symbole-pied-de-mouche,,"localized, symbole pied-de-mouche (¶) : signification, histoire et comment le taper, fancy text generator, copy paste fonts, unicode fonts, copy and paste, ultratextgen"
"Symbole plus ou moins (±) : signification, histoire et comment le taper — Copy and",https://ultratextgen.com/assets/pinterest/fr-symbol-symbole-plus-ou-moins.png,International Fancy Font Generators,,"Symbole plus ou moins (±) : signification, histoire et comment le taper. Le symbole plus ou moins ± (U+00B1) en détail — ce qu'il signifie, comment le taper sur Windows et Mac, et en quoi il diffère de sa…. Copy and paste stylish Unicode fonts and symbols for bios, captions, usernames and posts…",https://ultratextgen.com/fr/symbol/symbole-plus-ou-moins/?utm_source=pinterest&utm_medium=social&utm_campaign=organic_pins&utm_content=fr-symbol-symbole-plus-ou-moins,,"localized, symbole plus ou moins (±) : signification, histoire et comment le taper, fancy text generator, copy paste fonts, unicode fonts, copy and paste, ultratextgen"
"Symbole Poissons (♓) : signification, mythologie et comment le taper — Copy and Paste",https://ultratextgen.com/assets/pinterest/fr-symbol-symbole-poissons.png,International Fancy Font Generators,,"Symbole Poissons (♓) : signification, mythologie et comment le taper. Le symbole des Poissons ♓ (U+2653) en détail — les deux poissons liés queue contre queue, le mythe d'Aphrodite et Éros fuyant Typhon, sa…. Copy and paste stylish Unicode fonts and symbols for bios, captions, usernames and…",https://ultratextgen.com/fr/symbol/symbole-poissons/?utm_source=pinterest&utm_medium=social&utm_campaign=organic_pins&utm_content=fr-symbol-symbole-poissons,,"localized, symbole poissons (♓) : signification, mythologie et comment le taper, fancy text generator, copy paste fonts, unicode fonts, copy and paste, ultratextgen"
"Symbole racine carrée (√) : signification, histoire et comment le taper — Copy and",https://ultratextgen.com/assets/pinterest/fr-symbol-symbole-racine-carree.png,International Fancy Font Generators,,"Symbole racine carrée (√) : signification, histoire et comment le taper. Le symbole de la racine carrée √ (U+221A) en détail — son origine en 1525, ce qu'il signifie, comment le taper sur Windows et Mac, et où…. Copy and paste stylish Unicode fonts and symbols for bios, captions, usernames and…",https://ultratextgen.com/fr/symbol/symbole-racine-carree/?utm_source=pinterest&utm_medium=social&utm_campaign=organic_pins&utm_content=fr-symbol-symbole-racine-carree,,"localized, symbole racine carrée (√) : signification, histoire et comment le taper, fancy text generator, copy paste fonts, unicode fonts, copy and paste, ultratextgen"
"Symbole recyclage (♻) : signification, histoire et comment le taper — Copy and Paste Fonts",https://ultratextgen.com/assets/pinterest/fr-symbol-symbole-recyclage.png,International Fancy Font Generators,,"Symbole recyclage (♻) : signification, histoire et comment le taper. Le symbole de recyclage ♻ (U+267B) à copier-coller — la boucle de Möbius à trois flèches dessinée en 1970 par l'étudiant Gary Anderson…. Copy and paste stylish Unicode fonts and symbols for bios, captions, usernames and posts —…",https://ultratextgen.com/fr/symbol/symbole-recyclage/?utm_source=pinterest&utm_medium=social&utm_campaign=organic_pins&utm_content=fr-symbol-symbole-recyclage,,"localized, symbole recyclage (♻) : signification, histoire et comment le taper, fancy text generator, copy paste fonts, unicode fonts, copy and paste, ultratextgen"
"Symbole roupie indienne (₹) : signification, histoire et comment le taper — Copy and",https://ultratextgen.com/assets/pinterest/fr-symbol-symbole-roupie.png,International Fancy Font Generators,,"Symbole roupie indienne (₹) : signification, histoire et comment le taper. Le symbole de la roupie indienne ₹ (U+20B9) expliqué — le concours public de design de 2010 qui l'a créé, ce que représente son dessin…. Copy and paste stylish Unicode fonts and symbols for bios, captions, usernames and…",https://ultratextgen.com/fr/symbol/symbole-roupie/?utm_source=pinterest&utm_medium=social&utm_campaign=organic_pins&utm_content=fr-symbol-symbole-roupie,,"localized, symbole roupie indienne (₹) : signification, histoire et comment le taper, fancy text generator, copy paste fonts, unicode fonts, copy and paste, ultratextgen"
"Symbole Sagittaire (♐) : signification, mythologie et comment le taper — Copy and Paste",https://ultratextgen.com/assets/pinterest/fr-symbol-symbole-sagittaire.png,International Fancy Font Generators,,"Symbole Sagittaire (♐) : signification, mythologie et comment le taper. Le symbole du signe astrologique du Sagittaire ♐ (U+2650) en détail — le centaure Chiron, la « Théière » pointée vers le centre de la…. Copy and paste stylish Unicode fonts and symbols for bios, captions, usernames and posts…",https://ultratextgen.com/fr/symbol/symbole-sagittaire/?utm_source=pinterest&utm_medium=social&utm_campaign=organic_pins&utm_content=fr-symbol-symbole-sagittaire,,"localized, symbole sagittaire (♐) : signification, mythologie et comment le taper, fancy text generator, copy paste fonts, unicode fonts, copy and paste, ultratextgen"
"Symbole Scorpion (♏) : signification, mythologie et comment le taper — Copy and Paste",https://ultratextgen.com/assets/pinterest/fr-symbol-symbole-scorpion.png,International Fancy Font Generators,,"Symbole Scorpion (♏) : signification, mythologie et comment le taper. Le symbole du signe astrologique du Scorpion ♏ (U+264F) en détail — le mythe d'Orion, sa constellation placée à l'opposé du ciel, ce…. Copy and paste stylish Unicode fonts and symbols for bios, captions, usernames and posts —…",https://ultratextgen.com/fr/symbol/symbole-scorpion/?utm_source=pinterest&utm_medium=social&utm_campaign=organic_pins&utm_content=fr-symbol-symbole-scorpion,,"localized, symbole scorpion (♏) : signification, mythologie et comment le taper, fancy text generator, copy paste fonts, unicode fonts, copy and paste, ultratextgen"
"Symbole sigma (Σ σ) : la lettre grecque, le mème et les maths — Copy and Paste Fonts",https://ultratextgen.com/assets/pinterest/fr-symbol-symbole-sigma.png,International Fancy Font Generators,,"Symbole sigma (Σ σ) : la lettre grecque, le mème et les maths. Copier-coller le symbole sigma — la lettre grecque Σ σ, l'emoji moai 🗿 que les gens collent vraiment pour le mème « sigma », et son sens…. Copy and paste stylish Unicode fonts and symbols for bios, captions, usernames and posts —…",https://ultratextgen.com/fr/symbol/symbole-sigma/?utm_source=pinterest&utm_medium=social&utm_campaign=organic_pins&utm_content=fr-symbol-symbole-sigma,,"localized, symbole sigma (σ σ) : la lettre grecque, le mème et les maths, fancy text generator, copy paste fonts, unicode fonts, copy and paste, ultratextgen"
"Symbole stop (🛑) : signification, point de code et le signe qu'on lui confond — Copy",https://ultratextgen.com/assets/pinterest/fr-symbol-symbole-stop.png,International Fancy Font Generators,,"Symbole stop (🛑) : signification, point de code et le signe qu'on lui confond. L'emoji panneau stop 🛑 (U+1F6D1) en détail — pourquoi c'est un octogone, son point de code, et la différence entre 🛑 stop et ⛔ sens…. Copy and paste stylish Unicode fonts and symbols for bios, captions, usernames and…",https://ultratextgen.com/fr/symbol/symbole-stop/?utm_source=pinterest&utm_medium=social&utm_campaign=organic_pins&utm_content=fr-symbol-symbole-stop,,"localized, symbole stop (🛑) : signification, point de code et le signe qu'on lui confond, fancy text generator, copy paste fonts, unicode fonts, copy and paste, ultratextgen"
"Symbole Taureau (♉) : signification, mythologie et comment le taper — Copy and Paste Fonts",https://ultratextgen.com/assets/pinterest/fr-symbol-symbole-taureau.png,International Fancy Font Generators,,"Symbole Taureau (♉) : signification, mythologie et comment le taper. Le symbole du Taureau ♉ (U+2649) en détail — le deuxième signe du zodiaque, ses deux mythes du taureau (Zeus et Europe, le Taureau…. Copy and paste stylish Unicode fonts and symbols for bios, captions, usernames and posts —…",https://ultratextgen.com/fr/symbol/symbole-taureau/?utm_source=pinterest&utm_medium=social&utm_campaign=organic_pins&utm_content=fr-symbol-symbole-taureau,,"localized, symbole taureau (♉) : signification, mythologie et comment le taper, fancy text generator, copy paste fonts, unicode fonts, copy and paste, ultratextgen"
"Symbole Verseau (♒) : signification, mythologie et comment le taper — Copy and Paste Fonts",https://ultratextgen.com/assets/pinterest/fr-symbol-symbole-verseau.png,International Fancy Font Generators,,"Symbole Verseau (♒) : signification, mythologie et comment le taper. Le symbole du Verseau ♒ (U+2652) en détail — les deux vagues du porteur d'eau, le mythe de Ganymède, pourquoi c'est un signe d'Air et…. Copy and paste stylish Unicode fonts and symbols for bios, captions, usernames and posts —…",https://ultratextgen.com/fr/symbol/symbole-verseau/?utm_source=pinterest&utm_medium=social&utm_campaign=organic_pins&utm_content=fr-symbol-symbole-verseau,,"localized, symbole verseau (♒) : signification, mythologie et comment le taper, fancy text generator, copy paste fonts, unicode fonts, copy and paste, ultratextgen"
"Symbole Vierge (♍) : signification, mythologie et comment le taper — Copy and Paste Fonts",https://ultratextgen.com/assets/pinterest/fr-symbol-symbole-vierge.png,International Fancy Font Generators,,"Symbole Vierge (♍) : signification, mythologie et comment le taper. Le symbole de la Vierge ♍ (U+264D), signe astrologique du zodiaque — le mythe d'Astrée, déesse de la justice et seul signe personnifié…. Copy and paste stylish Unicode fonts and symbols for bios, captions, usernames and posts —…",https://ultratextgen.com/fr/symbol/symbole-vierge/?utm_source=pinterest&utm_medium=social&utm_campaign=organic_pins&utm_content=fr-symbol-symbole-vierge,,"localized, symbole vierge (♍) : signification, mythologie et comment le taper, fancy text generator, copy paste fonts, unicode fonts, copy and paste, ultratextgen"
"Symbole won (₩) : signification, histoire et comment le taper — Copy and Paste Fonts",https://ultratextgen.com/assets/pinterest/fr-symbol-symbole-won.png,International Fancy Font Generators,,"Symbole won (₩) : signification, histoire et comment le taper. Le symbole du won ₩ (U+20A9) expliqué — l'unique signe monétaire partagé par le won sud-coréen (KRW) et le won nord-coréen (KPW), son…. Copy and paste stylish Unicode fonts and symbols for bios, captions, usernames and posts — free,…",https://ultratextgen.com/fr/symbol/symbole-won/?utm_source=pinterest&utm_medium=social&utm_campaign=organic_pins&utm_content=fr-symbol-symbole-won,,"localized, symbole won (₩) : signification, histoire et comment le taper, fancy text generator, copy paste fonts, unicode fonts, copy and paste, ultratextgen"
"Symbole yen (¥) : signification, histoire et comment le taper — Copy and Paste Fonts",https://ultratextgen.com/assets/pinterest/fr-symbol-symbole-yen.png,International Fancy Font Generators,,"Symbole yen (¥) : signification, histoire et comment le taper. Le symbole du yen ¥ (U+00A5) expliqué — son origine en 1871, pourquoi il est partagé avec le yuan chinois, et comment le taper sur…. Copy and paste stylish Unicode fonts and symbols for bios, captions, usernames and posts — free,…",https://ultratextgen.com/fr/symbol/symbole-yen/?utm_source=pinterest&utm_medium=social&utm_campaign=organic_pins&utm_content=fr-symbol-symbole-yen,,"localized, symbole yen (¥) : signification, histoire et comment le taper, fancy text generator, copy paste fonts, unicode fonts, copy and paste, ultratextgen"
"Symbole yin yang (☯) : signification, histoire et comment le taper — Copy and Paste Fonts",https://ultratextgen.com/assets/pinterest/fr-symbol-symbole-yin-yang.png,International Fancy Font Generators,,"Symbole yin yang (☯) : signification, histoire et comment le taper. Le symbole yin yang ☯ (U+262F) en détail — ses racines dans la philosophie chinoise ancienne, et comment le taper sur Windows et Mac…. Copy and paste stylish Unicode fonts and symbols for bios, captions, usernames and posts —…",https://ultratextgen.com/fr/symbol/symbole-yin-yang/?utm_source=pinterest&utm_medium=social&utm_campaign=organic_pins&utm_content=fr-symbol-symbole-yin-yang,,"localized, symbole yin yang (☯) : signification, histoire et comment le taper, fancy text generator, copy paste fonts, unicode fonts, copy and paste, ultratextgen"
"Tiret cadratin (—) : signification, usage en français et comment le taper — Copy and",https://ultratextgen.com/assets/pinterest/fr-symbol-tiret-cadratin.png,International Fancy Font Generators,,"Tiret cadratin (—) : signification, usage en français et comment le taper. Le tiret cadratin — (U+2014) expliqué — son rôle dans les dialogues et les incises en français, en quoi il diffère du tiret…. Copy and paste stylish Unicode fonts and symbols for bios, captions, usernames and posts —…",https://ultratextgen.com/fr/symbol/tiret-cadratin/?utm_source=pinterest&utm_medium=social&utm_campaign=organic_pins&utm_content=fr-symbol-tiret-cadratin,,"localized, tiret cadratin (—) : signification, usage en français et comment le taper, fancy text generator, copy paste fonts, unicode fonts, copy and paste, ultratextgen"
Générateur de Texte Courbé — Courber le Texte en Cercle — Copy and Paste Fonts,https://ultratextgen.com/assets/pinterest/fr-texte-courbe.png,International Fancy Font Generators,,"Générateur de Texte Courbé — Courber le Texte en Cercle. Générateur de texte courbé gratuit. Courbez votre texte en 15 formes — arche, vague, spirale, cœur, étoile et plus — sur une ou…. Copy and paste stylish Unicode fonts and symbols for bios, captions, usernames and posts — free, fast and…",https://ultratextgen.com/fr/texte-courbe/?utm_source=pinterest&utm_medium=social&utm_campaign=organic_pins&utm_content=fr-texte-courbe,,"localized, générateur de texte courbé — courber le texte en cercle, fancy text generator, copy paste fonts, unicode fonts, copy and paste, ultratextgen"
Texte en Gras — Copy and Paste Fonts — UltraTextGen,https://ultratextgen.com/assets/pinterest/fr-texte-en-gras.png,International Fancy Font Generators,,"Texte en Gras. Gras Unicode à copier-coller. Copy and paste stylish Unicode fonts and symbols for bios, captions, usernames and posts — free, fast and right in your browser with UltraTextGen.",https://ultratextgen.com/fr/texte-en-gras/?utm_source=pinterest&utm_medium=social&utm_campaign=organic_pins&utm_content=fr-texte-en-gras,,"localized, texte en gras, fancy text generator, copy paste fonts, unicode fonts, copy and paste, ultratextgen"
Texte Invisible (Caractère Invisible) — Copier-Coller un Espace Vide — Copy and Paste,https://ultratextgen.com/assets/pinterest/fr-texte-invisible.png,International Fancy Font Generators,,"Texte Invisible (Caractère Invisible) — Copier-Coller un Espace Vide. Copiez du texte invisible et des caractères invisibles (zero width space, filler Hangul, braille) pour des pseudos vides sur Free Fire…. Copy and paste stylish Unicode fonts and symbols for bios, captions, usernames and posts…",https://ultratextgen.com/fr/texte-invisible/?utm_source=pinterest&utm_medium=social&utm_campaign=organic_pins&utm_content=fr-texte-invisible,,"localized, texte invisible (caractère invisible) — copier-coller un espace vide, fancy text generator, copy paste fonts, unicode fonts, copy and paste, ultratextgen"
Écriture Stylée pour Bio — Copy and Paste Fonts,https://ultratextgen.com/assets/pinterest/fr-usecase-ecriture-bio.png,International Fancy Font Generators,,"Écriture Stylée pour Bio. Polices et symboles pour votre bio Instagram. Copy and paste stylish Unicode fonts and symbols for bios, captions, usernames and posts — free, fast and right in your browser with UltraTextGen.",https://ultratextgen.com/fr/usecase/ecriture-bio/?utm_source=pinterest&utm_medium=social&utm_campaign=organic_pins&utm_content=fr-usecase-ecriture-bio,,"localized, écriture stylée pour bio, fancy text generator, copy paste fonts, unicode fonts, copy and paste, ultratextgen"
Écriture Tatouage — Copy and Paste Fonts,https://ultratextgen.com/assets/pinterest/fr-usecase-ecriture-tatouage.png,International Fancy Font Generators,,"Écriture Tatouage. Teste ton lettrage avant l'encre. Copy and paste stylish Unicode fonts and symbols for bios, captions, usernames and posts — free, fast and right in your browser with UltraTextGen.",https://ultratextgen.com/fr/usecase/ecriture-tatouage/?utm_source=pinterest&utm_medium=social&utm_campaign=organic_pins&utm_content=fr-usecase-ecriture-tatouage,,"localized, écriture tatouage, fancy text generator, copy paste fonts, unicode fonts, copy and paste, ultratextgen"
Nom de Guilde Free Fire ꧁꧂ — Générateur de Tag de Guilde — Copy and Paste Fonts,https://ultratextgen.com/assets/pinterest/fr-usecase-guilde-free-fire.png,International Fancy Font Generators,,"Nom de Guilde Free Fire ꧁꧂ — Générateur de Tag de Guilde. Générateur de nom de guilde Free Fire : crée un tag court, encadre-le avec ꧁꧂ ou des crochets [ ], et copie des idées de noms de guilde…. Copy and paste stylish Unicode fonts and symbols for bios, captions, usernames and posts — free,…",https://ultratextgen.com/fr/usecase/guilde-free-fire/?utm_source=pinterest&utm_medium=social&utm_campaign=organic_pins&utm_content=fr-usecase-guilde-free-fire,,"localized, nom de guilde free fire ꧁꧂ — générateur de tag de guilde, fancy text generator, copy paste fonts, unicode fonts, copy and paste, ultratextgen"
Que Voulez-Vous Créer ? — Copy and Paste Fonts,https://ultratextgen.com/assets/pinterest/fr-usecase.png,International Fancy Font Generators,,"Que Voulez-Vous Créer ?. Choisissez l'outil adapté à votre besoin : écriture pour bio, style pour tatouage, pseudo de jeu stylé ou traducteur d'emoji. Copy and paste stylish Unicode fonts and symbols for bios, captions, usernames and posts — free, fast and right in your browser with UltraTextGen.",https://ultratextgen.com/fr/usecase/?utm_source=pinterest&utm_medium=social&utm_campaign=organic_pins&utm_content=fr-usecase,,"localized, que voulez-vous créer ?, fancy text generator, copy paste fonts, unicode fonts, copy and paste, ultratextgen"
Pseudo Fortnite Stylé — Copy and Paste Fonts,https://ultratextgen.com/assets/pinterest/fr-usecase-pseudo-fortnite.png,International Fancy Font Generators,,"Pseudo Fortnite Stylé. Symboles tryhard et pseudos 16 caractères. Copy and paste stylish Unicode fonts and symbols for bios, captions, usernames and posts — free, fast and right in your browser with UltraTextGen.",https://ultratextgen.com/fr/usecase/pseudo-fortnite/?utm_source=pinterest&utm_medium=social&utm_campaign=organic_pins&utm_content=fr-usecase-pseudo-fortnite,,"localized, pseudo fortnite stylé, fancy text generator, copy paste fonts, unicode fonts, copy and paste, ultratextgen"
Pseudo Free Fire Stylé — Copy and Paste Fonts,https://ultratextgen.com/assets/pinterest/fr-usecase-pseudo-free-fire.png,International Fancy Font Generators,,"Pseudo Free Fire Stylé. Symboles ombrelle et pseudos 12 caractères. Copy and paste stylish Unicode fonts and symbols for bios, captions, usernames and posts — free, fast and right in your browser with UltraTextGen.",https://ultratextgen.com/fr/usecase/pseudo-free-fire/?utm_source=pinterest&utm_medium=social&utm_campaign=organic_pins&utm_content=fr-usecase-pseudo-free-fire,,"localized, pseudo free fire stylé, fancy text generator, copy paste fonts, unicode fonts, copy and paste, ultratextgen"
Traducteur Emoji — Copy and Paste Fonts — UltraTextGen,https://ultratextgen.com/assets/pinterest/fr-usecase-traducteur-emoji.png,International Fancy Font Generators,,"Traducteur Emoji. Texte en emojis, et l'inverse. Copy and paste stylish Unicode fonts and symbols for bios, captions, usernames and posts — free, fast and right in your browser with UltraTextGen.",https://ultratextgen.com/fr/usecase/traducteur-emoji/?utm_source=pinterest&utm_medium=social&utm_campaign=organic_pins&utm_content=fr-usecase-traducteur-emoji,,"localized, traducteur emoji, fancy text generator, copy paste fonts, unicode fonts, copy and paste, ultratextgen"
Générateur de Texte Vertical — Copy and Paste Fonts,https://ultratextgen.com/assets/pinterest/fr-usecase-vertical-text.png,International Fancy Font Generators,,"Générateur de Texte Vertical. Empilez votre texte de haut en bas. Copy and paste stylish Unicode fonts and symbols for bios, captions, usernames and posts — free, fast and right in your browser with UltraTextGen.",https://ultratextgen.com/fr/usecase/vertical-text/?utm_source=pinterest&utm_medium=social&utm_campaign=organic_pins&utm_content=fr-usecase-vertical-text,,"localized, générateur de texte vertical, fancy text generator, copy paste fonts, unicode fonts, copy and paste, ultratextgen"
Générateur de Texte Zalgo — Copy and Paste Fonts,https://ultratextgen.com/assets/pinterest/fr-usecase-zalgo-text.png,International Fancy Font Generators,,"Générateur de Texte Zalgo. Créez du texte glitch et effrayant. Copy and paste stylish Unicode fonts and symbols for bios, captions, usernames and posts — free, fast and right in your browser with UltraTextGen.",https://ultratextgen.com/fr/usecase/zalgo-text/?utm_source=pinterest&utm_medium=social&utm_campaign=organic_pins&utm_content=fr-usecase-zalgo-text,,"localized, générateur de texte zalgo, fancy text generator, copy paste fonts, unicode fonts, copy and paste, ultratextgen"
Format a Bio Without Looking Spammy: A Practical Typography Guide,https://ultratextgen.com/assets/pinterest/guide-bio-formatting-without-spam.png,Font Guides & Typography Tips,,"Format a Bio Without Looking Spammy — The Restraint Framework for symbols. Learn how to use Unicode fonts and symbols for social bios, posts, comments and headlines, with copy-and-paste examples you can try right away on UltraTextGen.",https://ultratextgen.com/guide/bio-formatting-without-spam/?utm_source=pinterest&utm_medium=social&utm_campaign=organic_pins&utm_content=guide-bio-formatting-without-spam,,"guide, format a bio without looking spammy, font guide, typography tips, unicode fonts, copy and paste text, copy and paste, ultratextgen"
"Boxes, Mojibake, or a Question Mark?: A Practical Typography Guide",https://ultratextgen.com/assets/pinterest/guide-boxes-vs-mojibake-vs-question-marks.png,Font Guides & Typography Tips,,"Boxes, Mojibake, or a Question Mark? — Which breaks are fixable, which aren't. Learn how to use Unicode fonts and symbols for social bios, posts, comments and headlines, with copy-and-paste examples you can try right away on UltraTextGen.",https://ultratextgen.com/guide/boxes-vs-mojibake-vs-question-marks/?utm_source=pinterest&utm_medium=social&utm_campaign=organic_pins&utm_content=guide-boxes-vs-mojibake-vs-question-marks,,"guide, boxes, mojibake, or a question mark?, font guide, typography tips, unicode fonts, copy and paste text, copy and paste, ultratextgen"
Branding With Fonts: A Practical Typography Guide,https://ultratextgen.com/assets/pinterest/guide-branding-with-fonts-for-social-media.png,Font Guides & Typography Tips,,"Branding With Fonts — Turn Unicode styles into brand assets. Learn how to use Unicode fonts and symbols for social bios, posts, comments and headlines, with copy-and-paste examples you can try right away on UltraTextGen.",https://ultratextgen.com/guide/branding-with-fonts-for-social-media/?utm_source=pinterest&utm_medium=social&utm_campaign=organic_pins&utm_content=guide-branding-with-fonts-for-social-media,,"guide, branding with fonts, font guide, typography tips, unicode fonts, copy and paste text, copy and paste, ultratextgen"
Comments That Stand Out: A Practical Typography Guide,https://ultratextgen.com/assets/pinterest/guide-comments-that-stand-out.png,Font Guides & Typography Tips,,"Comments That Stand Out — A field guide to styled replies. Learn how to use Unicode fonts and symbols for social bios, posts, comments and headlines, with copy-and-paste examples you can try right away on UltraTextGen.",https://ultratextgen.com/guide/comments-that-stand-out/?utm_source=pinterest&utm_medium=social&utm_campaign=organic_pins&utm_content=guide-comments-that-stand-out,,"guide, comments that stand out, font guide, typography tips, unicode fonts, copy and paste text, copy and paste, ultratextgen"
Colored Text in Discord (ANSI): A Practical Typography Guide,https://ultratextgen.com/assets/pinterest/guide-discord-colored-text-guide.png,Font Guides & Typography Tips,,"Colored Text in Discord (ANSI) — What's possible, what breaks on mobile. Learn how to use Unicode fonts and symbols for social bios, posts, comments and headlines, with copy-and-paste examples you can try right away on UltraTextGen.",https://ultratextgen.com/guide/discord-colored-text-guide/?utm_source=pinterest&utm_medium=social&utm_campaign=organic_pins&utm_content=guide-discord-colored-text-guide,,"guide, colored text in discord (ansi), font guide, typography tips, unicode fonts, copy and paste text, copy and paste, ultratextgen"
Style a Discord Name Without Getting Filtered: A Practical Typography Guide,https://ultratextgen.com/assets/pinterest/guide-discord-safe-name-styling.png,Font Guides & Typography Tips,,"Style a Discord Name Without Getting Filtered — Member list, mentions & impersonation. Learn how to use Unicode fonts and symbols for social bios, posts, comments and headlines, with copy-and-paste examples you can try right away on UltraTextGen.",https://ultratextgen.com/guide/discord-safe-name-styling/?utm_source=pinterest&utm_medium=social&utm_campaign=organic_pins&utm_content=guide-discord-safe-name-styling,,"guide, style a discord name without getting filtered, font guide, typography tips, unicode fonts, copy and paste text, copy and paste, ultratextgen"
Discord Text Formatting Decoded: A Practical Typography Guide,https://ultratextgen.com/assets/pinterest/guide-discord-text-formatting-explained.png,Font Guides & Typography Tips,,"Discord Text Formatting Decoded — Markdown vs Unicode vs Nitro. Learn how to use Unicode fonts and symbols for social bios, posts, comments and headlines, with copy-and-paste examples you can try right away on UltraTextGen.",https://ultratextgen.com/guide/discord-text-formatting-explained/?utm_source=pinterest&utm_medium=social&utm_campaign=organic_pins&utm_content=guide-discord-text-formatting-explained,,"guide, discord text formatting decoded, font guide, typography tips, unicode fonts, copy and paste text, copy and paste, ultratextgen"
Where Fancy Fonts Work in Discord: A Practical Typography Guide,https://ultratextgen.com/assets/pinterest/guide-discord-where-fonts-work.png,Font Guides & Typography Tips,,"Where Fancy Fonts Work in Discord — The field-by-field permission map. Learn how to use Unicode fonts and symbols for social bios, posts, comments and headlines, with copy-and-paste examples you can try right away on UltraTextGen.",https://ultratextgen.com/guide/discord-where-fonts-work/?utm_source=pinterest&utm_medium=social&utm_campaign=organic_pins&utm_content=guide-discord-where-fonts-work,,"guide, where fancy fonts work in discord, font guide, typography tips, unicode fonts, copy and paste text, copy and paste, ultratextgen"
"Dividers, Separators & Headers: A Practical Typography Guide",https://ultratextgen.com/assets/pinterest/guide-dividers-separators-guide.png,Font Guides & Typography Tips,,"Dividers, Separators & Headers — Structure a bio or post with symbols. Learn how to use Unicode fonts and symbols for social bios, posts, comments and headlines, with copy-and-paste examples you can try right away on UltraTextGen.",https://ultratextgen.com/guide/dividers-separators-guide/?utm_source=pinterest&utm_medium=social&utm_campaign=organic_pins&utm_content=guide-dividers-separators-guide,,"guide, dividers, separators & headers, font guide, typography tips, unicode fonts, copy and paste text, copy and paste, ultratextgen"
Emoticon vs Emoji vs Kaomoji: A Practical Typography Guide,https://ultratextgen.com/assets/pinterest/guide-emoticon-vs-emoji-vs-kaomoji.png,Font Guides & Typography Tips,,"Emoticon vs Emoji vs Kaomoji — How three kinds of text faces differ. Learn how to use Unicode fonts and symbols for social bios, posts, comments and headlines, with copy-and-paste examples you can try right away on UltraTextGen.",https://ultratextgen.com/guide/emoticon-vs-emoji-vs-kaomoji/?utm_source=pinterest&utm_medium=social&utm_campaign=organic_pins&utm_content=guide-emoticon-vs-emoji-vs-kaomoji,,"guide, emoticon vs emoji vs kaomoji, font guide, typography tips, unicode fonts, copy and paste text, copy and paste, ultratextgen"
Are Fancy Fonts Bad for Accessibility?: A Practical Typography Guide,https://ultratextgen.com/assets/pinterest/guide-fancy-fonts-accessibility-guide.png,Font Guides & Typography Tips,,"Are Fancy Fonts Bad for Accessibility? — An honest guide for creators. Learn how to use Unicode fonts and symbols for social bios, posts, comments and headlines, with copy-and-paste examples you can try right away on UltraTextGen.",https://ultratextgen.com/guide/fancy-fonts-accessibility-guide/?utm_source=pinterest&utm_medium=social&utm_campaign=organic_pins&utm_content=guide-fancy-fonts-accessibility-guide,,"guide, are fancy fonts bad for accessibility?, font guide, typography tips, unicode fonts, copy and paste text, copy and paste, ultratextgen"
"Accents, Diacritics & Fancy Fonts: A Practical Typography Guide",https://ultratextgen.com/assets/pinterest/guide-fancy-fonts-and-accents.png,Font Guides & Typography Tips,,"Accents, Diacritics & Fancy Fonts — What keeps its marks and what breaks. Learn how to use Unicode fonts and symbols for social bios, posts, comments and headlines, with copy-and-paste examples you can try right away on UltraTextGen.",https://ultratextgen.com/guide/fancy-fonts-and-accents/?utm_source=pinterest&utm_medium=social&utm_campaign=organic_pins&utm_content=guide-fancy-fonts-and-accents,,"guide, accents, diacritics & fancy fonts, font guide, typography tips, unicode fonts, copy and paste text, copy and paste, ultratextgen"
Font Personality & Brand: A Practical Typography Guide,https://ultratextgen.com/assets/pinterest/guide-font-personality-and-brand.png,Font Guides & Typography Tips,,"Font Personality & Brand — Match a Unicode style to your identity. Learn how to use Unicode fonts and symbols for social bios, posts, comments and headlines, with copy-and-paste examples you can try right away on UltraTextGen.",https://ultratextgen.com/guide/font-personality-and-brand/?utm_source=pinterest&utm_medium=social&utm_campaign=organic_pins&utm_content=guide-font-personality-and-brand,,"guide, font personality & brand, font guide, typography tips, unicode fonts, copy and paste text, copy and paste, ultratextgen"
Will Fancy Text Make You Invisible?: A Practical Typography Guide,https://ultratextgen.com/assets/pinterest/guide-fonts-and-search-visibility.png,Font Guides & Typography Tips,,"Will Fancy Text Make You Invisible? — The SEO myths vs the real search costs. Learn how to use Unicode fonts and symbols for social bios, posts, comments and headlines, with copy-and-paste examples you can try right away on UltraTextGen.",https://ultratextgen.com/guide/fonts-and-search-visibility/?utm_source=pinterest&utm_medium=social&utm_campaign=organic_pins&utm_content=guide-fonts-and-search-visibility,,"guide, will fancy text make you invisible?, font guide, typography tips, unicode fonts, copy and paste text, copy and paste, ultratextgen"
Game Username Character Rules: A Practical Typography Guide,https://ultratextgen.com/assets/pinterest/guide-game-username-allowed-symbols.png,Font Guides & Typography Tips,,"Game Username Character Rules — Roblox, Fortnite, Valorant & COD. Learn how to use Unicode fonts and symbols for social bios, posts, comments and headlines, with copy-and-paste examples you can try right away on UltraTextGen.",https://ultratextgen.com/guide/game-username-allowed-symbols/?utm_source=pinterest&utm_medium=social&utm_campaign=organic_pins&utm_content=guide-game-username-allowed-symbols,,"guide, game username character rules, font guide, typography tips, unicode fonts, copy and paste text, copy and paste, ultratextgen"
How Unicode Text Styling Really Works: A Practical Typography Guide,https://ultratextgen.com/assets/pinterest/guide-how-unicode-fonts-work.png,Font Guides & Typography Tips,,"How Unicode Text Styling Really Works — The four layers behind every fancy font. Learn how to use Unicode fonts and symbols for social bios, posts, comments and headlines, with copy-and-paste examples you can try right away on UltraTextGen.",https://ultratextgen.com/guide/how-unicode-fonts-work/?utm_source=pinterest&utm_medium=social&utm_campaign=organic_pins&utm_content=guide-how-unicode-fonts-work,,"guide, how unicode text styling really works, font guide, typography tips, unicode fonts, copy and paste text, copy and paste, ultratextgen"
Guides for Expressive Typography — Copy and Paste Fonts,https://ultratextgen.com/assets/pinterest/guide.png,Font Guides & Typography Tips,,"Guides for Expressive Typography — Frameworks & playbooks for Unicode text. Learn how to use Unicode fonts and symbols for social bios, posts, comments and headlines, with copy-and-paste examples you can try right away on UltraTextGen.",https://ultratextgen.com/guide/?utm_source=pinterest&utm_medium=social&utm_campaign=organic_pins&utm_content=guide,,"guide, guides for expressive typography, font guide, typography tips, unicode fonts, copy and paste text, copy and paste, ultratextgen"
Why Your Instagram Bio Collapses: A Practical Typography Guide,https://ultratextgen.com/assets/pinterest/guide-instagram-bio-line-breaks.png,Font Guides & Typography Tips,,"Why Your Instagram Bio Collapses — Make line breaks and spacing stick. Learn how to use Unicode fonts and symbols for social bios, posts, comments and headlines, with copy-and-paste examples you can try right away on UltraTextGen.",https://ultratextgen.com/guide/instagram-bio-line-breaks/?utm_source=pinterest&utm_medium=social&utm_campaign=organic_pins&utm_content=guide-instagram-bio-line-breaks,,"guide, why your instagram bio collapses, font guide, typography tips, unicode fonts, copy and paste text, copy and paste, ultratextgen"
Instagram Font Ideas — Aesthetic Bio & Username Combinations: A Practical Typography Guide,https://ultratextgen.com/assets/pinterest/guide-instagram-font-ideas.png,Font Guides & Typography Tips,,"Instagram Font Ideas — Aesthetic Bio & Username Combinations — Instagram font ideas that actually work: aesthetic bio and username combinations, when each style fits your account, and how to use…. Learn how to use Unicode fonts and symbols for social bios, posts, comments and headlines, with…",https://ultratextgen.com/guide/instagram-font-ideas/?utm_source=pinterest&utm_medium=social&utm_campaign=organic_pins&utm_content=guide-instagram-font-ideas,,"guide, instagram font ideas — aesthetic bio & username combinations, font guide, typography tips, unicode fonts, copy and paste text, copy and paste, ultratextgen"
Do Fonts Get You Shadowbanned?: A Practical Typography Guide,https://ultratextgen.com/assets/pinterest/guide-instagram-fonts-shadowban-myth.png,Font Guides & Typography Tips,,"Do Fonts Get You Shadowbanned? — The myth, busted — and the real costs. Learn how to use Unicode fonts and symbols for social bios, posts, comments and headlines, with copy-and-paste examples you can try right away on UltraTextGen.",https://ultratextgen.com/guide/instagram-fonts-shadowban-myth/?utm_source=pinterest&utm_medium=social&utm_campaign=organic_pins&utm_content=guide-instagram-fonts-shadowban-myth,,"guide, do fonts get you shadowbanned?, font guide, typography tips, unicode fonts, copy and paste text, copy and paste, ultratextgen"
Does Bold Text Hurt LinkedIn Reach?: A Practical Typography Guide,https://ultratextgen.com/assets/pinterest/guide-linkedin-bold-text-reach.png,Font Guides & Typography Tips,,"Does Bold Text Hurt LinkedIn Reach? — What 1M+ posts reveal about the myth. Learn how to use Unicode fonts and symbols for social bios, posts, comments and headlines, with copy-and-paste examples you can try right away on UltraTextGen.",https://ultratextgen.com/guide/linkedin-bold-text-reach/?utm_source=pinterest&utm_medium=social&utm_campaign=organic_pins&utm_content=guide-linkedin-bold-text-reach,,"guide, does bold text hurt linkedin reach?, font guide, typography tips, unicode fonts, copy and paste text, copy and paste, ultratextgen"
LinkedIn Comment Styling Techniques (With Examples): A Practical Typography Guide,https://ultratextgen.com/assets/pinterest/guide-linkedin-comment-styling.png,Font Guides & Typography Tips,,"LinkedIn Comment Styling Techniques (With Examples) — How to style any LinkedIn comment with professional Unicode formatting — authority comments, emphasis, line breaks, separators and…. Learn how to use Unicode fonts and symbols for social bios, posts, comments and headlines, with…",https://ultratextgen.com/guide/linkedin-comment-styling/?utm_source=pinterest&utm_medium=social&utm_campaign=organic_pins&utm_content=guide-linkedin-comment-styling,,"guide, linkedin comment styling techniques (with examples), font guide, typography tips, unicode fonts, copy and paste text, copy and paste, ultratextgen"
LinkedIn Comment Archetypes: A Practical Typography Guide,https://ultratextgen.com/assets/pinterest/guide-linkedin-comments-guide.png,Font Guides & Typography Tips,,"LinkedIn Comment Archetypes — Comment like the top 1% of creators. Learn how to use Unicode fonts and symbols for social bios, posts, comments and headlines, with copy-and-paste examples you can try right away on UltraTextGen.",https://ultratextgen.com/guide/linkedin-comments-guide/?utm_source=pinterest&utm_medium=social&utm_campaign=organic_pins&utm_content=guide-linkedin-comments-guide,,"guide, linkedin comment archetypes, font guide, typography tips, unicode fonts, copy and paste text, copy and paste, ultratextgen"
Will Recruiters See Your Fancy Text?: A Practical Typography Guide,https://ultratextgen.com/assets/pinterest/guide-linkedin-fonts-recruiters-ats.png,Font Guides & Typography Tips,,"Will Recruiters See Your Fancy Text? — LinkedIn search, ATS parsing & your name. Learn how to use Unicode fonts and symbols for social bios, posts, comments and headlines, with copy-and-paste examples you can try right away on UltraTextGen.",https://ultratextgen.com/guide/linkedin-fonts-recruiters-ats/?utm_source=pinterest&utm_medium=social&utm_campaign=organic_pins&utm_content=guide-linkedin-fonts-recruiters-ats,,"guide, will recruiters see your fancy text?, font guide, typography tips, unicode fonts, copy and paste text, copy and paste, ultratextgen"
Personal Branding Through Typography — Copy and Paste Fonts,https://ultratextgen.com/assets/pinterest/guide-personal-branding-through-typography.png,Font Guides & Typography Tips,,"Personal Branding Through Typography — Make your formatting a signature. Learn how to use Unicode fonts and symbols for social bios, posts, comments and headlines, with copy-and-paste examples you can try right away on UltraTextGen.",https://ultratextgen.com/guide/personal-branding-through-typography/?utm_source=pinterest&utm_medium=social&utm_campaign=organic_pins&utm_content=guide-personal-branding-through-typography,,"guide, personal branding through typography, font guide, typography tips, unicode fonts, copy and paste text, copy and paste, ultratextgen"
Stop the Scroll: A Practical Typography Guide,https://ultratextgen.com/assets/pinterest/guide-stop-the-scroll-with-font-variation.png,Font Guides & Typography Tips,,"Stop the Scroll — Font variation that makes posts scannable. Learn how to use Unicode fonts and symbols for social bios, posts, comments and headlines, with copy-and-paste examples you can try right away on UltraTextGen.",https://ultratextgen.com/guide/stop-the-scroll-with-font-variation/?utm_source=pinterest&utm_medium=social&utm_campaign=organic_pins&utm_content=guide-stop-the-scroll-with-font-variation,,"guide, stop the scroll, font guide, typography tips, unicode fonts, copy and paste text, copy and paste, ultratextgen"
Style Your LinkedIn Hooks: A Practical Typography Guide,https://ultratextgen.com/assets/pinterest/guide-style-linkedin-hooks-to-stand-out.png,Font Guides & Typography Tips,,"Style Your LinkedIn Hooks — Scroll-stopping first lines. Learn how to use Unicode fonts and symbols for social bios, posts, comments and headlines, with copy-and-paste examples you can try right away on UltraTextGen.",https://ultratextgen.com/guide/style-linkedin-hooks-to-stand-out/?utm_source=pinterest&utm_medium=social&utm_campaign=organic_pins&utm_content=guide-style-linkedin-hooks-to-stand-out,,"guide, style your linkedin hooks, font guide, typography tips, unicode fonts, copy and paste text, copy and paste, ultratextgen"
The Rhetoric of Fonts: A Practical Typography Guide,https://ultratextgen.com/assets/pinterest/guide-the-rhetoric-of-fonts.png,Font Guides & Typography Tips,,"The Rhetoric of Fonts — The meaning behind every Unicode style. Learn how to use Unicode fonts and symbols for social bios, posts, comments and headlines, with copy-and-paste examples you can try right away on UltraTextGen.",https://ultratextgen.com/guide/the-rhetoric-of-fonts/?utm_source=pinterest&utm_medium=social&utm_campaign=organic_pins&utm_content=guide-the-rhetoric-of-fonts,,"guide, the rhetoric of fonts, font guide, typography tips, unicode fonts, copy and paste text, copy and paste, ultratextgen"
Why Did TikTok Change My Font?: A Practical Typography Guide,https://ultratextgen.com/assets/pinterest/guide-tiktok-font-changed.png,Font Guides & Typography Tips,,"Why Did TikTok Change My Font? — TikTok Sans vs the fonts you control. Learn how to use Unicode fonts and symbols for social bios, posts, comments and headlines, with copy-and-paste examples you can try right away on UltraTextGen.",https://ultratextgen.com/guide/tiktok-font-changed/?utm_source=pinterest&utm_medium=social&utm_campaign=organic_pins&utm_content=guide-tiktok-font-changed,,"guide, why did tiktok change my font?, font guide, typography tips, unicode fonts, copy and paste text, copy and paste, ultratextgen"
How New Unicode Symbols Get Approved: A Practical Typography Guide,https://ultratextgen.com/assets/pinterest/guide-unicode-symbol-approval-process.png,Font Guides & Typography Tips,,"How New Unicode Symbols Get Approved — The real proposal-to-code-point pipeline. Learn how to use Unicode fonts and symbols for social bios, posts, comments and headlines, with copy-and-paste examples you can try right away on UltraTextGen.",https://ultratextgen.com/guide/unicode-symbol-approval-process/?utm_source=pinterest&utm_medium=social&utm_campaign=organic_pins&utm_content=guide-unicode-symbol-approval-process,,"guide, how new unicode symbols get approved, font guide, typography tips, unicode fonts, copy and paste text, copy and paste, ultratextgen"
Vertical Text: A Practical Typography Guide,https://ultratextgen.com/assets/pinterest/guide-vertical-text-guide.png,Font Guides & Typography Tips,,"Vertical Text — The science of reading disruption. Learn how to use Unicode fonts and symbols for social bios, posts, comments and headlines, with copy-and-paste examples you can try right away on UltraTextGen.",https://ultratextgen.com/guide/vertical-text-guide/?utm_source=pinterest&utm_medium=social&utm_campaign=organic_pins&utm_content=guide-vertical-text-guide,,"guide, vertical text, font guide, typography tips, unicode fonts, copy and paste text, copy and paste, ultratextgen"
"WhatsApp Text Formatting Explained: Bold, Italic & Unicode Fonts: A Practical",https://ultratextgen.com/assets/pinterest/guide-whatsapp-text-formatting-explained.png,Font Guides & Typography Tips,,"WhatsApp Text Formatting Explained: Bold, Italic & Unicode Fonts — How WhatsApp's *bold*, _italic_, ~strike~ and monospace markdown actually works, exactly where it renders, and how to use Unicode fonts…. Learn how to use Unicode fonts and symbols for social bios, posts, comments and headlines,…",https://ultratextgen.com/guide/whatsapp-text-formatting-explained/?utm_source=pinterest&utm_medium=social&utm_campaign=organic_pins&utm_content=guide-whatsapp-text-formatting-explained,,"guide, whatsapp text formatting explained: bold, italic & unicode fonts, font guide, typography tips, unicode fonts, copy and paste text, copy and paste, ultratextgen"
Why Fonts Show as Boxes: A Practical Typography Guide,https://ultratextgen.com/assets/pinterest/guide-why-fonts-show-as-boxes.png,Font Guides & Typography Tips,,"Why Fonts Show as Boxes — Which Unicode styles are safe everywhere. Learn how to use Unicode fonts and symbols for social bios, posts, comments and headlines, with copy-and-paste examples you can try right away on UltraTextGen.",https://ultratextgen.com/guide/why-fonts-show-as-boxes/?utm_source=pinterest&utm_medium=social&utm_campaign=organic_pins&utm_content=guide-why-fonts-show-as-boxes,,"guide, why fonts show as boxes, font guide, typography tips, unicode fonts, copy and paste text, copy and paste, ultratextgen"
Discord में fancy fonts कहां काम करते हैं: फील्ड-दर-फील्ड map — Copy and Paste Fonts,https://ultratextgen.com/assets/pinterest/hi-guide-discord-font-kahan-kaam-karte-hain.png,International Fancy Font Generators,,"Discord में fancy fonts कहां काम करते हैं: फील्ड-दर-फील्ड map. Discord आपके username को invalid क्यों बताता है, channel नाम के capitals क्यों गायब हो जाते हैं, और कौन-से fields Unicode fonts स्वीकार…. Copy and paste stylish Unicode fonts and symbols for bios, captions, usernames and posts —…",https://ultratextgen.com/hi/guide/discord-font-kahan-kaam-karte-hain/?utm_source=pinterest&utm_medium=social&utm_campaign=organic_pins&utm_content=hi-guide-discord-font-kahan-kaam-karte-hain,,"localized, discord में fancy fonts कहां काम करते हैं: फील्ड-दर-फील्ड map, fancy text generator, copy paste fonts, unicode fonts, copy and paste, ultratextgen"
Discord नाम कैसे स्टाइल करें बिना फिल्टर में फंसे — Copy and Paste Fonts,https://ultratextgen.com/assets/pinterest/hi-guide-discord-safe-naam-styling.png,International Fancy Font Generators,,"Discord नाम कैसे स्टाइल करें बिना फिल्टर में फंसे. स्टाइलिश Discord नाम भी तीन चुपचाप टेस्ट में फेल हो सकता है: member list, @mention और impersonation फिल्टर। इसे सुंदर, पढ़ने लायक और…. Copy and paste stylish Unicode fonts and symbols for bios, captions, usernames and posts — free, fast and…",https://ultratextgen.com/hi/guide/discord-safe-naam-styling/?utm_source=pinterest&utm_medium=social&utm_campaign=organic_pins&utm_content=hi-guide-discord-safe-naam-styling,,"localized, discord नाम कैसे स्टाइल करें बिना फिल्टर में फंसे, fancy text generator, copy paste fonts, unicode fonts, copy and paste, ultratextgen"
Discord टेक्स्ट फॉर्मेटिंग समझें: Markdown बनाम Unicode बनाम Nitro — Copy and Paste Fonts,https://ultratextgen.com/assets/pinterest/hi-guide-discord-text-formatting-samjhein.png,International Fancy Font Generators,,"Discord टेक्स्ट फॉर्मेटिंग समझें: Markdown बनाम Unicode बनाम Nitro. Discord chat में bold काम करता है पर username में क्यों नहीं — Discord के तीन अलग टेक्स्ट system (Markdown, Unicode fonts, Nitro), और हर…. Copy and paste stylish Unicode fonts and symbols for bios, captions, usernames and posts…",https://ultratextgen.com/hi/guide/discord-text-formatting-samjhein/?utm_source=pinterest&utm_medium=social&utm_campaign=organic_pins&utm_content=hi-guide-discord-text-formatting-samjhein,,"localized, discord टेक्स्ट फॉर्मेटिंग समझें: markdown बनाम unicode बनाम nitro, fancy text generator, copy paste fonts, unicode fonts, copy and paste, ultratextgen"
UltraTextGen गाइड — स्टाइलिश टाइपोग्राफी में महारत — Copy and Paste Fonts,https://ultratextgen.com/assets/pinterest/hi-guide.png,International Fancy Font Generators,,"UltraTextGen गाइड — स्टाइलिश टाइपोग्राफी में महारत. UltraTextGen के हिंदी गाइड: Unicode fonts समझें और उनमें महारत पाएं, अपना Discord nickname और server स्टाइल करें, और स्टाइलिश टेक्स्ट का…. Copy and paste stylish Unicode fonts and symbols for bios, captions, usernames and posts — free, fast and…",https://ultratextgen.com/hi/guide/?utm_source=pinterest&utm_medium=social&utm_campaign=organic_pins&utm_content=hi-guide,,"localized, ultratextgen गाइड — स्टाइलिश टाइपोग्राफी में महारत, fancy text generator, copy paste fonts, unicode fonts, copy and paste, ultratextgen"
"स्टाइलिश टेक्स्ट जनरेटर — फैंसी फॉन्ट कॉपी पेस्ट (Free Fire, BGMI, Insta) — Copy and",https://ultratextgen.com/assets/pinterest/hi.png,International Fancy Font Generators,,"स्टाइलिश टेक्स्ट जनरेटर — फैंसी फॉन्ट कॉपी पेस्ट (Free Fire, BGMI, Insta). स्टाइलिश टेक्स्ट और फैंसी फॉन्ट जनरेटर — नाम टाइप करें, स्टाइल चुनें, कॉपी करें और Free Fire, BGMI/PUBG निकनेम, Instagram बायो, WhatsApp…. Copy and paste stylish Unicode fonts and symbols for bios, captions, usernames and…",https://ultratextgen.com/hi/?utm_source=pinterest&utm_medium=social&utm_campaign=organic_pins&utm_content=hi,,"localized, स्टाइलिश टेक्स्ट जनरेटर — फैंसी फॉन्ट कॉपी पेस्ट (free fire, bgmi, insta), fancy text generator, copy paste fonts, unicode fonts, copy and paste, ultratextgen"
इमोजी अनुवादक — Copy and Paste Fonts — UltraTextGen,https://ultratextgen.com/assets/pinterest/hi-usecase-emoji-anuvadak.png,International Fancy Font Generators,,"इमोजी अनुवादक. टेक्स्ट से इमोजी, और वापस. Copy and paste stylish Unicode fonts and symbols for bios, captions, usernames and posts — free, fast and right in your browser with UltraTextGen.",https://ultratextgen.com/hi/usecase/emoji-anuvadak/?utm_source=pinterest&utm_medium=social&utm_campaign=organic_pins&utm_content=hi-usecase-emoji-anuvadak,,"localized, इमोजी अनुवादक, fancy text generator, copy paste fonts, unicode fonts, copy and paste, ultratextgen"
फ्री फायर स्टाइलिश नाम: छाता सिंबल ꧁꧂ & Free Fire नेम जनरेटर — Copy and Paste Fonts,https://ultratextgen.com/assets/pinterest/hi-usecase-free-fire-naam-stylish.png,International Fancy Font Generators,,"फ्री फायर स्टाइलिश नाम: छाता सिंबल ꧁꧂ & Free Fire नेम जनरेटर. फ्री फायर स्टाइलिश नाम बनाएं — छाता सिंबल ꧁༒꧂, मुकुट और katakana के साथ। नाम टाइप करें, कॉपी करें, Free Fire में पेस्ट करें। लड़कों…. Copy and paste stylish Unicode fonts and symbols for bios, captions, usernames and posts — free,…",https://ultratextgen.com/hi/usecase/free-fire-naam-stylish/?utm_source=pinterest&utm_medium=social&utm_campaign=organic_pins&utm_content=hi-usecase-free-fire-naam-stylish,,"localized, फ्री फायर स्टाइलिश नाम: छाता सिंबल ꧁꧂ & free fire नेम जनरेटर, fancy text generator, copy paste fonts, unicode fonts, copy and paste, ultratextgen"
PUBG / BGMI स्टाइलिश नाम: जापानी सिंबल 亗 メ & निकनेम जनरेटर — Copy and Paste Fonts,https://ultratextgen.com/assets/pinterest/hi-usecase-pubg-bgmi-naam-stylish.png,International Fancy Font Generators,,"PUBG / BGMI स्टाइलिश नाम: जापानी सिंबल 亗 メ & निकनेम जनरेटर. PUBG और BGMI स्टाइलिश नाम बनाएं — जापानी सिंबल 亗 メ 彡, छाता ꧁꧂ और Unicode फॉन्ट के साथ। निकनेम टाइप करें, कॉपी करें, PUBG Mobile / BGMI…. Copy and paste stylish Unicode fonts and symbols for bios, captions, usernames and posts — free,…",https://ultratextgen.com/hi/usecase/pubg-bgmi-naam-stylish/?utm_source=pinterest&utm_medium=social&utm_campaign=organic_pins&utm_content=hi-usecase-pubg-bgmi-naam-stylish,,"localized, pubg / bgmi स्टाइलिश नाम: जापानी सिंबल 亗 メ & निकनेम जनरेटर, fancy text generator, copy paste fonts, unicode fonts, copy and paste, ultratextgen"
स्टाइलिश नाम जनरेटर ꧁꧂ — फैंसी नाम & निकनेम (कॉपी पेस्ट) — Copy and Paste Fonts,https://ultratextgen.com/assets/pinterest/hi-usecase-stylish-naam-generator.png,International Fancy Font Generators,,"स्टाइलिश नाम जनरेटर ꧁꧂ — फैंसी नाम & निकनेम (कॉपी पेस्ट). स्टाइलिश नाम जनरेटर — फैंसी नाम, यूनिक नाम और aesthetic निकनेम ꧁꧂ ★彡। नाम टाइप करें, फॉन्ट चुनें, कॉपी करें — गेम (Free Fire, BGMI, ML)…. Copy and paste stylish Unicode fonts and symbols for bios, captions, usernames and posts — free,…",https://ultratextgen.com/hi/usecase/stylish-naam-generator/?utm_source=pinterest&utm_medium=social&utm_campaign=organic_pins&utm_content=hi-usecase-stylish-naam-generator,,"localized, स्टाइलिश नाम जनरेटर ꧁꧂ — फैंसी नाम & निकनेम (कॉपी पेस्ट), fancy text generator, copy paste fonts, unicode fonts, copy and paste, ultratextgen"
Fontovi za Discord: Slova za Nadimak i Bio (Bez Nitra) — Fontovi za Discord besplatno,https://ultratextgen.com/assets/pinterest/hr-fontovi-za-discord.png,International Fancy Font Generators,,"Fontovi za Discord: Slova za Nadimak i Bio (Bez Nitra). Fontovi za Discord besplatno: pretvori ime u 𝗽𝗼𝗱𝗲𝗯𝗹𝗷𝗮𝗻𝗼, 𝓴𝓾𝓻𝔃𝓲𝓿 ili 𝔤𝔬𝔱𝔦𝔠𝔲 i zalijepi u nadimak, u odjeljak „O meni” i u chat. Fontovi…. Copy and paste stylish Unicode fonts and symbols for bios, captions, usernames and posts — free, fast…",https://ultratextgen.com/hr/fontovi-za-discord/?utm_source=pinterest&utm_medium=social&utm_campaign=organic_pins&utm_content=hr-fontovi-za-discord,,"localized, fontovi za discord: slova za nadimak i bio (bez nitra), fancy text generator, copy paste fonts, unicode fonts, copy and paste, ultratextgen"
Fontovi za Instagram: lijepa slova za bio i opise — Fontovi za Instagram besplatno,https://ultratextgen.com/assets/pinterest/hr-fontovi-za-instagram.png,International Fancy Font Generators,,"Fontovi za Instagram: lijepa slova za bio i opise. Fontovi za Instagram besplatno: pretvori tekst u 𝗽𝗼𝗱𝗲𝗯𝗹𝗷𝗮𝗻𝗼, 𝘬𝘶𝘳𝘻𝘪𝘷 ili 𝓴𝓪𝓵𝓲𝓰𝓻𝓪𝓯𝓲𝓳𝓾 i zalijepi u bio, u ime profila, u opis i u…. Copy and paste stylish Unicode fonts and symbols for bios, captions, usernames and posts — free, fast and right in…",https://ultratextgen.com/hr/fontovi-za-instagram/?utm_source=pinterest&utm_medium=social&utm_campaign=organic_pins&utm_content=hr-fontovi-za-instagram,,"localized, fontovi za instagram: lijepa slova za bio i opise, fancy text generator, copy paste fonts, unicode fonts, copy and paste, ultratextgen"
Generator Nadimaka — Copy and Paste Fonts,https://ultratextgen.com/assets/pinterest/hr-generator-nadimaka.png,International Fancy Font Generators,,"Generator Nadimaka. Fensi nadimci za igre. Copy and paste stylish Unicode fonts and symbols for bios, captions, usernames and posts — free, fast and right in your browser with UltraTextGen.",https://ultratextgen.com/hr/generator-nadimaka/?utm_source=pinterest&utm_medium=social&utm_campaign=organic_pins&utm_content=hr-generator-nadimaka,,"localized, generator nadimaka, fancy text generator, copy paste fonts, unicode fonts, copy and paste, ultratextgen"
Generator Gotičkih Slova — 𝔤𝔬𝔱𝔦𝔠𝔞 za kopiranje — Besplatan generator gotičkih slova,https://ultratextgen.com/assets/pinterest/hr-goticka-slova.png,International Fancy Font Generators,,"Generator Gotičkih Slova — 𝔤𝔬𝔱𝔦𝔠𝔞 za kopiranje. Besplatan generator gotičkih slova: pretvori tekst u gotičke Unicode znakove (fraktura) za kopiranje i lijepljenje — u bio na…. Copy and paste stylish Unicode fonts and symbols for bios, captions, usernames and posts — free, fast and right in your…",https://ultratextgen.com/hr/goticka-slova/?utm_source=pinterest&utm_medium=social&utm_campaign=organic_pins&utm_content=hr-goticka-slova,,"localized, generator gotičkih slova — 𝔤𝔬𝔱𝔦𝔠𝔞 za kopiranje, fancy text generator, copy paste fonts, unicode fonts, copy and paste, ultratextgen"
Gdje rade fontovi na Discordu: karta polje po polje — Copy and Paste Fonts,https://ultratextgen.com/assets/pinterest/hr-guide-gdje-rade-fontovi-na-discordu.png,International Fancy Font Generators,,"Gdje rade fontovi na Discordu: karta polje po polje. Zašto Discord kaže da je korisničko ime nevažeće, zašto je naziv kanala izgubio velika slova i koja polja točno primaju Unicode fontove…. Copy and paste stylish Unicode fonts and symbols for bios, captions, usernames and posts — free, fast and…",https://ultratextgen.com/hr/guide/gdje-rade-fontovi-na-discordu/?utm_source=pinterest&utm_medium=social&utm_campaign=organic_pins&utm_content=hr-guide-gdje-rade-fontovi-na-discordu,,"localized, gdje rade fontovi na discordu: karta polje po polje, fancy text generator, copy paste fonts, unicode fonts, copy and paste, ultratextgen"
Vodiči UltraTextGen — ovladaj stiliziranom tipografijom — Vodiči UltraTextGen na hrvatskom,https://ultratextgen.com/assets/pinterest/hr-guide.png,International Fancy Font Generators,,"Vodiči UltraTextGen — ovladaj stiliziranom tipografijom. Vodiči UltraTextGen na hrvatskom: razumij i ovladaj Unicode fontovima, stiliziraj nadimak i server na Discordu te izvuci najviše iz…. Copy and paste stylish Unicode fonts and symbols for bios, captions, usernames and posts — free, fast and…",https://ultratextgen.com/hr/guide/?utm_source=pinterest&utm_medium=social&utm_campaign=organic_pins&utm_content=hr-guide,,"localized, vodiči ultratextgen — ovladaj stiliziranom tipografijom, fancy text generator, copy paste fonts, unicode fonts, copy and paste, ultratextgen"
Oblikovanje teksta na Discordu: Markdown vs Unicode vs Nitro — Copy and Paste Fonts,https://ultratextgen.com/assets/pinterest/hr-guide-oblikovanje-teksta-na-discordu.png,International Fancy Font Generators,,"Oblikovanje teksta na Discordu: Markdown vs Unicode vs Nitro. Zašto podebljanje radi u Discord chatu, a ne u korisničkom imenu — tri različita sustava za tekst koja Discord koristi (Markdown…. Copy and paste stylish Unicode fonts and symbols for bios, captions, usernames and posts — free, fast…",https://ultratextgen.com/hr/guide/oblikovanje-teksta-na-discordu/?utm_source=pinterest&utm_medium=social&utm_campaign=organic_pins&utm_content=hr-guide-oblikovanje-teksta-na-discordu,,"localized, oblikovanje teksta na discordu: markdown vs unicode vs nitro, fancy text generator, copy paste fonts, unicode fonts, copy and paste, ultratextgen"
Siguran nadimak na Discordu bez filtriranja — Copy and Paste Fonts,https://ultratextgen.com/assets/pinterest/hr-guide-siguran-nadimak-na-discordu.png,International Fancy Font Generators,,"Siguran nadimak na Discordu bez filtriranja. Stilizirano ime na Discordu i dalje može pasti na tri tiha testa: popis članova, @spominjanje i filtar za lažno predstavljanje. Evo kako…. Copy and paste stylish Unicode fonts and symbols for bios, captions, usernames and posts — free, fast and right…",https://ultratextgen.com/hr/guide/siguran-nadimak-na-discordu/?utm_source=pinterest&utm_medium=social&utm_campaign=organic_pins&utm_content=hr-guide-siguran-nadimak-na-discordu,,"localized, siguran nadimak na discordu bez filtriranja, fancy text generator, copy paste fonts, unicode fonts, copy and paste, ultratextgen"
"Lijepi Fontovi i Stilizirana Slova za Kopiranje — Slova za Instagram, TikTok i Nadimke ·",https://ultratextgen.com/assets/pinterest/hr.png,International Fancy Font Generators,,"Lijepi Fontovi i Stilizirana Slova za Kopiranje — Slova za Instagram, TikTok i Nadimke. Generator lijepih fontova, estetskih slova i stiliziranog teksta za kopiranje. Podebljano, kurziv, gotica, balončasta, Zalgo i simboli —…. Copy and paste stylish Unicode fonts and symbols for bios, captions,…",https://ultratextgen.com/hr/?utm_source=pinterest&utm_medium=social&utm_campaign=organic_pins&utm_content=hr,,"localized, lijepi fontovi i stilizirana slova za kopiranje — slova za instagram, tiktok i nadimke, fancy text generator, copy paste fonts, unicode fonts, copy and paste, ultratextgen"
Generator Kurziva — 𝘬𝘶𝘳𝘻𝘪𝘷 za kopiranje — Besplatan generator kurziva: pretvori,https://ultratextgen.com/assets/pinterest/hr-kurziv.png,International Fancy Font Generators,,"Generator Kurziva — 𝘬𝘶𝘳𝘻𝘪𝘷 za kopiranje. Besplatan generator kurziva: pretvori tekst u ukošena Unicode slova za kopiranje i lijepljenje — u bio na Instagramu, WhatsApp, TikTok…. Copy and paste stylish Unicode fonts and symbols for bios, captions, usernames and posts — free, fast and right in…",https://ultratextgen.com/hr/kurziv/?utm_source=pinterest&utm_medium=social&utm_campaign=organic_pins&utm_content=hr-kurziv,,"localized, generator kurziva — 𝘬𝘶𝘳𝘻𝘪𝘷 za kopiranje, fancy text generator, copy paste fonts, unicode fonts, copy and paste, ultratextgen"
Generator Malih Slova — ᴍᴀʟᴀ sʟᴏᴠᴀ i kapitalke za kopiranje — Besplatan generator malih,https://ultratextgen.com/assets/pinterest/hr-mala-slova.png,International Fancy Font Generators,,"Generator Malih Slova — ᴍᴀʟᴀ sʟᴏᴠᴀ i kapitalke za kopiranje. Besplatan generator malih slova: pretvori tekst u mali Unicode tekst i kapitalke za kopiranje i lijepljenje — u bio na Instagramu…. Copy and paste stylish Unicode fonts and symbols for bios, captions, usernames and posts — free, fast…",https://ultratextgen.com/hr/mala-slova/?utm_source=pinterest&utm_medium=social&utm_campaign=organic_pins&utm_content=hr-mala-slova,,"localized, generator malih slova — ᴍᴀʟᴀ sʟᴏᴠᴀ i kapitalke za kopiranje, fancy text generator, copy paste fonts, unicode fonts, copy and paste, ultratextgen"
Generator Podebljanih Slova — 𝐩𝐨𝐝𝐞𝐛𝐥𝐣𝐚𝐧𝐚 𝐬𝐥𝐨𝐯𝐚 za kopiranje — Besplatan generator,https://ultratextgen.com/assets/pinterest/hr-podebljana-slova.png,International Fancy Font Generators,,"Generator Podebljanih Slova — 𝐩𝐨𝐝𝐞𝐛𝐥𝐣𝐚𝐧𝐚 𝐬𝐥𝐨𝐯𝐚 za kopiranje. Besplatan generator podebljanih slova: pretvori tekst u podebljane Unicode znakove za kopiranje i lijepljenje — u bio na Instagramu…. Copy and paste stylish Unicode fonts and symbols for bios, captions, usernames and posts — free, fast…",https://ultratextgen.com/hr/podebljana-slova/?utm_source=pinterest&utm_medium=social&utm_campaign=organic_pins&utm_content=hr-podebljana-slova,,"localized, generator podebljanih slova — 𝐩𝐨𝐝𝐞𝐛𝐥𝐣𝐚𝐧𝐚 𝐬𝐥𝐨𝐯𝐚 za kopiranje, fancy text generator, copy paste fonts, unicode fonts, copy and paste, ultratextgen"
Posebni Znakovi — Copy and Paste Fonts — UltraTextGen,https://ultratextgen.com/assets/pinterest/hr-posebni-znakovi.png,International Fancy Font Generators,,"Posebni Znakovi. Simboli za kopiranje. Copy and paste stylish Unicode fonts and symbols for bios, captions, usernames and posts — free, fast and right in your browser with UltraTextGen.",https://ultratextgen.com/hr/posebni-znakovi/?utm_source=pinterest&utm_medium=social&utm_campaign=organic_pins&utm_content=hr-posebni-znakovi,,"localized, posebni znakovi, fancy text generator, copy paste fonts, unicode fonts, copy and paste, ultratextgen"
Apró Betűk Generátor — ᴀᴘʀᴏ ʙᴇᴛᴜᴋ és kiskapitális másoláshoz — Copy and Paste Fonts,https://ultratextgen.com/assets/pinterest/hu-apro-betuk.png,International Fancy Font Generators,,"Apró Betűk Generátor — ᴀᴘʀᴏ ʙᴇᴛᴜᴋ és kiskapitális másoláshoz. Ingyenes apró betűk generátor: alakítsd a szöveget kicsi Unicode szöveggé és kiskapitálissá másoláshoz és beillesztéshez — Instagram…. Copy and paste stylish Unicode fonts and symbols for bios, captions, usernames and posts — free,…",https://ultratextgen.com/hu/apro-betuk/?utm_source=pinterest&utm_medium=social&utm_campaign=organic_pins&utm_content=hu-apro-betuk,,"localized, apró betűk generátor — ᴀᴘʀᴏ ʙᴇᴛᴜᴋ és kiskapitális másoláshoz, fancy text generator, copy paste fonts, unicode fonts, copy and paste, ultratextgen"
Becenév Generátor — Copy and Paste Fonts,https://ultratextgen.com/assets/pinterest/hu-becenev-generator.png,International Fancy Font Generators,,"Becenév Generátor. Menő nevek és nickek játékokhoz. Copy and paste stylish Unicode fonts and symbols for bios, captions, usernames and posts — free, fast and right in your browser with UltraTextGen.",https://ultratextgen.com/hu/becenev-generator/?utm_source=pinterest&utm_medium=social&utm_campaign=organic_pins&utm_content=hu-becenev-generator,,"localized, becenév generátor, fancy text generator, copy paste fonts, unicode fonts, copy and paste, ultratextgen"
Discord Betűtípusok: Betűk Becenévhez és Bióhoz (Nitro Nélkül) — Copy and Paste Fonts,https://ultratextgen.com/assets/pinterest/hu-discord-betutipusok.png,International Fancy Font Generators,,"Discord Betűtípusok: Betűk Becenévhez és Bióhoz (Nitro Nélkül). Discord betűtípusok ingyen: alakítsd a neved 𝗳𝗲𝗹𝗸𝗼𝘃𝗲𝗿, 𝓭𝓸𝓵𝓽 vagy 𝔤𝔬𝔱𝔦𝔨𝔲𝔰 betűkké, és illeszd be a becenévbe, a „Névjegyben”-be és a…. Copy and paste stylish Unicode fonts and symbols for bios, captions, usernames and posts — free,…",https://ultratextgen.com/hu/discord-betutipusok/?utm_source=pinterest&utm_medium=social&utm_campaign=organic_pins&utm_content=hu-discord-betutipusok,,"localized, discord betűtípusok: betűk becenévhez és bióhoz (nitro nélkül), fancy text generator, copy paste fonts, unicode fonts, copy and paste, ultratextgen"
Dőlt Szöveg Generátor — 𝘥𝘰𝘭𝘵 betűk másoláshoz — Copy and Paste Fonts,https://ultratextgen.com/assets/pinterest/hu-dolt-szoveg.png,International Fancy Font Generators,,"Dőlt Szöveg Generátor — 𝘥𝘰𝘭𝘵 betűk másoláshoz. Ingyenes dőlt szöveg generátor: alakítsd a szöveget dőlt Unicode karakterekké másoláshoz és beillesztéshez — Instagram bióba…. Copy and paste stylish Unicode fonts and symbols for bios, captions, usernames and posts — free, fast and right in your…",https://ultratextgen.com/hu/dolt-szoveg/?utm_source=pinterest&utm_medium=social&utm_campaign=organic_pins&utm_content=hu-dolt-szoveg,,"localized, dőlt szöveg generátor — 𝘥𝘰𝘭𝘵 betűk másoláshoz, fancy text generator, copy paste fonts, unicode fonts, copy and paste, ultratextgen"
Félkövér Szöveg Generátor — 𝗳𝗲𝗹𝗸𝗼𝘃𝗲𝗿 betűk másoláshoz — Copy and Paste Fonts,https://ultratextgen.com/assets/pinterest/hu-felkover-szoveg.png,International Fancy Font Generators,,"Félkövér Szöveg Generátor — 𝗳𝗲𝗹𝗸𝗼𝘃𝗲𝗿 betűk másoláshoz. Ingyenes félkövér szöveg generátor: alakítsd a szöveget félkövér Unicode karakterekké másoláshoz és beillesztéshez — Instagram bióba…. Copy and paste stylish Unicode fonts and symbols for bios, captions, usernames and posts — free, fast and…",https://ultratextgen.com/hu/felkover-szoveg/?utm_source=pinterest&utm_medium=social&utm_campaign=organic_pins&utm_content=hu-felkover-szoveg,,"localized, félkövér szöveg generátor — 𝗳𝗲𝗹𝗸𝗼𝘃𝗲𝗿 betűk másoláshoz, fancy text generator, copy paste fonts, unicode fonts, copy and paste, ultratextgen"
Gotikus Betűk Generátor — 𝔤𝔬𝔱𝔦𝔨𝔲𝔰 betűtípus másoláshoz — Copy and Paste Fonts,https://ultratextgen.com/assets/pinterest/hu-gotikus-betuk.png,International Fancy Font Generators,,"Gotikus Betűk Generátor — 𝔤𝔬𝔱𝔦𝔨𝔲𝔰 betűtípus másoláshoz. Ingyenes gotikus betűk generátor: alakítsd a szöveget gotikus Unicode karakterekké (fraktúr) másoláshoz és beillesztéshez — Instagram…. Copy and paste stylish Unicode fonts and symbols for bios, captions, usernames and posts — free, fast…",https://ultratextgen.com/hu/gotikus-betuk/?utm_source=pinterest&utm_medium=social&utm_campaign=organic_pins&utm_content=hu-gotikus-betuk,,"localized, gotikus betűk generátor — 𝔤𝔬𝔱𝔦𝔨𝔲𝔰 betűtípus másoláshoz, fancy text generator, copy paste fonts, unicode fonts, copy and paste, ultratextgen"
Biztonságos Discord Becenév Szűrés Nélkül — Copy and Paste Fonts,https://ultratextgen.com/assets/pinterest/hu-guide-biztonsagos-discord-becenev.png,International Fancy Font Generators,,"Biztonságos Discord Becenév Szűrés Nélkül. A stilizált Discord név még mindig elbukhat három csendes teszten: a tagok listáján, a @megemlítésen és a hamis identitás elleni szűrőn…. Copy and paste stylish Unicode fonts and symbols for bios, captions, usernames and posts — free, fast and right in…",https://ultratextgen.com/hu/guide/biztonsagos-discord-becenev/?utm_source=pinterest&utm_medium=social&utm_campaign=organic_pins&utm_content=hu-guide-biztonsagos-discord-becenev,,"localized, biztonságos discord becenév szűrés nélkül, fancy text generator, copy paste fonts, unicode fonts, copy and paste, ultratextgen"
Discord szövegformázás elmagyarázva: Markdown vs Unicode vs Nitro — Copy and Paste Fonts,https://ultratextgen.com/assets/pinterest/hu-guide-discord-szovegformazas.png,International Fancy Font Generators,,"Discord szövegformázás elmagyarázva: Markdown vs Unicode vs Nitro. Miért működik a félkövér a Discord chatben, de nem a felhasználónévben — a Discord három különböző szövegrendszere (Markdown, Unicode…. Copy and paste stylish Unicode fonts and symbols for bios, captions, usernames and posts —…",https://ultratextgen.com/hu/guide/discord-szovegformazas/?utm_source=pinterest&utm_medium=social&utm_campaign=organic_pins&utm_content=hu-guide-discord-szovegformazas,,"localized, discord szövegformázás elmagyarázva: markdown vs unicode vs nitro, fancy text generator, copy paste fonts, unicode fonts, copy and paste, ultratextgen"
Hol működnek a Discord betűtípusok: mezőnkénti térkép — Copy and Paste Fonts,https://ultratextgen.com/assets/pinterest/hu-guide-hol-mukodnek-a-discord-fontok.png,International Fancy Font Generators,,"Hol működnek a Discord betűtípusok: mezőnkénti térkép. Miért mondja a Discord, hogy érvénytelen a felhasználóneved, miért veszítette el a nagybetűket a csatorna neve, és pontosan mely mezők…. Copy and paste stylish Unicode fonts and symbols for bios, captions, usernames and posts — free, fast…",https://ultratextgen.com/hu/guide/hol-mukodnek-a-discord-fontok/?utm_source=pinterest&utm_medium=social&utm_campaign=organic_pins&utm_content=hu-guide-hol-mukodnek-a-discord-fontok,,"localized, hol működnek a discord betűtípusok: mezőnkénti térkép, fancy text generator, copy paste fonts, unicode fonts, copy and paste, ultratextgen"
UltraTextGen Útmutatók — sajátítsd el a stilizált tipográfiát — Copy and Paste Fonts,https://ultratextgen.com/assets/pinterest/hu-guide.png,International Fancy Font Generators,,"UltraTextGen Útmutatók — sajátítsd el a stilizált tipográfiát. UltraTextGen útmutatók magyarul: ismerd meg és sajátítsd el a Unicode betűtípusokat, stilizáld a becenevet és a szervert a Discordon, és…. Copy and paste stylish Unicode fonts and symbols for bios, captions, usernames and posts —…",https://ultratextgen.com/hu/guide/?utm_source=pinterest&utm_medium=social&utm_campaign=organic_pins&utm_content=hu-guide,,"localized, ultratextgen útmutatók — sajátítsd el a stilizált tipográfiát, fancy text generator, copy paste fonts, unicode fonts, copy and paste, ultratextgen"
Betű Generátor — Copy and Paste Fonts — UltraTextGen,https://ultratextgen.com/assets/pinterest/hu.png,International Fancy Font Generators,,"Betű Generátor. Menő betűtípusok és szimbólumok másolása. Copy and paste stylish Unicode fonts and symbols for bios, captions, usernames and posts — free, fast and right in your browser with UltraTextGen.",https://ultratextgen.com/hu/?utm_source=pinterest&utm_medium=social&utm_campaign=organic_pins&utm_content=hu,,"localized, betű generátor, fancy text generator, copy paste fonts, unicode fonts, copy and paste, ultratextgen"
Instagram Betűtípusok: Szép Betűk Bióhoz és Leíráshoz — Copy and Paste Fonts,https://ultratextgen.com/assets/pinterest/hu-instagram-betutipusok.png,International Fancy Font Generators,,"Instagram Betűtípusok: Szép Betűk Bióhoz és Leíráshoz. Instagram betűtípusok ingyen: alakítsd a szöveget félkövérré, dőltté vagy kalligráfiává, és illeszd be a bióba, a profilnévbe, a…. Copy and paste stylish Unicode fonts and symbols for bios, captions, usernames and posts — free, fast and…",https://ultratextgen.com/hu/instagram-betutipusok/?utm_source=pinterest&utm_medium=social&utm_campaign=organic_pins&utm_content=hu-instagram-betutipusok,,"localized, instagram betűtípusok: szép betűk bióhoz és leíráshoz, fancy text generator, copy paste fonts, unicode fonts, copy and paste, ultratextgen"
Különleges Karakterek — Copy and Paste Fonts,https://ultratextgen.com/assets/pinterest/hu-kulonleges-karakterek.png,International Fancy Font Generators,,"Különleges Karakterek. Szimbólumok másoláshoz. Copy and paste stylish Unicode fonts and symbols for bios, captions, usernames and posts — free, fast and right in your browser with UltraTextGen.",https://ultratextgen.com/hu/kulonleges-karakterek/?utm_source=pinterest&utm_medium=social&utm_campaign=organic_pins&utm_content=hu-kulonleges-karakterek,,"localized, különleges karakterek, fancy text generator, copy paste fonts, unicode fonts, copy and paste, ultratextgen"
Kategori Font Unicode — Copy and Paste Fonts,https://ultratextgen.com/assets/pinterest/id-category.png,International Fancy Font Generators,,"Kategori Font Unicode. Semua kategori font Unicode dari UltraTextGen: tebal, sambung, gotik, kecil, coret, dan lainnya. Tinggal copy paste ke aplikasi mana saja. Copy and paste stylish Unicode fonts and symbols for bios, captions, usernames and posts — free, fast and right in your browser with…",https://ultratextgen.com/id/category/?utm_source=pinterest&utm_medium=social&utm_campaign=organic_pins&utm_content=id-category,,"localized, kategori font unicode, fancy text generator, copy paste fonts, unicode fonts, copy and paste, ultratextgen"
Font Angka & Angka Aesthetic (𝟙𝟚𝟛 ① ² ⓵) — Generator Copas — Copy and Paste Fonts,https://ultratextgen.com/assets/pinterest/id-font-angka.png,International Fancy Font Generators,,"Font Angka & Angka Aesthetic (𝟙𝟚𝟛 ① ² ⓵) — Generator Copas. Bikin & copas font angka, angka aesthetic, dan angka keren (𝟙𝟚𝟛 ① ² ₉) buat tanggal lahir di bio, nomor squad, & caption. Ketik, salin…. Copy and paste stylish Unicode fonts and symbols for bios, captions, usernames and posts — free,…",https://ultratextgen.com/id/font-angka/?utm_source=pinterest&utm_medium=social&utm_campaign=organic_pins&utm_content=id-font-angka,,"localized, font angka & angka aesthetic (𝟙𝟚𝟛 ① ² ⓵) — copas, fancy text generator, copy paste fonts, unicode fonts, copy and paste, ultratextgen"
Font Bubble (Font Gelembung) — Generator Huruf Balon Copas — Copy and Paste Fonts,https://ultratextgen.com/assets/pinterest/id-font-bubble.png,International Fancy Font Generators,,"Font Bubble (Font Gelembung) — Generator Huruf Balon Copas. Bikin & copas font bubble, font gelembung, huruf balon, sampai font bubble letter (ⓑⓤⓑⓑⓛⓔ) buat bio IG, caption TikTok, & status WA. Ada…. Copy and paste stylish Unicode fonts and symbols for bios, captions, usernames and posts — free,…",https://ultratextgen.com/id/font-bubble/?utm_source=pinterest&utm_medium=social&utm_campaign=organic_pins&utm_content=id-font-bubble,,"localized, font bubble (font gelembung) — huruf balon copas, fancy text generator, copy paste fonts, unicode fonts, copy and paste, ultratextgen"
Font Discord — Copy and Paste Fonts — UltraTextGen,https://ultratextgen.com/assets/pinterest/id-font-discord.png,International Fancy Font Generators,,"Font Discord. Font untuk nama, channel, dan bio — tanpa Nitro. Copy and paste stylish Unicode fonts and symbols for bios, captions, usernames and posts — free, fast and right in your browser with UltraTextGen.",https://ultratextgen.com/id/font-discord/?utm_source=pinterest&utm_medium=social&utm_campaign=organic_pins&utm_content=id-font-discord,,"localized, font discord, fancy text generator, copy paste fonts, unicode fonts, copy and paste, ultratextgen"
"Font Facebook Keren: Copas Tulisan Keren untuk Nama, Bio & Status — Copy and Paste Fonts",https://ultratextgen.com/assets/pinterest/id-font-facebook.png,International Fancy Font Generators,,"Font Facebook Keren: Copas Tulisan Keren untuk Nama, Bio & Status. Font Facebook keren, tinggal copas: ubah teksmu jadi 𝘁𝗲𝗯𝗮𝗹, 𝘮𝘪𝘳𝘪𝘯𝘨 atau 𝓼𝓪𝓶𝓫𝓾𝓷𝓰 lalu tempel di nama, bio, status, dan komentar. Gratis…. Copy and paste stylish Unicode fonts and symbols for bios, captions, usernames and posts —…",https://ultratextgen.com/id/font-facebook/?utm_source=pinterest&utm_medium=social&utm_campaign=organic_pins&utm_content=id-font-facebook,,"localized, font facebook keren: copas tulisan keren untuk nama, bio & status, fancy text generator, copy paste fonts, unicode fonts, copy and paste, ultratextgen"
Font IG — Copas Huruf IG Aesthetic Keren buat Bio & Nama — Copy and Paste Fonts,https://ultratextgen.com/assets/pinterest/id-font-ig.png,International Fancy Font Generators,,"Font IG — Copas Huruf IG Aesthetic Keren buat Bio & Nama. Font IG aesthetic, tinggal copas: bikin huruf Instagram keren buat bio, nama, caption, & komentar. Salin, tempel ke IG — plus simbol bio…. Copy and paste stylish Unicode fonts and symbols for bios, captions, usernames and posts — free,…",https://ultratextgen.com/id/font-ig/?utm_source=pinterest&utm_medium=social&utm_campaign=organic_pins&utm_content=id-font-ig,,"localized, font ig — copas huruf ig aesthetic keren buat bio & nama, fancy text generator, copy paste fonts, unicode fonts, copy and paste, ultratextgen"
Font Lucu & Font Cute (Aesthetic) — Generator Copy Paste — Copy and Paste Fonts,https://ultratextgen.com/assets/pinterest/id-font-lucu.png,International Fancy Font Generators,,"Font Lucu & Font Cute (Aesthetic) — Generator Copy Paste. Bikin & copas font lucu, font cute, dan font imut (huruf aesthetic Unicode) buat bio IG, caption TikTok, & nama profil. Ketik, salin…. Copy and paste stylish Unicode fonts and symbols for bios, captions, usernames and posts — free, fast…",https://ultratextgen.com/id/font-lucu/?utm_source=pinterest&utm_medium=social&utm_campaign=organic_pins&utm_content=id-font-lucu,,"localized, font lucu & font cute (aesthetic) — copy paste, fancy text generator, copy paste fonts, unicode fonts, copy and paste, ultratextgen"
Font Snapchat — Copas Huruf Snapchat Keren buat Nama & Story — Copy and Paste Fonts,https://ultratextgen.com/assets/pinterest/id-font-snapchat.png,International Fancy Font Generators,,"Font Snapchat — Copas Huruf Snapchat Keren buat Nama & Story. Font Snapchat online, tinggal copas: bikin huruf keren buat nama tampilan, caption Story, chat, dan bio Profil Publik. Salin, tempel —…. Copy and paste stylish Unicode fonts and symbols for bios, captions, usernames and posts — free,…",https://ultratextgen.com/id/font-snapchat/?utm_source=pinterest&utm_medium=social&utm_campaign=organic_pins&utm_content=id-font-snapchat,,"localized, font snapchat — copas huruf snapchat keren buat nama & story, fancy text generator, copy paste fonts, unicode fonts, copy and paste, ultratextgen"
Font TikTok — Copas Huruf TikTok Keren buat Bio & Nama — Copy and Paste Fonts,https://ultratextgen.com/assets/pinterest/id-font-tiktok.png,International Fancy Font Generators,,"Font TikTok — Copas Huruf TikTok Keren buat Bio & Nama. Font TikTok online, tinggal copas: bikin huruf TikTok keren buat bio, nama tampilan, caption, & komentar. Salin, tempel — plus bio…. Copy and paste stylish Unicode fonts and symbols for bios, captions, usernames and posts — free, fast and…",https://ultratextgen.com/id/font-tiktok/?utm_source=pinterest&utm_medium=social&utm_campaign=organic_pins&utm_content=id-font-tiktok,,"localized, font tiktok — copas huruf tiktok keren buat bio & nama, fancy text generator, copy paste fonts, unicode fonts, copy and paste, ultratextgen"
Font WA — Gaya Tulisan WhatsApp Aesthetic Copas — Copy and Paste Fonts,https://ultratextgen.com/assets/pinterest/id-font-wa.png,International Fancy Font Generators,,"Font WA — Gaya Tulisan WhatsApp Aesthetic Copas. Font WA aesthetic — tinggal copas — buat nama profil, status, bio, & chat WhatsApp: tebal, miring, coret, kecil, kaligrafi. Ketik gaya…. Copy and paste stylish Unicode fonts and symbols for bios, captions, usernames and posts — free, fast and…",https://ultratextgen.com/id/font-wa/?utm_source=pinterest&utm_medium=social&utm_campaign=organic_pins&utm_content=id-font-wa,,"localized, font wa — gaya tulisan whatsapp aesthetic copas, fancy text generator, copy paste fonts, unicode fonts, copy and paste, ultratextgen"
Di Mana Font Discord Bekerja: Peta Izin per Kolom — Copy and Paste Fonts,https://ultratextgen.com/assets/pinterest/id-guide-di-mana-font-discord-bekerja.png,International Fancy Font Generators,,"Di Mana Font Discord Bekerja: Peta Izin per Kolom. Kenapa Discord bilang username kamu tidak valid, kenapa nama channel kehilangan huruf kapitalnya, dan kolom mana saja yang menerima font…. Copy and paste stylish Unicode fonts and symbols for bios, captions, usernames and posts — free, fast and…",https://ultratextgen.com/id/guide/di-mana-font-discord-bekerja/?utm_source=pinterest&utm_medium=social&utm_campaign=organic_pins&utm_content=id-guide-di-mana-font-discord-bekerja,,"localized, di mana font discord bekerja: peta izin per kolom, fancy text generator, copy paste fonts, unicode fonts, copy and paste, ultratextgen"
"Format Teks Discord Dijelaskan: Markdown, Unicode, dan Nitro — Copy and Paste Fonts",https://ultratextgen.com/assets/pinterest/id-guide-format-teks-discord-dijelaskan.png,International Fancy Font Generators,,"Format Teks Discord Dijelaskan: Markdown, Unicode, dan Nitro. Kenapa tebal berhasil di chat Discord tapi tidak di nama pengguna — tiga sistem teks Discord (Markdown, font Unicode, Nitro) dan kapan…. Copy and paste stylish Unicode fonts and symbols for bios, captions, usernames and posts — free,…",https://ultratextgen.com/id/guide/format-teks-discord-dijelaskan/?utm_source=pinterest&utm_medium=social&utm_campaign=organic_pins&utm_content=id-guide-format-teks-discord-dijelaskan,,"localized, format teks discord dijelaskan: markdown, unicode, dan nitro, fancy text generator, copy paste fonts, unicode fonts, copy and paste, ultratextgen"
Panduan UltraTextGen — Kuasai Teks Discord — Copy and Paste Fonts,https://ultratextgen.com/assets/pinterest/id-guide.png,International Fancy Font Generators,,"Panduan UltraTextGen — Kuasai Teks Discord. Panduan UltraTextGen berbahasa Indonesia: memahami dan menguasai cara kerja font Unicode di Discord — kolom demi kolom, aman, tanpa…. Copy and paste stylish Unicode fonts and symbols for bios, captions, usernames and posts — free, fast and right in…",https://ultratextgen.com/id/guide/?utm_source=pinterest&utm_medium=social&utm_campaign=organic_pins&utm_content=id-guide,,"localized, panduan ultratextgen — kuasai teks discord, fancy text generator, copy paste fonts, unicode fonts, copy and paste, ultratextgen"
Bikin Nama Discord Keren Tanpa Kena Filter (dan Tetap Terbaca) — Copy and Paste Fonts,https://ultratextgen.com/assets/pinterest/id-guide-nama-discord-aman.png,International Fancy Font Generators,,"Bikin Nama Discord Keren Tanpa Kena Filter (dan Tetap Terbaca). Nama Discord yang di-styling bisa tetap gagal di tiga tes diam-diam: daftar anggota, @mention, dan filter peniruan identitas. Ini cara…. Copy and paste stylish Unicode fonts and symbols for bios, captions, usernames and posts —…",https://ultratextgen.com/id/guide/nama-discord-aman/?utm_source=pinterest&utm_medium=social&utm_campaign=organic_pins&utm_content=id-guide-nama-discord-aman,,"localized, bikin nama discord keren tanpa kena filter (dan tetap terbaca), fancy text generator, copy paste fonts, unicode fonts, copy and paste, ultratextgen"
"Huruf Besar Kecil Online — UPPERCASE, lowercase, Title Case & Lainnya — Copy and Paste",https://ultratextgen.com/assets/pinterest/id-huruf-besar-kecil.png,International Fancy Font Generators,,"Huruf Besar Kecil Online — UPPERCASE, lowercase, Title Case & Lainnya. Ubah huruf besar kecil (huruf kapital) online, tanpa aplikasi. Ubah teks ke UPPERCASE, lowercase, Title Case, Sentence case, Capitalized…. Copy and paste stylish Unicode fonts and symbols for bios, captions, usernames and…",https://ultratextgen.com/id/huruf-besar-kecil/?utm_source=pinterest&utm_medium=social&utm_campaign=organic_pins&utm_content=id-huruf-besar-kecil,,"localized, huruf besar kecil online — uppercase, lowercase, title case & lainnya, fancy text generator, copy paste fonts, unicode fonts, copy and paste, ultratextgen"
Huruf Kecil Diatas — Copy and Paste Fonts,https://ultratextgen.com/assets/pinterest/id-huruf-kecil-diatas.png,International Fancy Font Generators,,"Huruf Kecil Diatas. Superscript buat nickname Free Fire & status WA. Copy and paste stylish Unicode fonts and symbols for bios, captions, usernames and posts — free, fast and right in your browser with UltraTextGen.",https://ultratextgen.com/id/huruf-kecil-diatas/?utm_source=pinterest&utm_medium=social&utm_campaign=organic_pins&utm_content=id-huruf-kecil-diatas,,"localized, huruf kecil diatas, fancy text generator, copy paste fonts, unicode fonts, copy and paste, ultratextgen"
Huruf Keren A sampai Z — Abjad Lengkap 8 Gaya (𝖆 𝓪 ⓐ) Copas — Copy and Paste Fonts,https://ultratextgen.com/assets/pinterest/id-huruf-keren-a-sampai-z.png,International Fancy Font Generators,,"Huruf Keren A sampai Z — Abjad Lengkap 8 Gaya (𝖆 𝓪 ⓐ) Copas. Semua huruf keren dari A sampai Z dalam 8 gaya — gotik, kursif, bold, bubble, small caps, sampai terbalik. Klik satu huruf, lihat semua…. Copy and paste stylish Unicode fonts and symbols for bios, captions, usernames and posts — free,…",https://ultratextgen.com/id/huruf-keren-a-sampai-z/?utm_source=pinterest&utm_medium=social&utm_campaign=organic_pins&utm_content=id-huruf-keren-a-sampai-z,,"localized, huruf keren a sampai z — abjad lengkap 8 gaya (𝖆 𝓪 ⓐ) copas, fancy text generator, copy paste fonts, unicode fonts, copy and paste, ultratextgen"
Generator Font Aesthetic — Copy and Paste Fonts,https://ultratextgen.com/assets/pinterest/id.png,International Fancy Font Generators,,"Generator Font Aesthetic. Font dan simbol keren untuk disalin. Copy and paste stylish Unicode fonts and symbols for bios, captions, usernames and posts — free, fast and right in your browser with UltraTextGen.",https://ultratextgen.com/id/?utm_source=pinterest&utm_medium=social&utm_campaign=organic_pins&utm_content=id,,"localized, generator font aesthetic, fancy text generator, copy paste fonts, unicode fonts, copy and paste, ultratextgen"
100+ Kombinasi Emoji Copy Paste 🦋✨ Kombinasi Emoji Aesthetic — Copy and Paste Fonts,https://ultratextgen.com/assets/pinterest/id-kombinasi-emoji.png,International Fancy Font Generators,,"100+ Kombinasi Emoji Copy Paste 🦋✨ Kombinasi Emoji Aesthetic. 100+ kombinasi emoji siap dicopas: lucu, coquette, cottagecore, kawaii, Y2K, dark academia, kosmik, angelic, dan pantai. Kombinasi emoji…. Copy and paste stylish Unicode fonts and symbols for bios, captions, usernames and posts —…",https://ultratextgen.com/id/kombinasi-emoji/?utm_source=pinterest&utm_medium=social&utm_campaign=organic_pins&utm_content=id-kombinasi-emoji,,"localized, 100+ kombinasi emoji copy paste 🦋✨ kombinasi emoji aesthetic, fancy text generator, copy paste fonts, unicode fonts, copy and paste, ultratextgen"
Kaomoji Kucing (=^・ω・^=): Salin & Tempel Wajah Teks Kucing Lucu — Copy and Paste Fonts,https://ultratextgen.com/assets/pinterest/id-library-cat-kaomoji.png,International Fancy Font Generators,,"Kaomoji Kucing (=^・ω・^=): Salin & Tempel Wajah Teks Kucing Lucu. Jelajahi dan salin kaomoji kucing (=^・ω・^=) — wajah teks kucing ala Jepang yang lucu dengan kumis dan cakar. Kucing senang, sedih, dan…. Copy and paste stylish Unicode fonts and symbols for bios, captions, usernames and posts —…",https://ultratextgen.com/id/library/cat-kaomoji/?utm_source=pinterest&utm_medium=social&utm_campaign=organic_pins&utm_content=id-library-cat-kaomoji,,"localized, kaomoji kucing (=^・ω・^=): salin & tempel wajah teks kucing lucu, fancy text generator, copy paste fonts, unicode fonts, copy and paste, ultratextgen"
Kaomoji Menangis (╥﹏╥): Salin & Tempel Wajah Teks Menangis — Copy and Paste Fonts,https://ultratextgen.com/assets/pinterest/id-library-crying-kaomoji.png,International Fancy Font Generators,,"Kaomoji Menangis (╥﹏╥): Salin & Tempel Wajah Teks Menangis. Jelajahi dan salin kaomoji menangis (╥﹏╥) — wajah teks ala Jepang untuk air mata, isak tangis, dan suasana muram. Klik mana pun untuk…. Copy and paste stylish Unicode fonts and symbols for bios, captions, usernames and posts — free,…",https://ultratextgen.com/id/library/crying-kaomoji/?utm_source=pinterest&utm_medium=social&utm_campaign=organic_pins&utm_content=id-library-crying-kaomoji,,"localized, kaomoji menangis (╥﹏╥): salin & tempel wajah teks menangis, fancy text generator, copy paste fonts, unicode fonts, copy and paste, ultratextgen"
Kaomoji Lucu (◕‿◕): Salin & Tempel Wajah Teks Imut & Kawaii — Copy and Paste Fonts,https://ultratextgen.com/assets/pinterest/id-library-cute-kaomoji.png,International Fancy Font Generators,,"Kaomoji Lucu (◕‿◕): Salin & Tempel Wajah Teks Imut & Kawaii. Jelajahi dan salin kaomoji lucu (◕‿◕) — wajah teks ala Jepang yang imut dengan mata berbinar, pipi merona, dan hewan menggemaskan. Klik…. Copy and paste stylish Unicode fonts and symbols for bios, captions, usernames and posts — free,…",https://ultratextgen.com/id/library/cute-kaomoji/?utm_source=pinterest&utm_medium=social&utm_campaign=organic_pins&utm_content=id-library-cute-kaomoji,,"localized, kaomoji lucu (◕‿◕): salin & tempel wajah teks imut & kawaii, fancy text generator, copy paste fonts, unicode fonts, copy and paste, ultratextgen"
Emoji Sedih & Kaomoji: Salin & Tempel 😢 Wajah Sedih — Copy and Paste Fonts,https://ultratextgen.com/assets/pinterest/id-library-emoji-sedih.png,International Fancy Font Generators,,"Emoji Sedih & Kaomoji: Salin & Tempel 😢 Wajah Sedih. Emoji sedih 😢 😔 untuk bio dan caption galau, simbol patah hati 💔, dan kaomoji murung seperti (μ_μ) — lengkap dalam satu koleksi. Klik…. Copy and paste stylish Unicode fonts and symbols for bios, captions, usernames and posts — free, fast and…",https://ultratextgen.com/id/library/emoji-sedih/?utm_source=pinterest&utm_medium=social&utm_campaign=organic_pins&utm_content=id-library-emoji-sedih,,"localized, emoji sedih & kaomoji: salin & tempel 😢 wajah sedih, fancy text generator, copy paste fonts, unicode fonts, copy and paste, ultratextgen"
Kaomoji Senang (◠‿◠): Salin & Tempel Wajah Teks Ceria & Bahagia — Copy and Paste Fonts,https://ultratextgen.com/assets/pinterest/id-library-happy-kaomoji.png,International Fancy Font Generators,,"Kaomoji Senang (◠‿◠): Salin & Tempel Wajah Teks Ceria & Bahagia. Jelajahi dan salin kaomoji senang (◠‿◠) — wajah teks ala Jepang yang tersenyum, gembira, dan bahagia. Klik mana pun untuk langsung…. Copy and paste stylish Unicode fonts and symbols for bios, captions, usernames and posts — free,…",https://ultratextgen.com/id/library/happy-kaomoji/?utm_source=pinterest&utm_medium=social&utm_campaign=organic_pins&utm_content=id-library-happy-kaomoji,,"localized, kaomoji senang (◠‿◠): salin & tempel wajah teks ceria & bahagia, fancy text generator, copy paste fonts, unicode fonts, copy and paste, ultratextgen"
"Simbol — Simbol Aesthetic, Lambang & Symbol Copy Paste — Copy and Paste Fonts",https://ultratextgen.com/assets/pinterest/id-library.png,International Fancy Font Generators,,"Simbol — Simbol Aesthetic, Lambang & Symbol Copy Paste. Kumpulan simbol untuk copy paste — simbol aesthetic, lambang, bintang, hati, panah, centang & huruf Yunani. Cari simbol atau symbol…. Copy and paste stylish Unicode fonts and symbols for bios, captions, usernames and posts — free, fast and…",https://ultratextgen.com/id/library/?utm_source=pinterest&utm_medium=social&utm_campaign=organic_pins&utm_content=id-library,,"localized, simbol — simbol aesthetic, lambang & symbol copy paste, fancy text generator, copy paste fonts, unicode fonts, copy and paste, ultratextgen"
Kaomoji — Wajah Teks Jepang untuk Disalin & Ditempel — Copy and Paste Fonts,https://ultratextgen.com/assets/pinterest/id-library-kaomoji.png,International Fancy Font Generators,,"Kaomoji — Wajah Teks Jepang untuk Disalin & Ditempel. Salin & tempel kaomoji — wajah teks ala Jepang dari karakter Unicode. Kaomoji lucu, senang, sedih, menangis, cinta, hewan, dan Lenny…. Copy and paste stylish Unicode fonts and symbols for bios, captions, usernames and posts — free, fast and…",https://ultratextgen.com/id/library/kaomoji/?utm_source=pinterest&utm_medium=social&utm_campaign=organic_pins&utm_content=id-library-kaomoji,,"localized, kaomoji — wajah teks jepang untuk disalin & ditempel, fancy text generator, copy paste fonts, unicode fonts, copy and paste, ultratextgen"
Kaomoji Cinta (♥ω♥): Salin & Tempel Wajah Teks Cinta & Hati — Copy and Paste Fonts,https://ultratextgen.com/assets/pinterest/id-library-love-kaomoji.png,International Fancy Font Generators,,"Kaomoji Cinta (♥ω♥): Salin & Tempel Wajah Teks Cinta & Hati. Jelajahi dan salin kaomoji cinta (♥ω♥) dan hati — wajah teks ala Jepang untuk kasih sayang, ciuman, dan pelukan. Klik mana pun untuk…. Copy and paste stylish Unicode fonts and symbols for bios, captions, usernames and posts — free,…",https://ultratextgen.com/id/library/love-kaomoji/?utm_source=pinterest&utm_medium=social&utm_campaign=organic_pins&utm_content=id-library-love-kaomoji,,"localized, kaomoji cinta (♥ω♥): salin & tempel wajah teks cinta & hati, fancy text generator, copy paste fonts, unicode fonts, copy and paste, ultratextgen"
Kaomoji Sedih (´･_･`): Salin & Tempel Wajah Teks Sedih & Murung — Copy and Paste Fonts,https://ultratextgen.com/assets/pinterest/id-library-sad-kaomoji.png,International Fancy Font Generators,,"Kaomoji Sedih (´･_･`): Salin & Tempel Wajah Teks Sedih & Murung. Jelajahi dan salin kaomoji sedih (´･_･`) — wajah teks ala Jepang untuk kesedihan, kekecewaan, dan suasana murung. Klik mana pun untuk…. Copy and paste stylish Unicode fonts and symbols for bios, captions, usernames and posts —…",https://ultratextgen.com/id/library/sad-kaomoji/?utm_source=pinterest&utm_medium=social&utm_campaign=organic_pins&utm_content=id-library-sad-kaomoji,,"localized, kaomoji sedih (´･_･`): salin & tempel wajah teks sedih & murung, fancy text generator, copy paste fonts, unicode fonts, copy and paste, ultratextgen"
Kaomoji Angkat Bahu: Salin & Tempel ¯\_(ツ)_/¯ — Copy and Paste Fonts,https://ultratextgen.com/assets/pinterest/id-library-shrug-kaomoji.png,International Fancy Font Generators,,"Kaomoji Angkat Bahu: Salin & Tempel ¯\_(ツ)_/¯. Salin dan tempel kaomoji angkat bahu ¯\_(ツ)_/¯ dan wajah angkat bahu lainnya. Klik untuk menyalin shruggie klasik dan variannya. Copy and paste stylish Unicode fonts and symbols for bios, captions, usernames and posts — free, fast and right in your…",https://ultratextgen.com/id/library/shrug-kaomoji/?utm_source=pinterest&utm_medium=social&utm_campaign=organic_pins&utm_content=id-library-shrug-kaomoji,,"localized, kaomoji angkat bahu: salin & tempel ¯\_(ツ)_/¯, fancy text generator, copy paste fonts, unicode fonts, copy and paste, ultratextgen"
Simbol Aesthetic — Salin & Tempel Simbol Keren & Estetik — Copy and Paste Fonts,https://ultratextgen.com/assets/pinterest/id-library-simbol-aesthetic.png,International Fancy Font Generators,,"Simbol Aesthetic — Salin & Tempel Simbol Keren & Estetik. Salin & tempel simbol aesthetic (juga dikenal sebagai symbol font atau lambang estetik) untuk bio, nama, dan caption — kilau, hati…. Copy and paste stylish Unicode fonts and symbols for bios, captions, usernames and posts — free, fast and…",https://ultratextgen.com/id/library/simbol-aesthetic/?utm_source=pinterest&utm_medium=social&utm_campaign=organic_pins&utm_content=id-library-simbol-aesthetic,,"localized, simbol aesthetic — salin & tempel simbol keren & estetik, fancy text generator, copy paste fonts, unicode fonts, copy and paste, ultratextgen"
Simbol Bintang (★ ✦ ⋆) — Salin & Tempel — Copy and Paste Fonts,https://ultratextgen.com/assets/pinterest/id-library-simbol-bintang.png,International Fancy Font Generators,,"Simbol Bintang (★ ✦ ⋆) — Salin & Tempel. Salin & tempel simbol bintang: ★ ☆ ✦ ✧ ⋆ ⭐ 🌟 dan banyak lagi. Untuk rating di caption, hiasan nama game, dan bio aesthetic — klik untuk…. Copy and paste stylish Unicode fonts and symbols for bios, captions, usernames and posts — free, fast and right in…",https://ultratextgen.com/id/library/simbol-bintang/?utm_source=pinterest&utm_medium=social&utm_campaign=organic_pins&utm_content=id-library-simbol-bintang,,"localized, simbol bintang (★ ✦ ⋆) — salin & tempel, fancy text generator, copy paste fonts, unicode fonts, copy and paste, ultratextgen"
"Simbol Bunga & Alam (🌸🌹🌻) — Logo Bunga, Salin & Tempel — Copy and Paste Fonts",https://ultratextgen.com/assets/pinterest/id-library-simbol-bunga.png,International Fancy Font Generators,,"Simbol Bunga & Alam (🌸🌹🌻) — Logo Bunga, Salin & Tempel. Kumpulan simbol bunga, logo bunga, dan simbol alam Unicode — emoji bunga sakura, mawar, pohon, daun, sampai pembatas bunga aesthetic…. Copy and paste stylish Unicode fonts and symbols for bios, captions, usernames and posts — free, fast and…",https://ultratextgen.com/id/library/simbol-bunga/?utm_source=pinterest&utm_medium=social&utm_campaign=organic_pins&utm_content=id-library-simbol-bunga,,"localized, simbol bunga & alam (🌸🌹🌻) — logo bunga, salin & tempel, fancy text generator, copy paste fonts, unicode fonts, copy and paste, ultratextgen"
Simbol Centang & Ceklis (✓ ✔ ✅) — Salin & Tempel — Copy and Paste Fonts,https://ultratextgen.com/assets/pinterest/id-library-simbol-centang.png,International Fancy Font Generators,,"Simbol Centang & Ceklis (✓ ✔ ✅) — Salin & Tempel. Salin & tempel simbol centang dan ceklis: ✓ ✔ ✅ ☑ plus silang ✗ ❌. Untuk daftar tugas di caption, bukti done di story, polling, dan bio…. Copy and paste stylish Unicode fonts and symbols for bios, captions, usernames and posts — free, fast and…",https://ultratextgen.com/id/library/simbol-centang/?utm_source=pinterest&utm_medium=social&utm_campaign=organic_pins&utm_content=id-library-simbol-centang,,"localized, simbol centang & ceklis (✓ ✔ ✅) — salin & tempel, fancy text generator, copy paste fonts, unicode fonts, copy and paste, ultratextgen"
Simbol Coquette ♡ Salin & Tempel Pita & Estetika Pink untuk Bio — Copy and Paste Fonts,https://ultratextgen.com/assets/pinterest/id-library-simbol-coquette.png,International Fancy Font Generators,,"Simbol Coquette ♡ Salin & Tempel Pita & Estetika Pink untuk Bio. Simbol aesthetic coquette — pita 🎀, hati ♡, bunga ✿, dan debu kilau untuk bio serta nama pengguna. Karakter lembut ala dollette untuk…. Copy and paste stylish Unicode fonts and symbols for bios, captions, usernames and posts —…",https://ultratextgen.com/id/library/simbol-coquette/?utm_source=pinterest&utm_medium=social&utm_campaign=organic_pins&utm_content=id-library-simbol-coquette,,"localized, simbol coquette ♡ salin & tempel pita & estetika pink untuk bio, fancy text generator, copy paste fonts, unicode fonts, copy and paste, ultratextgen"
"Simbol Cottagecore ✿ Salin & Tempel Jamur, Bunga & Estetika Alam — Copy and Paste Fonts",https://ultratextgen.com/assets/pinterest/id-library-simbol-cottagecore.png,International Fancy Font Generators,,"Simbol Cottagecore ✿ Salin & Tempel Jamur, Bunga & Estetika Alam. Simbol aesthetic cottagecore — jamur 🍄, bunga 🌸, lebah 🐝, dan motif pedesaan. Salin & tempel dekorasi nuansa desa untuk bio dan caption. Copy and paste stylish Unicode fonts and symbols for bios, captions, usernames and posts —…",https://ultratextgen.com/id/library/simbol-cottagecore/?utm_source=pinterest&utm_medium=social&utm_campaign=organic_pins&utm_content=id-library-simbol-cottagecore,,"localized, simbol cottagecore ✿ salin & tempel jamur, bunga & estetika alam, fancy text generator, copy paste fonts, unicode fonts, copy and paste, ultratextgen"
Simbol Discord — Salin & Tempel untuk Nama Channel & Server — Copy and Paste Fonts,https://ultratextgen.com/assets/pinterest/id-library-simbol-discord.png,International Fancy Font Generators,,"Simbol Discord — Salin & Tempel untuk Nama Channel & Server. Salin & tempel simbol Discord untuk nama channel, nama server, role, dan profil — dekorasi channel (▸ ┊ ➤ ꒱ ⟢), pembatas, hati, dan…. Copy and paste stylish Unicode fonts and symbols for bios, captions, usernames and posts — free, fast…",https://ultratextgen.com/id/library/simbol-discord/?utm_source=pinterest&utm_medium=social&utm_campaign=organic_pins&utm_content=id-library-simbol-discord,,"localized, simbol discord — salin & tempel untuk nama channel & server, fancy text generator, copy paste fonts, unicode fonts, copy and paste, ultratextgen"
Simbol Dreamcore & Weirdcore: Salin & Tempel 👁 🌈 ⋆ Nuansa Surreal — Copy and Paste Fonts,https://ultratextgen.com/assets/pinterest/id-library-simbol-dreamcore-weirdcore.png,International Fancy Font Generators,,"Simbol Dreamcore & Weirdcore: Salin & Tempel 👁 🌈 ⋆ Nuansa Surreal. Simbol dreamcore dan weirdcore — mata surreal 👁, pelangi 🌈, blok glitch, pintu, dan kombo sleepcore untuk postingan liminal. Klik simbol…. Copy and paste stylish Unicode fonts and symbols for bios, captions, usernames and posts —…",https://ultratextgen.com/id/library/simbol-dreamcore-weirdcore/?utm_source=pinterest&utm_medium=social&utm_campaign=organic_pins&utm_content=id-library-simbol-dreamcore-weirdcore,,"localized, simbol dreamcore & weirdcore: salin & tempel 👁 🌈 ⋆ nuansa surreal, fancy text generator, copy paste fonts, unicode fonts, copy and paste, ultratextgen"
"Simbol Facebook — Salin Tempel Reaksi, Hati & Emoji — Copy and Paste Fonts",https://ultratextgen.com/assets/pinterest/id-library-simbol-facebook.png,International Fancy Font Generators,,"Simbol Facebook — Salin Tempel Reaksi, Hati & Emoji. Salin dan tempel simbol Facebook — emoji reaksi, hati, bintang, dan garis pemisah untuk postingan, komentar, bio, dan nama Halaman. Klik…. Copy and paste stylish Unicode fonts and symbols for bios, captions, usernames and posts — free, fast…",https://ultratextgen.com/id/library/simbol-facebook/?utm_source=pinterest&utm_medium=social&utm_campaign=organic_pins&utm_content=id-library-simbol-facebook,,"localized, simbol facebook — salin tempel reaksi, hati & emoji, fancy text generator, copy paste fonts, unicode fonts, copy and paste, ultratextgen"
Simbol Fairycore: Salin & Tempel 🧚 🍄 ✨ Aesthetic Peri — Copy and Paste Fonts,https://ultratextgen.com/assets/pinterest/id-library-simbol-fairycore.png,International Fancy Font Generators,,"Simbol Fairycore: Salin & Tempel 🧚 🍄 ✨ Aesthetic Peri. Simbol dan kombo emoji fairycore — peri 🧚, jamur 🍄, kilau ✨, dan karakter bunga mungil untuk bio bernuansa magis. Klik simbol mana pun…. Copy and paste stylish Unicode fonts and symbols for bios, captions, usernames and posts — free, fast…",https://ultratextgen.com/id/library/simbol-fairycore/?utm_source=pinterest&utm_medium=social&utm_campaign=organic_pins&utm_content=id-library-simbol-fairycore,,"localized, simbol fairycore: salin & tempel 🧚 🍄 ✨ aesthetic peri, fancy text generator, copy paste fonts, unicode fonts, copy and paste, ultratextgen"
Simbol FF ꧁꧂ — Simbol Nickname Free Fire Copy Paste — Copy and Paste Fonts,https://ultratextgen.com/assets/pinterest/id-library-simbol-ff.png,International Fancy Font Generators,,"Simbol FF ꧁꧂ — Simbol Nickname Free Fire Copy Paste. Kumpulan simbol FF siap copy paste: payung ꧁꧂, mahkota ♛, love ♡ ᥫ᭡, katakana メ 彡, bintang ★, plus kombinasi nama jadi. Klik simbol mana…. Copy and paste stylish Unicode fonts and symbols for bios, captions, usernames and posts — free, fast…",https://ultratextgen.com/id/library/simbol-ff/?utm_source=pinterest&utm_medium=social&utm_campaign=organic_pins&utm_content=id-library-simbol-ff,,"localized, simbol ff ꧁꧂ — simbol nickname free fire copy paste, fancy text generator, copy paste fonts, unicode fonts, copy and paste, ultratextgen"
Simbol Fortnite ツ 亗 乂 — Salin & Tempel untuk Nama Sweaty (2026) — Copy and Paste Fonts,https://ultratextgen.com/assets/pinterest/id-library-simbol-fortnite.png,International Fancy Font Generators,,"Simbol Fortnite ツ 亗 乂 — Salin & Tempel untuk Nama Sweaty (2026). Simbol Fortnite sweaty ツ 亗 乂 untuk disalin & tempel — senyum, kanji power, bintang clan tag, dan crosshair, plus kombinasi nama sweaty…. Copy and paste stylish Unicode fonts and symbols for bios, captions, usernames and posts —…",https://ultratextgen.com/id/library/simbol-fortnite/?utm_source=pinterest&utm_medium=social&utm_campaign=organic_pins&utm_content=id-library-simbol-fortnite,,"localized, simbol fortnite ツ 亗 乂 — salin & tempel untuk nama sweaty (2026), fancy text generator, copy paste fonts, unicode fonts, copy and paste, ultratextgen"
Simbol Garis & Pembatas (─ │ ═) — Copy & Paste — Copy and Paste Fonts,https://ultratextgen.com/assets/pinterest/id-library-simbol-garis.png,International Fancy Font Generators,,"Simbol Garis & Pembatas (─ │ ═) — Copy & Paste. Salin & tempel simbol garis: garis horizontal ─ ━, garis vertikal │ ┃, pembatas dekoratif, dan garis putus-putus. Klik simbol untuk…. Copy and paste stylish Unicode fonts and symbols for bios, captions, usernames and posts — free, fast and right in…",https://ultratextgen.com/id/library/simbol-garis/?utm_source=pinterest&utm_medium=social&utm_campaign=organic_pins&utm_content=id-library-simbol-garis,,"localized, simbol garis & pembatas (─ │ ═) — copy & paste, fancy text generator, copy paste fonts, unicode fonts, copy and paste, ultratextgen"
"Simbol Gender (♂ ♀ ⚧): Laki-Laki, Perempuan & Lainnya — Copy and Paste Fonts",https://ultratextgen.com/assets/pinterest/id-library-simbol-gender.png,International Fancy Font Generators,,"Simbol Gender (♂ ♀ ⚧): Laki-Laki, Perempuan & Lainnya. Salin & tempel simbol gender — laki-laki ♂, perempuan ♀, transgender ⚧, non-biner, dan simbol orientasi gabungan. Klik simbol mana pun…. Copy and paste stylish Unicode fonts and symbols for bios, captions, usernames and posts — free, fast…",https://ultratextgen.com/id/library/simbol-gender/?utm_source=pinterest&utm_medium=social&utm_campaign=organic_pins&utm_content=id-library-simbol-gender,,"localized, simbol gender (♂ ♀ ⚧): laki-laki, perempuan & lainnya, fancy text generator, copy paste fonts, unicode fonts, copy and paste, ultratextgen"
"Simbol Geometri: Segitiga, Sudut & Bentuk — Copy and Paste Fonts",https://ultratextgen.com/assets/pinterest/id-library-simbol-geometri.png,International Fancy Font Generators,,"Simbol Geometri: Segitiga, Sudut & Bentuk. Kumpulan simbol geometri — lingkaran, kotak, segitiga, sudut, dan bentuk dekoratif buat bullet list, dekorasi teks, dan desain caption…. Copy and paste stylish Unicode fonts and symbols for bios, captions, usernames and posts — free, fast and right in…",https://ultratextgen.com/id/library/simbol-geometri/?utm_source=pinterest&utm_medium=social&utm_campaign=organic_pins&utm_content=id-library-simbol-geometri,,"localized, simbol geometri: segitiga, sudut & bentuk, fancy text generator, copy paste fonts, unicode fonts, copy and paste, ultratextgen"
Simbol Goth & Grunge — Dekorasi Bio Aesthetic Gelap Salin & Tempel — Copy and Paste Fonts,https://ultratextgen.com/assets/pinterest/id-library-simbol-goth-grunge.png,International Fancy Font Generators,,"Simbol Goth & Grunge — Dekorasi Bio Aesthetic Gelap Salin & Tempel. Simbol aesthetic gelap untuk bio goth dan grunge — salib, tengkorak, laba-laba, belati, dan dekorasi fashion alt untuk nama pengguna dan…. Copy and paste stylish Unicode fonts and symbols for bios, captions, usernames and posts…",https://ultratextgen.com/id/library/simbol-goth-grunge/?utm_source=pinterest&utm_medium=social&utm_campaign=organic_pins&utm_content=id-library-simbol-goth-grunge,,"localized, simbol goth & grunge — dekorasi bio aesthetic gelap salin & tempel, fancy text generator, copy paste fonts, unicode fonts, copy and paste, ultratextgen"
"Simbol & Huruf Jepang: Kanji, Hiragana, Katakana — Copy and Paste Fonts",https://ultratextgen.com/assets/pinterest/id-library-simbol-jepang.png,International Fancy Font Generators,,"Simbol & Huruf Jepang: Kanji, Hiragana, Katakana. Kumpulan simbol Jepang siap salin — kanji seperti 桜 dan 愛, hiragana, katakana, dan tanda baca. Tulisan Jepang untuk bio tanpa keyboard…. Copy and paste stylish Unicode fonts and symbols for bios, captions, usernames and posts — free, fast and…",https://ultratextgen.com/id/library/simbol-jepang/?utm_source=pinterest&utm_medium=social&utm_campaign=organic_pins&utm_content=id-library-simbol-jepang,,"localized, simbol & huruf jepang: kanji, hiragana, katakana, fancy text generator, copy paste fonts, unicode fonts, copy and paste, ultratextgen"
Simbol Kawaii & Lucu Salin & Tempel — Dekorasi Aesthetic Lembut — Copy and Paste Fonts,https://ultratextgen.com/assets/pinterest/id-library-simbol-kawaii-cute.png,International Fancy Font Generators,,"Simbol Kawaii & Lucu Salin & Tempel — Dekorasi Aesthetic Lembut. Simbol kawaii dan lucu untuk bio, nama pengguna, dan pesan. Hati lembut, wajah mungil, kilau, dan dekorasi pastel dari nuansa kawaii. Copy and paste stylish Unicode fonts and symbols for bios, captions, usernames and posts — free,…",https://ultratextgen.com/id/library/simbol-kawaii-cute/?utm_source=pinterest&utm_medium=social&utm_campaign=organic_pins&utm_content=id-library-simbol-kawaii-cute,,"localized, simbol kawaii & lucu salin & tempel — dekorasi aesthetic lembut, fancy text generator, copy paste fonts, unicode fonts, copy and paste, ultratextgen"
Simbol Love & Hati (♡ ᥫ᭡ ❤) — Salin & Tempel — Copy and Paste Fonts,https://ultratextgen.com/assets/pinterest/id-library-simbol-love.png,International Fancy Font Generators,,"Simbol Love & Hati (♡ ᥫ᭡ ❤) — Salin & Tempel. Salin & tempel simbol love dan hati — love symbol / lambang cinta: ♡ ♥ ᥫ᭡ ❤ 🤍 💕 dan banyak lagi. Untuk bio IG/WA, nama ML/FF pasangan…. Copy and paste stylish Unicode fonts and symbols for bios, captions, usernames and posts — free, fast and right in…",https://ultratextgen.com/id/library/simbol-love/?utm_source=pinterest&utm_medium=social&utm_campaign=organic_pins&utm_content=id-library-simbol-love,,"localized, simbol love & hati (♡ ᥫ᭡ ❤) — salin & tempel, fancy text generator, copy paste fonts, unicode fonts, copy and paste, ultratextgen"
Simbol Matematika (± × ÷ √) — Salin & Tempel — Copy and Paste Fonts,https://ultratextgen.com/assets/pinterest/id-library-simbol-matematika.png,International Fancy Font Generators,,"Simbol Matematika (± × ÷ √) — Salin & Tempel. Salin & tempel simbol matematika: operator dasar, perbandingan, teori himpunan, akar, pangkat, dan tak terhingga. Klik simbol untuk…. Copy and paste stylish Unicode fonts and symbols for bios, captions, usernames and posts — free, fast and right in…",https://ultratextgen.com/id/library/simbol-matematika/?utm_source=pinterest&utm_medium=social&utm_campaign=organic_pins&utm_content=id-library-simbol-matematika,,"localized, simbol matematika (± × ÷ √) — salin & tempel, fancy text generator, copy paste fonts, unicode fonts, copy and paste, ultratextgen"
Simbol Minecraft ► ▓ ⚔ — Salin & Tempel untuk Chat & Server (2026) — Copy and Paste Fonts,https://ultratextgen.com/assets/pinterest/id-library-simbol-minecraft.png,International Fancy Font Generators,,"Simbol Minecraft ► ▓ ⚔ — Salin & Tempel untuk Chat & Server (2026). Simbol Minecraft buat disalin & tempel ke chat, MOTD, dan nama server — panah, blok shading ░▒▓, garis box-drawing, dan ikon gaya game. Copy and paste stylish Unicode fonts and symbols for bios, captions, usernames and posts —…",https://ultratextgen.com/id/library/simbol-minecraft/?utm_source=pinterest&utm_medium=social&utm_campaign=organic_pins&utm_content=id-library-simbol-minecraft,,"localized, simbol minecraft ► ▓ ⚔ — salin & tempel untuk chat & server (2026), fancy text generator, copy paste fonts, unicode fonts, copy and paste, ultratextgen"
Simbol Musik ♪ ♫ 🎵 — Not Balok & Ikon Musik — Copy and Paste Fonts,https://ultratextgen.com/assets/pinterest/id-library-simbol-musik.png,International Fancy Font Generators,,"Simbol Musik ♪ ♫ 🎵 — Not Balok & Ikon Musik. Salin & tempel simbol musik: not balok ♪ ♫ ♬, kunci not, tanda kres/mol, dan ikon alat musik 🎸🎹🎤. Klik simbol untuk langsung menyalin. Copy and paste stylish Unicode fonts and symbols for bios, captions, usernames and posts — free, fast and right in…",https://ultratextgen.com/id/library/simbol-musik/?utm_source=pinterest&utm_medium=social&utm_campaign=organic_pins&utm_content=id-library-simbol-musik,,"localized, simbol musik ♪ ♫ 🎵 — not balok & ikon musik, fancy text generator, copy paste fonts, unicode fonts, copy and paste, ultratextgen"
Simbol Nickname: Salin & Tempel ꧁꧂ Dekorasi Nick Keren — Copy and Paste Fonts,https://ultratextgen.com/assets/pinterest/id-library-simbol-nickname.png,International Fancy Font Generators,,"Simbol Nickname: Salin & Tempel ꧁꧂ Dekorasi Nick Keren. Simbol nickname & dekorasi nick keren siap pakai — sayap ꧁꧂, senyum ツ, mahkota ♛, dan tag pro 亗 untuk nama game apa pun. Klik simbol…. Copy and paste stylish Unicode fonts and symbols for bios, captions, usernames and posts — free, fast and…",https://ultratextgen.com/id/library/simbol-nickname/?utm_source=pinterest&utm_medium=social&utm_campaign=organic_pins&utm_content=id-library-simbol-nickname,,"localized, simbol nickname: salin & tempel ꧁꧂ dekorasi nick keren, fancy text generator, copy paste fonts, unicode fonts, copy and paste, ultratextgen"
Simbol Panah (→ ← ↑ ↓ ➤) — Salin & Tempel — Copy and Paste Fonts,https://ultratextgen.com/assets/pinterest/id-library-simbol-panah.png,International Fancy Font Generators,,"Simbol Panah (→ ← ↑ ↓ ➤) — Salin & Tempel. Salin & tempel simbol panah: → ← ↑ ↓ ➜ ➤ ⇒ » dan banyak lagi. Untuk hiasan nama game, bio, caption, dan penunjuk arah — klik untuk menyalin. Copy and paste stylish Unicode fonts and symbols for bios, captions, usernames and posts — free, fast and right…",https://ultratextgen.com/id/library/simbol-panah/?utm_source=pinterest&utm_medium=social&utm_campaign=organic_pins&utm_content=id-library-simbol-panah,,"localized, simbol panah (→ ← ↑ ↓ ➤) — salin & tempel, fancy text generator, copy paste fonts, unicode fonts, copy and paste, ultratextgen"
Simbol Pecahan (½ ⅓ ¼) — Salin & Tempel — Copy and Paste Fonts,https://ultratextgen.com/assets/pinterest/id-library-simbol-pecahan.png,International Fancy Font Generators,,"Simbol Pecahan (½ ⅓ ¼) — Salin & Tempel. Salin & tempel simbol pecahan Unicode: ½ ⅓ ¼ ⅛ ⅔ ¾, plus superscript & subscript untuk pecahan buatan sendiri. Klik untuk menyalin. Copy and paste stylish Unicode fonts and symbols for bios, captions, usernames and posts — free, fast and right in your…",https://ultratextgen.com/id/library/simbol-pecahan/?utm_source=pinterest&utm_medium=social&utm_campaign=organic_pins&utm_content=id-library-simbol-pecahan,,"localized, simbol pecahan (½ ⅓ ¼) — salin & tempel, fancy text generator, copy paste fonts, unicode fonts, copy and paste, ultratextgen"
Simbol Bullet Point & Titik (• ● ◦) — Salin & Tempel — Copy and Paste Fonts,https://ultratextgen.com/assets/pinterest/id-library-simbol-poin.png,International Fancy Font Generators,,"Simbol Bullet Point & Titik (• ● ◦) — Salin & Tempel. Salin & tempel simbol bullet point dan titik: • ● ◦ ‣ plus panah dan bintang untuk daftar rapi di caption, bio, dan postingan. Klik…. Copy and paste stylish Unicode fonts and symbols for bios, captions, usernames and posts — free, fast and…",https://ultratextgen.com/id/library/simbol-poin/?utm_source=pinterest&utm_medium=social&utm_campaign=organic_pins&utm_content=id-library-simbol-poin,,"localized, simbol bullet point & titik (• ● ◦) — salin & tempel, fancy text generator, copy paste fonts, unicode fonts, copy and paste, ultratextgen"
Simbol PUBG & BGMI ★ 彡 乂 — Salin & Tempel untuk Nama Game (2026) — Copy and Paste Fonts,https://ultratextgen.com/assets/pinterest/id-library-simbol-pubg.png,International Fancy Font Generators,,"Simbol PUBG & BGMI ★ 彡 乂 — Salin & Tempel untuk Nama Game (2026). Simbol nama PUBG Mobile & BGMI ★ 彡 乂 ꧁꧂ untuk disalin & tempel — sudah dites sama font game, plus fakta jujur simbol mana yang gagal…. Copy and paste stylish Unicode fonts and symbols for bios, captions, usernames and posts —…",https://ultratextgen.com/id/library/simbol-pubg/?utm_source=pinterest&utm_medium=social&utm_campaign=organic_pins&utm_content=id-library-simbol-pubg,,"localized, simbol pubg & bgmi ★ 彡 乂 — salin & tempel untuk nama game (2026), fancy text generator, copy paste fonts, unicode fonts, copy and paste, ultratextgen"
Simbol Roblox ✦ ⚡ ♡ — Salin & Tempel untuk Display Name (2026) — Copy and Paste Fonts,https://ultratextgen.com/assets/pinterest/id-library-simbol-roblox.png,International Fancy Font Generators,,"Simbol Roblox ✦ ⚡ ♡ — Salin & Tempel untuk Display Name (2026). 40+ simbol Roblox ✦ ⚡ ♡ untuk disalin & tempel ke display name, bio, dan grup — sudah diuji dengan filter nama Roblox terbaru, plus…. Copy and paste stylish Unicode fonts and symbols for bios, captions, usernames and posts — free,…",https://ultratextgen.com/id/library/simbol-roblox/?utm_source=pinterest&utm_medium=social&utm_campaign=organic_pins&utm_content=id-library-simbol-roblox,,"localized, simbol roblox ✦ ⚡ ♡ — salin & tempel untuk display name (2026), fancy text generator, copy paste fonts, unicode fonts, copy and paste, ultratextgen"
Simbol Salib ✝ ☦ ✟ — Logo & Gambar Salib Copy Paste — Copy and Paste Fonts,https://ultratextgen.com/assets/pinterest/id-library-simbol-salib.png,International Fancy Font Generators,,"Simbol Salib ✝ ☦ ✟ — Logo & Gambar Salib Copy Paste. Salin & tempel simbol salib: ✝ Latin, ☦ Ortodoks, ✠ Maltese, dan salib dekoratif lainnya. Untuk logo, gambar salib, bio, dan caption —…. Copy and paste stylish Unicode fonts and symbols for bios, captions, usernames and posts — free, fast and…",https://ultratextgen.com/id/library/simbol-salib/?utm_source=pinterest&utm_medium=social&utm_campaign=organic_pins&utm_content=id-library-simbol-salib,,"localized, simbol salib ✝ ☦ ✟ — logo & gambar salib copy paste, fancy text generator, copy paste fonts, unicode fonts, copy and paste, ultratextgen"
Simbol Therian: Salin & Tempel Δ Theta-Delta & Tanda Alterhuman — Copy and Paste Fonts,https://ultratextgen.com/assets/pinterest/id-library-simbol-therian.png,International Fancy Font Generators,,"Simbol Therian: Salin & Tempel Δ Theta-Delta & Tanda Alterhuman. Jelajahi tanda theta-delta (θΔ), jejak kaki, fase bulan, dan simbol hewan yang dipakai komunitas therian dan alterhuman. Klik simbol…. Copy and paste stylish Unicode fonts and symbols for bios, captions, usernames and posts — free,…",https://ultratextgen.com/id/library/simbol-therian/?utm_source=pinterest&utm_medium=social&utm_campaign=organic_pins&utm_content=id-library-simbol-therian,,"localized, simbol therian: salin & tempel δ theta-delta & tanda alterhuman, fancy text generator, copy paste fonts, unicode fonts, copy and paste, ultratextgen"
Simbol Witchy & Occult: Salin & Tempel Semua Karakter Okultisme — Copy and Paste Fonts,https://ultratextgen.com/assets/pinterest/id-library-simbol-witchy-occult.png,International Fancy Font Generators,,"Simbol Witchy & Occult: Salin & Tempel Semua Karakter Okultisme. Jelajahi dan salin simbol witchy dan okultisme — pentagram, fase bulan, tanda planet, simbol alkimia, dan karakter esoterik lainnya…. Copy and paste stylish Unicode fonts and symbols for bios, captions, usernames and posts — free,…",https://ultratextgen.com/id/library/simbol-witchy-occult/?utm_source=pinterest&utm_medium=social&utm_campaign=organic_pins&utm_content=id-library-simbol-witchy-occult,,"localized, simbol witchy & occult: salin & tempel semua karakter okultisme, fancy text generator, copy paste fonts, unicode fonts, copy and paste, ultratextgen"
Simbol Y2K ✰ 80+ Simbol Aesthetic Salin & Tempel untuk Bio — Copy and Paste Fonts,https://ultratextgen.com/assets/pinterest/id-library-simbol-y2k.png,International Fancy Font Generators,,"Simbol Y2K ✰ 80+ Simbol Aesthetic Salin & Tempel untuk Bio. Simbol Y2K aesthetic untuk salin & tempel — bintang ✰, kilau ✧, salib ♱, kupu-kupu 🦋, dan CD 💿 untuk bio, nama, dan caption. Klik untuk…. Copy and paste stylish Unicode fonts and symbols for bios, captions, usernames and posts — free,…",https://ultratextgen.com/id/library/simbol-y2k/?utm_source=pinterest&utm_medium=social&utm_campaign=organic_pins&utm_content=id-library-simbol-y2k,,"localized, simbol y2k ✰ 80+ simbol aesthetic salin & tempel untuk bio, fancy text generator, copy paste fonts, unicode fonts, copy and paste, ultratextgen"
"Simbol Huruf Yunani: Alpha, Beta, Sigma, Pi — Copy and Paste Fonts",https://ultratextgen.com/assets/pinterest/id-library-simbol-yunani.png,International Fancy Font Generators,,"Simbol Huruf Yunani: Alpha, Beta, Sigma, Pi. Salin & tempel simbol alpha, simbol beta, lambang sigma, simbol miu, dan simbol phi — alfabet Yunani lengkap Α–Ω, huruf besar & kecil…. Copy and paste stylish Unicode fonts and symbols for bios, captions, usernames and posts — free, fast and right in…",https://ultratextgen.com/id/library/simbol-yunani/?utm_source=pinterest&utm_medium=social&utm_campaign=organic_pins&utm_content=id-library-simbol-yunani,,"localized, simbol huruf yunani: alpha, beta, sigma, pi, fancy text generator, copy paste fonts, unicode fonts, copy and paste, ultratextgen"
Simbol Zodiak (♈ ♉ ♊) — Salin & Tempel — Copy and Paste Fonts,https://ultratextgen.com/assets/pinterest/id-library-simbol-zodiak.png,International Fancy Font Generators,,"Simbol Zodiak (♈ ♉ ♊) — Salin & Tempel. Salin & tempel simbol zodiak, logo planet, dan zodiak China. 12 lambang zodiak lengkap plus simbol astrologi lain — klik untuk langsung…. Copy and paste stylish Unicode fonts and symbols for bios, captions, usernames and posts — free, fast and right in…",https://ultratextgen.com/id/library/simbol-zodiak/?utm_source=pinterest&utm_medium=social&utm_campaign=organic_pins&utm_content=id-library-simbol-zodiak,,"localized, simbol zodiak (♈ ♉ ♊) — salin & tempel, fancy text generator, copy paste fonts, unicode fonts, copy and paste, ultratextgen"
Penghitung Kata dan Karakter — Alat Online Gratis — Copy and Paste Fonts,https://ultratextgen.com/assets/pinterest/id-penghitung-kata-dan-karakter.png,International Fancy Font Generators,,"Penghitung Kata dan Karakter — Alat Online Gratis. Penghitung karakter dan kata gratis. Statistik langsung — kata, karakter, kalimat, paragraf, dan waktu baca — plus pengecekan batas…. Copy and paste stylish Unicode fonts and symbols for bios, captions, usernames and posts — free, fast and right…",https://ultratextgen.com/id/penghitung-kata-dan-karakter/?utm_source=pinterest&utm_medium=social&utm_campaign=organic_pins&utm_content=id-penghitung-kata-dan-karakter,,"localized, penghitung kata dan karakter — alat online gratis, fancy text generator, copy paste fonts, unicode fonts, copy and paste, ultratextgen"
Spasi Kosong (Karakter Kosong) — Copas Nama & Teks Kosong — Copy and Paste Fonts,https://ultratextgen.com/assets/pinterest/id-spasi-kosong.png,International Fancy Font Generators,,"Spasi Kosong (Karakter Kosong) — Copas Nama & Teks Kosong. Copas spasi kosong & karakter kosong (zero width space, Hangul filler, braille) buat nama kosong FF/ML, bio IG kosong, & pesan WA…. Copy and paste stylish Unicode fonts and symbols for bios, captions, usernames and posts — free, fast and…",https://ultratextgen.com/id/spasi-kosong/?utm_source=pinterest&utm_medium=social&utm_campaign=organic_pins&utm_content=id-spasi-kosong,,"localized, spasi kosong (karakter kosong) — copas nama & teks kosong, fancy text generator, copy paste fonts, unicode fonts, copy and paste, ultratextgen"
Simbol: Cari Satu Karakter Unicode — Copy and Paste Fonts,https://ultratextgen.com/assets/pinterest/id-symbol.png,International Fancy Font Generators,,"Simbol: Cari Satu Karakter Unicode. Cari satu simbol dalam satu waktu — arti, sejarah, cara mengetik, dan di mana aman digunakan. Lihat perpustakaan lengkap untuk kategori…. Copy and paste stylish Unicode fonts and symbols for bios, captions, usernames and posts — free, fast and right in your…",https://ultratextgen.com/id/symbol/?utm_source=pinterest&utm_medium=social&utm_campaign=organic_pins&utm_content=id-symbol,,"localized, simbol: cari satu karakter unicode, fancy text generator, copy paste fonts, unicode fonts, copy and paste, ultratextgen"
"Simbol Derajat (°): Celsius, Fahrenheit & Sudut — Copy and Paste Fonts",https://ultratextgen.com/assets/pinterest/id-symbol-simbol-derajat.png,International Fancy Font Generators,,"Simbol Derajat (°): Celsius, Fahrenheit & Sudut. Salin & tempel simbol derajat (°) plus derajat celcius, fahrenheit, kelvin, sudut, dan lambang geometri. Klik simbol mana pun untuk…. Copy and paste stylish Unicode fonts and symbols for bios, captions, usernames and posts — free, fast and right…",https://ultratextgen.com/id/symbol/simbol-derajat/?utm_source=pinterest&utm_medium=social&utm_campaign=organic_pins&utm_content=id-symbol-simbol-derajat,,"localized, simbol derajat (°): celsius, fahrenheit & sudut, fancy text generator, copy paste fonts, unicode fonts, copy and paste, ultratextgen"
Simbol Tanda Kutip (“ ” ‘ ’) — Salin & Tempel — Copy and Paste Fonts,https://ultratextgen.com/assets/pinterest/id-symbol-simbol-kutip.png,International Fancy Font Generators,,"Simbol Tanda Kutip (“ ” ‘ ’) — Salin & Tempel. Salin & tempel simbol tanda kutip dan tanda petik: “ ” ‘ ’ « » plus kutip sudut Jepang. Klik untuk menyalin ke caption atau bio. Copy and paste stylish Unicode fonts and symbols for bios, captions, usernames and posts — free, fast and right in your…",https://ultratextgen.com/id/symbol/simbol-kutip/?utm_source=pinterest&utm_medium=social&utm_campaign=organic_pins&utm_content=id-symbol-simbol-kutip,,"localized, simbol tanda kutip (“ ” ‘ ’) — salin & tempel, fancy text generator, copy paste fonts, unicode fonts, copy and paste, ultratextgen"
Tulisan Aesthetic & Font Aesthetic (𝒶𝑒𝓈𝓉𝒽𝑒𝓉𝒾𝒸) — Generator Copas — Copy and Paste Fonts,https://ultratextgen.com/assets/pinterest/id-tulisan-aesthetic.png,International Fancy Font Generators,,"Tulisan Aesthetic & Font Aesthetic (𝒶𝑒𝓈𝓉𝒽𝑒𝓉𝒾𝒸) — Generator Copas. Bikin & copas tulisan aesthetic, font aesthetic, dan tulisan estetik buat bio IG, bio TikTok, caption, & nama profil. Ketik, salin…. Copy and paste stylish Unicode fonts and symbols for bios, captions, usernames and posts — free,…",https://ultratextgen.com/id/tulisan-aesthetic/?utm_source=pinterest&utm_medium=social&utm_campaign=organic_pins&utm_content=id-tulisan-aesthetic,,"localized, tulisan aesthetic & font aesthetic (𝒶𝑒𝓈𝓉𝒽𝑒𝓉𝒾𝒸) — copas, fancy text generator, copy paste fonts, unicode fonts, copy and paste, ultratextgen"
Tulisan Coret & Font Coret (t̶e̶k̶s̶) — Generator Copas — Copy and Paste Fonts,https://ultratextgen.com/assets/pinterest/id-tulisan-coret.png,International Fancy Font Generators,,"Tulisan Coret & Font Coret (t̶e̶k̶s̶) — Generator Copas. Bikin & copas tulisan coret, font coret, dan tulisan dicoret (t̶e̶k̶s̶ ̶c̶o̶r̶e̶t̶) buat bio IG, status WA, caption, & promo. Ketik…. Copy and paste stylish Unicode fonts and symbols for bios, captions, usernames and posts — free, fast and…",https://ultratextgen.com/id/tulisan-coret/?utm_source=pinterest&utm_medium=social&utm_campaign=organic_pins&utm_content=id-tulisan-coret,,"localized, tulisan coret & font coret (t̶e̶k̶s̶) — copas, fancy text generator, copy paste fonts, unicode fonts, copy and paste, ultratextgen"
Tulisan Gotik — Font Gothic 𝔤𝔬𝔱𝔦𝔨 untuk Dicopas — Copy and Paste Fonts,https://ultratextgen.com/assets/pinterest/id-tulisan-gotik.png,International Fancy Font Generators,,"Tulisan Gotik — Font Gothic 𝔤𝔬𝔱𝔦𝔨 untuk Dicopas. Generator tulisan gotik gratis, tinggal copas: ubah teks jadi huruf gothic Unicode (fraktur, old english, gotik tebal) untuk disalin dan…. Copy and paste stylish Unicode fonts and symbols for bios, captions, usernames and posts — free, fast and…",https://ultratextgen.com/id/tulisan-gotik/?utm_source=pinterest&utm_medium=social&utm_campaign=organic_pins&utm_content=id-tulisan-gotik,,"localized, tulisan gotik — font gothic 𝔤𝔬𝔱𝔦𝔨 untuk dicopas, fancy text generator, copy paste fonts, unicode fonts, copy and paste, ultratextgen"
Tulisan Kecil & Huruf Kecil (ₛₘₐₗₗ ᵗⁱⁿʸ) — Generator Copas — Copy and Paste Fonts,https://ultratextgen.com/assets/pinterest/id-tulisan-kecil.png,International Fancy Font Generators,,"Tulisan Kecil & Huruf Kecil (ₛₘₐₗₗ ᵗⁱⁿʸ) — Generator Copas. Bikin & copas tulisan kecil, huruf kecil, dan huruf kecil diatas (superscript) buat bio IG, status WA, caption, & nickname game. Ketik…. Copy and paste stylish Unicode fonts and symbols for bios, captions, usernames and posts — free,…",https://ultratextgen.com/id/tulisan-kecil/?utm_source=pinterest&utm_medium=social&utm_campaign=organic_pins&utm_content=id-tulisan-kecil,,"localized, tulisan kecil & huruf kecil (ₛₘₐₗₗ ᵗⁱⁿʸ) — copas, fancy text generator, copy paste fonts, unicode fonts, copy and paste, ultratextgen"
Tulisan Miring & Font Miring (𝘐𝘵𝘢𝘭𝘪𝘤) — Generator Copas — Copy and Paste Fonts,https://ultratextgen.com/assets/pinterest/id-tulisan-miring.png,International Fancy Font Generators,,"Tulisan Miring & Font Miring (𝘐𝘵𝘢𝘭𝘪𝘤) — Generator Copas. Bikin & copas tulisan miring, font miring, dan huruf miring (𝘪𝘵𝘢𝘭𝘪𝘤) buat bio IG, status WA, caption, & nickname game. Ketik, salin…. Copy and paste stylish Unicode fonts and symbols for bios, captions, usernames and posts — free, fast and…",https://ultratextgen.com/id/tulisan-miring/?utm_source=pinterest&utm_medium=social&utm_campaign=organic_pins&utm_content=id-tulisan-miring,,"localized, tulisan miring & font miring (𝘐𝘵𝘢𝘭𝘪𝘤) — copas, fancy text generator, copy paste fonts, unicode fonts, copy and paste, ultratextgen"
"Generator Tulisan Sambung — 𝓬𝓸𝓹𝓪𝓼 Font Tulisan, Huruf A–Z & Nama — Copy and Paste Fonts",https://ultratextgen.com/assets/pinterest/id-tulisan-sambung.png,International Fancy Font Generators,,"Generator Tulisan Sambung — 𝓬𝓸𝓹𝓪𝓼 Font Tulisan, Huruf A–Z & Nama. Generator tulisan sambung gratis — copas font tulisan latin, semua huruf sambung A–Z, alfabet lengkap, kata-kata populer, dan tanda…. Copy and paste stylish Unicode fonts and symbols for bios, captions, usernames and posts — free,…",https://ultratextgen.com/id/tulisan-sambung/?utm_source=pinterest&utm_medium=social&utm_campaign=organic_pins&utm_content=id-tulisan-sambung,,"localized, generator tulisan sambung — 𝓬𝓸𝓹𝓪𝓼 font tulisan, huruf a–z & nama, fancy text generator, copy paste fonts, unicode fonts, copy and paste, ultratextgen"
Tulisan Tebal & Font Tebal (𝗕𝗼𝗹𝗱) — Generator Copas — Copy and Paste Fonts,https://ultratextgen.com/assets/pinterest/id-tulisan-tebal.png,International Fancy Font Generators,,"Tulisan Tebal & Font Tebal (𝗕𝗼𝗹𝗱) — Generator Copas. Bikin & copas tulisan tebal, font tebal, dan huruf tebal (𝗯𝗼𝗹𝗱) buat bio IG, status WA, caption, & nickname game. Ketik, salin, tempel —…. Copy and paste stylish Unicode fonts and symbols for bios, captions, usernames and posts — free, fast…",https://ultratextgen.com/id/tulisan-tebal/?utm_source=pinterest&utm_medium=social&utm_campaign=organic_pins&utm_content=id-tulisan-tebal,,"localized, tulisan tebal & font tebal (𝗕𝗼𝗹𝗱) — copas, fancy text generator, copy paste fonts, unicode fonts, copy and paste, ultratextgen"
Tulisan Terbalik & Font Terbalik (ʞᴉlɐqɹǝʇ) — Generator Copas — Copy and Paste Fonts,https://ultratextgen.com/assets/pinterest/id-tulisan-terbalik.png,International Fancy Font Generators,,"Tulisan Terbalik & Font Terbalik (ʞᴉlɐqɹǝʇ) — Generator Copas. Bikin & copas tulisan terbalik, font terbalik, dan huruf kebalik (ʞᴉlɐqɹǝʇ) buat bio unik, prank chat, & komentar anti-mainstream…. Copy and paste stylish Unicode fonts and symbols for bios, captions, usernames and posts — free, fast…",https://ultratextgen.com/id/tulisan-terbalik/?utm_source=pinterest&utm_medium=social&utm_campaign=organic_pins&utm_content=id-tulisan-terbalik,,"localized, tulisan terbalik & font terbalik (ʞᴉlɐqɹǝʇ) — copas, fancy text generator, copy paste fonts, unicode fonts, copy and paste, ultratextgen"
Bio IG Aesthetic ✧ Kumpulan Bio Instagram Keren Copy Paste — Copy and Paste Fonts,https://ultratextgen.com/assets/pinterest/id-usecase-bio-ig-aesthetic.png,International Fancy Font Generators,,"Bio IG Aesthetic ✧ Kumpulan Bio Instagram Keren Copy Paste. Kumpulan bio IG aesthetic siap copy paste: bio singkat, bahasa Inggris, motivasi, bio cewek & cowok. Plus generator font bio IG dan…. Copy and paste stylish Unicode fonts and symbols for bios, captions, usernames and posts — free, fast…",https://ultratextgen.com/id/usecase/bio-ig-aesthetic/?utm_source=pinterest&utm_medium=social&utm_campaign=organic_pins&utm_content=id-usecase-bio-ig-aesthetic,,"localized, bio ig aesthetic ✧ kumpulan bio instagram keren copy paste, fancy text generator, copy paste fonts, unicode fonts, copy and paste, ultratextgen"
Bio TikTok Aesthetic ✧ Kumpulan Bio TikTok Keren Copy Paste — Copy and Paste Fonts,https://ultratextgen.com/assets/pinterest/id-usecase-bio-tiktok-aesthetic.png,International Fancy Font Generators,,"Bio TikTok Aesthetic ✧ Kumpulan Bio TikTok Keren Copy Paste. Kumpulan bio TikTok aesthetic siap copy paste: singkat, bahasa Inggris, konten kreator, cewek & cowok. Plus generator font bio TikTok…. Copy and paste stylish Unicode fonts and symbols for bios, captions, usernames and posts — free,…",https://ultratextgen.com/id/usecase/bio-tiktok-aesthetic/?utm_source=pinterest&utm_medium=social&utm_campaign=organic_pins&utm_content=id-usecase-bio-tiktok-aesthetic,,"localized, bio tiktok aesthetic ✧ kumpulan bio tiktok keren copy paste, fancy text generator, copy paste fonts, unicode fonts, copy and paste, ultratextgen"
Bio WA Aesthetic ✧ Kumpulan Bio & Status WhatsApp Keren Copy Paste — Copy and Paste Fonts,https://ultratextgen.com/assets/pinterest/id-usecase-bio-wa-aesthetic.png,International Fancy Font Generators,,"Bio WA Aesthetic ✧ Kumpulan Bio & Status WhatsApp Keren Copy Paste. Kumpulan bio WA aesthetic siap copy paste: info profil, status singkat, bahasa Inggris, cewek & cowok. Plus generator font bio WhatsApp…. Copy and paste stylish Unicode fonts and symbols for bios, captions, usernames and posts —…",https://ultratextgen.com/id/usecase/bio-wa-aesthetic/?utm_source=pinterest&utm_medium=social&utm_campaign=organic_pins&utm_content=id-usecase-bio-wa-aesthetic,,"localized, bio wa aesthetic ✧ kumpulan bio & status whatsapp keren copy paste, fancy text generator, copy paste fonts, unicode fonts, copy and paste, ultratextgen"
Font Tato — Copy and Paste Fonts — UltraTextGen,https://ultratextgen.com/assets/pinterest/id-usecase-font-tato.png,International Fancy Font Generators,,"Font Tato. Tes tulisan tatomu sebelum ditinta. Copy and paste stylish Unicode fonts and symbols for bios, captions, usernames and posts — free, fast and right in your browser with UltraTextGen.",https://ultratextgen.com/id/usecase/font-tato/?utm_source=pinterest&utm_medium=social&utm_campaign=organic_pins&utm_content=id-usecase-font-tato,,"localized, font tato, fancy text generator, copy paste fonts, unicode fonts, copy and paste, ultratextgen"
Mau Bikin Apa? — Copy and Paste Fonts — UltraTextGen,https://ultratextgen.com/assets/pinterest/id-usecase.png,International Fancy Font Generators,,"Mau Bikin Apa?. Pilih alat yang cocok buat kebutuhanmu: font buat bio, font tulisan tato, nama game keren, atau penerjemah emoji. Copy and paste stylish Unicode fonts and symbols for bios, captions, usernames and posts — free, fast and right in your browser with UltraTextGen.",https://ultratextgen.com/id/usecase/?utm_source=pinterest&utm_medium=social&utm_campaign=organic_pins&utm_content=id-usecase,,"localized, mau bikin apa?, fancy text generator, copy paste fonts, unicode fonts, copy and paste, ultratextgen"
Nama COC Keren: Simbol Mahkota ♛ & Generator Nickname Clash of Clans — Copy and Paste,https://ultratextgen.com/assets/pinterest/id-usecase-nama-coc-keren.png,International Fancy Font Generators,,"Nama COC Keren: Simbol Mahkota ♛ & Generator Nickname Clash of Clans. Bikin nama COC keren dengan simbol mahkota ♛, payung ꧁꧂, dan font Unicode. Ketik nama kamu, salin, tempel ke Clash of Clans. Ada…. Copy and paste stylish Unicode fonts and symbols for bios, captions, usernames and posts —…",https://ultratextgen.com/id/usecase/nama-coc-keren/?utm_source=pinterest&utm_medium=social&utm_campaign=organic_pins&utm_content=id-usecase-nama-coc-keren,,"localized, nama coc keren: simbol mahkota ♛ & nickname clash of clans, fancy text generator, copy paste fonts, unicode fonts, copy and paste, ultratextgen"
Nama Couple FF Aesthetic: Generator Nama Pasangan Kembar ꧁♡꧂ Free Fire — Copy and Paste,https://ultratextgen.com/assets/pinterest/id-usecase-nama-couple-ff-aesthetic.png,International Fancy Font Generators,,"Nama Couple FF Aesthetic: Generator Nama Pasangan Kembar ꧁♡꧂ Free Fire. Generator nama couple FF aesthetic — bikin dua nama pasangan yang kembar dengan tema & bingkai sama, atau gaya His & Hers. Ketik dua…. Copy and paste stylish Unicode fonts and symbols for bios, captions, usernames and posts…",https://ultratextgen.com/id/usecase/nama-couple-ff-aesthetic/?utm_source=pinterest&utm_medium=social&utm_campaign=organic_pins&utm_content=id-usecase-nama-couple-ff-aesthetic,,"localized, nama couple ff aesthetic: nama pasangan kembar ꧁♡꧂ free fire, fancy text generator, copy paste fonts, unicode fonts, copy and paste, ultratextgen"
Nama Discord Keren: Generator Nama Tampilan & Cek Nama — Copy and Paste Fonts,https://ultratextgen.com/assets/pinterest/id-usecase-nama-discord-keren.png,International Fancy Font Generators,,"Nama Discord Keren: Generator Nama Tampilan & Cek Nama. Bikin nama Discord keren dengan font Unicode dan simbol bebas — Discord nerima hampir semua karakter, termasuk spasi. Ketik nama, salin…. Copy and paste stylish Unicode fonts and symbols for bios, captions, usernames and posts — free, fast…",https://ultratextgen.com/id/usecase/nama-discord-keren/?utm_source=pinterest&utm_medium=social&utm_campaign=organic_pins&utm_content=id-usecase-nama-discord-keren,,"localized, nama discord keren: nama tampilan & cek nama, fancy text generator, copy paste fonts, unicode fonts, copy and paste, ultratextgen"
Nama FF Keren Cewek: Aesthetic & Gemes ꧁✿꧂ Siap Salin — Copy and Paste Fonts,https://ultratextgen.com/assets/pinterest/id-usecase-nama-ff-keren-cewek.png,International Fancy Font Generators,,"Nama FF Keren Cewek: Aesthetic & Gemes ꧁✿꧂ Siap Salin. Kumpulan nama FF keren cewek: aesthetic, gemes, coquette 🎀, dan bingkai bunga ꧁✿꧂ yang belum banyak dipakai. Ketik nama kamu, salin…. Copy and paste stylish Unicode fonts and symbols for bios, captions, usernames and posts — free, fast and…",https://ultratextgen.com/id/usecase/nama-ff-keren-cewek/?utm_source=pinterest&utm_medium=social&utm_campaign=organic_pins&utm_content=id-usecase-nama-ff-keren-cewek,,"localized, nama ff keren cewek: aesthetic & gemes ꧁✿꧂ siap salin, fancy text generator, copy paste fonts, unicode fonts, copy and paste, ultratextgen"
"Nama FF Keren Cowok: Sangar, Pro & Jagoan ꧁༒꧂ Siap Salin — Copy and Paste Fonts",https://ultratextgen.com/assets/pinterest/id-usecase-nama-ff-keren-cowok.png,International Fancy Font Generators,,"Nama FF Keren Cowok: Sangar, Pro & Jagoan ꧁༒꧂ Siap Salin. Kumpulan nama FF keren cowok — sangar, seram, pro player, dan jagoan. Bingkai tengkorak ꧁☠꧂, katakana メ彡, plus generator font. Klik…. Copy and paste stylish Unicode fonts and symbols for bios, captions, usernames and posts — free, fast…",https://ultratextgen.com/id/usecase/nama-ff-keren-cowok/?utm_source=pinterest&utm_medium=social&utm_campaign=organic_pins&utm_content=id-usecase-nama-ff-keren-cowok,,"localized, nama ff keren cowok: sangar, pro & jagoan ꧁༒꧂ siap salin, fancy text generator, copy paste fonts, unicode fonts, copy and paste, ultratextgen"
Nama FF Keren — Copy and Paste Fonts — UltraTextGen,https://ultratextgen.com/assets/pinterest/id-usecase-nama-ff-keren.png,International Fancy Font Generators,,"Nama FF Keren. Simbol payung & font keren buat nickname Free Fire. Copy and paste stylish Unicode fonts and symbols for bios, captions, usernames and posts — free, fast and right in your browser with UltraTextGen.",https://ultratextgen.com/id/usecase/nama-ff-keren/?utm_source=pinterest&utm_medium=social&utm_campaign=organic_pins&utm_content=id-usecase-nama-ff-keren,,"localized, nama ff keren, fancy text generator, copy paste fonts, unicode fonts, copy and paste, ultratextgen"
Nama Fortnite Keren: Generator Nama Tampilan Epic Games + Cek Nama — Copy and Paste Fonts,https://ultratextgen.com/assets/pinterest/id-usecase-nama-fortnite-keren.png,International Fancy Font Generators,,"Nama Fortnite Keren: Generator Nama Tampilan Epic Games + Cek Nama. Bikin nama Fortnite keren pakai font styled — bold, kursif, small caps — yang paling tahan lolos filter Epic Games. Ketik nama, cek…. Copy and paste stylish Unicode fonts and symbols for bios, captions, usernames and posts —…",https://ultratextgen.com/id/usecase/nama-fortnite-keren/?utm_source=pinterest&utm_medium=social&utm_campaign=organic_pins&utm_content=id-usecase-nama-fortnite-keren,,"localized, nama fortnite keren: nama tampilan epic games + cek nama, fancy text generator, copy paste fonts, unicode fonts, copy and paste, ultratextgen"
Nama Guild FF Keren — Copy and Paste Fonts,https://ultratextgen.com/assets/pinterest/id-usecase-nama-guild-ff-keren.png,International Fancy Font Generators,,"Nama Guild FF Keren. Tag squad & bingkai nama tim Free Fire. Copy and paste stylish Unicode fonts and symbols for bios, captions, usernames and posts — free, fast and right in your browser with UltraTextGen.",https://ultratextgen.com/id/usecase/nama-guild-ff-keren/?utm_source=pinterest&utm_medium=social&utm_campaign=organic_pins&utm_content=id-usecase-nama-guild-ff-keren,,"localized, nama guild ff keren, fancy text generator, copy paste fonts, unicode fonts, copy and paste, ultratextgen"
Nama IG Aesthetic ✧ Username Instagram Keren — Generator & Kumpulan Nama — Copy and,https://ultratextgen.com/assets/pinterest/id-usecase-nama-ig-aesthetic.png,International Fancy Font Generators,,"Nama IG Aesthetic ✧ Username Instagram Keren — Generator & Kumpulan Nama. Kumpulan nama IG aesthetic siap copy: username aesthetic girl, nama cowok, nama keren singkat, username bahasa Inggris, sampai gaya xyz…. Copy and paste stylish Unicode fonts and symbols for bios, captions, usernames and…",https://ultratextgen.com/id/usecase/nama-ig-aesthetic/?utm_source=pinterest&utm_medium=social&utm_campaign=organic_pins&utm_content=id-usecase-nama-ig-aesthetic,,"localized, nama ig aesthetic ✧ username instagram keren — & kumpulan nama, fancy text generator, copy paste fonts, unicode fonts, copy and paste, ultratextgen"
"Nama Keren, Alay & Kece — Generator Nama Aesthetic ꧁꧂ + Kumpulan Nama Unik — Copy and",https://ultratextgen.com/assets/pinterest/id-usecase-nama-keren.png,International Fancy Font Generators,,"Nama Keren, Alay & Kece — Generator Nama Aesthetic ꧁꧂ + Kumpulan Nama Unik. Generator nama keren (banyak yang nyebutnya nama alay atau nama kece), nama aesthetic, dan nama unik ꧁꧂ ★彡. Ketik nama kamu, pilih font…. Copy and paste stylish Unicode fonts and symbols for bios, captions, usernames and…",https://ultratextgen.com/id/usecase/nama-keren/?utm_source=pinterest&utm_medium=social&utm_campaign=organic_pins&utm_content=id-usecase-nama-keren,,"localized, nama keren, alay & kece — nama aesthetic ꧁꧂ + kumpulan nama unik, fancy text generator, copy paste fonts, unicode fonts, copy and paste, ultratextgen"
"Nama ML Keren Cowok: Sangar, Pro & Simbol ꧁☬꧂ Nickname Mobile Legends — Copy and Paste",https://ultratextgen.com/assets/pinterest/id-usecase-nama-ml-keren-cowok.png,International Fancy Font Generators,,"Nama ML Keren Cowok: Sangar, Pro & Simbol ꧁☬꧂ Nickname Mobile Legends. Kumpulan nama ML keren cowok — sangar, pro, dan bertema hero. Bingkai ꧁☬꧂, katakana メ彡, kanji 鬼, plus generator font. Ketik nama kamu…. Copy and paste stylish Unicode fonts and symbols for bios, captions, usernames and posts…",https://ultratextgen.com/id/usecase/nama-ml-keren-cowok/?utm_source=pinterest&utm_medium=social&utm_campaign=organic_pins&utm_content=id-usecase-nama-ml-keren-cowok,,"localized, nama ml keren cowok: sangar, pro & simbol ꧁☬꧂ nickname mobile legends, fancy text generator, copy paste fonts, unicode fonts, copy and paste, ultratextgen"
Nama ML Aesthetic Girl: Font Cantik ✿ & Simbol Nickname Mobile Legends — Copy and Paste,https://ultratextgen.com/assets/pinterest/id-usecase-nama-ml-keren-girl.png,International Fancy Font Generators,,"Nama ML Aesthetic Girl: Font Cantik ✿ & Simbol Nickname Mobile Legends. Kumpulan nama ML aesthetic girl + generator font cantik buat nickname Mobile Legends cewek. Font kursif, simbol bunga ✿, pita 🎀, dan…. Copy and paste stylish Unicode fonts and symbols for bios, captions, usernames and posts…",https://ultratextgen.com/id/usecase/nama-ml-keren-girl/?utm_source=pinterest&utm_medium=social&utm_campaign=organic_pins&utm_content=id-usecase-nama-ml-keren-girl,,"localized, nama ml aesthetic girl: font cantik ✿ & simbol nickname mobile legends, fancy text generator, copy paste fonts, unicode fonts, copy and paste, ultratextgen"
