Title,Media URL,Pinterest board,Thumbnail,Description,Link,Publish date,Keywords
Calligraphy Letter A — Blackletter & Script Styles to Copy or Print Fonts and Symbols,https://ultratextgen.com/assets/pinterest/printables-calligraphy-alphabet-letter-a.png,Fancy Text Generator & Copy Paste Fonts,,"Copy and paste Calligraphy Letter A — Blackletter & Script Styles to Copy or Print fonts, symbols and styled text for display names, usernames, bios, posts and chats. The letter A in calligraphy — ornate blackletter and elegant script forms of A/a to copy, print, or download as a PNG. Free, no…",https://ultratextgen.com/printables/calligraphy-alphabet/letter-a/?utm_source=pinterest&utm_medium=social&utm_campaign=organic_pins&utm_content=printables-calligraphy-alphabet-letter-a,,"printables, calligraphy letter a — blackletter & script styles to copy or print, calligraphy letter a — blackletter & script styles to copy or print fonts, calligraphy letter a — blackletter & script styles to copy or print symbols, copy and paste fonts, fancy text, copy and paste, ultratextgen"
Calligraphy Letter B — Blackletter & Script Styles to Copy or Print Fonts and Symbols,https://ultratextgen.com/assets/pinterest/printables-calligraphy-alphabet-letter-b.png,Fancy Text Generator & Copy Paste Fonts,,"Copy and paste Calligraphy Letter B — Blackletter & Script Styles to Copy or Print fonts, symbols and styled text for display names, usernames, bios, posts and chats. The letter B in calligraphy — ornate blackletter and elegant script forms of B/b to copy, print, or download as a PNG. Free, no…",https://ultratextgen.com/printables/calligraphy-alphabet/letter-b/?utm_source=pinterest&utm_medium=social&utm_campaign=organic_pins&utm_content=printables-calligraphy-alphabet-letter-b,,"printables, calligraphy letter b — blackletter & script styles to copy or print, calligraphy letter b — blackletter & script styles to copy or print fonts, calligraphy letter b — blackletter & script styles to copy or print symbols, copy and paste fonts, fancy text, copy and paste, ultratextgen"
Calligraphy Letter C — Blackletter & Script Styles to Copy or Print Fonts and Symbols,https://ultratextgen.com/assets/pinterest/printables-calligraphy-alphabet-letter-c.png,Fancy Text Generator & Copy Paste Fonts,,"Copy and paste Calligraphy Letter C — Blackletter & Script Styles to Copy or Print fonts, symbols and styled text for display names, usernames, bios, posts and chats. The letter C in calligraphy — ornate blackletter and elegant script forms of C/c to copy, print, or download as a PNG. Free, no…",https://ultratextgen.com/printables/calligraphy-alphabet/letter-c/?utm_source=pinterest&utm_medium=social&utm_campaign=organic_pins&utm_content=printables-calligraphy-alphabet-letter-c,,"printables, calligraphy letter c — blackletter & script styles to copy or print, calligraphy letter c — blackletter & script styles to copy or print fonts, calligraphy letter c — blackletter & script styles to copy or print symbols, copy and paste fonts, fancy text, copy and paste, ultratextgen"
Calligraphy Letter D — Blackletter & Script Styles to Copy or Print Fonts and Symbols,https://ultratextgen.com/assets/pinterest/printables-calligraphy-alphabet-letter-d.png,Fancy Text Generator & Copy Paste Fonts,,"Copy and paste Calligraphy Letter D — Blackletter & Script Styles to Copy or Print fonts, symbols and styled text for display names, usernames, bios, posts and chats. The letter D in calligraphy — ornate blackletter and elegant script forms of D/d to copy, print, or download as a PNG. Free, no…",https://ultratextgen.com/printables/calligraphy-alphabet/letter-d/?utm_source=pinterest&utm_medium=social&utm_campaign=organic_pins&utm_content=printables-calligraphy-alphabet-letter-d,,"printables, calligraphy letter d — blackletter & script styles to copy or print, calligraphy letter d — blackletter & script styles to copy or print fonts, calligraphy letter d — blackletter & script styles to copy or print symbols, copy and paste fonts, fancy text, copy and paste, ultratextgen"
Calligraphy Letter E — Blackletter & Script Styles to Copy or Print Fonts and Symbols,https://ultratextgen.com/assets/pinterest/printables-calligraphy-alphabet-letter-e.png,Fancy Text Generator & Copy Paste Fonts,,"Copy and paste Calligraphy Letter E — Blackletter & Script Styles to Copy or Print fonts, symbols and styled text for display names, usernames, bios, posts and chats. The letter E in calligraphy — ornate blackletter and elegant script forms of E/e to copy, print, or download as a PNG. Free, no…",https://ultratextgen.com/printables/calligraphy-alphabet/letter-e/?utm_source=pinterest&utm_medium=social&utm_campaign=organic_pins&utm_content=printables-calligraphy-alphabet-letter-e,,"printables, calligraphy letter e — blackletter & script styles to copy or print, calligraphy letter e — blackletter & script styles to copy or print fonts, calligraphy letter e — blackletter & script styles to copy or print symbols, copy and paste fonts, fancy text, copy and paste, ultratextgen"
Calligraphy Letter F — Blackletter & Script Styles to Copy or Print Fonts and Symbols,https://ultratextgen.com/assets/pinterest/printables-calligraphy-alphabet-letter-f.png,Fancy Text Generator & Copy Paste Fonts,,"Copy and paste Calligraphy Letter F — Blackletter & Script Styles to Copy or Print fonts, symbols and styled text for display names, usernames, bios, posts and chats. The letter F in calligraphy — ornate blackletter and elegant script forms of F/f to copy, print, or download as a PNG. Free, no…",https://ultratextgen.com/printables/calligraphy-alphabet/letter-f/?utm_source=pinterest&utm_medium=social&utm_campaign=organic_pins&utm_content=printables-calligraphy-alphabet-letter-f,,"printables, calligraphy letter f — blackletter & script styles to copy or print, calligraphy letter f — blackletter & script styles to copy or print fonts, calligraphy letter f — blackletter & script styles to copy or print symbols, copy and paste fonts, fancy text, copy and paste, ultratextgen"
Calligraphy Letter G — Blackletter & Script Styles to Copy or Print Fonts and Symbols,https://ultratextgen.com/assets/pinterest/printables-calligraphy-alphabet-letter-g.png,Fancy Text Generator & Copy Paste Fonts,,"Copy and paste Calligraphy Letter G — Blackletter & Script Styles to Copy or Print fonts, symbols and styled text for display names, usernames, bios, posts and chats. The letter G in calligraphy — ornate blackletter and elegant script forms of G/g to copy, print, or download as a PNG. Free, no…",https://ultratextgen.com/printables/calligraphy-alphabet/letter-g/?utm_source=pinterest&utm_medium=social&utm_campaign=organic_pins&utm_content=printables-calligraphy-alphabet-letter-g,,"printables, calligraphy letter g — blackletter & script styles to copy or print, calligraphy letter g — blackletter & script styles to copy or print fonts, calligraphy letter g — blackletter & script styles to copy or print symbols, copy and paste fonts, fancy text, copy and paste, ultratextgen"
Calligraphy Letter H — Blackletter & Script Styles to Copy or Print Fonts and Symbols,https://ultratextgen.com/assets/pinterest/printables-calligraphy-alphabet-letter-h.png,Fancy Text Generator & Copy Paste Fonts,,"Copy and paste Calligraphy Letter H — Blackletter & Script Styles to Copy or Print fonts, symbols and styled text for display names, usernames, bios, posts and chats. The letter H in calligraphy — ornate blackletter and elegant script forms of H/h to copy, print, or download as a PNG. Free, no…",https://ultratextgen.com/printables/calligraphy-alphabet/letter-h/?utm_source=pinterest&utm_medium=social&utm_campaign=organic_pins&utm_content=printables-calligraphy-alphabet-letter-h,,"printables, calligraphy letter h — blackletter & script styles to copy or print, calligraphy letter h — blackletter & script styles to copy or print fonts, calligraphy letter h — blackletter & script styles to copy or print symbols, copy and paste fonts, fancy text, copy and paste, ultratextgen"
Calligraphy Letter I — Blackletter & Script Styles to Copy or Print Fonts and Symbols,https://ultratextgen.com/assets/pinterest/printables-calligraphy-alphabet-letter-i.png,Fancy Text Generator & Copy Paste Fonts,,"Copy and paste Calligraphy Letter I — Blackletter & Script Styles to Copy or Print fonts, symbols and styled text for display names, usernames, bios, posts and chats. The letter I in calligraphy — ornate blackletter and elegant script forms of I/i to copy, print, or download as a PNG. Free, no…",https://ultratextgen.com/printables/calligraphy-alphabet/letter-i/?utm_source=pinterest&utm_medium=social&utm_campaign=organic_pins&utm_content=printables-calligraphy-alphabet-letter-i,,"printables, calligraphy letter i — blackletter & script styles to copy or print, calligraphy letter i — blackletter & script styles to copy or print fonts, calligraphy letter i — blackletter & script styles to copy or print symbols, copy and paste fonts, fancy text, copy and paste, ultratextgen"
Calligraphy Letter J — Blackletter & Script Styles to Copy or Print Fonts and Symbols,https://ultratextgen.com/assets/pinterest/printables-calligraphy-alphabet-letter-j.png,Fancy Text Generator & Copy Paste Fonts,,"Copy and paste Calligraphy Letter J — Blackletter & Script Styles to Copy or Print fonts, symbols and styled text for display names, usernames, bios, posts and chats. The letter J in calligraphy — ornate blackletter and elegant script forms of J/j to copy, print, or download as a PNG. Free, no…",https://ultratextgen.com/printables/calligraphy-alphabet/letter-j/?utm_source=pinterest&utm_medium=social&utm_campaign=organic_pins&utm_content=printables-calligraphy-alphabet-letter-j,,"printables, calligraphy letter j — blackletter & script styles to copy or print, calligraphy letter j — blackletter & script styles to copy or print fonts, calligraphy letter j — blackletter & script styles to copy or print symbols, copy and paste fonts, fancy text, copy and paste, ultratextgen"
Calligraphy Letter K — Blackletter & Script Styles to Copy or Print Fonts and Symbols,https://ultratextgen.com/assets/pinterest/printables-calligraphy-alphabet-letter-k.png,Fancy Text Generator & Copy Paste Fonts,,"Copy and paste Calligraphy Letter K — Blackletter & Script Styles to Copy or Print fonts, symbols and styled text for display names, usernames, bios, posts and chats. The letter K in calligraphy — ornate blackletter and elegant script forms of K/k to copy, print, or download as a PNG. Free, no…",https://ultratextgen.com/printables/calligraphy-alphabet/letter-k/?utm_source=pinterest&utm_medium=social&utm_campaign=organic_pins&utm_content=printables-calligraphy-alphabet-letter-k,,"printables, calligraphy letter k — blackletter & script styles to copy or print, calligraphy letter k — blackletter & script styles to copy or print fonts, calligraphy letter k — blackletter & script styles to copy or print symbols, copy and paste fonts, fancy text, copy and paste, ultratextgen"
Calligraphy Letter L — Blackletter & Script Styles to Copy or Print Fonts and Symbols,https://ultratextgen.com/assets/pinterest/printables-calligraphy-alphabet-letter-l.png,Fancy Text Generator & Copy Paste Fonts,,"Copy and paste Calligraphy Letter L — Blackletter & Script Styles to Copy or Print fonts, symbols and styled text for display names, usernames, bios, posts and chats. The letter L in calligraphy — ornate blackletter and elegant script forms of L/l to copy, print, or download as a PNG. Free, no…",https://ultratextgen.com/printables/calligraphy-alphabet/letter-l/?utm_source=pinterest&utm_medium=social&utm_campaign=organic_pins&utm_content=printables-calligraphy-alphabet-letter-l,,"printables, calligraphy letter l — blackletter & script styles to copy or print, calligraphy letter l — blackletter & script styles to copy or print fonts, calligraphy letter l — blackletter & script styles to copy or print symbols, copy and paste fonts, fancy text, copy and paste, ultratextgen"
Calligraphy Letter M — Blackletter & Script Styles to Copy or Print Fonts and Symbols,https://ultratextgen.com/assets/pinterest/printables-calligraphy-alphabet-letter-m.png,Fancy Text Generator & Copy Paste Fonts,,"Copy and paste Calligraphy Letter M — Blackletter & Script Styles to Copy or Print fonts, symbols and styled text for display names, usernames, bios, posts and chats. The letter M in calligraphy — ornate blackletter and elegant script forms of M/m to copy, print, or download as a PNG. Free, no…",https://ultratextgen.com/printables/calligraphy-alphabet/letter-m/?utm_source=pinterest&utm_medium=social&utm_campaign=organic_pins&utm_content=printables-calligraphy-alphabet-letter-m,,"printables, calligraphy letter m — blackletter & script styles to copy or print, calligraphy letter m — blackletter & script styles to copy or print fonts, calligraphy letter m — blackletter & script styles to copy or print symbols, copy and paste fonts, fancy text, copy and paste, ultratextgen"
Calligraphy Letter N — Blackletter & Script Styles to Copy or Print Fonts and Symbols,https://ultratextgen.com/assets/pinterest/printables-calligraphy-alphabet-letter-n.png,Fancy Text Generator & Copy Paste Fonts,,"Copy and paste Calligraphy Letter N — Blackletter & Script Styles to Copy or Print fonts, symbols and styled text for display names, usernames, bios, posts and chats. The letter N in calligraphy — ornate blackletter and elegant script forms of N/n to copy, print, or download as a PNG. Free, no…",https://ultratextgen.com/printables/calligraphy-alphabet/letter-n/?utm_source=pinterest&utm_medium=social&utm_campaign=organic_pins&utm_content=printables-calligraphy-alphabet-letter-n,,"printables, calligraphy letter n — blackletter & script styles to copy or print, calligraphy letter n — blackletter & script styles to copy or print fonts, calligraphy letter n — blackletter & script styles to copy or print symbols, copy and paste fonts, fancy text, copy and paste, ultratextgen"
Calligraphy Letter O — Blackletter & Script Styles to Copy or Print Fonts and Symbols,https://ultratextgen.com/assets/pinterest/printables-calligraphy-alphabet-letter-o.png,Fancy Text Generator & Copy Paste Fonts,,"Copy and paste Calligraphy Letter O — Blackletter & Script Styles to Copy or Print fonts, symbols and styled text for display names, usernames, bios, posts and chats. The letter O in calligraphy — ornate blackletter and elegant script forms of O/o to copy, print, or download as a PNG. Free, no…",https://ultratextgen.com/printables/calligraphy-alphabet/letter-o/?utm_source=pinterest&utm_medium=social&utm_campaign=organic_pins&utm_content=printables-calligraphy-alphabet-letter-o,,"printables, calligraphy letter o — blackletter & script styles to copy or print, calligraphy letter o — blackletter & script styles to copy or print fonts, calligraphy letter o — blackletter & script styles to copy or print symbols, copy and paste fonts, fancy text, copy and paste, ultratextgen"
Calligraphy Letter P — Blackletter & Script Styles to Copy or Print Fonts and Symbols,https://ultratextgen.com/assets/pinterest/printables-calligraphy-alphabet-letter-p.png,Fancy Text Generator & Copy Paste Fonts,,"Copy and paste Calligraphy Letter P — Blackletter & Script Styles to Copy or Print fonts, symbols and styled text for display names, usernames, bios, posts and chats. The letter P in calligraphy — ornate blackletter and elegant script forms of P/p to copy, print, or download as a PNG. Free, no…",https://ultratextgen.com/printables/calligraphy-alphabet/letter-p/?utm_source=pinterest&utm_medium=social&utm_campaign=organic_pins&utm_content=printables-calligraphy-alphabet-letter-p,,"printables, calligraphy letter p — blackletter & script styles to copy or print, calligraphy letter p — blackletter & script styles to copy or print fonts, calligraphy letter p — blackletter & script styles to copy or print symbols, copy and paste fonts, fancy text, copy and paste, ultratextgen"
Calligraphy Letter Q — Blackletter & Script Styles to Copy or Print Fonts and Symbols,https://ultratextgen.com/assets/pinterest/printables-calligraphy-alphabet-letter-q.png,Fancy Text Generator & Copy Paste Fonts,,"Copy and paste Calligraphy Letter Q — Blackletter & Script Styles to Copy or Print fonts, symbols and styled text for display names, usernames, bios, posts and chats. The letter Q in calligraphy — ornate blackletter and elegant script forms of Q/q to copy, print, or download as a PNG. Free, no…",https://ultratextgen.com/printables/calligraphy-alphabet/letter-q/?utm_source=pinterest&utm_medium=social&utm_campaign=organic_pins&utm_content=printables-calligraphy-alphabet-letter-q,,"printables, calligraphy letter q — blackletter & script styles to copy or print, calligraphy letter q — blackletter & script styles to copy or print fonts, calligraphy letter q — blackletter & script styles to copy or print symbols, copy and paste fonts, fancy text, copy and paste, ultratextgen"
Calligraphy Letter R — Blackletter & Script Styles to Copy or Print Fonts and Symbols,https://ultratextgen.com/assets/pinterest/printables-calligraphy-alphabet-letter-r.png,Fancy Text Generator & Copy Paste Fonts,,"Copy and paste Calligraphy Letter R — Blackletter & Script Styles to Copy or Print fonts, symbols and styled text for display names, usernames, bios, posts and chats. The letter R in calligraphy — ornate blackletter and elegant script forms of R/r to copy, print, or download as a PNG. Free, no…",https://ultratextgen.com/printables/calligraphy-alphabet/letter-r/?utm_source=pinterest&utm_medium=social&utm_campaign=organic_pins&utm_content=printables-calligraphy-alphabet-letter-r,,"printables, calligraphy letter r — blackletter & script styles to copy or print, calligraphy letter r — blackletter & script styles to copy or print fonts, calligraphy letter r — blackletter & script styles to copy or print symbols, copy and paste fonts, fancy text, copy and paste, ultratextgen"
Calligraphy Letter S — Blackletter & Script Styles to Copy or Print Fonts and Symbols,https://ultratextgen.com/assets/pinterest/printables-calligraphy-alphabet-letter-s.png,Fancy Text Generator & Copy Paste Fonts,,"Copy and paste Calligraphy Letter S — Blackletter & Script Styles to Copy or Print fonts, symbols and styled text for display names, usernames, bios, posts and chats. The letter S in calligraphy — ornate blackletter and elegant script forms of S/s to copy, print, or download as a PNG. Free, no…",https://ultratextgen.com/printables/calligraphy-alphabet/letter-s/?utm_source=pinterest&utm_medium=social&utm_campaign=organic_pins&utm_content=printables-calligraphy-alphabet-letter-s,,"printables, calligraphy letter s — blackletter & script styles to copy or print, calligraphy letter s — blackletter & script styles to copy or print fonts, calligraphy letter s — blackletter & script styles to copy or print symbols, copy and paste fonts, fancy text, copy and paste, ultratextgen"
Calligraphy Letter T — Blackletter & Script Styles to Copy or Print Fonts and Symbols,https://ultratextgen.com/assets/pinterest/printables-calligraphy-alphabet-letter-t.png,Fancy Text Generator & Copy Paste Fonts,,"Copy and paste Calligraphy Letter T — Blackletter & Script Styles to Copy or Print fonts, symbols and styled text for display names, usernames, bios, posts and chats. The letter T in calligraphy — ornate blackletter and elegant script forms of T/t to copy, print, or download as a PNG. Free, no…",https://ultratextgen.com/printables/calligraphy-alphabet/letter-t/?utm_source=pinterest&utm_medium=social&utm_campaign=organic_pins&utm_content=printables-calligraphy-alphabet-letter-t,,"printables, calligraphy letter t — blackletter & script styles to copy or print, calligraphy letter t — blackletter & script styles to copy or print fonts, calligraphy letter t — blackletter & script styles to copy or print symbols, copy and paste fonts, fancy text, copy and paste, ultratextgen"
Calligraphy Letter U — Blackletter & Script Styles to Copy or Print Fonts and Symbols,https://ultratextgen.com/assets/pinterest/printables-calligraphy-alphabet-letter-u.png,Fancy Text Generator & Copy Paste Fonts,,"Copy and paste Calligraphy Letter U — Blackletter & Script Styles to Copy or Print fonts, symbols and styled text for display names, usernames, bios, posts and chats. The letter U in calligraphy — ornate blackletter and elegant script forms of U/u to copy, print, or download as a PNG. Free, no…",https://ultratextgen.com/printables/calligraphy-alphabet/letter-u/?utm_source=pinterest&utm_medium=social&utm_campaign=organic_pins&utm_content=printables-calligraphy-alphabet-letter-u,,"printables, calligraphy letter u — blackletter & script styles to copy or print, calligraphy letter u — blackletter & script styles to copy or print fonts, calligraphy letter u — blackletter & script styles to copy or print symbols, copy and paste fonts, fancy text, copy and paste, ultratextgen"
Calligraphy Letter V — Blackletter & Script Styles to Copy or Print Fonts and Symbols,https://ultratextgen.com/assets/pinterest/printables-calligraphy-alphabet-letter-v.png,Fancy Text Generator & Copy Paste Fonts,,"Copy and paste Calligraphy Letter V — Blackletter & Script Styles to Copy or Print fonts, symbols and styled text for display names, usernames, bios, posts and chats. The letter V in calligraphy — ornate blackletter and elegant script forms of V/v to copy, print, or download as a PNG. Free, no…",https://ultratextgen.com/printables/calligraphy-alphabet/letter-v/?utm_source=pinterest&utm_medium=social&utm_campaign=organic_pins&utm_content=printables-calligraphy-alphabet-letter-v,,"printables, calligraphy letter v — blackletter & script styles to copy or print, calligraphy letter v — blackletter & script styles to copy or print fonts, calligraphy letter v — blackletter & script styles to copy or print symbols, copy and paste fonts, fancy text, copy and paste, ultratextgen"
Calligraphy Letter W — Blackletter & Script Styles to Copy or Print Fonts and Symbols,https://ultratextgen.com/assets/pinterest/printables-calligraphy-alphabet-letter-w.png,Fancy Text Generator & Copy Paste Fonts,,"Copy and paste Calligraphy Letter W — Blackletter & Script Styles to Copy or Print fonts, symbols and styled text for display names, usernames, bios, posts and chats. The letter W in calligraphy — ornate blackletter and elegant script forms of W/w to copy, print, or download as a PNG. Free, no…",https://ultratextgen.com/printables/calligraphy-alphabet/letter-w/?utm_source=pinterest&utm_medium=social&utm_campaign=organic_pins&utm_content=printables-calligraphy-alphabet-letter-w,,"printables, calligraphy letter w — blackletter & script styles to copy or print, calligraphy letter w — blackletter & script styles to copy or print fonts, calligraphy letter w — blackletter & script styles to copy or print symbols, copy and paste fonts, fancy text, copy and paste, ultratextgen"
Calligraphy Letter X — Blackletter & Script Styles to Copy or Print Fonts and Symbols,https://ultratextgen.com/assets/pinterest/printables-calligraphy-alphabet-letter-x.png,Fancy Text Generator & Copy Paste Fonts,,"Copy and paste Calligraphy Letter X — Blackletter & Script Styles to Copy or Print fonts, symbols and styled text for display names, usernames, bios, posts and chats. The letter X in calligraphy — ornate blackletter and elegant script forms of X/x to copy, print, or download as a PNG. Free, no…",https://ultratextgen.com/printables/calligraphy-alphabet/letter-x/?utm_source=pinterest&utm_medium=social&utm_campaign=organic_pins&utm_content=printables-calligraphy-alphabet-letter-x,,"printables, calligraphy letter x — blackletter & script styles to copy or print, calligraphy letter x — blackletter & script styles to copy or print fonts, calligraphy letter x — blackletter & script styles to copy or print symbols, copy and paste fonts, fancy text, copy and paste, ultratextgen"
Calligraphy Letter Y — Blackletter & Script Styles to Copy or Print Fonts and Symbols,https://ultratextgen.com/assets/pinterest/printables-calligraphy-alphabet-letter-y.png,Fancy Text Generator & Copy Paste Fonts,,"Copy and paste Calligraphy Letter Y — Blackletter & Script Styles to Copy or Print fonts, symbols and styled text for display names, usernames, bios, posts and chats. The letter Y in calligraphy — ornate blackletter and elegant script forms of Y/y to copy, print, or download as a PNG. Free, no…",https://ultratextgen.com/printables/calligraphy-alphabet/letter-y/?utm_source=pinterest&utm_medium=social&utm_campaign=organic_pins&utm_content=printables-calligraphy-alphabet-letter-y,,"printables, calligraphy letter y — blackletter & script styles to copy or print, calligraphy letter y — blackletter & script styles to copy or print fonts, calligraphy letter y — blackletter & script styles to copy or print symbols, copy and paste fonts, fancy text, copy and paste, ultratextgen"
Calligraphy Letter Z — Blackletter & Script Styles to Copy or Print Fonts and Symbols,https://ultratextgen.com/assets/pinterest/printables-calligraphy-alphabet-letter-z.png,Fancy Text Generator & Copy Paste Fonts,,"Copy and paste Calligraphy Letter Z — Blackletter & Script Styles to Copy or Print fonts, symbols and styled text for display names, usernames, bios, posts and chats. The letter Z in calligraphy — ornate blackletter and elegant script forms of Z/z to copy, print, or download as a PNG. Free, no…",https://ultratextgen.com/printables/calligraphy-alphabet/letter-z/?utm_source=pinterest&utm_medium=social&utm_campaign=organic_pins&utm_content=printables-calligraphy-alphabet-letter-z,,"printables, calligraphy letter z — blackletter & script styles to copy or print, calligraphy letter z — blackletter & script styles to copy or print fonts, calligraphy letter z — blackletter & script styles to copy or print symbols, copy and paste fonts, fancy text, copy and paste, ultratextgen"
Coloring Page Maker Fonts and Symbols to Copy and Paste,https://ultratextgen.com/assets/pinterest/printables-coloring-page-maker.png,Fancy Text Generator & Copy Paste Fonts,,"Copy and paste Coloring Page Maker fonts, symbols and styled text for display names, usernames, bios, posts and chats. Any name or word becomes a colorable outline to print. Create clean Unicode styles in seconds with UltraTextGen — free and no app needed.",https://ultratextgen.com/printables/coloring-page-maker/?utm_source=pinterest&utm_medium=social&utm_campaign=organic_pins&utm_content=printables-coloring-page-maker,,"printables, coloring page maker, coloring page maker fonts, coloring page maker symbols, copy and paste fonts, fancy text, copy and paste, ultratextgen"
Cross-Stitch Letters Fonts and Symbols to Copy and Paste,https://ultratextgen.com/assets/pinterest/printables-cross-stitch-letters.png,Fancy Text Generator & Copy Paste Fonts,,"Copy and paste Cross-Stitch Letters fonts, symbols and styled text for display names, usernames, bios, posts and chats. Any word as a charted stitch pattern. Create clean Unicode styles in seconds with UltraTextGen — free and no app needed.",https://ultratextgen.com/printables/cross-stitch-letters/?utm_source=pinterest&utm_medium=social&utm_campaign=organic_pins&utm_content=printables-cross-stitch-letters,,"printables, cross-stitch letters, cross-stitch letters fonts, cross-stitch letters symbols, copy and paste fonts, fancy text, copy and paste, ultratextgen"
Cursive Alphabet Fonts and Symbols to Copy and Paste,https://ultratextgen.com/assets/pinterest/printables-cursive-alphabet.png,Instagram Bio Symbols & Aesthetic Text,,"Copy and paste Cursive Alphabet fonts, symbols and styled text for display names, usernames, bios, posts and chats. Cursive A-Z practice sheets to trace and print. Create clean Unicode styles in seconds with UltraTextGen — free and no app needed.",https://ultratextgen.com/printables/cursive-alphabet/?utm_source=pinterest&utm_medium=social&utm_campaign=organic_pins&utm_content=printables-cursive-alphabet,,"printables, cursive alphabet, cursive alphabet fonts, cursive alphabet symbols, copy and paste fonts, fancy text, copy and paste, ultratextgen"
Cursive A Fonts and Symbols to Copy and Paste,https://ultratextgen.com/assets/pinterest/printables-cursive-alphabet-letter-a.png,Instagram Bio Symbols & Aesthetic Text,,"Copy and paste Cursive A fonts, symbols and styled text for display names, usernames, bios, posts and chats. Capital & lowercase A in cursive — free printable. Create clean Unicode styles in seconds with UltraTextGen — free and no app needed.",https://ultratextgen.com/printables/cursive-alphabet/letter-a/?utm_source=pinterest&utm_medium=social&utm_campaign=organic_pins&utm_content=printables-cursive-alphabet-letter-a,,"printables, cursive a, cursive a fonts, cursive a symbols, copy and paste fonts, fancy text, copy and paste, ultratextgen"
Cursive B Fonts and Symbols to Copy and Paste,https://ultratextgen.com/assets/pinterest/printables-cursive-alphabet-letter-b.png,Instagram Bio Symbols & Aesthetic Text,,"Copy and paste Cursive B fonts, symbols and styled text for display names, usernames, bios, posts and chats. Capital & lowercase B in cursive — free printable. Create clean Unicode styles in seconds with UltraTextGen — free and no app needed.",https://ultratextgen.com/printables/cursive-alphabet/letter-b/?utm_source=pinterest&utm_medium=social&utm_campaign=organic_pins&utm_content=printables-cursive-alphabet-letter-b,,"printables, cursive b, cursive b fonts, cursive b symbols, copy and paste fonts, fancy text, copy and paste, ultratextgen"
Cursive C Fonts and Symbols to Copy and Paste,https://ultratextgen.com/assets/pinterest/printables-cursive-alphabet-letter-c.png,Instagram Bio Symbols & Aesthetic Text,,"Copy and paste Cursive C fonts, symbols and styled text for display names, usernames, bios, posts and chats. Capital & lowercase C in cursive — free printable. Create clean Unicode styles in seconds with UltraTextGen — free and no app needed.",https://ultratextgen.com/printables/cursive-alphabet/letter-c/?utm_source=pinterest&utm_medium=social&utm_campaign=organic_pins&utm_content=printables-cursive-alphabet-letter-c,,"printables, cursive c, cursive c fonts, cursive c symbols, copy and paste fonts, fancy text, copy and paste, ultratextgen"
Cursive D Fonts and Symbols to Copy and Paste,https://ultratextgen.com/assets/pinterest/printables-cursive-alphabet-letter-d.png,Instagram Bio Symbols & Aesthetic Text,,"Copy and paste Cursive D fonts, symbols and styled text for display names, usernames, bios, posts and chats. Capital & lowercase D in cursive — free printable. Create clean Unicode styles in seconds with UltraTextGen — free and no app needed.",https://ultratextgen.com/printables/cursive-alphabet/letter-d/?utm_source=pinterest&utm_medium=social&utm_campaign=organic_pins&utm_content=printables-cursive-alphabet-letter-d,,"printables, cursive d, cursive d fonts, cursive d symbols, copy and paste fonts, fancy text, copy and paste, ultratextgen"
Cursive E Fonts and Symbols to Copy and Paste,https://ultratextgen.com/assets/pinterest/printables-cursive-alphabet-letter-e.png,Instagram Bio Symbols & Aesthetic Text,,"Copy and paste Cursive E fonts, symbols and styled text for display names, usernames, bios, posts and chats. Capital & lowercase E in cursive — free printable. Create clean Unicode styles in seconds with UltraTextGen — free and no app needed.",https://ultratextgen.com/printables/cursive-alphabet/letter-e/?utm_source=pinterest&utm_medium=social&utm_campaign=organic_pins&utm_content=printables-cursive-alphabet-letter-e,,"printables, cursive e, cursive e fonts, cursive e symbols, copy and paste fonts, fancy text, copy and paste, ultratextgen"
Cursive F Fonts and Symbols to Copy and Paste,https://ultratextgen.com/assets/pinterest/printables-cursive-alphabet-letter-f.png,Instagram Bio Symbols & Aesthetic Text,,"Copy and paste Cursive F fonts, symbols and styled text for display names, usernames, bios, posts and chats. Capital & lowercase F in cursive — free printable. Create clean Unicode styles in seconds with UltraTextGen — free and no app needed.",https://ultratextgen.com/printables/cursive-alphabet/letter-f/?utm_source=pinterest&utm_medium=social&utm_campaign=organic_pins&utm_content=printables-cursive-alphabet-letter-f,,"printables, cursive f, cursive f fonts, cursive f symbols, copy and paste fonts, fancy text, copy and paste, ultratextgen"
Cursive G Fonts and Symbols to Copy and Paste,https://ultratextgen.com/assets/pinterest/printables-cursive-alphabet-letter-g.png,Instagram Bio Symbols & Aesthetic Text,,"Copy and paste Cursive G fonts, symbols and styled text for display names, usernames, bios, posts and chats. Capital & lowercase G in cursive — free printable. Create clean Unicode styles in seconds with UltraTextGen — free and no app needed.",https://ultratextgen.com/printables/cursive-alphabet/letter-g/?utm_source=pinterest&utm_medium=social&utm_campaign=organic_pins&utm_content=printables-cursive-alphabet-letter-g,,"printables, cursive g, cursive g fonts, cursive g symbols, copy and paste fonts, fancy text, copy and paste, ultratextgen"
Cursive H Fonts and Symbols to Copy and Paste,https://ultratextgen.com/assets/pinterest/printables-cursive-alphabet-letter-h.png,Instagram Bio Symbols & Aesthetic Text,,"Copy and paste Cursive H fonts, symbols and styled text for display names, usernames, bios, posts and chats. Capital & lowercase H in cursive — free printable. Create clean Unicode styles in seconds with UltraTextGen — free and no app needed.",https://ultratextgen.com/printables/cursive-alphabet/letter-h/?utm_source=pinterest&utm_medium=social&utm_campaign=organic_pins&utm_content=printables-cursive-alphabet-letter-h,,"printables, cursive h, cursive h fonts, cursive h symbols, copy and paste fonts, fancy text, copy and paste, ultratextgen"
Cursive I Fonts and Symbols to Copy and Paste,https://ultratextgen.com/assets/pinterest/printables-cursive-alphabet-letter-i.png,Instagram Bio Symbols & Aesthetic Text,,"Copy and paste Cursive I fonts, symbols and styled text for display names, usernames, bios, posts and chats. Capital & lowercase I in cursive — free printable. Create clean Unicode styles in seconds with UltraTextGen — free and no app needed.",https://ultratextgen.com/printables/cursive-alphabet/letter-i/?utm_source=pinterest&utm_medium=social&utm_campaign=organic_pins&utm_content=printables-cursive-alphabet-letter-i,,"printables, cursive i, cursive i fonts, cursive i symbols, copy and paste fonts, fancy text, copy and paste, ultratextgen"
Cursive J Fonts and Symbols to Copy and Paste,https://ultratextgen.com/assets/pinterest/printables-cursive-alphabet-letter-j.png,Instagram Bio Symbols & Aesthetic Text,,"Copy and paste Cursive J fonts, symbols and styled text for display names, usernames, bios, posts and chats. Capital & lowercase J in cursive — free printable. Create clean Unicode styles in seconds with UltraTextGen — free and no app needed.",https://ultratextgen.com/printables/cursive-alphabet/letter-j/?utm_source=pinterest&utm_medium=social&utm_campaign=organic_pins&utm_content=printables-cursive-alphabet-letter-j,,"printables, cursive j, cursive j fonts, cursive j symbols, copy and paste fonts, fancy text, copy and paste, ultratextgen"
Cursive K Fonts and Symbols to Copy and Paste,https://ultratextgen.com/assets/pinterest/printables-cursive-alphabet-letter-k.png,Instagram Bio Symbols & Aesthetic Text,,"Copy and paste Cursive K fonts, symbols and styled text for display names, usernames, bios, posts and chats. Capital & lowercase K in cursive — free printable. Create clean Unicode styles in seconds with UltraTextGen — free and no app needed.",https://ultratextgen.com/printables/cursive-alphabet/letter-k/?utm_source=pinterest&utm_medium=social&utm_campaign=organic_pins&utm_content=printables-cursive-alphabet-letter-k,,"printables, cursive k, cursive k fonts, cursive k symbols, copy and paste fonts, fancy text, copy and paste, ultratextgen"
Cursive L Fonts and Symbols to Copy and Paste,https://ultratextgen.com/assets/pinterest/printables-cursive-alphabet-letter-l.png,Instagram Bio Symbols & Aesthetic Text,,"Copy and paste Cursive L fonts, symbols and styled text for display names, usernames, bios, posts and chats. Capital & lowercase L in cursive — free printable. Create clean Unicode styles in seconds with UltraTextGen — free and no app needed.",https://ultratextgen.com/printables/cursive-alphabet/letter-l/?utm_source=pinterest&utm_medium=social&utm_campaign=organic_pins&utm_content=printables-cursive-alphabet-letter-l,,"printables, cursive l, cursive l fonts, cursive l symbols, copy and paste fonts, fancy text, copy and paste, ultratextgen"
Cursive M Fonts and Symbols to Copy and Paste,https://ultratextgen.com/assets/pinterest/printables-cursive-alphabet-letter-m.png,Instagram Bio Symbols & Aesthetic Text,,"Copy and paste Cursive M fonts, symbols and styled text for display names, usernames, bios, posts and chats. Capital & lowercase M in cursive — free printable. Create clean Unicode styles in seconds with UltraTextGen — free and no app needed.",https://ultratextgen.com/printables/cursive-alphabet/letter-m/?utm_source=pinterest&utm_medium=social&utm_campaign=organic_pins&utm_content=printables-cursive-alphabet-letter-m,,"printables, cursive m, cursive m fonts, cursive m symbols, copy and paste fonts, fancy text, copy and paste, ultratextgen"
Cursive N Fonts and Symbols to Copy and Paste,https://ultratextgen.com/assets/pinterest/printables-cursive-alphabet-letter-n.png,Instagram Bio Symbols & Aesthetic Text,,"Copy and paste Cursive N fonts, symbols and styled text for display names, usernames, bios, posts and chats. Capital & lowercase N in cursive — free printable. Create clean Unicode styles in seconds with UltraTextGen — free and no app needed.",https://ultratextgen.com/printables/cursive-alphabet/letter-n/?utm_source=pinterest&utm_medium=social&utm_campaign=organic_pins&utm_content=printables-cursive-alphabet-letter-n,,"printables, cursive n, cursive n fonts, cursive n symbols, copy and paste fonts, fancy text, copy and paste, ultratextgen"
Cursive O Fonts and Symbols to Copy and Paste,https://ultratextgen.com/assets/pinterest/printables-cursive-alphabet-letter-o.png,Instagram Bio Symbols & Aesthetic Text,,"Copy and paste Cursive O fonts, symbols and styled text for display names, usernames, bios, posts and chats. Capital & lowercase O in cursive — free printable. Create clean Unicode styles in seconds with UltraTextGen — free and no app needed.",https://ultratextgen.com/printables/cursive-alphabet/letter-o/?utm_source=pinterest&utm_medium=social&utm_campaign=organic_pins&utm_content=printables-cursive-alphabet-letter-o,,"printables, cursive o, cursive o fonts, cursive o symbols, copy and paste fonts, fancy text, copy and paste, ultratextgen"
Cursive P Fonts and Symbols to Copy and Paste,https://ultratextgen.com/assets/pinterest/printables-cursive-alphabet-letter-p.png,Instagram Bio Symbols & Aesthetic Text,,"Copy and paste Cursive P fonts, symbols and styled text for display names, usernames, bios, posts and chats. Capital & lowercase P in cursive — free printable. Create clean Unicode styles in seconds with UltraTextGen — free and no app needed.",https://ultratextgen.com/printables/cursive-alphabet/letter-p/?utm_source=pinterest&utm_medium=social&utm_campaign=organic_pins&utm_content=printables-cursive-alphabet-letter-p,,"printables, cursive p, cursive p fonts, cursive p symbols, copy and paste fonts, fancy text, copy and paste, ultratextgen"
Cursive Q Fonts and Symbols to Copy and Paste,https://ultratextgen.com/assets/pinterest/printables-cursive-alphabet-letter-q.png,Instagram Bio Symbols & Aesthetic Text,,"Copy and paste Cursive Q fonts, symbols and styled text for display names, usernames, bios, posts and chats. Capital & lowercase Q in cursive — free printable. Create clean Unicode styles in seconds with UltraTextGen — free and no app needed.",https://ultratextgen.com/printables/cursive-alphabet/letter-q/?utm_source=pinterest&utm_medium=social&utm_campaign=organic_pins&utm_content=printables-cursive-alphabet-letter-q,,"printables, cursive q, cursive q fonts, cursive q symbols, copy and paste fonts, fancy text, copy and paste, ultratextgen"
Cursive R Fonts and Symbols to Copy and Paste,https://ultratextgen.com/assets/pinterest/printables-cursive-alphabet-letter-r.png,Instagram Bio Symbols & Aesthetic Text,,"Copy and paste Cursive R fonts, symbols and styled text for display names, usernames, bios, posts and chats. Capital & lowercase R in cursive — free printable. Create clean Unicode styles in seconds with UltraTextGen — free and no app needed.",https://ultratextgen.com/printables/cursive-alphabet/letter-r/?utm_source=pinterest&utm_medium=social&utm_campaign=organic_pins&utm_content=printables-cursive-alphabet-letter-r,,"printables, cursive r, cursive r fonts, cursive r symbols, copy and paste fonts, fancy text, copy and paste, ultratextgen"
Cursive S Fonts and Symbols to Copy and Paste,https://ultratextgen.com/assets/pinterest/printables-cursive-alphabet-letter-s.png,Instagram Bio Symbols & Aesthetic Text,,"Copy and paste Cursive S fonts, symbols and styled text for display names, usernames, bios, posts and chats. Capital & lowercase S in cursive — free printable. Create clean Unicode styles in seconds with UltraTextGen — free and no app needed.",https://ultratextgen.com/printables/cursive-alphabet/letter-s/?utm_source=pinterest&utm_medium=social&utm_campaign=organic_pins&utm_content=printables-cursive-alphabet-letter-s,,"printables, cursive s, cursive s fonts, cursive s symbols, copy and paste fonts, fancy text, copy and paste, ultratextgen"
Cursive T Fonts and Symbols to Copy and Paste,https://ultratextgen.com/assets/pinterest/printables-cursive-alphabet-letter-t.png,Instagram Bio Symbols & Aesthetic Text,,"Copy and paste Cursive T fonts, symbols and styled text for display names, usernames, bios, posts and chats. Capital & lowercase T in cursive — free printable. Create clean Unicode styles in seconds with UltraTextGen — free and no app needed.",https://ultratextgen.com/printables/cursive-alphabet/letter-t/?utm_source=pinterest&utm_medium=social&utm_campaign=organic_pins&utm_content=printables-cursive-alphabet-letter-t,,"printables, cursive t, cursive t fonts, cursive t symbols, copy and paste fonts, fancy text, copy and paste, ultratextgen"
Cursive U Fonts and Symbols to Copy and Paste,https://ultratextgen.com/assets/pinterest/printables-cursive-alphabet-letter-u.png,Instagram Bio Symbols & Aesthetic Text,,"Copy and paste Cursive U fonts, symbols and styled text for display names, usernames, bios, posts and chats. Capital & lowercase U in cursive — free printable. Create clean Unicode styles in seconds with UltraTextGen — free and no app needed.",https://ultratextgen.com/printables/cursive-alphabet/letter-u/?utm_source=pinterest&utm_medium=social&utm_campaign=organic_pins&utm_content=printables-cursive-alphabet-letter-u,,"printables, cursive u, cursive u fonts, cursive u symbols, copy and paste fonts, fancy text, copy and paste, ultratextgen"
Cursive V Fonts and Symbols to Copy and Paste,https://ultratextgen.com/assets/pinterest/printables-cursive-alphabet-letter-v.png,Instagram Bio Symbols & Aesthetic Text,,"Copy and paste Cursive V fonts, symbols and styled text for display names, usernames, bios, posts and chats. Capital & lowercase V in cursive — free printable. Create clean Unicode styles in seconds with UltraTextGen — free and no app needed.",https://ultratextgen.com/printables/cursive-alphabet/letter-v/?utm_source=pinterest&utm_medium=social&utm_campaign=organic_pins&utm_content=printables-cursive-alphabet-letter-v,,"printables, cursive v, cursive v fonts, cursive v symbols, copy and paste fonts, fancy text, copy and paste, ultratextgen"
Cursive W Fonts and Symbols to Copy and Paste,https://ultratextgen.com/assets/pinterest/printables-cursive-alphabet-letter-w.png,Instagram Bio Symbols & Aesthetic Text,,"Copy and paste Cursive W fonts, symbols and styled text for display names, usernames, bios, posts and chats. Capital & lowercase W in cursive — free printable. Create clean Unicode styles in seconds with UltraTextGen — free and no app needed.",https://ultratextgen.com/printables/cursive-alphabet/letter-w/?utm_source=pinterest&utm_medium=social&utm_campaign=organic_pins&utm_content=printables-cursive-alphabet-letter-w,,"printables, cursive w, cursive w fonts, cursive w symbols, copy and paste fonts, fancy text, copy and paste, ultratextgen"
Cursive X Fonts and Symbols to Copy and Paste,https://ultratextgen.com/assets/pinterest/printables-cursive-alphabet-letter-x.png,Instagram Bio Symbols & Aesthetic Text,,"Copy and paste Cursive X fonts, symbols and styled text for display names, usernames, bios, posts and chats. Capital & lowercase X in cursive — free printable. Create clean Unicode styles in seconds with UltraTextGen — free and no app needed.",https://ultratextgen.com/printables/cursive-alphabet/letter-x/?utm_source=pinterest&utm_medium=social&utm_campaign=organic_pins&utm_content=printables-cursive-alphabet-letter-x,,"printables, cursive x, cursive x fonts, cursive x symbols, copy and paste fonts, fancy text, copy and paste, ultratextgen"
Cursive Y Fonts and Symbols to Copy and Paste,https://ultratextgen.com/assets/pinterest/printables-cursive-alphabet-letter-y.png,Instagram Bio Symbols & Aesthetic Text,,"Copy and paste Cursive Y fonts, symbols and styled text for display names, usernames, bios, posts and chats. Capital & lowercase Y in cursive — free printable. Create clean Unicode styles in seconds with UltraTextGen — free and no app needed.",https://ultratextgen.com/printables/cursive-alphabet/letter-y/?utm_source=pinterest&utm_medium=social&utm_campaign=organic_pins&utm_content=printables-cursive-alphabet-letter-y,,"printables, cursive y, cursive y fonts, cursive y symbols, copy and paste fonts, fancy text, copy and paste, ultratextgen"
Cursive Z Fonts and Symbols to Copy and Paste,https://ultratextgen.com/assets/pinterest/printables-cursive-alphabet-letter-z.png,Instagram Bio Symbols & Aesthetic Text,,"Copy and paste Cursive Z fonts, symbols and styled text for display names, usernames, bios, posts and chats. Capital & lowercase Z in cursive — free printable. Create clean Unicode styles in seconds with UltraTextGen — free and no app needed.",https://ultratextgen.com/printables/cursive-alphabet/letter-z/?utm_source=pinterest&utm_medium=social&utm_campaign=organic_pins&utm_content=printables-cursive-alphabet-letter-z,,"printables, cursive z, cursive z fonts, cursive z symbols, copy and paste fonts, fancy text, copy and paste, ultratextgen"
Dad in Cursive Fonts and Symbols to Copy and Paste,https://ultratextgen.com/assets/pinterest/printables-dad-in-cursive.png,Instagram Bio Symbols & Aesthetic Text,,"Copy and paste Dad in Cursive fonts, symbols and styled text for display names, usernames, bios, posts and chats. Free printable tracing worksheet. Create clean Unicode styles in seconds with UltraTextGen — free and no app needed.",https://ultratextgen.com/printables/dad-in-cursive/?utm_source=pinterest&utm_medium=social&utm_campaign=organic_pins&utm_content=printables-dad-in-cursive,,"printables, dad in cursive, dad in cursive fonts, dad in cursive symbols, copy and paste fonts, fancy text, copy and paste, ultratextgen"
Dot-to-Dot Alphabet Fonts and Symbols to Copy and Paste,https://ultratextgen.com/assets/pinterest/printables-dot-to-dot-alphabet.png,Fancy Text Generator & Copy Paste Fonts,,"Copy and paste Dot-to-Dot Alphabet fonts, symbols and styled text for display names, usernames, bios, posts and chats. Connect the dots to reveal each letter A-Z. Create clean Unicode styles in seconds with UltraTextGen — free and no app needed.",https://ultratextgen.com/printables/dot-to-dot-alphabet/?utm_source=pinterest&utm_medium=social&utm_campaign=organic_pins&utm_content=printables-dot-to-dot-alphabet,,"printables, dot-to-dot alphabet, dot-to-dot alphabet fonts, dot-to-dot alphabet symbols, copy and paste fonts, fancy text, copy and paste, ultratextgen"
Letter A Dot to Dot Fonts and Symbols to Copy and Paste,https://ultratextgen.com/assets/pinterest/printables-dot-to-dot-alphabet-letter-a.png,Fancy Text Generator & Copy Paste Fonts,,"Copy and paste Letter A Dot to Dot fonts, symbols and styled text for display names, usernames, bios, posts and chats. A is for Apple — connect the dots. Create clean Unicode styles in seconds with UltraTextGen — free and no app needed.",https://ultratextgen.com/printables/dot-to-dot-alphabet/letter-a/?utm_source=pinterest&utm_medium=social&utm_campaign=organic_pins&utm_content=printables-dot-to-dot-alphabet-letter-a,,"printables, letter a dot to dot, letter a dot to dot fonts, letter a dot to dot symbols, copy and paste fonts, fancy text, copy and paste, ultratextgen"
Letter B Dot to Dot Fonts and Symbols to Copy and Paste,https://ultratextgen.com/assets/pinterest/printables-dot-to-dot-alphabet-letter-b.png,Fancy Text Generator & Copy Paste Fonts,,"Copy and paste Letter B Dot to Dot fonts, symbols and styled text for display names, usernames, bios, posts and chats. B is for Ball — connect the dots. Create clean Unicode styles in seconds with UltraTextGen — free and no app needed.",https://ultratextgen.com/printables/dot-to-dot-alphabet/letter-b/?utm_source=pinterest&utm_medium=social&utm_campaign=organic_pins&utm_content=printables-dot-to-dot-alphabet-letter-b,,"printables, letter b dot to dot, letter b dot to dot fonts, letter b dot to dot symbols, copy and paste fonts, fancy text, copy and paste, ultratextgen"
Letter C Dot to Dot Fonts and Symbols to Copy and Paste,https://ultratextgen.com/assets/pinterest/printables-dot-to-dot-alphabet-letter-c.png,Fancy Text Generator & Copy Paste Fonts,,"Copy and paste Letter C Dot to Dot fonts, symbols and styled text for display names, usernames, bios, posts and chats. C is for Cat — connect the dots. Create clean Unicode styles in seconds with UltraTextGen — free and no app needed.",https://ultratextgen.com/printables/dot-to-dot-alphabet/letter-c/?utm_source=pinterest&utm_medium=social&utm_campaign=organic_pins&utm_content=printables-dot-to-dot-alphabet-letter-c,,"printables, letter c dot to dot, letter c dot to dot fonts, letter c dot to dot symbols, copy and paste fonts, fancy text, copy and paste, ultratextgen"
Letter D Dot to Dot Fonts and Symbols to Copy and Paste,https://ultratextgen.com/assets/pinterest/printables-dot-to-dot-alphabet-letter-d.png,Fancy Text Generator & Copy Paste Fonts,,"Copy and paste Letter D Dot to Dot fonts, symbols and styled text for display names, usernames, bios, posts and chats. D is for Dog — connect the dots. Create clean Unicode styles in seconds with UltraTextGen — free and no app needed.",https://ultratextgen.com/printables/dot-to-dot-alphabet/letter-d/?utm_source=pinterest&utm_medium=social&utm_campaign=organic_pins&utm_content=printables-dot-to-dot-alphabet-letter-d,,"printables, letter d dot to dot, letter d dot to dot fonts, letter d dot to dot symbols, copy and paste fonts, fancy text, copy and paste, ultratextgen"
Letter E Dot to Dot Fonts and Symbols to Copy and Paste,https://ultratextgen.com/assets/pinterest/printables-dot-to-dot-alphabet-letter-e.png,Fancy Text Generator & Copy Paste Fonts,,"Copy and paste Letter E Dot to Dot fonts, symbols and styled text for display names, usernames, bios, posts and chats. E is for Elephant — connect the dots. Create clean Unicode styles in seconds with UltraTextGen — free and no app needed.",https://ultratextgen.com/printables/dot-to-dot-alphabet/letter-e/?utm_source=pinterest&utm_medium=social&utm_campaign=organic_pins&utm_content=printables-dot-to-dot-alphabet-letter-e,,"printables, letter e dot to dot, letter e dot to dot fonts, letter e dot to dot symbols, copy and paste fonts, fancy text, copy and paste, ultratextgen"
Letter F Dot to Dot Fonts and Symbols to Copy and Paste,https://ultratextgen.com/assets/pinterest/printables-dot-to-dot-alphabet-letter-f.png,Fancy Text Generator & Copy Paste Fonts,,"Copy and paste Letter F Dot to Dot fonts, symbols and styled text for display names, usernames, bios, posts and chats. F is for Fish — connect the dots. Create clean Unicode styles in seconds with UltraTextGen — free and no app needed.",https://ultratextgen.com/printables/dot-to-dot-alphabet/letter-f/?utm_source=pinterest&utm_medium=social&utm_campaign=organic_pins&utm_content=printables-dot-to-dot-alphabet-letter-f,,"printables, letter f dot to dot, letter f dot to dot fonts, letter f dot to dot symbols, copy and paste fonts, fancy text, copy and paste, ultratextgen"
Letter G Dot to Dot Fonts and Symbols to Copy and Paste,https://ultratextgen.com/assets/pinterest/printables-dot-to-dot-alphabet-letter-g.png,Fancy Text Generator & Copy Paste Fonts,,"Copy and paste Letter G Dot to Dot fonts, symbols and styled text for display names, usernames, bios, posts and chats. G is for Goat — connect the dots. Create clean Unicode styles in seconds with UltraTextGen — free and no app needed.",https://ultratextgen.com/printables/dot-to-dot-alphabet/letter-g/?utm_source=pinterest&utm_medium=social&utm_campaign=organic_pins&utm_content=printables-dot-to-dot-alphabet-letter-g,,"printables, letter g dot to dot, letter g dot to dot fonts, letter g dot to dot symbols, copy and paste fonts, fancy text, copy and paste, ultratextgen"
Letter H Dot to Dot Fonts and Symbols to Copy and Paste,https://ultratextgen.com/assets/pinterest/printables-dot-to-dot-alphabet-letter-h.png,Fancy Text Generator & Copy Paste Fonts,,"Copy and paste Letter H Dot to Dot fonts, symbols and styled text for display names, usernames, bios, posts and chats. H is for Hat — connect the dots. Create clean Unicode styles in seconds with UltraTextGen — free and no app needed.",https://ultratextgen.com/printables/dot-to-dot-alphabet/letter-h/?utm_source=pinterest&utm_medium=social&utm_campaign=organic_pins&utm_content=printables-dot-to-dot-alphabet-letter-h,,"printables, letter h dot to dot, letter h dot to dot fonts, letter h dot to dot symbols, copy and paste fonts, fancy text, copy and paste, ultratextgen"
Letter I Dot to Dot Fonts and Symbols to Copy and Paste,https://ultratextgen.com/assets/pinterest/printables-dot-to-dot-alphabet-letter-i.png,Fancy Text Generator & Copy Paste Fonts,,"Copy and paste Letter I Dot to Dot fonts, symbols and styled text for display names, usernames, bios, posts and chats. I is for Igloo — connect the dots. Create clean Unicode styles in seconds with UltraTextGen — free and no app needed.",https://ultratextgen.com/printables/dot-to-dot-alphabet/letter-i/?utm_source=pinterest&utm_medium=social&utm_campaign=organic_pins&utm_content=printables-dot-to-dot-alphabet-letter-i,,"printables, letter i dot to dot, letter i dot to dot fonts, letter i dot to dot symbols, copy and paste fonts, fancy text, copy and paste, ultratextgen"
Letter J Dot to Dot Fonts and Symbols to Copy and Paste,https://ultratextgen.com/assets/pinterest/printables-dot-to-dot-alphabet-letter-j.png,Fancy Text Generator & Copy Paste Fonts,,"Copy and paste Letter J Dot to Dot fonts, symbols and styled text for display names, usernames, bios, posts and chats. J is for Jellyfish — connect the dots. Create clean Unicode styles in seconds with UltraTextGen — free and no app needed.",https://ultratextgen.com/printables/dot-to-dot-alphabet/letter-j/?utm_source=pinterest&utm_medium=social&utm_campaign=organic_pins&utm_content=printables-dot-to-dot-alphabet-letter-j,,"printables, letter j dot to dot, letter j dot to dot fonts, letter j dot to dot symbols, copy and paste fonts, fancy text, copy and paste, ultratextgen"
Letter K Dot to Dot Fonts and Symbols to Copy and Paste,https://ultratextgen.com/assets/pinterest/printables-dot-to-dot-alphabet-letter-k.png,Fancy Text Generator & Copy Paste Fonts,,"Copy and paste Letter K Dot to Dot fonts, symbols and styled text for display names, usernames, bios, posts and chats. K is for Kite — connect the dots. Create clean Unicode styles in seconds with UltraTextGen — free and no app needed.",https://ultratextgen.com/printables/dot-to-dot-alphabet/letter-k/?utm_source=pinterest&utm_medium=social&utm_campaign=organic_pins&utm_content=printables-dot-to-dot-alphabet-letter-k,,"printables, letter k dot to dot, letter k dot to dot fonts, letter k dot to dot symbols, copy and paste fonts, fancy text, copy and paste, ultratextgen"
Letter L Dot to Dot Fonts and Symbols to Copy and Paste,https://ultratextgen.com/assets/pinterest/printables-dot-to-dot-alphabet-letter-l.png,Fancy Text Generator & Copy Paste Fonts,,"Copy and paste Letter L Dot to Dot fonts, symbols and styled text for display names, usernames, bios, posts and chats. L is for Lion — connect the dots. Create clean Unicode styles in seconds with UltraTextGen — free and no app needed.",https://ultratextgen.com/printables/dot-to-dot-alphabet/letter-l/?utm_source=pinterest&utm_medium=social&utm_campaign=organic_pins&utm_content=printables-dot-to-dot-alphabet-letter-l,,"printables, letter l dot to dot, letter l dot to dot fonts, letter l dot to dot symbols, copy and paste fonts, fancy text, copy and paste, ultratextgen"
Letter M Dot to Dot Fonts and Symbols to Copy and Paste,https://ultratextgen.com/assets/pinterest/printables-dot-to-dot-alphabet-letter-m.png,Fancy Text Generator & Copy Paste Fonts,,"Copy and paste Letter M Dot to Dot fonts, symbols and styled text for display names, usernames, bios, posts and chats. M is for Monkey — connect the dots. Create clean Unicode styles in seconds with UltraTextGen — free and no app needed.",https://ultratextgen.com/printables/dot-to-dot-alphabet/letter-m/?utm_source=pinterest&utm_medium=social&utm_campaign=organic_pins&utm_content=printables-dot-to-dot-alphabet-letter-m,,"printables, letter m dot to dot, letter m dot to dot fonts, letter m dot to dot symbols, copy and paste fonts, fancy text, copy and paste, ultratextgen"
Letter N Dot to Dot Fonts and Symbols to Copy and Paste,https://ultratextgen.com/assets/pinterest/printables-dot-to-dot-alphabet-letter-n.png,Fancy Text Generator & Copy Paste Fonts,,"Copy and paste Letter N Dot to Dot fonts, symbols and styled text for display names, usernames, bios, posts and chats. N is for Nest — connect the dots. Create clean Unicode styles in seconds with UltraTextGen — free and no app needed.",https://ultratextgen.com/printables/dot-to-dot-alphabet/letter-n/?utm_source=pinterest&utm_medium=social&utm_campaign=organic_pins&utm_content=printables-dot-to-dot-alphabet-letter-n,,"printables, letter n dot to dot, letter n dot to dot fonts, letter n dot to dot symbols, copy and paste fonts, fancy text, copy and paste, ultratextgen"
Letter O Dot to Dot Fonts and Symbols to Copy and Paste,https://ultratextgen.com/assets/pinterest/printables-dot-to-dot-alphabet-letter-o.png,Fancy Text Generator & Copy Paste Fonts,,"Copy and paste Letter O Dot to Dot fonts, symbols and styled text for display names, usernames, bios, posts and chats. O is for Owl — connect the dots. Create clean Unicode styles in seconds with UltraTextGen — free and no app needed.",https://ultratextgen.com/printables/dot-to-dot-alphabet/letter-o/?utm_source=pinterest&utm_medium=social&utm_campaign=organic_pins&utm_content=printables-dot-to-dot-alphabet-letter-o,,"printables, letter o dot to dot, letter o dot to dot fonts, letter o dot to dot symbols, copy and paste fonts, fancy text, copy and paste, ultratextgen"
Letter P Dot to Dot Fonts and Symbols to Copy and Paste,https://ultratextgen.com/assets/pinterest/printables-dot-to-dot-alphabet-letter-p.png,Fancy Text Generator & Copy Paste Fonts,,"Copy and paste Letter P Dot to Dot fonts, symbols and styled text for display names, usernames, bios, posts and chats. P is for Penguin — connect the dots. Create clean Unicode styles in seconds with UltraTextGen — free and no app needed.",https://ultratextgen.com/printables/dot-to-dot-alphabet/letter-p/?utm_source=pinterest&utm_medium=social&utm_campaign=organic_pins&utm_content=printables-dot-to-dot-alphabet-letter-p,,"printables, letter p dot to dot, letter p dot to dot fonts, letter p dot to dot symbols, copy and paste fonts, fancy text, copy and paste, ultratextgen"
Letter Q Dot to Dot Fonts and Symbols to Copy and Paste,https://ultratextgen.com/assets/pinterest/printables-dot-to-dot-alphabet-letter-q.png,Fancy Text Generator & Copy Paste Fonts,,"Copy and paste Letter Q Dot to Dot fonts, symbols and styled text for display names, usernames, bios, posts and chats. Q is for Queen — connect the dots. Create clean Unicode styles in seconds with UltraTextGen — free and no app needed.",https://ultratextgen.com/printables/dot-to-dot-alphabet/letter-q/?utm_source=pinterest&utm_medium=social&utm_campaign=organic_pins&utm_content=printables-dot-to-dot-alphabet-letter-q,,"printables, letter q dot to dot, letter q dot to dot fonts, letter q dot to dot symbols, copy and paste fonts, fancy text, copy and paste, ultratextgen"
Letter R Dot to Dot Fonts and Symbols to Copy and Paste,https://ultratextgen.com/assets/pinterest/printables-dot-to-dot-alphabet-letter-r.png,Fancy Text Generator & Copy Paste Fonts,,"Copy and paste Letter R Dot to Dot fonts, symbols and styled text for display names, usernames, bios, posts and chats. R is for Rabbit — connect the dots. Create clean Unicode styles in seconds with UltraTextGen — free and no app needed.",https://ultratextgen.com/printables/dot-to-dot-alphabet/letter-r/?utm_source=pinterest&utm_medium=social&utm_campaign=organic_pins&utm_content=printables-dot-to-dot-alphabet-letter-r,,"printables, letter r dot to dot, letter r dot to dot fonts, letter r dot to dot symbols, copy and paste fonts, fancy text, copy and paste, ultratextgen"
Letter S Dot to Dot Fonts and Symbols to Copy and Paste,https://ultratextgen.com/assets/pinterest/printables-dot-to-dot-alphabet-letter-s.png,Fancy Text Generator & Copy Paste Fonts,,"Copy and paste Letter S Dot to Dot fonts, symbols and styled text for display names, usernames, bios, posts and chats. S is for Sun — connect the dots. Create clean Unicode styles in seconds with UltraTextGen — free and no app needed.",https://ultratextgen.com/printables/dot-to-dot-alphabet/letter-s/?utm_source=pinterest&utm_medium=social&utm_campaign=organic_pins&utm_content=printables-dot-to-dot-alphabet-letter-s,,"printables, letter s dot to dot, letter s dot to dot fonts, letter s dot to dot symbols, copy and paste fonts, fancy text, copy and paste, ultratextgen"
Letter T Dot to Dot Fonts and Symbols to Copy and Paste,https://ultratextgen.com/assets/pinterest/printables-dot-to-dot-alphabet-letter-t.png,Fancy Text Generator & Copy Paste Fonts,,"Copy and paste Letter T Dot to Dot fonts, symbols and styled text for display names, usernames, bios, posts and chats. T is for Tiger — connect the dots. Create clean Unicode styles in seconds with UltraTextGen — free and no app needed.",https://ultratextgen.com/printables/dot-to-dot-alphabet/letter-t/?utm_source=pinterest&utm_medium=social&utm_campaign=organic_pins&utm_content=printables-dot-to-dot-alphabet-letter-t,,"printables, letter t dot to dot, letter t dot to dot fonts, letter t dot to dot symbols, copy and paste fonts, fancy text, copy and paste, ultratextgen"
Letter U Dot to Dot Fonts and Symbols to Copy and Paste,https://ultratextgen.com/assets/pinterest/printables-dot-to-dot-alphabet-letter-u.png,Fancy Text Generator & Copy Paste Fonts,,"Copy and paste Letter U Dot to Dot fonts, symbols and styled text for display names, usernames, bios, posts and chats. U is for Umbrella — connect the dots. Create clean Unicode styles in seconds with UltraTextGen — free and no app needed.",https://ultratextgen.com/printables/dot-to-dot-alphabet/letter-u/?utm_source=pinterest&utm_medium=social&utm_campaign=organic_pins&utm_content=printables-dot-to-dot-alphabet-letter-u,,"printables, letter u dot to dot, letter u dot to dot fonts, letter u dot to dot symbols, copy and paste fonts, fancy text, copy and paste, ultratextgen"
Letter V Dot to Dot Fonts and Symbols to Copy and Paste,https://ultratextgen.com/assets/pinterest/printables-dot-to-dot-alphabet-letter-v.png,Fancy Text Generator & Copy Paste Fonts,,"Copy and paste Letter V Dot to Dot fonts, symbols and styled text for display names, usernames, bios, posts and chats. V is for Violin — connect the dots. Create clean Unicode styles in seconds with UltraTextGen — free and no app needed.",https://ultratextgen.com/printables/dot-to-dot-alphabet/letter-v/?utm_source=pinterest&utm_medium=social&utm_campaign=organic_pins&utm_content=printables-dot-to-dot-alphabet-letter-v,,"printables, letter v dot to dot, letter v dot to dot fonts, letter v dot to dot symbols, copy and paste fonts, fancy text, copy and paste, ultratextgen"
Letter W Dot to Dot Fonts and Symbols to Copy and Paste,https://ultratextgen.com/assets/pinterest/printables-dot-to-dot-alphabet-letter-w.png,Fancy Text Generator & Copy Paste Fonts,,"Copy and paste Letter W Dot to Dot fonts, symbols and styled text for display names, usernames, bios, posts and chats. W is for Whale — connect the dots. Create clean Unicode styles in seconds with UltraTextGen — free and no app needed.",https://ultratextgen.com/printables/dot-to-dot-alphabet/letter-w/?utm_source=pinterest&utm_medium=social&utm_campaign=organic_pins&utm_content=printables-dot-to-dot-alphabet-letter-w,,"printables, letter w dot to dot, letter w dot to dot fonts, letter w dot to dot symbols, copy and paste fonts, fancy text, copy and paste, ultratextgen"
Letter X Dot to Dot Fonts and Symbols to Copy and Paste,https://ultratextgen.com/assets/pinterest/printables-dot-to-dot-alphabet-letter-x.png,Fancy Text Generator & Copy Paste Fonts,,"Copy and paste Letter X Dot to Dot fonts, symbols and styled text for display names, usernames, bios, posts and chats. X is for Xylophone — connect the dots. Create clean Unicode styles in seconds with UltraTextGen — free and no app needed.",https://ultratextgen.com/printables/dot-to-dot-alphabet/letter-x/?utm_source=pinterest&utm_medium=social&utm_campaign=organic_pins&utm_content=printables-dot-to-dot-alphabet-letter-x,,"printables, letter x dot to dot, letter x dot to dot fonts, letter x dot to dot symbols, copy and paste fonts, fancy text, copy and paste, ultratextgen"
Letter Y Dot to Dot Fonts and Symbols to Copy and Paste,https://ultratextgen.com/assets/pinterest/printables-dot-to-dot-alphabet-letter-y.png,Fancy Text Generator & Copy Paste Fonts,,"Copy and paste Letter Y Dot to Dot fonts, symbols and styled text for display names, usernames, bios, posts and chats. Y is for Yak — connect the dots. Create clean Unicode styles in seconds with UltraTextGen — free and no app needed.",https://ultratextgen.com/printables/dot-to-dot-alphabet/letter-y/?utm_source=pinterest&utm_medium=social&utm_campaign=organic_pins&utm_content=printables-dot-to-dot-alphabet-letter-y,,"printables, letter y dot to dot, letter y dot to dot fonts, letter y dot to dot symbols, copy and paste fonts, fancy text, copy and paste, ultratextgen"
Letter Z Dot to Dot Fonts and Symbols to Copy and Paste,https://ultratextgen.com/assets/pinterest/printables-dot-to-dot-alphabet-letter-z.png,Fancy Text Generator & Copy Paste Fonts,,"Copy and paste Letter Z Dot to Dot fonts, symbols and styled text for display names, usernames, bios, posts and chats. Z is for Zebra — connect the dots. Create clean Unicode styles in seconds with UltraTextGen — free and no app needed.",https://ultratextgen.com/printables/dot-to-dot-alphabet/letter-z/?utm_source=pinterest&utm_medium=social&utm_campaign=organic_pins&utm_content=printables-dot-to-dot-alphabet-letter-z,,"printables, letter z dot to dot, letter z dot to dot fonts, letter z dot to dot symbols, copy and paste fonts, fancy text, copy and paste, ultratextgen"
Dot-to-Dot Name Fonts and Symbols to Copy and Paste,https://ultratextgen.com/assets/pinterest/printables-dot-to-dot-name.png,Fancy Text Generator & Copy Paste Fonts,,"Copy and paste Dot-to-Dot Name fonts, symbols and styled text for display names, usernames, bios, posts and chats. Any name becomes a personalized connect-the-dots. Create clean Unicode styles in seconds with UltraTextGen — free and no app needed.",https://ultratextgen.com/printables/dot-to-dot-name/?utm_source=pinterest&utm_medium=social&utm_campaign=organic_pins&utm_content=printables-dot-to-dot-name,,"printables, dot-to-dot name, dot-to-dot name fonts, dot-to-dot name symbols, copy and paste fonts, fancy text, copy and paste, ultratextgen"
Family in Cursive Fonts and Symbols to Copy and Paste,https://ultratextgen.com/assets/pinterest/printables-family-in-cursive.png,Instagram Bio Symbols & Aesthetic Text,,"Copy and paste Family in Cursive fonts, symbols and styled text for display names, usernames, bios, posts and chats. Free printable tracing worksheet. Create clean Unicode styles in seconds with UltraTextGen — free and no app needed.",https://ultratextgen.com/printables/family-in-cursive/?utm_source=pinterest&utm_medium=social&utm_campaign=organic_pins&utm_content=printables-family-in-cursive,,"printables, family in cursive, family in cursive fonts, family in cursive symbols, copy and paste fonts, fancy text, copy and paste, ultratextgen"
Handwriting Worksheet Fonts and Symbols to Copy and Paste,https://ultratextgen.com/assets/pinterest/printables-handwriting-worksheet-generator.png,Fancy Text Generator & Copy Paste Fonts,,"Copy and paste Handwriting Worksheet fonts, symbols and styled text for display names, usernames, bios, posts and chats. Dial dotted-to-blank tracing difficulty for any word. Create clean Unicode styles in seconds with UltraTextGen — free and no app needed.",https://ultratextgen.com/printables/handwriting-worksheet-generator/?utm_source=pinterest&utm_medium=social&utm_campaign=organic_pins&utm_content=printables-handwriting-worksheet-generator,,"printables, handwriting worksheet, handwriting worksheet fonts, handwriting worksheet symbols, copy and paste fonts, fancy text, copy and paste, ultratextgen"
Happy Birthday in Cursive Fonts and Symbols to Copy and Paste,https://ultratextgen.com/assets/pinterest/printables-happy-birthday-in-cursive.png,Instagram Bio Symbols & Aesthetic Text,,"Copy and paste Happy Birthday in Cursive fonts, symbols and styled text for display names, usernames, bios, posts and chats. Free printable tracing worksheet. Create clean Unicode styles in seconds with UltraTextGen — free and no app needed.",https://ultratextgen.com/printables/happy-birthday-in-cursive/?utm_source=pinterest&utm_medium=social&utm_campaign=organic_pins&utm_content=printables-happy-birthday-in-cursive,,"printables, happy birthday in cursive, happy birthday in cursive fonts, happy birthday in cursive symbols, copy and paste fonts, fancy text, copy and paste, ultratextgen"
Love in Cursive Fonts and Symbols to Copy and Paste,https://ultratextgen.com/assets/pinterest/printables-love-in-cursive.png,Instagram Bio Symbols & Aesthetic Text,,"Copy and paste Love in Cursive fonts, symbols and styled text for display names, usernames, bios, posts and chats. Free printable tracing worksheet. Create clean Unicode styles in seconds with UltraTextGen — free and no app needed.",https://ultratextgen.com/printables/love-in-cursive/?utm_source=pinterest&utm_medium=social&utm_campaign=organic_pins&utm_content=printables-love-in-cursive,,"printables, love in cursive, love in cursive fonts, love in cursive symbols, copy and paste fonts, fancy text, copy and paste, ultratextgen"
Mom in Cursive Fonts and Symbols to Copy and Paste,https://ultratextgen.com/assets/pinterest/printables-mom-in-cursive.png,Instagram Bio Symbols & Aesthetic Text,,"Copy and paste Mom in Cursive fonts, symbols and styled text for display names, usernames, bios, posts and chats. Free printable tracing worksheet. Create clean Unicode styles in seconds with UltraTextGen — free and no app needed.",https://ultratextgen.com/printables/mom-in-cursive/?utm_source=pinterest&utm_medium=social&utm_campaign=organic_pins&utm_content=printables-mom-in-cursive,,"printables, mom in cursive, mom in cursive fonts, mom in cursive symbols, copy and paste fonts, fancy text, copy and paste, ultratextgen"
Monogram Maker Fonts and Symbols to Copy and Paste,https://ultratextgen.com/assets/pinterest/printables-monogram-maker.png,Fancy Text Generator & Copy Paste Fonts,,"Copy and paste Monogram Maker fonts, symbols and styled text for display names, usernames, bios, posts and chats. Up to 3 initials, classic or circle-frame. Create clean Unicode styles in seconds with UltraTextGen — free and no app needed.",https://ultratextgen.com/printables/monogram-maker/?utm_source=pinterest&utm_medium=social&utm_campaign=organic_pins&utm_content=printables-monogram-maker,,"printables, monogram maker, monogram maker fonts, monogram maker symbols, copy and paste fonts, fancy text, copy and paste, ultratextgen"
Name Puzzle Maker Fonts and Symbols to Copy and Paste,https://ultratextgen.com/assets/pinterest/printables-name-puzzle-maker.png,Fancy Text Generator & Copy Paste Fonts,,"Copy and paste Name Puzzle Maker fonts, symbols and styled text for display names, usernames, bios, posts and chats. Any name becomes a cut-apart letter jigsaw puzzle. Create clean Unicode styles in seconds with UltraTextGen — free and no app needed.",https://ultratextgen.com/printables/name-puzzle-maker/?utm_source=pinterest&utm_medium=social&utm_campaign=organic_pins&utm_content=printables-name-puzzle-maker,,"printables, name puzzle maker, name puzzle maker fonts, name puzzle maker symbols, copy and paste fonts, fancy text, copy and paste, ultratextgen"
Name Tracing Worksheets Fonts and Symbols to Copy and Paste,https://ultratextgen.com/assets/pinterest/printables-name-tracing.png,Fancy Text Generator & Copy Paste Fonts,,"Copy and paste Name Tracing Worksheets fonts, symbols and styled text for display names, usernames, bios, posts and chats. Model row, faded trace rows and blank practice lines. Create clean Unicode styles in seconds with UltraTextGen — free and no app needed.",https://ultratextgen.com/printables/name-tracing/?utm_source=pinterest&utm_medium=social&utm_campaign=organic_pins&utm_content=printables-name-tracing,,"printables, name tracing worksheets, name tracing worksheets fonts, name tracing worksheets symbols, copy and paste fonts, fancy text, copy and paste, ultratextgen"
Sight Word Tracing Worksheets Fonts and Symbols to Copy and Paste,https://ultratextgen.com/assets/pinterest/printables-sight-word-tracing.png,Fancy Text Generator & Copy Paste Fonts,,"Copy and paste Sight Word Tracing Worksheets fonts, symbols and styled text for display names, usernames, bios, posts and chats. Dolch sight words to trace at adjustable difficulty. Create clean Unicode styles in seconds with UltraTextGen — free and no app needed.",https://ultratextgen.com/printables/sight-word-tracing/?utm_source=pinterest&utm_medium=social&utm_campaign=organic_pins&utm_content=printables-sight-word-tracing,,"printables, sight word tracing worksheets, sight word tracing worksheets fonts, sight word tracing worksheets symbols, copy and paste fonts, fancy text, copy and paste, ultratextgen"
Spanish Alphabet Chart Fonts and Symbols to Copy and Paste,https://ultratextgen.com/assets/pinterest/printables-spanish-alphabet-chart.png,Fancy Text Generator & Copy Paste Fonts,,"Copy and paste Spanish Alphabet Chart fonts, symbols and styled text for display names, usernames, bios, posts and chats. All 27 letters, A-Z plus Ñ, one printable chart. Create clean Unicode styles in seconds with UltraTextGen — free and no app needed.",https://ultratextgen.com/printables/spanish-alphabet-chart/?utm_source=pinterest&utm_medium=social&utm_campaign=organic_pins&utm_content=printables-spanish-alphabet-chart,,"printables, spanish alphabet chart, spanish alphabet chart fonts, spanish alphabet chart symbols, copy and paste fonts, fancy text, copy and paste, ultratextgen"
Roblox Username Fonts and Symbols to Copy and Paste,https://ultratextgen.com/assets/pinterest/roblox-name-generator.png,Gaming Symbols & Usernames,,"Copy and paste Roblox Username fonts, symbols and styled text for display names, usernames, bios, posts and chats. Generate available-looking names. Create clean Unicode styles in seconds with UltraTextGen — free and no app needed.",https://ultratextgen.com/roblox/name-generator/?utm_source=pinterest&utm_medium=social&utm_campaign=organic_pins&utm_content=roblox-name-generator,,"roblox, roblox username, roblox username fonts, roblox username symbols, copy and paste fonts, fancy text, copy and paste, ultratextgen"
Old Roblox Fonts and Symbols to Copy and Paste,https://ultratextgen.com/assets/pinterest/roblox-old-roblox-font.png,Gaming Symbols & Usernames,,"Copy and paste Old Roblox fonts, symbols and styled text for display names, usernames, bios, posts and chats. The 2008-era look as free PNG & SVG. Create clean Unicode styles in seconds with UltraTextGen — free and no app needed.",https://ultratextgen.com/roblox/old-roblox-font/?utm_source=pinterest&utm_medium=social&utm_campaign=organic_pins&utm_content=roblox-old-roblox-font,,"roblox, old roblox, old roblox fonts, old roblox symbols, copy and paste fonts, fancy text, copy and paste, ultratextgen"
Alpha Symbols Fonts and Symbols to Copy and Paste,https://ultratextgen.com/assets/pinterest/symbol-alpha-symbol.png,Fancy Text Generator & Copy Paste Fonts,,"Copy and paste Alpha Symbols fonts, symbols and styled text for display names, usernames, bios, posts and chats. Α α meaning, history & how to type it. Create clean Unicode styles in seconds with UltraTextGen — free and no app needed.",https://ultratextgen.com/symbol/alpha-symbol/?utm_source=pinterest&utm_medium=social&utm_campaign=organic_pins&utm_content=symbol-alpha-symbol,,"symbol, alpha symbols, alpha symbols fonts, alpha symbols symbols, copy and paste fonts, fancy text, copy and paste, ultratextgen"
Ampersand Symbols Fonts and Symbols to Copy and Paste,https://ultratextgen.com/assets/pinterest/symbol-ampersand.png,Fancy Text Generator & Copy Paste Fonts,,"Copy and paste Ampersand Symbols fonts, symbols and styled text for display names, usernames, bios, posts and chats. & meaning, history & how to type it. Create clean Unicode styles in seconds with UltraTextGen — free and no app needed.",https://ultratextgen.com/symbol/ampersand/?utm_source=pinterest&utm_medium=social&utm_campaign=organic_pins&utm_content=symbol-ampersand,,"symbol, ampersand symbols, ampersand symbols fonts, ampersand symbols symbols, copy and paste fonts, fancy text, copy and paste, ultratextgen"
Anarchy Symbols Fonts and Symbols to Copy and Paste,https://ultratextgen.com/assets/pinterest/symbol-anarchy-symbol.png,Fancy Text Generator & Copy Paste Fonts,,"Copy and paste Anarchy Symbols fonts, symbols and styled text for display names, usernames, bios, posts and chats. Ⓐ meaning, history & how to type it. Create clean Unicode styles in seconds with UltraTextGen — free and no app needed.",https://ultratextgen.com/symbol/anarchy-symbol/?utm_source=pinterest&utm_medium=social&utm_campaign=organic_pins&utm_content=symbol-anarchy-symbol,,"symbol, anarchy symbols, anarchy symbols fonts, anarchy symbols symbols, copy and paste fonts, fancy text, copy and paste, ultratextgen"
Anger Symbols Fonts and Symbols to Copy and Paste,https://ultratextgen.com/assets/pinterest/symbol-anger-symbol.png,Fancy Text Generator & Copy Paste Fonts,,"Copy and paste Anger Symbols fonts, symbols and styled text for display names, usernames, bios, posts and chats. 💢 meaning & how to type it. Create clean Unicode styles in seconds with UltraTextGen — free and no app needed.",https://ultratextgen.com/symbol/anger-symbol/?utm_source=pinterest&utm_medium=social&utm_campaign=organic_pins&utm_content=symbol-anger-symbol,,"symbol, anger symbols, anger symbols fonts, anger symbols symbols, copy and paste fonts, fancy text, copy and paste, ultratextgen"
Ankh Symbols Fonts and Symbols to Copy and Paste,https://ultratextgen.com/assets/pinterest/symbol-ankh-symbol.png,Fancy Text Generator & Copy Paste Fonts,,"Copy and paste Ankh Symbols fonts, symbols and styled text for display names, usernames, bios, posts and chats. ☥ meaning, history & how to type it. Create clean Unicode styles in seconds with UltraTextGen — free and no app needed.",https://ultratextgen.com/symbol/ankh-symbol/?utm_source=pinterest&utm_medium=social&utm_campaign=organic_pins&utm_content=symbol-ankh-symbol,,"symbol, ankh symbols, ankh symbols fonts, ankh symbols symbols, copy and paste fonts, fancy text, copy and paste, ultratextgen"
Aquarius Symbols Fonts and Symbols to Copy and Paste,https://ultratextgen.com/assets/pinterest/symbol-aquarius-symbol.png,Fancy Text Generator & Copy Paste Fonts,,"Copy and paste Aquarius Symbols fonts, symbols and styled text for display names, usernames, bios, posts and chats. ♒ meaning & how to type it. Create clean Unicode styles in seconds with UltraTextGen — free and no app needed.",https://ultratextgen.com/symbol/aquarius-symbol/?utm_source=pinterest&utm_medium=social&utm_campaign=organic_pins&utm_content=symbol-aquarius-symbol,,"symbol, aquarius symbols, aquarius symbols fonts, aquarius symbols symbols, copy and paste fonts, fancy text, copy and paste, ultratextgen"
Aries Symbols Fonts and Symbols to Copy and Paste,https://ultratextgen.com/assets/pinterest/symbol-aries-symbol.png,Fancy Text Generator & Copy Paste Fonts,,"Copy and paste Aries Symbols fonts, symbols and styled text for display names, usernames, bios, posts and chats. ♈ meaning & how to type it. Create clean Unicode styles in seconds with UltraTextGen — free and no app needed.",https://ultratextgen.com/symbol/aries-symbol/?utm_source=pinterest&utm_medium=social&utm_campaign=organic_pins&utm_content=symbol-aries-symbol,,"symbol, aries symbols, aries symbols fonts, aries symbols symbols, copy and paste fonts, fancy text, copy and paste, ultratextgen"
Asterisk Symbols Fonts and Symbols to Copy and Paste,https://ultratextgen.com/assets/pinterest/symbol-asterisk-symbol.png,Fancy Text Generator & Copy Paste Fonts,,"Copy and paste Asterisk Symbols fonts, symbols and styled text for display names, usernames, bios, posts and chats. * meaning, history & how to type it. Create clean Unicode styles in seconds with UltraTextGen — free and no app needed.",https://ultratextgen.com/symbol/asterisk-symbol/?utm_source=pinterest&utm_medium=social&utm_campaign=organic_pins&utm_content=symbol-asterisk-symbol,,"symbol, asterisk symbols, asterisk symbols fonts, asterisk symbols symbols, copy and paste fonts, fancy text, copy and paste, ultratextgen"
At Symbols Fonts and Symbols to Copy and Paste,https://ultratextgen.com/assets/pinterest/symbol-at-symbol.png,Fancy Text Generator & Copy Paste Fonts,,"Copy and paste At Symbols fonts, symbols and styled text for display names, usernames, bios, posts and chats. @ meaning, history & how to type it. Create clean Unicode styles in seconds with UltraTextGen — free and no app needed.",https://ultratextgen.com/symbol/at-symbol/?utm_source=pinterest&utm_medium=social&utm_campaign=organic_pins&utm_content=symbol-at-symbol,,"symbol, at symbols, at symbols fonts, at symbols symbols, copy and paste fonts, fancy text, copy and paste, ultratextgen"
Autism Symbols Fonts and Symbols to Copy and Paste,https://ultratextgen.com/assets/pinterest/symbol-autism-symbol.png,Fancy Text Generator & Copy Paste Fonts,,"Copy and paste Autism Symbols fonts, symbols and styled text for display names, usernames, bios, posts and chats. ∞ meaning & how to type it. Create clean Unicode styles in seconds with UltraTextGen — free and no app needed.",https://ultratextgen.com/symbol/autism-symbol/?utm_source=pinterest&utm_medium=social&utm_campaign=organic_pins&utm_content=symbol-autism-symbol,,"symbol, autism symbols, autism symbols fonts, autism symbols symbols, copy and paste fonts, fancy text, copy and paste, ultratextgen"
Backwards Question Mark Fonts and Symbols to Copy and Paste,https://ultratextgen.com/assets/pinterest/symbol-backwards-question-mark.png,Fancy Text Generator & Copy Paste Fonts,,"Copy and paste Backwards Question Mark fonts, symbols and styled text for display names, usernames, bios, posts and chats. ⸮ meaning & how to type it. Create clean Unicode styles in seconds with UltraTextGen — free and no app needed.",https://ultratextgen.com/symbol/backwards-question-mark/?utm_source=pinterest&utm_medium=social&utm_campaign=organic_pins&utm_content=symbol-backwards-question-mark,,"symbol, backwards question mark, backwards question mark fonts, backwards question mark symbols, copy and paste fonts, fancy text, copy and paste, ultratextgen"
Biohazard Symbols Fonts and Symbols to Copy and Paste,https://ultratextgen.com/assets/pinterest/symbol-biohazard-symbol.png,Instagram Bio Symbols & Aesthetic Text,,"Copy and paste Biohazard Symbols fonts, symbols and styled text for display names, usernames, bios, posts and chats. ☣ meaning, history & how to type it. Create clean Unicode styles in seconds with UltraTextGen — free and no app needed.",https://ultratextgen.com/symbol/biohazard-symbol/?utm_source=pinterest&utm_medium=social&utm_campaign=organic_pins&utm_content=symbol-biohazard-symbol,,"symbol, biohazard symbols, biohazard symbols fonts, biohazard symbols symbols, copy and paste fonts, fancy text, copy and paste, ultratextgen"
Bitcoin Symbols Fonts and Symbols to Copy and Paste,https://ultratextgen.com/assets/pinterest/symbol-bitcoin-symbol.png,Fancy Text Generator & Copy Paste Fonts,,"Copy and paste Bitcoin Symbols fonts, symbols and styled text for display names, usernames, bios, posts and chats. ₿ meaning, history & how to type it. Create clean Unicode styles in seconds with UltraTextGen — free and no app needed.",https://ultratextgen.com/symbol/bitcoin-symbol/?utm_source=pinterest&utm_medium=social&utm_campaign=organic_pins&utm_content=symbol-bitcoin-symbol,,"symbol, bitcoin symbols, bitcoin symbols fonts, bitcoin symbols symbols, copy and paste fonts, fancy text, copy and paste, ultratextgen"
Black Moon Lilith Fonts and Symbols to Copy and Paste,https://ultratextgen.com/assets/pinterest/symbol-black-moon-lilith.png,Fancy Text Generator & Copy Paste Fonts,,"Copy and paste Black Moon Lilith fonts, symbols and styled text for display names, usernames, bios, posts and chats. ⚸ meaning & how to type it. Create clean Unicode styles in seconds with UltraTextGen — free and no app needed.",https://ultratextgen.com/symbol/black-moon-lilith/?utm_source=pinterest&utm_medium=social&utm_campaign=organic_pins&utm_content=symbol-black-moon-lilith,,"symbol, black moon lilith, black moon lilith fonts, black moon lilith symbols, copy and paste fonts, fancy text, copy and paste, ultratextgen"
Calendar Emoji Fonts and Symbols to Copy and Paste,https://ultratextgen.com/assets/pinterest/symbol-calendar-emoji.png,Emoji Copy Paste & Emoji Combos,,"Copy and paste Calendar Emoji fonts, symbols and styled text for display names, usernames, bios, posts and chats. Why it's always frozen on July 17. Create clean Unicode styles in seconds with UltraTextGen — free and no app needed.",https://ultratextgen.com/symbol/calendar-emoji/?utm_source=pinterest&utm_medium=social&utm_campaign=organic_pins&utm_content=symbol-calendar-emoji,,"symbol, calendar emoji, calendar emoji fonts, calendar emoji symbols, copy and paste fonts, fancy text, copy and paste, ultratextgen"
Cancer Symbols Fonts and Symbols to Copy and Paste,https://ultratextgen.com/assets/pinterest/symbol-cancer-symbol.png,Fancy Text Generator & Copy Paste Fonts,,"Copy and paste Cancer Symbols fonts, symbols and styled text for display names, usernames, bios, posts and chats. ♋ meaning & how to type it. Create clean Unicode styles in seconds with UltraTextGen — free and no app needed.",https://ultratextgen.com/symbol/cancer-symbol/?utm_source=pinterest&utm_medium=social&utm_campaign=organic_pins&utm_content=symbol-cancer-symbol,,"symbol, cancer symbols, cancer symbols fonts, cancer symbols symbols, copy and paste fonts, fancy text, copy and paste, ultratextgen"
Capricorn Symbols Fonts and Symbols to Copy and Paste,https://ultratextgen.com/assets/pinterest/symbol-capricorn-symbol.png,Fancy Text Generator & Copy Paste Fonts,,"Copy and paste Capricorn Symbols fonts, symbols and styled text for display names, usernames, bios, posts and chats. ♑ meaning & how to type it. Create clean Unicode styles in seconds with UltraTextGen — free and no app needed.",https://ultratextgen.com/symbol/capricorn-symbol/?utm_source=pinterest&utm_medium=social&utm_campaign=organic_pins&utm_content=symbol-capricorn-symbol,,"symbol, capricorn symbols, capricorn symbols fonts, capricorn symbols symbols, copy and paste fonts, fancy text, copy and paste, ultratextgen"
Celsius Symbols Fonts and Symbols to Copy and Paste,https://ultratextgen.com/assets/pinterest/symbol-celsius-symbol.png,Fancy Text Generator & Copy Paste Fonts,,"Copy and paste Celsius Symbols fonts, symbols and styled text for display names, usernames, bios, posts and chats. ℃ meaning & how to type it. Create clean Unicode styles in seconds with UltraTextGen — free and no app needed.",https://ultratextgen.com/symbol/celsius-symbol/?utm_source=pinterest&utm_medium=social&utm_campaign=organic_pins&utm_content=symbol-celsius-symbol,,"symbol, celsius symbols, celsius symbols fonts, celsius symbols symbols, copy and paste fonts, fancy text, copy and paste, ultratextgen"
Cent Sign Fonts and Symbols to Copy and Paste,https://ultratextgen.com/assets/pinterest/symbol-cent-sign.png,Fancy Text Generator & Copy Paste Fonts,,"Copy and paste Cent Sign fonts, symbols and styled text for display names, usernames, bios, posts and chats. ¢ meaning, history & how to type it. Create clean Unicode styles in seconds with UltraTextGen — free and no app needed.",https://ultratextgen.com/symbol/cent-sign/?utm_source=pinterest&utm_medium=social&utm_campaign=organic_pins&utm_content=symbol-cent-sign,,"symbol, cent sign, cent sign fonts, cent sign symbols, copy and paste fonts, fancy text, copy and paste, ultratextgen"
Check Mark Symbols Fonts and Symbols to Copy and Paste,https://ultratextgen.com/assets/pinterest/symbol-checkmark-symbol.png,Fancy Text Generator & Copy Paste Fonts,,"Copy and paste Check Mark Symbols fonts, symbols and styled text for display names, usernames, bios, posts and chats. ✓ meaning & how to type it. Create clean Unicode styles in seconds with UltraTextGen — free and no app needed.",https://ultratextgen.com/symbol/checkmark-symbol/?utm_source=pinterest&utm_medium=social&utm_campaign=organic_pins&utm_content=symbol-checkmark-symbol,,"symbol, check mark symbols, check mark symbols fonts, check mark symbols symbols, copy and paste fonts, fancy text, copy and paste, ultratextgen"
Chi Symbols Fonts and Symbols to Copy and Paste,https://ultratextgen.com/assets/pinterest/symbol-chi-symbol.png,Fancy Text Generator & Copy Paste Fonts,,"Copy and paste Chi Symbols fonts, symbols and styled text for display names, usernames, bios, posts and chats. Χ χ meaning, history & how to type it. Create clean Unicode styles in seconds with UltraTextGen — free and no app needed.",https://ultratextgen.com/symbol/chi-symbol/?utm_source=pinterest&utm_medium=social&utm_campaign=organic_pins&utm_content=symbol-chi-symbol,,"symbol, chi symbols, chi symbols fonts, chi symbols symbols, copy and paste fonts, fancy text, copy and paste, ultratextgen"
Congruent Symbols Fonts and Symbols to Copy and Paste,https://ultratextgen.com/assets/pinterest/symbol-congruent-symbol.png,Fancy Text Generator & Copy Paste Fonts,,"Copy and paste Congruent Symbols fonts, symbols and styled text for display names, usernames, bios, posts and chats. ≅ meaning & how to type it. Create clean Unicode styles in seconds with UltraTextGen — free and no app needed.",https://ultratextgen.com/symbol/congruent-symbol/?utm_source=pinterest&utm_medium=social&utm_campaign=organic_pins&utm_content=symbol-congruent-symbol,,"symbol, congruent symbols, congruent symbols fonts, congruent symbols symbols, copy and paste fonts, fancy text, copy and paste, ultratextgen"
Copyright Symbols Fonts and Symbols to Copy and Paste,https://ultratextgen.com/assets/pinterest/symbol-copyright-symbol.png,Fancy Text Generator & Copy Paste Fonts,,"Copy and paste Copyright Symbols fonts, symbols and styled text for display names, usernames, bios, posts and chats. © meaning, history & how to type it. Create clean Unicode styles in seconds with UltraTextGen — free and no app needed.",https://ultratextgen.com/symbol/copyright-symbol/?utm_source=pinterest&utm_medium=social&utm_campaign=organic_pins&utm_content=symbol-copyright-symbol,,"symbol, copyright symbols, copyright symbols fonts, copyright symbols symbols, copy and paste fonts, fancy text, copy and paste, ultratextgen"
Cracking Face Emoji Fonts and Symbols to Copy and Paste,https://ultratextgen.com/assets/pinterest/symbol-cracking-face-emoji.png,Emoji Copy Paste & Emoji Combos,,"Copy and paste Cracking Face Emoji fonts, symbols and styled text for display names, usernames, bios, posts and chats. Draft Emoji 18.0 candidate, not live yet. Create clean Unicode styles in seconds with UltraTextGen — free and no app needed.",https://ultratextgen.com/symbol/cracking-face-emoji/?utm_source=pinterest&utm_medium=social&utm_campaign=organic_pins&utm_content=symbol-cracking-face-emoji,,"symbol, cracking face emoji, cracking face emoji fonts, cracking face emoji symbols, copy and paste fonts, fancy text, copy and paste, ultratextgen"
Star and Crescent Fonts and Symbols to Copy and Paste,https://ultratextgen.com/assets/pinterest/symbol-crescent-and-star.png,"Cute Symbols, Hearts & Decorative Text",,"Copy and paste Star and Crescent fonts, symbols and styled text for display names, usernames, bios, posts and chats. ☪ meaning, history & how to type it. Create clean Unicode styles in seconds with UltraTextGen — free and no app needed.",https://ultratextgen.com/symbol/crescent-and-star/?utm_source=pinterest&utm_medium=social&utm_campaign=organic_pins&utm_content=symbol-crescent-and-star,,"symbol, star and crescent, star and crescent fonts, star and crescent symbols, copy and paste fonts, fancy text, copy and paste, ultratextgen"
Cross Symbols Fonts and Symbols to Copy and Paste,https://ultratextgen.com/assets/pinterest/symbol-cross-symbol.png,Fancy Text Generator & Copy Paste Fonts,,"Copy and paste Cross Symbols fonts, symbols and styled text for display names, usernames, bios, posts and chats. ✝ meaning, history & how to type it. Create clean Unicode styles in seconds with UltraTextGen — free and no app needed.",https://ultratextgen.com/symbol/cross-symbol/?utm_source=pinterest&utm_medium=social&utm_campaign=organic_pins&utm_content=symbol-cross-symbol,,"symbol, cross symbols, cross symbols fonts, cross symbols symbols, copy and paste fonts, fancy text, copy and paste, ultratextgen"
Degree Symbols Fonts and Symbols to Copy and Paste,https://ultratextgen.com/assets/pinterest/symbol-degree-symbol.png,"Special Characters, Unicode & Keyboard Symbols",,"Copy and paste Degree Symbols fonts, symbols and styled text for display names, usernames, bios, posts and chats. ° meaning, history & how to type it. Create clean Unicode styles in seconds with UltraTextGen — free and no app needed.",https://ultratextgen.com/symbol/degree-symbol/?utm_source=pinterest&utm_medium=social&utm_campaign=organic_pins&utm_content=symbol-degree-symbol,,"symbol, degree symbols, degree symbols fonts, degree symbols symbols, copy and paste fonts, fancy text, copy and paste, ultratextgen"
Delta Symbols Fonts and Symbols to Copy and Paste,https://ultratextgen.com/assets/pinterest/symbol-delta-symbol.png,Fancy Text Generator & Copy Paste Fonts,,"Copy and paste Delta Symbols fonts, symbols and styled text for display names, usernames, bios, posts and chats. Δ δ meaning & how to type it. Create clean Unicode styles in seconds with UltraTextGen — free and no app needed.",https://ultratextgen.com/symbol/delta-symbol/?utm_source=pinterest&utm_medium=social&utm_campaign=organic_pins&utm_content=symbol-delta-symbol,,"symbol, delta symbols, delta symbols fonts, delta symbols symbols, copy and paste fonts, fancy text, copy and paste, ultratextgen"
Diameter Symbols Fonts and Symbols to Copy and Paste,https://ultratextgen.com/assets/pinterest/symbol-diameter-symbol.png,Fancy Text Generator & Copy Paste Fonts,,"Copy and paste Diameter Symbols fonts, symbols and styled text for display names, usernames, bios, posts and chats. ⌀ meaning & how to type it. Create clean Unicode styles in seconds with UltraTextGen — free and no app needed.",https://ultratextgen.com/symbol/diameter-symbol/?utm_source=pinterest&utm_medium=social&utm_campaign=organic_pins&utm_content=symbol-diameter-symbol,,"symbol, diameter symbols, diameter symbols fonts, diameter symbols symbols, copy and paste fonts, fancy text, copy and paste, ultratextgen"
Dirham Sign Fonts and Symbols to Copy and Paste,https://ultratextgen.com/assets/pinterest/symbol-dirham-sign.png,"Special Characters, Unicode & Keyboard Symbols",,"Copy and paste Dirham Sign fonts, symbols and styled text for display names, usernames, bios, posts and chats. Frozen for Unicode 18.0 publication. Create clean Unicode styles in seconds with UltraTextGen — free and no app needed.",https://ultratextgen.com/symbol/dirham-sign/?utm_source=pinterest&utm_medium=social&utm_campaign=organic_pins&utm_content=symbol-dirham-sign,,"symbol, dirham sign, dirham sign fonts, dirham sign symbols, copy and paste fonts, fancy text, copy and paste, ultratextgen"
Division Sign Fonts and Symbols to Copy and Paste,https://ultratextgen.com/assets/pinterest/symbol-division-sign.png,Fancy Text Generator & Copy Paste Fonts,,"Copy and paste Division Sign fonts, symbols and styled text for display names, usernames, bios, posts and chats. ÷ meaning, history & how to type it. Create clean Unicode styles in seconds with UltraTextGen — free and no app needed.",https://ultratextgen.com/symbol/division-sign/?utm_source=pinterest&utm_medium=social&utm_campaign=organic_pins&utm_content=symbol-division-sign,,"symbol, division sign, division sign fonts, division sign symbols, copy and paste fonts, fancy text, copy and paste, ultratextgen"
Dollar Sign Fonts and Symbols to Copy and Paste,https://ultratextgen.com/assets/pinterest/symbol-dollar-sign.png,Fancy Text Generator & Copy Paste Fonts,,"Copy and paste Dollar Sign fonts, symbols and styled text for display names, usernames, bios, posts and chats. $ meaning, history & how to type it. Create clean Unicode styles in seconds with UltraTextGen — free and no app needed.",https://ultratextgen.com/symbol/dollar-sign/?utm_source=pinterest&utm_medium=social&utm_campaign=organic_pins&utm_content=symbol-dollar-sign,,"symbol, dollar sign, dollar sign fonts, dollar sign symbols, copy and paste fonts, fancy text, copy and paste, ultratextgen"
Down Arrow Symbols Fonts and Symbols to Copy and Paste,https://ultratextgen.com/assets/pinterest/symbol-down-arrow.png,"Special Characters, Unicode & Keyboard Symbols",,"Copy and paste Down Arrow Symbols fonts, symbols and styled text for display names, usernames, bios, posts and chats. ↓ meaning & how to type it. Create clean Unicode styles in seconds with UltraTextGen — free and no app needed.",https://ultratextgen.com/symbol/down-arrow/?utm_source=pinterest&utm_medium=social&utm_campaign=organic_pins&utm_content=symbol-down-arrow,,"symbol, down arrow symbols, down arrow symbols fonts, down arrow symbols symbols, copy and paste fonts, fancy text, copy and paste, ultratextgen"
Em Dash Fonts and Symbols to Copy and Paste,https://ultratextgen.com/assets/pinterest/symbol-em-dash.png,"Special Characters, Unicode & Keyboard Symbols",,"Copy and paste Em Dash fonts, symbols and styled text for display names, usernames, bios, posts and chats. — meaning & how to type it. Create clean Unicode styles in seconds with UltraTextGen — free and no app needed.",https://ultratextgen.com/symbol/em-dash/?utm_source=pinterest&utm_medium=social&utm_campaign=organic_pins&utm_content=symbol-em-dash,,"symbol, em dash, em dash fonts, em dash symbols, copy and paste fonts, fancy text, copy and paste, ultratextgen"
En Dash Fonts and Symbols to Copy and Paste,https://ultratextgen.com/assets/pinterest/symbol-en-dash.png,"Special Characters, Unicode & Keyboard Symbols",,"Copy and paste En Dash fonts, symbols and styled text for display names, usernames, bios, posts and chats. – meaning & how to type it. Create clean Unicode styles in seconds with UltraTextGen — free and no app needed.",https://ultratextgen.com/symbol/en-dash/?utm_source=pinterest&utm_medium=social&utm_campaign=organic_pins&utm_content=symbol-en-dash,,"symbol, en dash, en dash fonts, en dash symbols, copy and paste fonts, fancy text, copy and paste, ultratextgen"
Euro Sign Fonts and Symbols to Copy and Paste,https://ultratextgen.com/assets/pinterest/symbol-euro-sign.png,Fancy Text Generator & Copy Paste Fonts,,"Copy and paste Euro Sign fonts, symbols and styled text for display names, usernames, bios, posts and chats. € meaning, history & how to type it. Create clean Unicode styles in seconds with UltraTextGen — free and no app needed.",https://ultratextgen.com/symbol/euro-sign/?utm_source=pinterest&utm_medium=social&utm_campaign=organic_pins&utm_content=symbol-euro-sign,,"symbol, euro sign, euro sign fonts, euro sign symbols, copy and paste fonts, fancy text, copy and paste, ultratextgen"
Fahrenheit Symbols Fonts and Symbols to Copy and Paste,https://ultratextgen.com/assets/pinterest/symbol-fahrenheit-symbol.png,Fancy Text Generator & Copy Paste Fonts,,"Copy and paste Fahrenheit Symbols fonts, symbols and styled text for display names, usernames, bios, posts and chats. ℉ meaning & how to type it. Create clean Unicode styles in seconds with UltraTextGen — free and no app needed.",https://ultratextgen.com/symbol/fahrenheit-symbol/?utm_source=pinterest&utm_medium=social&utm_campaign=organic_pins&utm_content=symbol-fahrenheit-symbol,,"symbol, fahrenheit symbols, fahrenheit symbols fonts, fahrenheit symbols symbols, copy and paste fonts, fancy text, copy and paste, ultratextgen"
Fleur-de-lis Symbols Fonts and Symbols to Copy and Paste,https://ultratextgen.com/assets/pinterest/symbol-fleur-de-lis-symbol.png,Fancy Text Generator & Copy Paste Fonts,,"Copy and paste Fleur-de-lis Symbols fonts, symbols and styled text for display names, usernames, bios, posts and chats. ⚜ meaning, history & how to type it. Create clean Unicode styles in seconds with UltraTextGen — free and no app needed.",https://ultratextgen.com/symbol/fleur-de-lis-symbol/?utm_source=pinterest&utm_medium=social&utm_campaign=organic_pins&utm_content=symbol-fleur-de-lis-symbol,,"symbol, fleur-de-lis symbols, fleur-de-lis symbols fonts, fleur-de-lis symbols symbols, copy and paste fonts, fancy text, copy and paste, ultratextgen"
Gemini Symbols Fonts and Symbols to Copy and Paste,https://ultratextgen.com/assets/pinterest/symbol-gemini-symbol.png,Fancy Text Generator & Copy Paste Fonts,,"Copy and paste Gemini Symbols fonts, symbols and styled text for display names, usernames, bios, posts and chats. ♊ meaning & how to type it. Create clean Unicode styles in seconds with UltraTextGen — free and no app needed.",https://ultratextgen.com/symbol/gemini-symbol/?utm_source=pinterest&utm_medium=social&utm_campaign=organic_pins&utm_content=symbol-gemini-symbol,,"symbol, gemini symbols, gemini symbols fonts, gemini symbols symbols, copy and paste fonts, fancy text, copy and paste, ultratextgen"
Hamsa Symbols Fonts and Symbols to Copy and Paste,https://ultratextgen.com/assets/pinterest/symbol-hamsa-symbol.png,Fancy Text Generator & Copy Paste Fonts,,"Copy and paste Hamsa Symbols fonts, symbols and styled text for display names, usernames, bios, posts and chats. 🪬 meaning, history & how to type it. Create clean Unicode styles in seconds with UltraTextGen — free and no app needed.",https://ultratextgen.com/symbol/hamsa-symbol/?utm_source=pinterest&utm_medium=social&utm_campaign=organic_pins&utm_content=symbol-hamsa-symbol,,"symbol, hamsa symbols, hamsa symbols fonts, hamsa symbols symbols, copy and paste fonts, fancy text, copy and paste, ultratextgen"
Heart Symbols Fonts and Symbols to Copy and Paste,https://ultratextgen.com/assets/pinterest/symbol-heart-symbol.png,"Cute Symbols, Hearts & Decorative Text",,"Copy and paste Heart Symbols fonts, symbols and styled text for display names, usernames, bios, posts and chats. ♥ meaning, history & how to type it. Create clean Unicode styles in seconds with UltraTextGen — free and no app needed.",https://ultratextgen.com/symbol/heart-symbol/?utm_source=pinterest&utm_medium=social&utm_campaign=organic_pins&utm_content=symbol-heart-symbol,,"symbol, heart symbols, heart symbols fonts, heart symbols symbols, copy and paste fonts, fancy text, copy and paste, ultratextgen"
Infinity Symbols Fonts and Symbols to Copy and Paste,https://ultratextgen.com/assets/pinterest/symbol-infinity.png,Fancy Text Generator & Copy Paste Fonts,,"Copy and paste Infinity Symbols fonts, symbols and styled text for display names, usernames, bios, posts and chats. ∞ meaning, history & how to type it. Create clean Unicode styles in seconds with UltraTextGen — free and no app needed.",https://ultratextgen.com/symbol/infinity/?utm_source=pinterest&utm_medium=social&utm_campaign=organic_pins&utm_content=symbol-infinity,,"symbol, infinity symbols, infinity symbols fonts, infinity symbols symbols, copy and paste fonts, fancy text, copy and paste, ultratextgen"
Interrobang Fonts and Symbols to Copy and Paste,https://ultratextgen.com/assets/pinterest/symbol-interrobang.png,Fancy Text Generator & Copy Paste Fonts,,"Copy and paste Interrobang fonts, symbols and styled text for display names, usernames, bios, posts and chats. ‽ meaning, history & how to type it. Create clean Unicode styles in seconds with UltraTextGen — free and no app needed.",https://ultratextgen.com/symbol/interrobang/?utm_source=pinterest&utm_medium=social&utm_campaign=organic_pins&utm_content=symbol-interrobang,,"symbol, interrobang, interrobang fonts, interrobang symbols, copy and paste fonts, fancy text, copy and paste, ultratextgen"
Invisible Character Fonts and Symbols to Copy and Paste,https://ultratextgen.com/assets/pinterest/symbol-invisible-character.png,Fancy Text Generator & Copy Paste Fonts,,"Copy and paste Invisible Character fonts, symbols and styled text for display names, usernames, bios, posts and chats. ⠀ meaning, blank names & how to use it. Create clean Unicode styles in seconds with UltraTextGen — free and no app needed.",https://ultratextgen.com/symbol/invisible-character/?utm_source=pinterest&utm_medium=social&utm_campaign=organic_pins&utm_content=symbol-invisible-character,,"symbol, invisible character, invisible character fonts, invisible character symbols, copy and paste fonts, fancy text, copy and paste, ultratextgen"
Khanda Symbols Fonts and Symbols to Copy and Paste,https://ultratextgen.com/assets/pinterest/symbol-khanda-symbol.png,Fancy Text Generator & Copy Paste Fonts,,"Copy and paste Khanda Symbols fonts, symbols and styled text for display names, usernames, bios, posts and chats. ☬ meaning, history & how to type it. Create clean Unicode styles in seconds with UltraTextGen — free and no app needed.",https://ultratextgen.com/symbol/khanda-symbol/?utm_source=pinterest&utm_medium=social&utm_campaign=organic_pins&utm_content=symbol-khanda-symbol,,"symbol, khanda symbols, khanda symbols fonts, khanda symbols symbols, copy and paste fonts, fancy text, copy and paste, ultratextgen"
Lambda Symbols Fonts and Symbols to Copy and Paste,https://ultratextgen.com/assets/pinterest/symbol-lambda-symbol.png,Fancy Text Generator & Copy Paste Fonts,,"Copy and paste Lambda Symbols fonts, symbols and styled text for display names, usernames, bios, posts and chats. Λ λ meaning, history & how to type it. Create clean Unicode styles in seconds with UltraTextGen — free and no app needed.",https://ultratextgen.com/symbol/lambda-symbol/?utm_source=pinterest&utm_medium=social&utm_campaign=organic_pins&utm_content=symbol-lambda-symbol,,"symbol, lambda symbols, lambda symbols fonts, lambda symbols symbols, copy and paste fonts, fancy text, copy and paste, ultratextgen"
Left Arrow Symbols Fonts and Symbols to Copy and Paste,https://ultratextgen.com/assets/pinterest/symbol-left-arrow.png,"Special Characters, Unicode & Keyboard Symbols",,"Copy and paste Left Arrow Symbols fonts, symbols and styled text for display names, usernames, bios, posts and chats. ← meaning & how to type it. Create clean Unicode styles in seconds with UltraTextGen — free and no app needed.",https://ultratextgen.com/symbol/left-arrow/?utm_source=pinterest&utm_medium=social&utm_campaign=organic_pins&utm_content=symbol-left-arrow,,"symbol, left arrow symbols, left arrow symbols fonts, left arrow symbols symbols, copy and paste fonts, fancy text, copy and paste, ultratextgen"
Leo Symbols Fonts and Symbols to Copy and Paste,https://ultratextgen.com/assets/pinterest/symbol-leo-symbol.png,Fancy Text Generator & Copy Paste Fonts,,"Copy and paste Leo Symbols fonts, symbols and styled text for display names, usernames, bios, posts and chats. ♌ meaning & how to type it. Create clean Unicode styles in seconds with UltraTextGen — free and no app needed.",https://ultratextgen.com/symbol/leo-symbol/?utm_source=pinterest&utm_medium=social&utm_campaign=organic_pins&utm_content=symbol-leo-symbol,,"symbol, leo symbols, leo symbols fonts, leo symbols symbols, copy and paste fonts, fancy text, copy and paste, ultratextgen"
Less Than & Greater Than Fonts and Symbols to Copy and Paste,https://ultratextgen.com/assets/pinterest/symbol-less-than-greater-than.png,Fancy Text Generator & Copy Paste Fonts,,"Copy and paste Less Than & Greater Than fonts, symbols and styled text for display names, usernames, bios, posts and chats. < > meaning & how to type them. Create clean Unicode styles in seconds with UltraTextGen — free and no app needed.",https://ultratextgen.com/symbol/less-than-greater-than/?utm_source=pinterest&utm_medium=social&utm_campaign=organic_pins&utm_content=symbol-less-than-greater-than,,"symbol, less than & greater than, less than & greater than fonts, less than & greater than symbols, copy and paste fonts, fancy text, copy and paste, ultratextgen"
Libra Symbols Fonts and Symbols to Copy and Paste,https://ultratextgen.com/assets/pinterest/symbol-libra-symbol.png,Fancy Text Generator & Copy Paste Fonts,,"Copy and paste Libra Symbols fonts, symbols and styled text for display names, usernames, bios, posts and chats. ♎ meaning & how to type it. Create clean Unicode styles in seconds with UltraTextGen — free and no app needed.",https://ultratextgen.com/symbol/libra-symbol/?utm_source=pinterest&utm_medium=social&utm_campaign=organic_pins&utm_content=symbol-libra-symbol,,"symbol, libra symbols, libra symbols fonts, libra symbols symbols, copy and paste fonts, fancy text, copy and paste, ultratextgen"
Meteor Emoji Fonts and Symbols to Copy and Paste,https://ultratextgen.com/assets/pinterest/symbol-meteor-emoji.png,Emoji Copy Paste & Emoji Combos,,"Copy and paste Meteor Emoji fonts, symbols and styled text for display names, usernames, bios, posts and chats. Draft Emoji 18.0 candidate, not live yet. Create clean Unicode styles in seconds with UltraTextGen — free and no app needed.",https://ultratextgen.com/symbol/meteor-emoji/?utm_source=pinterest&utm_medium=social&utm_campaign=organic_pins&utm_content=symbol-meteor-emoji,,"symbol, meteor emoji, meteor emoji fonts, meteor emoji symbols, copy and paste fonts, fancy text, copy and paste, ultratextgen"
Micro Sign Fonts and Symbols to Copy and Paste,https://ultratextgen.com/assets/pinterest/symbol-micro-sign.png,Fancy Text Generator & Copy Paste Fonts,,"Copy and paste Micro Sign fonts, symbols and styled text for display names, usernames, bios, posts and chats. µ meaning, history & how to type it. Create clean Unicode styles in seconds with UltraTextGen — free and no app needed.",https://ultratextgen.com/symbol/micro-sign/?utm_source=pinterest&utm_medium=social&utm_campaign=organic_pins&utm_content=symbol-micro-sign,,"symbol, micro sign, micro sign fonts, micro sign symbols, copy and paste fonts, fancy text, copy and paste, ultratextgen"
Monarch Butterfly Emoji Fonts and Symbols to Copy and Paste,https://ultratextgen.com/assets/pinterest/symbol-monarch-butterfly-emoji.png,Emoji Copy Paste & Emoji Combos,,"Copy and paste Monarch Butterfly Emoji fonts, symbols and styled text for display names, usernames, bios, posts and chats. Draft Emoji 18.0 candidate, not live yet. Create clean Unicode styles in seconds with UltraTextGen — free and no app needed.",https://ultratextgen.com/symbol/monarch-butterfly-emoji/?utm_source=pinterest&utm_medium=social&utm_campaign=organic_pins&utm_content=symbol-monarch-butterfly-emoji,,"symbol, monarch butterfly emoji, monarch butterfly emoji fonts, monarch butterfly emoji symbols, copy and paste fonts, fancy text, copy and paste, ultratextgen"
Multiplication Sign Fonts and Symbols to Copy and Paste,https://ultratextgen.com/assets/pinterest/symbol-multiplication-sign.png,Fancy Text Generator & Copy Paste Fonts,,"Copy and paste Multiplication Sign fonts, symbols and styled text for display names, usernames, bios, posts and chats. Copy & paste the × times symbol. Create clean Unicode styles in seconds with UltraTextGen — free and no app needed.",https://ultratextgen.com/symbol/multiplication-sign/?utm_source=pinterest&utm_medium=social&utm_campaign=organic_pins&utm_content=symbol-multiplication-sign,,"symbol, multiplication sign, multiplication sign fonts, multiplication sign symbols, copy and paste fonts, fancy text, copy and paste, ultratextgen"
Not Equal Sign Fonts and Symbols to Copy and Paste,https://ultratextgen.com/assets/pinterest/symbol-not-equal-sign.png,Fancy Text Generator & Copy Paste Fonts,,"Copy and paste Not Equal Sign fonts, symbols and styled text for display names, usernames, bios, posts and chats. ≠ meaning & how to type it. Create clean Unicode styles in seconds with UltraTextGen — free and no app needed.",https://ultratextgen.com/symbol/not-equal-sign/?utm_source=pinterest&utm_medium=social&utm_campaign=organic_pins&utm_content=symbol-not-equal-sign,,"symbol, not equal sign, not equal sign fonts, not equal sign symbols, copy and paste fonts, fancy text, copy and paste, ultratextgen"
Ohm Symbols Fonts and Symbols to Copy and Paste,https://ultratextgen.com/assets/pinterest/symbol-ohm-symbol.png,Fancy Text Generator & Copy Paste Fonts,,"Copy and paste Ohm Symbols fonts, symbols and styled text for display names, usernames, bios, posts and chats. Ω meaning & how to type it. Create clean Unicode styles in seconds with UltraTextGen — free and no app needed.",https://ultratextgen.com/symbol/ohm-symbol/?utm_source=pinterest&utm_medium=social&utm_campaign=organic_pins&utm_content=symbol-ohm-symbol,,"symbol, ohm symbols, ohm symbols fonts, ohm symbols symbols, copy and paste fonts, fancy text, copy and paste, ultratextgen"
Om Symbols Fonts and Symbols to Copy and Paste,https://ultratextgen.com/assets/pinterest/symbol-om-symbol.png,Fancy Text Generator & Copy Paste Fonts,,"Copy and paste Om Symbols fonts, symbols and styled text for display names, usernames, bios, posts and chats. ॐ meaning, history & how to type it. Create clean Unicode styles in seconds with UltraTextGen — free and no app needed.",https://ultratextgen.com/symbol/om-symbol/?utm_source=pinterest&utm_medium=social&utm_campaign=organic_pins&utm_content=symbol-om-symbol,,"symbol, om symbols, om symbols fonts, om symbols symbols, copy and paste fonts, fancy text, copy and paste, ultratextgen"
Omani Rial Sign Fonts and Symbols to Copy and Paste,https://ultratextgen.com/assets/pinterest/symbol-omani-rial-sign.png,"Special Characters, Unicode & Keyboard Symbols",,"Copy and paste Omani Rial Sign fonts, symbols and styled text for display names, usernames, bios, posts and chats. Frozen for Unicode 18.0 publication. Create clean Unicode styles in seconds with UltraTextGen — free and no app needed.",https://ultratextgen.com/symbol/omani-rial-sign/?utm_source=pinterest&utm_medium=social&utm_campaign=organic_pins&utm_content=symbol-omani-rial-sign,,"symbol, omani rial sign, omani rial sign fonts, omani rial sign symbols, copy and paste fonts, fancy text, copy and paste, ultratextgen"
Omega Symbols Fonts and Symbols to Copy and Paste,https://ultratextgen.com/assets/pinterest/symbol-omega-symbol.png,Fancy Text Generator & Copy Paste Fonts,,"Copy and paste Omega Symbols fonts, symbols and styled text for display names, usernames, bios, posts and chats. Ω ω meaning & how to type it. Create clean Unicode styles in seconds with UltraTextGen — free and no app needed.",https://ultratextgen.com/symbol/omega-symbol/?utm_source=pinterest&utm_medium=social&utm_campaign=organic_pins&utm_content=symbol-omega-symbol,,"symbol, omega symbols, omega symbols fonts, omega symbols symbols, copy and paste fonts, fancy text, copy and paste, ultratextgen"
Orthodox Cross Fonts and Symbols to Copy and Paste,https://ultratextgen.com/assets/pinterest/symbol-orthodox-cross.png,Fancy Text Generator & Copy Paste Fonts,,"Copy and paste Orthodox Cross fonts, symbols and styled text for display names, usernames, bios, posts and chats. ☦ meaning, history & how to type it. Create clean Unicode styles in seconds with UltraTextGen — free and no app needed.",https://ultratextgen.com/symbol/orthodox-cross/?utm_source=pinterest&utm_medium=social&utm_campaign=organic_pins&utm_content=symbol-orthodox-cross,,"symbol, orthodox cross, orthodox cross fonts, orthodox cross symbols, copy and paste fonts, fancy text, copy and paste, ultratextgen"
Pawn Symbols Fonts and Symbols to Copy and Paste,https://ultratextgen.com/assets/pinterest/symbol-pawn-symbol.png,Fancy Text Generator & Copy Paste Fonts,,"Copy and paste Pawn Symbols fonts, symbols and styled text for display names, usernames, bios, posts and chats. ♟ ♙ meaning & how to type it. Create clean Unicode styles in seconds with UltraTextGen — free and no app needed.",https://ultratextgen.com/symbol/pawn-symbol/?utm_source=pinterest&utm_medium=social&utm_campaign=organic_pins&utm_content=symbol-pawn-symbol,,"symbol, pawn symbols, pawn symbols fonts, pawn symbols symbols, copy and paste fonts, fancy text, copy and paste, ultratextgen"
Peace Symbols Fonts and Symbols to Copy and Paste,https://ultratextgen.com/assets/pinterest/symbol-peace-sign.png,Fancy Text Generator & Copy Paste Fonts,,"Copy and paste Peace Symbols fonts, symbols and styled text for display names, usernames, bios, posts and chats. ☮ meaning, history & how to type it. Create clean Unicode styles in seconds with UltraTextGen — free and no app needed.",https://ultratextgen.com/symbol/peace-sign/?utm_source=pinterest&utm_medium=social&utm_campaign=organic_pins&utm_content=symbol-peace-sign,,"symbol, peace symbols, peace symbols fonts, peace symbols symbols, copy and paste fonts, fancy text, copy and paste, ultratextgen"
Pentagram Symbols Fonts and Symbols to Copy and Paste,https://ultratextgen.com/assets/pinterest/symbol-pentagram-symbol.png,Fancy Text Generator & Copy Paste Fonts,,"Copy and paste Pentagram Symbols fonts, symbols and styled text for display names, usernames, bios, posts and chats. ⛧ meaning, history & how to type it. Create clean Unicode styles in seconds with UltraTextGen — free and no app needed.",https://ultratextgen.com/symbol/pentagram-symbol/?utm_source=pinterest&utm_medium=social&utm_campaign=organic_pins&utm_content=symbol-pentagram-symbol,,"symbol, pentagram symbols, pentagram symbols fonts, pentagram symbols symbols, copy and paste fonts, fancy text, copy and paste, ultratextgen"
Peso Sign Fonts and Symbols to Copy and Paste,https://ultratextgen.com/assets/pinterest/symbol-peso-sign.png,Fancy Text Generator & Copy Paste Fonts,,"Copy and paste Peso Sign fonts, symbols and styled text for display names, usernames, bios, posts and chats. ₱ meaning, history & how to type it. Create clean Unicode styles in seconds with UltraTextGen — free and no app needed.",https://ultratextgen.com/symbol/peso-sign/?utm_source=pinterest&utm_medium=social&utm_campaign=organic_pins&utm_content=symbol-peso-sign,,"symbol, peso sign, peso sign fonts, peso sign symbols, copy and paste fonts, fancy text, copy and paste, ultratextgen"
Phi Symbols Fonts and Symbols to Copy and Paste,https://ultratextgen.com/assets/pinterest/symbol-phi-symbol.png,Fancy Text Generator & Copy Paste Fonts,,"Copy and paste Phi Symbols fonts, symbols and styled text for display names, usernames, bios, posts and chats. Φ φ meaning, history & how to type it. Create clean Unicode styles in seconds with UltraTextGen — free and no app needed.",https://ultratextgen.com/symbol/phi-symbol/?utm_source=pinterest&utm_medium=social&utm_campaign=organic_pins&utm_content=symbol-phi-symbol,,"symbol, phi symbols, phi symbols fonts, phi symbols symbols, copy and paste fonts, fancy text, copy and paste, ultratextgen"
Pi Symbols Fonts and Symbols to Copy and Paste,https://ultratextgen.com/assets/pinterest/symbol-pi-symbol.png,Fancy Text Generator & Copy Paste Fonts,,"Copy and paste Pi Symbols fonts, symbols and styled text for display names, usernames, bios, posts and chats. π meaning & how to type it. Create clean Unicode styles in seconds with UltraTextGen — free and no app needed.",https://ultratextgen.com/symbol/pi-symbol/?utm_source=pinterest&utm_medium=social&utm_campaign=organic_pins&utm_content=symbol-pi-symbol,,"symbol, pi symbols, pi symbols fonts, pi symbols symbols, copy and paste fonts, fancy text, copy and paste, ultratextgen"
Pickle Emoji Fonts and Symbols to Copy and Paste,https://ultratextgen.com/assets/pinterest/symbol-pickle-emoji.png,Emoji Copy Paste & Emoji Combos,,"Copy and paste Pickle Emoji fonts, symbols and styled text for display names, usernames, bios, posts and chats. Draft Emoji 18.0 candidate, not live yet. Create clean Unicode styles in seconds with UltraTextGen — free and no app needed.",https://ultratextgen.com/symbol/pickle-emoji/?utm_source=pinterest&utm_medium=social&utm_campaign=organic_pins&utm_content=symbol-pickle-emoji,,"symbol, pickle emoji, pickle emoji fonts, pickle emoji symbols, copy and paste fonts, fancy text, copy and paste, ultratextgen"
Pilcrow Symbols Fonts and Symbols to Copy and Paste,https://ultratextgen.com/assets/pinterest/symbol-pilcrow.png,Fancy Text Generator & Copy Paste Fonts,,"Copy and paste Pilcrow Symbols fonts, symbols and styled text for display names, usernames, bios, posts and chats. ¶ meaning, history & how to type it. Create clean Unicode styles in seconds with UltraTextGen — free and no app needed.",https://ultratextgen.com/symbol/pilcrow/?utm_source=pinterest&utm_medium=social&utm_campaign=organic_pins&utm_content=symbol-pilcrow,,"symbol, pilcrow symbols, pilcrow symbols fonts, pilcrow symbols symbols, copy and paste fonts, fancy text, copy and paste, ultratextgen"
Pisces Symbols Fonts and Symbols to Copy and Paste,https://ultratextgen.com/assets/pinterest/symbol-pisces-symbol.png,Fancy Text Generator & Copy Paste Fonts,,"Copy and paste Pisces Symbols fonts, symbols and styled text for display names, usernames, bios, posts and chats. ♓ meaning & how to type it. Create clean Unicode styles in seconds with UltraTextGen — free and no app needed.",https://ultratextgen.com/symbol/pisces-symbol/?utm_source=pinterest&utm_medium=social&utm_campaign=organic_pins&utm_content=symbol-pisces-symbol,,"symbol, pisces symbols, pisces symbols fonts, pisces symbols symbols, copy and paste fonts, fancy text, copy and paste, ultratextgen"
Plus-Minus Symbols Fonts and Symbols to Copy and Paste,https://ultratextgen.com/assets/pinterest/symbol-plus-minus.png,Fancy Text Generator & Copy Paste Fonts,,"Copy and paste Plus-Minus Symbols fonts, symbols and styled text for display names, usernames, bios, posts and chats. ± meaning & how to type it. Create clean Unicode styles in seconds with UltraTextGen — free and no app needed.",https://ultratextgen.com/symbol/plus-minus/?utm_source=pinterest&utm_medium=social&utm_campaign=organic_pins&utm_content=symbol-plus-minus,,"symbol, plus-minus symbols, plus-minus symbols fonts, plus-minus symbols symbols, copy and paste fonts, fancy text, copy and paste, ultratextgen"
Pound Sign Fonts and Symbols to Copy and Paste,https://ultratextgen.com/assets/pinterest/symbol-pound-sign.png,Fancy Text Generator & Copy Paste Fonts,,"Copy and paste Pound Sign fonts, symbols and styled text for display names, usernames, bios, posts and chats. £ meaning, history & how to type it. Create clean Unicode styles in seconds with UltraTextGen — free and no app needed.",https://ultratextgen.com/symbol/pound-sign/?utm_source=pinterest&utm_medium=social&utm_campaign=organic_pins&utm_content=symbol-pound-sign,,"symbol, pound sign, pound sign fonts, pound sign symbols, copy and paste fonts, fancy text, copy and paste, ultratextgen"
Psi Symbols Fonts and Symbols to Copy and Paste,https://ultratextgen.com/assets/pinterest/symbol-psi-symbol.png,Fancy Text Generator & Copy Paste Fonts,,"Copy and paste Psi Symbols fonts, symbols and styled text for display names, usernames, bios, posts and chats. Ψ ψ meaning, history & how to type it. Create clean Unicode styles in seconds with UltraTextGen — free and no app needed.",https://ultratextgen.com/symbol/psi-symbol/?utm_source=pinterest&utm_medium=social&utm_campaign=organic_pins&utm_content=symbol-psi-symbol,,"symbol, psi symbols, psi symbols fonts, psi symbols symbols, copy and paste fonts, fancy text, copy and paste, ultratextgen"
Quotation Mark Fonts and Symbols to Copy and Paste,https://ultratextgen.com/assets/pinterest/symbol-quotation-mark.png,Fancy Text Generator & Copy Paste Fonts,,"Copy and paste Quotation Mark fonts, symbols and styled text for display names, usernames, bios, posts and chats. “ ” meaning & how to type it. Create clean Unicode styles in seconds with UltraTextGen — free and no app needed.",https://ultratextgen.com/symbol/quotation-mark/?utm_source=pinterest&utm_medium=social&utm_campaign=organic_pins&utm_content=symbol-quotation-mark,,"symbol, quotation mark, quotation mark fonts, quotation mark symbols, copy and paste fonts, fancy text, copy and paste, ultratextgen"
Recycling Symbols Fonts and Symbols to Copy and Paste,https://ultratextgen.com/assets/pinterest/symbol-recycling-symbol.png,Fancy Text Generator & Copy Paste Fonts,,"Copy and paste Recycling Symbols fonts, symbols and styled text for display names, usernames, bios, posts and chats. ♻ meaning, history & how to type it. Create clean Unicode styles in seconds with UltraTextGen — free and no app needed.",https://ultratextgen.com/symbol/recycling-symbol/?utm_source=pinterest&utm_medium=social&utm_campaign=organic_pins&utm_content=symbol-recycling-symbol,,"symbol, recycling symbols, recycling symbols fonts, recycling symbols symbols, copy and paste fonts, fancy text, copy and paste, ultratextgen"
Right Arrow Symbols Fonts and Symbols to Copy and Paste,https://ultratextgen.com/assets/pinterest/symbol-right-arrow.png,"Special Characters, Unicode & Keyboard Symbols",,"Copy and paste Right Arrow Symbols fonts, symbols and styled text for display names, usernames, bios, posts and chats. → meaning & how to type it. Create clean Unicode styles in seconds with UltraTextGen — free and no app needed.",https://ultratextgen.com/symbol/right-arrow/?utm_source=pinterest&utm_medium=social&utm_campaign=organic_pins&utm_content=symbol-right-arrow,,"symbol, right arrow symbols, right arrow symbols fonts, right arrow symbols symbols, copy and paste fonts, fancy text, copy and paste, ultratextgen"
Ruble Sign Fonts and Symbols to Copy and Paste,https://ultratextgen.com/assets/pinterest/symbol-ruble-sign.png,Fancy Text Generator & Copy Paste Fonts,,"Copy and paste Ruble Sign fonts, symbols and styled text for display names, usernames, bios, posts and chats. ₽ meaning, history & how to type it. Create clean Unicode styles in seconds with UltraTextGen — free and no app needed.",https://ultratextgen.com/symbol/ruble-sign/?utm_source=pinterest&utm_medium=social&utm_campaign=organic_pins&utm_content=symbol-ruble-sign,,"symbol, ruble sign, ruble sign fonts, ruble sign symbols, copy and paste fonts, fancy text, copy and paste, ultratextgen"
Indian Rupee Sign Fonts and Symbols to Copy and Paste,https://ultratextgen.com/assets/pinterest/symbol-rupee-sign.png,Fancy Text Generator & Copy Paste Fonts,,"Copy and paste Indian Rupee Sign fonts, symbols and styled text for display names, usernames, bios, posts and chats. ₹ meaning, history & how to type it. Create clean Unicode styles in seconds with UltraTextGen — free and no app needed.",https://ultratextgen.com/symbol/rupee-sign/?utm_source=pinterest&utm_medium=social&utm_campaign=organic_pins&utm_content=symbol-rupee-sign,,"symbol, indian rupee sign, indian rupee sign fonts, indian rupee sign symbols, copy and paste fonts, fancy text, copy and paste, ultratextgen"
Sagittarius Symbols Fonts and Symbols to Copy and Paste,https://ultratextgen.com/assets/pinterest/symbol-sagittarius-symbol.png,Fancy Text Generator & Copy Paste Fonts,,"Copy and paste Sagittarius Symbols fonts, symbols and styled text for display names, usernames, bios, posts and chats. ♐ meaning & how to type it. Create clean Unicode styles in seconds with UltraTextGen — free and no app needed.",https://ultratextgen.com/symbol/sagittarius-symbol/?utm_source=pinterest&utm_medium=social&utm_campaign=organic_pins&utm_content=symbol-sagittarius-symbol,,"symbol, sagittarius symbols, sagittarius symbols fonts, sagittarius symbols symbols, copy and paste fonts, fancy text, copy and paste, ultratextgen"
Saudi Riyal Sign Fonts and Symbols to Copy and Paste,https://ultratextgen.com/assets/pinterest/symbol-saudi-riyal-sign.png,"Special Characters, Unicode & Keyboard Symbols",,"Copy and paste Saudi Riyal Sign fonts, symbols and styled text for display names, usernames, bios, posts and chats. Final since Unicode 17.0. Create clean Unicode styles in seconds with UltraTextGen — free and no app needed.",https://ultratextgen.com/symbol/saudi-riyal-sign/?utm_source=pinterest&utm_medium=social&utm_campaign=organic_pins&utm_content=symbol-saudi-riyal-sign,,"symbol, saudi riyal sign, saudi riyal sign fonts, saudi riyal sign symbols, copy and paste fonts, fancy text, copy and paste, ultratextgen"
Scorpio Symbols Fonts and Symbols to Copy and Paste,https://ultratextgen.com/assets/pinterest/symbol-scorpio-symbol.png,Fancy Text Generator & Copy Paste Fonts,,"Copy and paste Scorpio Symbols fonts, symbols and styled text for display names, usernames, bios, posts and chats. ♏ meaning & how to type it. Create clean Unicode styles in seconds with UltraTextGen — free and no app needed.",https://ultratextgen.com/symbol/scorpio-symbol/?utm_source=pinterest&utm_medium=social&utm_campaign=organic_pins&utm_content=symbol-scorpio-symbol,,"symbol, scorpio symbols, scorpio symbols fonts, scorpio symbols symbols, copy and paste fonts, fancy text, copy and paste, ultratextgen"
Section Sign Fonts and Symbols to Copy and Paste,https://ultratextgen.com/assets/pinterest/symbol-section-sign.png,Fancy Text Generator & Copy Paste Fonts,,"Copy and paste Section Sign fonts, symbols and styled text for display names, usernames, bios, posts and chats. § meaning, history & how to type it. Create clean Unicode styles in seconds with UltraTextGen — free and no app needed.",https://ultratextgen.com/symbol/section-sign/?utm_source=pinterest&utm_medium=social&utm_campaign=organic_pins&utm_content=symbol-section-sign,,"symbol, section sign, section sign fonts, section sign symbols, copy and paste fonts, fancy text, copy and paste, ultratextgen"
Sigma Symbols Fonts and Symbols to Copy and Paste,https://ultratextgen.com/assets/pinterest/symbol-sigma-symbol.png,Fancy Text Generator & Copy Paste Fonts,,"Copy and paste Sigma Symbols fonts, symbols and styled text for display names, usernames, bios, posts and chats. Σ σ meaning & how to type it. Create clean Unicode styles in seconds with UltraTextGen — free and no app needed.",https://ultratextgen.com/symbol/sigma-symbol/?utm_source=pinterest&utm_medium=social&utm_campaign=organic_pins&utm_content=symbol-sigma-symbol,,"symbol, sigma symbols, sigma symbols fonts, sigma symbols symbols, copy and paste fonts, fancy text, copy and paste, ultratextgen"
Skull and Crossbones Fonts and Symbols to Copy and Paste,https://ultratextgen.com/assets/pinterest/symbol-skull-and-crossbones.png,Fancy Text Generator & Copy Paste Fonts,,"Copy and paste Skull and Crossbones fonts, symbols and styled text for display names, usernames, bios, posts and chats. ☠ meaning, history & how to type it. Create clean Unicode styles in seconds with UltraTextGen — free and no app needed.",https://ultratextgen.com/symbol/skull-and-crossbones/?utm_source=pinterest&utm_medium=social&utm_campaign=organic_pins&utm_content=symbol-skull-and-crossbones,,"symbol, skull and crossbones, skull and crossbones fonts, skull and crossbones symbols, copy and paste fonts, fancy text, copy and paste, ultratextgen"
Snapchat Heart Colors Fonts and Symbols to Copy and Paste,https://ultratextgen.com/assets/pinterest/symbol-snapchat-heart-colors.png,"TikTok, Snapchat & WhatsApp Fonts",,"Copy and paste Snapchat Heart Colors fonts, symbols and styled text for display names, usernames, bios, posts and chats. What each heart emoji color means. Create clean Unicode styles in seconds with UltraTextGen — free and no app needed.",https://ultratextgen.com/symbol/snapchat-heart-colors/?utm_source=pinterest&utm_medium=social&utm_campaign=organic_pins&utm_content=symbol-snapchat-heart-colors,,"symbol, snapchat heart colors, snapchat heart colors fonts, snapchat heart colors symbols, copy and paste fonts, fancy text, copy and paste, ultratextgen"
Spade Symbols Fonts and Symbols to Copy and Paste,https://ultratextgen.com/assets/pinterest/symbol-spade-symbol.png,Fancy Text Generator & Copy Paste Fonts,,"Copy and paste Spade Symbols fonts, symbols and styled text for display names, usernames, bios, posts and chats. ♠ ♤ meaning & how to type it. Create clean Unicode styles in seconds with UltraTextGen — free and no app needed.",https://ultratextgen.com/symbol/spade-symbol/?utm_source=pinterest&utm_medium=social&utm_campaign=organic_pins&utm_content=symbol-spade-symbol,,"symbol, spade symbols, spade symbols fonts, spade symbols symbols, copy and paste fonts, fancy text, copy and paste, ultratextgen"
Square Root Symbols Fonts and Symbols to Copy and Paste,https://ultratextgen.com/assets/pinterest/symbol-square-root.png,Fancy Text Generator & Copy Paste Fonts,,"Copy and paste Square Root Symbols fonts, symbols and styled text for display names, usernames, bios, posts and chats. √ meaning, history & how to type it. Create clean Unicode styles in seconds with UltraTextGen — free and no app needed.",https://ultratextgen.com/symbol/square-root/?utm_source=pinterest&utm_medium=social&utm_campaign=organic_pins&utm_content=symbol-square-root,,"symbol, square root symbols, square root symbols fonts, square root symbols symbols, copy and paste fonts, fancy text, copy and paste, ultratextgen"
Squared & Cubed Fonts and Symbols to Copy and Paste,https://ultratextgen.com/assets/pinterest/symbol-squared-cubed.png,Fancy Text Generator & Copy Paste Fonts,,"Copy and paste Squared & Cubed fonts, symbols and styled text for display names, usernames, bios, posts and chats. Copy & paste ² and ³ exponents. Create clean Unicode styles in seconds with UltraTextGen — free and no app needed.",https://ultratextgen.com/symbol/squared-cubed/?utm_source=pinterest&utm_medium=social&utm_campaign=organic_pins&utm_content=symbol-squared-cubed,,"symbol, squared & cubed, squared & cubed fonts, squared & cubed symbols, copy and paste fonts, fancy text, copy and paste, ultratextgen"
Star of David Fonts and Symbols to Copy and Paste,https://ultratextgen.com/assets/pinterest/symbol-star-of-david.png,"Cute Symbols, Hearts & Decorative Text",,"Copy and paste Star of David fonts, symbols and styled text for display names, usernames, bios, posts and chats. ✡ meaning, history & how to type it. Create clean Unicode styles in seconds with UltraTextGen — free and no app needed.",https://ultratextgen.com/symbol/star-of-david/?utm_source=pinterest&utm_medium=social&utm_campaign=organic_pins&utm_content=symbol-star-of-david,,"symbol, star of david, star of david fonts, star of david symbols, copy and paste fonts, fancy text, copy and paste, ultratextgen"
Star Symbols Fonts and Symbols to Copy and Paste,https://ultratextgen.com/assets/pinterest/symbol-star-symbol.png,"Cute Symbols, Hearts & Decorative Text",,"Copy and paste Star Symbols fonts, symbols and styled text for display names, usernames, bios, posts and chats. ★ meaning & how to type it. Create clean Unicode styles in seconds with UltraTextGen — free and no app needed.",https://ultratextgen.com/symbol/star-symbol/?utm_source=pinterest&utm_medium=social&utm_campaign=organic_pins&utm_content=symbol-star-symbol,,"symbol, star symbols, star symbols fonts, star symbols symbols, copy and paste fonts, fancy text, copy and paste, ultratextgen"
Stop Sign Fonts and Symbols to Copy and Paste,https://ultratextgen.com/assets/pinterest/symbol-stop-sign.png,Fancy Text Generator & Copy Paste Fonts,,"Copy and paste Stop Sign fonts, symbols and styled text for display names, usernames, bios, posts and chats. 🛑 meaning & how to type it. Create clean Unicode styles in seconds with UltraTextGen — free and no app needed.",https://ultratextgen.com/symbol/stop-sign/?utm_source=pinterest&utm_medium=social&utm_campaign=organic_pins&utm_content=symbol-stop-sign,,"symbol, stop sign, stop sign fonts, stop sign symbols, copy and paste fonts, fancy text, copy and paste, ultratextgen"
Sunglasses Symbols Fonts and Symbols to Copy and Paste,https://ultratextgen.com/assets/pinterest/symbol-sunglasses-symbol.png,Fancy Text Generator & Copy Paste Fonts,,"Copy and paste Sunglasses Symbols fonts, symbols and styled text for display names, usernames, bios, posts and chats. 😎 meaning, codepoint & how to type it. Create clean Unicode styles in seconds with UltraTextGen — free and no app needed.",https://ultratextgen.com/symbol/sunglasses-symbol/?utm_source=pinterest&utm_medium=social&utm_campaign=organic_pins&utm_content=symbol-sunglasses-symbol,,"symbol, sunglasses symbols, sunglasses symbols fonts, sunglasses symbols symbols, copy and paste fonts, fancy text, copy and paste, ultratextgen"
Taurus Symbols Fonts and Symbols to Copy and Paste,https://ultratextgen.com/assets/pinterest/symbol-taurus-symbol.png,Fancy Text Generator & Copy Paste Fonts,,"Copy and paste Taurus Symbols fonts, symbols and styled text for display names, usernames, bios, posts and chats. ♉ meaning & how to type it. Create clean Unicode styles in seconds with UltraTextGen — free and no app needed.",https://ultratextgen.com/symbol/taurus-symbol/?utm_source=pinterest&utm_medium=social&utm_campaign=organic_pins&utm_content=symbol-taurus-symbol,,"symbol, taurus symbols, taurus symbols fonts, taurus symbols symbols, copy and paste fonts, fancy text, copy and paste, ultratextgen"
Theta Symbols Fonts and Symbols to Copy and Paste,https://ultratextgen.com/assets/pinterest/symbol-theta-symbol.png,Fancy Text Generator & Copy Paste Fonts,,"Copy and paste Theta Symbols fonts, symbols and styled text for display names, usernames, bios, posts and chats. Θ θ meaning, history & how to type it. Create clean Unicode styles in seconds with UltraTextGen — free and no app needed.",https://ultratextgen.com/symbol/theta-symbol/?utm_source=pinterest&utm_medium=social&utm_campaign=organic_pins&utm_content=symbol-theta-symbol,,"symbol, theta symbols, theta symbols fonts, theta symbols symbols, copy and paste fonts, fancy text, copy and paste, ultratextgen"
Thumb Sign Emoji Fonts and Symbols to Copy and Paste,https://ultratextgen.com/assets/pinterest/symbol-thumb-sign-emoji.png,Emoji Copy Paste & Emoji Combos,,"Copy and paste Thumb Sign Emoji fonts, symbols and styled text for display names, usernames, bios, posts and chats. Draft Emoji 18.0 candidate, not live yet. Create clean Unicode styles in seconds with UltraTextGen — free and no app needed.",https://ultratextgen.com/symbol/thumb-sign-emoji/?utm_source=pinterest&utm_medium=social&utm_campaign=organic_pins&utm_content=symbol-thumb-sign-emoji,,"symbol, thumb sign emoji, thumb sign emoji fonts, thumb sign emoji symbols, copy and paste fonts, fancy text, copy and paste, ultratextgen"
Tilde Symbols Fonts and Symbols to Copy and Paste,https://ultratextgen.com/assets/pinterest/symbol-tilde-symbol.png,Fancy Text Generator & Copy Paste Fonts,,"Copy and paste Tilde Symbols fonts, symbols and styled text for display names, usernames, bios, posts and chats. ~ meaning, history & how to type it. Create clean Unicode styles in seconds with UltraTextGen — free and no app needed.",https://ultratextgen.com/symbol/tilde-symbol/?utm_source=pinterest&utm_medium=social&utm_campaign=organic_pins&utm_content=symbol-tilde-symbol,,"symbol, tilde symbols, tilde symbols fonts, tilde symbols symbols, copy and paste fonts, fancy text, copy and paste, ultratextgen"
Trademark Symbols Fonts and Symbols to Copy and Paste,https://ultratextgen.com/assets/pinterest/symbol-trademark-symbol.png,Fancy Text Generator & Copy Paste Fonts,,"Copy and paste Trademark Symbols fonts, symbols and styled text for display names, usernames, bios, posts and chats. ™ meaning, history & how to type it. Create clean Unicode styles in seconds with UltraTextGen — free and no app needed.",https://ultratextgen.com/symbol/trademark-symbol/?utm_source=pinterest&utm_medium=social&utm_campaign=organic_pins&utm_content=symbol-trademark-symbol,,"symbol, trademark symbols, trademark symbols fonts, trademark symbols symbols, copy and paste fonts, fancy text, copy and paste, ultratextgen"
Underscore Fonts and Symbols to Copy and Paste,https://ultratextgen.com/assets/pinterest/symbol-underscore-symbol.png,Fancy Text Generator & Copy Paste Fonts,,"Copy and paste Underscore fonts, symbols and styled text for display names, usernames, bios, posts and chats. _ meaning, history & how to type it. Create clean Unicode styles in seconds with UltraTextGen — free and no app needed.",https://ultratextgen.com/symbol/underscore-symbol/?utm_source=pinterest&utm_medium=social&utm_campaign=organic_pins&utm_content=symbol-underscore-symbol,,"symbol, underscore, underscore fonts, underscore symbols, copy and paste fonts, fancy text, copy and paste, ultratextgen"
Up Arrow Symbols Fonts and Symbols to Copy and Paste,https://ultratextgen.com/assets/pinterest/symbol-up-arrow.png,"Special Characters, Unicode & Keyboard Symbols",,"Copy and paste Up Arrow Symbols fonts, symbols and styled text for display names, usernames, bios, posts and chats. ↑ meaning & how to type it. Create clean Unicode styles in seconds with UltraTextGen — free and no app needed.",https://ultratextgen.com/symbol/up-arrow/?utm_source=pinterest&utm_medium=social&utm_campaign=organic_pins&utm_content=symbol-up-arrow,,"symbol, up arrow symbols, up arrow symbols fonts, up arrow symbols symbols, copy and paste fonts, fancy text, copy and paste, ultratextgen"
Vertical Line Symbols Fonts and Symbols to Copy and Paste,https://ultratextgen.com/assets/pinterest/symbol-vertical-line.png,Fancy Text Generator & Copy Paste Fonts,,"Copy and paste Vertical Line Symbols fonts, symbols and styled text for display names, usernames, bios, posts and chats. | meaning & how to type it. Create clean Unicode styles in seconds with UltraTextGen — free and no app needed.",https://ultratextgen.com/symbol/vertical-line/?utm_source=pinterest&utm_medium=social&utm_campaign=organic_pins&utm_content=symbol-vertical-line,,"symbol, vertical line symbols, vertical line symbols fonts, vertical line symbols symbols, copy and paste fonts, fancy text, copy and paste, ultratextgen"
Virgo Symbols Fonts and Symbols to Copy and Paste,https://ultratextgen.com/assets/pinterest/symbol-virgo-symbol.png,Fancy Text Generator & Copy Paste Fonts,,"Copy and paste Virgo Symbols fonts, symbols and styled text for display names, usernames, bios, posts and chats. ♍ meaning & how to type it. Create clean Unicode styles in seconds with UltraTextGen — free and no app needed.",https://ultratextgen.com/symbol/virgo-symbol/?utm_source=pinterest&utm_medium=social&utm_campaign=organic_pins&utm_content=symbol-virgo-symbol,,"symbol, virgo symbols, virgo symbols fonts, virgo symbols symbols, copy and paste fonts, fancy text, copy and paste, ultratextgen"
Wheelchair Symbols Fonts and Symbols to Copy and Paste,https://ultratextgen.com/assets/pinterest/symbol-wheelchair-symbol.png,Fancy Text Generator & Copy Paste Fonts,,"Copy and paste Wheelchair Symbols fonts, symbols and styled text for display names, usernames, bios, posts and chats. ♿ meaning, history & how to type it. Create clean Unicode styles in seconds with UltraTextGen — free and no app needed.",https://ultratextgen.com/symbol/wheelchair-symbol/?utm_source=pinterest&utm_medium=social&utm_campaign=organic_pins&utm_content=symbol-wheelchair-symbol,,"symbol, wheelchair symbols, wheelchair symbols fonts, wheelchair symbols symbols, copy and paste fonts, fancy text, copy and paste, ultratextgen"
Won Sign Fonts and Symbols to Copy and Paste,https://ultratextgen.com/assets/pinterest/symbol-won-sign.png,Fancy Text Generator & Copy Paste Fonts,,"Copy and paste Won Sign fonts, symbols and styled text for display names, usernames, bios, posts and chats. ₩ meaning, history & how to type it. Create clean Unicode styles in seconds with UltraTextGen — free and no app needed.",https://ultratextgen.com/symbol/won-sign/?utm_source=pinterest&utm_medium=social&utm_campaign=organic_pins&utm_content=symbol-won-sign,,"symbol, won sign, won sign fonts, won sign symbols, copy and paste fonts, fancy text, copy and paste, ultratextgen"
Yen Sign Fonts and Symbols to Copy and Paste,https://ultratextgen.com/assets/pinterest/symbol-yen-sign.png,Fancy Text Generator & Copy Paste Fonts,,"Copy and paste Yen Sign fonts, symbols and styled text for display names, usernames, bios, posts and chats. ¥ meaning, history & how to type it. Create clean Unicode styles in seconds with UltraTextGen — free and no app needed.",https://ultratextgen.com/symbol/yen-sign/?utm_source=pinterest&utm_medium=social&utm_campaign=organic_pins&utm_content=symbol-yen-sign,,"symbol, yen sign, yen sign fonts, yen sign symbols, copy and paste fonts, fancy text, copy and paste, ultratextgen"
Yin Yang Symbols Fonts and Symbols to Copy and Paste,https://ultratextgen.com/assets/pinterest/symbol-yin-yang.png,Fancy Text Generator & Copy Paste Fonts,,"Copy and paste Yin Yang Symbols fonts, symbols and styled text for display names, usernames, bios, posts and chats. ☯ meaning, history & how to type it. Create clean Unicode styles in seconds with UltraTextGen — free and no app needed.",https://ultratextgen.com/symbol/yin-yang/?utm_source=pinterest&utm_medium=social&utm_campaign=organic_pins&utm_content=symbol-yin-yang,,"symbol, yin yang symbols, yin yang symbols fonts, yin yang symbols symbols, copy and paste fonts, fancy text, copy and paste, ultratextgen"
