Title,Media URL,Pinterest board,Thumbnail,Description,Link,Publish date,Keywords
Tulisan Gotik — Font Gothic 𝔤𝔬𝔱𝔦𝔨 untuk Disalin — Copy and Paste Fonts,https://ultratextgen.com/assets/pinterest/ms-tulisan-gotik.png,International Fancy Font Generators,,"Tulisan Gotik — Font Gothic 𝔤𝔬𝔱𝔦𝔨 untuk Disalin. Penjana tulisan gotik percuma, terus salin: tukar teks jadi huruf gothic Unicode (fraktur, old english, gotik tebal) untuk disalin dan…. Copy and paste stylish Unicode fonts and symbols for bios, captions, usernames and posts — free, fast and…",https://ultratextgen.com/ms/tulisan-gotik/?utm_source=pinterest&utm_medium=social&utm_campaign=organic_pins&utm_content=ms-tulisan-gotik,,"localized, tulisan gotik — font gothic 𝔤𝔬𝔱𝔦𝔨 untuk disalin, fancy text generator, copy paste fonts, unicode fonts, copy and paste, ultratextgen"
Tulisan Kecil & Huruf Kecil (ₛₘₐₗₗ ᵗⁱⁿʸ) — Penjana Salin Tampal — Copy and Paste Fonts,https://ultratextgen.com/assets/pinterest/ms-tulisan-kecil.png,International Fancy Font Generators,,"Tulisan Kecil & Huruf Kecil (ₛₘₐₗₗ ᵗⁱⁿʸ) — Penjana Salin Tampal. Buat & salin tulisan kecil, huruf kecil, dan huruf kecil atas (superscript) untuk bio IG, status WhatsApp, caption & nickname game…. Copy and paste stylish Unicode fonts and symbols for bios, captions, usernames and posts — free,…",https://ultratextgen.com/ms/tulisan-kecil/?utm_source=pinterest&utm_medium=social&utm_campaign=organic_pins&utm_content=ms-tulisan-kecil,,"localized, tulisan kecil & huruf kecil (ₛₘₐₗₗ ᵗⁱⁿʸ) — penjana salin tampal, fancy text generator, copy paste fonts, unicode fonts, copy and paste, ultratextgen"
Tulisan Tebal & Font Tebal (𝗕𝗼𝗹𝗱) — Penjana Salin Tampal — Copy and Paste Fonts,https://ultratextgen.com/assets/pinterest/ms-tulisan-tebal.png,International Fancy Font Generators,,"Tulisan Tebal & Font Tebal (𝗕𝗼𝗹𝗱) — Penjana Salin Tampal. Buat & salin tulisan tebal, font tebal, dan huruf tebal (𝗯𝗼𝗹𝗱) untuk bio IG, status WhatsApp, caption & nickname game. Taip, salin…. Copy and paste stylish Unicode fonts and symbols for bios, captions, usernames and posts — free, fast and…",https://ultratextgen.com/ms/tulisan-tebal/?utm_source=pinterest&utm_medium=social&utm_campaign=organic_pins&utm_content=ms-tulisan-tebal,,"localized, tulisan tebal & font tebal (𝗕𝗼𝗹𝗱) — penjana salin tampal, fancy text generator, copy paste fonts, unicode fonts, copy and paste, ultratextgen"
Nama FF Hebat: Simbol Payung ꧁꧂ & Penjana Nickname Free Fire — Copy and Paste Fonts,https://ultratextgen.com/assets/pinterest/ms-usecase-nama-ff-hebat.png,International Fancy Font Generators,,"Nama FF Hebat: Simbol Payung ꧁꧂ & Penjana Nickname Free Fire. Buat nama FF hebat dengan simbol payung ꧁༒꧂, mahkota, dan katakana. Taip nama anda, salin, tampal ke Free Fire. Ada koleksi nama FF pro…. Copy and paste stylish Unicode fonts and symbols for bios, captions, usernames and posts — free,…",https://ultratextgen.com/ms/usecase/nama-ff-hebat/?utm_source=pinterest&utm_medium=social&utm_campaign=organic_pins&utm_content=ms-usecase-nama-ff-hebat,,"localized, nama ff hebat: simbol payung ꧁꧂ & penjana nickname free fire, fancy text generator, copy paste fonts, unicode fonts, copy and paste, ultratextgen"
Nama ML Hebat: Font Aesthetic & Simbol Nickname Mobile Legends — Copy and Paste Fonts,https://ultratextgen.com/assets/pinterest/ms-usecase-nama-ml-hebat.png,International Fancy Font Generators,,"Nama ML Hebat: Font Aesthetic & Simbol Nickname Mobile Legends. Buat nama ML hebat dengan font aesthetic, simbol ꧁꧂, dan small caps untuk nickname Mobile Legends. Taip nama anda, salin, tampal — plus…. Copy and paste stylish Unicode fonts and symbols for bios, captions, usernames and posts —…",https://ultratextgen.com/ms/usecase/nama-ml-hebat/?utm_source=pinterest&utm_medium=social&utm_campaign=organic_pins&utm_content=ms-usecase-nama-ml-hebat,,"localized, nama ml hebat: font aesthetic & simbol nickname mobile legends, fancy text generator, copy paste fonts, unicode fonts, copy and paste, ultratextgen"
Cursieve Letters — Copy and Paste Fonts — UltraTextGen,https://ultratextgen.com/assets/pinterest/nl-cursieve-letters.png,International Fancy Font Generators,,"Cursieve Letters. Schuine tekst om te kopiëren. Copy and paste stylish Unicode fonts and symbols for bios, captions, usernames and posts — free, fast and right in your browser with UltraTextGen.",https://ultratextgen.com/nl/cursieve-letters/?utm_source=pinterest&utm_medium=social&utm_campaign=organic_pins&utm_content=nl-cursieve-letters,,"localized, cursieve letters, fancy text generator, copy paste fonts, unicode fonts, copy and paste, ultratextgen"
Emoji Combinaties om te Kopiëren en Plakken 🦋✨ Esthetische Combo's — Copy and Paste Fonts,https://ultratextgen.com/assets/pinterest/nl-emoji-combinaties.png,International Fancy Font Generators,,"Emoji Combinaties om te Kopiëren en Plakken 🦋✨ Esthetische Combo's. Kant-en-klare emoji combinaties om te kopiëren en plakken: schattig, coquette, liefde, dark en strand. Esthetische emoji combo's voor je…. Copy and paste stylish Unicode fonts and symbols for bios, captions, usernames and posts…",https://ultratextgen.com/nl/emoji-combinaties/?utm_source=pinterest&utm_medium=social&utm_campaign=organic_pins&utm_content=nl-emoji-combinaties,,"localized, emoji combinaties om te kopiëren en plakken 🦋✨ esthetische combo's, fancy text generator, copy paste fonts, unicode fonts, copy and paste, ultratextgen"
Facebook Lettertype — Copy and Paste Fonts,https://ultratextgen.com/assets/pinterest/nl-facebook-lettertype.png,International Fancy Font Generators,,"Facebook Lettertype. Vette letters voor je Facebook-post. Copy and paste stylish Unicode fonts and symbols for bios, captions, usernames and posts — free, fast and right in your browser with UltraTextGen.",https://ultratextgen.com/nl/facebook-lettertype/?utm_source=pinterest&utm_medium=social&utm_campaign=organic_pins&utm_content=nl-facebook-lettertype,,"localized, facebook lettertype, fancy text generator, copy paste fonts, unicode fonts, copy and paste, ultratextgen"
Een Discord-naam stylen zonder gefilterd te worden of toegankelijkheid te schaden,https://ultratextgen.com/assets/pinterest/nl-guide-discord-naam-veilig-stylen.png,International Fancy Font Generators,,"Een Discord-naam stylen zonder gefilterd te worden of toegankelijkheid te schaden. Een gestylede Discord-naam kan alsnog zakken voor drie stille tests: de ledenlijst, de @vermelding en het imitatiefilter. Zo houd je hem…. Copy and paste stylish Unicode fonts and symbols for bios, captions,…",https://ultratextgen.com/nl/guide/discord-naam-veilig-stylen/?utm_source=pinterest&utm_medium=social&utm_campaign=organic_pins&utm_content=nl-guide-discord-naam-veilig-stylen,,"localized, een discord-naam stylen zonder gefilterd te worden of toegankelijkheid te schaden, fancy text generator, copy paste fonts, unicode fonts, copy and paste, ultratextgen"
Discord-lettertypes & opmaak uitgelegd: Markdown vs Unicode vs Nitro — Copy and Paste,https://ultratextgen.com/assets/pinterest/nl-guide-discord-tekstopmaak-uitgelegd.png,International Fancy Font Generators,,"Discord-lettertypes & opmaak uitgelegd: Markdown vs Unicode vs Nitro. Waarom vet werkt in de Discord-chat maar niet in je gebruikersnaam — de drie tekstsystemen die Discord gebruikt (Markdown…. Copy and paste stylish Unicode fonts and symbols for bios, captions, usernames and posts — free, fast…",https://ultratextgen.com/nl/guide/discord-tekstopmaak-uitgelegd/?utm_source=pinterest&utm_medium=social&utm_campaign=organic_pins&utm_content=nl-guide-discord-tekstopmaak-uitgelegd,,"localized, discord-lettertypes & opmaak uitgelegd: markdown vs unicode vs nitro, fancy text generator, copy paste fonts, unicode fonts, copy and paste, ultratextgen"
UltraTextGen Guides — gestylede typografie onder de knie — Copy and Paste Fonts,https://ultratextgen.com/assets/pinterest/nl-guide.png,International Fancy Font Generators,,"UltraTextGen Guides — gestylede typografie onder de knie. De UltraTextGen-guides in het Nederlands: Unicode-lettertypes begrijpen en beheersen, je Discord-naam en -server stylen, en het meeste…. Copy and paste stylish Unicode fonts and symbols for bios, captions, usernames and posts — free, fast…",https://ultratextgen.com/nl/guide/?utm_source=pinterest&utm_medium=social&utm_campaign=organic_pins&utm_content=nl-guide,,"localized, ultratextgen guides — gestylede typografie onder de knie, fancy text generator, copy paste fonts, unicode fonts, copy and paste, ultratextgen"
Waar mooie lettertypes werken in Discord: veld-voor-veld-kaart — Copy and Paste Fonts,https://ultratextgen.com/assets/pinterest/nl-guide-waar-lettertypes-werken-in-discord.png,International Fancy Font Generators,,"Waar mooie lettertypes werken in Discord: veld-voor-veld-kaart. Waarom Discord zegt dat je gebruikersnaam ongeldig is, waarom je kanaalnaam zijn hoofdletters kwijtraakt, en precies welke velden…. Copy and paste stylish Unicode fonts and symbols for bios, captions, usernames and posts — free,…",https://ultratextgen.com/nl/guide/waar-lettertypes-werken-in-discord/?utm_source=pinterest&utm_medium=social&utm_campaign=organic_pins&utm_content=nl-guide-waar-lettertypes-werken-in-discord,,"localized, waar mooie lettertypes werken in discord: veld-voor-veld-kaart, fancy text generator, copy paste fonts, unicode fonts, copy and paste, ultratextgen"
Mooie Letters Generator — Copy and Paste Fonts,https://ultratextgen.com/assets/pinterest/nl.png,International Fancy Font Generators,,"Mooie Letters Generator. Stijlvolle lettertypen en symbolen om te kopiëren. Copy and paste stylish Unicode fonts and symbols for bios, captions, usernames and posts — free, fast and right in your browser with UltraTextGen.",https://ultratextgen.com/nl/?utm_source=pinterest&utm_medium=social&utm_campaign=organic_pins&utm_content=nl,,"localized, mooie letters, fancy text generator, copy paste fonts, unicode fonts, copy and paste, ultratextgen"
Instagram Lettertype — Copy and Paste Fonts,https://ultratextgen.com/assets/pinterest/nl-instagram-lettertype.png,International Fancy Font Generators,,"Instagram Lettertype. Ander lettertype voor je insta bio. Copy and paste stylish Unicode fonts and symbols for bios, captions, usernames and posts — free, fast and right in your browser with UltraTextGen.",https://ultratextgen.com/nl/instagram-lettertype/?utm_source=pinterest&utm_medium=social&utm_campaign=organic_pins&utm_content=nl-instagram-lettertype,,"localized, instagram lettertype, fancy text generator, copy paste fonts, unicode fonts, copy and paste, ultratextgen"
Kleine Letters — Copy and Paste Fonts — UltraTextGen,https://ultratextgen.com/assets/pinterest/nl-kleine-letters.png,International Fancy Font Generators,,"Kleine Letters. Kleine tekst om te kopiëren. Copy and paste stylish Unicode fonts and symbols for bios, captions, usernames and posts — free, fast and right in your browser with UltraTextGen.",https://ultratextgen.com/nl/kleine-letters/?utm_source=pinterest&utm_medium=social&utm_campaign=organic_pins&utm_content=nl-kleine-letters,,"localized, kleine letters, fancy text generator, copy paste fonts, unicode fonts, copy and paste, ultratextgen"
Discord Symbolen ⌗ ➤ ♡ Kopiëren voor Gebruikersnaam & Bio — Copy and Paste Fonts,https://ultratextgen.com/assets/pinterest/nl-library-discord-symbolen.png,International Fancy Font Generators,,"Discord Symbolen ⌗ ➤ ♡ Kopiëren voor Gebruikersnaam & Bio. Discord symbolen ⌗ ➤ ♡ om te kopiëren en plakken in gebruikersnaam, weergavenaam, kanalen en bio — esthetische versieringen…. Copy and paste stylish Unicode fonts and symbols for bios, captions, usernames and posts — free, fast and right…",https://ultratextgen.com/nl/library/discord-symbolen/?utm_source=pinterest&utm_medium=social&utm_campaign=organic_pins&utm_content=nl-library-discord-symbolen,,"localized, discord symbolen ⌗ ➤ ♡ kopiëren voor gebruikersnaam & bio, fancy text generator, copy paste fonts, unicode fonts, copy and paste, ultratextgen"
Euroteken € Kopiëren en Typen op je Toetsenbord — Plus Alle Valutatekens — Copy and,https://ultratextgen.com/assets/pinterest/nl-library-euroteken.png,International Fancy Font Generators,,"Euroteken € Kopiëren en Typen op je Toetsenbord — Plus Alle Valutatekens. Euroteken € kopiëren of typen: AltGr+5 op een Nederlands toetsenbord, Alt+0128 op Windows, ⌥2 op een Mac. Plus dollarteken $, pondteken…. Copy and paste stylish Unicode fonts and symbols for bios, captions, usernames and…",https://ultratextgen.com/nl/library/euroteken/?utm_source=pinterest&utm_medium=social&utm_campaign=organic_pins&utm_content=nl-library-euroteken,,"localized, euroteken € kopiëren en typen op je toetsenbord — plus alle valutatekens, fancy text generator, copy paste fonts, unicode fonts, copy and paste, ultratextgen"
"Gender-Symbolen Kopiëren ♀ ♂ ⚧ — Vrouwteken, Manteken en Meer — Copy and Paste Fonts",https://ultratextgen.com/assets/pinterest/nl-library-gender-symbolen.png,International Fancy Font Generators,,"Gender-Symbolen Kopiëren ♀ ♂ ⚧ — Vrouwteken, Manteken en Meer. Gender-symbolen om te kopiëren en plakken: het vrouwteken ♀ (Alt+12), het manteken ♂ (Alt+11), het transgender-symbool ⚧ en alle…. Copy and paste stylish Unicode fonts and symbols for bios, captions, usernames and posts — free, fast…",https://ultratextgen.com/nl/library/gender-symbolen/?utm_source=pinterest&utm_medium=social&utm_campaign=organic_pins&utm_content=nl-library-gender-symbolen,,"localized, gender-symbolen kopiëren ♀ ♂ ⚧ — vrouwteken, manteken en meer, fancy text generator, copy paste fonts, unicode fonts, copy and paste, ultratextgen"
Griekse Letters Kopiëren — α β Δ Σ π Ω het Complete Griekse Alfabet — Copy and Paste Fonts,https://ultratextgen.com/assets/pinterest/nl-library-griekse-letters.png,International Fancy Font Generators,,"Griekse Letters Kopiëren — α β Δ Σ π Ω het Complete Griekse Alfabet. Griekse letters om te kopiëren en plakken: het complete alfabet van alfa tot omega — hoofdletters Α Β Γ Δ, kleine letters α β γ δ, pi π…. Copy and paste stylish Unicode fonts and symbols for bios, captions, usernames and posts…",https://ultratextgen.com/nl/library/griekse-letters/?utm_source=pinterest&utm_medium=social&utm_campaign=organic_pins&utm_content=nl-library-griekse-letters,,"localized, griekse letters kopiëren — α β δ σ π ω het complete griekse alfabet, fancy text generator, copy paste fonts, unicode fonts, copy and paste, ultratextgen"
Hartjes Kopiëren ♡ ❤ 🖤 — Alle Hartjes-Tekens en Hart-Emoji's — Copy and Paste Fonts,https://ultratextgen.com/assets/pinterest/nl-library-hartjes.png,International Fancy Font Generators,,"Hartjes Kopiëren ♡ ❤ 🖤 — Alle Hartjes-Tekens en Hart-Emoji's. Hartjes om te kopiëren en plakken: het open hartje ♡, het volle hartje ♥ (Alt+3), alle gekleurde hart-emoji's ❤ 🧡 💛 💚 💙 💜 🖤 en aesthetic…. Copy and paste stylish Unicode fonts and symbols for bios, captions, usernames and posts —…",https://ultratextgen.com/nl/library/hartjes/?utm_source=pinterest&utm_medium=social&utm_campaign=organic_pins&utm_content=nl-library-hartjes,,"localized, hartjes kopiëren ♡ ❤ 🖤 — alle hartjes-tekens en hart-emoji's, fancy text generator, copy paste fonts, unicode fonts, copy and paste, ultratextgen"
Symbolen & Tekens om te Kopiëren — De UltraTextGen Bibliotheek — Copy and Paste Fonts,https://ultratextgen.com/assets/pinterest/nl-library.png,International Fancy Font Generators,,"Symbolen & Tekens om te Kopiëren — De UltraTextGen Bibliotheek. Alle symbolen en speciale tekens om te kopiëren en plakken op één plek — hartjes, sterretjes, pijlen, vinkjes, het euroteken…. Copy and paste stylish Unicode fonts and symbols for bios, captions, usernames and posts — free, fast and…",https://ultratextgen.com/nl/library/?utm_source=pinterest&utm_medium=social&utm_campaign=organic_pins&utm_content=nl-library,,"localized, symbolen & tekens om te kopiëren — de ultratextgen bibliotheek, fancy text generator, copy paste fonts, unicode fonts, copy and paste, ultratextgen"
"Kruis-Symbool Kopiëren ✝ † ✞ — Kruisjes, X-Tekens en het Overlijdensteken — Copy and",https://ultratextgen.com/assets/pinterest/nl-library-kruis-symbool.png,International Fancy Font Generators,,"Kruis-Symbool Kopiëren ✝ † ✞ — Kruisjes, X-Tekens en het Overlijdensteken. Kruis-symbool kopiëren en plakken: het Latijnse kruis ✝, het kruisje † bij een overlijden (Alt+0134), orthodoxe en decoratieve kruisen…. Copy and paste stylish Unicode fonts and symbols for bios, captions, usernames and…",https://ultratextgen.com/nl/library/kruis-symbool/?utm_source=pinterest&utm_medium=social&utm_campaign=organic_pins&utm_content=nl-library-kruis-symbool,,"localized, kruis-symbool kopiëren ✝ † ✞ — kruisjes, x-tekens en het overlijdensteken, fancy text generator, copy paste fonts, unicode fonts, copy and paste, ultratextgen"
Opsommingstekens: bullets & lijstsymbolen om te kopiëren — Copy and Paste Fonts,https://ultratextgen.com/assets/pinterest/nl-library-opsommingstekens.png,International Fancy Font Generators,,"Opsommingstekens: bullets & lijstsymbolen om te kopiëren. Blader door opsommingstekens en kopieer ze: klassieke bullets •, pijl-bullets ▸, vinkje-bullets ✓, sterren en ruiten ★ ◆ en sierlijke…. Copy and paste stylish Unicode fonts and symbols for bios, captions, usernames and posts — free, fast…",https://ultratextgen.com/nl/library/opsommingstekens/?utm_source=pinterest&utm_medium=social&utm_campaign=organic_pins&utm_content=nl-library-opsommingstekens,,"localized, opsommingstekens: bullets & lijstsymbolen om te kopiëren, fancy text generator, copy paste fonts, unicode fonts, copy and paste, ultratextgen"
Pijl Kopiëren → ➤ ↳ — Alle Pijlen en Pijltjes om te Plakken — Copy and Paste Fonts,https://ultratextgen.com/assets/pinterest/nl-library-pijl-symbolen.png,International Fancy Font Generators,,"Pijl Kopiëren → ➤ ↳ — Alle Pijlen en Pijltjes om te Plakken. Pijl kopiëren en plakken: rechte pijlen → ← ↑ ↓ (Alt+26), dikke pijlen ➤ ➜, dubbele pijlen ⇒, gebogen lijstpijltjes ↳ en sierlijke…. Copy and paste stylish Unicode fonts and symbols for bios, captions, usernames and posts — free, fast…",https://ultratextgen.com/nl/library/pijl-symbolen/?utm_source=pinterest&utm_medium=social&utm_campaign=organic_pins&utm_content=nl-library-pijl-symbolen,,"localized, pijl kopiëren → ➤ ↳ — alle pijlen en pijltjes om te plakken, fancy text generator, copy paste fonts, unicode fonts, copy and paste, ultratextgen"
Roblox Symbolen ✦ ⚡ ♡ Kopiëren voor je Display Name (2026) — Copy and Paste Fonts,https://ultratextgen.com/assets/pinterest/nl-library-roblox-symbolen.png,International Fancy Font Generators,,"Roblox Symbolen ✦ ⚡ ♡ Kopiëren voor je Display Name (2026). 50+ Roblox symbolen ✦ ⚡ ♡ om te kopiëren en plakken in je display name, bio en groepen — getest tegen het huidige Roblox naamfilter…. Copy and paste stylish Unicode fonts and symbols for bios, captions, usernames and posts — free, fast…",https://ultratextgen.com/nl/library/roblox-symbolen/?utm_source=pinterest&utm_medium=social&utm_campaign=organic_pins&utm_content=nl-library-roblox-symbolen,,"localized, roblox symbolen ✦ ⚡ ♡ kopiëren voor je display name (2026), fancy text generator, copy paste fonts, unicode fonts, copy and paste, ultratextgen"
Speciale Tekens — Copy and Paste Fonts — UltraTextGen,https://ultratextgen.com/assets/pinterest/nl-library-speciale-tekens.png,International Fancy Font Generators,,"Speciale Tekens. Hartjes, sterretjes en symbolen voor je bio. Copy and paste stylish Unicode fonts and symbols for bios, captions, usernames and posts — free, fast and right in your browser with UltraTextGen.",https://ultratextgen.com/nl/library/speciale-tekens/?utm_source=pinterest&utm_medium=social&utm_campaign=organic_pins&utm_content=nl-library-speciale-tekens,,"localized, speciale tekens, fancy text generator, copy paste fonts, unicode fonts, copy and paste, ultratextgen"
"Ster-Symbolen Kopiëren ★ ✮ ⋆ — Sterretjes voor je Bio, Naam en Reviews — Copy and Paste",https://ultratextgen.com/assets/pinterest/nl-library-ster-symbolen.png,International Fancy Font Generators,,"Ster-Symbolen Kopiëren ★ ✮ ⋆ — Sterretjes voor je Bio, Naam en Reviews. Sterretjes om te kopiëren en plakken: de klassieke ster ★, open ster ☆, aesthetic sterretjes ⋆ ✮ ✧, de vallende ster ★彡 voor gamertags…. Copy and paste stylish Unicode fonts and symbols for bios, captions, usernames and…",https://ultratextgen.com/nl/library/ster-symbolen/?utm_source=pinterest&utm_medium=social&utm_campaign=organic_pins&utm_content=nl-library-ster-symbolen,,"localized, ster-symbolen kopiëren ★ ✮ ⋆ — sterretjes voor je bio, naam en reviews, fancy text generator, copy paste fonts, unicode fonts, copy and paste, ultratextgen"
Tekstgezichten & Kaomoji Kopiëren (◕‿◕) — Schattige Japanse Emoticons — Copy and Paste,https://ultratextgen.com/assets/pinterest/nl-library-tekstgezichten-kaomoji.png,International Fancy Font Generators,,"Tekstgezichten & Kaomoji Kopiëren (◕‿◕) — Schattige Japanse Emoticons. Kopieer kaomoji met één tik — schattige Japanse tekstgezichten voor elke bui: blij, verdrietig, liefde, kat, sparkle en schouderophalen…. Copy and paste stylish Unicode fonts and symbols for bios, captions, usernames and…",https://ultratextgen.com/nl/library/tekstgezichten-kaomoji/?utm_source=pinterest&utm_medium=social&utm_campaign=organic_pins&utm_content=nl-library-tekstgezichten-kaomoji,,"localized, tekstgezichten & kaomoji kopiëren (◕‿◕) — schattige japanse emoticons, fancy text generator, copy paste fonts, unicode fonts, copy and paste, ultratextgen"
"Vinkje Kopiëren ✓ ✔ ✅ — Alle Vinkjes, Kruisjes en Status-Tekens — Copy and Paste Fonts",https://ultratextgen.com/assets/pinterest/nl-library-vinkje.png,International Fancy Font Generators,,"Vinkje Kopiëren ✓ ✔ ✅ — Alle Vinkjes, Kruisjes en Status-Tekens. Vinkje kopiëren en plakken: het dunne vinkje ✓, het dikke vinkje ✔, het groene vinkje ✅, checkbox ☑ en de kruisjes ✗ ❌ ernaast — voor…. Copy and paste stylish Unicode fonts and symbols for bios, captions, usernames and posts —…",https://ultratextgen.com/nl/library/vinkje/?utm_source=pinterest&utm_medium=social&utm_campaign=organic_pins&utm_content=nl-library-vinkje,,"localized, vinkje kopiëren ✓ ✔ ✅ — alle vinkjes, kruisjes en status-tekens, fancy text generator, copy paste fonts, unicode fonts, copy and paste, ultratextgen"
Vraagteken Kopiëren — ? ¿ ‽ ❓ Omgekeerd Vraagteken & Alle Leestekens — Copy and Paste,https://ultratextgen.com/assets/pinterest/nl-library-vraagteken.png,International Fancy Font Generators,,"Vraagteken Kopiëren — ? ¿ ‽ ❓ Omgekeerd Vraagteken & Alle Leestekens. Vraagteken kopiëren en plakken: het omgekeerde vraagteken ¿ (AltGr+/ of Alt+0191), de interrobang ‽, dubbele vraagtekens ⁇…. Copy and paste stylish Unicode fonts and symbols for bios, captions, usernames and posts — free, fast…",https://ultratextgen.com/nl/library/vraagteken/?utm_source=pinterest&utm_medium=social&utm_campaign=organic_pins&utm_content=nl-library-vraagteken,,"localized, vraagteken kopiëren — ? ¿ ‽ ❓ omgekeerd vraagteken & alle leestekens, fancy text generator, copy paste fonts, unicode fonts, copy and paste, ultratextgen"
Wiskunde-Symbolen Kopiëren — ∞ ± ≈ ≥ √ ² Alle Wiskundige Tekens — Copy and Paste Fonts,https://ultratextgen.com/assets/pinterest/nl-library-wiskunde-symbolen.png,International Fancy Font Generators,,"Wiskunde-Symbolen Kopiëren — ∞ ± ≈ ≥ √ ² Alle Wiskundige Tekens. Wiskundige tekens om te kopiëren en plakken: oneindig-teken ∞ (Alt+236), plusminus ± (Alt+241), ongeveer ≈ (Alt+247), groter/kleiner dan…. Copy and paste stylish Unicode fonts and symbols for bios, captions, usernames and posts —…",https://ultratextgen.com/nl/library/wiskunde-symbolen/?utm_source=pinterest&utm_medium=social&utm_campaign=organic_pins&utm_content=nl-library-wiskunde-symbolen,,"localized, wiskunde-symbolen kopiëren — ∞ ± ≈ ≥ √ ² alle wiskundige tekens, fancy text generator, copy paste fonts, unicode fonts, copy and paste, ultratextgen"
Y2K Symbolen ✦ 80+ Esthetische Tekens om te Kopiëren — Copy and Paste Fonts,https://ultratextgen.com/assets/pinterest/nl-library-y2k-symbolen.png,International Fancy Font Generators,,"Y2K Symbolen ✦ 80+ Esthetische Tekens om te Kopiëren. Y2K esthetische symbolen om te kopiëren en plakken — sterretjes ✦, vlinders 🦋, kruisjes ♱, sparkles en cd's 💿 voor je bio…. Copy and paste stylish Unicode fonts and symbols for bios, captions, usernames and posts — free, fast and right in…",https://ultratextgen.com/nl/library/y2k-symbolen/?utm_source=pinterest&utm_medium=social&utm_campaign=organic_pins&utm_content=nl-library-y2k-symbolen,,"localized, y2k symbolen ✦ 80+ esthetische tekens om te kopiëren, fancy text generator, copy paste fonts, unicode fonts, copy and paste, ultratextgen"
Mooie Letters — Copy and Paste Fonts — UltraTextGen,https://ultratextgen.com/assets/pinterest/nl-mooie-letters.png,International Fancy Font Generators,,"Mooie Letters. Mooie lettertypes om te kopiëren. Copy and paste stylish Unicode fonts and symbols for bios, captions, usernames and posts — free, fast and right in your browser with UltraTextGen.",https://ultratextgen.com/nl/mooie-letters/?utm_source=pinterest&utm_medium=social&utm_campaign=organic_pins&utm_content=nl-mooie-letters,,"localized, mooie letters, fancy text generator, copy paste fonts, unicode fonts, copy and paste, ultratextgen"
Onzichtbare Tekst (Onzichtbaar Teken) — Lege Spatie Kopiëren en Plakken — Copy and,https://ultratextgen.com/assets/pinterest/nl-onzichtbare-tekst.png,International Fancy Font Generators,,"Onzichtbare Tekst (Onzichtbaar Teken) — Lege Spatie Kopiëren en Plakken. Kopieer onzichtbare tekst en onzichtbare tekens (zero width space, Hangul-filler, braille) voor lege namen in Free Fire, een…. Copy and paste stylish Unicode fonts and symbols for bios, captions, usernames and posts — free,…",https://ultratextgen.com/nl/onzichtbare-tekst/?utm_source=pinterest&utm_medium=social&utm_campaign=organic_pins&utm_content=nl-onzichtbare-tekst,,"localized, onzichtbare tekst (onzichtbaar teken) — lege spatie kopiëren en plakken, fancy text generator, copy paste fonts, unicode fonts, copy and paste, ultratextgen"
Sierlijke Letters — Copy and Paste Fonts,https://ultratextgen.com/assets/pinterest/nl-sierlijke-letters.png,International Fancy Font Generators,,"Sierlijke Letters. Sierletters en kalligrafie om te kopiëren. Copy and paste stylish Unicode fonts and symbols for bios, captions, usernames and posts — free, fast and right in your browser with UltraTextGen.",https://ultratextgen.com/nl/sierlijke-letters/?utm_source=pinterest&utm_medium=social&utm_campaign=organic_pins&utm_content=nl-sierlijke-letters,,"localized, sierlijke letters, fancy text generator, copy paste fonts, unicode fonts, copy and paste, ultratextgen"
"Snapchat Lettertype — Ander Lettertype voor je Naam, Bio & Chats — Copy and Paste Fonts",https://ultratextgen.com/assets/pinterest/nl-snapchat-lettertype.png,International Fancy Font Generators,,"Snapchat Lettertype — Ander Lettertype voor je Naam, Bio & Chats. Snapchat lettertype veranderen zonder app: typ je tekst en kopieer hem in 𝗏𝖾𝗍𝗍𝖾, 𝓼𝓲𝓮𝓻𝓵𝓲𝓳𝓴𝓮 of Ⓑⓤⓑⓑⓛⓔ letters voor je weergavenaam…. Copy and paste stylish Unicode fonts and symbols for bios, captions, usernames and posts — free,…",https://ultratextgen.com/nl/snapchat-lettertype/?utm_source=pinterest&utm_medium=social&utm_campaign=organic_pins&utm_content=nl-snapchat-lettertype,,"localized, snapchat lettertype — ander lettertype voor je naam, bio & chats, fancy text generator, copy paste fonts, unicode fonts, copy and paste, ultratextgen"
"Aanhalingsteken („ "") kopiëren — rechte, gebogen & «guillemets» — Copy and Paste Fonts",https://ultratextgen.com/assets/pinterest/nl-symbol-aanhalingsteken.png,International Fancy Font Generators,,"Aanhalingsteken („ "") kopiëren — rechte, gebogen & «guillemets». De Nederlandse aanhalingstekens „. Copy and paste stylish Unicode fonts and symbols for bios, captions, usernames and posts — free, fast and right in your browser with UltraTextGen.",https://ultratextgen.com/nl/symbol/aanhalingsteken/?utm_source=pinterest&utm_medium=social&utm_campaign=organic_pins&utm_content=nl-symbol-aanhalingsteken,,"localized, aanhalingsteken („ "") kopiëren — rechte, gebogen & «guillemets», fancy text generator, copy paste fonts, unicode fonts, copy and paste, ultratextgen"
"Alineateken (¶) kopiëren — betekenis, herkomst & zo typ je het — Copy and Paste Fonts",https://ultratextgen.com/assets/pinterest/nl-symbol-alinea-teken.png,International Fancy Font Generators,,"Alineateken (¶) kopiëren — betekenis, herkomst & zo typ je het. Het alineateken ¶ (U+00B6) om te kopiëren — de middeleeuwse alineamarkering achter de Toon/Verberg-knop van Word, en hoe je het typt op…. Copy and paste stylish Unicode fonts and symbols for bios, captions, usernames and posts —…",https://ultratextgen.com/nl/symbol/alinea-teken/?utm_source=pinterest&utm_medium=social&utm_campaign=organic_pins&utm_content=nl-symbol-alinea-teken,,"localized, alineateken (¶) kopiëren — betekenis, herkomst & zo typ je het, fancy text generator, copy paste fonts, unicode fonts, copy and paste, ultratextgen"
"Ampersand (&) kopiëren — betekenis, herkomst & zo typ je het — Copy and Paste Fonts",https://ultratextgen.com/assets/pinterest/nl-symbol-ampersand.png,International Fancy Font Generators,,"Ampersand (&) kopiëren — betekenis, herkomst & zo typ je het. De ampersand & (U+0026) om te kopiëren — de Romeinse ligatuur van «et», waar de naam vandaan komt, en hoe je het teken typt. Tik om te…. Copy and paste stylish Unicode fonts and symbols for bios, captions, usernames and posts — free,…",https://ultratextgen.com/nl/symbol/ampersand/?utm_source=pinterest&utm_medium=social&utm_campaign=organic_pins&utm_content=nl-symbol-ampersand,,"localized, ampersand (&) kopiëren — betekenis, herkomst & zo typ je het, fancy text generator, copy paste fonts, unicode fonts, copy and paste, ultratextgen"
"Apenstaartje (@) kopiëren — betekenis, herkomst & zo typ je het — Copy and Paste Fonts",https://ultratextgen.com/assets/pinterest/nl-symbol-apenstaartje.png,International Fancy Font Generators,,"Apenstaartje (@) kopiëren — betekenis, herkomst & zo typ je het. Het apenstaartje @ (U+0040) om te kopiëren — de 500 jaar oude handelsherkomst, de e-mail van Ray Tomlinson uit 1971, waarom het…. Copy and paste stylish Unicode fonts and symbols for bios, captions, usernames and posts — free, fast…",https://ultratextgen.com/nl/symbol/apenstaartje/?utm_source=pinterest&utm_medium=social&utm_campaign=organic_pins&utm_content=nl-symbol-apenstaartje,,"localized, apenstaartje (@) kopiëren — betekenis, herkomst & zo typ je het, fancy text generator, copy paste fonts, unicode fonts, copy and paste, ultratextgen"
"Copyright-symbool (©) kopiëren — betekenis, herkomst & typen — Copy and Paste Fonts",https://ultratextgen.com/assets/pinterest/nl-symbol-copyright-symbool.png,International Fancy Font Generators,,"Copyright-symbool (©) kopiëren — betekenis, herkomst & typen. Het copyright-symbool © (U+00A9) om te kopiëren — wat het betekent, waarom het sinds de Berner Conventie niet meer verplicht is en hoe…. Copy and paste stylish Unicode fonts and symbols for bios, captions, usernames and posts — free,…",https://ultratextgen.com/nl/symbol/copyright-symbool/?utm_source=pinterest&utm_medium=social&utm_campaign=organic_pins&utm_content=nl-symbol-copyright-symbool,,"localized, copyright-symbool (©) kopiëren — betekenis, herkomst & typen, fancy text generator, copy paste fonts, unicode fonts, copy and paste, ultratextgen"
"Euroteken (€) kopiëren — betekenis, ontwerp & zo typ je het — Copy and Paste Fonts",https://ultratextgen.com/assets/pinterest/nl-symbol-euro-symbool.png,International Fancy Font Generators,,"Euroteken (€) kopiëren — betekenis, ontwerp & zo typ je het. Het euroteken € (U+20AC) om te kopiëren — wat het betekent, het bewuste ontwerp uit 1996 en hoe je het typt op Windows (Alt+0128) en op…. Copy and paste stylish Unicode fonts and symbols for bios, captions, usernames and posts — free,…",https://ultratextgen.com/nl/symbol/euro-symbool/?utm_source=pinterest&utm_medium=social&utm_campaign=organic_pins&utm_content=nl-symbol-euro-symbool,,"localized, euroteken (€) kopiëren — betekenis, ontwerp & zo typ je het, fancy text generator, copy paste fonts, unicode fonts, copy and paste, ultratextgen"
"Gradenteken (°) kopiëren — betekenis, gebruik & zo typ je het — Copy and Paste Fonts",https://ultratextgen.com/assets/pinterest/nl-symbol-graden-symbool.png,International Fancy Font Generators,,"Gradenteken (°) kopiëren — betekenis, gebruik & zo typ je het. Het gradenteken ° (U+00B0) om te kopiëren — voor temperatuur, hoeken en coördinaten, het verschil met º, en hoe je het typt op Windows…. Copy and paste stylish Unicode fonts and symbols for bios, captions, usernames and posts — free,…",https://ultratextgen.com/nl/symbol/graden-symbool/?utm_source=pinterest&utm_medium=social&utm_campaign=organic_pins&utm_content=nl-symbol-graden-symbool,,"localized, gradenteken (°) kopiëren — betekenis, gebruik & zo typ je het, fancy text generator, copy paste fonts, unicode fonts, copy and paste, ultratextgen"
"Handelsmerk-symbool (™) kopiëren — betekenis, ® vs ™ & typen — Copy and Paste Fonts",https://ultratextgen.com/assets/pinterest/nl-symbol-handelsmerk-symbool.png,International Fancy Font Generators,,"Handelsmerk-symbool (™) kopiëren — betekenis, ® vs ™ & typen. Het handelsmerk-symbool ™ (U+2122) om te kopiëren — wat het juridisch betekent, hoe het verschilt van ®, en hoe je het typt op Windows…. Copy and paste stylish Unicode fonts and symbols for bios, captions, usernames and posts — free,…",https://ultratextgen.com/nl/symbol/handelsmerk-symbool/?utm_source=pinterest&utm_medium=social&utm_campaign=organic_pins&utm_content=nl-symbol-handelsmerk-symbool,,"localized, handelsmerk-symbool (™) kopiëren — betekenis, ® vs ™ & typen, fancy text generator, copy paste fonts, unicode fonts, copy and paste, ultratextgen"
Symbolen: één specifiek teken opzoeken — Copy and Paste Fonts,https://ultratextgen.com/assets/pinterest/nl-symbol.png,International Fancy Font Generators,,"Symbolen: één specifiek teken opzoeken. Elke pagina behandelt één Unicode-teken in detail — betekenis, geschiedenis, hoe je het typt en waar het werkt. Zoek het teken dat je…. Copy and paste stylish Unicode fonts and symbols for bios, captions, usernames and posts — free, fast and right in your…",https://ultratextgen.com/nl/symbol/?utm_source=pinterest&utm_medium=social&utm_campaign=organic_pins&utm_content=nl-symbol,,"localized, symbolen: één specifiek teken opzoeken, fancy text generator, copy paste fonts, unicode fonts, copy and paste, ultratextgen"
"Oneindigheidsteken (∞) kopiëren — betekenis, herkomst & typen — Copy and Paste Fonts",https://ultratextgen.com/assets/pinterest/nl-symbol-oneindigheidsteken.png,International Fancy Font Generators,,"Oneindigheidsteken (∞) kopiëren — betekenis, herkomst & typen. Het oneindigheidsteken ∞ (U+221E) om te kopiëren — de herkomst bij John Wallis (1655), wat het betekent, het verschil met de emoji ♾️…. Copy and paste stylish Unicode fonts and symbols for bios, captions, usernames and posts — free,…",https://ultratextgen.com/nl/symbol/oneindigheidsteken/?utm_source=pinterest&utm_medium=social&utm_campaign=organic_pins&utm_content=nl-symbol-oneindigheidsteken,,"localized, oneindigheidsteken (∞) kopiëren — betekenis, herkomst & typen, fancy text generator, copy paste fonts, unicode fonts, copy and paste, ultratextgen"
"Paragraafteken (§) kopiëren — betekenis, herkomst & zo typ je het — Copy and Paste Fonts",https://ultratextgen.com/assets/pinterest/nl-symbol-paragraafteken.png,International Fancy Font Generators,,"Paragraafteken (§) kopiëren — betekenis, herkomst & zo typ je het. Het paragraafteken § (U+00A7) om te kopiëren — de middeleeuwse juridische herkomst, hoe je er wetsartikelen mee aanhaalt, en hoe je het…. Copy and paste stylish Unicode fonts and symbols for bios, captions, usernames and posts —…",https://ultratextgen.com/nl/symbol/paragraafteken/?utm_source=pinterest&utm_medium=social&utm_campaign=organic_pins&utm_content=nl-symbol-paragraafteken,,"localized, paragraafteken (§) kopiëren — betekenis, herkomst & zo typ je het, fancy text generator, copy paste fonts, unicode fonts, copy and paste, ultratextgen"
"Pijl naar links (←) kopiëren — betekenis, varianten & typen — Copy and Paste Fonts",https://ultratextgen.com/assets/pinterest/nl-symbol-pijl-naar-links.png,International Fancy Font Generators,,"Pijl naar links (←) kopiëren — betekenis, varianten & typen. De pijl naar links ← (U+2190) om te kopiëren — voor «terug», «vorige» en de omgekeerde implicatie in de wiskunde. Plus de emoji ⬅️ en de…. Copy and paste stylish Unicode fonts and symbols for bios, captions, usernames and posts — free,…",https://ultratextgen.com/nl/symbol/pijl-naar-links/?utm_source=pinterest&utm_medium=social&utm_campaign=organic_pins&utm_content=nl-symbol-pijl-naar-links,,"localized, pijl naar links (←) kopiëren — betekenis, varianten & typen, fancy text generator, copy paste fonts, unicode fonts, copy and paste, ultratextgen"
"Pijl omhoog (↑) kopiëren — betekenis, varianten & zo typ je het — Copy and Paste Fonts",https://ultratextgen.com/assets/pinterest/nl-symbol-pijl-omhoog.png,International Fancy Font Generators,,"Pijl omhoog (↑) kopiëren — betekenis, varianten & zo typ je het. De pijl omhoog ↑ (U+2191) om te kopiëren — voor stijging, het noorden of «scroll naar boven». Plus de emoji ⬆️ en de shift-pijl ⇧, en zo…. Copy and paste stylish Unicode fonts and symbols for bios, captions, usernames and posts —…",https://ultratextgen.com/nl/symbol/pijl-omhoog/?utm_source=pinterest&utm_medium=social&utm_campaign=organic_pins&utm_content=nl-symbol-pijl-omhoog,,"localized, pijl omhoog (↑) kopiëren — betekenis, varianten & zo typ je het, fancy text generator, copy paste fonts, unicode fonts, copy and paste, ultratextgen"
"Pijl omlaag (↓) kopiëren — betekenis, varianten & zo typ je het — Copy and Paste Fonts",https://ultratextgen.com/assets/pinterest/nl-symbol-pijl-omlaag.png,International Fancy Font Generators,,"Pijl omlaag (↓) kopiëren — betekenis, varianten & zo typ je het. De pijl omlaag ↓ (U+2193) om te kopiëren — voor daling, het zuiden of «scroll naar beneden» en «download». Plus de emoji ⬇️ en de…. Copy and paste stylish Unicode fonts and symbols for bios, captions, usernames and posts — free,…",https://ultratextgen.com/nl/symbol/pijl-omlaag/?utm_source=pinterest&utm_medium=social&utm_campaign=organic_pins&utm_content=nl-symbol-pijl-omlaag,,"localized, pijl omlaag (↓) kopiëren — betekenis, varianten & zo typ je het, fancy text generator, copy paste fonts, unicode fonts, copy and paste, ultratextgen"
"Plusminusteken (±) kopiëren — betekenis, gebruik & zo typ je het — Copy and Paste Fonts",https://ultratextgen.com/assets/pinterest/nl-symbol-plusminus-teken.png,International Fancy Font Generators,,"Plusminusteken (±) kopiëren — betekenis, gebruik & zo typ je het. Het plusminusteken ± (U+00B1) om te kopiëren — wat het betekent, hoe je het typt op Windows (Alt+0177) en Mac, en het verschil met zijn…. Copy and paste stylish Unicode fonts and symbols for bios, captions, usernames and posts —…",https://ultratextgen.com/nl/symbol/plusminus-teken/?utm_source=pinterest&utm_medium=social&utm_campaign=organic_pins&utm_content=nl-symbol-plusminus-teken,,"localized, plusminusteken (±) kopiëren — betekenis, gebruik & zo typ je het, fancy text generator, copy paste fonts, unicode fonts, copy and paste, ultratextgen"
"Vinkje-symbool (✓ ✔) kopiëren — vinkjes, checkbox & het √ ernaast — Copy and Paste Fonts",https://ultratextgen.com/assets/pinterest/nl-symbol-vinkje-symbool.png,International Fancy Font Generators,,"Vinkje-symbool (✓ ✔) kopiëren — vinkjes, checkbox & het √ ernaast. Het vinkje ✓ (U+2713) en de checkbox ☑ om te kopiëren en plakken — het dunne vinkje, het dikke ✔, de groene ✅ emoji en het √ dat je per…. Copy and paste stylish Unicode fonts and symbols for bios, captions, usernames and posts —…",https://ultratextgen.com/nl/symbol/vinkje-symbool/?utm_source=pinterest&utm_medium=social&utm_campaign=organic_pins&utm_content=nl-symbol-vinkje-symbool,,"localized, vinkje-symbool (✓ ✔) kopiëren — vinkjes, checkbox & het √ ernaast, fancy text generator, copy paste fonts, unicode fonts, copy and paste, ultratextgen"
Lettertype voor Bio — Copy and Paste Fonts,https://ultratextgen.com/assets/pinterest/nl-usecase-lettertype-voor-bio.png,International Fancy Font Generators,,"Lettertype voor Bio. Lettertypes en symbolen voor je Instagram bio. Copy and paste stylish Unicode fonts and symbols for bios, captions, usernames and posts — free, fast and right in your browser with UltraTextGen.",https://ultratextgen.com/nl/usecase/lettertype-voor-bio/?utm_source=pinterest&utm_medium=social&utm_campaign=organic_pins&utm_content=nl-usecase-lettertype-voor-bio,,"localized, lettertype voor bio, fancy text generator, copy paste fonts, unicode fonts, copy and paste, ultratextgen"
Tattoo Letters — Copy and Paste Fonts — UltraTextGen,https://ultratextgen.com/assets/pinterest/nl-usecase-tattoo-letters.png,International Fancy Font Generators,,"Tattoo Letters. Test je lettertype vóór de inkt. Copy and paste stylish Unicode fonts and symbols for bios, captions, usernames and posts — free, fast and right in your browser with UltraTextGen.",https://ultratextgen.com/nl/usecase/tattoo-letters/?utm_source=pinterest&utm_medium=social&utm_campaign=organic_pins&utm_content=nl-usecase-tattoo-letters,,"localized, tattoo letters, fancy text generator, copy paste fonts, unicode fonts, copy and paste, ultratextgen"
Verticale Tekst Generator — Copy and Paste Fonts,https://ultratextgen.com/assets/pinterest/nl-usecase-vertical-text.png,International Fancy Font Generators,,"Verticale Tekst Generator. Stapel je tekst van boven naar beneden. Copy and paste stylish Unicode fonts and symbols for bios, captions, usernames and posts — free, fast and right in your browser with UltraTextGen.",https://ultratextgen.com/nl/usecase/vertical-text/?utm_source=pinterest&utm_medium=social&utm_campaign=organic_pins&utm_content=nl-usecase-vertical-text,,"localized, verticale tekst, fancy text generator, copy paste fonts, unicode fonts, copy and paste, ultratextgen"
Zalgo Tekstgenerator — Copy and Paste Fonts,https://ultratextgen.com/assets/pinterest/nl-usecase-zalgo-text.png,International Fancy Font Generators,,"Zalgo Tekstgenerator. Maak griezelige glitch tekst. Copy and paste stylish Unicode fonts and symbols for bios, captions, usernames and posts — free, fast and right in your browser with UltraTextGen.",https://ultratextgen.com/nl/usecase/zalgo-text/?utm_source=pinterest&utm_medium=social&utm_campaign=organic_pins&utm_content=nl-usecase-zalgo-text,,"localized, zalgo tekstgenerator, fancy text generator, copy paste fonts, unicode fonts, copy and paste, ultratextgen"
Vetgedrukte Letters — Copy and Paste Fonts,https://ultratextgen.com/assets/pinterest/nl-vetgedrukte-letters.png,International Fancy Font Generators,,"Vetgedrukte Letters. Dikgedrukte tekst om te kopiëren. Copy and paste stylish Unicode fonts and symbols for bios, captions, usernames and posts — free, fast and right in your browser with UltraTextGen.",https://ultratextgen.com/nl/vetgedrukte-letters/?utm_source=pinterest&utm_medium=social&utm_campaign=organic_pins&utm_content=nl-vetgedrukte-letters,,"localized, vetgedrukte letters, fancy text generator, copy paste fonts, unicode fonts, copy and paste, ultratextgen"
Discord-skrifter og -formatering forklart: Markdown vs. Unicode vs. Nitro — Copy and,https://ultratextgen.com/assets/pinterest/no-guide-discord-tekstformatering-forklart.png,International Fancy Font Generators,,"Discord-skrifter og -formatering forklart: Markdown vs. Unicode vs. Nitro. Hvorfor fet skrift virker i Discord-chatten, men ikke i brukernavnet ditt — de tre ulike tekstsystemene Discord bruker (Markdown…. Copy and paste stylish Unicode fonts and symbols for bios, captions, usernames and posts —…",https://ultratextgen.com/no/guide/discord-tekstformatering-forklart/?utm_source=pinterest&utm_medium=social&utm_campaign=organic_pins&utm_content=no-guide-discord-tekstformatering-forklart,,"localized, discord-skrifter og -formatering forklart: markdown vs. unicode vs. nitro, fancy text generator, copy paste fonts, unicode fonts, copy and paste, ultratextgen"
Hvor fungerer fine skrifter i Discord: kartet felt for felt — Copy and Paste Fonts,https://ultratextgen.com/assets/pinterest/no-guide-hvor-fungerer-skrifter-i-discord.png,International Fancy Font Generators,,"Hvor fungerer fine skrifter i Discord: kartet felt for felt. Hvorfor Discord sier at brukernavnet ditt er ugyldig, hvorfor kanalnavnet ditt mistet de store bokstavene, og nøyaktig hvilke felt som…. Copy and paste stylish Unicode fonts and symbols for bios, captions, usernames and posts — free,…",https://ultratextgen.com/no/guide/hvor-fungerer-skrifter-i-discord/?utm_source=pinterest&utm_medium=social&utm_campaign=organic_pins&utm_content=no-guide-hvor-fungerer-skrifter-i-discord,,"localized, hvor fungerer fine skrifter i discord: kartet felt for felt, fancy text generator, copy paste fonts, unicode fonts, copy and paste, ultratextgen"
UltraTextGen-guider — mestre stilig typografi — Copy and Paste Fonts,https://ultratextgen.com/assets/pinterest/no-guide.png,International Fancy Font Generators,,"UltraTextGen-guider — mestre stilig typografi. UltraTextGen-guidene på norsk: forstå og mestre Unicode-skrifter, stiliser Discord-navnet og -serveren din, og få mest mulig ut av…. Copy and paste stylish Unicode fonts and symbols for bios, captions, usernames and posts — free, fast and right in…",https://ultratextgen.com/no/guide/?utm_source=pinterest&utm_medium=social&utm_campaign=organic_pins&utm_content=no-guide,,"localized, ultratextgen-guider — mestre stilig typografi, fancy text generator, copy paste fonts, unicode fonts, copy and paste, ultratextgen"
Slik lager du et stilig Discord-navn uten å bli filtrert — Copy and Paste Fonts,https://ultratextgen.com/assets/pinterest/no-guide-trygt-discord-navn.png,International Fancy Font Generators,,"Slik lager du et stilig Discord-navn uten å bli filtrert. Et stilig Discord-navn kan likevel stryke på tre stille tester: medlemslisten, @nevne-funksjonen og filteret mot identitetstyveri. Slik…. Copy and paste stylish Unicode fonts and symbols for bios, captions, usernames and posts — free,…",https://ultratextgen.com/no/guide/trygt-discord-navn/?utm_source=pinterest&utm_medium=social&utm_campaign=organic_pins&utm_content=no-guide-trygt-discord-navn,,"localized, slik lager du et stilig discord-navn uten å bli filtrert, fancy text generator, copy paste fonts, unicode fonts, copy and paste, ultratextgen"
Tekstgenerator - 88 Unicode-skrifttyper (kopier og lim inn) — Copy and Paste Fonts,https://ultratextgen.com/assets/pinterest/no.png,International Fancy Font Generators,,"Tekstgenerator - 88 Unicode-skrifttyper (kopier og lim inn). Gjør vanlig tekst om til kul tekst med 88 Unicode-skrifttyper: fet skrift, kursiv tekst, håndskrift, gotisk, bobler, små bokstaver…. Copy and paste stylish Unicode fonts and symbols for bios, captions, usernames and posts — free, fast…",https://ultratextgen.com/no/?utm_source=pinterest&utm_medium=social&utm_campaign=organic_pins&utm_content=no,,"localized, tekstgenerator - 88 unicode-skrifttyper (kopier og lim inn), fancy text generator, copy paste fonts, unicode fonts, copy and paste, ultratextgen"
"Kursiv Tekst Generator — 𝓴𝓸𝓹𝓲𝓮𝓻 𝓸𝓰 𝓵𝓲𝓶 Kursiv Skrift, Bokstaver A–Z og Navn — Copy and",https://ultratextgen.com/assets/pinterest/no-kursiv-tekst.png,International Fancy Font Generators,,"Kursiv Tekst Generator — 𝓴𝓸𝓹𝓲𝓮𝓻 𝓸𝓰 𝓵𝓲𝓶 Kursiv Skrift, Bokstaver A–Z og Navn. Gratis generator for kursiv tekst — kopier kursiv skrift, hver kursiv bokstav A–Z, hele det kursive alfabetet, populære ord i kursiv og…. Copy and paste stylish Unicode fonts and symbols for bios, captions, usernames…",https://ultratextgen.com/no/kursiv-tekst/?utm_source=pinterest&utm_medium=social&utm_campaign=organic_pins&utm_content=no-kursiv-tekst,,"localized, kursiv tekst — 𝓴𝓸𝓹𝓲𝓮𝓻 𝓸𝓰 𝓵𝓲𝓶 kursiv skrift, bokstaver a–z og navn, fancy text generator, copy paste fonts, unicode fonts, copy and paste, ultratextgen"
"Facebook-symboler ▸ kopier — reaksjoner, hjerter & emojier — Copy and Paste Fonts",https://ultratextgen.com/assets/pinterest/no-library-facebook-symboler.png,International Fancy Font Generators,,"Facebook-symboler ▸ kopier — reaksjoner, hjerter & emojier. Facebook-symboler til å kopiere og lime inn — reaksjons-emojier, hjerter, stjerner og skillelinjer til innlegg, kommentarer, bio og…. Copy and paste stylish Unicode fonts and symbols for bios, captions, usernames and posts — free, fast…",https://ultratextgen.com/no/library/facebook-symboler/?utm_source=pinterest&utm_medium=social&utm_campaign=organic_pins&utm_content=no-library-facebook-symboler,,"localized, facebook-symboler ▸ kopier — reaksjoner, hjerter & emojier, fancy text generator, copy paste fonts, unicode fonts, copy and paste, ultratextgen"
Geometriske symboler og trekant (△ ▲ ○ ■ ◆) — kopier og lim inn — Copy and Paste Fonts,https://ultratextgen.com/assets/pinterest/no-library-geometriske-symboler.png,International Fancy Font Generators,,"Geometriske symboler og trekant (△ ▲ ○ ■ ◆) — kopier og lim inn. Geometriske symboler til å kopiere og lime inn: trekant △ ▲, sirkel ○ ●, firkant ■ □, rombe ◆ ◇ og punkter. Klikk på en form for å…. Copy and paste stylish Unicode fonts and symbols for bios, captions, usernames and posts — free,…",https://ultratextgen.com/no/library/geometriske-symboler/?utm_source=pinterest&utm_medium=social&utm_campaign=organic_pins&utm_content=no-library-geometriske-symboler,,"localized, geometriske symboler og trekant (△ ▲ ○ ■ ◆) — kopier og lim inn, fancy text generator, copy paste fonts, unicode fonts, copy and paste, ultratextgen"
Greske bokstaver: kopier og lim inn hele det greske alfabetet (α β Δ Σ Ω π) — Copy and,https://ultratextgen.com/assets/pinterest/no-library-greske-bokstaver.png,International Fancy Font Generators,,"Greske bokstaver: kopier og lim inn hele det greske alfabetet (α β Δ Σ Ω π). Kopier og lim inn alle greske bokstaver — store og små, pluss matematiske varianter som alfa, beta, delta, sigma, omega og pi. Klikk på…. Copy and paste stylish Unicode fonts and symbols for bios, captions, usernames…",https://ultratextgen.com/no/library/greske-bokstaver/?utm_source=pinterest&utm_medium=social&utm_campaign=organic_pins&utm_content=no-library-greske-bokstaver,,"localized, greske bokstaver: kopier og lim inn hele det greske alfabetet (α β δ σ ω π), fancy text generator, copy paste fonts, unicode fonts, copy and paste, ultratextgen"
Hakesymboler (✓ ✔ ✅ ✗) — kopier og lim inn hake og kryss — Copy and Paste Fonts,https://ultratextgen.com/assets/pinterest/no-library-hakesymboler.png,International Fancy Font Generators,,"Hakesymboler (✓ ✔ ✅ ✗) — kopier og lim inn hake og kryss. Hakesymboler og avkrysning til å kopiere og lime inn: ✓ ✔ ✅ ✗ ✘ ❌ ☑ ☐ og ferdige sjekklister. Til lister, skjemaer og status — klikk på…. Copy and paste stylish Unicode fonts and symbols for bios, captions, usernames and posts — free,…",https://ultratextgen.com/no/library/hakesymboler/?utm_source=pinterest&utm_medium=social&utm_campaign=organic_pins&utm_content=no-library-hakesymboler,,"localized, hakesymboler (✓ ✔ ✅ ✗) — kopier og lim inn hake og kryss, fancy text generator, copy paste fonts, unicode fonts, copy and paste, ultratextgen"
Hjertesymboler (♡ ♥ ❤) — kopier og lim inn hjertetegn — Copy and Paste Fonts,https://ultratextgen.com/assets/pinterest/no-library-hjertesymboler.png,International Fancy Font Generators,,"Hjertesymboler (♡ ♥ ❤) — kopier og lim inn hjertetegn. Hjertesymboler til å kopiere og lime inn: ♡ ♥ ❥ ❤ 🤍 💕 og mange flere. Til Instagram-bio, navn, bildetekst og hilsener — klikk på et…. Copy and paste stylish Unicode fonts and symbols for bios, captions, usernames and posts — free, fast and…",https://ultratextgen.com/no/library/hjertesymboler/?utm_source=pinterest&utm_medium=social&utm_campaign=organic_pins&utm_content=no-library-hjertesymboler,,"localized, hjertesymboler (♡ ♥ ❤) — kopier og lim inn hjertetegn, fancy text generator, copy paste fonts, unicode fonts, copy and paste, ultratextgen"
"Symboler til å kopiere og lime inn — hjerte, stjerne, pil og mer — Copy and Paste Fonts",https://ultratextgen.com/assets/pinterest/no-library.png,International Fancy Font Generators,,"Symboler til å kopiere og lime inn — hjerte, stjerne, pil og mer. Symboler du kan kopiere og lime inn: hjerte ♡, stjerne ★, pil →, greske bokstaver, matematiske symboler, kors og mer. Klikk på et symbol…. Copy and paste stylish Unicode fonts and symbols for bios, captions, usernames and posts —…",https://ultratextgen.com/no/library/?utm_source=pinterest&utm_medium=social&utm_campaign=organic_pins&utm_content=no-library,,"localized, symboler til å kopiere og lime inn — hjerte, stjerne, pil og mer, fancy text generator, copy paste fonts, unicode fonts, copy and paste, ultratextgen"
Julesymboler (🎄 ❄ ☃ 🎁) — kopier og lim inn julehilsener — Copy and Paste Fonts,https://ultratextgen.com/assets/pinterest/no-library-julesymboler.png,International Fancy Font Generators,,"Julesymboler (🎄 ❄ ☃ 🎁) — kopier og lim inn julehilsener. Julesymboler til å kopiere og lime inn: juletre 🎄, snøfnugg ❄, snømann ☃, gave 🎁 og ferdige julehilsener. Til desemberposter, bio og…. Copy and paste stylish Unicode fonts and symbols for bios, captions, usernames and posts — free, fast…",https://ultratextgen.com/no/library/julesymboler/?utm_source=pinterest&utm_medium=social&utm_campaign=organic_pins&utm_content=no-library-julesymboler,,"localized, julesymboler (🎄 ❄ ☃ 🎁) — kopier og lim inn julehilsener, fancy text generator, copy paste fonts, unicode fonts, copy and paste, ultratextgen"
Korssymboler og religiøse symboler (✝ ☦ ☪ ✡ ☸ ☯) — kopier og lim inn — Copy and Paste,https://ultratextgen.com/assets/pinterest/no-library-korssymboler.png,International Fancy Font Generators,,"Korssymboler og religiøse symboler (✝ ☦ ☪ ✡ ☸ ☯) — kopier og lim inn. Korssymboler og religiøse symboler til å kopiere og lime inn: kors ✝ ☦ ✞, halvmåne ☪, davidsstjerne ✡, dharmahjul ☸, yin yang ☯ og…. Copy and paste stylish Unicode fonts and symbols for bios, captions, usernames and posts —…",https://ultratextgen.com/no/library/korssymboler/?utm_source=pinterest&utm_medium=social&utm_campaign=organic_pins&utm_content=no-library-korssymboler,,"localized, korssymboler og religiøse symboler (✝ ☦ ☪ ✡ ☸ ☯) — kopier og lim inn, fancy text generator, copy paste fonts, unicode fonts, copy and paste, ultratextgen"
Latter Emoji & Kaomoji (😂) — kopier og lim inn LOL-kombinasjoner — Copy and Paste Fonts,https://ultratextgen.com/assets/pinterest/no-library-latter-emoji.png,International Fancy Font Generators,,"Latter Emoji & Kaomoji (😂) — kopier og lim inn LOL-kombinasjoner. Latter-emoji 😂 🤣 💀, LOL-kaomoji som (≧▽≦), og ferdige memereaksjoner til kommentarer og gruppechat. Klikk på en emoji for å kopiere den…. Copy and paste stylish Unicode fonts and symbols for bios, captions, usernames and posts —…",https://ultratextgen.com/no/library/latter-emoji/?utm_source=pinterest&utm_medium=social&utm_campaign=organic_pins&utm_content=no-library-latter-emoji,,"localized, latter emoji & kaomoji (😂) — kopier og lim inn lol-kombinasjoner, fancy text generator, copy paste fonts, unicode fonts, copy and paste, ultratextgen"
Matematiske symboler (± × ÷ √ ∞ ∑) — kopier og lim inn — Copy and Paste Fonts,https://ultratextgen.com/assets/pinterest/no-library-matematiske-symboler.png,International Fancy Font Generators,,"Matematiske symboler (± × ÷ √ ∞ ∑) — kopier og lim inn. Matematiske symboler til å kopiere og lime inn: ± × ÷ √ ∞ ∑ ∫ ≤ ≥ ≠ π og mange flere. Skriv likninger og formler i tekst uten LaTeX —…. Copy and paste stylish Unicode fonts and symbols for bios, captions, usernames and posts — free, fast…",https://ultratextgen.com/no/library/matematiske-symboler/?utm_source=pinterest&utm_medium=social&utm_campaign=organic_pins&utm_content=no-library-matematiske-symboler,,"localized, matematiske symboler (± × ÷ √ ∞ ∑) — kopier og lim inn, fancy text generator, copy paste fonts, unicode fonts, copy and paste, ultratextgen"
Pilsymboler (→ ← ↑ ↓) — kopier og lim inn piler — Copy and Paste Fonts,https://ultratextgen.com/assets/pinterest/no-library-pilsymboler.png,International Fancy Font Generators,,"Pilsymboler (→ ← ↑ ↓) — kopier og lim inn piler. Pilsymboler til å kopiere og lime inn: → ← ↑ ↓ ➤ ⇒ og mange flere. Pil ned, pil opp, doble piler og emoji-piler til navigasjon, lister…. Copy and paste stylish Unicode fonts and symbols for bios, captions, usernames and posts — free, fast and…",https://ultratextgen.com/no/library/pilsymboler/?utm_source=pinterest&utm_medium=social&utm_campaign=organic_pins&utm_content=no-library-pilsymboler,,"localized, pilsymboler (→ ← ↑ ↓) — kopier og lim inn piler, fancy text generator, copy paste fonts, unicode fonts, copy and paste, ultratextgen"
Smilefjes — betydning og når du bør bruke dem — Copy and Paste Fonts,https://ultratextgen.com/assets/pinterest/no-library-smilefjes.png,International Fancy Font Generators,,"Smilefjes — betydning og når du bør bruke dem. Forstå hva hvert smilefjes betyr og når du bør bruke det. En praktisk oversikt for å velge riktig ansiktsemoji til enhver situasjon…. Copy and paste stylish Unicode fonts and symbols for bios, captions, usernames and posts — free, fast and right in…",https://ultratextgen.com/no/library/smilefjes/?utm_source=pinterest&utm_medium=social&utm_campaign=organic_pins&utm_content=no-library-smilefjes,,"localized, smilefjes — betydning og når du bør bruke dem, fancy text generator, copy paste fonts, unicode fonts, copy and paste, ultratextgen"
Stjernesymboler (★ ☆ ✦ ✧) — kopier og lim inn stjernetegn — Copy and Paste Fonts,https://ultratextgen.com/assets/pinterest/no-library-stjernesymboler.png,International Fancy Font Generators,,"Stjernesymboler (★ ☆ ✦ ✧) — kopier og lim inn stjernetegn. Stjernesymboler til å kopiere og lime inn: ★ ☆ ✦ ✧ ✨ og glitter, gnister og stjernerangeringer. Til bio, navn, bildetekst og vurderinger…. Copy and paste stylish Unicode fonts and symbols for bios, captions, usernames and posts — free,…",https://ultratextgen.com/no/library/stjernesymboler/?utm_source=pinterest&utm_medium=social&utm_campaign=organic_pins&utm_content=no-library-stjernesymboler,,"localized, stjernesymboler (★ ☆ ✦ ✧) — kopier og lim inn stjernetegn, fancy text generator, copy paste fonts, unicode fonts, copy and paste, ultratextgen"
Tommel Opp Emoji (👍 👎) — kopier og lim inn godkjenningstegn — Copy and Paste Fonts,https://ultratextgen.com/assets/pinterest/no-library-tommel-opp-emoji.png,International Fancy Font Generators,,"Tommel Opp Emoji (👍 👎) — kopier og lim inn godkjenningstegn. Tommel opp-emoji 👍 i alle hudtoner, pluss tommel ned 👎, OK-hånd og ferdige godkjenningskombinasjoner til chat. Klikk på en emoji for å…. Copy and paste stylish Unicode fonts and symbols for bios, captions, usernames and posts — free,…",https://ultratextgen.com/no/library/tommel-opp-emoji/?utm_source=pinterest&utm_medium=social&utm_campaign=organic_pins&utm_content=no-library-tommel-opp-emoji,,"localized, tommel opp emoji (👍 👎) — kopier og lim inn godkjenningstegn, fancy text generator, copy paste fonts, unicode fonts, copy and paste, ultratextgen"
Eurotegn (€): Historie og hvordan du skriver det — Copy and Paste Fonts,https://ultratextgen.com/assets/pinterest/no-symbol-eurotegn.png,International Fancy Font Generators,,"Eurotegn (€): Historie og hvordan du skriver det. Eurotegnet € (U+20AC) forklart — designhistorien fra 1996, hva de to strekene betyr, og hvordan du skriver det på Windows/Mac. Klikk for…. Copy and paste stylish Unicode fonts and symbols for bios, captions, usernames and posts — free, fast and…",https://ultratextgen.com/no/symbol/eurotegn/?utm_source=pinterest&utm_medium=social&utm_campaign=organic_pins&utm_content=no-symbol-eurotegn,,"localized, eurotegn (€): historie og hvordan du skriver det, fancy text generator, copy paste fonts, unicode fonts, copy and paste, ultratextgen"
Symboler: Slå Opp Ett Enkelt Unicode-tegn — Copy and Paste Fonts,https://ultratextgen.com/assets/pinterest/no-symbol.png,International Fancy Font Generators,,"Symboler: Slå Opp Ett Enkelt Unicode-tegn. Slå opp ett symbol av gangen — betydning, historie, hvordan du skriver det, og hvor det er trygt å bruke. Se hele biblioteket for hele…. Copy and paste stylish Unicode fonts and symbols for bios, captions, usernames and posts — free, fast and right in…",https://ultratextgen.com/no/symbol/?utm_source=pinterest&utm_medium=social&utm_campaign=organic_pins&utm_content=no-symbol,,"localized, symboler: slå opp ett enkelt unicode-tegn, fancy text generator, copy paste fonts, unicode fonts, copy and paste, ultratextgen"
Pundtegn (£): Historie og hvordan du skriver det — Copy and Paste Fonts,https://ultratextgen.com/assets/pinterest/no-symbol-pundtegn.png,International Fancy Font Generators,,"Pundtegn (£): Historie og hvordan du skriver det. Pundtegnet £ (U+00A3) forklart — den latinske libra-opprinnelsen, hvordan det skiller seg fra #-tegnet, og hvordan du skriver det på…. Copy and paste stylish Unicode fonts and symbols for bios, captions, usernames and posts — free, fast and right…",https://ultratextgen.com/no/symbol/pundtegn/?utm_source=pinterest&utm_medium=social&utm_campaign=organic_pins&utm_content=no-symbol-pundtegn,,"localized, pundtegn (£): historie og hvordan du skriver det, fancy text generator, copy paste fonts, unicode fonts, copy and paste, ultratextgen"
Kategorie Czcionek Unicode — Copy and Paste Fonts,https://ultratextgen.com/assets/pinterest/pl-category.png,International Fancy Font Generators,,"Kategorie Czcionek Unicode. Wybierz styl pasujący do klimatu. Copy and paste stylish Unicode fonts and symbols for bios, captions, usernames and posts — free, fast and right in your browser with UltraTextGen.",https://ultratextgen.com/pl/category/?utm_source=pinterest&utm_medium=social&utm_campaign=organic_pins&utm_content=pl-category,,"localized, kategorie czcionek unicode, fancy text generator, copy paste fonts, unicode fonts, copy and paste, ultratextgen"
Czcionki na Discord — Copy and Paste Fonts,https://ultratextgen.com/assets/pinterest/pl-czcionki-discord.png,International Fancy Font Generators,,"Czcionki na Discord. Czcionki do nicku, kanału i bio — bez Nitro. Copy and paste stylish Unicode fonts and symbols for bios, captions, usernames and posts — free, fast and right in your browser with UltraTextGen.",https://ultratextgen.com/pl/czcionki-discord/?utm_source=pinterest&utm_medium=social&utm_campaign=organic_pins&utm_content=pl-czcionki-discord,,"localized, czcionki na discord, fancy text generator, copy paste fonts, unicode fonts, copy and paste, ultratextgen"
Generator Czcionek Gotyckich — 𝔤𝔬𝔱𝔶𝔠𝔨𝔦 𝔱𝔢𝔨𝔰𝔱 do skopiowania — Copy and Paste Fonts,https://ultratextgen.com/assets/pinterest/pl-czcionki-gotyckie.png,International Fancy Font Generators,,"Generator Czcionek Gotyckich — 𝔤𝔬𝔱𝔶𝔠𝔨𝔦 𝔱𝔢𝔨𝔰𝔱 do skopiowania. Darmowy generator czcionek gotyckich: zamień tekst na gotyckie znaki Unicode (fraktura) do skopiowania i wklejenia — do bio na…. Copy and paste stylish Unicode fonts and symbols for bios, captions, usernames and posts — free, fast and…",https://ultratextgen.com/pl/czcionki-gotyckie/?utm_source=pinterest&utm_medium=social&utm_campaign=organic_pins&utm_content=pl-czcionki-gotyckie,,"localized, generator czcionek gotyckich — 𝔤𝔬𝔱𝔶𝔠𝔨𝔦 𝔱𝔢𝔨𝔰𝔱 do skopiowania, fancy text generator, copy paste fonts, unicode fonts, copy and paste, ultratextgen"
"Czcionki na Facebooka: ładny tekst do posta, imienia i bio — Copy and Paste Fonts",https://ultratextgen.com/assets/pinterest/pl-czcionki-na-facebook.png,International Fancy Font Generators,,"Czcionki na Facebooka: ładny tekst do posta, imienia i bio. Czcionki na Facebooka za darmo: zamień tekst na 𝗽𝗼𝗴𝗿𝘂𝗯𝗶𝗼𝗻𝘆, 𝘬𝘶𝘳𝘴𝘺𝘸𝘦 albo 𝓸𝔃𝓭𝓸𝓫𝓷𝔂 i wklej go do posta, komentarza, opisu i imienia. Ładny…. Copy and paste stylish Unicode fonts and symbols for bios, captions, usernames and posts — free,…",https://ultratextgen.com/pl/czcionki-na-facebook/?utm_source=pinterest&utm_medium=social&utm_campaign=organic_pins&utm_content=pl-czcionki-na-facebook,,"localized, czcionki na facebooka: ładny tekst do posta, imienia i bio, fancy text generator, copy paste fonts, unicode fonts, copy and paste, ultratextgen"
Czcionki na Instagram: ładne literki do bio i opisów — Copy and Paste Fonts,https://ultratextgen.com/assets/pinterest/pl-czcionki-na-instagram.png,International Fancy Font Generators,,"Czcionki na Instagram: ładne literki do bio i opisów. Czcionki na Instagram za darmo: zamień tekst na 𝗽𝗼𝗴𝗿𝘂𝗯𝗶𝗼𝗻𝗲, 𝘬𝘶𝘳𝘴𝘺𝘸𝘦 albo 𝓴𝓪𝓵𝓲𝓰𝓻𝓪𝓯𝓲𝓮 i wklej w bio, w nazwę profilu, w opis i w…. Copy and paste stylish Unicode fonts and symbols for bios, captions, usernames and posts — free, fast and right…",https://ultratextgen.com/pl/czcionki-na-instagram/?utm_source=pinterest&utm_medium=social&utm_campaign=organic_pins&utm_content=pl-czcionki-na-instagram,,"localized, czcionki na instagram: ładne literki do bio i opisów, fancy text generator, copy paste fonts, unicode fonts, copy and paste, ultratextgen"
Czcionki na Roblox — Copy and Paste Fonts,https://ultratextgen.com/assets/pinterest/pl-czcionki-na-roblox.png,International Fancy Font Generators,,"Czcionki na Roblox. Generator czcionek do nazwy i bio. Copy and paste stylish Unicode fonts and symbols for bios, captions, usernames and posts — free, fast and right in your browser with UltraTextGen.",https://ultratextgen.com/pl/czcionki-na-roblox/?utm_source=pinterest&utm_medium=social&utm_campaign=organic_pins&utm_content=pl-czcionki-na-roblox,,"localized, czcionki na roblox, fancy text generator, copy paste fonts, unicode fonts, copy and paste, ultratextgen"
"Czcionki na Snapchat: ładne literki do nazwy, bio i czatu — Copy and Paste Fonts",https://ultratextgen.com/assets/pinterest/pl-czcionki-na-snapchat.png,International Fancy Font Generators,,"Czcionki na Snapchat: ładne literki do nazwy, bio i czatu. Generator czcionek na Snapchat: zamień tekst na 𝗽𝗼𝗴𝗿𝘂𝗯𝗶𝗼𝗻𝘆, ozdobny styl albo gotyk i wklej w nazwę wyświetlaną, bio, czat i Historię…. Copy and paste stylish Unicode fonts and symbols for bios, captions, usernames and posts — free, fast…",https://ultratextgen.com/pl/czcionki-na-snapchat/?utm_source=pinterest&utm_medium=social&utm_campaign=organic_pins&utm_content=pl-czcionki-na-snapchat,,"localized, czcionki na snapchat: ładne literki do nazwy, bio i czatu, fancy text generator, copy paste fonts, unicode fonts, copy and paste, ultratextgen"
"Czcionki na TikTok: literki do bio, nazwy i komentarzy — Copy and Paste Fonts",https://ultratextgen.com/assets/pinterest/pl-czcionki-na-tiktok.png,International Fancy Font Generators,,"Czcionki na TikTok: literki do bio, nazwy i komentarzy. Czcionki na TikTok za darmo: zamień imię na 𝗽𝗼𝗴𝗿𝘂𝗯𝗶𝗼𝗻𝗲, 𝓴𝓾𝓻𝓼𝔂𝔀ę albo 𝔤𝔬𝔱𝔶𝔨 i wklej w nazwę wyświetlaną, bio, opisy filmów i komentarze…. Copy and paste stylish Unicode fonts and symbols for bios, captions, usernames and posts — free, fast…",https://ultratextgen.com/pl/czcionki-na-tiktok/?utm_source=pinterest&utm_medium=social&utm_campaign=organic_pins&utm_content=pl-czcionki-na-tiktok,,"localized, czcionki na tiktok: literki do bio, nazwy i komentarzy, fancy text generator, copy paste fonts, unicode fonts, copy and paste, ultratextgen"
"Czcionki na WhatsApp: ładna czcionka na status, opis i wiadomości — Copy and Paste Fonts",https://ultratextgen.com/assets/pinterest/pl-czcionki-na-whatsapp.png,International Fancy Font Generators,,"Czcionki na WhatsApp: ładna czcionka na status, opis i wiadomości. Czcionki na WhatsApp za darmo: zamień swój tekst na 𝗽𝗼𝗴𝗿𝘂𝗯𝗶𝗼𝗻𝘆, 𝘬𝘶𝘳𝘴𝘺𝘸ę lub 𝓹𝓲𝓼𝓪𝓷𝓴ę i wklej go w wiadomości, opisie, statusie oraz…. Copy and paste stylish Unicode fonts and symbols for bios, captions, usernames and posts — free,…",https://ultratextgen.com/pl/czcionki-na-whatsapp/?utm_source=pinterest&utm_medium=social&utm_campaign=organic_pins&utm_content=pl-czcionki-na-whatsapp,,"localized, czcionki na whatsapp: ładna czcionka na status, opis i wiadomości, fancy text generator, copy paste fonts, unicode fonts, copy and paste, ultratextgen"
Hiszpański Alfabet do Druku — Copy and Paste Fonts,https://ultratextgen.com/assets/pinterest/pl-do-druku-alfabet-hiszpanski.png,International Fancy Font Generators,,"Hiszpański Alfabet do Druku. Wszystkie 27 liter, A-Z plus Ñ, jedna karta. Copy and paste stylish Unicode fonts and symbols for bios, captions, usernames and posts — free, fast and right in your browser with UltraTextGen.",https://ultratextgen.com/pl/do-druku/alfabet-hiszpanski/?utm_source=pinterest&utm_medium=social&utm_campaign=organic_pins&utm_content=pl-do-druku-alfabet-hiszpanski,,"localized, hiszpański alfabet do druku, fancy text generator, copy paste fonts, unicode fonts, copy and paste, ultratextgen"
Baner z literami do druku — darmowe chorągiewki z literami do wydrukowania i wycięcia,https://ultratextgen.com/assets/pinterest/pl-do-druku-banery-z-literami.png,International Fancy Font Generators,,"Baner z literami do druku — darmowe chorągiewki z literami do wydrukowania i wycięcia. Darmowy generator baneru z literami: wpisz słowo lub frazę, a otrzymasz baner — po jednej chorągiewce na literę, z linią cięcia i…. Copy and paste stylish Unicode fonts and symbols for bios, captions,…",https://ultratextgen.com/pl/do-druku/banery-z-literami/?utm_source=pinterest&utm_medium=social&utm_campaign=organic_pins&utm_content=pl-do-druku-banery-z-literami,,"localized, baner z literami do druku — darmowe chorągiewki z literami do wydrukowania i wycięcia, fancy text generator, copy paste fonts, unicode fonts, copy and paste, ultratextgen"
"Karty pracy do druku: nauka pisania imienia, kolorowanka i baner z literami — za darmo",https://ultratextgen.com/assets/pinterest/pl-do-druku.png,International Fancy Font Generators,,"Karty pracy do druku: nauka pisania imienia, kolorowanka i baner z literami — za darmo (PDF/PNG). Karty pracy do druku za darmo: nauka pisania imienia, kolorowanka z imieniem i baner z literami do wydrukowania. Wpisz imię, wydrukuj…. Copy and paste stylish Unicode fonts and symbols for bios,…",https://ultratextgen.com/pl/do-druku/?utm_source=pinterest&utm_medium=social&utm_campaign=organic_pins&utm_content=pl-do-druku,,"localized, karty pracy do druku: nauka pisania imienia, kolorowanka i baner z literami — za darmo (pdf/png), fancy text generator, copy paste fonts, unicode fonts, copy and paste, ultratextgen"
Nauka pisania imienia — darmowa karta pracy do druku — Copy and Paste Fonts,https://ultratextgen.com/assets/pinterest/pl-do-druku-pisanie-imienia.png,International Fancy Font Generators,,"Nauka pisania imienia — darmowa karta pracy do druku. Wpisz imię, aby stworzyć darmową kartę do nauki pisania do druku: pełny wzór, wyblakłe linie do obrysowania i puste linie do ćwiczenia…. Copy and paste stylish Unicode fonts and symbols for bios, captions, usernames and posts — free, fast and…",https://ultratextgen.com/pl/do-druku/pisanie-imienia/?utm_source=pinterest&utm_medium=social&utm_campaign=organic_pins&utm_content=pl-do-druku-pisanie-imienia,,"localized, nauka pisania imienia — darmowa karta pracy do druku, fancy text generator, copy paste fonts, unicode fonts, copy and paste, ultratextgen"
"Kolorowanka z imieniem — kolorowanki z imieniem i połącz kropki, za darmo — Copy and",https://ultratextgen.com/assets/pinterest/pl-do-druku-pokoloruj-imie.png,International Fancy Font Generators,,"Kolorowanka z imieniem — kolorowanki z imieniem i połącz kropki, za darmo. Darmowa kolorowanka z imieniem: wpisz dowolne imię lub słowo, aby uzyskać duży kontur do pokolorowania — albo przełącz na…. Copy and paste stylish Unicode fonts and symbols for bios, captions, usernames and posts — free,…",https://ultratextgen.com/pl/do-druku/pokoloruj-imie/?utm_source=pinterest&utm_medium=social&utm_campaign=organic_pins&utm_content=pl-do-druku-pokoloruj-imie,,"localized, kolorowanka z imieniem — kolorowanki z imieniem i połącz kropki, za darmo, fancy text generator, copy paste fonts, unicode fonts, copy and paste, ultratextgen"
Estetyczne Czcionki Generator — ａｅｓｔｈｅｔｉｃ tekst do skopiowania — Copy and Paste Fonts,https://ultratextgen.com/assets/pinterest/pl-estetyczne-czcionki.png,International Fancy Font Generators,,"Estetyczne Czcionki Generator — ａｅｓｔｈｅｔｉｃ tekst do skopiowania. Darmowy generator estetycznych czcionek: zamień tekst w piękne litery Unicode do skopiowania i wklejenia — do bio na Instagramie…. Copy and paste stylish Unicode fonts and symbols for bios, captions, usernames and posts — free, fast…",https://ultratextgen.com/pl/estetyczne-czcionki/?utm_source=pinterest&utm_medium=social&utm_campaign=organic_pins&utm_content=pl-estetyczne-czcionki,,"localized, estetyczne czcionki — ａｅｓｔｈｅｔｉｃ tekst do skopiowania, fancy text generator, copy paste fonts, unicode fonts, copy and paste, ultratextgen"
Bezpieczne stylizowanie nazwy na Discordzie (bez filtra i barier) — Copy and Paste Fonts,https://ultratextgen.com/assets/pinterest/pl-guide-bezpieczna-nazwa-na-discordzie.png,International Fancy Font Generators,,"Bezpieczne stylizowanie nazwy na Discordzie (bez filtra i barier). Stylizowana nazwa na Discordzie i tak może oblać trzy ciche testy: listę członków, @wzmiankę i filtr podszywania się. Oto jak zachować…. Copy and paste stylish Unicode fonts and symbols for bios, captions, usernames and posts —…",https://ultratextgen.com/pl/guide/bezpieczna-nazwa-na-discordzie/?utm_source=pinterest&utm_medium=social&utm_campaign=organic_pins&utm_content=pl-guide-bezpieczna-nazwa-na-discordzie,,"localized, bezpieczne stylizowanie nazwy na discordzie (bez filtra i barier), fancy text generator, copy paste fonts, unicode fonts, copy and paste, ultratextgen"
"Formatowanie tekstu na Discordzie: Markdown, Unicode i Nitro — Copy and Paste Fonts",https://ultratextgen.com/assets/pinterest/pl-guide-formatowanie-tekstu-na-discordzie.png,International Fancy Font Generators,,"Formatowanie tekstu na Discordzie: Markdown, Unicode i Nitro. Dlaczego pogrubienie działa na czacie Discorda, ale nie w nicku — trzy systemy tekstu Discorda (Markdown, czcionki Unicode, Nitro) i…. Copy and paste stylish Unicode fonts and symbols for bios, captions, usernames and posts — free,…",https://ultratextgen.com/pl/guide/formatowanie-tekstu-na-discordzie/?utm_source=pinterest&utm_medium=social&utm_campaign=organic_pins&utm_content=pl-guide-formatowanie-tekstu-na-discordzie,,"localized, formatowanie tekstu na discordzie: markdown, unicode i nitro, fancy text generator, copy paste fonts, unicode fonts, copy and paste, ultratextgen"
Gdzie działają czcionki na Discordzie: mapa pole po polu — Copy and Paste Fonts,https://ultratextgen.com/assets/pinterest/pl-guide-gdzie-dzialaja-czcionki-na-discordzie.png,International Fancy Font Generators,,"Gdzie działają czcionki na Discordzie: mapa pole po polu. Dlaczego Discord odrzuca twoją nazwę użytkownika, dlaczego kanał traci wielkie litery i które pola naprawdę przyjmują czcionki Unicode —…. Copy and paste stylish Unicode fonts and symbols for bios, captions, usernames and posts — free,…",https://ultratextgen.com/pl/guide/gdzie-dzialaja-czcionki-na-discordzie/?utm_source=pinterest&utm_medium=social&utm_campaign=organic_pins&utm_content=pl-guide-gdzie-dzialaja-czcionki-na-discordzie,,"localized, gdzie działają czcionki na discordzie: mapa pole po polu, fancy text generator, copy paste fonts, unicode fonts, copy and paste, ultratextgen"
Poradniki UltraTextGen — opanuj tekst na Discordzie — Copy and Paste Fonts,https://ultratextgen.com/assets/pinterest/pl-guide.png,International Fancy Font Generators,,"Poradniki UltraTextGen — opanuj tekst na Discordzie. Poradniki UltraTextGen po polsku: zrozum i opanuj, jak działają czcionki Unicode na Discordzie — pole po polu, bezpiecznie i bez zgadywania. Copy and paste stylish Unicode fonts and symbols for bios, captions, usernames and posts — free, fast…",https://ultratextgen.com/pl/guide/?utm_source=pinterest&utm_medium=social&utm_campaign=organic_pins&utm_content=pl-guide,,"localized, poradniki ultratextgen — opanuj tekst na discordzie, fancy text generator, copy paste fonts, unicode fonts, copy and paste, ultratextgen"
Generator Ładnych Czcionek — Copy and Paste Fonts,https://ultratextgen.com/assets/pinterest/pl.png,International Fancy Font Generators,,"Generator Ładnych Czcionek. Stylowe czcionki i symbole do skopiowania. Copy and paste stylish Unicode fonts and symbols for bios, captions, usernames and posts — free, fast and right in your browser with UltraTextGen.",https://ultratextgen.com/pl/?utm_source=pinterest&utm_medium=social&utm_campaign=organic_pins&utm_content=pl,,"localized, generator ładnych czcionek, fancy text generator, copy paste fonts, unicode fonts, copy and paste, ultratextgen"
100+ Kombinacji Emoji do Kopiowania 🦋✨ Zestawy Emoji — Copy and Paste Fonts,https://ultratextgen.com/assets/pinterest/pl-kombinacje-emoji.png,International Fancy Font Generators,,"100+ Kombinacji Emoji do Kopiowania 🦋✨ Zestawy Emoji. 100+ gotowych kombinacji emoji do skopiowania i wklejenia: coquette, cottagecore, kawaii, Y2K, dark academia, kosmos, anielskie i…. Copy and paste stylish Unicode fonts and symbols for bios, captions, usernames and posts — free, fast and…",https://ultratextgen.com/pl/kombinacje-emoji/?utm_source=pinterest&utm_medium=social&utm_campaign=organic_pins&utm_content=pl-kombinacje-emoji,,"localized, 100+ kombinacji emoji do kopiowania 🦋✨ zestawy emoji, fancy text generator, copy paste fonts, unicode fonts, copy and paste, ultratextgen"
Generator Kursywy — 𝘬𝘶𝘳𝘴𝘺𝘸𝘢 do skopiowania — Copy and Paste Fonts,https://ultratextgen.com/assets/pinterest/pl-kursywa.png,International Fancy Font Generators,,"Generator Kursywy — 𝘬𝘶𝘳𝘴𝘺𝘸𝘢 do skopiowania. Darmowy generator kursywy: zamień tekst na pochyłe litery Unicode do skopiowania i wklejenia — do bio na Instagramie, WhatsAppa…. Copy and paste stylish Unicode fonts and symbols for bios, captions, usernames and posts — free, fast and right in your…",https://ultratextgen.com/pl/kursywa/?utm_source=pinterest&utm_medium=social&utm_campaign=organic_pins&utm_content=pl-kursywa,,"localized, generator kursywy — 𝘬𝘶𝘳𝘴𝘺𝘸𝘢 do skopiowania, fancy text generator, copy paste fonts, unicode fonts, copy and paste, ultratextgen"
Alfabet Grecki — Copy and Paste Fonts — UltraTextGen,https://ultratextgen.com/assets/pinterest/pl-library-alfabet-grecki.png,International Fancy Font Generators,,"Alfabet Grecki. Alfa do omega, gotowe do skopiowania. Copy and paste stylish Unicode fonts and symbols for bios, captions, usernames and posts — free, fast and right in your browser with UltraTextGen.",https://ultratextgen.com/pl/library/alfabet-grecki/?utm_source=pinterest&utm_medium=social&utm_campaign=organic_pins&utm_content=pl-library-alfabet-grecki,,"localized, alfabet grecki, fancy text generator, copy paste fonts, unicode fonts, copy and paste, ultratextgen"
Kaomoji z Kotem (=^・ω・^=): Słodkie Kocie Buźki Tekstowe do Skopiowania — Copy and Paste,https://ultratextgen.com/assets/pinterest/pl-library-cat-kaomoji.png,International Fancy Font Generators,,"Kaomoji z Kotem (=^・ω・^=): Słodkie Kocie Buźki Tekstowe do Skopiowania. Przeglądaj i kopiuj kocie kaomoji (=^・ω・^=) — słodkie japońskie kocie buźki tekstowe z wąsami i łapkami. Wesołe, smutne i śpiące koty…. Copy and paste stylish Unicode fonts and symbols for bios, captions, usernames and posts…",https://ultratextgen.com/pl/library/cat-kaomoji/?utm_source=pinterest&utm_medium=social&utm_campaign=organic_pins&utm_content=pl-library-cat-kaomoji,,"localized, kaomoji z kotem (=^・ω・^=): słodkie kocie buźki tekstowe do skopiowania, fancy text generator, copy paste fonts, unicode fonts, copy and paste, ultratextgen"
Słodkie Kaomoji (◕‿◕): Słodkie i Kawaii Buźki Tekstowe do Skopiowania — Copy and Paste,https://ultratextgen.com/assets/pinterest/pl-library-cute-kaomoji.png,International Fancy Font Generators,,"Słodkie Kaomoji (◕‿◕): Słodkie i Kawaii Buźki Tekstowe do Skopiowania. Przeglądaj i kopiuj słodkie kaomoji (◕‿◕) — kawaii japońskie buźki tekstowe z błyszczącymi oczami, zarumienionymi policzkami i…. Copy and paste stylish Unicode fonts and symbols for bios, captions, usernames and posts — free,…",https://ultratextgen.com/pl/library/cute-kaomoji/?utm_source=pinterest&utm_medium=social&utm_campaign=organic_pins&utm_content=pl-library-cute-kaomoji,,"localized, słodkie kaomoji (◕‿◕): słodkie i kawaii buźki tekstowe do skopiowania, fancy text generator, copy paste fonts, unicode fonts, copy and paste, ultratextgen"
Flagi Emoji — Wszystkie Kraje — Copy and Paste Fonts,https://ultratextgen.com/assets/pinterest/pl-library-emoji-flags.png,International Fancy Font Generators,,"Flagi Emoji — Wszystkie Kraje. Flaga każdego kraju do skopiowania. Copy and paste stylish Unicode fonts and symbols for bios, captions, usernames and posts — free, fast and right in your browser with UltraTextGen.",https://ultratextgen.com/pl/library/emoji-flags/?utm_source=pinterest&utm_medium=social&utm_campaign=organic_pins&utm_content=pl-library-emoji-flags,,"localized, flagi emoji — wszystkie kraje, fancy text generator, copy paste fonts, unicode fonts, copy and paste, ultratextgen"
Biblioteka Symboli i Emotek — Copy and Paste Fonts,https://ultratextgen.com/assets/pinterest/pl-library.png,International Fancy Font Generators,,"Biblioteka Symboli i Emotek. Kolekcje gotowe do skopiowania. Copy and paste stylish Unicode fonts and symbols for bios, captions, usernames and posts — free, fast and right in your browser with UltraTextGen.",https://ultratextgen.com/pl/library/?utm_source=pinterest&utm_medium=social&utm_campaign=organic_pins&utm_content=pl-library,,"localized, biblioteka symboli i emotek, fancy text generator, copy paste fonts, unicode fonts, copy and paste, ultratextgen"
Kaomoji — japońskie emotikony do skopiowania i wklejenia — Copy and Paste Fonts,https://ultratextgen.com/assets/pinterest/pl-library-kaomoji.png,International Fancy Font Generators,,"Kaomoji — japońskie emotikony do skopiowania i wklejenia. Przeglądaj i kopiuj kaomoji — japońskie emotikony tekstowe budowane ze znaków ASCII i Unicode. Miny wesołe, smutne, wzruszenie ramion…. Copy and paste stylish Unicode fonts and symbols for bios, captions, usernames and posts — free, fast…",https://ultratextgen.com/pl/library/kaomoji/?utm_source=pinterest&utm_medium=social&utm_campaign=organic_pins&utm_content=pl-library-kaomoji,,"localized, kaomoji — japońskie emotikony do skopiowania i wklejenia, fancy text generator, copy paste fonts, unicode fonts, copy and paste, ultratextgen"
Lenny Face: Buźka ( ͡° ͜ʖ ͡°) do Skopiowania i Wklejenia — Copy and Paste Fonts,https://ultratextgen.com/assets/pinterest/pl-library-lenny-face.png,International Fancy Font Generators,,"Lenny Face: Buźka ( ͡° ͜ʖ ͡°) do Skopiowania i Wklejenia. Buźka Lenny Face ( ͡° ͜ʖ ͡°) i dziesiątki wariantów do skopiowania i wklejenia — klasyczna, przebiegła buźka tekstowa do komentarzy…. Copy and paste stylish Unicode fonts and symbols for bios, captions, usernames and posts — free, fast…",https://ultratextgen.com/pl/library/lenny-face/?utm_source=pinterest&utm_medium=social&utm_campaign=organic_pins&utm_content=pl-library-lenny-face,,"localized, lenny face: buźka ( ͡° ͜ʖ ͡°) do skopiowania i wklejenia, fancy text generator, copy paste fonts, unicode fonts, copy and paste, ultratextgen"
Miłosne & Sercowe Kaomoji (♥ω♥): Słodkie Miłosne Buźki do Skopiowania — Copy and Paste,https://ultratextgen.com/assets/pinterest/pl-library-love-kaomoji.png,International Fancy Font Generators,,"Miłosne & Sercowe Kaomoji (♥ω♥): Słodkie Miłosne Buźki do Skopiowania. Przeglądaj i kopiuj miłosne i sercowe kaomoji (♥ω♥) — japońskie buźki tekstowe na czułość, całusy, uściski i zauroczenia. Kliknij, aby…. Copy and paste stylish Unicode fonts and symbols for bios, captions, usernames and posts…",https://ultratextgen.com/pl/library/love-kaomoji/?utm_source=pinterest&utm_medium=social&utm_campaign=organic_pins&utm_content=pl-library-love-kaomoji,,"localized, miłosne & sercowe kaomoji (♥ω♥): słodkie miłosne buźki do skopiowania, fancy text generator, copy paste fonts, unicode fonts, copy and paste, ultratextgen"
"Symbole coquette do kopiowania — kokardki, wstążki i róż — Copy and Paste Fonts",https://ultratextgen.com/assets/pinterest/pl-library-symbole-coquette.png,International Fancy Font Generators,,"Symbole coquette do kopiowania — kokardki, wstążki i róż. Symbole coquette, kokardki, wstążki i różowe ozdobniki do bio i nicków. Miękkie, dziewczęce znaki w stylu dollette do kopiowania i…. Copy and paste stylish Unicode fonts and symbols for bios, captions, usernames and posts — free, fast and…",https://ultratextgen.com/pl/library/symbole-coquette/?utm_source=pinterest&utm_medium=social&utm_campaign=organic_pins&utm_content=pl-library-symbole-coquette,,"localized, symbole coquette do kopiowania — kokardki, wstążki i róż, fancy text generator, copy paste fonts, unicode fonts, copy and paste, ultratextgen"
"Symbole cottagecore do kopiowania i wklejania — grzyby, kwiaty i estetyka natury — Copy",https://ultratextgen.com/assets/pinterest/pl-library-symbole-cottagecore.png,International Fancy Font Generators,,"Symbole cottagecore do kopiowania i wklejania — grzyby, kwiaty i estetyka natury. Estetyczne symbole cottagecore — grzyby, kwiaty, pszczoły i wiejskie motywy. Kopiuj i wklejaj ozdobniki w stylu wiejskiego życia do bio…. Copy and paste stylish Unicode fonts and symbols for bios, captions,…",https://ultratextgen.com/pl/library/symbole-cottagecore/?utm_source=pinterest&utm_medium=social&utm_campaign=organic_pins&utm_content=pl-library-symbole-cottagecore,,"localized, symbole cottagecore do kopiowania i wklejania — grzyby, kwiaty i estetyka natury, fancy text generator, copy paste fonts, unicode fonts, copy and paste, ultratextgen"
Symbole Discord — kopiuj i wklej znaki do nazw kanałów i profili — Copy and Paste Fonts,https://ultratextgen.com/assets/pinterest/pl-library-symbole-discord.png,International Fancy Font Generators,,"Symbole Discord — kopiuj i wklej znaki do nazw kanałów i profili. Kopiuj i wklej symbole Discord do nazw kanałów, serwerów, ról i profili — ozdobne znaki, strzałki, separatory i nawiasy (▸ ┊ ➤ ꒱ ⟢)…. Copy and paste stylish Unicode fonts and symbols for bios, captions, usernames and posts — free,…",https://ultratextgen.com/pl/library/symbole-discord/?utm_source=pinterest&utm_medium=social&utm_campaign=organic_pins&utm_content=pl-library-symbole-discord,,"localized, symbole discord — kopiuj i wklej znaki do nazw kanałów i profili, fancy text generator, copy paste fonts, unicode fonts, copy and paste, ultratextgen"
Symbole dreamcore i weirdcore: kopiuj i wklej 👁 🌈 ⋆ surrealistyczna estetyka — Copy and,https://ultratextgen.com/assets/pinterest/pl-library-symbole-dreamcore-weirdcore.png,International Fancy Font Generators,,"Symbole dreamcore i weirdcore: kopiuj i wklej 👁 🌈 ⋆ surrealistyczna estetyka. Symbole dreamcore i weirdcore — surrealistyczne oczy 👁, tęcze 🌈, bloki glitchu, drzwi i kombinacje sleepcore do liminalnych postów…. Copy and paste stylish Unicode fonts and symbols for bios, captions, usernames and…",https://ultratextgen.com/pl/library/symbole-dreamcore-weirdcore/?utm_source=pinterest&utm_medium=social&utm_campaign=organic_pins&utm_content=pl-library-symbole-dreamcore-weirdcore,,"localized, symbole dreamcore i weirdcore: kopiuj i wklej 👁 🌈 ⋆ surrealistyczna estetyka, fancy text generator, copy paste fonts, unicode fonts, copy and paste, ultratextgen"
"Symbole Facebook — kopiuj i wklej reakcje, serca i emoji — Copy and Paste Fonts",https://ultratextgen.com/assets/pinterest/pl-library-symbole-facebook.png,International Fancy Font Generators,,"Symbole Facebook — kopiuj i wklej reakcje, serca i emoji. Kopiuj i wklej symbole Facebook — emoji reakcji, serca, gwiazdki i separatory do postów, komentarzy, bio i nazw Strony. Kliknij dowolny…. Copy and paste stylish Unicode fonts and symbols for bios, captions, usernames and posts — free,…",https://ultratextgen.com/pl/library/symbole-facebook/?utm_source=pinterest&utm_medium=social&utm_campaign=organic_pins&utm_content=pl-library-symbole-facebook,,"localized, symbole facebook — kopiuj i wklej reakcje, serca i emoji, fancy text generator, copy paste fonts, unicode fonts, copy and paste, ultratextgen"
Symbole fairycore: kopiuj i wklej 🧚 🍄 ✨ baśniowa estetyka — Copy and Paste Fonts,https://ultratextgen.com/assets/pinterest/pl-library-symbole-fairycore.png,International Fancy Font Generators,,"Symbole fairycore: kopiuj i wklej 🧚 🍄 ✨ baśniowa estetyka. Symbole i kombinacje emoji fairycore — wróżki 🧚, grzybki 🍄, brokat ✨ i delikatne znaki kwiatów do baśniowych bio. Kliknij dowolny…. Copy and paste stylish Unicode fonts and symbols for bios, captions, usernames and posts — free, fast and…",https://ultratextgen.com/pl/library/symbole-fairycore/?utm_source=pinterest&utm_medium=social&utm_campaign=organic_pins&utm_content=pl-library-symbole-fairycore,,"localized, symbole fairycore: kopiuj i wklej 🧚 🍄 ✨ baśniowa estetyka, fancy text generator, copy paste fonts, unicode fonts, copy and paste, ultratextgen"
Symbole goth i grunge do kopiowania i wklejania — mroczne ozdobniki do bio — Copy and,https://ultratextgen.com/assets/pinterest/pl-library-symbole-goth-grunge.png,International Fancy Font Generators,,"Symbole goth i grunge do kopiowania i wklejania — mroczne ozdobniki do bio. Mroczne estetyczne symbole do bio w stylu goth i grunge — krzyże, czaszki, pająki, sztylety i alternatywne ozdobniki do nicków i…. Copy and paste stylish Unicode fonts and symbols for bios, captions, usernames and posts…",https://ultratextgen.com/pl/library/symbole-goth-grunge/?utm_source=pinterest&utm_medium=social&utm_campaign=organic_pins&utm_content=pl-library-symbole-goth-grunge,,"localized, symbole goth i grunge do kopiowania i wklejania — mroczne ozdobniki do bio, fancy text generator, copy paste fonts, unicode fonts, copy and paste, ultratextgen"
Symbole gwiazdek ★ — kolekcja gwiazdek do skopiowania i wklejenia — Copy and Paste Fonts,https://ultratextgen.com/assets/pinterest/pl-library-symbole-gwiazdek.png,International Fancy Font Generators,,"Symbole gwiazdek ★ — kolekcja gwiazdek do skopiowania i wklejenia. Przeglądaj i kopiuj symbole gwiazdek, iskierki, gwiazdki oceny i znaki asterysku Unicode. Kliknij dowolny symbol, aby natychmiast go…. Copy and paste stylish Unicode fonts and symbols for bios, captions, usernames and posts —…",https://ultratextgen.com/pl/library/symbole-gwiazdek/?utm_source=pinterest&utm_medium=social&utm_campaign=organic_pins&utm_content=pl-library-symbole-gwiazdek,,"localized, symbole gwiazdek ★ — kolekcja gwiazdek do skopiowania i wklejenia, fancy text generator, copy paste fonts, unicode fonts, copy and paste, ultratextgen"
Symbole kawaii i cute — miękkie estetyczne ozdobniki do kopiowania — Copy and Paste Fonts,https://ultratextgen.com/assets/pinterest/pl-library-symbole-kawaii-cute.png,International Fancy Font Generators,,"Symbole kawaii i cute — miękkie estetyczne ozdobniki do kopiowania. Symbole kawaii i cute do bio, nicków i wiadomości. Miękkie serca, małe buźki, brokat i pastelowe ozdobniki z estetyki kawaii. Kopiuj…. Copy and paste stylish Unicode fonts and symbols for bios, captions, usernames and posts —…",https://ultratextgen.com/pl/library/symbole-kawaii-cute/?utm_source=pinterest&utm_medium=social&utm_campaign=organic_pins&utm_content=pl-library-symbole-kawaii-cute,,"localized, symbole kawaii i cute — miękkie estetyczne ozdobniki do kopiowania, fancy text generator, copy paste fonts, unicode fonts, copy and paste, ultratextgen"
Symbole Matematyczne: Znaki Matematyczne do Skopiowania — Copy and Paste Fonts,https://ultratextgen.com/assets/pinterest/pl-library-symbole-matematyczne.png,International Fancy Font Generators,,"Symbole Matematyczne: Znaki Matematyczne do Skopiowania. Przeglądaj i kopiuj symbole matematyczne — operatory, litery greckie, teoria zbiorów, analiza matematyczna i indeksy. Kliknij symbol…. Copy and paste stylish Unicode fonts and symbols for bios, captions, usernames and posts — free, fast…",https://ultratextgen.com/pl/library/symbole-matematyczne/?utm_source=pinterest&utm_medium=social&utm_campaign=organic_pins&utm_content=pl-library-symbole-matematyczne,,"localized, symbole matematyczne: znaki matematyczne do skopiowania, fancy text generator, copy paste fonts, unicode fonts, copy and paste, ultratextgen"
Symbole Punktowania: Punktory do List do Skopiowania — Copy and Paste Fonts,https://ultratextgen.com/assets/pinterest/pl-library-symbole-punktowania.png,International Fancy Font Generators,,"Symbole Punktowania: Punktory do List do Skopiowania. Przeglądaj i kopiuj symbole punktowania, punktory list, punktory strzałkowe, punktory z ptaszkiem i ozdobne punktory do dokumentów i…. Copy and paste stylish Unicode fonts and symbols for bios, captions, usernames and posts — free, fast and…",https://ultratextgen.com/pl/library/symbole-punktowania/?utm_source=pinterest&utm_medium=social&utm_campaign=organic_pins&utm_content=pl-library-symbole-punktowania,,"localized, symbole punktowania: punktory do list do skopiowania, fancy text generator, copy paste fonts, unicode fonts, copy and paste, ultratextgen"
Symbole Roblox ✦ ⚡ ♡ — kopiuj i wklej do nazwy wyświetlanej (2026) — Copy and Paste Fonts,https://ultratextgen.com/assets/pinterest/pl-library-symbole-roblox.png,International Fancy Font Generators,,"Symbole Roblox ✦ ⚡ ♡ — kopiuj i wklej do nazwy wyświetlanej (2026). 40+ symboli Roblox ✦ ⚡ ♡ do kopiowania i wklejania w nazwie wyświetlanej, bio i grupach — sprawdzone pod kątem aktualnego filtru nazw…. Copy and paste stylish Unicode fonts and symbols for bios, captions, usernames and posts —…",https://ultratextgen.com/pl/library/symbole-roblox/?utm_source=pinterest&utm_medium=social&utm_campaign=organic_pins&utm_content=pl-library-symbole-roblox,,"localized, symbole roblox ✦ ⚡ ♡ — kopiuj i wklej do nazwy wyświetlanej (2026), fancy text generator, copy paste fonts, unicode fonts, copy and paste, ultratextgen"
Symbole serca ♥ — kopiuj i wklej emotki i znaki serca oraz miłości — Copy and Paste Fonts,https://ultratextgen.com/assets/pinterest/pl-library-symbole-serca.png,International Fancy Font Generators,,"Symbole serca ♥ — kopiuj i wklej emotki i znaki serca oraz miłości. Przeglądaj i kopiuj emotki serca, znaki serca Unicode oraz symbole miłości w każdym kolorze i stylu. Kliknij dowolny symbol, aby…. Copy and paste stylish Unicode fonts and symbols for bios, captions, usernames and posts — free,…",https://ultratextgen.com/pl/library/symbole-serca/?utm_source=pinterest&utm_medium=social&utm_campaign=organic_pins&utm_content=pl-library-symbole-serca,,"localized, symbole serca ♥ — kopiuj i wklej emotki i znaki serca oraz miłości, fancy text generator, copy paste fonts, unicode fonts, copy and paste, ultratextgen"
Symbole therian: kopiuj i wklej Δ theta-delta i znaki alterhuman — Copy and Paste Fonts,https://ultratextgen.com/assets/pinterest/pl-library-symbole-therian.png,International Fancy Font Generators,,"Symbole therian: kopiuj i wklej Δ theta-delta i znaki alterhuman. Przeglądaj znaki theta-delta (θΔ), ślady łap, fazy księżyca i symbole zwierząt używane przez społeczność therian i alterhuman. Kliknij…. Copy and paste stylish Unicode fonts and symbols for bios, captions, usernames and posts —…",https://ultratextgen.com/pl/library/symbole-therian/?utm_source=pinterest&utm_medium=social&utm_campaign=organic_pins&utm_content=pl-library-symbole-therian,,"localized, symbole therian: kopiuj i wklej δ theta-delta i znaki alterhuman, fancy text generator, copy paste fonts, unicode fonts, copy and paste, ultratextgen"
Symbole witchy i okultystyczne: kopiuj i wklej znaki okultystyczne — Copy and Paste Fonts,https://ultratextgen.com/assets/pinterest/pl-library-symbole-witchy-occult.png,International Fancy Font Generators,,"Symbole witchy i okultystyczne: kopiuj i wklej znaki okultystyczne. Przeglądaj i kopiuj symbole witchy i okultystyczne — pentagramy, fazy księżyca, znaki planet, symbole alchemiczne i inne znaki…. Copy and paste stylish Unicode fonts and symbols for bios, captions, usernames and posts — free,…",https://ultratextgen.com/pl/library/symbole-witchy-occult/?utm_source=pinterest&utm_medium=social&utm_campaign=organic_pins&utm_content=pl-library-symbole-witchy-occult,,"localized, symbole witchy i okultystyczne: kopiuj i wklej znaki okultystyczne, fancy text generator, copy paste fonts, unicode fonts, copy and paste, ultratextgen"
Symbole Y2K ✦ 80+ estetycznych znaków cyber do kopiowania i wklejania — Copy and Paste,https://ultratextgen.com/assets/pinterest/pl-library-symbole-y2k.png,International Fancy Font Generators,,"Symbole Y2K ✦ 80+ estetycznych znaków cyber do kopiowania i wklejania. Estetyczne symbole Y2K do kopiowania i wklejania — gwiazdki ✦, motyle 🦋, krzyże ♱, brokat i płyty CD 💿 do bio, nicku i opisów. Kopiuj…. Copy and paste stylish Unicode fonts and symbols for bios, captions, usernames and posts…",https://ultratextgen.com/pl/library/symbole-y2k/?utm_source=pinterest&utm_medium=social&utm_campaign=organic_pins&utm_content=pl-library-symbole-y2k,,"localized, symbole y2k ✦ 80+ estetycznych znaków cyber do kopiowania i wklejania, fancy text generator, copy paste fonts, unicode fonts, copy and paste, ultratextgen"
Licznik Słów i Znaków — Darmowe Narzędzie Online — Copy and Paste Fonts,https://ultratextgen.com/assets/pinterest/pl-licznik-slow-i-znakow.png,International Fancy Font Generators,,"Licznik Słów i Znaków — Darmowe Narzędzie Online. Darmowy licznik znaków i licznik słów. Statystyki na żywo — słowa, znaki, zdania, akapity i czas czytania — plus sprawdzian limitów dla…. Copy and paste stylish Unicode fonts and symbols for bios, captions, usernames and posts — free, fast and…",https://ultratextgen.com/pl/licznik-slow-i-znakow/?utm_source=pinterest&utm_medium=social&utm_campaign=organic_pins&utm_content=pl-licznik-slow-i-znakow,,"localized, licznik słów i znaków — darmowe narzędzie online, fancy text generator, copy paste fonts, unicode fonts, copy and paste, ultratextgen"
Literki — Copy and Paste Fonts — UltraTextGen,https://ultratextgen.com/assets/pinterest/pl-literki.png,International Fancy Font Generators,,"Literki. Ładne literki do skopiowania. Copy and paste stylish Unicode fonts and symbols for bios, captions, usernames and posts — free, fast and right in your browser with UltraTextGen.",https://ultratextgen.com/pl/literki/?utm_source=pinterest&utm_medium=social&utm_campaign=organic_pins&utm_content=pl-literki,,"localized, literki, fancy text generator, copy paste fonts, unicode fonts, copy and paste, ultratextgen"
Litery do Skopiowania — Copy and Paste Fonts,https://ultratextgen.com/assets/pinterest/pl-litery-do-skopiowania.png,International Fancy Font Generators,,"Litery do Skopiowania. Alfabet w różnych stylach do skopiowania. Copy and paste stylish Unicode fonts and symbols for bios, captions, usernames and posts — free, fast and right in your browser with UltraTextGen.",https://ultratextgen.com/pl/litery-do-skopiowania/?utm_source=pinterest&utm_medium=social&utm_campaign=organic_pins&utm_content=pl-litery-do-skopiowania,,"localized, litery do skopiowania, fancy text generator, copy paste fonts, unicode fonts, copy and paste, ultratextgen"
Generator Małych Liter — ᴍᴀłᴇ ʟɪᴛᴇʀʏ i kapitaliki do skopiowania — Copy and Paste Fonts,https://ultratextgen.com/assets/pinterest/pl-male-litery.png,International Fancy Font Generators,,"Generator Małych Liter — ᴍᴀłᴇ ʟɪᴛᴇʀʏ i kapitaliki do skopiowania. Darmowy generator małych liter: zamień tekst na mały tekst Unicode i kapitaliki do skopiowania i wklejenia — do bio na Instagramie…. Copy and paste stylish Unicode fonts and symbols for bios, captions, usernames and posts — free,…",https://ultratextgen.com/pl/male-litery/?utm_source=pinterest&utm_medium=social&utm_campaign=organic_pins&utm_content=pl-male-litery,,"localized, generator małych liter — ᴍᴀłᴇ ʟɪᴛᴇʀʏ i kapitaliki do skopiowania, fancy text generator, copy paste fonts, unicode fonts, copy and paste, ultratextgen"
Niewidzialny Znak (Niewidzialny Tekst) — Kopiuj i Wklej Pustą Spację — Copy and Paste,https://ultratextgen.com/assets/pinterest/pl-niewidzialny-znak.png,International Fancy Font Generators,,"Niewidzialny Znak (Niewidzialny Tekst) — Kopiuj i Wklej Pustą Spację. Kopiuj niewidzialny tekst i niewidzialne znaki (zero width space, filler Hangul, brajl) na puste nazwy w Free Fire, bio na Instagramie i…. Copy and paste stylish Unicode fonts and symbols for bios, captions, usernames and…",https://ultratextgen.com/pl/niewidzialny-znak/?utm_source=pinterest&utm_medium=social&utm_campaign=organic_pins&utm_content=pl-niewidzialny-znak,,"localized, niewidzialny znak (niewidzialny tekst) — kopiuj i wklej pustą spację, fancy text generator, copy paste fonts, unicode fonts, copy and paste, ultratextgen"
Generator Odwróconego Tekstu — ʇsʞǝʇ ʎuoɔóɹʍpo do skopiowania — Copy and Paste Fonts,https://ultratextgen.com/assets/pinterest/pl-odwrocony-tekst.png,International Fancy Font Generators,,"Generator Odwróconego Tekstu — ʇsʞǝʇ ʎuoɔóɹʍpo do skopiowania. Darmowy generator odwróconego tekstu: zamień tekst na napis do góry nogami (obrócony o 180°) do skopiowania i wklejenia — na Instagram…. Copy and paste stylish Unicode fonts and symbols for bios, captions, usernames and posts — free,…",https://ultratextgen.com/pl/odwrocony-tekst/?utm_source=pinterest&utm_medium=social&utm_campaign=organic_pins&utm_content=pl-odwrocony-tekst,,"localized, generator odwróconego tekstu — ʇsʞǝʇ ʎuoɔóɹʍpo do skopiowania, fancy text generator, copy paste fonts, unicode fonts, copy and paste, ultratextgen"
Ozdobniki do Skopiowania — Copy and Paste Fonts,https://ultratextgen.com/assets/pinterest/pl-ozdobniki.png,International Fancy Font Generators,,"Ozdobniki do Skopiowania. Symbole i ozdoby do nicku i bio. Copy and paste stylish Unicode fonts and symbols for bios, captions, usernames and posts — free, fast and right in your browser with UltraTextGen.",https://ultratextgen.com/pl/ozdobniki/?utm_source=pinterest&utm_medium=social&utm_campaign=organic_pins&utm_content=pl-ozdobniki,,"localized, ozdobniki do skopiowania, fancy text generator, copy paste fonts, unicode fonts, copy and paste, ultratextgen"
Generator Pogrubionej Czcionki — 𝐩𝐨𝐠𝐫𝐮𝐛𝐢𝐨𝐧𝐚 𝐜𝐳𝐜𝐢𝐨𝐧𝐤𝐚 do skopiowania — Copy and Paste Fonts,https://ultratextgen.com/assets/pinterest/pl-pogrubiona-czcionka.png,International Fancy Font Generators,,"Generator Pogrubionej Czcionki — 𝐩𝐨𝐠𝐫𝐮𝐛𝐢𝐨𝐧𝐚 𝐜𝐳𝐜𝐢𝐨𝐧𝐤𝐚 do skopiowania. Darmowy generator pogrubionej czcionki: zamień tekst na pogrubione znaki Unicode do skopiowania i wklejenia — do bio na Instagramie…. Copy and paste stylish Unicode fonts and symbols for bios, captions, usernames and posts —…",https://ultratextgen.com/pl/pogrubiona-czcionka/?utm_source=pinterest&utm_medium=social&utm_campaign=organic_pins&utm_content=pl-pogrubiona-czcionka,,"localized, generator pogrubionej czcionki — 𝐩𝐨𝐠𝐫𝐮𝐛𝐢𝐨𝐧𝐚 𝐜𝐳𝐜𝐢𝐨𝐧𝐤𝐚 do skopiowania, fancy text generator, copy paste fonts, unicode fonts, copy and paste, ultratextgen"
Generator Przekreślonego Tekstu — p̶r̶z̶e̶k̶r̶e̶ś̶l̶o̶n̶y̶ ̶t̶e̶k̶s̶t̶ do skopiowania,https://ultratextgen.com/assets/pinterest/pl-przekreslony-tekst.png,International Fancy Font Generators,,"Generator Przekreślonego Tekstu — p̶r̶z̶e̶k̶r̶e̶ś̶l̶o̶n̶y̶ ̶t̶e̶k̶s̶t̶ do skopiowania. Darmowy generator przekreślonego tekstu: przekreśl tekst i zamień go na znaki Unicode do skopiowania i wklejenia — na Instagram…. Copy and paste stylish Unicode fonts and symbols for bios, captions, usernames…",https://ultratextgen.com/pl/przekreslony-tekst/?utm_source=pinterest&utm_medium=social&utm_campaign=organic_pins&utm_content=pl-przekreslony-tekst,,"localized, generator przekreślonego tekstu — p̶r̶z̶e̶k̶r̶e̶ś̶l̶o̶n̶y̶ ̶t̶e̶k̶s̶t̶ do skopiowania, fancy text generator, copy paste fonts, unicode fonts, copy and paste, ultratextgen"
"Ampersand (&): Znaczenie, Historia i Jak Go Wpisać — Copy and Paste Fonts",https://ultratextgen.com/assets/pinterest/pl-symbol-ampersand.png,International Fancy Font Generators,,"Ampersand (&): Znaczenie, Historia i Jak Go Wpisać. Znak & (ampersand, U+0026) w pigułce — jego pochodzenie od rzymskiej ligatury słowa et, skąd wzięła się nazwa i jak go wpisać. Kliknij…. Copy and paste stylish Unicode fonts and symbols for bios, captions, usernames and posts — free, fast and…",https://ultratextgen.com/pl/symbol/ampersand/?utm_source=pinterest&utm_medium=social&utm_campaign=organic_pins&utm_content=pl-symbol-ampersand,,"localized, ampersand (&): znaczenie, historia i jak go wpisać, fancy text generator, copy paste fonts, unicode fonts, copy and paste, ultratextgen"
"Cudzysłów Polski „ "": Jak Wygląda i Jak Go Wpisać — Copy and Paste Fonts",https://ultratextgen.com/assets/pinterest/pl-symbol-cudzyslow-polski.png,International Fancy Font Generators,,"Cudzysłów Polski „ "": Jak Wygląda i Jak Go Wpisać. Polski cudzysłów dolny „ i górny "" do skopiowania, plus cudzysłów francuski « » do zdania zagnieżdżonego. Kliknij znak, aby skopiować go…. Copy and paste stylish Unicode fonts and symbols for bios, captions, usernames and posts — free, fast and…",https://ultratextgen.com/pl/symbol/cudzyslow-polski/?utm_source=pinterest&utm_medium=social&utm_campaign=organic_pins&utm_content=pl-symbol-cudzyslow-polski,,"localized, cudzysłów polski „ "": jak wygląda i jak go wpisać, fancy text generator, copy paste fonts, unicode fonts, copy and paste, ultratextgen"
Symbole: Sprawdź Jeden Znak Unicode — Copy and Paste Fonts,https://ultratextgen.com/assets/pinterest/pl-symbol.png,International Fancy Font Generators,,"Symbole: Sprawdź Jeden Znak Unicode. Sprawdzaj symbole pojedynczo — znaczenie, historię, jak je wpisać i gdzie bezpiecznie ich używać. Pełne kategorie znajdziesz w bibliotece. Copy and paste stylish Unicode fonts and symbols for bios, captions, usernames and posts — free, fast and right in your…",https://ultratextgen.com/pl/symbol/?utm_source=pinterest&utm_medium=social&utm_campaign=organic_pins&utm_content=pl-symbol,,"localized, symbole: sprawdź jeden znak unicode, fancy text generator, copy paste fonts, unicode fonts, copy and paste, ultratextgen"
"Znak @ (Małpa): Znaczenie, Historia i Jak Go Wpisać — Copy and Paste Fonts",https://ultratextgen.com/assets/pinterest/pl-symbol-malpa.png,International Fancy Font Generators,,"Znak @ (Małpa): Znaczenie, Historia i Jak Go Wpisać. Znak @ (małpa, U+0040) w pigułce — 500-letni rodowód z ksiąg rachunkowych, użycie w e-mailu przez Raya Tomlinsona w 1971 roku…. Copy and paste stylish Unicode fonts and symbols for bios, captions, usernames and posts — free, fast and right in…",https://ultratextgen.com/pl/symbol/malpa/?utm_source=pinterest&utm_medium=social&utm_campaign=organic_pins&utm_content=pl-symbol-malpa,,"localized, znak @ (małpa): znaczenie, historia i jak go wpisać, fancy text generator, copy paste fonts, unicode fonts, copy and paste, ultratextgen"
Znak Nieskończoności (∞): Symbol do Skopiowania — Copy and Paste Fonts,https://ultratextgen.com/assets/pinterest/pl-symbol-nieskonczonosc.png,International Fancy Font Generators,,"Znak Nieskończoności (∞): Symbol do Skopiowania. Skopiuj znak nieskończoności ∞ oraz pokrewne symbole matematyczne — nierówności, przybliżenia i teorię mnogości. Kliknij symbol, aby…. Copy and paste stylish Unicode fonts and symbols for bios, captions, usernames and posts — free, fast and right…",https://ultratextgen.com/pl/symbol/nieskonczonosc/?utm_source=pinterest&utm_medium=social&utm_campaign=organic_pins&utm_content=pl-symbol-nieskonczonosc,,"localized, znak nieskończoności (∞): symbol do skopiowania, fancy text generator, copy paste fonts, unicode fonts, copy and paste, ultratextgen"
Znak Pierwiastka Kwadratowego (√): Znaczenie i Jak Go Wpisać — Copy and Paste Fonts,https://ultratextgen.com/assets/pinterest/pl-symbol-pierwiastek-kwadratowy.png,International Fancy Font Generators,,"Znak Pierwiastka Kwadratowego (√): Znaczenie i Jak Go Wpisać. Znak pierwiastka kwadratowego √ (U+221A) w pigułce — jego rodowód z 1525 roku, co oznacza, jak go wpisać na Windows i Macu oraz gdzie…. Copy and paste stylish Unicode fonts and symbols for bios, captions, usernames and posts — free,…",https://ultratextgen.com/pl/symbol/pierwiastek-kwadratowy/?utm_source=pinterest&utm_medium=social&utm_campaign=organic_pins&utm_content=pl-symbol-pierwiastek-kwadratowy,,"localized, znak pierwiastka kwadratowego (√): znaczenie i jak go wpisać, fancy text generator, copy paste fonts, unicode fonts, copy and paste, ultratextgen"
"Pionowa Kreska (|): Znaczenie, Historia i Jak Ją Wpisać — Copy and Paste Fonts",https://ultratextgen.com/assets/pinterest/pl-symbol-pionowa-kreska.png,International Fancy Font Generators,,"Pionowa Kreska (|): Znaczenie, Historia i Jak Ją Wpisać. Pionowa kreska | (znak potoku, U+007C) w pigułce — jej historia jako uniksowego „pipe”, zastosowania w matematyce i jak ją wpisać na…. Copy and paste stylish Unicode fonts and symbols for bios, captions, usernames and posts — free, fast…",https://ultratextgen.com/pl/symbol/pionowa-kreska/?utm_source=pinterest&utm_medium=social&utm_campaign=organic_pins&utm_content=pl-symbol-pionowa-kreska,,"localized, pionowa kreska (|): znaczenie, historia i jak ją wpisać, fancy text generator, copy paste fonts, unicode fonts, copy and paste, ultratextgen"
"Znak Stopnia (°): Stopnie Celsjusza, Fahrenheita i Kąty do Skopiowania — Copy and Paste",https://ultratextgen.com/assets/pinterest/pl-symbol-stopnie-i-temperatura.png,International Fancy Font Generators,,"Znak Stopnia (°): Stopnie Celsjusza, Fahrenheita i Kąty do Skopiowania. Skopiuj znak stopnia °, stopnie Celsjusza ℃ i Fahrenheita ℉, znaki kątów oraz prim do minut i sekund. Kliknij symbol, aby skopiować go…. Copy and paste stylish Unicode fonts and symbols for bios, captions, usernames and…",https://ultratextgen.com/pl/symbol/stopnie-i-temperatura/?utm_source=pinterest&utm_medium=social&utm_campaign=organic_pins&utm_content=pl-symbol-stopnie-i-temperatura,,"localized, znak stopnia (°): stopnie celsjusza, fahrenheita i kąty do skopiowania, fancy text generator, copy paste fonts, unicode fonts, copy and paste, ultratextgen"
Strzałka w Dół (↓): Znaczenie i Jak Ją Wpisać — Copy and Paste Fonts,https://ultratextgen.com/assets/pinterest/pl-symbol-strzalka-w-dol.png,International Fancy Font Generators,,"Strzałka w Dół (↓): Znaczenie i Jak Ją Wpisać. Strzałka w dół ↓ (U+2193) w pigułce — jej użycie w matematyce, kierunku i notacji oraz jak ją wpisać na Windows i Macu. Kliknij, aby…. Copy and paste stylish Unicode fonts and symbols for bios, captions, usernames and posts — free, fast and right in…",https://ultratextgen.com/pl/symbol/strzalka-w-dol/?utm_source=pinterest&utm_medium=social&utm_campaign=organic_pins&utm_content=pl-symbol-strzalka-w-dol,,"localized, strzałka w dół (↓): znaczenie i jak ją wpisać, fancy text generator, copy paste fonts, unicode fonts, copy and paste, ultratextgen"
Strzałka w Górę (↑): Znaczenie i Jak Ją Wpisać — Copy and Paste Fonts,https://ultratextgen.com/assets/pinterest/pl-symbol-strzalka-w-gore.png,International Fancy Font Generators,,"Strzałka w Górę (↑): Znaczenie i Jak Ją Wpisać. Strzałka w górę ↑ (U+2191) w pigułce — jej użycie w matematyce, kierunku i notacji oraz jak ją wpisać na Windows i Macu. Kliknij, aby…. Copy and paste stylish Unicode fonts and symbols for bios, captions, usernames and posts — free, fast and right…",https://ultratextgen.com/pl/symbol/strzalka-w-gore/?utm_source=pinterest&utm_medium=social&utm_campaign=organic_pins&utm_content=pl-symbol-strzalka-w-gore,,"localized, strzałka w górę (↑): znaczenie i jak ją wpisać, fancy text generator, copy paste fonts, unicode fonts, copy and paste, ultratextgen"
"Znak Akapitu (¶): Znaczenie, Historia i Jak Go Wpisać — Copy and Paste Fonts",https://ultratextgen.com/assets/pinterest/pl-symbol-znak-akapitu.png,International Fancy Font Generators,,"Znak Akapitu (¶): Znaczenie, Historia i Jak Go Wpisać. Znak akapitu ¶ (pilcrow, U+00B6) w pigułce — średniowieczny znacznik akapitu ukryty pod przyciskiem Pokaż/Ukryj w Wordzie i jak go…. Copy and paste stylish Unicode fonts and symbols for bios, captions, usernames and posts — free, fast and…",https://ultratextgen.com/pl/symbol/znak-akapitu/?utm_source=pinterest&utm_medium=social&utm_campaign=organic_pins&utm_content=pl-symbol-znak-akapitu,,"localized, znak akapitu (¶): znaczenie, historia i jak go wpisać, fancy text generator, copy paste fonts, unicode fonts, copy and paste, ultratextgen"
"Znak Copyright (©): Znaczenie, Historia i Jak Go Wpisać — Copy and Paste Fonts",https://ultratextgen.com/assets/pinterest/pl-symbol-znak-copyright.png,International Fancy Font Generators,,"Znak Copyright (©): Znaczenie, Historia i Jak Go Wpisać. Znak copyright © (U+00A9) w pigułce — jego prawny rodowód z 1909 roku, czy nadal jest potrzebny i jak go wpisać na Windows i Macu…. Copy and paste stylish Unicode fonts and symbols for bios, captions, usernames and posts — free, fast and…",https://ultratextgen.com/pl/symbol/znak-copyright/?utm_source=pinterest&utm_medium=social&utm_campaign=organic_pins&utm_content=pl-symbol-znak-copyright,,"localized, znak copyright (©): znaczenie, historia i jak go wpisać, fancy text generator, copy paste fonts, unicode fonts, copy and paste, ultratextgen"
"Znak Dzielenia (÷): Znaczenie, Historia i Jak Go Wpisać — Copy and Paste Fonts",https://ultratextgen.com/assets/pinterest/pl-symbol-znak-dzielenia.png,International Fancy Font Generators,,"Znak Dzielenia (÷): Znaczenie, Historia i Jak Go Wpisać. Znak dzielenia ÷ (obelus, U+00F7) w pigułce — jego rodowód z 1659 roku, jak go wpisać na Windows i Macu oraz czym różni się od ukośnika…. Copy and paste stylish Unicode fonts and symbols for bios, captions, usernames and posts — free, fast…",https://ultratextgen.com/pl/symbol/znak-dzielenia/?utm_source=pinterest&utm_medium=social&utm_campaign=organic_pins&utm_content=pl-symbol-znak-dzielenia,,"localized, znak dzielenia (÷): znaczenie, historia i jak go wpisać, fancy text generator, copy paste fonts, unicode fonts, copy and paste, ultratextgen"
Znak Euro (€): Symbol Euro i Inne Waluty do Skopiowania — Copy and Paste Fonts,https://ultratextgen.com/assets/pinterest/pl-symbol-znak-euro.png,International Fancy Font Generators,,"Znak Euro (€): Symbol Euro i Inne Waluty do Skopiowania. Skopiuj znak euro € oraz symbole innych walut świata — dolar, funt, jen, rubel, hrywna i bitcoin. Kliknij symbol, aby skopiować go od razu. Copy and paste stylish Unicode fonts and symbols for bios, captions, usernames and posts — free,…",https://ultratextgen.com/pl/symbol/znak-euro/?utm_source=pinterest&utm_medium=social&utm_campaign=organic_pins&utm_content=pl-symbol-znak-euro,,"localized, znak euro (€): symbol euro i inne waluty do skopiowania, fancy text generator, copy paste fonts, unicode fonts, copy and paste, ultratextgen"
"Znak Paragrafu (§): Znaczenie, Historia i Jak Go Wpisać — Copy and Paste Fonts",https://ultratextgen.com/assets/pinterest/pl-symbol-znak-paragrafu.png,International Fancy Font Generators,,"Znak Paragrafu (§): Znaczenie, Historia i Jak Go Wpisać. Znak paragrafu § (U+00A7) w pigułce — jego średniowieczny, prawny rodowód, jak używa się go do powoływania przepisów i jak go wpisać na…. Copy and paste stylish Unicode fonts and symbols for bios, captions, usernames and posts — free, fast…",https://ultratextgen.com/pl/symbol/znak-paragrafu/?utm_source=pinterest&utm_medium=social&utm_campaign=organic_pins&utm_content=pl-symbol-znak-paragrafu,,"localized, znak paragrafu (§): znaczenie, historia i jak go wpisać, fancy text generator, copy paste fonts, unicode fonts, copy and paste, ultratextgen"
"Znak Plus-Minus (±): Znaczenie, Historia i Jak Go Wpisać — Copy and Paste Fonts",https://ultratextgen.com/assets/pinterest/pl-symbol-znak-plus-minus.png,International Fancy Font Generators,,"Znak Plus-Minus (±): Znaczenie, Historia i Jak Go Wpisać. Znak plus-minus ± (U+00B1) w pigułce — co oznacza, jak go wpisać na Windows i Macu oraz czym różni się od swojej formy lustrzanej ∓…. Copy and paste stylish Unicode fonts and symbols for bios, captions, usernames and posts — free, fast…",https://ultratextgen.com/pl/symbol/znak-plus-minus/?utm_source=pinterest&utm_medium=social&utm_campaign=organic_pins&utm_content=pl-symbol-znak-plus-minus,,"localized, znak plus-minus (±): znaczenie, historia i jak go wpisać, fancy text generator, copy paste fonts, unicode fonts, copy and paste, ultratextgen"
Znak Zaznaczenia: Skopiuj i Wklej ✓ ✔ Ptaszek / Fajkę — Copy and Paste Fonts,https://ultratextgen.com/assets/pinterest/pl-symbol-znak-zaznaczenia.png,International Fancy Font Generators,,"Znak Zaznaczenia: Skopiuj i Wklej ✓ ✔ Ptaszek / Fajkę. Skopiuj i wklej znak zaznaczenia (✓, U+2713) — ptaszek, pogrubione ✔, zielone ✅ emoji i pole wyboru ☑, a także ✗ i √, z którymi bywa…. Copy and paste stylish Unicode fonts and symbols for bios, captions, usernames and posts — free, fast and…",https://ultratextgen.com/pl/symbol/znak-zaznaczenia/?utm_source=pinterest&utm_medium=social&utm_campaign=organic_pins&utm_content=pl-symbol-znak-zaznaczenia,,"localized, znak zaznaczenia: skopiuj i wklej ✓ ✔ ptaszek / fajkę, fancy text generator, copy paste fonts, unicode fonts, copy and paste, ultratextgen"
"Znak TM, © i ®: Znaki Towarowe i Praw Autorskich do Skopiowania — Copy and Paste Fonts",https://ultratextgen.com/assets/pinterest/pl-symbol-znaki-tm-i-copyright.png,International Fancy Font Generators,,"Znak TM, © i ®: Znaki Towarowe i Praw Autorskich do Skopiowania. Skopiuj znak towarowy ™, copyright © i zastrzeżony znak towarowy ® oraz pokrewne znaki prawne i odniesień. Kliknij symbol, aby skopiować…. Copy and paste stylish Unicode fonts and symbols for bios, captions, usernames and posts —…",https://ultratextgen.com/pl/symbol/znaki-tm-i-copyright/?utm_source=pinterest&utm_medium=social&utm_campaign=organic_pins&utm_content=pl-symbol-znaki-tm-i-copyright,,"localized, znak tm, © i ®: znaki towarowe i praw autorskich do skopiowania, fancy text generator, copy paste fonts, unicode fonts, copy and paste, ultratextgen"
Czcionki na Tatuaż — Copy and Paste Fonts,https://ultratextgen.com/assets/pinterest/pl-usecase-czcionki-tatuaze.png,International Fancy Font Generators,,"Czcionki na Tatuaż. Sprawdź napis przed tuszem. Copy and paste stylish Unicode fonts and symbols for bios, captions, usernames and posts — free, fast and right in your browser with UltraTextGen.",https://ultratextgen.com/pl/usecase/czcionki-tatuaze/?utm_source=pinterest&utm_medium=social&utm_campaign=organic_pins&utm_content=pl-usecase-czcionki-tatuaze,,"localized, czcionki na tatuaż, fancy text generator, copy paste fonts, unicode fonts, copy and paste, ultratextgen"
Co Chcesz Stworzyć? — Copy and Paste Fonts,https://ultratextgen.com/assets/pinterest/pl-usecase.png,International Fancy Font Generators,,"Co Chcesz Stworzyć?. Generatory pogrupowane według potrzeb. Copy and paste stylish Unicode fonts and symbols for bios, captions, usernames and posts — free, fast and right in your browser with UltraTextGen.",https://ultratextgen.com/pl/usecase/?utm_source=pinterest&utm_medium=social&utm_campaign=organic_pins&utm_content=pl-usecase,,"localized, co chcesz stworzyć?, fancy text generator, copy paste fonts, unicode fonts, copy and paste, ultratextgen"
Fajne Nazwy do Robloxa — Copy and Paste Fonts,https://ultratextgen.com/assets/pinterest/pl-usecase-nazwy-do-robloxa.png,International Fancy Font Generators,,"Fajne Nazwy do Robloxa. Symbole i generator nicków na nazwę wyświetlaną. Copy and paste stylish Unicode fonts and symbols for bios, captions, usernames and posts — free, fast and right in your browser with UltraTextGen.",https://ultratextgen.com/pl/usecase/nazwy-do-robloxa/?utm_source=pinterest&utm_medium=social&utm_campaign=organic_pins&utm_content=pl-usecase-nazwy-do-robloxa,,"localized, fajne nazwy do robloxa, fancy text generator, copy paste fonts, unicode fonts, copy and paste, ultratextgen"
Tłumacz Emoji — Copy and Paste Fonts — UltraTextGen,https://ultratextgen.com/assets/pinterest/pl-usecase-tlumacz-emoji.png,International Fancy Font Generators,,"Tłumacz Emoji. Tekst na emoji i z powrotem. Copy and paste stylish Unicode fonts and symbols for bios, captions, usernames and posts — free, fast and right in your browser with UltraTextGen.",https://ultratextgen.com/pl/usecase/tlumacz-emoji/?utm_source=pinterest&utm_medium=social&utm_campaign=organic_pins&utm_content=pl-usecase-tlumacz-emoji,,"localized, tłumacz emoji, fancy text generator, copy paste fonts, unicode fonts, copy and paste, ultratextgen"
Generator Tekstu Pionowego — Copy and Paste Fonts,https://ultratextgen.com/assets/pinterest/pl-usecase-vertical-text.png,International Fancy Font Generators,,"Generator Tekstu Pionowego. Ułóż tekst od góry do dołu. Copy and paste stylish Unicode fonts and symbols for bios, captions, usernames and posts — free, fast and right in your browser with UltraTextGen.",https://ultratextgen.com/pl/usecase/vertical-text/?utm_source=pinterest&utm_medium=social&utm_campaign=organic_pins&utm_content=pl-usecase-vertical-text,,"localized, generator tekstu pionowego, fancy text generator, copy paste fonts, unicode fonts, copy and paste, ultratextgen"
Generator Tekstu Zalgo — Copy and Paste Fonts,https://ultratextgen.com/assets/pinterest/pl-usecase-zalgo-text.png,International Fancy Font Generators,,"Generator Tekstu Zalgo. Twórz przerażający tekst glitch. Copy and paste stylish Unicode fonts and symbols for bios, captions, usernames and posts — free, fast and right in your browser with UltraTextGen.",https://ultratextgen.com/pl/usecase/zalgo-text/?utm_source=pinterest&utm_medium=social&utm_campaign=organic_pins&utm_content=pl-usecase-zalgo-text,,"localized, generator tekstu zalgo, fancy text generator, copy paste fonts, unicode fonts, copy and paste, ultratextgen"
"Konwerter Wielkich i Małych Liter — UPPERCASE, lowercase, Title Case i więcej — Copy",https://ultratextgen.com/assets/pinterest/pl-wielkie-i-male-litery.png,International Fancy Font Generators,,"Konwerter Wielkich i Małych Liter — UPPERCASE, lowercase, Title Case i więcej. Darmowy konwerter wielkich i małych liter online. Błyskawicznie zamień tekst na UPPERCASE, lowercase, Title Case, Sentence case…. Copy and paste stylish Unicode fonts and symbols for bios, captions, usernames and…",https://ultratextgen.com/pl/wielkie-i-male-litery/?utm_source=pinterest&utm_medium=social&utm_campaign=organic_pins&utm_content=pl-wielkie-i-male-litery,,"localized, konwerter wielkich i małych liter — uppercase, lowercase, title case i więcej, fancy text generator, copy paste fonts, unicode fonts, copy and paste, ultratextgen"
Categorias de Fontes Unicode — Copy and Paste Fonts,https://ultratextgen.com/assets/pinterest/pt-category.png,International Fancy Font Generators,,"Categorias de Fontes Unicode. Veja todas as categorias de fontes Unicode do UltraTextGen: negrito, cursiva, gótica, pequena, tachada e mais. Copie e cole em qualquer app. Copy and paste stylish Unicode fonts and symbols for bios, captions, usernames and posts — free, fast and right in your…",https://ultratextgen.com/pt/category/?utm_source=pinterest&utm_medium=social&utm_campaign=organic_pins&utm_content=pt-category,,"localized, categorias de fontes unicode, fancy text generator, copy paste fonts, unicode fonts, copy and paste, ultratextgen"
Combos de Emoji — Copy and Paste Fonts — UltraTextGen,https://ultratextgen.com/assets/pinterest/pt-combos-de-emoji.png,International Fancy Font Generators,,"Combos de Emoji. Combinações de emoji para copiar e colar. Copy and paste stylish Unicode fonts and symbols for bios, captions, usernames and posts — free, fast and right in your browser with UltraTextGen.",https://ultratextgen.com/pt/combos-de-emoji/?utm_source=pinterest&utm_medium=social&utm_campaign=organic_pins&utm_content=pt-combos-de-emoji,,"localized, combos de emoji, fancy text generator, copy paste fonts, unicode fonts, copy and paste, ultratextgen"
Contador de Palavras e Caracteres — Ferramenta Online Grátis — Copy and Paste Fonts,https://ultratextgen.com/assets/pinterest/pt-contador-de-palavras-e-caracteres.png,International Fancy Font Generators,,"Contador de Palavras e Caracteres — Ferramenta Online Grátis. Contador de caracteres e contador de palavras grátis. Contagem ao vivo de palavras, caracteres, frases, parágrafos e tempo de leitura…. Copy and paste stylish Unicode fonts and symbols for bios, captions, usernames and posts — free,…",https://ultratextgen.com/pt/contador-de-palavras-e-caracteres/?utm_source=pinterest&utm_medium=social&utm_campaign=organic_pins&utm_content=pt-contador-de-palavras-e-caracteres,,"localized, contador de palavras e caracteres — ferramenta online grátis, fancy text generator, copy paste fonts, unicode fonts, copy and paste, ultratextgen"
Conversor de Letras — Muda a Fonte do Texto pra Copiar e Colar — Copy and Paste Fonts,https://ultratextgen.com/assets/pinterest/pt-conversor-de-letras.png,International Fancy Font Generators,,"Conversor de Letras — Muda a Fonte do Texto pra Copiar e Colar. Conversor de letras grátis: digita seu texto e ele muda na hora pra 100+ fontes diferentes — negrito, cursiva, gótica, bubble e small…. Copy and paste stylish Unicode fonts and symbols for bios, captions, usernames and posts — free,…",https://ultratextgen.com/pt/conversor-de-letras/?utm_source=pinterest&utm_medium=social&utm_campaign=organic_pins&utm_content=pt-conversor-de-letras,,"localized, conversor de letras — muda a fonte do texto pra copiar e colar, fancy text generator, copy paste fonts, unicode fonts, copy and paste, ultratextgen"
Espaço Invisível — Copy and Paste Fonts — UltraTextGen,https://ultratextgen.com/assets/pinterest/pt-espaco-invisivel.png,International Fancy Font Generators,,"Espaço Invisível. Caractere em branco para copiar. Copy and paste stylish Unicode fonts and symbols for bios, captions, usernames and posts — free, fast and right in your browser with UltraTextGen.",https://ultratextgen.com/pt/espaco-invisivel/?utm_source=pinterest&utm_medium=social&utm_campaign=organic_pins&utm_content=pt-espaco-invisivel,,"localized, espaço invisível, fancy text generator, copy paste fonts, unicode fonts, copy and paste, ultratextgen"
Fonte Gótica — Copy and Paste Fonts — UltraTextGen,https://ultratextgen.com/assets/pinterest/pt-fonte-gotica.png,International Fancy Font Generators,,"Fonte Gótica. Letras góticas e dark para copiar. Copy and paste stylish Unicode fonts and symbols for bios, captions, usernames and posts — free, fast and right in your browser with UltraTextGen.",https://ultratextgen.com/pt/fonte-gotica/?utm_source=pinterest&utm_medium=social&utm_campaign=organic_pins&utm_content=pt-fonte-gotica,,"localized, fonte gótica, fancy text generator, copy paste fonts, unicode fonts, copy and paste, ultratextgen"
Fontes para Discord — Copy and Paste Fonts,https://ultratextgen.com/assets/pinterest/pt-fontes-para-discord.png,International Fancy Font Generators,,"Fontes para Discord. Letras para nick, canal e bio — sem Nitro. Copy and paste stylish Unicode fonts and symbols for bios, captions, usernames and posts — free, fast and right in your browser with UltraTextGen.",https://ultratextgen.com/pt/fontes-para-discord/?utm_source=pinterest&utm_medium=social&utm_campaign=organic_pins&utm_content=pt-fontes-para-discord,,"localized, fontes para discord, fancy text generator, copy paste fonts, unicode fonts, copy and paste, ultratextgen"
"Fontes para Facebook: letras estilosas para nome, bio e postagens — Copy and Paste Fonts",https://ultratextgen.com/assets/pinterest/pt-fontes-para-facebook.png,International Fancy Font Generators,,"Fontes para Facebook: letras estilosas para nome, bio e postagens. Fontes para Facebook grátis: transforme seu texto em 𝗻𝗲𝗴𝗿𝗶𝘁𝗼, 𝘪𝘵á𝘭𝘪𝘤𝘰 ou 𝓬𝓾𝓻𝓼𝓲𝓿𝓪 e cole no nome, na bio, nas postagens, nos comentários…. Copy and paste stylish Unicode fonts and symbols for bios, captions, usernames and posts —…",https://ultratextgen.com/pt/fontes-para-facebook/?utm_source=pinterest&utm_medium=social&utm_campaign=organic_pins&utm_content=pt-fontes-para-facebook,,"localized, fontes para facebook: letras estilosas para nome, bio e postagens, fancy text generator, copy paste fonts, unicode fonts, copy and paste, ultratextgen"
Fontes para Instagram — Copy and Paste Fonts,https://ultratextgen.com/assets/pinterest/pt-fontes-para-instagram.png,International Fancy Font Generators,,"Fontes para Instagram. Letras para bio, nick e legenda. Copy and paste stylish Unicode fonts and symbols for bios, captions, usernames and posts — free, fast and right in your browser with UltraTextGen.",https://ultratextgen.com/pt/fontes-para-instagram/?utm_source=pinterest&utm_medium=social&utm_campaign=organic_pins&utm_content=pt-fontes-para-instagram,,"localized, fontes para instagram, fancy text generator, copy paste fonts, unicode fonts, copy and paste, ultratextgen"
"Fontes para Telegram: letras estilosas para bio, nome e canal — Copy and Paste Fonts",https://ultratextgen.com/assets/pinterest/pt-fontes-para-telegram.png,International Fancy Font Generators,,"Fontes para Telegram: letras estilosas para bio, nome e canal. Fontes para Telegram grátis: transforme seu texto em 𝗻𝗲𝗴𝗿𝗶𝘁𝗼, 𝘪𝘵á𝘭𝘪𝘤𝘰 ou 𝓬𝓾𝓻𝓼𝓲𝓿𝓪 e cole na bio, no nome, no canal, no grupo e nas…. Copy and paste stylish Unicode fonts and symbols for bios, captions, usernames and posts — free, fast…",https://ultratextgen.com/pt/fontes-para-telegram/?utm_source=pinterest&utm_medium=social&utm_campaign=organic_pins&utm_content=pt-fontes-para-telegram,,"localized, fontes para telegram: letras estilosas para bio, nome e canal, fancy text generator, copy paste fonts, unicode fonts, copy and paste, ultratextgen"
"Fontes para TikTok: Letras Diferentes para Bio, Nome e Comentários — Copy and Paste Fonts",https://ultratextgen.com/assets/pinterest/pt-fontes-para-tiktok.png,International Fancy Font Generators,,"Fontes para TikTok: Letras Diferentes para Bio, Nome e Comentários. Fontes para TikTok grátis: transforme seu nome em 𝗻𝗲𝗴𝗿𝗶𝘁𝗼, 𝘪𝘵𝘢́𝘭𝘪𝘤𝘰 ou 𝓬𝓾𝓻𝓼𝓲𝓿𝓪 e cole no nome, na bio, nas legendas e nos comentários…. Copy and paste stylish Unicode fonts and symbols for bios, captions, usernames and posts —…",https://ultratextgen.com/pt/fontes-para-tiktok/?utm_source=pinterest&utm_medium=social&utm_campaign=organic_pins&utm_content=pt-fontes-para-tiktok,,"localized, fontes para tiktok: letras diferentes para bio, nome e comentários, fancy text generator, copy paste fonts, unicode fonts, copy and paste, ultratextgen"
"Fontes para WhatsApp: Letras Diferentes para Recado, Nome e Status — Copy and Paste Fonts",https://ultratextgen.com/assets/pinterest/pt-fontes-para-whatsapp.png,International Fancy Font Generators,,"Fontes para WhatsApp: Letras Diferentes para Recado, Nome e Status. Fontes para WhatsApp grátis: transforme seu texto em 𝗻𝗲𝗴𝗿𝗶𝘁𝗼, 𝘪𝘵𝘢́𝘭𝘪𝘤𝘰 ou 𝓬𝓾𝓻𝓼𝓲𝓿𝓪 e cole no nome, no recado, no status e nas mensagens…. Copy and paste stylish Unicode fonts and symbols for bios, captions, usernames and posts —…",https://ultratextgen.com/pt/fontes-para-whatsapp/?utm_source=pinterest&utm_medium=social&utm_campaign=organic_pins&utm_content=pt-fontes-para-whatsapp,,"localized, fontes para whatsapp: letras diferentes para recado, nome e status, fancy text generator, copy paste fonts, unicode fonts, copy and paste, ultratextgen"
Gerador de Nomes ꧁꧂ — Nicks Estilosos para Jogos e Perfis — Copy and Paste Fonts,https://ultratextgen.com/assets/pinterest/pt-gerador-de-nomes.png,International Fancy Font Generators,,"Gerador de Nomes ꧁꧂ — Nicks Estilosos para Jogos e Perfis. Gerador de nomes grátis: crie nicks estilosos com letras diferentes e símbolos ꧁༒꧂ ♛ para jogos, redes sociais e perfis. Digite, copie e…. Copy and paste stylish Unicode fonts and symbols for bios, captions, usernames and posts — free,…",https://ultratextgen.com/pt/gerador-de-nomes/?utm_source=pinterest&utm_medium=social&utm_campaign=organic_pins&utm_content=pt-gerador-de-nomes,,"localized, gerador de nomes ꧁꧂ — nicks estilosos para jogos e perfis, fancy text generator, copy paste fonts, unicode fonts, copy and paste, ultratextgen"
"Formatação de texto no Discord explicada: Markdown, Unicode e Nitro — Copy and Paste Fonts",https://ultratextgen.com/assets/pinterest/pt-guide-formatacao-de-texto-no-discord.png,International Fancy Font Generators,,"Formatação de texto no Discord explicada: Markdown, Unicode e Nitro. Por que o negrito funciona no chat do Discord mas não no seu nick — os três sistemas de texto do Discord (Markdown, fontes Unicode…. Copy and paste stylish Unicode fonts and symbols for bios, captions, usernames and posts —…",https://ultratextgen.com/pt/guide/formatacao-de-texto-no-discord/?utm_source=pinterest&utm_medium=social&utm_campaign=organic_pins&utm_content=pt-guide-formatacao-de-texto-no-discord,,"localized, formatação de texto no discord explicada: markdown, unicode e nitro, fancy text generator, copy paste fonts, unicode fonts, copy and paste, ultratextgen"
Guias UltraTextGen — domine o texto no Discord — Copy and Paste Fonts,https://ultratextgen.com/assets/pinterest/pt-guide.png,International Fancy Font Generators,,"Guias UltraTextGen — domine o texto no Discord. Os guias UltraTextGen em português: entenda e domine como as fontes Unicode funcionam no Discord — campo por campo, com segurança e sem…. Copy and paste stylish Unicode fonts and symbols for bios, captions, usernames and posts — free, fast and…",https://ultratextgen.com/pt/guide/?utm_source=pinterest&utm_medium=social&utm_campaign=organic_pins&utm_content=pt-guide,,"localized, guias ultratextgen — domine o texto no discord, fancy text generator, copy paste fonts, unicode fonts, copy and paste, ultratextgen"
Estilizar um nome no Discord sem cair no filtro (nem quebrar a acessibilidade) — Copy,https://ultratextgen.com/assets/pinterest/pt-guide-nome-discord-sem-risco.png,International Fancy Font Generators,,"Estilizar um nome no Discord sem cair no filtro (nem quebrar a acessibilidade). Um nome estiloso no Discord ainda pode falhar em três testes silenciosos: a lista de membros, a @menção e o filtro de imitação. Veja…. Copy and paste stylish Unicode fonts and symbols for bios, captions, usernames…",https://ultratextgen.com/pt/guide/nome-discord-sem-risco/?utm_source=pinterest&utm_medium=social&utm_campaign=organic_pins&utm_content=pt-guide-nome-discord-sem-risco,,"localized, estilizar um nome no discord sem cair no filtro (nem quebrar a acessibilidade), fancy text generator, copy paste fonts, unicode fonts, copy and paste, ultratextgen"
Onde as fontes funcionam no Discord: o mapa campo a campo — Copy and Paste Fonts,https://ultratextgen.com/assets/pinterest/pt-guide-onde-as-fontes-funcionam-no-discord.png,International Fancy Font Generators,,"Onde as fontes funcionam no Discord: o mapa campo a campo. Por que o Discord recusa seu nome de usuário, por que seu canal perde as maiúsculas e quais campos aceitam de verdade fontes Unicode —…. Copy and paste stylish Unicode fonts and symbols for bios, captions, usernames and posts — free,…",https://ultratextgen.com/pt/guide/onde-as-fontes-funcionam-no-discord/?utm_source=pinterest&utm_medium=social&utm_campaign=organic_pins&utm_content=pt-guide-onde-as-fontes-funcionam-no-discord,,"localized, onde as fontes funcionam no discord: o mapa campo a campo, fancy text generator, copy paste fonts, unicode fonts, copy and paste, ultratextgen"
Alfabeto cursivo A–Z — Fichas de caligrafia para imprimir — Copy and Paste Fonts,https://ultratextgen.com/assets/pinterest/pt-imprimiveis-alfabeto-cursivo.png,International Fancy Font Generators,,"Alfabeto cursivo A–Z — Fichas de caligrafia para imprimir. O alfabeto cursivo A–Z com fichas de caligrafia para imprimir grátis — letras-modelo e espaço para traçar — o download em PNG de cada…. Copy and paste stylish Unicode fonts and symbols for bios, captions, usernames and posts — free, fast…",https://ultratextgen.com/pt/imprimiveis/alfabeto-cursivo/?utm_source=pinterest&utm_medium=social&utm_campaign=organic_pins&utm_content=pt-imprimiveis-alfabeto-cursivo,,"localized, alfabeto cursivo a–z — fichas de caligrafia para imprimir, fancy text generator, copy paste fonts, unicode fonts, copy and paste, ultratextgen"
Alfabeto Espanhol para Imprimir — Copy and Paste Fonts,https://ultratextgen.com/assets/pinterest/pt-imprimiveis-alfabeto-espanhol.png,International Fancy Font Generators,,"Alfabeto Espanhol para Imprimir. As 27 letras, A-Z mais o Ñ, numa só tabela. Copy and paste stylish Unicode fonts and symbols for bios, captions, usernames and posts — free, fast and right in your browser with UltraTextGen.",https://ultratextgen.com/pt/imprimiveis/alfabeto-espanhol/?utm_source=pinterest&utm_medium=social&utm_campaign=organic_pins&utm_content=pt-imprimiveis-alfabeto-espanhol,,"localized, alfabeto espanhol para imprimir, fancy text generator, copy paste fonts, unicode fonts, copy and paste, ultratextgen"
Alfabeto para colorir A–Z — Letras para imprimir grátis — Copy and Paste Fonts,https://ultratextgen.com/assets/pinterest/pt-imprimiveis-alfabeto-para-colorir.png,International Fancy Font Generators,,"Alfabeto para colorir A–Z — Letras para imprimir grátis. Alfabeto para colorir A–Z para imprimir grátis. Grandes contornos de letras para colorir e imprimir, uma página para cada letra A a Z…. Copy and paste stylish Unicode fonts and symbols for bios, captions, usernames and posts — free, fast…",https://ultratextgen.com/pt/imprimiveis/alfabeto-para-colorir/?utm_source=pinterest&utm_medium=social&utm_campaign=organic_pins&utm_content=pt-imprimiveis-alfabeto-para-colorir,,"localized, alfabeto para colorir a–z — letras para imprimir grátis, fancy text generator, copy paste fonts, unicode fonts, copy and paste, ultratextgen"
Letras e alfabetos para imprimir — PDF/PNG grátis — Copy and Paste Fonts,https://ultratextgen.com/assets/pinterest/pt-imprimiveis.png,International Fancy Font Generators,,"Letras e alfabetos para imprimir — PDF/PNG grátis. Letras e alfabetos para imprimir grátis: letras bolha, fichas de caligrafia cursiva, alfabeto para colorir e fichas de nome para traçar…. Copy and paste stylish Unicode fonts and symbols for bios, captions, usernames and posts — free, fast and…",https://ultratextgen.com/pt/imprimiveis/?utm_source=pinterest&utm_medium=social&utm_campaign=organic_pins&utm_content=pt-imprimiveis,,"localized, letras e alfabetos para imprimir — pdf/png grátis, fancy text generator, copy paste fonts, unicode fonts, copy and paste, ultratextgen"
"Letras bolha para imprimir A–Z e 0–9 — Traçar, colorir, PNG — Copy and Paste Fonts",https://ultratextgen.com/assets/pinterest/pt-imprimiveis-letras-bolha.png,International Fancy Font Generators,,"Letras bolha para imprimir A–Z e 0–9 — Traçar, colorir, PNG. Letras bolha para imprimir grátis A–Z e números 0–9. Grandes contornos inflados para traçar e colorir, a impressão de todo o alfabeto…. Copy and paste stylish Unicode fonts and symbols for bios, captions, usernames and posts — free,…",https://ultratextgen.com/pt/imprimiveis/letras-bolha/?utm_source=pinterest&utm_medium=social&utm_campaign=organic_pins&utm_content=pt-imprimiveis-letras-bolha,,"localized, letras bolha para imprimir a–z e 0–9 — traçar, colorir, png, fancy text generator, copy paste fonts, unicode fonts, copy and paste, ultratextgen"
Nome para traçar — Atividade de caligrafia para imprimir grátis — Copy and Paste Fonts,https://ultratextgen.com/assets/pinterest/pt-imprimiveis-nome-para-tracar.png,International Fancy Font Generators,,"Nome para traçar — Atividade de caligrafia para imprimir grátis. Digite um nome para criar uma ficha de caligrafia para imprimir grátis: uma linha-modelo cheia, linhas pontilhadas para cobrir e linhas…. Copy and paste stylish Unicode fonts and symbols for bios, captions, usernames and posts —…",https://ultratextgen.com/pt/imprimiveis/nome-para-tracar/?utm_source=pinterest&utm_medium=social&utm_campaign=organic_pins&utm_content=pt-imprimiveis-nome-para-tracar,,"localized, nome para traçar — atividade de caligrafia para imprimir grátis, fancy text generator, copy paste fonts, unicode fonts, copy and paste, ultratextgen"
Gerador de Letras Diferentes — Copy and Paste Fonts,https://ultratextgen.com/assets/pinterest/pt.png,International Fancy Font Generators,,"Gerador de Letras Diferentes. Fontes e símbolos para copiar e colar. Copy and paste stylish Unicode fonts and symbols for bios, captions, usernames and posts — free, fast and right in your browser with UltraTextGen.",https://ultratextgen.com/pt/?utm_source=pinterest&utm_medium=social&utm_campaign=organic_pins&utm_content=pt,,"localized, gerador de letras diferentes, fancy text generator, copy paste fonts, unicode fonts, copy and paste, ultratextgen"
Letra Cursiva — Copy and Paste Fonts — UltraTextGen,https://ultratextgen.com/assets/pinterest/pt-letra-cursiva.png,International Fancy Font Generators,,"Letra Cursiva. Alfabeto cursivo para copiar e colar. Copy and paste stylish Unicode fonts and symbols for bios, captions, usernames and posts — free, fast and right in your browser with UltraTextGen.",https://ultratextgen.com/pt/letra-cursiva/?utm_source=pinterest&utm_medium=social&utm_campaign=organic_pins&utm_content=pt-letra-cursiva,,"localized, letra cursiva, fancy text generator, copy paste fonts, unicode fonts, copy and paste, ultratextgen"
Gerador de Letra Tachada — t̶e̶x̶t̶o̶ ̶r̶i̶s̶c̶a̶d̶o̶ para Copiar — Copy and Paste Fonts,https://ultratextgen.com/assets/pinterest/pt-letra-tachada.png,International Fancy Font Generators,,"Gerador de Letra Tachada — t̶e̶x̶t̶o̶ ̶r̶i̶s̶c̶a̶d̶o̶ para Copiar. Gerador de letra tachada grátis: transforme texto em letra tachada e texto riscado para copiar e colar — bio do Instagram, WhatsApp…. Copy and paste stylish Unicode fonts and symbols for bios, captions, usernames and posts —…",https://ultratextgen.com/pt/letra-tachada/?utm_source=pinterest&utm_medium=social&utm_campaign=organic_pins&utm_content=pt-letra-tachada,,"localized, gerador de letra tachada — t̶e̶x̶t̶o̶ ̶r̶i̶s̶c̶a̶d̶o̶ para copiar, fancy text generator, copy paste fonts, unicode fonts, copy and paste, ultratextgen"
Letras Aesthetic — Copy and Paste Fonts — UltraTextGen,https://ultratextgen.com/assets/pinterest/pt-letras-aesthetic.png,International Fancy Font Generators,,"Letras Aesthetic. Fontes aesthetic para copiar e colar. Copy and paste stylish Unicode fonts and symbols for bios, captions, usernames and posts — free, fast and right in your browser with UltraTextGen.",https://ultratextgen.com/pt/letras-aesthetic/?utm_source=pinterest&utm_medium=social&utm_campaign=organic_pins&utm_content=pt-letras-aesthetic,,"localized, letras aesthetic, fancy text generator, copy paste fonts, unicode fonts, copy and paste, ultratextgen"
Letras Diferentes — Copy and Paste Fonts,https://ultratextgen.com/assets/pinterest/pt-letras-diferentes.png,International Fancy Font Generators,,"Letras Diferentes. Fontes para copiar e colar em qualquer app. Copy and paste stylish Unicode fonts and symbols for bios, captions, usernames and posts — free, fast and right in your browser with UltraTextGen.",https://ultratextgen.com/pt/letras-diferentes/?utm_source=pinterest&utm_medium=social&utm_campaign=organic_pins&utm_content=pt-letras-diferentes,,"localized, letras diferentes, fancy text generator, copy paste fonts, unicode fonts, copy and paste, ultratextgen"
Gerador de Letras Itálicas — 𝘭𝘦𝘵𝘳𝘢𝘴 𝘪𝘵𝘢𝘭𝘪𝘤𝘢𝘴 para Copiar — Copy and Paste Fonts,https://ultratextgen.com/assets/pinterest/pt-letras-italicas.png,International Fancy Font Generators,,"Gerador de Letras Itálicas — 𝘭𝘦𝘵𝘳𝘢𝘴 𝘪𝘵𝘢𝘭𝘪𝘤𝘢𝘴 para Copiar. Gerador de letras itálicas grátis: transforme texto em letras itálicas Unicode para copiar e colar — bio do Instagram, WhatsApp, TikTok…. Copy and paste stylish Unicode fonts and symbols for bios, captions, usernames and posts — free,…",https://ultratextgen.com/pt/letras-italicas/?utm_source=pinterest&utm_medium=social&utm_campaign=organic_pins&utm_content=pt-letras-italicas,,"localized, gerador de letras itálicas — 𝘭𝘦𝘵𝘳𝘢𝘴 𝘪𝘵𝘢𝘭𝘪𝘤𝘢𝘴 para copiar, fancy text generator, copy paste fonts, unicode fonts, copy and paste, ultratextgen"
Gerador de Letras em Negrito — 𝐥𝐞𝐭𝐫𝐚𝐬 𝐞𝐦 𝐧𝐞𝐠𝐫𝐢𝐭𝐨 para Copiar — Copy and Paste Fonts,https://ultratextgen.com/assets/pinterest/pt-letras-negrito.png,International Fancy Font Generators,,"Gerador de Letras em Negrito — 𝐥𝐞𝐭𝐫𝐚𝐬 𝐞𝐦 𝐧𝐞𝐠𝐫𝐢𝐭𝐨 para Copiar. Gerador de letras em negrito grátis: transforme texto em letras Unicode em negrito para copiar e colar — bio do Instagram, WhatsApp…. Copy and paste stylish Unicode fonts and symbols for bios, captions, usernames and posts — free,…",https://ultratextgen.com/pt/letras-negrito/?utm_source=pinterest&utm_medium=social&utm_campaign=organic_pins&utm_content=pt-letras-negrito,,"localized, gerador de letras em negrito — 𝐥𝐞𝐭𝐫𝐚𝐬 𝐞𝐦 𝐧𝐞𝐠𝐫𝐢𝐭𝐨 para copiar, fancy text generator, copy paste fonts, unicode fonts, copy and paste, ultratextgen"
Letras para Copiar e Colar (𝓁ℯ𝓉𝓇𝒶𝓈 𝕡𝕒𝕣𝕒 𝕔𝕠𝕡𝕚𝕒𝕣) — Gerador Grátis — Copy and Paste Fonts,https://ultratextgen.com/assets/pinterest/pt-letras-para-copiar.png,International Fancy Font Generators,,"Letras para Copiar e Colar (𝓁ℯ𝓉𝓇𝒶𝓈 𝕡𝕒𝕣𝕒 𝕔𝕠𝕡𝕚𝕒𝕣) — Gerador Grátis. Letras para copiar e colar: todos os estilos Unicode num só lugar — negrito, cursiva, gótica, bubble, small caps e mais. Digita, copia e…. Copy and paste stylish Unicode fonts and symbols for bios, captions, usernames and posts —…",https://ultratextgen.com/pt/letras-para-copiar/?utm_source=pinterest&utm_medium=social&utm_campaign=organic_pins&utm_content=pt-letras-para-copiar,,"localized, letras para copiar e colar (𝓁ℯ𝓉𝓇𝒶𝓈 𝕡𝕒𝕣𝕒 𝕔𝕠𝕡𝕚𝕒𝕣) — gerador grátis, fancy text generator, copy paste fonts, unicode fonts, copy and paste, ultratextgen"
Letra Pequena — Copy and Paste Fonts — UltraTextGen,https://ultratextgen.com/assets/pinterest/pt-letras-pequenas.png,International Fancy Font Generators,,"Letra Pequena. Texto pequeno para copiar e colar. Copy and paste stylish Unicode fonts and symbols for bios, captions, usernames and posts — free, fast and right in your browser with UltraTextGen.",https://ultratextgen.com/pt/letras-pequenas/?utm_source=pinterest&utm_medium=social&utm_campaign=organic_pins&utm_content=pt-letras-pequenas,,"localized, letra pequena, fancy text generator, copy paste fonts, unicode fonts, copy and paste, ultratextgen"
Alfabeto Grego: Copiar e Colar α β Δ Σ Ω π — Copy and Paste Fonts,https://ultratextgen.com/assets/pinterest/pt-library-alfabeto-grego.png,International Fancy Font Generators,,"Alfabeto Grego: Copiar e Colar α β Δ Σ Ω π. Copie e cole todas as letras gregas — maiúsculas, minúsculas e variantes matemáticas como alpha, beta, delta, sigma, ômega e pi. Clique…. Copy and paste stylish Unicode fonts and symbols for bios, captions, usernames and posts — free, fast and right in…",https://ultratextgen.com/pt/library/alfabeto-grego/?utm_source=pinterest&utm_medium=social&utm_campaign=organic_pins&utm_content=pt-library-alfabeto-grego,,"localized, alfabeto grego: copiar e colar α β δ σ ω π, fancy text generator, copy paste fonts, unicode fonts, copy and paste, ultratextgen"
Kaomoji de Gato (=^・ω・^=): Copiar e Colar Carinhas de Gatinho Fofo — Copy and Paste Fonts,https://ultratextgen.com/assets/pinterest/pt-library-cat-kaomoji.png,International Fancy Font Generators,,"Kaomoji de Gato (=^・ω・^=): Copiar e Colar Carinhas de Gatinho Fofo. Explore e copie kaomoji de gato (=^・ω・^=) — carinhas de texto japonesas de gatinhos fofos com bigodes e patinhas. Gatos felizes, tristes…. Copy and paste stylish Unicode fonts and symbols for bios, captions, usernames and posts…",https://ultratextgen.com/pt/library/cat-kaomoji/?utm_source=pinterest&utm_medium=social&utm_campaign=organic_pins&utm_content=pt-library-cat-kaomoji,,"localized, kaomoji de gato (=^・ω・^=): copiar e colar carinhas de gatinho fofo, fancy text generator, copy paste fonts, unicode fonts, copy and paste, ultratextgen"
Códigos Alt: Lista Completa dos Códigos de Símbolos do Teclado — Copy and Paste Fonts,https://ultratextgen.com/assets/pinterest/pt-library-codigos-alt.png,International Fancy Font Generators,,"Códigos Alt: Lista Completa dos Códigos de Símbolos do Teclado. Lista completa de códigos Alt do teclado — Alt+0169 para ©, moeda, matemática, letras acentuadas e símbolos clássicos do DOS. Clique em…. Copy and paste stylish Unicode fonts and symbols for bios, captions, usernames and posts —…",https://ultratextgen.com/pt/library/codigos-alt/?utm_source=pinterest&utm_medium=social&utm_campaign=organic_pins&utm_content=pt-library-codigos-alt,,"localized, códigos alt: lista completa dos códigos de símbolos do teclado, fancy text generator, copy paste fonts, unicode fonts, copy and paste, ultratextgen"
Kaomoji Fofos (◕‿◕): Copiar e Colar Carinhas Kawaii — Copy and Paste Fonts,https://ultratextgen.com/assets/pinterest/pt-library-cute-kaomoji.png,International Fancy Font Generators,,"Kaomoji Fofos (◕‿◕): Copiar e Colar Carinhas Kawaii. Explore e copie kaomoji fofos (◕‿◕) — carinhas de texto japonesas kawaii com olhos brilhantes, bochechas coradas e bichinhos. Clique…. Copy and paste stylish Unicode fonts and symbols for bios, captions, usernames and posts — free, fast and…",https://ultratextgen.com/pt/library/cute-kaomoji/?utm_source=pinterest&utm_medium=social&utm_campaign=organic_pins&utm_content=pt-library-cute-kaomoji,,"localized, kaomoji fofos (◕‿◕): copiar e colar carinhas kawaii, fancy text generator, copy paste fonts, unicode fonts, copy and paste, ultratextgen"
Emoji de Bandeiras — Copy and Paste Fonts,https://ultratextgen.com/assets/pinterest/pt-library-emoji-flags.png,International Fancy Font Generators,,"Emoji de Bandeiras. Bandeiras de todos os países. Copy and paste stylish Unicode fonts and symbols for bios, captions, usernames and posts — free, fast and right in your browser with UltraTextGen.",https://ultratextgen.com/pt/library/emoji-flags/?utm_source=pinterest&utm_medium=social&utm_campaign=organic_pins&utm_content=pt-library-emoji-flags,,"localized, emoji de bandeiras, fancy text generator, copy paste fonts, unicode fonts, copy and paste, ultratextgen"
Kaomoji Felizes (◠‿◠): Copiar e Colar Carinhas Alegres — Copy and Paste Fonts,https://ultratextgen.com/assets/pinterest/pt-library-happy-kaomoji.png,International Fancy Font Generators,,"Kaomoji Felizes (◠‿◠): Copiar e Colar Carinhas Alegres. Explore e copie kaomoji felizes (◠‿◠) — carinhas de texto japonesas que sorriem, comemoram e estão alegres. Clique para copiar na hora. Copy and paste stylish Unicode fonts and symbols for bios, captions, usernames and posts — free, fast…",https://ultratextgen.com/pt/library/happy-kaomoji/?utm_source=pinterest&utm_medium=social&utm_campaign=organic_pins&utm_content=pt-library-happy-kaomoji,,"localized, kaomoji felizes (◠‿◠): copiar e colar carinhas alegres, fancy text generator, copy paste fonts, unicode fonts, copy and paste, ultratextgen"
"Símbolos para Copiar e Colar — Biblioteca de Símbolos, Emojis e Kaomoji — Copy and",https://ultratextgen.com/assets/pinterest/pt-library.png,International Fancy Font Generators,,"Símbolos para Copiar e Colar — Biblioteca de Símbolos, Emojis e Kaomoji. Biblioteca de símbolos para copiar e colar — símbolos aesthetic, corações, estrelas, setas, check, alfabeto grego, kaomoji e emoji…. Copy and paste stylish Unicode fonts and symbols for bios, captions, usernames and posts —…",https://ultratextgen.com/pt/library/?utm_source=pinterest&utm_medium=social&utm_campaign=organic_pins&utm_content=pt-library,,"localized, símbolos para copiar e colar — biblioteca de símbolos, emojis e kaomoji, fancy text generator, copy paste fonts, unicode fonts, copy and paste, ultratextgen"
Kaomoji — Carinhas Japonesas para Copiar e Colar — Copy and Paste Fonts,https://ultratextgen.com/assets/pinterest/pt-library-kaomoji.png,International Fancy Font Generators,,"Kaomoji — Carinhas Japonesas para Copiar e Colar. Kaomoji e carinhas japonesas para copiar e colar: carinhas feliz, triste, de dar de ombros, fofas, de amor, animais e Lenny faces. Toque…. Copy and paste stylish Unicode fonts and symbols for bios, captions, usernames and posts — free, fast and…",https://ultratextgen.com/pt/library/kaomoji/?utm_source=pinterest&utm_medium=social&utm_campaign=organic_pins&utm_content=pt-library-kaomoji,,"localized, kaomoji — carinhas japonesas para copiar e colar, fancy text generator, copy paste fonts, unicode fonts, copy and paste, ultratextgen"
