Title,Media URL,Pinterest board,Thumbnail,Description,Link,Publish date,Keywords
掛け算の記号（×）— コピペで使う「かける」の記号 — Copy and Paste Fonts,https://ultratextgen.com/assets/pinterest/ja-symbol-multiplication-sign.png,International Fancy Font Generators,,"掛け算の記号（×）— コピペで使う「かける」の記号. 掛け算の記号（×）をコピペ。1631年が起源の由来、アルファベットの x や中点（⋅）との違い、入力方法まで。記号をクリックするとすぐにコピーできます。. Copy and paste stylish Unicode fonts and symbols for bios, captions, usernames and posts — free, fast and right in your browser with UltraTextGen.",https://ultratextgen.com/ja/symbol/multiplication-sign/?utm_source=pinterest&utm_medium=social&utm_campaign=organic_pins&utm_content=ja-symbol-multiplication-sign,,"localized, 掛け算の記号（×）— コピペで使う「かける」の記号, fancy text generator, copy paste fonts, unicode fonts, copy and paste, ultratextgen"
ルート記号（√）— 平方根の記号の意味・由来・入力方法とコピペ — Copy and Paste Fonts,https://ultratextgen.com/assets/pinterest/ja-symbol-square-root.png,International Fancy Font Generators,,"ルート記号（√）— 平方根の記号の意味・由来・入力方法とコピペ. 平方根の記号 √ (U+221A) を解説。1525年が起源の由来、意味、Windows・Macでの入力方法、ネットで安全に使える場所まで。ルート記号をクリックでコピーできます。. Copy and paste stylish Unicode fonts and symbols for bios, captions, usernames and posts — free, fast and right in your browser with UltraTextGen.",https://ultratextgen.com/ja/symbol/square-root/?utm_source=pinterest&utm_medium=social&utm_campaign=organic_pins&utm_content=ja-symbol-square-root,,"localized, ルート記号（√）— 平方根の記号の意味・由来・入力方法とコピペ, fancy text generator, copy paste fonts, unicode fonts, copy and paste, ultratextgen"
2乗・3乗の記号（² ³）— コピペで使う上付き数字 — Copy and Paste Fonts,https://ultratextgen.com/assets/pinterest/ja-symbol-squared-cubed.png,International Fancy Font Generators,,"2乗・3乗の記号（² ³）— コピペで使う上付き数字. 2乗（²）と3乗（³）の記号をコピペ。累乗や、m²・cm³ のような単位の略記に使う上付き数字と、なぜほぼどこでも表示されるのかを解説。クリックでコピーできます。. Copy and paste stylish Unicode fonts and symbols for bios, captions, usernames and posts — free, fast and right in your browser with UltraTextGen.",https://ultratextgen.com/ja/symbol/squared-cubed/?utm_source=pinterest&utm_medium=social&utm_campaign=organic_pins&utm_content=ja-symbol-squared-cubed,,"localized, 2乗・3乗の記号（² ³）— コピペで使う上付き数字, fancy text generator, copy paste fonts, unicode fonts, copy and paste, ultratextgen"
TikTok フォント: プロフ・名前・キャプションに使えるおしゃれ文字 — Copy and Paste Fonts,https://ultratextgen.com/assets/pinterest/ja-tiktok-font.png,International Fancy Font Generators,,"TikTok フォント: プロフ・名前・キャプションに使えるおしゃれ文字. TikTok フォントを無料で作成: 入力した文字を 𝗕𝗼𝗹𝗱・𝘐𝘵𝘢𝘭𝘪𝘤・𝓼𝓬𝓻𝓲𝓹𝓽 などのおしゃれ文字に変換して、プロフィール・名前・キャプション・コメントにコピペ。TikTok 用のかわいい文字がアプリ不要で使えます。. Copy and paste stylish Unicode fonts and symbols for bios, captions, usernames and posts — free, fast and right in your browser with UltraTextGen.",https://ultratextgen.com/ja/tiktok-font/?utm_source=pinterest&utm_medium=social&utm_campaign=organic_pins&utm_content=ja-tiktok-font,,"localized, tiktok フォント: プロフ・名前・キャプションに使えるおしゃれ文字, fancy text generator, copy paste fonts, unicode fonts, copy and paste, ultratextgen"
プロフィール文字装飾 — Copy and Paste Fonts — UltraTextGen,https://ultratextgen.com/assets/pinterest/ja-usecase-bio-font.png,International Fancy Font Generators,,"プロフィール文字装飾. インスタプロフィール用のフォントと記号. Copy and paste stylish Unicode fonts and symbols for bios, captions, usernames and posts — free, fast and right in your browser with UltraTextGen.",https://ultratextgen.com/ja/usecase/bio-font/?utm_source=pinterest&utm_medium=social&utm_campaign=organic_pins&utm_content=ja-usecase-bio-font,,"localized, プロフィール文字装飾, fancy text generator, copy paste fonts, unicode fonts, copy and paste, ultratextgen"
縦書きジェネレーター — 縦読み・縦文字をコピペで作成 — Copy and Paste Fonts,https://ultratextgen.com/assets/pinterest/ja-usecase-vertical-text.png,International Fancy Font Generators,,"縦書きジェネレーター — 縦読み・縦文字をコピペで作成. 無料の縦書きジェネレーター。文字を上から下へ1文字ずつ積み上げた縦読みテキストを作成して、インスタのプロフィールやTikTok、X、Discordにコピペ。日本語対応、レイアウト12種類。. Copy and paste stylish Unicode fonts and symbols for bios, captions, usernames and posts — free, fast and right in your browser with UltraTextGen.",https://ultratextgen.com/ja/usecase/vertical-text/?utm_source=pinterest&utm_medium=social&utm_campaign=organic_pins&utm_content=ja-usecase-vertical-text,,"localized, 縦書きジェネレーター — 縦読み・縦文字をコピペで作成, fancy text generator, copy paste fonts, unicode fonts, copy and paste, ultratextgen"
폰트 변환 — 감성·예쁜 글씨체 생성기 (복사 붙여넣기) — Copy and Paste Fonts,https://ultratextgen.com/assets/pinterest/ko-font-byeonhwan.png,International Fancy Font Generators,,"폰트 변환 — 감성·예쁜 글씨체 생성기 (복사 붙여넣기). 무료 폰트 변환 도구. 입력한 글자를 필기체·고딕·전각·버블·작은 대문자 등 모든 유니코드 스타일로 한 번에 변환해서 복붙. 인스타·틱톡·X의 SNS 표시 이름과 프로필, 영문 아이디 꾸미기에 딱. 가입 없이. Copy and paste stylish Unicode fonts and symbols for bios, captions, usernames and posts — free, fast and right in your browser with UltraTextGen.",https://ultratextgen.com/ko/font-byeonhwan/?utm_source=pinterest&utm_medium=social&utm_campaign=organic_pins&utm_content=ko-font-byeonhwan,,"localized, 폰트 변환 — 감성·예쁜 글씨체 생성기 (복사 붙여넣기), fancy text generator, copy paste fonts, unicode fonts, copy and paste, ultratextgen"
감성 글씨체 변환 — SNS 표시 이름·프로필 감성 글씨 복사 — Copy and Paste Fonts,https://ultratextgen.com/assets/pinterest/ko-gamseong-moji.png,International Fancy Font Generators,,"감성 글씨체 변환 — SNS 표시 이름·프로필 감성 글씨 복사. 무료 감성 글씨체 변환 도구. 이름이나 문구를 부드럽고 감성적인 유니코드 글씨체로 순식간에 바꿔 복붙. 인스타·틱톡·X의 SNS 표시 이름과 프로필, 영문 아이디에 딱. 가입 없이. Copy and paste stylish Unicode fonts and symbols for bios, captions, usernames and posts — free, fast and right in your browser with UltraTextGen.",https://ultratextgen.com/ko/gamseong-moji/?utm_source=pinterest&utm_medium=social&utm_campaign=organic_pins&utm_content=ko-gamseong-moji,,"localized, 감성 글씨체 변환 — sns 표시 이름·프로필 감성 글씨 복사, fancy text generator, copy paste fonts, unicode fonts, copy and paste, ultratextgen"
"디스코드 닉네임, 필터·접근성 문제 없이 꾸미는 법 — Copy and Paste Fonts",https://ultratextgen.com/assets/pinterest/ko-guide-discord-nikneim-anjeon.png,International Fancy Font Generators,,"디스코드 닉네임, 필터·접근성 문제 없이 꾸미는 법. 꾸민 디스코드 닉네임도 세 가지 숨은 관문 — 멤버 목록, @멘션, 사칭 필터 — 에서 걸릴 수 있습니다. 세련되고 읽기 쉬우면서도 온전히 내 것인 닉네임을 유지하는 방법을 알아보세요. Copy and paste stylish Unicode fonts and symbols for bios, captions, usernames and posts — free, fast and right in your browser with UltraTextGen.",https://ultratextgen.com/ko/guide/discord-nikneim-anjeon/?utm_source=pinterest&utm_medium=social&utm_campaign=organic_pins&utm_content=ko-guide-discord-nikneim-anjeon,,"localized, 디스코드 닉네임, 필터·접근성 문제 없이 꾸미는 법, fancy text generator, copy paste fonts, unicode fonts, copy and paste, ultratextgen"
디스코드에서 폰트가 되는 곳: 칸별 권한 지도 — Copy and Paste Fonts,https://ultratextgen.com/assets/pinterest/ko-guide-discord-ponteu-jiwon.png,International Fancy Font Generators,,"디스코드에서 폰트가 되는 곳: 칸별 권한 지도. 왜 디스코드가 사용자명이 잘못됐다고 하는지, 왜 채널 이름의 대문자가 사라지는지, 그리고 정확히 어떤 칸이 유니코드 폰트를 받아들이는지 — 하나의 칸별 권한 표가 시행착오를 끝냅니다. Copy and paste stylish Unicode fonts and symbols for bios, captions, usernames and posts — free, fast and right in your browser with UltraTextGen.",https://ultratextgen.com/ko/guide/discord-ponteu-jiwon/?utm_source=pinterest&utm_medium=social&utm_campaign=organic_pins&utm_content=ko-guide-discord-ponteu-jiwon,,"localized, 디스코드에서 폰트가 되는 곳: 칸별 권한 지도, fancy text generator, copy paste fonts, unicode fonts, copy and paste, ultratextgen"
디스코드 폰트·서식 완벽 해설: 마크다운 vs 유니코드 vs 니트로 — Copy and Paste Fonts,https://ultratextgen.com/assets/pinterest/ko-guide-discord-tekseuteu-seosik.png,International Fancy Font Generators,,"디스코드 폰트·서식 완벽 해설: 마크다운 vs 유니코드 vs 니트로. 왜 볼드체는 디스코드 채팅에서는 되는데 사용자명에서는 안 될까요 — 디스코드가 쓰는 세 가지 다른 텍스트 시스템(마크다운, 유니코드 폰트, 니트로)과 각각을 언제 써야 하는지 정확히 알려드립니다. Copy and paste stylish Unicode fonts and symbols for bios, captions, usernames and posts — free, fast and right in your browser with UltraTextGen.",https://ultratextgen.com/ko/guide/discord-tekseuteu-seosik/?utm_source=pinterest&utm_medium=social&utm_campaign=organic_pins&utm_content=ko-guide-discord-tekseuteu-seosik,,"localized, 디스코드 폰트·서식 완벽 해설: 마크다운 vs 유니코드 vs 니트로, fancy text generator, copy paste fonts, unicode fonts, copy and paste, ultratextgen"
UltraTextGen 가이드 — 디스코드 폰트·서식 완전 정복 — Copy and Paste Fonts,https://ultratextgen.com/assets/pinterest/ko-guide.png,International Fancy Font Generators,,"UltraTextGen 가이드 — 디스코드 폰트·서식 완전 정복. UltraTextGen 한국어 가이드: 유니코드 폰트를 이해하고, 디스코드 닉네임과 서버를 안전하게 꾸미며, 각 칸에서 폰트가 어떻게 작동하는지 완전히 익혀보세요. Copy and paste stylish Unicode fonts and symbols for bios, captions, usernames and posts — free, fast and right in your browser with UltraTextGen.",https://ultratextgen.com/ko/guide/?utm_source=pinterest&utm_medium=social&utm_campaign=organic_pins&utm_content=ko-guide,,"localized, ultratextgen 가이드 — 디스코드 폰트·서식 완전 정복, fancy text generator, copy paste fonts, unicode fonts, copy and paste, ultratextgen"
특수문자 모음 — 닉네임·프로필 꾸미기 복사 붙여넣기 — Copy and Paste Fonts,https://ultratextgen.com/assets/pinterest/ko.png,International Fancy Font Generators,,"특수문자 모음 — 닉네임·프로필 꾸미기 복사 붙여넣기. 닉네임과 프로필을 꾸미는 특수문자 모음. 별·하트·화살표·꾸밈 괄호부터 감성 기호까지 종류별로 정리했습니다. 클릭 한 번으로 복사해서 인스타 바이오, 디스코드, 게임 닉네임에 바로 붙여넣으세요. Copy and paste stylish Unicode fonts and symbols for bios, captions, usernames and posts — free, fast and right in your browser with UltraTextGen.",https://ultratextgen.com/ko/?utm_source=pinterest&utm_medium=social&utm_campaign=organic_pins&utm_content=ko,,"localized, 특수문자 모음 — 닉네임·프로필 꾸미기 복사 붙여넣기, fancy text generator, copy paste fonts, unicode fonts, copy and paste, ultratextgen"
인스타 폰트 변환 — 프로필·이름·바이오 감성 글씨체 복사 — Copy and Paste Fonts,https://ultratextgen.com/assets/pinterest/ko-insta-font.png,International Fancy Font Generators,,"인스타 폰트 변환 — 프로필·이름·바이오 감성 글씨체 복사. 인스타 폰트를 무료로 변환. 텍스트를 𝗕𝗼𝗹𝗱·𝘐𝘵𝘢𝘭𝘪𝘤·𝓼𝓬𝓻𝓲𝓹𝓽 같은 감성 글씨체로 바꿔 프로필·이름·바이오·캡션·댓글에 복사해서 붙여넣으세요. 인스타가 받는 폰트와 사라지는 폰트까지 정리. 앱 설치 없이. Copy and paste stylish Unicode fonts and symbols for bios, captions, usernames and posts — free, fast and right in your browser with UltraTextGen.",https://ultratextgen.com/ko/insta-font/?utm_source=pinterest&utm_medium=social&utm_campaign=organic_pins&utm_content=ko-insta-font,,"localized, 인스타 폰트 변환 — 프로필·이름·바이오 감성 글씨체 복사, fancy text generator, copy paste fonts, unicode fonts, copy and paste, ultratextgen"
이름 꾸미기 ⋆｡˚ 닉네임 특수문자 — 인스타·틱톡·게임 복사 — Copy and Paste Fonts,https://ultratextgen.com/assets/pinterest/ko-ireum-kkumigi.png,International Fancy Font Generators,,"이름 꾸미기 ⋆｡˚ 닉네임 특수문자 — 인스타·틱톡·게임 복사. 이름 꾸미기 + 복사해서 바로 쓰는 닉네임 특수문자 모음. 예쁜 글씨체와 ⋆ ˚ ✧ ᥫ᭡ 기호로 만드는 감성 닉네임. 인스타, 틱톡, 게임 이름에 붙여넣기만 하세요. 무료. Copy and paste stylish Unicode fonts and symbols for bios, captions, usernames and posts — free, fast and right in your browser with UltraTextGen.",https://ultratextgen.com/ko/ireum-kkumigi/?utm_source=pinterest&utm_medium=social&utm_campaign=organic_pins&utm_content=ko-ireum-kkumigi,,"localized, 이름 꾸미기 ⋆｡˚ 닉네임 특수문자 — 인스타·틱톡·게임 복사, fancy text generator, copy paste fonts, unicode fonts, copy and paste, ultratextgen"
분수 기호 (½ ⅓ ¼) 모음 — 복사해서 쓰는 특수문자 — Copy and Paste Fonts,https://ultratextgen.com/assets/pinterest/ko-library-bunsu-giho.png,International Fancy Font Generators,,"분수 기호 (½ ⅓ ¼) 모음 — 복사해서 쓰는 특수문자. 분수 기호를 복사해서 붙여넣기. ½ ⅓ ¼ ⅛ 같은 기성 분수부터 위·아래 첨자와 분수 슬래시로 직접 만드는 분수까지 클릭 한 번으로 바로 복사됩니다. Copy and paste stylish Unicode fonts and symbols for bios, captions, usernames and posts — free, fast and right in your browser with UltraTextGen.",https://ultratextgen.com/ko/library/bunsu-giho/?utm_source=pinterest&utm_medium=social&utm_campaign=organic_pins&utm_content=ko-library-bunsu-giho,,"localized, 분수 기호 (½ ⅓ ¼) 모음 — 복사해서 쓰는 특수문자, fancy text generator, copy paste fonts, unicode fonts, copy and paste, ultratextgen"
별 기호 ★ 모음 — 복사해서 쓰는 별 특수문자와 반짝임 이모지 — Copy and Paste Fonts,https://ultratextgen.com/assets/pinterest/ko-library-byeol-giho.png,International Fancy Font Generators,,"별 기호 ★ 모음 — 복사해서 쓰는 별 특수문자와 반짝임 이모지. 별 기호와 반짝임 특수문자, 별 이모지를 모양·용도별로 한눈에. 클릭 한 번으로 복사되어 인스타 프로필·닉네임·디스코드 이름 꾸미기에 그대로 붙여 쓸 수 있습니다. Copy and paste stylish Unicode fonts and symbols for bios, captions, usernames and posts — free, fast and right in your browser with UltraTextGen.",https://ultratextgen.com/ko/library/byeol-giho/?utm_source=pinterest&utm_medium=social&utm_campaign=organic_pins&utm_content=ko-library-byeol-giho,,"localized, 별 기호 ★ 모음 — 복사해서 쓰는 별 특수문자와 반짝임 이모지, fancy text generator, copy paste fonts, unicode fonts, copy and paste, ultratextgen"
단위 기호 (℃ ℉ µ ∠) 모음 — 복사해서 쓰는 특수문자 — Copy and Paste Fonts,https://ultratextgen.com/assets/pinterest/ko-library-danwi-giho.png,International Fancy Font Generators,,"단위 기호 (℃ ℉ µ ∠) 모음 — 복사해서 쓰는 특수문자. 단위 기호를 복사해서 붙여넣기. 섭씨(℃)·화씨(℉) 온도 기호, 각도 기호(∠), 마이크로 기호(µ), 옴(Ω), ㎏·㎜ 같은 미터법 단위 문자까지 클릭 한 번으로 바로 복사됩니다. Copy and paste stylish Unicode fonts and symbols for bios, captions, usernames and posts — free, fast and right in your browser with UltraTextGen.",https://ultratextgen.com/ko/library/danwi-giho/?utm_source=pinterest&utm_medium=social&utm_campaign=organic_pins&utm_content=ko-library-danwi-giho,,"localized, 단위 기호 (℃ ℉ µ ∠) 모음 — 복사해서 쓰는 특수문자, fancy text generator, copy paste fonts, unicode fonts, copy and paste, ultratextgen"
디스코드 특수문자 ▸ 복사 — 채널·서버·닉네임 꾸미기 기호 모음 — Copy and Paste Fonts,https://ultratextgen.com/assets/pinterest/ko-library-discord-giho.png,International Fancy Font Generators,,"디스코드 특수문자 ▸ 복사 — 채널·서버·닉네임 꾸미기 기호 모음. 디스코드 특수문자를 복사해서 채널 이름, 서버 이름, 닉네임, 프로필을 꾸며보세요. 화살표 ▸ ➤, 구분선 ┊ │, 별 ✦, 하트 ♡ 등 어디서나 깨지지 않는 유니코드 기호를 한 번에 복사할 수 있습니다. Copy and paste stylish Unicode fonts and symbols for bios, captions, usernames and posts — free, fast and right in your browser with UltraTextGen.",https://ultratextgen.com/ko/library/discord-giho/?utm_source=pinterest&utm_medium=social&utm_campaign=organic_pins&utm_content=ko-library-discord-giho,,"localized, 디스코드 특수문자 ▸ 복사 — 채널·서버·닉네임 꾸미기 기호 모음, fancy text generator, copy paste fonts, unicode fonts, copy and paste, ultratextgen"
도형 기호 (△ ○ □ ◇) 모음 — 복사해서 쓰는 특수문자 — Copy and Paste Fonts,https://ultratextgen.com/assets/pinterest/ko-library-dohyeong-giho.png,International Fancy Font Generators,,"도형 기호 (△ ○ □ ◇) 모음 — 복사해서 쓰는 특수문자. 도형 기호를 복사해서 붙여넣기. 동그라미, 네모, 삼각형, 마름모, 육각형과 불릿 기호까지 클릭 한 번으로 바로 복사됩니다. Copy and paste stylish Unicode fonts and symbols for bios, captions, usernames and posts — free, fast and right in your browser with UltraTextGen.",https://ultratextgen.com/ko/library/dohyeong-giho/?utm_source=pinterest&utm_medium=social&utm_campaign=organic_pins&utm_content=ko-library-dohyeong-giho,,"localized, 도형 기호 (△ ○ □ ◇) 모음 — 복사해서 쓰는 특수문자, fancy text generator, copy paste fonts, unicode fonts, copy and paste, ultratextgen"
음악 기호 (♪ ♫ ♭ ♯) 모음 — 복사해서 쓰는 특수문자 — Copy and Paste Fonts,https://ultratextgen.com/assets/pinterest/ko-library-eumak-giho.png,International Fancy Font Generators,,"음악 기호 (♪ ♫ ♭ ♯) 모음 — 복사해서 쓰는 특수문자. 음악 기호를 복사해서 붙여넣기. 음표(♪ ♫ ♬), 음자리표, 올림표·내림표(♯ ♭), 쉼표, 악기 이모지(🎸🎹🎤)까지 클릭 한 번으로 바로 복사됩니다. Copy and paste stylish Unicode fonts and symbols for bios, captions, usernames and posts — free, fast and right in your browser with UltraTextGen.",https://ultratextgen.com/ko/library/eumak-giho/?utm_source=pinterest&utm_medium=social&utm_campaign=organic_pins&utm_content=ko-library-eumak-giho,,"localized, 음악 기호 (♪ ♫ ♭ ♯) 모음 — 복사해서 쓰는 특수문자, fancy text generator, copy paste fonts, unicode fonts, copy and paste, ultratextgen"
페이스북 특수문자 ▸ 복사 — 반응 이모지·하트·별 모음 — Copy and Paste Fonts,https://ultratextgen.com/assets/pinterest/ko-library-facebook-giho.png,International Fancy Font Generators,,"페이스북 특수문자 ▸ 복사 — 반응 이모지·하트·별 모음. 페이스북 특수문자를 복사해서 게시물, 댓글, 소개, 페이지 이름을 꾸며보세요. 좋아요·최고예요 등 반응 이모지, 하트 ♡, 별 ★, 구분선까지 어디서나 깨지지 않는 유니코드 기호를 한 번에 복사할 수 있습니다. Copy and paste stylish Unicode fonts and symbols for bios, captions, usernames and posts — free, fast and right in your browser with UltraTextGen.",https://ultratextgen.com/ko/library/facebook-giho/?utm_source=pinterest&utm_medium=social&utm_campaign=organic_pins&utm_content=ko-library-facebook-giho,,"localized, 페이스북 특수문자 ▸ 복사 — 반응 이모지·하트·별 모음, fancy text generator, copy paste fonts, unicode fonts, copy and paste, ultratextgen"
감성 특수문자 · 예쁜 기호 모음 — 프로필 · 닉네임 꾸미기 복사 — Copy and Paste Fonts,https://ultratextgen.com/assets/pinterest/ko-library-gamseong-giho.png,International Fancy Font Generators,,"감성 특수문자 · 예쁜 기호 모음 — 프로필 · 닉네임 꾸미기 복사. 감성 특수문자와 예쁜 기호를 종류별로 모았습니다. 반짝이·하트·꽃·구분선·괄호 기호를 클릭 한 번으로 복사해서 인스타 프로필, 닉네임, 디스코드 상태 메시지 꾸미기에 바로 붙여넣으세요. Copy and paste stylish Unicode fonts and symbols for bios, captions, usernames and posts — free, fast and right in your browser with UltraTextGen.",https://ultratextgen.com/ko/library/gamseong-giho/?utm_source=pinterest&utm_medium=social&utm_campaign=organic_pins&utm_content=ko-library-gamseong-giho,,"localized, 감성 특수문자 · 예쁜 기호 모음 — 프로필 · 닉네임 꾸미기 복사, fancy text generator, copy paste fonts, unicode fonts, copy and paste, ultratextgen"
그리스 문자 (α β Δ Σ Ω π) 모음 — 복사해서 쓰는 특수문자 — Copy and Paste Fonts,https://ultratextgen.com/assets/pinterest/ko-library-geurisa-munja.png,International Fancy Font Generators,,"그리스 문자 (α β Δ Σ Ω π) 모음 — 복사해서 쓰는 특수문자. 그리스 문자를 복사해서 붙여넣기. 알파(α)·베타(β)·파이(π)·시그마(Σ)·오메가(Ω)까지 대문자·소문자 전체와 수학 변형 기호를 클릭 한 번으로 바로 복사합니다. Copy and paste stylish Unicode fonts and symbols for bios, captions, usernames and posts — free, fast and right in your browser with UltraTextGen.",https://ultratextgen.com/ko/library/geurisa-munja/?utm_source=pinterest&utm_medium=social&utm_campaign=organic_pins&utm_content=ko-library-geurisa-munja,,"localized, 그리스 문자 (α β δ σ ω π) 모음 — 복사해서 쓰는 특수문자, fancy text generator, copy paste fonts, unicode fonts, copy and paste, ultratextgen"
구분선 기호 (─ ━ ═) 모음 — 복사해서 쓰는 특수문자 — Copy and Paste Fonts,https://ultratextgen.com/assets/pinterest/ko-library-gubunseon-giho.png,International Fancy Font Generators,,"구분선 기호 (─ ━ ═) 모음 — 복사해서 쓰는 특수문자. 가로선 ─ ━, 세로선 │ ┃, 장식 구분선, 파선, 박스 그리기 문자, 밑줄까지 복사해서 붙여넣기. 텍스트를 깔끔하게 나눠 주는 유니코드 구분선을 클릭 한 번으로 복사하세요. Copy and paste stylish Unicode fonts and symbols for bios, captions, usernames and posts — free, fast and right in your browser with UltraTextGen.",https://ultratextgen.com/ko/library/gubunseon-giho/?utm_source=pinterest&utm_medium=social&utm_campaign=organic_pins&utm_content=ko-library-gubunseon-giho,,"localized, 구분선 기호 (─ ━ ═) 모음 — 복사해서 쓰는 특수문자, fancy text generator, copy paste fonts, unicode fonts, copy and paste, ultratextgen"
괄호 기호 (() [] {} 「」) 모음 — 복사해서 쓰는 특수문자 — Copy and Paste Fonts,https://ultratextgen.com/assets/pinterest/ko-library-gwalho-giho.png,International Fancy Font Generators,,"괄호 기호 (() [] {} 「」) 모음 — 복사해서 쓰는 특수문자. 소괄호 () 대괄호 [] 중괄호 {}부터 한국어 낫표 「」 『』, 수학·장식 괄호, 화살괄호 《》까지 복사해서 붙여넣기. 원하는 괄호를 클릭하면 바로 복사됩니다. Copy and paste stylish Unicode fonts and symbols for bios, captions, usernames and posts — free, fast and right in your browser with UltraTextGen.",https://ultratextgen.com/ko/library/gwalho-giho/?utm_source=pinterest&utm_medium=social&utm_campaign=organic_pins&utm_content=ko-library-gwalho-giho,,"localized, 괄호 기호 (() [] {} 「」) 모음 — 복사해서 쓰는 특수문자, fancy text generator, copy paste fonts, unicode fonts, copy and paste, ultratextgen"
엑스 표시 & 십자가 기호 (✗ ✕ ✝) 모음 — 복사해서 쓰는 특수문자 — Copy and Paste Fonts,https://ultratextgen.com/assets/pinterest/ko-library-gyocha-giho.png,International Fancy Font Generators,,"엑스 표시 & 십자가 기호 (✗ ✕ ✝) 모음 — 복사해서 쓰는 특수문자. 엑스 표시(✗ ✕ ✘ ❌)와 십자가 기호(✝ ☦ ✠)를 복사해서 붙여넣기. 곱셈 X, 체크리스트용 X 표시, 종교·장식 십자가, 단검, 경고·취소 표시까지 클릭 한 번으로 바로 복사됩니다. Copy and paste stylish Unicode fonts and symbols for bios, captions, usernames and posts — free, fast and right in your browser with UltraTextGen.",https://ultratextgen.com/ko/library/gyocha-giho/?utm_source=pinterest&utm_medium=social&utm_campaign=organic_pins&utm_content=ko-library-gyocha-giho,,"localized, 엑스 표시 & 십자가 기호 (✗ ✕ ✝) 모음 — 복사해서 쓰는 특수문자, fancy text generator, copy paste fonts, unicode fonts, copy and paste, ultratextgen"
하트 기호 ♥ 모음 — 복사해서 쓰는 하트 특수문자·이모지 — Copy and Paste Fonts,https://ultratextgen.com/assets/pinterest/ko-library-hateu-giho.png,International Fancy Font Generators,,"하트 기호 ♥ 모음 — 복사해서 쓰는 하트 특수문자·이모지. 하트 기호와 하트 이모지, 유니코드 하트 문자를 색상·스타일별로 모았습니다. 클릭 한 번으로 복사해서 인스타 프로필, 닉네임, 디스코드 특수문자로 바로 붙여넣으세요. Copy and paste stylish Unicode fonts and symbols for bios, captions, usernames and posts — free, fast and right in your browser with UltraTextGen.",https://ultratextgen.com/ko/library/hateu-giho/?utm_source=pinterest&utm_medium=social&utm_campaign=organic_pins&utm_content=ko-library-hateu-giho,,"localized, 하트 기호 ♥ 모음 — 복사해서 쓰는 하트 특수문자·이모지, fancy text generator, copy paste fonts, unicode fonts, copy and paste, ultratextgen"
화폐 기호 (₩ € ¥ $) 모음 — 복사해서 쓰는 특수문자 — Copy and Paste Fonts,https://ultratextgen.com/assets/pinterest/ko-library-hwapye-giho.png,International Fancy Font Generators,,"화폐 기호 (₩ € ¥ $) 모음 — 복사해서 쓰는 특수문자. 화폐 기호를 복사해서 붙여넣기. 원화(₩), 달러($), 유로(€), 엔·위안(¥), 파운드(£)를 비롯한 세계 각국의 통화 기호가 클릭 한 번으로 바로 복사됩니다. Copy and paste stylish Unicode fonts and symbols for bios, captions, usernames and posts — free, fast and right in your browser with UltraTextGen.",https://ultratextgen.com/ko/library/hwapye-giho/?utm_source=pinterest&utm_medium=social&utm_campaign=organic_pins&utm_content=ko-library-hwapye-giho,,"localized, 화폐 기호 (₩ € ¥ $) 모음 — 복사해서 쓰는 특수문자, fancy text generator, copy paste fonts, unicode fonts, copy and paste, ultratextgen"
화살표 기호 → ← ➤ 모음 — 복사해서 쓰는 특수문자 화살표 — Copy and Paste Fonts,https://ultratextgen.com/assets/pinterest/ko-library-hwasalpyo-giho.png,International Fancy Font Generators,,"화살표 기호 → ← ➤ 모음 — 복사해서 쓰는 특수문자 화살표. 화살표 기호와 화살표 특수문자를 방향·스타일별로 모았습니다. → ← ↑ ↓ ➤ ➜ ⇒ 같은 기호를 클릭 한 번으로 복사해 인스타 프로필, 닉네임, 디스코드에 바로 붙여넣으세요. Copy and paste stylish Unicode fonts and symbols for bios, captions, usernames and posts — free, fast and right in your browser with UltraTextGen.",https://ultratextgen.com/ko/library/hwasalpyo-giho/?utm_source=pinterest&utm_medium=social&utm_campaign=organic_pins&utm_content=ko-library-hwasalpyo-giho,,"localized, 화살표 기호 → ← ➤ 모음 — 복사해서 쓰는 특수문자 화살표, fancy text generator, copy paste fonts, unicode fonts, copy and paste, ultratextgen"
일본어 기호 (ひ カ 々) 모음 — 복사해서 쓰는 특수문자 — Copy and Paste Fonts,https://ultratextgen.com/assets/pinterest/ko-library-ilboneo-giho.png,International Fancy Font Generators,,"일본어 기호 (ひ カ 々) 모음 — 복사해서 쓰는 특수문자. 일본어 기호를 복사해서 붙여넣기. 히라가나(あ), 가타카나(ツ), 한자(桜·愛), 일본어 문장부호까지 클릭 한 번으로 바로 복사됩니다. Copy and paste stylish Unicode fonts and symbols for bios, captions, usernames and posts — free, fast and right in your browser with UltraTextGen.",https://ultratextgen.com/ko/library/ilboneo-giho/?utm_source=pinterest&utm_medium=social&utm_campaign=organic_pins&utm_content=ko-library-ilboneo-giho,,"localized, 일본어 기호 (ひ カ 々) 모음 — 복사해서 쓰는 특수문자, fancy text generator, copy paste fonts, unicode fonts, copy and paste, ultratextgen"
이모지 조합 — 프로필·닉네임에 바로 쓰는 감성 이모지 세트 (복붙) — Copy and Paste Fonts,https://ultratextgen.com/assets/pinterest/ko-library-imoji-johap.png,International Fancy Font Generators,,"이모지 조합 — 프로필·닉네임에 바로 쓰는 감성 이모지 세트 (복붙). 감성 이모지 조합 100종 이상을 복사·붙여넣기로. 소녀 감성, 코티지코어, 밤하늘, Y2K 등 인스타 프로필·닉네임·캡션·디스코드 상태 메시지에 딱 맞는 이모지 세트를 탭 한 번으로 복사하세요. Copy and paste stylish Unicode fonts and symbols for bios, captions, usernames and posts — free, fast and right in your browser with UltraTextGen.",https://ultratextgen.com/ko/library/imoji-johap/?utm_source=pinterest&utm_medium=social&utm_campaign=organic_pins&utm_content=ko-library-imoji-johap,,"localized, 이모지 조합 — 프로필·닉네임에 바로 쓰는 감성 이모지 세트 (복붙), fancy text generator, copy paste fonts, unicode fonts, copy and paste, ultratextgen"
이모티콘 특수문자 모음 — 복사해서 쓰는 텍스트 얼굴 (｡•́‿•̀｡) — Copy and Paste Fonts,https://ultratextgen.com/assets/pinterest/ko-library-imotikon.png,International Fancy Font Generators,,"이모티콘 특수문자 모음 — 복사해서 쓰는 텍스트 얼굴 (｡•́‿•̀｡). (◕‿◕) ¯\_(ツ)_/¯ 같은 텍스트 이모티콘(카오모지)과 ㅋㅋ ㅠㅠ 한글 자모 이모티콘을 감정별로 모았어요. 클릭 한 번으로 복사해서 인스타·디스코드 프로필, 닉네임, 카톡, 댓글에 바로 붙여넣기. Copy and paste stylish Unicode fonts and symbols for bios, captions, usernames and posts — free, fast and right in your browser with…",https://ultratextgen.com/ko/library/imotikon/?utm_source=pinterest&utm_medium=social&utm_campaign=organic_pins&utm_content=ko-library-imotikon,,"localized, 이모티콘 특수문자 모음 — 복사해서 쓰는 텍스트 얼굴 (｡•́‿•̀｡), fancy text generator, copy paste fonts, unicode fonts, copy and paste, ultratextgen"
기호 모음 — 특수문자·이모지 복사 붙여넣기 라이브러리 — Copy and Paste Fonts,https://ultratextgen.com/assets/pinterest/ko-library.png,International Fancy Font Generators,,"기호 모음 — 특수문자·이모지 복사 붙여넣기 라이브러리. 기호와 특수문자를 종류별로 모은 복사 붙여넣기 라이브러리. 별·하트·화살표·수학 기호부터 그리스 문자, 화폐, 이모티콘까지 — 검색하고 클릭해서 인스타 바이오, 카카오톡, 디스코드, 게임 닉네임에 바로 붙여넣으세요. Copy and paste stylish Unicode fonts and symbols for bios, captions, usernames and posts — free, fast and right in your browser with UltraTextGen.",https://ultratextgen.com/ko/library/?utm_source=pinterest&utm_medium=social&utm_campaign=organic_pins&utm_content=ko-library,,"localized, 기호 모음 — 특수문자·이모지 복사 붙여넣기 라이브러리, fancy text generator, copy paste fonts, unicode fonts, copy and paste, ultratextgen"
가운데 점(·) & 점 기호 모음 — 복사해서 쓰는 불릿 특수문자 — Copy and Paste Fonts,https://ultratextgen.com/assets/pinterest/ko-library-jeom-giho.png,International Fancy Font Generators,,"가운데 점(·) & 점 기호 모음 — 복사해서 쓰는 불릿 특수문자. 가운데 점(·)과 불릿·글머리 기호를 복사해서 붙여넣기. 화살표, 체크, 별, 꽃 모양 글머리 기호까지 클릭 한 번으로 바로 복사됩니다. Copy and paste stylish Unicode fonts and symbols for bios, captions, usernames and posts — free, fast and right in your browser with UltraTextGen.",https://ultratextgen.com/ko/library/jeom-giho/?utm_source=pinterest&utm_medium=social&utm_campaign=organic_pins&utm_content=ko-library-jeom-giho,,"localized, 가운데 점(·) & 점 기호 모음 — 복사해서 쓰는 불릿 특수문자, fancy text generator, copy paste fonts, unicode fonts, copy and paste, ultratextgen"
꽃 기호 (❀ ✿ ⚘) 모음 — 복사해서 쓰는 특수문자 — Copy and Paste Fonts,https://ultratextgen.com/assets/pinterest/ko-library-kkot-giho.png,International Fancy Font Generators,,"꽃 기호 (❀ ✿ ⚘) 모음 — 복사해서 쓰는 특수문자. 꽃·잎·나무 모양의 유니코드 꽃 기호와 이모지 모음. 벚꽃 🌸, 장미 🌹부터 ❀ ✿ ⚘ 흑백 플로렛 문자, 꽃 구분선까지 클릭 한 번으로 복사하세요. Copy and paste stylish Unicode fonts and symbols for bios, captions, usernames and posts — free, fast and right in your browser with UltraTextGen.",https://ultratextgen.com/ko/library/kkot-giho/?utm_source=pinterest&utm_medium=social&utm_campaign=organic_pins&utm_content=ko-library-kkot-giho,,"localized, 꽃 기호 (❀ ✿ ⚘) 모음 — 복사해서 쓰는 특수문자, fancy text generator, copy paste fonts, unicode fonts, copy and paste, ultratextgen"
문장부호 & 따옴표 (“ ” « ») 모음 — 복사해서 쓰는 특수문자 — Copy and Paste Fonts,https://ultratextgen.com/assets/pinterest/ko-library-munjangbuho-giho.png,International Fancy Font Generators,,"문장부호 & 따옴표 (“ ” « ») 모음 — 복사해서 쓰는 특수문자. 따옴표와 특수 문장부호를 복사해서 붙여넣기. 곧은·둥근(스마트) 따옴표(“ ” ‘ ’), 겹화살괄호(« »), 단검(†), 문단 기호(¶), 구획 기호(§), 인테러뱅(‽)까지 클릭 한 번으로 바로 복사됩니다. Copy and paste stylish Unicode fonts and symbols for bios, captions, usernames and posts — free, fast and right in your browser with…",https://ultratextgen.com/ko/library/munjangbuho-giho/?utm_source=pinterest&utm_medium=social&utm_campaign=organic_pins&utm_content=ko-library-munjangbuho-giho,,"localized, 문장부호 & 따옴표 (“ ” « ») 모음 — 복사해서 쓰는 특수문자, fancy text generator, copy paste fonts, unicode fonts, copy and paste, ultratextgen"
"로블록스 특수문자 ★ — 닉네임에 넣어도 안 막히는 기호 모음 (복사 붙여넣기, 2026) — Copy and Paste Fonts",https://ultratextgen.com/assets/pinterest/ko-library-roblox-giho.png,International Fancy Font Generators,,"로블록스 특수문자 ★ — 닉네임에 넣어도 안 막히는 기호 모음 (복사 붙여넣기, 2026). 로블록스 닉네임(디스플레이 네임)·프로필·그룹 소개에 넣어도 필터에 안 걸리는 특수문자 40개 이상. 별·하트·꽃·반짝이 기호를 클릭 한 번으로 복사하고, Robux·프리미엄·인증 아이콘의 진실까지 확인하세요 — 2026년 7월 기준 필터로 검증. Copy and paste stylish Unicode fonts and symbols for bios, captions, usernames and posts — free, fast and…",https://ultratextgen.com/ko/library/roblox-giho/?utm_source=pinterest&utm_medium=social&utm_campaign=organic_pins&utm_content=ko-library-roblox-giho,,"localized, 로블록스 특수문자 ★ — 닉네임에 넣어도 안 막히는 기호 모음 (복사 붙여넣기, 2026), fancy text generator, copy paste fonts, unicode fonts, copy and paste, ultratextgen"
성별 기호 (♂ ♀ ⚧) 모음 — 복사해서 쓰는 특수문자 — Copy and Paste Fonts,https://ultratextgen.com/assets/pinterest/ko-library-seongbyeol-giho.png,International Fancy Font Generators,,"성별 기호 (♂ ♀ ⚧) 모음 — 복사해서 쓰는 특수문자. 남성 ♂, 여성 ♀, 트랜스젠더 ⚧, 중성, 결합 성별·지향 기호까지 복사해서 붙여넣기. 클릭 한 번으로 바로 복사되는 유니코드 성별 기호 모음입니다. Copy and paste stylish Unicode fonts and symbols for bios, captions, usernames and posts — free, fast and right in your browser with UltraTextGen.",https://ultratextgen.com/ko/library/seongbyeol-giho/?utm_source=pinterest&utm_medium=social&utm_campaign=organic_pins&utm_content=ko-library-seongbyeol-giho,,"localized, 성별 기호 (♂ ♀ ⚧) 모음 — 복사해서 쓰는 특수문자, fancy text generator, copy paste fonts, unicode fonts, copy and paste, ultratextgen"
수학 기호 (± × ÷ √ ∞) 모음 — 복사해서 쓰는 특수문자 — Copy and Paste Fonts,https://ultratextgen.com/assets/pinterest/ko-library-suhak-giho.png,International Fancy Font Generators,,"수학 기호 (± × ÷ √ ∞) 모음 — 복사해서 쓰는 특수문자. 수학 기호를 복사해서 붙여넣기. 사칙연산, 부등호, 집합 기호, 무한대(∞), 근호(√), 위·아래 첨자까지 클릭 한 번으로 바로 복사됩니다. Copy and paste stylish Unicode fonts and symbols for bios, captions, usernames and posts — free, fast and right in your browser with UltraTextGen.",https://ultratextgen.com/ko/library/suhak-giho/?utm_source=pinterest&utm_medium=social&utm_campaign=organic_pins&utm_content=ko-library-suhak-giho,,"localized, 수학 기호 (± × ÷ √ ∞) 모음 — 복사해서 쓰는 특수문자, fancy text generator, copy paste fonts, unicode fonts, copy and paste, ultratextgen"
숫자 기호 (① ⑩ Ⅷ) 모음 — 복사해서 쓰는 특수문자 — Copy and Paste Fonts,https://ultratextgen.com/assets/pinterest/ko-library-sutja-giho.png,International Fancy Font Generators,,"숫자 기호 (① ⑩ Ⅷ) 모음 — 복사해서 쓰는 특수문자. 숫자 기호를 복사해서 붙여넣기. 원문자(①), 검은 원문자(❶), 로마 숫자(Ⅷ), 위·아래 첨자, 괄호 숫자, 전각 숫자까지 클릭 한 번으로 바로 복사됩니다. Copy and paste stylish Unicode fonts and symbols for bios, captions, usernames and posts — free, fast and right in your browser with UltraTextGen.",https://ultratextgen.com/ko/library/sutja-giho/?utm_source=pinterest&utm_medium=social&utm_campaign=organic_pins&utm_content=ko-library-sutja-giho,,"localized, 숫자 기호 (① ⑩ ⅷ) 모음 — 복사해서 쓰는 특수문자, fancy text generator, copy paste fonts, unicode fonts, copy and paste, ultratextgen"
Y2K 특수문자 ✰ 감성 프로필 꾸미기 별·나비·십자가 복사 — Copy and Paste Fonts,https://ultratextgen.com/assets/pinterest/ko-library-y2k-giho.png,International Fancy Font Generators,,"Y2K 특수문자 ✰ 감성 프로필 꾸미기 별·나비·십자가 복사. Y2K 감성 특수문자 모음 — 별 ✰, 나비 🦋, 십자가 ♱, 반짝이 ⋆｡°✩, CD 💿 까지. 클릭 한 번으로 복사해서 인스타 프로필, 닉네임, 디스코드 이름 꾸미기에 바로 붙여넣으세요. Copy and paste stylish Unicode fonts and symbols for bios, captions, usernames and posts — free, fast and right in your browser with UltraTextGen.",https://ultratextgen.com/ko/library/y2k-giho/?utm_source=pinterest&utm_medium=social&utm_campaign=organic_pins&utm_content=ko-library-y2k-giho,,"localized, y2k 특수문자 ✰ 감성 프로필 꾸미기 별·나비·십자가 복사, fancy text generator, copy paste fonts, unicode fonts, copy and paste, ultratextgen"
필기체 변환 — 영어를 필기체(𝒞𝓊𝓇𝓈𝒾𝓋𝑒)로 복사 변환 — Copy and Paste Fonts,https://ultratextgen.com/assets/pinterest/ko-pilgichae-byeonhwan.png,International Fancy Font Generators,,"필기체 변환 — 영어를 필기체(𝒞𝓊𝓇𝓈𝒾𝓋𝑒)로 복사 변환. 필기체 변환 도구. 영어 이름이나 문구를 필기체(커시브) 유니코드 폰트 𝓬𝓾𝓻𝓼𝓲𝓿𝓮 로 순식간에 변환. A–Z 목록 포함. 인스타 프로필이나 서명 느낌의 이름에 복붙 OK. 무료·가입 없이. Copy and paste stylish Unicode fonts and symbols for bios, captions, usernames and posts — free, fast and right in your browser with UltraTextGen.",https://ultratextgen.com/ko/pilgichae-byeonhwan/?utm_source=pinterest&utm_medium=social&utm_campaign=organic_pins&utm_content=ko-pilgichae-byeonhwan,,"localized, 필기체 변환 — 영어를 필기체(𝒞𝓊𝓇𝓈𝒾𝓋𝑒)로 복사 변환, fancy text generator, copy paste fonts, unicode fonts, copy and paste, ultratextgen"
도 기호 (°): 의미·역사·입력 방법 — 복사 붙여넣기 — Copy and Paste Fonts,https://ultratextgen.com/assets/pinterest/ko-symbol-do-giho.png,International Fancy Font Generators,,"도 기호 (°): 의미·역사·입력 방법 — 복사 붙여넣기. 도 기호 °(U+00B0) 완벽 정리 — 온도와 각도에서의 쓰임, º(순서 표시)와의 차이, 윈도우·맥 입력법까지. 클릭하면 바로 복사됩니다. Copy and paste stylish Unicode fonts and symbols for bios, captions, usernames and posts — free, fast and right in your browser with UltraTextGen.",https://ultratextgen.com/ko/symbol/do-giho/?utm_source=pinterest&utm_medium=social&utm_campaign=organic_pins&utm_content=ko-symbol-do-giho,,"localized, 도 기호 (°): 의미·역사·입력 방법 — 복사 붙여넣기, fancy text generator, copy paste fonts, unicode fonts, copy and paste, ultratextgen"
곱하기 기호 (×): 의미·역사·입력 방법 — 복사 붙여넣기 — Copy and Paste Fonts,https://ultratextgen.com/assets/pinterest/ko-symbol-gophagi-giho.png,International Fancy Font Generators,,"곱하기 기호 (×): 의미·역사·입력 방법 — 복사 붙여넣기. 곱하기 기호 ×(U+00D7) 완벽 정리 — 1631년의 유래, 알파벳 x·점 연산자(·)와의 차이, 윈도우·맥 입력법까지. 클릭하면 바로 복사됩니다. Copy and paste stylish Unicode fonts and symbols for bios, captions, usernames and posts — free, fast and right in your browser with UltraTextGen.",https://ultratextgen.com/ko/symbol/gophagi-giho/?utm_source=pinterest&utm_medium=social&utm_campaign=organic_pins&utm_content=ko-symbol-gophagi-giho,,"localized, 곱하기 기호 (×): 의미·역사·입력 방법 — 복사 붙여넣기, fancy text generator, copy paste fonts, unicode fonts, copy and paste, ultratextgen"
기호 — 유니코드 기호 하나하나 자세히 — Copy and Paste Fonts,https://ultratextgen.com/assets/pinterest/ko-symbol.png,International Fancy Font Generators,,"기호 — 유니코드 기호 하나하나 자세히. 찾는 기호가 딱 하나 정해져 있나요? 아래 각 페이지는 유니코드 기호 하나를 다룹니다 — 의미, 유래, 입력 방법, 사용 가능한 곳까지. 카테고리별로 둘러보고 싶다면 기호 라이브러리를 확인하세요. Copy and paste stylish Unicode fonts and symbols for bios, captions, usernames and posts — free, fast and right in your browser with UltraTextGen.",https://ultratextgen.com/ko/symbol/?utm_source=pinterest&utm_medium=social&utm_campaign=organic_pins&utm_content=ko-symbol,,"localized, 기호 — 유니코드 기호 하나하나 자세히, fancy text generator, copy paste fonts, unicode fonts, copy and paste, ultratextgen"
제곱·세제곱 기호 (² ³): 위첨자 복사 붙여넣기 — Copy and Paste Fonts,https://ultratextgen.com/assets/pinterest/ko-symbol-jegop-sejegop-giho.png,International Fancy Font Generators,,"제곱·세제곱 기호 (² ³): 위첨자 복사 붙여넣기. 제곱 기호(²)와 세제곱 기호(³) 완벽 정리 — m²·cm³ 같은 넓이·부피 단위와 거듭제곱에 쓰는 위첨자 숫자, 입력 방법, 어디서나 잘 보이는 이유까지. 클릭하면 복사됩니다. Copy and paste stylish Unicode fonts and symbols for bios, captions, usernames and posts — free, fast and right in your browser with UltraTextGen.",https://ultratextgen.com/ko/symbol/jegop-sejegop-giho/?utm_source=pinterest&utm_medium=social&utm_campaign=organic_pins&utm_content=ko-symbol-jegop-sejegop-giho,,"localized, 제곱·세제곱 기호 (² ³): 위첨자 복사 붙여넣기, fancy text generator, copy paste fonts, unicode fonts, copy and paste, ultratextgen"
무한대 기호 (∞): 의미·역사·입력 방법 — 복사 붙여넣기 — Copy and Paste Fonts,https://ultratextgen.com/assets/pinterest/ko-symbol-muhandae-giho.png,International Fancy Font Generators,,"무한대 기호 (∞): 의미·역사·입력 방법 — 복사 붙여넣기. 무한대 기호 ∞(U+221E) 완벽 정리 — 1655년 존 월리스가 만든 유래, 뜻, 윈도우·맥 입력법, 무한대 이모지(♾️)와의 차이까지. 클릭하면 복사됩니다. Copy and paste stylish Unicode fonts and symbols for bios, captions, usernames and posts — free, fast and right in your browser with UltraTextGen.",https://ultratextgen.com/ko/symbol/muhandae-giho/?utm_source=pinterest&utm_medium=social&utm_campaign=organic_pins&utm_content=ko-symbol-muhandae-giho,,"localized, 무한대 기호 (∞): 의미·역사·입력 방법 — 복사 붙여넣기, fancy text generator, copy paste fonts, unicode fonts, copy and paste, ultratextgen"
나누기 기호 (÷): 의미·역사·입력 방법 — 복사 붙여넣기 — Copy and Paste Fonts,https://ultratextgen.com/assets/pinterest/ko-symbol-nanugi-giho.png,International Fancy Font Generators,,"나누기 기호 (÷): 의미·역사·입력 방법 — 복사 붙여넣기. 나누기 기호 ÷(U+00F7), 이른바 '오벨루스' 완벽 정리 — 1659년의 유래, 윈도우·맥 입력법, 분수 슬래시(⁄)와의 차이까지. 클릭하면 복사됩니다. Copy and paste stylish Unicode fonts and symbols for bios, captions, usernames and posts — free, fast and right in your browser with UltraTextGen.",https://ultratextgen.com/ko/symbol/nanugi-giho/?utm_source=pinterest&utm_medium=social&utm_campaign=organic_pins&utm_content=ko-symbol-nanugi-giho,,"localized, 나누기 기호 (÷): 의미·역사·입력 방법 — 복사 붙여넣기, fancy text generator, copy paste fonts, unicode fonts, copy and paste, ultratextgen"
루트 기호 (√): 의미·역사·입력 방법 — 복사 붙여넣기 — Copy and Paste Fonts,https://ultratextgen.com/assets/pinterest/ko-symbol-ruteu-giho.png,International Fancy Font Generators,,"루트 기호 (√): 의미·역사·입력 방법 — 복사 붙여넣기. 루트 기호(제곱근 기호) √(U+221A) 완벽 정리 — 1525년의 유래, 뜻, 윈도우·맥 입력법, 체크 표시(✓)와의 차이까지. 클릭하면 바로 복사됩니다. Copy and paste stylish Unicode fonts and symbols for bios, captions, usernames and posts — free, fast and right in your browser with UltraTextGen.",https://ultratextgen.com/ko/symbol/ruteu-giho/?utm_source=pinterest&utm_medium=social&utm_campaign=organic_pins&utm_content=ko-symbol-ruteu-giho,,"localized, 루트 기호 (√): 의미·역사·입력 방법 — 복사 붙여넣기, fancy text generator, copy paste fonts, unicode fonts, copy and paste, ultratextgen"
틱톡 폰트 변환 — 프로필·이름·캡션 감성 글씨체 복사 — Copy and Paste Fonts,https://ultratextgen.com/assets/pinterest/ko-tiktok-font.png,International Fancy Font Generators,,"틱톡 폰트 변환 — 프로필·이름·캡션 감성 글씨체 복사. 틱톡 폰트를 무료로 만들기: 입력한 글자를 𝗕𝗼𝗹𝗱·𝘐𝘵𝘢𝘭𝘪𝘤·𝓼𝓬𝓻𝓲𝓹𝓽 같은 감성 글씨체로 바꿔 프로필·이름·캡션·댓글에 복사해서 붙여넣으세요. 틱톡용 귀여운 글씨를 앱 설치 없이. Copy and paste stylish Unicode fonts and symbols for bios, captions, usernames and posts — free, fast and right in your browser with UltraTextGen.",https://ultratextgen.com/ko/tiktok-font/?utm_source=pinterest&utm_medium=social&utm_campaign=organic_pins&utm_content=ko-tiktok-font,,"localized, 틱톡 폰트 변환 — 프로필·이름·캡션 감성 글씨체 복사, fancy text generator, copy paste fonts, unicode fonts, copy and paste, ultratextgen"
세로 텍스트 생성기 — 세로쓰기·세로 글자 복사 — Copy and Paste Fonts,https://ultratextgen.com/assets/pinterest/ko-usecase-vertical-text.png,International Fancy Font Generators,,"세로 텍스트 생성기 — 세로쓰기·세로 글자 복사. 무료 세로 텍스트 생성기. 글자를 위에서 아래로 한 글자씩 쌓은 세로 텍스트를 만들어 인스타 프로필이나 틱톡, X, 디스코드에 복붙. 한글 지원, 레이아웃 12종. Copy and paste stylish Unicode fonts and symbols for bios, captions, usernames and posts — free, fast and right in your browser with UltraTextGen.",https://ultratextgen.com/ko/usecase/vertical-text/?utm_source=pinterest&utm_medium=social&utm_campaign=organic_pins&utm_content=ko-usecase-vertical-text,,"localized, 세로 텍스트 생성기 — 세로쓰기·세로 글자 복사, fancy text generator, copy paste fonts, unicode fonts, copy and paste, ultratextgen"
예쁜 글씨체 변환 — aesthetic SNS 표시 이름·프로필 복사 — Copy and Paste Fonts,https://ultratextgen.com/assets/pinterest/ko-yeppeun-geulssi.png,International Fancy Font Generators,,"예쁜 글씨체 변환 — aesthetic SNS 표시 이름·프로필 복사. 무료 예쁜 글씨체 변환 도구. 이름이나 문구를 aesthetic한 유니코드 글씨체로 순식간에 바꿔 복붙. 인스타·틱톡·X의 SNS 표시 이름과 프로필, 영문 아이디에 딱. 가입 없이. Copy and paste stylish Unicode fonts and symbols for bios, captions, usernames and posts — free, fast and right in your browser with UltraTextGen.",https://ultratextgen.com/ko/yeppeun-geulssi/?utm_source=pinterest&utm_medium=social&utm_campaign=organic_pins&utm_content=ko-yeppeun-geulssi,,"localized, 예쁜 글씨체 변환 — aesthetic sns 표시 이름·프로필 복사, fancy text generator, copy paste fonts, unicode fonts, copy and paste, ultratextgen"
Accent Marks & Diacritics to Copy and Paste,https://ultratextgen.com/assets/pinterest/library-accent-marks-diacritics.png,Fancy Text Generator & Copy Paste Fonts,,"Copy and paste Accent Marks & Diacritics (é ñ ü á ô) for bios, captions, usernames, posts and comments. Browse the full Accent Marks & Diacritics collection on UltraTextGen — tap any symbol or emoji to copy it instantly, free and with no sign-up.",https://ultratextgen.com/library/accent-marks-diacritics/?utm_source=pinterest&utm_medium=social&utm_campaign=organic_pins&utm_content=library-accent-marks-diacritics,,"symbol library, accent marks & diacritics, accent marks & diacritics copy paste, copy and paste symbols, unicode symbols, aesthetic symbols, copy and paste, ultratextgen"
Achievement Symbols to Copy and Paste — UltraTextGen,https://ultratextgen.com/assets/pinterest/library-achievement-symbols.png,Fancy Text Generator & Copy Paste Fonts,,"Copy and paste Achievement Symbols for bios, captions, usernames, posts and comments. Browse the full Achievement Symbols collection on UltraTextGen — tap any symbol or emoji to copy it instantly, free and with no sign-up.",https://ultratextgen.com/library/achievement-symbols/?utm_source=pinterest&utm_medium=social&utm_campaign=organic_pins&utm_content=library-achievement-symbols,,"symbol library, achievement symbols, achievement symbols copy paste, copy and paste symbols, unicode symbols, aesthetic symbols, copy and paste, ultratextgen"
Aesthetic Borders & Frames to Copy and Paste,https://ultratextgen.com/assets/pinterest/library-aesthetic-borders-frames.png,Instagram Bio Symbols & Aesthetic Text,,"Copy and paste Aesthetic Borders & Frames (❖ ⟦ ⟧ ✦ ❝) for bios, captions, usernames, posts and comments. Browse the full Aesthetic Borders & Frames collection on UltraTextGen — tap any symbol or emoji to copy it instantly, free and with no sign-up.",https://ultratextgen.com/library/aesthetic-borders-frames/?utm_source=pinterest&utm_medium=social&utm_campaign=organic_pins&utm_content=library-aesthetic-borders-frames,,"symbol library, aesthetic borders & frames, aesthetic borders & frames copy paste, copy and paste symbols, unicode symbols, aesthetic symbols, copy and paste, ultratextgen"
Aesthetic Symbols to Copy and Paste — UltraTextGen,https://ultratextgen.com/assets/pinterest/library-aesthetic-symbols.png,Instagram Bio Symbols & Aesthetic Text,,"Copy and paste Aesthetic Symbols (✦ ❀ ☾ ✧ ⊹) for bios, captions, usernames, posts and comments. Browse the full Aesthetic Symbols collection on UltraTextGen — tap any symbol or emoji to copy it instantly, free and with no sign-up.",https://ultratextgen.com/library/aesthetic-symbols/?utm_source=pinterest&utm_medium=social&utm_campaign=organic_pins&utm_content=library-aesthetic-symbols,,"symbol library, aesthetic symbols, aesthetic symbols copy paste, copy and paste symbols, unicode symbols, copy and paste, ultratextgen"
Algeria Emoji Combos to Copy and Paste — UltraTextGen,https://ultratextgen.com/assets/pinterest/library-algeria-emoji-combos.png,Emoji Copy Paste & Emoji Combos,,"Copy and paste Algeria Emoji Combos for bios, captions, usernames, posts and comments. Browse the full Algeria Emoji Combos collection on UltraTextGen — tap any symbol or emoji to copy it instantly, free and with no sign-up.",https://ultratextgen.com/library/algeria-emoji-combos/?utm_source=pinterest&utm_medium=social&utm_campaign=organic_pins&utm_content=library-algeria-emoji-combos,,"symbol library, algeria emoji combos, algeria emoji combos copy paste, copy and paste symbols, unicode symbols, aesthetic symbols, copy and paste, ultratextgen"
Alt Code Symbols to Copy and Paste — UltraTextGen,https://ultratextgen.com/assets/pinterest/library-alt-codes.png,"Special Characters, Unicode & Keyboard Symbols",,"Copy and paste Alt Code Symbols (☺ ♣ ♠ ♂ ♀) for bios, captions, usernames, posts and comments. Browse the full Alt Code Symbols collection on UltraTextGen — tap any symbol or emoji to copy it instantly, free and with no sign-up.",https://ultratextgen.com/library/alt-codes/?utm_source=pinterest&utm_medium=social&utm_campaign=organic_pins&utm_content=library-alt-codes,,"symbol library, alt code symbols, alt code symbols copy paste, copy and paste symbols, unicode symbols, aesthetic symbols, copy and paste, ultratextgen"
Angel Emoji to Copy and Paste — UltraTextGen,https://ultratextgen.com/assets/pinterest/library-angel-emoji.png,Emoji Copy Paste & Emoji Combos,,"Copy and paste Angel Emoji for bios, captions, usernames, posts and comments. Browse the full Angel Emoji collection on UltraTextGen — tap any symbol or emoji to copy it instantly, free and with no sign-up.",https://ultratextgen.com/library/angel-emoji/?utm_source=pinterest&utm_medium=social&utm_campaign=organic_pins&utm_content=library-angel-emoji,,"symbol library, angel emoji, angel emoji copy paste, copy and paste symbols, unicode symbols, aesthetic symbols, copy and paste, ultratextgen"
Angry Emoji to Copy and Paste — UltraTextGen,https://ultratextgen.com/assets/pinterest/library-angry-emoji.png,Emoji Copy Paste & Emoji Combos,,"Copy and paste Angry Emoji for bios, captions, usernames, posts and comments. Browse the full Angry Emoji collection on UltraTextGen — tap any symbol or emoji to copy it instantly, free and with no sign-up.",https://ultratextgen.com/library/angry-emoji/?utm_source=pinterest&utm_medium=social&utm_campaign=organic_pins&utm_content=library-angry-emoji,,"symbol library, angry emoji, angry emoji copy paste, copy and paste symbols, unicode symbols, aesthetic symbols, copy and paste, ultratextgen"
Angry Kaomoji to Copy and Paste — UltraTextGen,https://ultratextgen.com/assets/pinterest/library-angry-kaomoji.png,"Text Art, Kaomoji & ASCII Faces",,"Copy and paste Angry Kaomoji for bios, captions, usernames, posts and comments. Browse the full Angry Kaomoji collection on UltraTextGen — tap any symbol or emoji to copy it instantly, free and with no sign-up.",https://ultratextgen.com/library/angry-kaomoji/?utm_source=pinterest&utm_medium=social&utm_campaign=organic_pins&utm_content=library-angry-kaomoji,,"symbol library, angry kaomoji, angry kaomoji copy paste, copy and paste symbols, unicode symbols, aesthetic symbols, copy and paste, ultratextgen"
Animal & Creature Emojis to Copy and Paste,https://ultratextgen.com/assets/pinterest/library-animal-emojis.png,Emoji Copy Paste & Emoji Combos,,"Copy and paste Animal & Creature Emojis for bios, captions, usernames, posts and comments. Browse the full Animal & Creature Emojis collection on UltraTextGen — tap any symbol or emoji to copy it instantly, free and with no sign-up.",https://ultratextgen.com/library/animal-emojis/?utm_source=pinterest&utm_medium=social&utm_campaign=organic_pins&utm_content=library-animal-emojis,,"symbol library, animal & creature emojis, animal & creature emojis copy paste, copy and paste symbols, unicode symbols, aesthetic symbols, copy and paste, ultratextgen"
Anime Symbols to Copy and Paste — UltraTextGen,https://ultratextgen.com/assets/pinterest/library-anime-symbols.png,"Cute Symbols, Hearts & Decorative Text",,"Copy and paste Anime Symbols (✦ ⚔ ☽ ✧ ☠) for bios, captions, usernames, posts and comments. Browse the full Anime Symbols collection on UltraTextGen — tap any symbol or emoji to copy it instantly, free and with no sign-up.",https://ultratextgen.com/library/anime-symbols/?utm_source=pinterest&utm_medium=social&utm_campaign=organic_pins&utm_content=library-anime-symbols,,"symbol library, anime symbols, anime symbols copy paste, copy and paste symbols, unicode symbols, aesthetic symbols, copy and paste, ultratextgen"
Annoyed Emoji to Copy and Paste — UltraTextGen,https://ultratextgen.com/assets/pinterest/library-annoyed-emoji.png,Emoji Copy Paste & Emoji Combos,,"Copy and paste Annoyed Emoji for bios, captions, usernames, posts and comments. Browse the full Annoyed Emoji collection on UltraTextGen — tap any symbol or emoji to copy it instantly, free and with no sign-up.",https://ultratextgen.com/library/annoyed-emoji/?utm_source=pinterest&utm_medium=social&utm_campaign=organic_pins&utm_content=library-annoyed-emoji,,"symbol library, annoyed emoji, annoyed emoji copy paste, copy and paste symbols, unicode symbols, aesthetic symbols, copy and paste, ultratextgen"
Argentina Emoji Combos to Copy and Paste,https://ultratextgen.com/assets/pinterest/library-argentina-emoji-combos.png,Emoji Copy Paste & Emoji Combos,,"Copy and paste Argentina Emoji Combos for bios, captions, usernames, posts and comments. Browse the full Argentina Emoji Combos collection on UltraTextGen — tap any symbol or emoji to copy it instantly, free and with no sign-up.",https://ultratextgen.com/library/argentina-emoji-combos/?utm_source=pinterest&utm_medium=social&utm_campaign=organic_pins&utm_content=library-argentina-emoji-combos,,"symbol library, argentina emoji combos, argentina emoji combos copy paste, copy and paste symbols, unicode symbols, aesthetic symbols, copy and paste, ultratextgen"
Arrow Symbols to Copy and Paste — UltraTextGen,https://ultratextgen.com/assets/pinterest/library-arrow-symbols.png,"Special Characters, Unicode & Keyboard Symbols",,"Copy and paste Arrow Symbols (→ ← ↑ ↓ ⟶) for bios, captions, usernames, posts and comments. Browse the full Arrow Symbols collection on UltraTextGen — tap any symbol or emoji to copy it instantly, free and with no sign-up.",https://ultratextgen.com/library/arrow-symbols/?utm_source=pinterest&utm_medium=social&utm_campaign=organic_pins&utm_content=library-arrow-symbols,,"symbol library, arrow symbols, arrow symbols copy paste, copy and paste symbols, unicode symbols, aesthetic symbols, copy and paste, ultratextgen"
Art & Stationery Emojis to Copy and Paste,https://ultratextgen.com/assets/pinterest/library-art-stationery-emojis.png,Emoji Copy Paste & Emoji Combos,,"Copy and paste Art & Stationery Emojis (✎ ✏ ✐ ✁ ✂) for bios, captions, usernames, posts and comments. Browse the full Art & Stationery Emojis collection on UltraTextGen — tap any symbol or emoji to copy it instantly, free and with no sign-up.",https://ultratextgen.com/library/art-stationery-emojis/?utm_source=pinterest&utm_medium=social&utm_campaign=organic_pins&utm_content=library-art-stationery-emojis,,"symbol library, art & stationery emojis, art & stationery emojis copy paste, copy and paste symbols, unicode symbols, aesthetic symbols, copy and paste, ultratextgen"
ASCII Table to Copy and Paste — UltraTextGen,https://ultratextgen.com/assets/pinterest/library-ascii-table.png,"Special Characters, Unicode & Keyboard Symbols",,"Copy and paste ASCII Table (@ # & % *) for bios, captions, usernames, posts and comments. Browse the full ASCII Table collection on UltraTextGen — tap any symbol or emoji to copy it instantly, free and with no sign-up.",https://ultratextgen.com/library/ascii-table/?utm_source=pinterest&utm_medium=social&utm_campaign=organic_pins&utm_content=library-ascii-table,,"symbol library, ascii table, ascii table copy paste, copy and paste symbols, unicode symbols, aesthetic symbols, copy and paste, ultratextgen"
Australia Emoji Combos to Copy and Paste,https://ultratextgen.com/assets/pinterest/library-australia-emoji-combos.png,Emoji Copy Paste & Emoji Combos,,"Copy and paste Australia Emoji Combos for bios, captions, usernames, posts and comments. Browse the full Australia Emoji Combos collection on UltraTextGen — tap any symbol or emoji to copy it instantly, free and with no sign-up.",https://ultratextgen.com/library/australia-emoji-combos/?utm_source=pinterest&utm_medium=social&utm_campaign=organic_pins&utm_content=library-australia-emoji-combos,,"symbol library, australia emoji combos, australia emoji combos copy paste, copy and paste symbols, unicode symbols, aesthetic symbols, copy and paste, ultratextgen"
Austria Emoji Combos to Copy and Paste — UltraTextGen,https://ultratextgen.com/assets/pinterest/library-austria-emoji-combos.png,Emoji Copy Paste & Emoji Combos,,"Copy and paste Austria Emoji Combos for bios, captions, usernames, posts and comments. Browse the full Austria Emoji Combos collection on UltraTextGen — tap any symbol or emoji to copy it instantly, free and with no sign-up.",https://ultratextgen.com/library/austria-emoji-combos/?utm_source=pinterest&utm_medium=social&utm_campaign=organic_pins&utm_content=library-austria-emoji-combos,,"symbol library, austria emoji combos, austria emoji combos copy paste, copy and paste symbols, unicode symbols, aesthetic symbols, copy and paste, ultratextgen"
Awareness Ribbon Symbols to Copy and Paste,https://ultratextgen.com/assets/pinterest/library-awareness-ribbons.png,"Cute Symbols, Hearts & Decorative Text",,"Copy and paste Awareness Ribbon Symbols for bios, captions, usernames, posts and comments. Browse the full Awareness Ribbon Symbols collection on UltraTextGen — tap any symbol or emoji to copy it instantly, free and with no sign-up.",https://ultratextgen.com/library/awareness-ribbons/?utm_source=pinterest&utm_medium=social&utm_campaign=organic_pins&utm_content=library-awareness-ribbons,,"symbol library, awareness ribbon symbols, awareness ribbon symbols copy paste, copy and paste symbols, unicode symbols, aesthetic symbols, copy and paste, ultratextgen"
Bear Kaomoji to Copy and Paste — UltraTextGen,https://ultratextgen.com/assets/pinterest/library-bear-kaomoji.png,"Cute Symbols, Hearts & Decorative Text",,"Copy and paste Bear Kaomoji for bios, captions, usernames, posts and comments. Browse the full Bear Kaomoji collection on UltraTextGen — tap any symbol or emoji to copy it instantly, free and with no sign-up.",https://ultratextgen.com/library/bear-kaomoji/?utm_source=pinterest&utm_medium=social&utm_campaign=organic_pins&utm_content=library-bear-kaomoji,,"symbol library, bear kaomoji, bear kaomoji copy paste, copy and paste symbols, unicode symbols, aesthetic symbols, copy and paste, ultratextgen"
Beauty & Nails Emojis to Copy and Paste — UltraTextGen,https://ultratextgen.com/assets/pinterest/library-beauty-nails-emojis.png,Emoji Copy Paste & Emoji Combos,,"Copy and paste Beauty & Nails Emojis (✦ ♡ ❀ ✧ ❁) for bios, captions, usernames, posts and comments. Browse the full Beauty & Nails Emojis collection on UltraTextGen — tap any symbol or emoji to copy it instantly, free and with no sign-up.",https://ultratextgen.com/library/beauty-nails-emojis/?utm_source=pinterest&utm_medium=social&utm_campaign=organic_pins&utm_content=library-beauty-nails-emojis,,"symbol library, beauty & nails emojis, beauty & nails emojis copy paste, copy and paste symbols, unicode symbols, aesthetic symbols, copy and paste, ultratextgen"
Belgium Emoji Combos to Copy and Paste — UltraTextGen,https://ultratextgen.com/assets/pinterest/library-belgium-emoji-combos.png,Emoji Copy Paste & Emoji Combos,,"Copy and paste Belgium Emoji Combos for bios, captions, usernames, posts and comments. Browse the full Belgium Emoji Combos collection on UltraTextGen — tap any symbol or emoji to copy it instantly, free and with no sign-up.",https://ultratextgen.com/library/belgium-emoji-combos/?utm_source=pinterest&utm_medium=social&utm_campaign=organic_pins&utm_content=library-belgium-emoji-combos,,"symbol library, belgium emoji combos, belgium emoji combos copy paste, copy and paste symbols, unicode symbols, aesthetic symbols, copy and paste, ultratextgen"
Bellingham Emoji Combos to Copy and Paste,https://ultratextgen.com/assets/pinterest/library-bellingham-emoji-combos.png,Emoji Copy Paste & Emoji Combos,,"Copy and paste Bellingham Emoji Combos for bios, captions, usernames, posts and comments. Browse the full Bellingham Emoji Combos collection on UltraTextGen — tap any symbol or emoji to copy it instantly, free and with no sign-up.",https://ultratextgen.com/library/bellingham-emoji-combos/?utm_source=pinterest&utm_medium=social&utm_campaign=organic_pins&utm_content=library-bellingham-emoji-combos,,"symbol library, bellingham emoji combos, bellingham emoji combos copy paste, copy and paste symbols, unicode symbols, aesthetic symbols, copy and paste, ultratextgen"
Benzema Emoji Combos to Copy and Paste — UltraTextGen,https://ultratextgen.com/assets/pinterest/library-benzema-emoji-combos.png,Emoji Copy Paste & Emoji Combos,,"Copy and paste Benzema Emoji Combos for bios, captions, usernames, posts and comments. Browse the full Benzema Emoji Combos collection on UltraTextGen — tap any symbol or emoji to copy it instantly, free and with no sign-up.",https://ultratextgen.com/library/benzema-emoji-combos/?utm_source=pinterest&utm_medium=social&utm_campaign=organic_pins&utm_content=library-benzema-emoji-combos,,"symbol library, benzema emoji combos, benzema emoji combos copy paste, copy and paste symbols, unicode symbols, aesthetic symbols, copy and paste, ultratextgen"
Blush Emoji to Copy and Paste — UltraTextGen,https://ultratextgen.com/assets/pinterest/library-blush-emoji.png,Emoji Copy Paste & Emoji Combos,,"Copy and paste Blush Emoji for bios, captions, usernames, posts and comments. Browse the full Blush Emoji collection on UltraTextGen — tap any symbol or emoji to copy it instantly, free and with no sign-up.",https://ultratextgen.com/library/blush-emoji/?utm_source=pinterest&utm_medium=social&utm_campaign=organic_pins&utm_content=library-blush-emoji,,"symbol library, blush emoji, blush emoji copy paste, copy and paste symbols, unicode symbols, aesthetic symbols, copy and paste, ultratextgen"
Blushing Kaomoji to Copy and Paste — UltraTextGen,https://ultratextgen.com/assets/pinterest/library-blushing-kaomoji.png,"Text Art, Kaomoji & ASCII Faces",,"Copy and paste Blushing Kaomoji for bios, captions, usernames, posts and comments. Browse the full Blushing Kaomoji collection on UltraTextGen — tap any symbol or emoji to copy it instantly, free and with no sign-up.",https://ultratextgen.com/library/blushing-kaomoji/?utm_source=pinterest&utm_medium=social&utm_campaign=organic_pins&utm_content=library-blushing-kaomoji,,"symbol library, blushing kaomoji, blushing kaomoji copy paste, copy and paste symbols, unicode symbols, aesthetic symbols, copy and paste, ultratextgen"
Body Language Emojis to Copy and Paste — UltraTextGen,https://ultratextgen.com/assets/pinterest/library-body-language-emojis.png,Emoji Copy Paste & Emoji Combos,,"Copy and paste Body Language Emojis for bios, captions, usernames, posts and comments. Browse the full Body Language Emojis collection on UltraTextGen — tap any symbol or emoji to copy it instantly, free and with no sign-up.",https://ultratextgen.com/library/body-language-emojis/?utm_source=pinterest&utm_medium=social&utm_campaign=organic_pins&utm_content=library-body-language-emojis,,"symbol library, body language emojis, body language emojis copy paste, copy and paste symbols, unicode symbols, aesthetic symbols, copy and paste, ultratextgen"
Bow & Ribbon Symbols to Copy and Paste — UltraTextGen,https://ultratextgen.com/assets/pinterest/library-bow-ribbon-symbols.png,Instagram Bio Symbols & Aesthetic Text,,"Copy and paste Bow & Ribbon Symbols for bios, captions, usernames, posts and comments. Browse the full Bow & Ribbon Symbols collection on UltraTextGen — tap any symbol or emoji to copy it instantly, free and with no sign-up.",https://ultratextgen.com/library/bow-ribbon-symbols/?utm_source=pinterest&utm_medium=social&utm_campaign=organic_pins&utm_content=library-bow-ribbon-symbols,,"symbol library, bow & ribbon symbols, bow & ribbon symbols copy paste, copy and paste symbols, unicode symbols, aesthetic symbols, copy and paste, ultratextgen"
Box-Drawing Symbols to Copy and Paste — UltraTextGen,https://ultratextgen.com/assets/pinterest/library-box-drawing-symbols.png,"Cute Symbols, Hearts & Decorative Text",,"Copy and paste Box-Drawing Symbols (╔ ╗ ║ ═ ╬) for bios, captions, usernames, posts and comments. Browse the full Box-Drawing Symbols collection on UltraTextGen — tap any symbol or emoji to copy it instantly, free and with no sign-up.",https://ultratextgen.com/library/box-drawing-symbols/?utm_source=pinterest&utm_medium=social&utm_campaign=organic_pins&utm_content=library-box-drawing-symbols,,"symbol library, box-drawing symbols, box-drawing symbols copy paste, copy and paste symbols, unicode symbols, aesthetic symbols, copy and paste, ultratextgen"
"Brackets, Braces & Parentheses to Copy and Paste",https://ultratextgen.com/assets/pinterest/library-bracket-symbols.png,"Special Characters, Unicode & Keyboard Symbols",,"Copy and paste Brackets, Braces & Parentheses (⟦ ⟧ ⟨ ⟩ ❲) for bios, captions, usernames, posts and comments. Browse the full Brackets, Braces & Parentheses collection on UltraTextGen — tap any symbol or emoji to copy it instantly, free and with no sign-up.",https://ultratextgen.com/library/bracket-symbols/?utm_source=pinterest&utm_medium=social&utm_campaign=organic_pins&utm_content=library-bracket-symbols,,"symbol library, brackets, braces & parentheses, brackets, braces & parentheses copy paste, copy and paste symbols, unicode symbols, aesthetic symbols, copy and paste, ultratextgen"
Braille Pattern Symbols to Copy and Paste,https://ultratextgen.com/assets/pinterest/library-braille-pattern-symbols.png,"Text Art, Kaomoji & ASCII Faces",,"Copy and paste Braille Pattern Symbols (⠿ ⣿ ⠛ ⡇ ⠶) for bios, captions, usernames, posts and comments. Browse the full Braille Pattern Symbols collection on UltraTextGen — tap any symbol or emoji to copy it instantly, free and with no sign-up.",https://ultratextgen.com/library/braille-pattern-symbols/?utm_source=pinterest&utm_medium=social&utm_campaign=organic_pins&utm_content=library-braille-pattern-symbols,,"symbol library, braille pattern symbols, braille pattern symbols copy paste, copy and paste symbols, unicode symbols, aesthetic symbols, copy and paste, ultratextgen"
Brainrot & Slang Emojis to Copy and Paste,https://ultratextgen.com/assets/pinterest/library-brainrot-slang-emojis.png,Emoji Copy Paste & Emoji Combos,,"Copy and paste Brainrot & Slang Emojis for bios, captions, usernames, posts and comments. Browse the full Brainrot & Slang Emojis collection on UltraTextGen — tap any symbol or emoji to copy it instantly, free and with no sign-up.",https://ultratextgen.com/library/brainrot-slang-emojis/?utm_source=pinterest&utm_medium=social&utm_campaign=organic_pins&utm_content=library-brainrot-slang-emojis,,"symbol library, brainrot & slang emojis, brainrot & slang emojis copy paste, copy and paste symbols, unicode symbols, aesthetic symbols, copy and paste, ultratextgen"
Brazil Emoji Combos to Copy and Paste — UltraTextGen,https://ultratextgen.com/assets/pinterest/library-brazil-emoji-combos.png,Emoji Copy Paste & Emoji Combos,,"Copy and paste Brazil Emoji Combos for bios, captions, usernames, posts and comments. Browse the full Brazil Emoji Combos collection on UltraTextGen — tap any symbol or emoji to copy it instantly, free and with no sign-up.",https://ultratextgen.com/library/brazil-emoji-combos/?utm_source=pinterest&utm_medium=social&utm_campaign=organic_pins&utm_content=library-brazil-emoji-combos,,"symbol library, brazil emoji combos, brazil emoji combos copy paste, copy and paste symbols, unicode symbols, aesthetic symbols, copy and paste, ultratextgen"
Bullet Point Symbols to Copy and Paste — UltraTextGen,https://ultratextgen.com/assets/pinterest/library-bullet-point-symbols.png,Fancy Text Generator & Copy Paste Fonts,,"Copy and paste Bullet Point Symbols (• ◦ ▪ ‣ ◆) for bios, captions, usernames, posts and comments. Browse the full Bullet Point Symbols collection on UltraTextGen — tap any symbol or emoji to copy it instantly, free and with no sign-up.",https://ultratextgen.com/library/bullet-point-symbols/?utm_source=pinterest&utm_medium=social&utm_campaign=organic_pins&utm_content=library-bullet-point-symbols,,"symbol library, bullet point symbols, bullet point symbols copy paste, copy and paste symbols, unicode symbols, aesthetic symbols, copy and paste, ultratextgen"
Bunny Kaomoji to Copy and Paste — UltraTextGen,https://ultratextgen.com/assets/pinterest/library-bunny-kaomoji.png,"Cute Symbols, Hearts & Decorative Text",,"Copy and paste Bunny Kaomoji for bios, captions, usernames, posts and comments. Browse the full Bunny Kaomoji collection on UltraTextGen — tap any symbol or emoji to copy it instantly, free and with no sign-up.",https://ultratextgen.com/library/bunny-kaomoji/?utm_source=pinterest&utm_medium=social&utm_campaign=organic_pins&utm_content=library-bunny-kaomoji,,"symbol library, bunny kaomoji, bunny kaomoji copy paste, copy and paste symbols, unicode symbols, aesthetic symbols, copy and paste, ultratextgen"
Cameroon Emoji Combos to Copy and Paste — UltraTextGen,https://ultratextgen.com/assets/pinterest/library-cameroon-emoji-combos.png,Emoji Copy Paste & Emoji Combos,,"Copy and paste Cameroon Emoji Combos for bios, captions, usernames, posts and comments. Browse the full Cameroon Emoji Combos collection on UltraTextGen — tap any symbol or emoji to copy it instantly, free and with no sign-up.",https://ultratextgen.com/library/cameroon-emoji-combos/?utm_source=pinterest&utm_medium=social&utm_campaign=organic_pins&utm_content=library-cameroon-emoji-combos,,"symbol library, cameroon emoji combos, cameroon emoji combos copy paste, copy and paste symbols, unicode symbols, aesthetic symbols, copy and paste, ultratextgen"
Canada Emoji Combos to Copy and Paste — UltraTextGen,https://ultratextgen.com/assets/pinterest/library-canada-emoji-combos.png,Emoji Copy Paste & Emoji Combos,,"Copy and paste Canada Emoji Combos for bios, captions, usernames, posts and comments. Browse the full Canada Emoji Combos collection on UltraTextGen — tap any symbol or emoji to copy it instantly, free and with no sign-up.",https://ultratextgen.com/library/canada-emoji-combos/?utm_source=pinterest&utm_medium=social&utm_campaign=organic_pins&utm_content=library-canada-emoji-combos,,"symbol library, canada emoji combos, canada emoji combos copy paste, copy and paste symbols, unicode symbols, aesthetic symbols, copy and paste, ultratextgen"
Yellow & Red Card Emoji to Copy and Paste,https://ultratextgen.com/assets/pinterest/library-card-emoji-soccer.png,Emoji Copy Paste & Emoji Combos,,"Copy and paste Yellow & Red Card Emoji for bios, captions, usernames, posts and comments. Browse the full Yellow & Red Card Emoji collection on UltraTextGen — tap any symbol or emoji to copy it instantly, free and with no sign-up.",https://ultratextgen.com/library/card-emoji-soccer/?utm_source=pinterest&utm_medium=social&utm_campaign=organic_pins&utm_content=library-card-emoji-soccer,,"symbol library, yellow & red card emoji, yellow & red card emoji copy paste, copy and paste symbols, unicode symbols, aesthetic symbols, copy and paste, ultratextgen"
Card Suit Symbols to Copy and Paste — UltraTextGen,https://ultratextgen.com/assets/pinterest/library-card-suit-symbols.png,"Cute Symbols, Hearts & Decorative Text",,"Copy and paste Card Suit Symbols (♠ ♥ ♦ ♣ ♤) for bios, captions, usernames, posts and comments. Browse the full Card Suit Symbols collection on UltraTextGen — tap any symbol or emoji to copy it instantly, free and with no sign-up.",https://ultratextgen.com/library/card-suit-symbols/?utm_source=pinterest&utm_medium=social&utm_campaign=organic_pins&utm_content=library-card-suit-symbols,,"symbol library, card suit symbols, card suit symbols copy paste, copy and paste symbols, unicode symbols, aesthetic symbols, copy and paste, ultratextgen"
Cat ASCII Art to Copy and Paste — UltraTextGen,https://ultratextgen.com/assets/pinterest/library-cat-ascii-art.png,"Special Characters, Unicode & Keyboard Symbols",,"Copy and paste Cat ASCII Art for bios, captions, usernames, posts and comments. Browse the full Cat ASCII Art collection on UltraTextGen — tap any symbol or emoji to copy it instantly, free and with no sign-up.",https://ultratextgen.com/library/cat-ascii-art/?utm_source=pinterest&utm_medium=social&utm_campaign=organic_pins&utm_content=library-cat-ascii-art,,"symbol library, cat ascii art, cat ascii art copy paste, copy and paste symbols, unicode symbols, aesthetic symbols, copy and paste, ultratextgen"
Cat Kaomoji to Copy and Paste — UltraTextGen,https://ultratextgen.com/assets/pinterest/library-cat-kaomoji.png,"Cute Symbols, Hearts & Decorative Text",,"Copy and paste Cat Kaomoji for bios, captions, usernames, posts and comments. Browse the full Cat Kaomoji collection on UltraTextGen — tap any symbol or emoji to copy it instantly, free and with no sign-up.",https://ultratextgen.com/library/cat-kaomoji/?utm_source=pinterest&utm_medium=social&utm_campaign=organic_pins&utm_content=library-cat-kaomoji,,"symbol library, cat kaomoji, cat kaomoji copy paste, copy and paste symbols, unicode symbols, aesthetic symbols, copy and paste, ultratextgen"
Check Mark Emoji to Copy and Paste — UltraTextGen,https://ultratextgen.com/assets/pinterest/library-check-mark-emoji.png,Emoji Copy Paste & Emoji Combos,,"Copy and paste Check Mark Emoji (✓ ✔ ☑) for bios, captions, usernames, posts and comments. Browse the full Check Mark Emoji collection on UltraTextGen — tap any symbol or emoji to copy it instantly, free and with no sign-up.",https://ultratextgen.com/library/check-mark-emoji/?utm_source=pinterest&utm_medium=social&utm_campaign=organic_pins&utm_content=library-check-mark-emoji,,"symbol library, check mark emoji, check mark emoji copy paste, copy and paste symbols, unicode symbols, aesthetic symbols, copy and paste, ultratextgen"
Checkmark Symbols to Copy and Paste — UltraTextGen,https://ultratextgen.com/assets/pinterest/library-checkmark-symbols.png,Fancy Text Generator & Copy Paste Fonts,,"Copy and paste Checkmark Symbols (✓ ✔ ☑ ✗ ✕) for bios, captions, usernames, posts and comments. Browse the full Checkmark Symbols collection on UltraTextGen — tap any symbol or emoji to copy it instantly, free and with no sign-up.",https://ultratextgen.com/library/checkmark-symbols/?utm_source=pinterest&utm_medium=social&utm_campaign=organic_pins&utm_content=library-checkmark-symbols,,"symbol library, checkmark symbols, checkmark symbols copy paste, copy and paste symbols, unicode symbols, aesthetic symbols, copy and paste, ultratextgen"
Chef's Kiss Emoji to Copy and Paste — UltraTextGen,https://ultratextgen.com/assets/pinterest/library-chefs-kiss-emoji.png,Emoji Copy Paste & Emoji Combos,,"Copy and paste Chef's Kiss Emoji for bios, captions, usernames, posts and comments. Browse the full Chef's Kiss Emoji collection on UltraTextGen — tap any symbol or emoji to copy it instantly, free and with no sign-up.",https://ultratextgen.com/library/chefs-kiss-emoji/?utm_source=pinterest&utm_medium=social&utm_campaign=organic_pins&utm_content=library-chefs-kiss-emoji,,"symbol library, chef's kiss emoji, chef's kiss emoji copy paste, copy and paste symbols, unicode symbols, aesthetic symbols, copy and paste, ultratextgen"
Chess Piece Symbols to Copy and Paste — UltraTextGen,https://ultratextgen.com/assets/pinterest/library-chess-symbols.png,Fancy Text Generator & Copy Paste Fonts,,"Copy and paste Chess Piece Symbols (♚ ♛ ♞ ♜ ♝) for bios, captions, usernames, posts and comments. Browse the full Chess Piece Symbols collection on UltraTextGen — tap any symbol or emoji to copy it instantly, free and with no sign-up.",https://ultratextgen.com/library/chess-symbols/?utm_source=pinterest&utm_medium=social&utm_campaign=organic_pins&utm_content=library-chess-symbols,,"symbol library, chess piece symbols, chess piece symbols copy paste, copy and paste symbols, unicode symbols, aesthetic symbols, copy and paste, ultratextgen"
Chile Emoji Combos to Copy and Paste — UltraTextGen,https://ultratextgen.com/assets/pinterest/library-chile-emoji-combos.png,Emoji Copy Paste & Emoji Combos,,"Copy and paste Chile Emoji Combos for bios, captions, usernames, posts and comments. Browse the full Chile Emoji Combos collection on UltraTextGen — tap any symbol or emoji to copy it instantly, free and with no sign-up.",https://ultratextgen.com/library/chile-emoji-combos/?utm_source=pinterest&utm_medium=social&utm_campaign=organic_pins&utm_content=library-chile-emoji-combos,,"symbol library, chile emoji combos, chile emoji combos copy paste, copy and paste symbols, unicode symbols, aesthetic symbols, copy and paste, ultratextgen"
China Emoji Combos to Copy and Paste — UltraTextGen,https://ultratextgen.com/assets/pinterest/library-china-emoji-combos.png,Emoji Copy Paste & Emoji Combos,,"Copy and paste China Emoji Combos for bios, captions, usernames, posts and comments. Browse the full China Emoji Combos collection on UltraTextGen — tap any symbol or emoji to copy it instantly, free and with no sign-up.",https://ultratextgen.com/library/china-emoji-combos/?utm_source=pinterest&utm_medium=social&utm_campaign=organic_pins&utm_content=library-china-emoji-combos,,"symbol library, china emoji combos, china emoji combos copy paste, copy and paste symbols, unicode symbols, aesthetic symbols, copy and paste, ultratextgen"
Chinese Symbols to Copy and Paste — UltraTextGen,https://ultratextgen.com/assets/pinterest/library-chinese-symbols.png,Fancy Text Generator & Copy Paste Fonts,,"Copy and paste Chinese Symbols for bios, captions, usernames, posts and comments. Browse the full Chinese Symbols collection on UltraTextGen — tap any symbol or emoji to copy it instantly, free and with no sign-up.",https://ultratextgen.com/library/chinese-symbols/?utm_source=pinterest&utm_medium=social&utm_campaign=organic_pins&utm_content=library-chinese-symbols,,"symbol library, chinese symbols, chinese symbols copy paste, copy and paste symbols, unicode symbols, aesthetic symbols, copy and paste, ultratextgen"
Choking Emoji to Copy and Paste — UltraTextGen,https://ultratextgen.com/assets/pinterest/library-choking-emoji.png,Emoji Copy Paste & Emoji Combos,,"Copy and paste Choking Emoji for bios, captions, usernames, posts and comments. Browse the full Choking Emoji collection on UltraTextGen — tap any symbol or emoji to copy it instantly, free and with no sign-up.",https://ultratextgen.com/library/choking-emoji/?utm_source=pinterest&utm_medium=social&utm_campaign=organic_pins&utm_content=library-choking-emoji,,"symbol library, choking emoji, choking emoji copy paste, copy and paste symbols, unicode symbols, aesthetic symbols, copy and paste, ultratextgen"
Christmas Symbols to Copy and Paste — UltraTextGen,https://ultratextgen.com/assets/pinterest/library-christmas-symbols.png,"Cute Symbols, Hearts & Decorative Text",,"Copy and paste Christmas Symbols for bios, captions, usernames, posts and comments. Browse the full Christmas Symbols collection on UltraTextGen — tap any symbol or emoji to copy it instantly, free and with no sign-up.",https://ultratextgen.com/library/christmas-symbols/?utm_source=pinterest&utm_medium=social&utm_campaign=organic_pins&utm_content=library-christmas-symbols,,"symbol library, christmas symbols, christmas symbols copy paste, copy and paste symbols, unicode symbols, aesthetic symbols, copy and paste, ultratextgen"
Clap Emoji to Copy and Paste — UltraTextGen,https://ultratextgen.com/assets/pinterest/library-clap-emoji.png,Emoji Copy Paste & Emoji Combos,,"Copy and paste Clap Emoji for bios, captions, usernames, posts and comments. Browse the full Clap Emoji collection on UltraTextGen — tap any symbol or emoji to copy it instantly, free and with no sign-up.",https://ultratextgen.com/library/clap-emoji/?utm_source=pinterest&utm_medium=social&utm_campaign=organic_pins&utm_content=library-clap-emoji,,"symbol library, clap emoji, clap emoji copy paste, copy and paste symbols, unicode symbols, aesthetic symbols, copy and paste, ultratextgen"
Clock & Time Symbols to Copy and Paste — UltraTextGen,https://ultratextgen.com/assets/pinterest/library-clock-time-symbols.png,Fancy Text Generator & Copy Paste Fonts,,"Copy and paste Clock & Time Symbols (⌛ ◷ ◴ ◵ ○) for bios, captions, usernames, posts and comments. Browse the full Clock & Time Symbols collection on UltraTextGen — tap any symbol or emoji to copy it instantly, free and with no sign-up.",https://ultratextgen.com/library/clock-time-symbols/?utm_source=pinterest&utm_medium=social&utm_campaign=organic_pins&utm_content=library-clock-time-symbols,,"symbol library, clock & time symbols, clock & time symbols copy paste, copy and paste symbols, unicode symbols, aesthetic symbols, copy and paste, ultratextgen"
Clothing & Fashion Emojis to Copy and Paste,https://ultratextgen.com/assets/pinterest/library-clothing-fashion-emojis.png,Emoji Copy Paste & Emoji Combos,,"Copy and paste Clothing & Fashion Emojis for bios, captions, usernames, posts and comments. Browse the full Clothing & Fashion Emojis collection on UltraTextGen — tap any symbol or emoji to copy it instantly, free and with no sign-up.",https://ultratextgen.com/library/clothing-fashion-emojis/?utm_source=pinterest&utm_medium=social&utm_campaign=organic_pins&utm_content=library-clothing-fashion-emojis,,"symbol library, clothing & fashion emojis, clothing & fashion emojis copy paste, copy and paste symbols, unicode symbols, aesthetic symbols, copy and paste, ultratextgen"
Clown Emoji to Copy and Paste — UltraTextGen,https://ultratextgen.com/assets/pinterest/library-clown-emoji.png,Emoji Copy Paste & Emoji Combos,,"Copy and paste Clown Emoji for bios, captions, usernames, posts and comments. Browse the full Clown Emoji collection on UltraTextGen — tap any symbol or emoji to copy it instantly, free and with no sign-up.",https://ultratextgen.com/library/clown-emoji/?utm_source=pinterest&utm_medium=social&utm_campaign=organic_pins&utm_content=library-clown-emoji,,"symbol library, clown emoji, clown emoji copy paste, copy and paste symbols, unicode symbols, aesthetic symbols, copy and paste, ultratextgen"
Colombia Emoji Combos to Copy and Paste — UltraTextGen,https://ultratextgen.com/assets/pinterest/library-colombia-emoji-combos.png,Emoji Copy Paste & Emoji Combos,,"Copy and paste Colombia Emoji Combos for bios, captions, usernames, posts and comments. Browse the full Colombia Emoji Combos collection on UltraTextGen — tap any symbol or emoji to copy it instantly, free and with no sign-up.",https://ultratextgen.com/library/colombia-emoji-combos/?utm_source=pinterest&utm_medium=social&utm_campaign=organic_pins&utm_content=library-colombia-emoji-combos,,"symbol library, colombia emoji combos, colombia emoji combos copy paste, copy and paste symbols, unicode symbols, aesthetic symbols, copy and paste, ultratextgen"
Color Emoji Combos to Copy and Paste — UltraTextGen,https://ultratextgen.com/assets/pinterest/library-color-emoji-combos.png,Emoji Copy Paste & Emoji Combos,,"Copy and paste Color Emoji Combos for bios, captions, usernames, posts and comments. Browse the full Color Emoji Combos collection on UltraTextGen — tap any symbol or emoji to copy it instantly, free and with no sign-up.",https://ultratextgen.com/library/color-emoji-combos/?utm_source=pinterest&utm_medium=social&utm_campaign=organic_pins&utm_content=library-color-emoji-combos,,"symbol library, color emoji combos, color emoji combos copy paste, copy and paste symbols, unicode symbols, aesthetic symbols, copy and paste, ultratextgen"
Confused Emoji to Copy and Paste — UltraTextGen,https://ultratextgen.com/assets/pinterest/library-confused-emoji.png,Emoji Copy Paste & Emoji Combos,,"Copy and paste Confused Emoji for bios, captions, usernames, posts and comments. Browse the full Confused Emoji collection on UltraTextGen — tap any symbol or emoji to copy it instantly, free and with no sign-up.",https://ultratextgen.com/library/confused-emoji/?utm_source=pinterest&utm_medium=social&utm_campaign=organic_pins&utm_content=library-confused-emoji,,"symbol library, confused emoji, confused emoji copy paste, copy and paste symbols, unicode symbols, aesthetic symbols, copy and paste, ultratextgen"
Copyright & Trademark Symbols to Copy and Paste,https://ultratextgen.com/assets/pinterest/library-copyright-trademark-symbols.png,Fancy Text Generator & Copy Paste Fonts,,"Copy and paste Copyright & Trademark Symbols (© ® ™ § ¶) for bios, captions, usernames, posts and comments. Browse the full Copyright & Trademark Symbols collection on UltraTextGen — tap any symbol or emoji to copy it instantly, free and with no sign-up.",https://ultratextgen.com/library/copyright-trademark-symbols/?utm_source=pinterest&utm_medium=social&utm_campaign=organic_pins&utm_content=library-copyright-trademark-symbols,,"symbol library, copyright & trademark symbols, copyright & trademark symbols copy paste, copy and paste symbols, unicode symbols, aesthetic symbols, copy and paste, ultratextgen"
Coquette Symbols to Copy and Paste — UltraTextGen,https://ultratextgen.com/assets/pinterest/library-coquette-symbols.png,Instagram Bio Symbols & Aesthetic Text,,"Copy and paste Coquette Symbols (♡ ❀ ✦ ❝ ✿) for bios, captions, usernames, posts and comments. Browse the full Coquette Symbols collection on UltraTextGen — tap any symbol or emoji to copy it instantly, free and with no sign-up.",https://ultratextgen.com/library/coquette-symbols/?utm_source=pinterest&utm_medium=social&utm_campaign=organic_pins&utm_content=library-coquette-symbols,,"symbol library, coquette symbols, coquette symbols copy paste, copy and paste symbols, unicode symbols, aesthetic symbols, copy and paste, ultratextgen"
Costa Rica Emoji Combos to Copy and Paste,https://ultratextgen.com/assets/pinterest/library-costa-rica-emoji-combos.png,Emoji Copy Paste & Emoji Combos,,"Copy and paste Costa Rica Emoji Combos for bios, captions, usernames, posts and comments. Browse the full Costa Rica Emoji Combos collection on UltraTextGen — tap any symbol or emoji to copy it instantly, free and with no sign-up.",https://ultratextgen.com/library/costa-rica-emoji-combos/?utm_source=pinterest&utm_medium=social&utm_campaign=organic_pins&utm_content=library-costa-rica-emoji-combos,,"symbol library, costa rica emoji combos, costa rica emoji combos copy paste, copy and paste symbols, unicode symbols, aesthetic symbols, copy and paste, ultratextgen"
Cottagecore Symbols to Copy and Paste — UltraTextGen,https://ultratextgen.com/assets/pinterest/library-cottagecore-symbols.png,"Cute Symbols, Hearts & Decorative Text",,"Copy and paste Cottagecore Symbols (❀ ✿ ☘ ⚘ ❁) for bios, captions, usernames, posts and comments. Browse the full Cottagecore Symbols collection on UltraTextGen — tap any symbol or emoji to copy it instantly, free and with no sign-up.",https://ultratextgen.com/library/cottagecore-symbols/?utm_source=pinterest&utm_medium=social&utm_campaign=organic_pins&utm_content=library-cottagecore-symbols,,"symbol library, cottagecore symbols, cottagecore symbols copy paste, copy and paste symbols, unicode symbols, aesthetic symbols, copy and paste, ultratextgen"
Cowboy Emoji to Copy and Paste — UltraTextGen,https://ultratextgen.com/assets/pinterest/library-cowboy-emoji.png,Emoji Copy Paste & Emoji Combos,,"Copy and paste Cowboy Emoji for bios, captions, usernames, posts and comments. Browse the full Cowboy Emoji collection on UltraTextGen — tap any symbol or emoji to copy it instantly, free and with no sign-up.",https://ultratextgen.com/library/cowboy-emoji/?utm_source=pinterest&utm_medium=social&utm_campaign=organic_pins&utm_content=library-cowboy-emoji,,"symbol library, cowboy emoji, cowboy emoji copy paste, copy and paste symbols, unicode symbols, aesthetic symbols, copy and paste, ultratextgen"
Cringe Emoji to Copy and Paste — UltraTextGen,https://ultratextgen.com/assets/pinterest/library-cringe-emoji.png,Emoji Copy Paste & Emoji Combos,,"Copy and paste Cringe Emoji for bios, captions, usernames, posts and comments. Browse the full Cringe Emoji collection on UltraTextGen — tap any symbol or emoji to copy it instantly, free and with no sign-up.",https://ultratextgen.com/library/cringe-emoji/?utm_source=pinterest&utm_medium=social&utm_campaign=organic_pins&utm_content=library-cringe-emoji,,"symbol library, cringe emoji, cringe emoji copy paste, copy and paste symbols, unicode symbols, aesthetic symbols, copy and paste, ultratextgen"
Croatia Emoji Combos to Copy and Paste — UltraTextGen,https://ultratextgen.com/assets/pinterest/library-croatia-emoji-combos.png,Emoji Copy Paste & Emoji Combos,,"Copy and paste Croatia Emoji Combos for bios, captions, usernames, posts and comments. Browse the full Croatia Emoji Combos collection on UltraTextGen — tap any symbol or emoji to copy it instantly, free and with no sign-up.",https://ultratextgen.com/library/croatia-emoji-combos/?utm_source=pinterest&utm_medium=social&utm_campaign=organic_pins&utm_content=library-croatia-emoji-combos,,"symbol library, croatia emoji combos, croatia emoji combos copy paste, copy and paste symbols, unicode symbols, aesthetic symbols, copy and paste, ultratextgen"
Cross & X Symbols to Copy and Paste — UltraTextGen,https://ultratextgen.com/assets/pinterest/library-cross-x-symbols.png,Fancy Text Generator & Copy Paste Fonts,,"Copy and paste Cross & X Symbols (✗ ✕ ✚ † ✜) for bios, captions, usernames, posts and comments. Browse the full Cross & X Symbols collection on UltraTextGen — tap any symbol or emoji to copy it instantly, free and with no sign-up.",https://ultratextgen.com/library/cross-x-symbols/?utm_source=pinterest&utm_medium=social&utm_campaign=organic_pins&utm_content=library-cross-x-symbols,,"symbol library, cross & x symbols, cross & x symbols copy paste, copy and paste symbols, unicode symbols, aesthetic symbols, copy and paste, ultratextgen"
Crown Emoji to Copy and Paste — UltraTextGen,https://ultratextgen.com/assets/pinterest/library-crown-emoji.png,Emoji Copy Paste & Emoji Combos,,"Copy and paste Crown Emoji for bios, captions, usernames, posts and comments. Browse the full Crown Emoji collection on UltraTextGen — tap any symbol or emoji to copy it instantly, free and with no sign-up.",https://ultratextgen.com/library/crown-emoji/?utm_source=pinterest&utm_medium=social&utm_campaign=organic_pins&utm_content=library-crown-emoji,,"symbol library, crown emoji, crown emoji copy paste, copy and paste symbols, unicode symbols, aesthetic symbols, copy and paste, ultratextgen"
Crown & Royalty Symbols to Copy and Paste,https://ultratextgen.com/assets/pinterest/library-crown-royalty-symbols.png,"Cute Symbols, Hearts & Decorative Text",,"Copy and paste Crown & Royalty Symbols (♚ ♛ ⚜ ♔ ♕) for bios, captions, usernames, posts and comments. Browse the full Crown & Royalty Symbols collection on UltraTextGen — tap any symbol or emoji to copy it instantly, free and with no sign-up.",https://ultratextgen.com/library/crown-royalty-symbols/?utm_source=pinterest&utm_medium=social&utm_campaign=organic_pins&utm_content=library-crown-royalty-symbols,,"symbol library, crown & royalty symbols, crown & royalty symbols copy paste, copy and paste symbols, unicode symbols, aesthetic symbols, copy and paste, ultratextgen"
Crying Emoji to Copy and Paste — UltraTextGen,https://ultratextgen.com/assets/pinterest/library-crying-emoji.png,Emoji Copy Paste & Emoji Combos,,"Copy and paste Crying Emoji for bios, captions, usernames, posts and comments. Browse the full Crying Emoji collection on UltraTextGen — tap any symbol or emoji to copy it instantly, free and with no sign-up.",https://ultratextgen.com/library/crying-emoji/?utm_source=pinterest&utm_medium=social&utm_campaign=organic_pins&utm_content=library-crying-emoji,,"symbol library, crying emoji, crying emoji copy paste, copy and paste symbols, unicode symbols, aesthetic symbols, copy and paste, ultratextgen"
Crying & Sad Kaomoji to Copy and Paste — UltraTextGen,https://ultratextgen.com/assets/pinterest/library-crying-kaomoji.png,"Text Art, Kaomoji & ASCII Faces",,"Copy and paste Crying & Sad Kaomoji for bios, captions, usernames, posts and comments. Browse the full Crying & Sad Kaomoji collection on UltraTextGen — tap any symbol or emoji to copy it instantly, free and with no sign-up.",https://ultratextgen.com/library/crying-kaomoji/?utm_source=pinterest&utm_medium=social&utm_campaign=organic_pins&utm_content=library-crying-kaomoji,,"symbol library, crying & sad kaomoji, crying & sad kaomoji copy paste, copy and paste symbols, unicode symbols, aesthetic symbols, copy and paste, ultratextgen"
Currency Symbols to Copy and Paste — UltraTextGen,https://ultratextgen.com/assets/pinterest/library-currency-symbols.png,"Special Characters, Unicode & Keyboard Symbols",,"Copy and paste Currency Symbols for bios, captions, usernames, posts and comments. Browse the full Currency Symbols collection on UltraTextGen — tap any symbol or emoji to copy it instantly, free and with no sign-up.",https://ultratextgen.com/library/currency-symbols/?utm_source=pinterest&utm_medium=social&utm_campaign=organic_pins&utm_content=library-currency-symbols,,"symbol library, currency symbols, currency symbols copy paste, copy and paste symbols, unicode symbols, aesthetic symbols, copy and paste, ultratextgen"
Cute Kaomoji to Copy and Paste — UltraTextGen,https://ultratextgen.com/assets/pinterest/library-cute-kaomoji.png,"Cute Symbols, Hearts & Decorative Text",,"Copy and paste Cute Kaomoji for bios, captions, usernames, posts and comments. Browse the full Cute Kaomoji collection on UltraTextGen — tap any symbol or emoji to copy it instantly, free and with no sign-up.",https://ultratextgen.com/library/cute-kaomoji/?utm_source=pinterest&utm_medium=social&utm_campaign=organic_pins&utm_content=library-cute-kaomoji,,"symbol library, cute kaomoji, cute kaomoji copy paste, copy and paste symbols, unicode symbols, aesthetic symbols, copy and paste, ultratextgen"
Dancing Emoji to Copy and Paste — UltraTextGen,https://ultratextgen.com/assets/pinterest/library-dancing-emoji.png,Emoji Copy Paste & Emoji Combos,,"Copy and paste Dancing Emoji for bios, captions, usernames, posts and comments. Browse the full Dancing Emoji collection on UltraTextGen — tap any symbol or emoji to copy it instantly, free and with no sign-up.",https://ultratextgen.com/library/dancing-emoji/?utm_source=pinterest&utm_medium=social&utm_campaign=organic_pins&utm_content=library-dancing-emoji,,"symbol library, dancing emoji, dancing emoji copy paste, copy and paste symbols, unicode symbols, aesthetic symbols, copy and paste, ultratextgen"
Dark Academia Symbols to Copy and Paste — UltraTextGen,https://ultratextgen.com/assets/pinterest/library-dark-academia-symbols.png,Fancy Text Generator & Copy Paste Fonts,,"Copy and paste Dark Academia Symbols (❦ ⁂ § Ⅰ ⟪) for bios, captions, usernames, posts and comments. Browse the full Dark Academia Symbols collection on UltraTextGen — tap any symbol or emoji to copy it instantly, free and with no sign-up.",https://ultratextgen.com/library/dark-academia-symbols/?utm_source=pinterest&utm_medium=social&utm_campaign=organic_pins&utm_content=library-dark-academia-symbols,,"symbol library, dark academia symbols, dark academia symbols copy paste, copy and paste symbols, unicode symbols, aesthetic symbols, copy and paste, ultratextgen"
Dash & Hyphen Symbols to Copy and Paste — UltraTextGen,https://ultratextgen.com/assets/pinterest/library-dash-hyphen-symbols.png,"Special Characters, Unicode & Keyboard Symbols",,"Copy and paste Dash & Hyphen Symbols (— – ― · ‐) for bios, captions, usernames, posts and comments. Browse the full Dash & Hyphen Symbols collection on UltraTextGen — tap any symbol or emoji to copy it instantly, free and with no sign-up.",https://ultratextgen.com/library/dash-hyphen-symbols/?utm_source=pinterest&utm_medium=social&utm_campaign=organic_pins&utm_content=library-dash-hyphen-symbols,,"symbol library, dash & hyphen symbols, dash & hyphen symbols copy paste, copy and paste symbols, unicode symbols, aesthetic symbols, copy and paste, ultratextgen"
De Bruyne Emoji Combos to Copy and Paste,https://ultratextgen.com/assets/pinterest/library-de-bruyne-emoji-combos.png,Emoji Copy Paste & Emoji Combos,,"Copy and paste De Bruyne Emoji Combos for bios, captions, usernames, posts and comments. Browse the full De Bruyne Emoji Combos collection on UltraTextGen — tap any symbol or emoji to copy it instantly, free and with no sign-up.",https://ultratextgen.com/library/de-bruyne-emoji-combos/?utm_source=pinterest&utm_medium=social&utm_campaign=organic_pins&utm_content=library-de-bruyne-emoji-combos,,"symbol library, de bruyne emoji combos, de bruyne emoji combos copy paste, copy and paste symbols, unicode symbols, aesthetic symbols, copy and paste, ultratextgen"
Denmark Emoji Combos to Copy and Paste — UltraTextGen,https://ultratextgen.com/assets/pinterest/library-denmark-emoji-combos.png,Emoji Copy Paste & Emoji Combos,,"Copy and paste Denmark Emoji Combos for bios, captions, usernames, posts and comments. Browse the full Denmark Emoji Combos collection on UltraTextGen — tap any symbol or emoji to copy it instantly, free and with no sign-up.",https://ultratextgen.com/library/denmark-emoji-combos/?utm_source=pinterest&utm_medium=social&utm_campaign=organic_pins&utm_content=library-denmark-emoji-combos,,"symbol library, denmark emoji combos, denmark emoji combos copy paste, copy and paste symbols, unicode symbols, aesthetic symbols, copy and paste, ultratextgen"
Devil Emoji to Copy and Paste — UltraTextGen,https://ultratextgen.com/assets/pinterest/library-devil-emoji.png,Emoji Copy Paste & Emoji Combos,,"Copy and paste Devil Emoji for bios, captions, usernames, posts and comments. Browse the full Devil Emoji collection on UltraTextGen — tap any symbol or emoji to copy it instantly, free and with no sign-up.",https://ultratextgen.com/library/devil-emoji/?utm_source=pinterest&utm_medium=social&utm_campaign=organic_pins&utm_content=library-devil-emoji,,"symbol library, devil emoji, devil emoji copy paste, copy and paste symbols, unicode symbols, aesthetic symbols, copy and paste, ultratextgen"
Di Maria Emoji Combos to Copy and Paste — UltraTextGen,https://ultratextgen.com/assets/pinterest/library-di-maria-emoji-combos.png,Emoji Copy Paste & Emoji Combos,,"Copy and paste Di Maria Emoji Combos for bios, captions, usernames, posts and comments. Browse the full Di Maria Emoji Combos collection on UltraTextGen — tap any symbol or emoji to copy it instantly, free and with no sign-up.",https://ultratextgen.com/library/di-maria-emoji-combos/?utm_source=pinterest&utm_medium=social&utm_campaign=organic_pins&utm_content=library-di-maria-emoji-combos,,"symbol library, di maria emoji combos, di maria emoji combos copy paste, copy and paste symbols, unicode symbols, aesthetic symbols, copy and paste, ultratextgen"
Dice & Domino Symbols to Copy and Paste — UltraTextGen,https://ultratextgen.com/assets/pinterest/library-dice-domino-symbols.png,Fancy Text Generator & Copy Paste Fonts,,"Copy and paste Dice & Domino Symbols (⚀ ⚁ ⚂ ⚃ ⚄) for bios, captions, usernames, posts and comments. Browse the full Dice & Domino Symbols collection on UltraTextGen — tap any symbol or emoji to copy it instantly, free and with no sign-up.",https://ultratextgen.com/library/dice-domino-symbols/?utm_source=pinterest&utm_medium=social&utm_campaign=organic_pins&utm_content=library-dice-domino-symbols,,"symbol library, dice & domino symbols, dice & domino symbols copy paste, copy and paste symbols, unicode symbols, aesthetic symbols, copy and paste, ultratextgen"
Discord Symbols to Copy and Paste — UltraTextGen,https://ultratextgen.com/assets/pinterest/library-discord-symbols.png,"Discord Fonts, Symbols & Names",,"Copy and paste Discord Symbols (✦ ★ ⚔ ♥ ➤) for bios, captions, usernames, posts and comments. Browse the full Discord Symbols collection on UltraTextGen — tap any symbol or emoji to copy it instantly, free and with no sign-up.",https://ultratextgen.com/library/discord-symbols/?utm_source=pinterest&utm_medium=social&utm_campaign=organic_pins&utm_content=library-discord-symbols,,"symbol library, discord symbols, discord symbols copy paste, copy and paste symbols, unicode symbols, aesthetic symbols, copy and paste, ultratextgen"
Kaomoji Dividers to Copy and Paste — UltraTextGen,https://ultratextgen.com/assets/pinterest/library-divider-kaomoji.png,"Cute Symbols, Hearts & Decorative Text",,"Copy and paste Kaomoji Dividers for bios, captions, usernames, posts and comments. Browse the full Kaomoji Dividers collection on UltraTextGen — tap any symbol or emoji to copy it instantly, free and with no sign-up.",https://ultratextgen.com/library/divider-kaomoji/?utm_source=pinterest&utm_medium=social&utm_campaign=organic_pins&utm_content=library-divider-kaomoji,,"symbol library, kaomoji dividers, kaomoji dividers copy paste, copy and paste symbols, unicode symbols, aesthetic symbols, copy and paste, ultratextgen"
Diwali Symbols to Copy and Paste — UltraTextGen,https://ultratextgen.com/assets/pinterest/library-diwali-symbols.png,Fancy Text Generator & Copy Paste Fonts,,"Copy and paste Diwali Symbols (✦ ☀ ❉ ✺ ★) for bios, captions, usernames, posts and comments. Browse the full Diwali Symbols collection on UltraTextGen — tap any symbol or emoji to copy it instantly, free and with no sign-up.",https://ultratextgen.com/library/diwali-symbols/?utm_source=pinterest&utm_medium=social&utm_campaign=organic_pins&utm_content=library-diwali-symbols,,"symbol library, diwali symbols, diwali symbols copy paste, copy and paste symbols, unicode symbols, aesthetic symbols, copy and paste, ultratextgen"
Dog ASCII Art to Copy and Paste — UltraTextGen,https://ultratextgen.com/assets/pinterest/library-dog-ascii-art.png,"Special Characters, Unicode & Keyboard Symbols",,"Copy and paste Dog ASCII Art for bios, captions, usernames, posts and comments. Browse the full Dog ASCII Art collection on UltraTextGen — tap any symbol or emoji to copy it instantly, free and with no sign-up.",https://ultratextgen.com/library/dog-ascii-art/?utm_source=pinterest&utm_medium=social&utm_campaign=organic_pins&utm_content=library-dog-ascii-art,,"symbol library, dog ascii art, dog ascii art copy paste, copy and paste symbols, unicode symbols, aesthetic symbols, copy and paste, ultratextgen"
Dog Kaomoji to Copy and Paste — UltraTextGen,https://ultratextgen.com/assets/pinterest/library-dog-kaomoji.png,"Cute Symbols, Hearts & Decorative Text",,"Copy and paste Dog Kaomoji for bios, captions, usernames, posts and comments. Browse the full Dog Kaomoji collection on UltraTextGen — tap any symbol or emoji to copy it instantly, free and with no sign-up.",https://ultratextgen.com/library/dog-kaomoji/?utm_source=pinterest&utm_medium=social&utm_campaign=organic_pins&utm_content=library-dog-kaomoji,,"symbol library, dog kaomoji, dog kaomoji copy paste, copy and paste symbols, unicode symbols, aesthetic symbols, copy and paste, ultratextgen"
Dongers to Copy and Paste — UltraTextGen,https://ultratextgen.com/assets/pinterest/library-dongers.png,"Text Art, Kaomoji & ASCII Faces",,"Copy and paste Dongers for bios, captions, usernames, posts and comments. Browse the full Dongers collection on UltraTextGen — tap any symbol or emoji to copy it instantly, free and with no sign-up.",https://ultratextgen.com/library/dongers/?utm_source=pinterest&utm_medium=social&utm_campaign=organic_pins&utm_content=library-dongers,,"symbol library, dongers, dongers copy paste, copy and paste symbols, unicode symbols, aesthetic symbols, copy and paste, ultratextgen"
Dreamcore & Weirdcore Symbols to Copy and Paste,https://ultratextgen.com/assets/pinterest/library-dreamcore-weirdcore-symbols.png,Fancy Text Generator & Copy Paste Fonts,,"Copy and paste Dreamcore & Weirdcore Symbols (☽ ✦ ◌ ❍ ✧) for bios, captions, usernames, posts and comments. Browse the full Dreamcore & Weirdcore Symbols collection on UltraTextGen — tap any symbol or emoji to copy it instantly, free and with no sign-up.",https://ultratextgen.com/library/dreamcore-weirdcore-symbols/?utm_source=pinterest&utm_medium=social&utm_campaign=organic_pins&utm_content=library-dreamcore-weirdcore-symbols,,"symbol library, dreamcore & weirdcore symbols, dreamcore & weirdcore symbols copy paste, copy and paste symbols, unicode symbols, aesthetic symbols, copy and paste, ultratextgen"
Easter Symbols to Copy and Paste — UltraTextGen,https://ultratextgen.com/assets/pinterest/library-easter-symbols.png,Fancy Text Generator & Copy Paste Fonts,,"Copy and paste Easter Symbols (✝ ❀ ✿ ❁ ✦) for bios, captions, usernames, posts and comments. Browse the full Easter Symbols collection on UltraTextGen — tap any symbol or emoji to copy it instantly, free and with no sign-up.",https://ultratextgen.com/library/easter-symbols/?utm_source=pinterest&utm_medium=social&utm_campaign=organic_pins&utm_content=library-easter-symbols,,"symbol library, easter symbols, easter symbols copy paste, copy and paste symbols, unicode symbols, aesthetic symbols, copy and paste, ultratextgen"
Ecuador Emoji Combos to Copy and Paste — UltraTextGen,https://ultratextgen.com/assets/pinterest/library-ecuador-emoji-combos.png,Emoji Copy Paste & Emoji Combos,,"Copy and paste Ecuador Emoji Combos for bios, captions, usernames, posts and comments. Browse the full Ecuador Emoji Combos collection on UltraTextGen — tap any symbol or emoji to copy it instantly, free and with no sign-up.",https://ultratextgen.com/library/ecuador-emoji-combos/?utm_source=pinterest&utm_medium=social&utm_campaign=organic_pins&utm_content=library-ecuador-emoji-combos,,"symbol library, ecuador emoji combos, ecuador emoji combos copy paste, copy and paste symbols, unicode symbols, aesthetic symbols, copy and paste, ultratextgen"
Eggplant Emoji to Copy and Paste — UltraTextGen,https://ultratextgen.com/assets/pinterest/library-eggplant-emoji.png,Emoji Copy Paste & Emoji Combos,,"Copy and paste Eggplant Emoji for bios, captions, usernames, posts and comments. Browse the full Eggplant Emoji collection on UltraTextGen — tap any symbol or emoji to copy it instantly, free and with no sign-up.",https://ultratextgen.com/library/eggplant-emoji/?utm_source=pinterest&utm_medium=social&utm_campaign=organic_pins&utm_content=library-eggplant-emoji,,"symbol library, eggplant emoji, eggplant emoji copy paste, copy and paste symbols, unicode symbols, aesthetic symbols, copy and paste, ultratextgen"
Egypt Emoji Combos to Copy and Paste — UltraTextGen,https://ultratextgen.com/assets/pinterest/library-egypt-emoji-combos.png,Emoji Copy Paste & Emoji Combos,,"Copy and paste Egypt Emoji Combos for bios, captions, usernames, posts and comments. Browse the full Egypt Emoji Combos collection on UltraTextGen — tap any symbol or emoji to copy it instantly, free and with no sign-up.",https://ultratextgen.com/library/egypt-emoji-combos/?utm_source=pinterest&utm_medium=social&utm_campaign=organic_pins&utm_content=library-egypt-emoji-combos,,"symbol library, egypt emoji combos, egypt emoji combos copy paste, copy and paste symbols, unicode symbols, aesthetic symbols, copy and paste, ultratextgen"
Egyptian Hieroglyphs to Copy and Paste — UltraTextGen,https://ultratextgen.com/assets/pinterest/library-egyptian-hieroglyphs.png,Fancy Text Generator & Copy Paste Fonts,,"Copy and paste Egyptian Hieroglyphs for bios, captions, usernames, posts and comments. Browse the full Egyptian Hieroglyphs collection on UltraTextGen — tap any symbol or emoji to copy it instantly, free and with no sign-up.",https://ultratextgen.com/library/egyptian-hieroglyphs/?utm_source=pinterest&utm_medium=social&utm_campaign=organic_pins&utm_content=library-egyptian-hieroglyphs,,"symbol library, egyptian hieroglyphs, egyptian hieroglyphs copy paste, copy and paste symbols, unicode symbols, aesthetic symbols, copy and paste, ultratextgen"
Electrical & Circuit Symbols to Copy and Paste,https://ultratextgen.com/assets/pinterest/library-electrical-circuit-symbols.png,Fancy Text Generator & Copy Paste Fonts,,"Copy and paste Electrical & Circuit Symbols (⚡ ⊕ ⊖ Ω ~) for bios, captions, usernames, posts and comments. Browse the full Electrical & Circuit Symbols collection on UltraTextGen — tap any symbol or emoji to copy it instantly, free and with no sign-up.",https://ultratextgen.com/library/electrical-circuit-symbols/?utm_source=pinterest&utm_medium=social&utm_campaign=organic_pins&utm_content=library-electrical-circuit-symbols,,"symbol library, electrical & circuit symbols, electrical & circuit symbols copy paste, copy and paste symbols, unicode symbols, aesthetic symbols, copy and paste, ultratextgen"
Email Symbols to Copy and Paste — UltraTextGen,https://ultratextgen.com/assets/pinterest/library-email-symbols.png,Fancy Text Generator & Copy Paste Fonts,,"Copy and paste Email Symbols for bios, captions, usernames, posts and comments. Browse the full Email Symbols collection on UltraTextGen — tap any symbol or emoji to copy it instantly, free and with no sign-up.",https://ultratextgen.com/library/email-symbols/?utm_source=pinterest&utm_medium=social&utm_campaign=organic_pins&utm_content=library-email-symbols,,"symbol library, email symbols, email symbols copy paste, copy and paste symbols, unicode symbols, aesthetic symbols, copy and paste, ultratextgen"
Embarrassed Emoji to Copy and Paste — UltraTextGen,https://ultratextgen.com/assets/pinterest/library-embarrassed-emoji.png,Emoji Copy Paste & Emoji Combos,,"Copy and paste Embarrassed Emoji for bios, captions, usernames, posts and comments. Browse the full Embarrassed Emoji collection on UltraTextGen — tap any symbol or emoji to copy it instantly, free and with no sign-up.",https://ultratextgen.com/library/embarrassed-emoji/?utm_source=pinterest&utm_medium=social&utm_campaign=organic_pins&utm_content=library-embarrassed-emoji,,"symbol library, embarrassed emoji, embarrassed emoji copy paste, copy and paste symbols, unicode symbols, aesthetic symbols, copy and paste, ultratextgen"
Emoji Combos to Copy and Paste — UltraTextGen,https://ultratextgen.com/assets/pinterest/library-emoji-combos.png,Emoji Copy Paste & Emoji Combos,,"Copy and paste Emoji Combos for bios, captions, usernames, posts and comments. Browse the full Emoji Combos collection on UltraTextGen — tap any symbol or emoji to copy it instantly, free and with no sign-up.",https://ultratextgen.com/library/emoji-combos/?utm_source=pinterest&utm_medium=social&utm_campaign=organic_pins&utm_content=library-emoji-combos,,"symbol library, emoji combos, emoji combos copy paste, copy and paste symbols, unicode symbols, aesthetic symbols, copy and paste, ultratextgen"
Flag Emoji Explorer to Copy and Paste — UltraTextGen,https://ultratextgen.com/assets/pinterest/library-emoji-flags.png,Emoji Copy Paste & Emoji Combos,,"Copy and paste Flag Emoji Explorer for bios, captions, usernames, posts and comments. Browse the full Flag Emoji Explorer collection on UltraTextGen — tap any symbol or emoji to copy it instantly, free and with no sign-up.",https://ultratextgen.com/library/emoji-flags/?utm_source=pinterest&utm_medium=social&utm_campaign=organic_pins&utm_content=library-emoji-flags,,"symbol library, flag emoji explorer, flag emoji explorer copy paste, copy and paste symbols, unicode symbols, aesthetic symbols, copy and paste, ultratextgen"
Emoji Meanings Guide to Copy and Paste — UltraTextGen,https://ultratextgen.com/assets/pinterest/library-emoji-meanings-guide.png,Emoji Copy Paste & Emoji Combos,,"Copy and paste Emoji Meanings Guide for bios, captions, usernames, posts and comments. Browse the full Emoji Meanings Guide collection on UltraTextGen — tap any symbol or emoji to copy it instantly, free and with no sign-up.",https://ultratextgen.com/library/emoji-meanings-guide/?utm_source=pinterest&utm_medium=social&utm_campaign=organic_pins&utm_content=library-emoji-meanings-guide,,"symbol library, emoji meanings guide, emoji meanings guide copy paste, copy and paste symbols, unicode symbols, aesthetic symbols, copy and paste, ultratextgen"
England Emoji Combos to Copy and Paste — UltraTextGen,https://ultratextgen.com/assets/pinterest/library-england-emoji-combos.png,Emoji Copy Paste & Emoji Combos,,"Copy and paste England Emoji Combos for bios, captions, usernames, posts and comments. Browse the full England Emoji Combos collection on UltraTextGen — tap any symbol or emoji to copy it instantly, free and with no sign-up.",https://ultratextgen.com/library/england-emoji-combos/?utm_source=pinterest&utm_medium=social&utm_campaign=organic_pins&utm_content=library-england-emoji-combos,,"symbol library, england emoji combos, england emoji combos copy paste, copy and paste symbols, unicode symbols, aesthetic symbols, copy and paste, ultratextgen"
Evil Eye & Hamsa Symbols to Copy and Paste,https://ultratextgen.com/assets/pinterest/library-evil-eye-hamsa-symbols.png,Fancy Text Generator & Copy Paste Fonts,,"Copy and paste Evil Eye & Hamsa Symbols (◉ ☽ ✦ ❂ ☉) for bios, captions, usernames, posts and comments. Browse the full Evil Eye & Hamsa Symbols collection on UltraTextGen — tap any symbol or emoji to copy it instantly, free and with no sign-up.",https://ultratextgen.com/library/evil-eye-hamsa-symbols/?utm_source=pinterest&utm_medium=social&utm_campaign=organic_pins&utm_content=library-evil-eye-hamsa-symbols,,"symbol library, evil eye & hamsa symbols, evil eye & hamsa symbols copy paste, copy and paste symbols, unicode symbols, aesthetic symbols, copy and paste, ultratextgen"
Excited Kaomoji to Copy and Paste — UltraTextGen,https://ultratextgen.com/assets/pinterest/library-excited-kaomoji.png,"Text Art, Kaomoji & ASCII Faces",,"Copy and paste Excited Kaomoji for bios, captions, usernames, posts and comments. Browse the full Excited Kaomoji collection on UltraTextGen — tap any symbol or emoji to copy it instantly, free and with no sign-up.",https://ultratextgen.com/library/excited-kaomoji/?utm_source=pinterest&utm_medium=social&utm_campaign=organic_pins&utm_content=library-excited-kaomoji,,"symbol library, excited kaomoji, excited kaomoji copy paste, copy and paste symbols, unicode symbols, aesthetic symbols, copy and paste, ultratextgen"
Eye Roll Emoji to Copy and Paste — UltraTextGen,https://ultratextgen.com/assets/pinterest/library-eye-roll-emoji.png,Emoji Copy Paste & Emoji Combos,,"Copy and paste Eye Roll Emoji for bios, captions, usernames, posts and comments. Browse the full Eye Roll Emoji collection on UltraTextGen — tap any symbol or emoji to copy it instantly, free and with no sign-up.",https://ultratextgen.com/library/eye-roll-emoji/?utm_source=pinterest&utm_medium=social&utm_campaign=organic_pins&utm_content=library-eye-roll-emoji,,"symbol library, eye roll emoji, eye roll emoji copy paste, copy and paste symbols, unicode symbols, aesthetic symbols, copy and paste, ultratextgen"
Eyes Emoji to Copy and Paste — UltraTextGen,https://ultratextgen.com/assets/pinterest/library-eyes-emoji.png,Emoji Copy Paste & Emoji Combos,,"Copy and paste Eyes Emoji for bios, captions, usernames, posts and comments. Browse the full Eyes Emoji collection on UltraTextGen — tap any symbol or emoji to copy it instantly, free and with no sign-up.",https://ultratextgen.com/library/eyes-emoji/?utm_source=pinterest&utm_medium=social&utm_campaign=organic_pins&utm_content=library-eyes-emoji,,"symbol library, eyes emoji, eyes emoji copy paste, copy and paste symbols, unicode symbols, aesthetic symbols, copy and paste, ultratextgen"
Face & Emotion Emojis to Copy and Paste — UltraTextGen,https://ultratextgen.com/assets/pinterest/library-face-emojis.png,Emoji Copy Paste & Emoji Combos,,"Copy and paste Face & Emotion Emojis for bios, captions, usernames, posts and comments. Browse the full Face & Emotion Emojis collection on UltraTextGen — tap any symbol or emoji to copy it instantly, free and with no sign-up.",https://ultratextgen.com/library/face-emojis/?utm_source=pinterest&utm_medium=social&utm_campaign=organic_pins&utm_content=library-face-emojis,,"symbol library, face & emotion emojis, face & emotion emojis copy paste, copy and paste symbols, unicode symbols, aesthetic symbols, copy and paste, ultratextgen"
Facebook Symbols to Copy and Paste — UltraTextGen,https://ultratextgen.com/assets/pinterest/library-facebook-symbols.png,"TikTok, Snapchat & WhatsApp Fonts",,"Copy and paste Facebook Symbols for bios, captions, usernames, posts and comments. Browse the full Facebook Symbols collection on UltraTextGen — tap any symbol or emoji to copy it instantly, free and with no sign-up.",https://ultratextgen.com/library/facebook-symbols/?utm_source=pinterest&utm_medium=social&utm_campaign=organic_pins&utm_content=library-facebook-symbols,,"symbol library, facebook symbols, facebook symbols copy paste, copy and paste symbols, unicode symbols, aesthetic symbols, copy and paste, ultratextgen"
Facepalm Emoji to Copy and Paste — UltraTextGen,https://ultratextgen.com/assets/pinterest/library-facepalm-emoji.png,Emoji Copy Paste & Emoji Combos,,"Copy and paste Facepalm Emoji for bios, captions, usernames, posts and comments. Browse the full Facepalm Emoji collection on UltraTextGen — tap any symbol or emoji to copy it instantly, free and with no sign-up.",https://ultratextgen.com/library/facepalm-emoji/?utm_source=pinterest&utm_medium=social&utm_campaign=organic_pins&utm_content=library-facepalm-emoji,,"symbol library, facepalm emoji, facepalm emoji copy paste, copy and paste symbols, unicode symbols, aesthetic symbols, copy and paste, ultratextgen"
Fairycore Symbols to Copy and Paste — UltraTextGen,https://ultratextgen.com/assets/pinterest/library-fairycore-symbols.png,"Cute Symbols, Hearts & Decorative Text",,"Copy and paste Fairycore Symbols (✦ ✧ ❀ ✿ ❁) for bios, captions, usernames, posts and comments. Browse the full Fairycore Symbols collection on UltraTextGen — tap any symbol or emoji to copy it instantly, free and with no sign-up.",https://ultratextgen.com/library/fairycore-symbols/?utm_source=pinterest&utm_medium=social&utm_campaign=organic_pins&utm_content=library-fairycore-symbols,,"symbol library, fairycore symbols, fairycore symbols copy paste, copy and paste symbols, unicode symbols, aesthetic symbols, copy and paste, ultratextgen"
Fantasy & Mythical Emojis to Copy and Paste,https://ultratextgen.com/assets/pinterest/library-fantasy-mythical-emojis.png,Emoji Copy Paste & Emoji Combos,,"Copy and paste Fantasy & Mythical Emojis (★ ✦ ☽ ⚔ ☾) for bios, captions, usernames, posts and comments. Browse the full Fantasy & Mythical Emojis collection on UltraTextGen — tap any symbol or emoji to copy it instantly, free and with no sign-up.",https://ultratextgen.com/library/fantasy-mythical-emojis/?utm_source=pinterest&utm_medium=social&utm_campaign=organic_pins&utm_content=library-fantasy-mythical-emojis,,"symbol library, fantasy & mythical emojis, fantasy & mythical emojis copy paste, copy and paste symbols, unicode symbols, aesthetic symbols, copy and paste, ultratextgen"
Fire Emoji to Copy and Paste — UltraTextGen,https://ultratextgen.com/assets/pinterest/library-fire-emoji.png,Emoji Copy Paste & Emoji Combos,,"Copy and paste Fire Emoji for bios, captions, usernames, posts and comments. Browse the full Fire Emoji collection on UltraTextGen — tap any symbol or emoji to copy it instantly, free and with no sign-up.",https://ultratextgen.com/library/fire-emoji/?utm_source=pinterest&utm_medium=social&utm_campaign=organic_pins&utm_content=library-fire-emoji,,"symbol library, fire emoji, fire emoji copy paste, copy and paste symbols, unicode symbols, aesthetic symbols, copy and paste, ultratextgen"
Flower Kaomoji to Copy and Paste — UltraTextGen,https://ultratextgen.com/assets/pinterest/library-flower-kaomoji.png,"Cute Symbols, Hearts & Decorative Text",,"Copy and paste Flower Kaomoji for bios, captions, usernames, posts and comments. Browse the full Flower Kaomoji collection on UltraTextGen — tap any symbol or emoji to copy it instantly, free and with no sign-up.",https://ultratextgen.com/library/flower-kaomoji/?utm_source=pinterest&utm_medium=social&utm_campaign=organic_pins&utm_content=library-flower-kaomoji,,"symbol library, flower kaomoji, flower kaomoji copy paste, copy and paste symbols, unicode symbols, aesthetic symbols, copy and paste, ultratextgen"
Flower & Nature Symbols to Copy and Paste,https://ultratextgen.com/assets/pinterest/library-flower-symbols.png,"Cute Symbols, Hearts & Decorative Text",,"Copy and paste Flower & Nature Symbols (❀ ✿ ❁ ❃ ⚘) for bios, captions, usernames, posts and comments. Browse the full Flower & Nature Symbols collection on UltraTextGen — tap any symbol or emoji to copy it instantly, free and with no sign-up.",https://ultratextgen.com/library/flower-symbols/?utm_source=pinterest&utm_medium=social&utm_campaign=organic_pins&utm_content=library-flower-symbols,,"symbol library, flower & nature symbols, flower & nature symbols copy paste, copy and paste symbols, unicode symbols, aesthetic symbols, copy and paste, ultratextgen"
Foden Emoji Combos to Copy and Paste — UltraTextGen,https://ultratextgen.com/assets/pinterest/library-foden-emoji-combos.png,Emoji Copy Paste & Emoji Combos,,"Copy and paste Foden Emoji Combos for bios, captions, usernames, posts and comments. Browse the full Foden Emoji Combos collection on UltraTextGen — tap any symbol or emoji to copy it instantly, free and with no sign-up.",https://ultratextgen.com/library/foden-emoji-combos/?utm_source=pinterest&utm_medium=social&utm_campaign=organic_pins&utm_content=library-foden-emoji-combos,,"symbol library, foden emoji combos, foden emoji combos copy paste, copy and paste symbols, unicode symbols, aesthetic symbols, copy and paste, ultratextgen"
Food & Drink Emojis to Copy and Paste — UltraTextGen,https://ultratextgen.com/assets/pinterest/library-food-drink-emojis.png,Emoji Copy Paste & Emoji Combos,,"Copy and paste Food & Drink Emojis for bios, captions, usernames, posts and comments. Browse the full Food & Drink Emojis collection on UltraTextGen — tap any symbol or emoji to copy it instantly, free and with no sign-up.",https://ultratextgen.com/library/food-drink-emojis/?utm_source=pinterest&utm_medium=social&utm_campaign=organic_pins&utm_content=library-food-drink-emojis,,"symbol library, food & drink emojis, food & drink emojis copy paste, copy and paste symbols, unicode symbols, aesthetic symbols, copy and paste, ultratextgen"
Football ASCII Art to Copy and Paste — UltraTextGen,https://ultratextgen.com/assets/pinterest/library-football-ascii-art.png,"Special Characters, Unicode & Keyboard Symbols",,"Copy and paste Football ASCII Art for bios, captions, usernames, posts and comments. Browse the full Football ASCII Art collection on UltraTextGen — tap any symbol or emoji to copy it instantly, free and with no sign-up.",https://ultratextgen.com/library/football-ascii-art/?utm_source=pinterest&utm_medium=social&utm_campaign=organic_pins&utm_content=library-football-ascii-art,,"symbol library, football ascii art, football ascii art copy paste, copy and paste symbols, unicode symbols, aesthetic symbols, copy and paste, ultratextgen"
Football Emoji Copy & Paste to Copy and Paste,https://ultratextgen.com/assets/pinterest/library-football-emoji-copy-paste.png,Emoji Copy Paste & Emoji Combos,,"Copy and paste Football Emoji Copy & Paste for bios, captions, usernames, posts and comments. Browse the full Football Emoji Copy & Paste collection on UltraTextGen — tap any symbol or emoji to copy it instantly, free and with no sign-up.",https://ultratextgen.com/library/football-emoji-copy-paste/?utm_source=pinterest&utm_medium=social&utm_campaign=organic_pins&utm_content=library-football-emoji-copy-paste,,"symbol library, football emoji copy & paste, football emoji copy & paste copy paste, copy and paste symbols, unicode symbols, aesthetic symbols, copy and paste, ultratextgen"
Football Kaomoji to Copy and Paste — UltraTextGen,https://ultratextgen.com/assets/pinterest/library-football-kaomoji.png,"Cute Symbols, Hearts & Decorative Text",,"Copy and paste Football Kaomoji for bios, captions, usernames, posts and comments. Browse the full Football Kaomoji collection on UltraTextGen — tap any symbol or emoji to copy it instantly, free and with no sign-up.",https://ultratextgen.com/library/football-kaomoji/?utm_source=pinterest&utm_medium=social&utm_campaign=organic_pins&utm_content=library-football-kaomoji,,"symbol library, football kaomoji, football kaomoji copy paste, copy and paste symbols, unicode symbols, aesthetic symbols, copy and paste, ultratextgen"
Football Reaction Emojis to Copy and Paste,https://ultratextgen.com/assets/pinterest/library-football-reaction-emojis.png,Emoji Copy Paste & Emoji Combos,,"Copy and paste Football Reaction Emojis for bios, captions, usernames, posts and comments. Browse the full Football Reaction Emojis collection on UltraTextGen — tap any symbol or emoji to copy it instantly, free and with no sign-up.",https://ultratextgen.com/library/football-reaction-emojis/?utm_source=pinterest&utm_medium=social&utm_campaign=organic_pins&utm_content=library-football-reaction-emojis,,"symbol library, football reaction emojis, football reaction emojis copy paste, copy and paste symbols, unicode symbols, aesthetic symbols, copy and paste, ultratextgen"
Football Symbols & Combos to Copy and Paste,https://ultratextgen.com/assets/pinterest/library-football-symbols.png,Fancy Text Generator & Copy Paste Fonts,,"Copy and paste Football Symbols & Combos for bios, captions, usernames, posts and comments. Browse the full Football Symbols & Combos collection on UltraTextGen — tap any symbol or emoji to copy it instantly, free and with no sign-up.",https://ultratextgen.com/library/football-symbols/?utm_source=pinterest&utm_medium=social&utm_campaign=organic_pins&utm_content=library-football-symbols,,"symbol library, football symbols & combos, football symbols & combos copy paste, copy and paste symbols, unicode symbols, aesthetic symbols, copy and paste, ultratextgen"
Football & World Cup Trophy Emoji to Copy and Paste,https://ultratextgen.com/assets/pinterest/library-football-trophy-emoji.png,Emoji Copy Paste & Emoji Combos,,"Copy and paste Football & World Cup Trophy Emoji for bios, captions, usernames, posts and comments. Browse the full Football & World Cup Trophy Emoji collection on UltraTextGen — tap any symbol or emoji to copy it instantly, free and with no sign-up.",https://ultratextgen.com/library/football-trophy-emoji/?utm_source=pinterest&utm_medium=social&utm_campaign=organic_pins&utm_content=library-football-trophy-emoji,,"symbol library, football & world cup trophy emoji, football & world cup trophy emoji copy paste, copy and paste symbols, unicode symbols, aesthetic symbols, copy and paste, ultratextgen"
Football Username Ideas & Symbols to Copy and Paste,https://ultratextgen.com/assets/pinterest/library-football-username-ideas.png,Gaming Symbols & Usernames,,"Copy and paste Football Username Ideas & Symbols for bios, captions, usernames, posts and comments. Browse the full Football Username Ideas & Symbols collection on UltraTextGen — tap any symbol or emoji to copy it instantly, free and with no sign-up.",https://ultratextgen.com/library/football-username-ideas/?utm_source=pinterest&utm_medium=social&utm_campaign=organic_pins&utm_content=library-football-username-ideas,,"symbol library, football username ideas & symbols, football username ideas & symbols copy paste, copy and paste symbols, unicode symbols, aesthetic symbols, copy and paste, ultratextgen"
Fortnite Name Symbols to Copy and Paste — UltraTextGen,https://ultratextgen.com/assets/pinterest/library-fortnite-symbols.png,Gaming Symbols & Usernames,,"Copy and paste Fortnite Name Symbols (⚔ ★ ✦ ☠ ➤) for bios, captions, usernames, posts and comments. Browse the full Fortnite Name Symbols collection on UltraTextGen — tap any symbol or emoji to copy it instantly, free and with no sign-up.",https://ultratextgen.com/library/fortnite-symbols/?utm_source=pinterest&utm_medium=social&utm_campaign=organic_pins&utm_content=library-fortnite-symbols,,"symbol library, fortnite name symbols, fortnite name symbols copy paste, copy and paste symbols, unicode symbols, aesthetic symbols, copy and paste, ultratextgen"
Fourth of July Symbols to Copy and Paste,https://ultratextgen.com/assets/pinterest/library-fourth-of-july-symbols.png,"Cute Symbols, Hearts & Decorative Text",,"Copy and paste Fourth of July Symbols (★ ☆ ✯ ✪ ✦) for bios, captions, usernames, posts and comments. Browse the full Fourth of July Symbols collection on UltraTextGen — tap any symbol or emoji to copy it instantly, free and with no sign-up.",https://ultratextgen.com/library/fourth-of-july-symbols/?utm_source=pinterest&utm_medium=social&utm_campaign=organic_pins&utm_content=library-fourth-of-july-symbols,,"symbol library, fourth of july symbols, fourth of july symbols copy paste, copy and paste symbols, unicode symbols, aesthetic symbols, copy and paste, ultratextgen"
Fraction Symbols to Copy and Paste — UltraTextGen,https://ultratextgen.com/assets/pinterest/library-fraction-symbols.png,"Special Characters, Unicode & Keyboard Symbols",,"Copy and paste Fraction Symbols (½ ⅓ ¼ ¾ ⅔) for bios, captions, usernames, posts and comments. Browse the full Fraction Symbols collection on UltraTextGen — tap any symbol or emoji to copy it instantly, free and with no sign-up.",https://ultratextgen.com/library/fraction-symbols/?utm_source=pinterest&utm_medium=social&utm_campaign=organic_pins&utm_content=library-fraction-symbols,,"symbol library, fraction symbols, fraction symbols copy paste, copy and paste symbols, unicode symbols, aesthetic symbols, copy and paste, ultratextgen"
France Emoji Combos to Copy and Paste — UltraTextGen,https://ultratextgen.com/assets/pinterest/library-france-emoji-combos.png,Emoji Copy Paste & Emoji Combos,,"Copy and paste France Emoji Combos for bios, captions, usernames, posts and comments. Browse the full France Emoji Combos collection on UltraTextGen — tap any symbol or emoji to copy it instantly, free and with no sign-up.",https://ultratextgen.com/library/france-emoji-combos/?utm_source=pinterest&utm_medium=social&utm_campaign=organic_pins&utm_content=library-france-emoji-combos,,"symbol library, france emoji combos, france emoji combos copy paste, copy and paste symbols, unicode symbols, aesthetic symbols, copy and paste, ultratextgen"
Freaky Emoji to Copy and Paste — UltraTextGen,https://ultratextgen.com/assets/pinterest/library-freaky-emoji.png,Emoji Copy Paste & Emoji Combos,,"Copy and paste Freaky Emoji for bios, captions, usernames, posts and comments. Browse the full Freaky Emoji collection on UltraTextGen — tap any symbol or emoji to copy it instantly, free and with no sign-up.",https://ultratextgen.com/library/freaky-emoji/?utm_source=pinterest&utm_medium=social&utm_campaign=organic_pins&utm_content=library-freaky-emoji,,"symbol library, freaky emoji, freaky emoji copy paste, copy and paste symbols, unicode symbols, aesthetic symbols, copy and paste, ultratextgen"
Free Fire Name Symbols to Copy and Paste,https://ultratextgen.com/assets/pinterest/library-free-fire-name-symbols.png,Gaming Symbols & Usernames,,"Copy and paste Free Fire Name Symbols (☠ ⚔ ★ ✦ ➤) for bios, captions, usernames, posts and comments. Browse the full Free Fire Name Symbols collection on UltraTextGen — tap any symbol or emoji to copy it instantly, free and with no sign-up.",https://ultratextgen.com/library/free-fire-name-symbols/?utm_source=pinterest&utm_medium=social&utm_campaign=organic_pins&utm_content=library-free-fire-name-symbols,,"symbol library, free fire name symbols, free fire name symbols copy paste, copy and paste symbols, unicode symbols, aesthetic symbols, copy and paste, ultratextgen"
Friendship Emojis to Copy and Paste — UltraTextGen,https://ultratextgen.com/assets/pinterest/library-friendship-emojis.png,Emoji Copy Paste & Emoji Combos,,"Copy and paste Friendship Emojis (♥ ♡ ❣ ✦ ★) for bios, captions, usernames, posts and comments. Browse the full Friendship Emojis collection on UltraTextGen — tap any symbol or emoji to copy it instantly, free and with no sign-up.",https://ultratextgen.com/library/friendship-emojis/?utm_source=pinterest&utm_medium=social&utm_campaign=organic_pins&utm_content=library-friendship-emojis,,"symbol library, friendship emojis, friendship emojis copy paste, copy and paste symbols, unicode symbols, aesthetic symbols, copy and paste, ultratextgen"
Funny Emoji Combos to Copy and Paste — UltraTextGen,https://ultratextgen.com/assets/pinterest/library-funny-emoji-combos.png,Emoji Copy Paste & Emoji Combos,,"Copy and paste Funny Emoji Combos for bios, captions, usernames, posts and comments. Browse the full Funny Emoji Combos collection on UltraTextGen — tap any symbol or emoji to copy it instantly, free and with no sign-up.",https://ultratextgen.com/library/funny-emoji-combos/?utm_source=pinterest&utm_medium=social&utm_campaign=organic_pins&utm_content=library-funny-emoji-combos,,"symbol library, funny emoji combos, funny emoji combos copy paste, copy and paste symbols, unicode symbols, aesthetic symbols, copy and paste, ultratextgen"
Gaming Aesthetic Symbols to Copy and Paste,https://ultratextgen.com/assets/pinterest/library-gaming-aesthetic-symbols.png,Instagram Bio Symbols & Aesthetic Text,,"Copy and paste Gaming Aesthetic Symbols (▰ ▱ ⌖ ━ ▮) for bios, captions, usernames, posts and comments. Browse the full Gaming Aesthetic Symbols collection on UltraTextGen — tap any symbol or emoji to copy it instantly, free and with no sign-up.",https://ultratextgen.com/library/gaming-aesthetic-symbols/?utm_source=pinterest&utm_medium=social&utm_campaign=organic_pins&utm_content=library-gaming-aesthetic-symbols,,"symbol library, gaming aesthetic symbols, gaming aesthetic symbols copy paste, copy and paste symbols, unicode symbols, aesthetic symbols, copy and paste, ultratextgen"
Gavi Emoji Combos to Copy and Paste — UltraTextGen,https://ultratextgen.com/assets/pinterest/library-gavi-emoji-combos.png,Emoji Copy Paste & Emoji Combos,,"Copy and paste Gavi Emoji Combos for bios, captions, usernames, posts and comments. Browse the full Gavi Emoji Combos collection on UltraTextGen — tap any symbol or emoji to copy it instantly, free and with no sign-up.",https://ultratextgen.com/library/gavi-emoji-combos/?utm_source=pinterest&utm_medium=social&utm_campaign=organic_pins&utm_content=library-gavi-emoji-combos,,"symbol library, gavi emoji combos, gavi emoji combos copy paste, copy and paste symbols, unicode symbols, aesthetic symbols, copy and paste, ultratextgen"
Gender Symbols to Copy and Paste — UltraTextGen,https://ultratextgen.com/assets/pinterest/library-gender-symbols.png,Instagram Bio Symbols & Aesthetic Text,,"Copy and paste Gender Symbols (♀ ♂ ⚥ ☿ ✦) for bios, captions, usernames, posts and comments. Browse the full Gender Symbols collection on UltraTextGen — tap any symbol or emoji to copy it instantly, free and with no sign-up.",https://ultratextgen.com/library/gender-symbols/?utm_source=pinterest&utm_medium=social&utm_campaign=organic_pins&utm_content=library-gender-symbols,,"symbol library, gender symbols, gender symbols copy paste, copy and paste symbols, unicode symbols, aesthetic symbols, copy and paste, ultratextgen"
Geometric Symbols to Copy and Paste — UltraTextGen,https://ultratextgen.com/assets/pinterest/library-geometric-symbols.png,Fancy Text Generator & Copy Paste Fonts,,"Copy and paste Geometric Symbols (● ▲ ■ ◆ ◇) for bios, captions, usernames, posts and comments. Browse the full Geometric Symbols collection on UltraTextGen — tap any symbol or emoji to copy it instantly, free and with no sign-up.",https://ultratextgen.com/library/geometric-symbols/?utm_source=pinterest&utm_medium=social&utm_campaign=organic_pins&utm_content=library-geometric-symbols,,"symbol library, geometric symbols, geometric symbols copy paste, copy and paste symbols, unicode symbols, aesthetic symbols, copy and paste, ultratextgen"
Germany Emoji Combos to Copy and Paste — UltraTextGen,https://ultratextgen.com/assets/pinterest/library-germany-emoji-combos.png,Emoji Copy Paste & Emoji Combos,,"Copy and paste Germany Emoji Combos for bios, captions, usernames, posts and comments. Browse the full Germany Emoji Combos collection on UltraTextGen — tap any symbol or emoji to copy it instantly, free and with no sign-up.",https://ultratextgen.com/library/germany-emoji-combos/?utm_source=pinterest&utm_medium=social&utm_campaign=organic_pins&utm_content=library-germany-emoji-combos,,"symbol library, germany emoji combos, germany emoji combos copy paste, copy and paste symbols, unicode symbols, aesthetic symbols, copy and paste, ultratextgen"
Ghana Emoji Combos to Copy and Paste — UltraTextGen,https://ultratextgen.com/assets/pinterest/library-ghana-emoji-combos.png,Emoji Copy Paste & Emoji Combos,,"Copy and paste Ghana Emoji Combos for bios, captions, usernames, posts and comments. Browse the full Ghana Emoji Combos collection on UltraTextGen — tap any symbol or emoji to copy it instantly, free and with no sign-up.",https://ultratextgen.com/library/ghana-emoji-combos/?utm_source=pinterest&utm_medium=social&utm_campaign=organic_pins&utm_content=library-ghana-emoji-combos,,"symbol library, ghana emoji combos, ghana emoji combos copy paste, copy and paste symbols, unicode symbols, aesthetic symbols, copy and paste, ultratextgen"
Ghost Emoji to Copy and Paste — UltraTextGen,https://ultratextgen.com/assets/pinterest/library-ghost-emoji.png,Emoji Copy Paste & Emoji Combos,,"Copy and paste Ghost Emoji for bios, captions, usernames, posts and comments. Browse the full Ghost Emoji collection on UltraTextGen — tap any symbol or emoji to copy it instantly, free and with no sign-up.",https://ultratextgen.com/library/ghost-emoji/?utm_source=pinterest&utm_medium=social&utm_campaign=organic_pins&utm_content=library-ghost-emoji,,"symbol library, ghost emoji, ghost emoji copy paste, copy and paste symbols, unicode symbols, aesthetic symbols, copy and paste, ultratextgen"
Gift Emoji to Copy and Paste — UltraTextGen,https://ultratextgen.com/assets/pinterest/library-gift-emoji.png,Emoji Copy Paste & Emoji Combos,,"Copy and paste Gift Emoji for bios, captions, usernames, posts and comments. Browse the full Gift Emoji collection on UltraTextGen — tap any symbol or emoji to copy it instantly, free and with no sign-up.",https://ultratextgen.com/library/gift-emoji/?utm_source=pinterest&utm_medium=social&utm_campaign=organic_pins&utm_content=library-gift-emoji,,"symbol library, gift emoji, gift emoji copy paste, copy and paste symbols, unicode symbols, aesthetic symbols, copy and paste, ultratextgen"
Goal Emoji & Celebration Combos to Copy and Paste,https://ultratextgen.com/assets/pinterest/library-goal-emoji-combos.png,Emoji Copy Paste & Emoji Combos,,"Copy and paste Goal Emoji & Celebration Combos for bios, captions, usernames, posts and comments. Browse the full Goal Emoji & Celebration Combos collection on UltraTextGen — tap any symbol or emoji to copy it instantly, free and with no sign-up.",https://ultratextgen.com/library/goal-emoji-combos/?utm_source=pinterest&utm_medium=social&utm_campaign=organic_pins&utm_content=library-goal-emoji-combos,,"symbol library, goal emoji & celebration combos, goal emoji & celebration combos copy paste, copy and paste symbols, unicode symbols, aesthetic symbols, copy and paste, ultratextgen"
GOAT Emoji Combos to Copy and Paste — UltraTextGen,https://ultratextgen.com/assets/pinterest/library-goat-emoji-combos.png,Emoji Copy Paste & Emoji Combos,,"Copy and paste GOAT Emoji Combos for bios, captions, usernames, posts and comments. Browse the full GOAT Emoji Combos collection on UltraTextGen — tap any symbol or emoji to copy it instantly, free and with no sign-up.",https://ultratextgen.com/library/goat-emoji-combos/?utm_source=pinterest&utm_medium=social&utm_campaign=organic_pins&utm_content=library-goat-emoji-combos,,"symbol library, goat emoji combos, goat emoji combos copy paste, copy and paste symbols, unicode symbols, aesthetic symbols, copy and paste, ultratextgen"
Goth & Grunge Symbols to Copy and Paste — UltraTextGen,https://ultratextgen.com/assets/pinterest/library-goth-grunge-symbols.png,Fancy Text Generator & Copy Paste Fonts,,"Copy and paste Goth & Grunge Symbols (✝ ☓ ✗ † ♰) for bios, captions, usernames, posts and comments. Browse the full Goth & Grunge Symbols collection on UltraTextGen — tap any symbol or emoji to copy it instantly, free and with no sign-up.",https://ultratextgen.com/library/goth-grunge-symbols/?utm_source=pinterest&utm_medium=social&utm_campaign=organic_pins&utm_content=library-goth-grunge-symbols,,"symbol library, goth & grunge symbols, goth & grunge symbols copy paste, copy and paste symbols, unicode symbols, aesthetic symbols, copy and paste, ultratextgen"
Greece Emoji Combos to Copy and Paste — UltraTextGen,https://ultratextgen.com/assets/pinterest/library-greece-emoji-combos.png,Emoji Copy Paste & Emoji Combos,,"Copy and paste Greece Emoji Combos for bios, captions, usernames, posts and comments. Browse the full Greece Emoji Combos collection on UltraTextGen — tap any symbol or emoji to copy it instantly, free and with no sign-up.",https://ultratextgen.com/library/greece-emoji-combos/?utm_source=pinterest&utm_medium=social&utm_campaign=organic_pins&utm_content=library-greece-emoji-combos,,"symbol library, greece emoji combos, greece emoji combos copy paste, copy and paste symbols, unicode symbols, aesthetic symbols, copy and paste, ultratextgen"
Greek Letter Symbols to Copy and Paste — UltraTextGen,https://ultratextgen.com/assets/pinterest/library-greek-letter-symbols.png,"Special Characters, Unicode & Keyboard Symbols",,"Copy and paste Greek Letter Symbols (α β Δ Ω π) for bios, captions, usernames, posts and comments. Browse the full Greek Letter Symbols collection on UltraTextGen — tap any symbol or emoji to copy it instantly, free and with no sign-up.",https://ultratextgen.com/library/greek-letter-symbols/?utm_source=pinterest&utm_medium=social&utm_campaign=organic_pins&utm_content=library-greek-letter-symbols,,"symbol library, greek letter symbols, greek letter symbols copy paste, copy and paste symbols, unicode symbols, aesthetic symbols, copy and paste, ultratextgen"
Greeting & Message Emojis to Copy and Paste,https://ultratextgen.com/assets/pinterest/library-greeting-message-emojis.png,Emoji Copy Paste & Emoji Combos,,"Copy and paste Greeting & Message Emojis for bios, captions, usernames, posts and comments. Browse the full Greeting & Message Emojis collection on UltraTextGen — tap any symbol or emoji to copy it instantly, free and with no sign-up.",https://ultratextgen.com/library/greeting-message-emojis/?utm_source=pinterest&utm_medium=social&utm_campaign=organic_pins&utm_content=library-greeting-message-emojis,,"symbol library, greeting & message emojis, greeting & message emojis copy paste, copy and paste symbols, unicode symbols, aesthetic symbols, copy and paste, ultratextgen"
Griezmann Emoji Combos to Copy and Paste,https://ultratextgen.com/assets/pinterest/library-griezmann-emoji-combos.png,Emoji Copy Paste & Emoji Combos,,"Copy and paste Griezmann Emoji Combos for bios, captions, usernames, posts and comments. Browse the full Griezmann Emoji Combos collection on UltraTextGen — tap any symbol or emoji to copy it instantly, free and with no sign-up.",https://ultratextgen.com/library/griezmann-emoji-combos/?utm_source=pinterest&utm_medium=social&utm_campaign=organic_pins&utm_content=library-griezmann-emoji-combos,,"symbol library, griezmann emoji combos, griezmann emoji combos copy paste, copy and paste symbols, unicode symbols, aesthetic symbols, copy and paste, ultratextgen"
Guess the Soccer Player by Emoji to Copy and Paste,https://ultratextgen.com/assets/pinterest/library-guess-soccer-player-by-emoji.png,Emoji Copy Paste & Emoji Combos,,"Copy and paste Guess the Soccer Player by Emoji for bios, captions, usernames, posts and comments. Browse the full Guess the Soccer Player by Emoji collection on UltraTextGen — tap any symbol or emoji to copy it instantly, free and with no sign-up.",https://ultratextgen.com/library/guess-soccer-player-by-emoji/?utm_source=pinterest&utm_medium=social&utm_campaign=organic_pins&utm_content=library-guess-soccer-player-by-emoji,,"symbol library, guess the soccer player by emoji, guess the soccer player by emoji copy paste, copy and paste symbols, unicode symbols, aesthetic symbols, copy and paste, ultratextgen"
Guess the Soccer Team by Emoji to Copy and Paste,https://ultratextgen.com/assets/pinterest/library-guess-soccer-team-by-emoji.png,Emoji Copy Paste & Emoji Combos,,"Copy and paste Guess the Soccer Team by Emoji for bios, captions, usernames, posts and comments. Browse the full Guess the Soccer Team by Emoji collection on UltraTextGen — tap any symbol or emoji to copy it instantly, free and with no sign-up.",https://ultratextgen.com/library/guess-soccer-team-by-emoji/?utm_source=pinterest&utm_medium=social&utm_campaign=organic_pins&utm_content=library-guess-soccer-team-by-emoji,,"symbol library, guess the soccer team by emoji, guess the soccer team by emoji copy paste, copy and paste symbols, unicode symbols, aesthetic symbols, copy and paste, ultratextgen"
Haaland Emoji Combos to Copy and Paste — UltraTextGen,https://ultratextgen.com/assets/pinterest/library-haaland-emoji-combos.png,Emoji Copy Paste & Emoji Combos,,"Copy and paste Haaland Emoji Combos for bios, captions, usernames, posts and comments. Browse the full Haaland Emoji Combos collection on UltraTextGen — tap any symbol or emoji to copy it instantly, free and with no sign-up.",https://ultratextgen.com/library/haaland-emoji-combos/?utm_source=pinterest&utm_medium=social&utm_campaign=organic_pins&utm_content=library-haaland-emoji-combos,,"symbol library, haaland emoji combos, haaland emoji combos copy paste, copy and paste symbols, unicode symbols, aesthetic symbols, copy and paste, ultratextgen"
Halloween Symbols to Copy and Paste — UltraTextGen,https://ultratextgen.com/assets/pinterest/library-halloween-symbols.png,Fancy Text Generator & Copy Paste Fonts,,"Copy and paste Halloween Symbols for bios, captions, usernames, posts and comments. Browse the full Halloween Symbols collection on UltraTextGen — tap any symbol or emoji to copy it instantly, free and with no sign-up.",https://ultratextgen.com/library/halloween-symbols/?utm_source=pinterest&utm_medium=social&utm_campaign=organic_pins&utm_content=library-halloween-symbols,,"symbol library, halloween symbols, halloween symbols copy paste, copy and paste symbols, unicode symbols, aesthetic symbols, copy and paste, ultratextgen"
Halo Emoji to Copy and Paste — UltraTextGen,https://ultratextgen.com/assets/pinterest/library-halo-emoji.png,Emoji Copy Paste & Emoji Combos,,"Copy and paste Halo Emoji for bios, captions, usernames, posts and comments. Browse the full Halo Emoji collection on UltraTextGen — tap any symbol or emoji to copy it instantly, free and with no sign-up.",https://ultratextgen.com/library/halo-emoji/?utm_source=pinterest&utm_medium=social&utm_campaign=organic_pins&utm_content=library-halo-emoji,,"symbol library, halo emoji, halo emoji copy paste, copy and paste symbols, unicode symbols, aesthetic symbols, copy and paste, ultratextgen"
