Title,Media URL,Pinterest board,Thumbnail,Description,Link,Publish date,Keywords
Nama ML Keren — Copy and Paste Fonts — UltraTextGen,https://ultratextgen.com/assets/pinterest/id-usecase-nama-ml-keren.png,International Fancy Font Generators,,"Nama ML Keren. Font aesthetic & simbol nickname Mobile Legends. Copy and paste stylish Unicode fonts and symbols for bios, captions, usernames and posts — free, fast and right in your browser with UltraTextGen.",https://ultratextgen.com/id/usecase/nama-ml-keren/?utm_source=pinterest&utm_medium=social&utm_campaign=organic_pins&utm_content=id-usecase-nama-ml-keren,,"localized, nama ml keren, fancy text generator, copy paste fonts, unicode fonts, copy and paste, ultratextgen"
"Nickname Generator: Nama Panggilan Keren, Lucu & Unik ꧁꧂ Copy Paste — Copy and Paste Fonts",https://ultratextgen.com/assets/pinterest/id-usecase-nama-panggilan.png,International Fancy Font Generators,,"Nickname Generator: Nama Panggilan Keren, Lucu & Unik ꧁꧂ Copy Paste. Nickname generator gratis — ketik nama kamu buat dapetin nama panggilan lucu, unik, dan keren dengan font Unicode & simbol ꧁꧂…. Copy and paste stylish Unicode fonts and symbols for bios, captions, usernames and posts — free,…",https://ultratextgen.com/id/usecase/nama-panggilan/?utm_source=pinterest&utm_medium=social&utm_campaign=organic_pins&utm_content=id-usecase-nama-panggilan,,"localized, nickname: nama panggilan keren, lucu & unik ꧁꧂ copy paste, fancy text generator, copy paste fonts, unicode fonts, copy and paste, ultratextgen"
Nama PUBG Keren: Simbol Jepang 亗 メ & Generator Nickname PUBG — Copy and Paste Fonts,https://ultratextgen.com/assets/pinterest/id-usecase-nama-pubg-keren.png,International Fancy Font Generators,,"Nama PUBG Keren: Simbol Jepang 亗 メ & Generator Nickname PUBG. Bikin nama PUBG keren pakai simbol jepang 亗 メ 彡, payung ꧁꧂, dan font Unicode. Ketik nickname kamu, salin, tempel ke PUBG Mobile. Ada…. Copy and paste stylish Unicode fonts and symbols for bios, captions, usernames and posts — free,…",https://ultratextgen.com/id/usecase/nama-pubg-keren/?utm_source=pinterest&utm_medium=social&utm_campaign=organic_pins&utm_content=id-usecase-nama-pubg-keren,,"localized, nama pubg keren: simbol jepang 亗 メ & nickname pubg, fancy text generator, copy paste fonts, unicode fonts, copy and paste, ultratextgen"
Nama Roblox Keren — Copy and Paste Fonts,https://ultratextgen.com/assets/pinterest/id-usecase-nama-roblox-keren.png,International Fancy Font Generators,,"Nama Roblox Keren. Simbol & generator nickname buat display name Roblox. Copy and paste stylish Unicode fonts and symbols for bios, captions, usernames and posts — free, fast and right in your browser with UltraTextGen.",https://ultratextgen.com/id/usecase/nama-roblox-keren/?utm_source=pinterest&utm_medium=social&utm_campaign=organic_pins&utm_content=id-usecase-nama-roblox-keren,,"localized, nama roblox keren, fancy text generator, copy paste fonts, unicode fonts, copy and paste, ultratextgen"
Nama Squad ML Keren — Copy and Paste Fonts,https://ultratextgen.com/assets/pinterest/id-usecase-nama-squad-ml-keren.png,International Fancy Font Generators,,"Nama Squad ML Keren. Tag singkatan & font aesthetic squad Mobile Legends. Copy and paste stylish Unicode fonts and symbols for bios, captions, usernames and posts — free, fast and right in your browser with UltraTextGen.",https://ultratextgen.com/id/usecase/nama-squad-ml-keren/?utm_source=pinterest&utm_medium=social&utm_campaign=organic_pins&utm_content=id-usecase-nama-squad-ml-keren,,"localized, nama squad ml keren, fancy text generator, copy paste fonts, unicode fonts, copy and paste, ultratextgen"
Nama TikTok Keren ✦ Aesthetic & Biar FYP — Generator + Kumpulan Nama — Copy and Paste,https://ultratextgen.com/assets/pinterest/id-usecase-nama-tiktok-keren.png,International Fancy Font Generators,,"Nama TikTok Keren ✦ Aesthetic & Biar FYP — Generator + Kumpulan Nama. Bikin nama TikTok keren dan aesthetic pakai font Unicode ✦ ⋆˚ ☾. Ketik nama kamu, salin, tempel ke profil TikTok. Ada kumpulan nama…. Copy and paste stylish Unicode fonts and symbols for bios, captions, usernames and posts —…",https://ultratextgen.com/id/usecase/nama-tiktok-keren/?utm_source=pinterest&utm_medium=social&utm_campaign=organic_pins&utm_content=id-usecase-nama-tiktok-keren,,"localized, nama tiktok keren ✦ aesthetic & biar fyp — + kumpulan nama, fancy text generator, copy paste fonts, unicode fonts, copy and paste, ultratextgen"
Nama Valorant Keren: Generator Riot ID + Cek Nama — Copy and Paste Fonts,https://ultratextgen.com/assets/pinterest/id-usecase-nama-valorant-keren.png,International Fancy Font Generators,,"Nama Valorant Keren: Generator Riot ID + Cek Nama. Bikin nama Valorant keren buat Riot ID pakai font styled — bold, kursif, small caps — yang paling tahan lolos filter Riot. Ketik nama…. Copy and paste stylish Unicode fonts and symbols for bios, captions, usernames and posts — free, fast and…",https://ultratextgen.com/id/usecase/nama-valorant-keren/?utm_source=pinterest&utm_medium=social&utm_campaign=organic_pins&utm_content=id-usecase-nama-valorant-keren,,"localized, nama valorant keren: riot id + cek nama, fancy text generator, copy paste fonts, unicode fonts, copy and paste, ultratextgen"
Penerjemah Emoji — Copy and Paste Fonts — UltraTextGen,https://ultratextgen.com/assets/pinterest/id-usecase-penerjemah-emoji.png,International Fancy Font Generators,,"Penerjemah Emoji. Teks jadi emoji dan sebaliknya. Copy and paste stylish Unicode fonts and symbols for bios, captions, usernames and posts — free, fast and right in your browser with UltraTextGen.",https://ultratextgen.com/id/usecase/penerjemah-emoji/?utm_source=pinterest&utm_medium=social&utm_campaign=organic_pins&utm_content=id-usecase-penerjemah-emoji,,"localized, penerjemah emoji, fancy text generator, copy paste fonts, unicode fonts, copy and paste, ultratextgen"
Generator Teks Vertikal — Copy and Paste Fonts,https://ultratextgen.com/assets/pinterest/id-usecase-vertical-text.png,International Fancy Font Generators,,"Generator Teks Vertikal. Susun tulisan dari atas ke bawah. Copy and paste stylish Unicode fonts and symbols for bios, captions, usernames and posts — free, fast and right in your browser with UltraTextGen.",https://ultratextgen.com/id/usecase/vertical-text/?utm_source=pinterest&utm_medium=social&utm_campaign=organic_pins&utm_content=id-usecase-vertical-text,,"localized, generator teks vertikal, fancy text generator, copy paste fonts, unicode fonts, copy and paste, ultratextgen"
Generator Teks Zalgo — Copy and Paste Fonts,https://ultratextgen.com/assets/pinterest/id-usecase-zalgo-text.png,International Fancy Font Generators,,"Generator Teks Zalgo. Buat teks glitch dan menyeramkan. Copy and paste stylish Unicode fonts and symbols for bios, captions, usernames and posts — free, fast and right in your browser with UltraTextGen.",https://ultratextgen.com/id/usecase/zalgo-text/?utm_source=pinterest&utm_medium=social&utm_campaign=organic_pins&utm_content=id-usecase-zalgo-text,,"localized, generator teks zalgo, fancy text generator, copy paste fonts, unicode fonts, copy and paste, ultratextgen"
Caratteri Speciali da Copiare e Incollare — Copy and Paste Fonts,https://ultratextgen.com/assets/pinterest/it-caratteri-speciali.png,International Fancy Font Generators,,"Caratteri Speciali da Copiare e Incollare. Caratteri speciali da copiare e incollare: scrivi il testo e trasformalo in 100+ font Unicode — 𝗴𝗿𝗮𝘀𝘀𝗲𝘁𝘁𝗼, 𝓬𝓸𝓻𝓼𝓲𝓿𝓸, 𝔤𝔬𝔱𝔦𝔠𝔬 — pronti per…. Copy and paste stylish Unicode fonts and symbols for bios, captions, usernames and posts — free, fast and right in…",https://ultratextgen.com/it/caratteri-speciali/?utm_source=pinterest&utm_medium=social&utm_campaign=organic_pins&utm_content=it-caratteri-speciali,,"localized, caratteri speciali da copiare e incollare, fancy text generator, copy paste fonts, unicode fonts, copy and paste, ultratextgen"
Categorie di Font Unicode — Copy and Paste Fonts,https://ultratextgen.com/assets/pinterest/it-category.png,International Fancy Font Generators,,"Categorie di Font Unicode. Tutte le categorie di font Unicode di UltraTextGen: grassetto, corsivo, gotico, piccolo, barrato e altro. Da copiare e incollare in…. Copy and paste stylish Unicode fonts and symbols for bios, captions, usernames and posts — free, fast and right in your browser with…",https://ultratextgen.com/it/category/?utm_source=pinterest&utm_medium=social&utm_campaign=organic_pins&utm_content=it-category,,"localized, categorie di font unicode, fancy text generator, copy paste fonts, unicode fonts, copy and paste, ultratextgen"
Combinazioni di Emoji da Copiare e Incollare 🦋✨ Combo Estetici — Copy and Paste Fonts,https://ultratextgen.com/assets/pinterest/it-combinazioni-emoji.png,International Fancy Font Generators,,"Combinazioni di Emoji da Copiare e Incollare 🦋✨ Combo Estetici. Combinazioni di emoji pronte da copiare e incollare: dolci, coquette, d'amore, dark e da spiaggia. Combo di emoji estetici per la bio di…. Copy and paste stylish Unicode fonts and symbols for bios, captions, usernames and posts —…",https://ultratextgen.com/it/combinazioni-emoji/?utm_source=pinterest&utm_medium=social&utm_campaign=organic_pins&utm_content=it-combinazioni-emoji,,"localized, combinazioni di emoji da copiare e incollare 🦋✨ combo estetici, fancy text generator, copy paste fonts, unicode fonts, copy and paste, ultratextgen"
Contatore di Parole e Caratteri — Strumento Online Gratuito — Copy and Paste Fonts,https://ultratextgen.com/assets/pinterest/it-contatore-di-parole-e-caratteri.png,International Fancy Font Generators,,"Contatore di Parole e Caratteri — Strumento Online Gratuito. Contatore di parole e caratteri gratuito. Statistiche in tempo reale su parole, caratteri, frasi, paragrafi e tempo di lettura mentre…. Copy and paste stylish Unicode fonts and symbols for bios, captions, usernames and posts — free,…",https://ultratextgen.com/it/contatore-di-parole-e-caratteri/?utm_source=pinterest&utm_medium=social&utm_campaign=organic_pins&utm_content=it-contatore-di-parole-e-caratteri,,"localized, contatore di parole e caratteri — strumento online gratuito, fancy text generator, copy paste fonts, unicode fonts, copy and paste, ultratextgen"
"Convertitore di Caratteri — Cambia Font del Testo, Copia e Incolla — Copy and Paste Fonts",https://ultratextgen.com/assets/pinterest/it-convertitore-di-caratteri.png,International Fancy Font Generators,,"Convertitore di Caratteri — Cambia Font del Testo, Copia e Incolla. Convertitore di caratteri gratis: scrivi il testo e cambialo all'istante in 100+ font — grassetto, corsivo, gotico, bubble — da copiare…. Copy and paste stylish Unicode fonts and symbols for bios, captions, usernames and posts —…",https://ultratextgen.com/it/convertitore-di-caratteri/?utm_source=pinterest&utm_medium=social&utm_campaign=organic_pins&utm_content=it-convertitore-di-caratteri,,"localized, convertitore di caratteri — cambia font del testo, copia e incolla, fancy text generator, copy paste fonts, unicode fonts, copy and paste, ultratextgen"
Alfabeto corsivo A–Z — schede di esercizio e lettere da stampare gratis — Copy and,https://ultratextgen.com/assets/pinterest/it-da-stampare-alfabeto-corsivo.png,International Fancy Font Generators,,"Alfabeto corsivo A–Z — schede di esercizio e lettere da stampare gratis. L'alfabeto corsivo A–Z con schede di esercizio da stampare gratis — lettere modello e spazio per ripassare — download PNG di ogni…. Copy and paste stylish Unicode fonts and symbols for bios, captions, usernames and posts —…",https://ultratextgen.com/it/da-stampare/alfabeto-corsivo/?utm_source=pinterest&utm_medium=social&utm_campaign=organic_pins&utm_content=it-da-stampare-alfabeto-corsivo,,"localized, alfabeto corsivo a–z — schede di esercizio e lettere da stampare gratis, fancy text generator, copy paste fonts, unicode fonts, copy and paste, ultratextgen"
Alfabeto Spagnolo da Stampare — Copy and Paste Fonts,https://ultratextgen.com/assets/pinterest/it-da-stampare-alfabeto-spagnolo.png,International Fancy Font Generators,,"Alfabeto Spagnolo da Stampare. Tutte le 27 lettere, A-Z più la Ñ, una scheda. Copy and paste stylish Unicode fonts and symbols for bios, captions, usernames and posts — free, fast and right in your browser with UltraTextGen.",https://ultratextgen.com/it/da-stampare/alfabeto-spagnolo/?utm_source=pinterest&utm_medium=social&utm_campaign=organic_pins&utm_content=it-da-stampare-alfabeto-spagnolo,,"localized, alfabeto spagnolo da stampare, fancy text generator, copy paste fonts, unicode fonts, copy and paste, ultratextgen"
"Schede da stampare: nome da tracciare, da colorare & alfabeto corsivo — gratis",https://ultratextgen.com/assets/pinterest/it-da-stampare.png,International Fancy Font Generators,,"Schede da stampare: nome da tracciare, da colorare & alfabeto corsivo — gratis (PDF/PNG). Schede di pregrafismo e scrittura da stampare gratis: nome da tracciare, nome da colorare e alfabeto corsivo da stampare. Scrivi un…. Copy and paste stylish Unicode fonts and symbols for bios, captions,…",https://ultratextgen.com/it/da-stampare/?utm_source=pinterest&utm_medium=social&utm_campaign=organic_pins&utm_content=it-da-stampare,,"localized, schede da stampare: nome da tracciare, da colorare & alfabeto corsivo — gratis (pdf/png), fancy text generator, copy paste fonts, unicode fonts, copy and paste, ultratextgen"
"Nome da colorare — disegni da colorare col nome & unisci i puntini, gratis — Copy and",https://ultratextgen.com/assets/pinterest/it-da-stampare-nome-da-colorare.png,International Fancy Font Generators,,"Nome da colorare — disegni da colorare col nome & unisci i puntini, gratis. Generatore gratuito di disegni da colorare: scrivi un nome o una parola per ottenere un grande contorno da colorare — o passa all'unisci…. Copy and paste stylish Unicode fonts and symbols for bios, captions, usernames…",https://ultratextgen.com/it/da-stampare/nome-da-colorare/?utm_source=pinterest&utm_medium=social&utm_campaign=organic_pins&utm_content=it-da-stampare-nome-da-colorare,,"localized, nome da colorare — disegni da colorare col nome & unisci i puntini, gratis, fancy text generator, copy paste fonts, unicode fonts, copy and paste, ultratextgen"
Nome da tracciare — scheda di pregrafismo da stampare gratis — Copy and Paste Fonts,https://ultratextgen.com/assets/pinterest/it-da-stampare-tracciare-il-nome.png,International Fancy Font Generators,,"Nome da tracciare — scheda di pregrafismo da stampare gratis. Scrivi un nome per creare una scheda di tracciamento gratuita da stampare: un modello pieno, righe sfumate da ripassare e righe vuote…. Copy and paste stylish Unicode fonts and symbols for bios, captions, usernames and posts — free,…",https://ultratextgen.com/it/da-stampare/tracciare-il-nome/?utm_source=pinterest&utm_medium=social&utm_campaign=organic_pins&utm_content=it-da-stampare-tracciare-il-nome,,"localized, nome da tracciare — scheda di pregrafismo da stampare gratis, fancy text generator, copy paste fonts, unicode fonts, copy and paste, ultratextgen"
Font Copia e Incolla — Testo Stiloso Pronto — Copy and Paste Fonts,https://ultratextgen.com/assets/pinterest/it-font-copia-e-incolla.png,International Fancy Font Generators,,"Font Copia e Incolla — Testo Stiloso Pronto. Font da copiare e incollare gratis: scrivi il testo, tocca «Copia» e incolla lo stile ovunque — bio, caption, nickname. Oltre 100 font…. Copy and paste stylish Unicode fonts and symbols for bios, captions, usernames and posts — free, fast and right in…",https://ultratextgen.com/it/font-copia-e-incolla/?utm_source=pinterest&utm_medium=social&utm_campaign=organic_pins&utm_content=it-font-copia-e-incolla,,"localized, font copia e incolla — testo stiloso pronto, fancy text generator, copy paste fonts, unicode fonts, copy and paste, ultratextgen"
Font per Facebook da Copiare e Incollare — Copy and Paste Fonts,https://ultratextgen.com/assets/pinterest/it-font-facebook.png,International Fancy Font Generators,,"Font per Facebook da Copiare e Incollare. Font per Facebook gratis: crea scritte stilose per post, bio, nome e commenti. Copia e incolla font Unicode che si vedono su ogni…. Copy and paste stylish Unicode fonts and symbols for bios, captions, usernames and posts — free, fast and right in your…",https://ultratextgen.com/it/font-facebook/?utm_source=pinterest&utm_medium=social&utm_campaign=organic_pins&utm_content=it-font-facebook,,"localized, font per facebook da copiare e incollare, fancy text generator, copy paste fonts, unicode fonts, copy and paste, ultratextgen"
Font per Instagram da Copiare e Incollare — Copy and Paste Fonts,https://ultratextgen.com/assets/pinterest/it-font-instagram.png,International Fancy Font Generators,,"Font per Instagram da Copiare e Incollare. Font per Instagram gratis: scrivi, scegli lo stile e copia scritte per bio, nome, caption e commenti. Font Unicode che si vedono su ogni…. Copy and paste stylish Unicode fonts and symbols for bios, captions, usernames and posts — free, fast and right in…",https://ultratextgen.com/it/font-instagram/?utm_source=pinterest&utm_medium=social&utm_campaign=organic_pins&utm_content=it-font-instagram,,"localized, font per instagram da copiare e incollare, fancy text generator, copy paste fonts, unicode fonts, copy and paste, ultratextgen"
Font per Snapchat da Copiare e Incollare — Copy and Paste Fonts,https://ultratextgen.com/assets/pinterest/it-font-snapchat.png,International Fancy Font Generators,,"Font per Snapchat da Copiare e Incollare. Crea scritte stilose per Snapchat: caption, sottotitolo, bio e nome. Copia e incolla font Unicode grassetto, corsivo e fancy — gratis…. Copy and paste stylish Unicode fonts and symbols for bios, captions, usernames and posts — free, fast and right in…",https://ultratextgen.com/it/font-snapchat/?utm_source=pinterest&utm_medium=social&utm_campaign=organic_pins&utm_content=it-font-snapchat,,"localized, font per snapchat da copiare e incollare, fancy text generator, copy paste fonts, unicode fonts, copy and paste, ultratextgen"
Font per Telegram da Copiare e Incollare — Copy and Paste Fonts,https://ultratextgen.com/assets/pinterest/it-font-telegram.png,International Fancy Font Generators,,"Font per Telegram da Copiare e Incollare. Font per Telegram gratis: scrivi, scegli lo stile e copia scritte per nome, bio, canali e messaggi. Font Unicode che si vedono su…. Copy and paste stylish Unicode fonts and symbols for bios, captions, usernames and posts — free, fast and right in your…",https://ultratextgen.com/it/font-telegram/?utm_source=pinterest&utm_medium=social&utm_campaign=organic_pins&utm_content=it-font-telegram,,"localized, font per telegram da copiare e incollare, fancy text generator, copy paste fonts, unicode fonts, copy and paste, ultratextgen"
Font per TikTok da Copiare e Incollare — Copy and Paste Fonts,https://ultratextgen.com/assets/pinterest/it-font-tiktok.png,International Fancy Font Generators,,"Font per TikTok da Copiare e Incollare. Font per TikTok gratis: crea scritte stilose per bio, nome e caption. Copia e incolla font Unicode che si vedono su ogni dispositivo. Copy and paste stylish Unicode fonts and symbols for bios, captions, usernames and posts — free, fast and right in your…",https://ultratextgen.com/it/font-tiktok/?utm_source=pinterest&utm_medium=social&utm_campaign=organic_pins&utm_content=it-font-tiktok,,"localized, font per tiktok da copiare e incollare, fancy text generator, copy paste fonts, unicode fonts, copy and paste, ultratextgen"
"Font per WhatsApp — Grassetto, Corsivo e Stili — Copy and Paste Fonts",https://ultratextgen.com/assets/pinterest/it-font-whatsapp.png,International Fancy Font Generators,,"Font per WhatsApp — Grassetto, Corsivo e Stili. Font per WhatsApp: scrivi e copia grassetto, corsivo e scritte aesthetic Unicode per stato, nome e messaggi. Gratis, senza installare…. Copy and paste stylish Unicode fonts and symbols for bios, captions, usernames and posts — free, fast and right…",https://ultratextgen.com/it/font-whatsapp/?utm_source=pinterest&utm_medium=social&utm_campaign=organic_pins&utm_content=it-font-whatsapp,,"localized, font per whatsapp — grassetto, corsivo e stili, fancy text generator, copy paste fonts, unicode fonts, copy and paste, ultratextgen"
Generatore di Font Online — Copia e Incolla — Copy and Paste Fonts,https://ultratextgen.com/assets/pinterest/it-generatore-di-font.png,International Fancy Font Generators,,"Generatore di Font Online — Copia e Incolla. Generatore di font online e gratis: scrivi, scegli tra 100+ stili Unicode e copia il testo pronto per bio, caption e nickname. Nessuna…. Copy and paste stylish Unicode fonts and symbols for bios, captions, usernames and posts — free, fast and right in…",https://ultratextgen.com/it/generatore-di-font/?utm_source=pinterest&utm_medium=social&utm_campaign=organic_pins&utm_content=it-generatore-di-font,,"localized, generatore di font online — copia e incolla, fancy text generator, copy paste fonts, unicode fonts, copy and paste, ultratextgen"
Font Gotico — Scrittura Gotica da Copiare — Copy and Paste Fonts,https://ultratextgen.com/assets/pinterest/it-gotico.png,International Fancy Font Generators,,"Font Gotico — Scrittura Gotica da Copiare. Font gotico e scrittura gotica da copiare e incollare: trasforma il testo in 𝔤𝔬𝔱𝔦𝔠𝔬 e 𝕲𝖔𝖙𝖎𝖈𝖔 Unicode per bio, nickname e social. Gratis. Copy and paste stylish Unicode fonts and symbols for bios, captions, usernames and posts — free, fast and right in…",https://ultratextgen.com/it/gotico/?utm_source=pinterest&utm_medium=social&utm_campaign=organic_pins&utm_content=it-gotico,,"localized, font gotico — scrittura gotica da copiare, fancy text generator, copy paste fonts, unicode fonts, copy and paste, ultratextgen"
Testo in Grassetto da Copiare e Incollare — Copy and Paste Fonts,https://ultratextgen.com/assets/pinterest/it-grassetto.png,International Fancy Font Generators,,"Testo in Grassetto da Copiare e Incollare. Generatore di testo in grassetto: scrivi e ottieni 𝗴𝗿𝗮𝘀𝘀𝗲𝘁𝘁𝗼 Unicode da copiare e incollare su Instagram, WhatsApp, LinkedIn e Discord…. Copy and paste stylish Unicode fonts and symbols for bios, captions, usernames and posts — free, fast and right in…",https://ultratextgen.com/it/grassetto/?utm_source=pinterest&utm_medium=social&utm_campaign=organic_pins&utm_content=it-grassetto,,"localized, testo in grassetto da copiare e incollare, fancy text generator, copy paste fonts, unicode fonts, copy and paste, ultratextgen"
Dove funzionano i font su Discord: la mappa campo per campo — Copy and Paste Fonts,https://ultratextgen.com/assets/pinterest/it-guide-dove-funzionano-i-font-discord.png,International Fancy Font Generators,,"Dove funzionano i font su Discord: la mappa campo per campo. Perché Discord dice che il tuo nome utente non è valido, perché il nome del canale ha perso le maiuscole e quali campi accettano davvero…. Copy and paste stylish Unicode fonts and symbols for bios, captions, usernames and posts — free,…",https://ultratextgen.com/it/guide/dove-funzionano-i-font-discord/?utm_source=pinterest&utm_medium=social&utm_campaign=organic_pins&utm_content=it-guide-dove-funzionano-i-font-discord,,"localized, dove funzionano i font su discord: la mappa campo per campo, fancy text generator, copy paste fonts, unicode fonts, copy and paste, ultratextgen"
"Font e formattazione di Discord spiegati: Markdown, Unicode e Nitro — Copy and Paste Fonts",https://ultratextgen.com/assets/pinterest/it-guide-formattazione-testo-discord-spiegata.png,International Fancy Font Generators,,"Font e formattazione di Discord spiegati: Markdown, Unicode e Nitro. Perché il grassetto funziona nella chat di Discord ma non nel tuo nome utente — i tre diversi sistemi di testo che Discord usa…. Copy and paste stylish Unicode fonts and symbols for bios, captions, usernames and posts — free,…",https://ultratextgen.com/it/guide/formattazione-testo-discord-spiegata/?utm_source=pinterest&utm_medium=social&utm_campaign=organic_pins&utm_content=it-guide-formattazione-testo-discord-spiegata,,"localized, font e formattazione di discord spiegati: markdown, unicode e nitro, fancy text generator, copy paste fonts, unicode fonts, copy and paste, ultratextgen"
Guide UltraTextGen — padroneggiare la tipografia stilizzata — Copy and Paste Fonts,https://ultratextgen.com/assets/pinterest/it-guide.png,International Fancy Font Generators,,"Guide UltraTextGen — padroneggiare la tipografia stilizzata. Le guide UltraTextGen in italiano: capire e padroneggiare i font Unicode, stilizzare il tuo nome e il tuo server Discord e sfruttare al…. Copy and paste stylish Unicode fonts and symbols for bios, captions, usernames and posts — free,…",https://ultratextgen.com/it/guide/?utm_source=pinterest&utm_medium=social&utm_campaign=organic_pins&utm_content=it-guide,,"localized, guide ultratextgen — padroneggiare la tipografia stilizzata, fancy text generator, copy paste fonts, unicode fonts, copy and paste, ultratextgen"
Stilizzare un nome Discord senza farti filtrare (né perdere l'accessibilità) — Copy and,https://ultratextgen.com/assets/pinterest/it-guide-nome-discord-senza-rischi.png,International Fancy Font Generators,,"Stilizzare un nome Discord senza farti filtrare (né perdere l'accessibilità). Un nome Discord stilizzato può comunque fallire tre test silenziosi: l'elenco membri, la @menzione e il filtro anti-usurpazione. Ecco…. Copy and paste stylish Unicode fonts and symbols for bios, captions, usernames and…",https://ultratextgen.com/it/guide/nome-discord-senza-rischi/?utm_source=pinterest&utm_medium=social&utm_campaign=organic_pins&utm_content=it-guide-nome-discord-senza-rischi,,"localized, stilizzare un nome discord senza farti filtrare (né perdere l'accessibilità), fancy text generator, copy paste fonts, unicode fonts, copy and paste, ultratextgen"
Generatore di Testo Stilizzato — Copy and Paste Fonts,https://ultratextgen.com/assets/pinterest/it.png,International Fancy Font Generators,,"Generatore di Testo Stilizzato. Caratteri e simboli da copiare e incollare. Copy and paste stylish Unicode fonts and symbols for bios, captions, usernames and posts — free, fast and right in your browser with UltraTextGen.",https://ultratextgen.com/it/?utm_source=pinterest&utm_medium=social&utm_campaign=organic_pins&utm_content=it,,"localized, generatore di testo stilizzato, fancy text generator, copy paste fonts, unicode fonts, copy and paste, ultratextgen"
"Generatore di Corsivo — 𝓵𝓮𝓽𝓽𝓮𝓻𝓮 𝓲𝓷 𝓬𝓸𝓻𝓼𝓲𝓿𝓸 da copiare e incollare, alfabeto A–Z e nomi",https://ultratextgen.com/assets/pinterest/it-lettere-in-corsivo.png,International Fancy Font Generators,,"Generatore di Corsivo — 𝓵𝓮𝓽𝓽𝓮𝓻𝓮 𝓲𝓷 𝓬𝓸𝓻𝓼𝓲𝓿𝓸 da copiare e incollare, alfabeto A–Z e nomi. Generatore di lettere in corsivo gratis — copia e incolla scritte in corsivo, ogni lettera dalla A alla Z, l'alfabeto corsivo completo…. Copy and paste stylish Unicode fonts and symbols for bios, captions,…",https://ultratextgen.com/it/lettere-in-corsivo/?utm_source=pinterest&utm_medium=social&utm_campaign=organic_pins&utm_content=it-lettere-in-corsivo,,"localized, generatore di corsivo — 𝓵𝓮𝓽𝓽𝓮𝓻𝓮 𝓲𝓷 𝓬𝓸𝓻𝓼𝓲𝓿𝓸 da copiare e incollare, alfabeto a–z e nomi, fancy text generator, copy paste fonts, unicode fonts, copy and paste, ultratextgen"
"Codici Alt Windows — Scorciatoie da Tastiera per Caratteri Speciali (©, °, È, «»)",https://ultratextgen.com/assets/pinterest/it-library-codici-alt.png,International Fancy Font Generators,,"Codici Alt Windows — Scorciatoie da Tastiera per Caratteri Speciali (©, °, È, «»). Lista dei codici Alt Windows per digitare le vocali maiuscole accentate (È, À, Ò, Ì, Ù), le virgolette basse „“ e i caporali «», il…. Copy and paste stylish Unicode fonts and symbols for bios, captions, usernames…",https://ultratextgen.com/it/library/codici-alt/?utm_source=pinterest&utm_medium=social&utm_campaign=organic_pins&utm_content=it-library-codici-alt,,"localized, codici alt windows — scorciatoie da tastiera per caratteri speciali (©, °, è, «»), fancy text generator, copy paste fonts, unicode fonts, copy and paste, ultratextgen"
"Simboli — Libreria di Simboli Aesthetic, Caratteri Speciali e Copia e Incolla — Copy",https://ultratextgen.com/assets/pinterest/it-library.png,International Fancy Font Generators,,"Simboli — Libreria di Simboli Aesthetic, Caratteri Speciali e Copia e Incolla. Libreria di simboli da copiare e incollare — simboli aesthetic, cuori ♡, stelle ★, frecce, lettere greche, valute e kaomoji. Cerca o…. Copy and paste stylish Unicode fonts and symbols for bios, captions, usernames and…",https://ultratextgen.com/it/library/?utm_source=pinterest&utm_medium=social&utm_campaign=organic_pins&utm_content=it-library,,"localized, simboli — libreria di simboli aesthetic, caratteri speciali e copia e incolla, fancy text generator, copy paste fonts, unicode fonts, copy and paste, ultratextgen"
Kaomoji e faccine giapponesi da copiare e incollare — Emoticon testuali — Copy and,https://ultratextgen.com/assets/pinterest/it-library-kaomoji.png,International Fancy Font Generators,,"Kaomoji e faccine giapponesi da copiare e incollare — Emoticon testuali. Sfoglia e copia kaomoji e faccine giapponesi — emoticon testuali fatte con caratteri ASCII e Unicode. Facce felici, tristi, spallucce…. Copy and paste stylish Unicode fonts and symbols for bios, captions, usernames and…",https://ultratextgen.com/it/library/kaomoji/?utm_source=pinterest&utm_medium=social&utm_campaign=organic_pins&utm_content=it-library-kaomoji,,"localized, kaomoji e faccine giapponesi da copiare e incollare — emoticon testuali, fancy text generator, copy paste fonts, unicode fonts, copy and paste, ultratextgen"
"Simboli Coquette 🎀 Fiocchi, Nastri e Aesthetic Rosa da Copiare — Copy and Paste Fonts",https://ultratextgen.com/assets/pinterest/it-library-simboli-coquette.png,International Fancy Font Generators,,"Simboli Coquette 🎀 Fiocchi, Nastri e Aesthetic Rosa da Copiare. Simboli coquette aesthetic da copiare e incollare — fiocchi 🎀, nastri, cuoricini ♡ e decorazioni rosa per bio Instagram, nickname e…. Copy and paste stylish Unicode fonts and symbols for bios, captions, usernames and posts — free,…",https://ultratextgen.com/it/library/simboli-coquette/?utm_source=pinterest&utm_medium=social&utm_campaign=organic_pins&utm_content=it-library-simboli-coquette,,"localized, simboli coquette 🎀 fiocchi, nastri e aesthetic rosa da copiare, fancy text generator, copy paste fonts, unicode fonts, copy and paste, ultratextgen"
"Simboli Cottagecore da Copiare — Funghi, Fiori e Aesthetic Natura — Copy and Paste Fonts",https://ultratextgen.com/assets/pinterest/it-library-simboli-cottagecore.png,International Fancy Font Generators,,"Simboli Cottagecore da Copiare — Funghi, Fiori e Aesthetic Natura. Simboli cottagecore aesthetic da copiare e incollare — funghi 🍄, fiori, api 🐝 e motivi rustici di campagna. Decorazioni cottage per bio…. Copy and paste stylish Unicode fonts and symbols for bios, captions, usernames and posts —…",https://ultratextgen.com/it/library/simboli-cottagecore/?utm_source=pinterest&utm_medium=social&utm_campaign=organic_pins&utm_content=it-library-simboli-cottagecore,,"localized, simboli cottagecore da copiare — funghi, fiori e aesthetic natura, fancy text generator, copy paste fonts, unicode fonts, copy and paste, ultratextgen"
Simboli cuore ♥ da copiare e incollare — Cuori ♡ ❤ — Copy and Paste Fonts,https://ultratextgen.com/assets/pinterest/it-library-simboli-cuore.png,International Fancy Font Generators,,"Simboli cuore ♥ da copiare e incollare — Cuori ♡ ❤. Sfoglia e copia cuori emoji, caratteri cuore Unicode e simboli d'amore in ogni colore e stile. Tocca un simbolo, è copiato subito. Copy and paste stylish Unicode fonts and symbols for bios, captions, usernames and posts — free, fast and right…",https://ultratextgen.com/it/library/simboli-cuore/?utm_source=pinterest&utm_medium=social&utm_campaign=organic_pins&utm_content=it-library-simboli-cuore,,"localized, simboli cuore ♥ da copiare e incollare — cuori ♡ ❤, fancy text generator, copy paste fonts, unicode fonts, copy and paste, ultratextgen"
"Simboli Discord — Copia e Incolla per Nomi Canali, Server e Bio — Copy and Paste Fonts",https://ultratextgen.com/assets/pinterest/it-library-simboli-discord.png,International Fancy Font Generators,,"Simboli Discord — Copia e Incolla per Nomi Canali, Server e Bio. Simboli Discord da copiare e incollare per nomi di canali, server, ruoli e bio — decorazioni aesthetic, divisori, cuori e stelle che si…. Copy and paste stylish Unicode fonts and symbols for bios, captions, usernames and posts —…",https://ultratextgen.com/it/library/simboli-discord/?utm_source=pinterest&utm_medium=social&utm_campaign=organic_pins&utm_content=it-library-simboli-discord,,"localized, simboli discord — copia e incolla per nomi canali, server e bio, fancy text generator, copy paste fonts, unicode fonts, copy and paste, ultratextgen"
Simboli Dreamcore e Weirdcore da Copiare 👁 🌈 ⋆ Estetica Surreale — Copy and Paste Fonts,https://ultratextgen.com/assets/pinterest/it-library-simboli-dreamcore-weirdcore.png,International Fancy Font Generators,,"Simboli Dreamcore e Weirdcore da Copiare 👁 🌈 ⋆ Estetica Surreale. Simboli dreamcore e weirdcore da copiare e incollare — occhi surreali 👁, arcobaleni 🌈, blocchi glitch, porte e combo sleepcore per post…. Copy and paste stylish Unicode fonts and symbols for bios, captions, usernames and posts —…",https://ultratextgen.com/it/library/simboli-dreamcore-weirdcore/?utm_source=pinterest&utm_medium=social&utm_campaign=organic_pins&utm_content=it-library-simboli-dreamcore-weirdcore,,"localized, simboli dreamcore e weirdcore da copiare 👁 🌈 ⋆ estetica surreale, fancy text generator, copy paste fonts, unicode fonts, copy and paste, ultratextgen"
"Simbolo Euro € da Copiare e Incollare — Dollaro, Sterlina e Valute — Copy and Paste Fonts",https://ultratextgen.com/assets/pinterest/it-library-simboli-euro.png,International Fancy Font Generators,,"Simbolo Euro € da Copiare e Incollare — Dollaro, Sterlina e Valute. Simbolo euro € da copiare e incollare, più dollaro, sterlina, yen e i simboli di tutte le valute del mondo, comprese le criptovalute…. Copy and paste stylish Unicode fonts and symbols for bios, captions, usernames and posts —…",https://ultratextgen.com/it/library/simboli-euro/?utm_source=pinterest&utm_medium=social&utm_campaign=organic_pins&utm_content=it-library-simboli-euro,,"localized, simbolo euro € da copiare e incollare — dollaro, sterlina e valute, fancy text generator, copy paste fonts, unicode fonts, copy and paste, ultratextgen"
"Simboli Facebook — Reazioni, Cuori & Emoji da Copiare e Incollare — Copy and Paste Fonts",https://ultratextgen.com/assets/pinterest/it-library-simboli-facebook.png,International Fancy Font Generators,,"Simboli Facebook — Reazioni, Cuori & Emoji da Copiare e Incollare. Simboli Facebook da copiare e incollare — emoji di reazione, cuori, stelle e divisori per post, commenti, bio e nomi di Pagina. Tocca un…. Copy and paste stylish Unicode fonts and symbols for bios, captions, usernames and posts —…",https://ultratextgen.com/it/library/simboli-facebook/?utm_source=pinterest&utm_medium=social&utm_campaign=organic_pins&utm_content=it-library-simboli-facebook,,"localized, simboli facebook — reazioni, cuori & emoji da copiare e incollare, fancy text generator, copy paste fonts, unicode fonts, copy and paste, ultratextgen"
Simboli Fairycore: Copia e Incolla 🧚 🍄 ✨ Estetica Fatata — Copy and Paste Fonts,https://ultratextgen.com/assets/pinterest/it-library-simboli-fairycore.png,International Fancy Font Generators,,"Simboli Fairycore: Copia e Incolla 🧚 🍄 ✨ Estetica Fatata. Simboli e combo emoji fairycore — fatine 🧚, funghi 🍄, scintille ✨ e delicati caratteri floreali per bio incantate. Tocca un simbolo per…. Copy and paste stylish Unicode fonts and symbols for bios, captions, usernames and posts — free,…",https://ultratextgen.com/it/library/simboli-fairycore/?utm_source=pinterest&utm_medium=social&utm_campaign=organic_pins&utm_content=it-library-simboli-fairycore,,"localized, simboli fairycore: copia e incolla 🧚 🍄 ✨ estetica fatata, fancy text generator, copy paste fonts, unicode fonts, copy and paste, ultratextgen"
"Simboli Goth & Grunge ✟ Croci, Teschi e Dark Aesthetic da Copiare — Copy and Paste Fonts",https://ultratextgen.com/assets/pinterest/it-library-simboli-goth-grunge.png,International Fancy Font Generators,,"Simboli Goth & Grunge ✟ Croci, Teschi e Dark Aesthetic da Copiare. Simboli goth e grunge da copiare e incollare — croci ♱, teschi 💀, ragni 🕷 e pugnali † per bio, nickname e profili dark aesthetic. Un…. Copy and paste stylish Unicode fonts and symbols for bios, captions, usernames and posts —…",https://ultratextgen.com/it/library/simboli-goth-grunge/?utm_source=pinterest&utm_medium=social&utm_campaign=organic_pins&utm_content=it-library-simboli-goth-grunge,,"localized, simboli goth & grunge ✟ croci, teschi e dark aesthetic da copiare, fancy text generator, copy paste fonts, unicode fonts, copy and paste, ultratextgen"
Lettere Greche α β Δ Σ Ω da Copiare e Incollare — Alfabeto Greco — Copy and Paste Fonts,https://ultratextgen.com/assets/pinterest/it-library-simboli-greci.png,International Fancy Font Generators,,"Lettere Greche α β Δ Σ Ω da Copiare e Incollare — Alfabeto Greco. Copia e incolla tutte le lettere greche — maiuscole, minuscole e le varianti matematiche di alfa, beta, delta, sigma, omega e pi greco…. Copy and paste stylish Unicode fonts and symbols for bios, captions, usernames and posts —…",https://ultratextgen.com/it/library/simboli-greci/?utm_source=pinterest&utm_medium=social&utm_campaign=organic_pins&utm_content=it-library-simboli-greci,,"localized, lettere greche α β δ σ ω da copiare e incollare — alfabeto greco, fancy text generator, copy paste fonts, unicode fonts, copy and paste, ultratextgen"
Simboli Kawaii Cute da Copiare — Decorazioni Soft Aesthetic — Copy and Paste Fonts,https://ultratextgen.com/assets/pinterest/it-library-simboli-kawaii-cute.png,International Fancy Font Generators,,"Simboli Kawaii Cute da Copiare — Decorazioni Soft Aesthetic. Simboli kawaii e cute da copiare e incollare per bio, nickname e messaggi. Cuori soft, faccine, scintille e decorazioni pastello…. Copy and paste stylish Unicode fonts and symbols for bios, captions, usernames and posts — free, fast…",https://ultratextgen.com/it/library/simboli-kawaii-cute/?utm_source=pinterest&utm_medium=social&utm_campaign=organic_pins&utm_content=it-library-simboli-kawaii-cute,,"localized, simboli kawaii cute da copiare — decorazioni soft aesthetic, fancy text generator, copy paste fonts, unicode fonts, copy and paste, ultratextgen"
Parentesi Graffa e Virgolette Caporali da Copiare — Tutte le Parentesi Unicode — Copy,https://ultratextgen.com/assets/pinterest/it-library-simboli-parentesi.png,International Fancy Font Generators,,"Parentesi Graffa e Virgolette Caporali da Copiare — Tutte le Parentesi Unicode. Parentesi graffa, tonda, quadra e virgolette caporali « » da copiare e incollare, più le parentesi CJK, matematiche e decorative. Tocca…. Copy and paste stylish Unicode fonts and symbols for bios, captions, usernames…",https://ultratextgen.com/it/library/simboli-parentesi/?utm_source=pinterest&utm_medium=social&utm_campaign=organic_pins&utm_content=it-library-simboli-parentesi,,"localized, parentesi graffa e virgolette caporali da copiare — tutte le parentesi unicode, fancy text generator, copy paste fonts, unicode fonts, copy and paste, ultratextgen"
"Simboli di Punteggiatura: Asterisco, Virgolette Basse, Punto Interrogativo — Copy and",https://ultratextgen.com/assets/pinterest/it-library-simboli-punteggiatura.png,International Fancy Font Generators,,"Simboli di Punteggiatura: Asterisco, Virgolette Basse, Punto Interrogativo. Copia e incolla asterisco, croce, virgolette basse „ ‚, punto interrogativo invertito e i segni di punteggiatura speciali oltre la…. Copy and paste stylish Unicode fonts and symbols for bios, captions, usernames and…",https://ultratextgen.com/it/library/simboli-punteggiatura/?utm_source=pinterest&utm_medium=social&utm_campaign=organic_pins&utm_content=it-library-simboli-punteggiatura,,"localized, simboli di punteggiatura: asterisco, virgolette basse, punto interrogativo, fancy text generator, copy paste fonts, unicode fonts, copy and paste, ultratextgen"
Simboli Roblox ✦ ⚡ ♡ — Copia e Incolla per il Nome Visualizzato (2026) — Copy and Paste,https://ultratextgen.com/assets/pinterest/it-library-simboli-roblox.png,International Fancy Font Generators,,"Simboli Roblox ✦ ⚡ ♡ — Copia e Incolla per il Nome Visualizzato (2026). 40+ simboli Roblox ✦ ⚡ ♡ da copiare e incollare per nome visualizzato, bio e gruppi — testati con il filtro dei nomi di Roblox, più la…. Copy and paste stylish Unicode fonts and symbols for bios, captions, usernames and…",https://ultratextgen.com/it/library/simboli-roblox/?utm_source=pinterest&utm_medium=social&utm_campaign=organic_pins&utm_content=it-library-simboli-roblox,,"localized, simboli roblox ✦ ⚡ ♡ — copia e incolla per il nome visualizzato (2026), fancy text generator, copy paste fonts, unicode fonts, copy and paste, ultratextgen"
"Simboli Stella ★ da Copiare e Incollare — Stelle, Scintille, Asterischi — Copy and",https://ultratextgen.com/assets/pinterest/it-library-simboli-stella.png,International Fancy Font Generators,,"Simboli Stella ★ da Copiare e Incollare — Stelle, Scintille, Asterischi. Raccolta di simboli stella ★ da copiare e incollare: stelle piene e vuote, a più punte, scintille, asterischi ed emoji stella. Tocca un…. Copy and paste stylish Unicode fonts and symbols for bios, captions, usernames and…",https://ultratextgen.com/it/library/simboli-stella/?utm_source=pinterest&utm_medium=social&utm_campaign=organic_pins&utm_content=it-library-simboli-stella,,"localized, simboli stella ★ da copiare e incollare — stelle, scintille, asterischi, fancy text generator, copy paste fonts, unicode fonts, copy and paste, ultratextgen"
Simboli Therian: Copia e Incolla Δ Theta-Delta e Simboli Alterhuman — Copy and Paste Fonts,https://ultratextgen.com/assets/pinterest/it-library-simboli-therian.png,International Fancy Font Generators,,"Simboli Therian: Copia e Incolla Δ Theta-Delta e Simboli Alterhuman. Sfoglia i simboli theta-delta (θΔ), impronte, fasi lunari e simboli di animali usati dalla comunità therian e alterhuman. Tocca un…. Copy and paste stylish Unicode fonts and symbols for bios, captions, usernames and posts —…",https://ultratextgen.com/it/library/simboli-therian/?utm_source=pinterest&utm_medium=social&utm_campaign=organic_pins&utm_content=it-library-simboli-therian,,"localized, simboli therian: copia e incolla δ theta-delta e simboli alterhuman, fancy text generator, copy paste fonts, unicode fonts, copy and paste, ultratextgen"
Simboli Witchy e Occulti: Copia e Incolla i Caratteri Occulti — Copy and Paste Fonts,https://ultratextgen.com/assets/pinterest/it-library-simboli-witchy-occult.png,International Fancy Font Generators,,"Simboli Witchy e Occulti: Copia e Incolla i Caratteri Occulti. Sfoglia e copia simboli witchy e occulti — pentagrammi, fasi lunari, segni planetari, simboli alchemici e altri caratteri esoterici…. Copy and paste stylish Unicode fonts and symbols for bios, captions, usernames and posts — free,…",https://ultratextgen.com/it/library/simboli-witchy-occult/?utm_source=pinterest&utm_medium=social&utm_campaign=organic_pins&utm_content=it-library-simboli-witchy-occult,,"localized, simboli witchy e occulti: copia e incolla i caratteri occulti, fancy text generator, copy paste fonts, unicode fonts, copy and paste, ultratextgen"
"Simboli Y2K ✰ Stelle, Scintille e Cyber Aesthetic da Copiare — Copy and Paste Fonts",https://ultratextgen.com/assets/pinterest/it-library-simboli-y2k.png,International Fancy Font Generators,,"Simboli Y2K ✰ Stelle, Scintille e Cyber Aesthetic da Copiare. Simboli Y2K aesthetic da copiare e incollare — stelline ✰ ⋆｡°✩, scintille ✧, croci ♱ e simboli cyber 💿 per bio Instagram, nickname e…. Copy and paste stylish Unicode fonts and symbols for bios, captions, usernames and posts — free,…",https://ultratextgen.com/it/library/simboli-y2k/?utm_source=pinterest&utm_medium=social&utm_campaign=organic_pins&utm_content=it-library-simboli-y2k,,"localized, simboli y2k ✰ stelle, scintille e cyber aesthetic da copiare, fancy text generator, copy paste fonts, unicode fonts, copy and paste, ultratextgen"
Simboli dello Zodiaco ♈♉♊ da Copiare — Segni Zodiacali e Astrologici — Copy and Paste,https://ultratextgen.com/assets/pinterest/it-library-simboli-zodiaco.png,International Fancy Font Generators,,"Simboli dello Zodiaco ♈♉♊ da Copiare — Segni Zodiacali e Astrologici. Simboli dei segni zodiacali, pianeti, zodiaco cinese e caratteri astronomici da copiare e incollare. Tocca un simbolo, è copiato. Copy and paste stylish Unicode fonts and symbols for bios, captions, usernames and posts — free,…",https://ultratextgen.com/it/library/simboli-zodiaco/?utm_source=pinterest&utm_medium=social&utm_campaign=organic_pins&utm_content=it-library-simboli-zodiaco,,"localized, simboli dello zodiaco ♈♉♊ da copiare — segni zodiacali e astrologici, fancy text generator, copy paste fonts, unicode fonts, copy and paste, ultratextgen"
"Simboli da Copiare e Incollare — Cuori ♡, Stelle ★, Aesthetic — Copy and Paste Fonts",https://ultratextgen.com/assets/pinterest/it-library-simboli.png,International Fancy Font Generators,,"Simboli da Copiare e Incollare — Cuori ♡, Stelle ★, Aesthetic. Simboli da copiare e incollare: cuori ♡, stelle ★, frecce, simboli aesthetic e caratteri speciali per bio Instagram, nickname e social…. Copy and paste stylish Unicode fonts and symbols for bios, captions, usernames and posts — free,…",https://ultratextgen.com/it/library/simboli/?utm_source=pinterest&utm_medium=social&utm_campaign=organic_pins&utm_content=it-library-simboli,,"localized, simboli da copiare e incollare — cuori ♡, stelle ★, aesthetic, fancy text generator, copy paste fonts, unicode fonts, copy and paste, ultratextgen"
"Convertitore Maiuscole e Minuscole — MAIUSCOLO, minuscolo, Title Case e Altro — Copy",https://ultratextgen.com/assets/pinterest/it-maiuscole-e-minuscole.png,International Fancy Font Generators,,"Convertitore Maiuscole e Minuscole — MAIUSCOLO, minuscolo, Title Case e Altro. Convertitore di maiuscole e minuscole gratuito e online. Converti il testo in MAIUSCOLO, minuscolo, Title Case, Sentence case…. Copy and paste stylish Unicode fonts and symbols for bios, captions, usernames and posts…",https://ultratextgen.com/it/maiuscole-e-minuscole/?utm_source=pinterest&utm_medium=social&utm_campaign=organic_pins&utm_content=it-maiuscole-e-minuscole,,"localized, convertitore maiuscole e minuscole — maiuscolo, minuscolo, title case e altro, fancy text generator, copy paste fonts, unicode fonts, copy and paste, ultratextgen"
Scritte per Nickname — Nomi Stilosi da Copiare — Copy and Paste Fonts,https://ultratextgen.com/assets/pinterest/it-nickname.png,International Fancy Font Generators,,"Scritte per Nickname — Nomi Stilosi da Copiare. Crea nickname stilosi e nomi decorati: scrivi e trasforma il testo in font Unicode e simboli da copiare per giochi, Instagram, TikTok e…. Copy and paste stylish Unicode fonts and symbols for bios, captions, usernames and posts — free, fast and…",https://ultratextgen.com/it/nickname/?utm_source=pinterest&utm_medium=social&utm_campaign=organic_pins&utm_content=it-nickname,,"localized, scritte per nickname — nomi stilosi da copiare, fancy text generator, copy paste fonts, unicode fonts, copy and paste, ultratextgen"
Scritte in 3D e Testo Decorato da Copiare — Copy and Paste Fonts,https://ultratextgen.com/assets/pinterest/it-scritte-3d.png,International Fancy Font Generators,,"Scritte in 3D e Testo Decorato da Copiare. Scritte in 3D e testo decorato online: crea effetti di testo con stili Unicode grassetto, contorno e simboli, pronti da copiare e…. Copy and paste stylish Unicode fonts and symbols for bios, captions, usernames and posts — free, fast and right in your…",https://ultratextgen.com/it/scritte-3d/?utm_source=pinterest&utm_medium=social&utm_campaign=organic_pins&utm_content=it-scritte-3d,,"localized, scritte in 3d e testo decorato da copiare, fancy text generator, copy paste fonts, unicode fonts, copy and paste, ultratextgen"
Scritte Aesthetic da Copiare e Incollare — Copy and Paste Fonts,https://ultratextgen.com/assets/pinterest/it-scritte-aesthetic.png,International Fancy Font Generators,,"Scritte Aesthetic da Copiare e Incollare. Scritte aesthetic da copiare e incollare: font estetici, corsivi e simboli carini per bio Instagram, TikTok e nickname. Gratis, senza…. Copy and paste stylish Unicode fonts and symbols for bios, captions, usernames and posts — free, fast and right in…",https://ultratextgen.com/it/scritte-aesthetic/?utm_source=pinterest&utm_medium=social&utm_campaign=organic_pins&utm_content=it-scritte-aesthetic,,"localized, scritte aesthetic da copiare e incollare, fancy text generator, copy paste fonts, unicode fonts, copy and paste, ultratextgen"
Scritte Belle da Copiare e Incollare — Copy and Paste Fonts,https://ultratextgen.com/assets/pinterest/it-scritte-belle.png,International Fancy Font Generators,,"Scritte Belle da Copiare e Incollare. Scritte belle e caratteri belli da copiare e incollare: font eleganti, corsivi e decorati per bio, nickname e social. Gratis, senza…. Copy and paste stylish Unicode fonts and symbols for bios, captions, usernames and posts — free, fast and right in your…",https://ultratextgen.com/it/scritte-belle/?utm_source=pinterest&utm_medium=social&utm_campaign=organic_pins&utm_content=it-scritte-belle,,"localized, scritte belle da copiare e incollare, fancy text generator, copy paste fonts, unicode fonts, copy and paste, ultratextgen"
Scritte Particolari da Copiare e Incollare — Copy and Paste Fonts,https://ultratextgen.com/assets/pinterest/it-scritte-particolari.png,International Fancy Font Generators,,"Scritte Particolari da Copiare e Incollare. Scritte particolari e strane da copiare e incollare: trasforma il testo in decine di stili unici — 𝓼𝓹𝓮𝓬𝓲𝓪𝓵𝓲, 𝔤𝔬𝔱𝔦𝔠𝔥𝔢, ᵗⁱⁿʸ — per bio…. Copy and paste stylish Unicode fonts and symbols for bios, captions, usernames and posts — free, fast and right in…",https://ultratextgen.com/it/scritte-particolari/?utm_source=pinterest&utm_medium=social&utm_campaign=organic_pins&utm_content=it-scritte-particolari,,"localized, scritte particolari da copiare e incollare, fancy text generator, copy paste fonts, unicode fonts, copy and paste, ultratextgen"
Croce ortodossa (☦): cosa significano le sue tre barre — Copy and Paste Fonts,https://ultratextgen.com/assets/pinterest/it-symbol-croce-ortodossa.png,International Fancy Font Generators,,"Croce ortodossa (☦): cosa significano le sue tre barre. La croce ortodossa ☦ (U+2626) da copiare e incollare — cosa rappresentano le sue tre barre: il titulus, la traversa e il poggiapiedi…. Copy and paste stylish Unicode fonts and symbols for bios, captions, usernames and posts — free, fast and…",https://ultratextgen.com/it/symbol/croce-ortodossa/?utm_source=pinterest&utm_medium=social&utm_campaign=organic_pins&utm_content=it-symbol-croce-ortodossa,,"localized, croce ortodossa (☦): cosa significano le sue tre barre, fancy text generator, copy paste fonts, unicode fonts, copy and paste, ultratextgen"
Simbolo Freccia Destra (→): Significato e Come si Scrive — Copy and Paste Fonts,https://ultratextgen.com/assets/pinterest/it-symbol-freccia-destra.png,International Fancy Font Generators,,"Simbolo Freccia Destra (→): Significato e Come si Scrive. Il simbolo della freccia destra → (U+2192) spiegato — l'uso in matematica e notazione, e come scriverlo su Windows e Mac. Tocca per…. Copy and paste stylish Unicode fonts and symbols for bios, captions, usernames and posts — free, fast…",https://ultratextgen.com/it/symbol/freccia-destra/?utm_source=pinterest&utm_medium=social&utm_campaign=organic_pins&utm_content=it-symbol-freccia-destra,,"localized, simbolo freccia destra (→): significato e come si scrive, fancy text generator, copy paste fonts, unicode fonts, copy and paste, ultratextgen"
Simbolo Freccia Giù (↓): Significato e Come si Scrive — Copy and Paste Fonts,https://ultratextgen.com/assets/pinterest/it-symbol-freccia-giu.png,International Fancy Font Generators,,"Simbolo Freccia Giù (↓): Significato e Come si Scrive. Il simbolo della freccia giù ↓ (U+2193) spiegato — l'uso in matematica, direzione e notazione, e come scriverlo su Windows e Mac. Tocca…. Copy and paste stylish Unicode fonts and symbols for bios, captions, usernames and posts — free, fast…",https://ultratextgen.com/it/symbol/freccia-giu/?utm_source=pinterest&utm_medium=social&utm_campaign=organic_pins&utm_content=it-symbol-freccia-giu,,"localized, simbolo freccia giù (↓): significato e come si scrive, fancy text generator, copy paste fonts, unicode fonts, copy and paste, ultratextgen"
Simbolo Freccia Sinistra (←): Significato e Come si Scrive — Copy and Paste Fonts,https://ultratextgen.com/assets/pinterest/it-symbol-freccia-sinistra.png,International Fancy Font Generators,,"Simbolo Freccia Sinistra (←): Significato e Come si Scrive. Il simbolo della freccia sinistra ← (U+2190) spiegato — l'uso in matematica e notazione, e come scriverlo su Windows e Mac. Tocca per…. Copy and paste stylish Unicode fonts and symbols for bios, captions, usernames and posts — free,…",https://ultratextgen.com/it/symbol/freccia-sinistra/?utm_source=pinterest&utm_medium=social&utm_campaign=organic_pins&utm_content=it-symbol-freccia-sinistra,,"localized, simbolo freccia sinistra (←): significato e come si scrive, fancy text generator, copy paste fonts, unicode fonts, copy and paste, ultratextgen"
Simbolo Freccia Su (↑): Significato e Come si Scrive — Copy and Paste Fonts,https://ultratextgen.com/assets/pinterest/it-symbol-freccia-su.png,International Fancy Font Generators,,"Simbolo Freccia Su (↑): Significato e Come si Scrive. Il simbolo della freccia su ↑ (U+2191) spiegato — l'uso in matematica, direzione e notazione, e come scriverlo su Windows e Mac. Tocca…. Copy and paste stylish Unicode fonts and symbols for bios, captions, usernames and posts — free, fast and…",https://ultratextgen.com/it/symbol/freccia-su/?utm_source=pinterest&utm_medium=social&utm_campaign=organic_pins&utm_content=it-symbol-freccia-su,,"localized, simbolo freccia su (↑): significato e come si scrive, fancy text generator, copy paste fonts, unicode fonts, copy and paste, ultratextgen"
Simboli — Ogni Simbolo Unicode Spiegato — Copy and Paste Fonts,https://ultratextgen.com/assets/pinterest/it-symbol.png,International Fancy Font Generators,,"Simboli — Ogni Simbolo Unicode Spiegato. Cerchi un simbolo specifico? Ogni pagina qui spiega un singolo simbolo Unicode: cosa significa, la sua storia, come si scrive e dove…. Copy and paste stylish Unicode fonts and symbols for bios, captions, usernames and posts — free, fast and right in your…",https://ultratextgen.com/it/symbol/?utm_source=pinterest&utm_medium=social&utm_campaign=organic_pins&utm_content=it-symbol,,"localized, simboli — ogni simbolo unicode spiegato, fancy text generator, copy paste fonts, unicode fonts, copy and paste, ultratextgen"
"Simbolo della linea verticale (|): significato, storia e come si scrive — Copy and",https://ultratextgen.com/assets/pinterest/it-symbol-linea-verticale.png,International Fancy Font Generators,,"Simbolo della linea verticale (|): significato, storia e come si scrive. Il simbolo della linea verticale | (U+007C) spiegato — la sua storia come «pipe» di Unix, gli usi nella notazione matematica e come…. Copy and paste stylish Unicode fonts and symbols for bios, captions, usernames and posts…",https://ultratextgen.com/it/symbol/linea-verticale/?utm_source=pinterest&utm_medium=social&utm_campaign=organic_pins&utm_content=it-symbol-linea-verticale,,"localized, simbolo della linea verticale (|): significato, storia e come si scrive, fancy text generator, copy paste fonts, unicode fonts, copy and paste, ultratextgen"
Simbolo della Luna Nera Lilith (⚸): Significato in Astrologia — Copy and Paste Fonts,https://ultratextgen.com/assets/pinterest/it-symbol-luna-nera-lilith.png,International Fancy Font Generators,,"Simbolo della Luna Nera Lilith (⚸): Significato in Astrologia. Il simbolo della Luna Nera Lilith (⚸), un punto dell'orbita lunare più che un corpo celeste — e gli altri simboli lunari e dei nodi che…. Copy and paste stylish Unicode fonts and symbols for bios, captions, usernames and posts —…",https://ultratextgen.com/it/symbol/luna-nera-lilith/?utm_source=pinterest&utm_medium=social&utm_campaign=organic_pins&utm_content=it-symbol-luna-nera-lilith,,"localized, simbolo della luna nera lilith (⚸): significato in astrologia, fancy text generator, copy paste fonts, unicode fonts, copy and paste, ultratextgen"
"Punto Interrogativo Inverso (⸮): il segno rovesciato, da non confondere con ¿ — Copy",https://ultratextgen.com/assets/pinterest/it-symbol-punto-interrogativo-inverso.png,International Fancy Font Generators,,"Punto Interrogativo Inverso (⸮): il segno rovesciato, da non confondere con ¿. Copia e incolla il punto interrogativo rovesciato (⸮ U+2E2E), un segno del XVI secolo per le domande retoriche — e scopri perché è…. Copy and paste stylish Unicode fonts and symbols for bios, captions, usernames and…",https://ultratextgen.com/it/symbol/punto-interrogativo-inverso/?utm_source=pinterest&utm_medium=social&utm_campaign=organic_pins&utm_content=it-symbol-punto-interrogativo-inverso,,"localized, punto interrogativo inverso (⸮): il segno rovesciato, da non confondere con ¿, fancy text generator, copy paste fonts, unicode fonts, copy and paste, ultratextgen"
Simboli Minore e Maggiore (< >): Significato e Come si Scrivono — Copy and Paste Fonts,https://ultratextgen.com/assets/pinterest/it-symbol-simboli-minore-maggiore.png,International Fancy Font Generators,,"Simboli Minore e Maggiore (< >): Significato e Come si Scrivono. I simboli < e > spiegati — il significato di confronto, perché < rompe l'HTML se non è codificato, come scriverli, e in cosa…. Copy and paste stylish Unicode fonts and symbols for bios, captions, usernames and posts — free, fast…",https://ultratextgen.com/it/symbol/simboli-minore-maggiore/?utm_source=pinterest&utm_medium=social&utm_campaign=organic_pins&utm_content=it-symbol-simboli-minore-maggiore,,"localized, simboli minore e maggiore (< >): significato e come si scrivono, fancy text generator, copy paste fonts, unicode fonts, copy and paste, ultratextgen"
"Simbolo dell'Acquario (♒): Significato, Mitologia e Come si Scrive — Copy and Paste Fonts",https://ultratextgen.com/assets/pinterest/it-symbol-simbolo-acquario.png,International Fancy Font Generators,,"Simbolo dell'Acquario (♒): Significato, Mitologia e Come si Scrive. Il simbolo dell'Acquario ♒ (U+2652) spiegato — il mito di Ganimede e il vero motivo per cui un segno chiamato «portatore d'acqua», con…. Copy and paste stylish Unicode fonts and symbols for bios, captions, usernames and posts —…",https://ultratextgen.com/it/symbol/simbolo-acquario/?utm_source=pinterest&utm_medium=social&utm_campaign=organic_pins&utm_content=it-symbol-simbolo-acquario,,"localized, simbolo dell'acquario (♒): significato, mitologia e come si scrive, fancy text generator, copy paste fonts, unicode fonts, copy and paste, ultratextgen"
Simbolo Alfa (Α α): la Prima Lettera Greca da Copiare — Copy and Paste Fonts,https://ultratextgen.com/assets/pinterest/it-symbol-simbolo-alfa.png,International Fancy Font Generators,,"Simbolo Alfa (Α α): la Prima Lettera Greca da Copiare. Il simbolo alfa da copiare — la lettera greca Α α che apre l'alfabeto, l'«Alfa» di «Alfa e Omega», e il segno delle particelle alfa e…. Copy and paste stylish Unicode fonts and symbols for bios, captions, usernames and posts — free, fast and…",https://ultratextgen.com/it/symbol/simbolo-alfa/?utm_source=pinterest&utm_medium=social&utm_campaign=organic_pins&utm_content=it-symbol-simbolo-alfa,,"localized, simbolo alfa (α α): la prima lettera greca da copiare, fancy text generator, copy paste fonts, unicode fonts, copy and paste, ultratextgen"
Simbolo dell'Anarchia (Ⓐ): La A Cerchiata e la sua Origine del 1964 — Copy and Paste Fonts,https://ultratextgen.com/assets/pinterest/it-symbol-simbolo-anarchia.png,International Fancy Font Generators,,"Simbolo dell'Anarchia (Ⓐ): La A Cerchiata e la sua Origine del 1964. Il simbolo dell'anarchia (Ⓐ, la A cerchiata): la sua origine precisa del 1964, il discusso significato «A in O = Ordine» e come la band…. Copy and paste stylish Unicode fonts and symbols for bios, captions, usernames and posts…",https://ultratextgen.com/it/symbol/simbolo-anarchia/?utm_source=pinterest&utm_medium=social&utm_campaign=organic_pins&utm_content=it-symbol-simbolo-anarchia,,"localized, simbolo dell'anarchia (ⓐ): la a cerchiata e la sua origine del 1964, fancy text generator, copy paste fonts, unicode fonts, copy and paste, ultratextgen"
Simbolo ankh (☥): il geroglifico egizio della «vita» — Copy and Paste Fonts,https://ultratextgen.com/assets/pinterest/it-symbol-simbolo-ankh.png,International Fancy Font Generators,,"Simbolo ankh (☥): il geroglifico egizio della «vita». Copia e incolla l'ankh (☥ U+2625), il geroglifico dell'antico Egitto che significa «vita», tenuto da divinità e faraoni — e la croce…. Copy and paste stylish Unicode fonts and symbols for bios, captions, usernames and posts — free, fast and…",https://ultratextgen.com/it/symbol/simbolo-ankh/?utm_source=pinterest&utm_medium=social&utm_campaign=organic_pins&utm_content=it-symbol-simbolo-ankh,,"localized, simbolo ankh (☥): il geroglifico egizio della «vita», fancy text generator, copy paste fonts, unicode fonts, copy and paste, ultratextgen"
"Simbolo dell'Ariete (♈): Significato, Mitologia e Come si Scrive — Copy and Paste Fonts",https://ultratextgen.com/assets/pinterest/it-symbol-simbolo-ariete.png,International Fancy Font Generators,,"Simbolo dell'Ariete (♈): Significato, Mitologia e Come si Scrive. Il simbolo dell'Ariete ♈ (U+2648) spiegato — il primo segno dello zodiaco, il mito del Vello d'oro che lo accompagna, il pianeta Marte e…. Copy and paste stylish Unicode fonts and symbols for bios, captions, usernames and posts —…",https://ultratextgen.com/it/symbol/simbolo-ariete/?utm_source=pinterest&utm_medium=social&utm_campaign=organic_pins&utm_content=it-symbol-simbolo-ariete,,"localized, simbolo dell'ariete (♈): significato, mitologia e come si scrive, fancy text generator, copy paste fonts, unicode fonts, copy and paste, ultratextgen"
Simbolo dell'Autismo: Copia e Incolla ♾️ Infinito — Non il Pezzo di Puzzle — Copy and,https://ultratextgen.com/assets/pinterest/it-symbol-simbolo-autismo.png,International Fancy Font Generators,,"Simbolo dell'Autismo: Copia e Incolla ♾️ Infinito — Non il Pezzo di Puzzle. Il simbolo dell'infinito (∞ ♾️) che la comunità autistica usa per autismo e neurodiversità, perché il pezzo di puzzle 🧩 è caduto in…. Copy and paste stylish Unicode fonts and symbols for bios, captions, usernames and…",https://ultratextgen.com/it/symbol/simbolo-autismo/?utm_source=pinterest&utm_medium=social&utm_campaign=organic_pins&utm_content=it-symbol-simbolo-autismo,,"localized, simbolo dell'autismo: copia e incolla ♾️ infinito — non il pezzo di puzzle, fancy text generator, copy paste fonts, unicode fonts, copy and paste, ultratextgen"
"Simbolo della Bilancia (♎): Significato, Mitologia e Come si Scrive — Copy and Paste Fonts",https://ultratextgen.com/assets/pinterest/it-symbol-simbolo-bilancia.png,International Fancy Font Generators,,"Simbolo della Bilancia (♎): Significato, Mitologia e Come si Scrive. Il simbolo della Bilancia ♎ (U+264E) spiegato — una vera bilancia a piatti e l'unico segno dello zodiaco che raffigura un oggetto invece…. Copy and paste stylish Unicode fonts and symbols for bios, captions, usernames and posts…",https://ultratextgen.com/it/symbol/simbolo-bilancia/?utm_source=pinterest&utm_medium=social&utm_campaign=organic_pins&utm_content=it-symbol-simbolo-bilancia,,"localized, simbolo della bilancia (♎): significato, mitologia e come si scrive, fancy text generator, copy paste fonts, unicode fonts, copy and paste, ultratextgen"
Simbolo Bitcoin (₿): il Segno di Valuta Aggiunto da Unicode nel 2017 — Copy and Paste,https://ultratextgen.com/assets/pinterest/it-symbol-simbolo-bitcoin.png,International Fancy Font Generators,,"Simbolo Bitcoin (₿): il Segno di Valuta Aggiunto da Unicode nel 2017. Il simbolo Bitcoin ₿ (U+20BF) spiegato — perché Unicode lo aggiunse nel 2017, in che cosa differisce dal baht thailandese ฿ e dal ticker…. Copy and paste stylish Unicode fonts and symbols for bios, captions, usernames and…",https://ultratextgen.com/it/symbol/simbolo-bitcoin/?utm_source=pinterest&utm_medium=social&utm_campaign=organic_pins&utm_content=it-symbol-simbolo-bitcoin,,"localized, simbolo bitcoin (₿): il segno di valuta aggiunto da unicode nel 2017, fancy text generator, copy paste fonts, unicode fonts, copy and paste, ultratextgen"
"Simbolo del Cancro (♋): Significato, Mitologia e Come si Scrive — Copy and Paste Fonts",https://ultratextgen.com/assets/pinterest/it-symbol-simbolo-cancro.png,International Fancy Font Generators,,"Simbolo del Cancro (♋): Significato, Mitologia e Come si Scrive. Il simbolo del Cancro ♋ (U+264B) spiegato — il mito del granchio gigante inviato da Era contro Eracle e perché il Cancro è l'unico segno…. Copy and paste stylish Unicode fonts and symbols for bios, captions, usernames and posts —…",https://ultratextgen.com/it/symbol/simbolo-cancro/?utm_source=pinterest&utm_medium=social&utm_campaign=organic_pins&utm_content=it-symbol-simbolo-cancro,,"localized, simbolo del cancro (♋): significato, mitologia e come si scrive, fancy text generator, copy paste fonts, unicode fonts, copy and paste, ultratextgen"
"Simbolo del Capricorno (♑): Significato, Mitologia e Come si Scrive — Copy and Paste Fonts",https://ultratextgen.com/assets/pinterest/it-symbol-simbolo-capricorno.png,International Fancy Font Generators,,"Simbolo del Capricorno (♑): Significato, Mitologia e Come si Scrive. Il simbolo del Capricorno ♑ (U+2651) spiegato — il mito della capra-pesce, la fuga a metà del dio Pan dal mostro Tifone che lo lasciò…. Copy and paste stylish Unicode fonts and symbols for bios, captions, usernames and posts —…",https://ultratextgen.com/it/symbol/simbolo-capricorno/?utm_source=pinterest&utm_medium=social&utm_campaign=organic_pins&utm_content=it-symbol-simbolo-capricorno,,"localized, simbolo del capricorno (♑): significato, mitologia e come si scrive, fancy text generator, copy paste fonts, unicode fonts, copy and paste, ultratextgen"
"Simbolo Carattere Invisibile (⠀): Nomi Vuoti, Significato e Come Usarlo — Copy and",https://ultratextgen.com/assets/pinterest/it-symbol-simbolo-carattere-invisibile.png,International Fancy Font Generators,,"Simbolo Carattere Invisibile (⠀): Nomi Vuoti, Significato e Come Usarlo. Il carattere invisibile ⠀ (U+2800) spiegato — perché supera la validazione dei nomi vuoti dove altri caratteri invisibili vengono…. Copy and paste stylish Unicode fonts and symbols for bios, captions, usernames and posts —…",https://ultratextgen.com/it/symbol/simbolo-carattere-invisibile/?utm_source=pinterest&utm_medium=social&utm_campaign=organic_pins&utm_content=it-symbol-simbolo-carattere-invisibile,,"localized, simbolo carattere invisibile (⠀): nomi vuoti, significato e come usarlo, fancy text generator, copy paste fonts, unicode fonts, copy and paste, ultratextgen"
Simbolo Celsius (℃): il Grado Celsius in un Solo Carattere — Copy and Paste Fonts,https://ultratextgen.com/assets/pinterest/it-symbol-simbolo-celsius.png,International Fancy Font Generators,,"Simbolo Celsius (℃): il Grado Celsius in un Solo Carattere. Il simbolo del grado Celsius ℃ (U+2103) spiegato — la legatura di temperatura in un solo carattere, perché Unicode consiglia il semplice…. Copy and paste stylish Unicode fonts and symbols for bios, captions, usernames and posts — free,…",https://ultratextgen.com/it/symbol/simbolo-celsius/?utm_source=pinterest&utm_medium=social&utm_campaign=organic_pins&utm_content=it-symbol-simbolo-celsius,,"localized, simbolo celsius (℃): il grado celsius in un solo carattere, fancy text generator, copy paste fonts, unicode fonts, copy and paste, ultratextgen"
"Segno di Centesimo (¢): Significato, Storia e Come si Scrive — Copy and Paste Fonts",https://ultratextgen.com/assets/pinterest/it-symbol-simbolo-centesimo.png,International Fancy Font Generators,,"Segno di Centesimo (¢): Significato, Storia e Come si Scrive. Il segno di centesimo ¢ (U+00A2) spiegato — perché manca da quasi tutte le tastiere, i caratteri con cui si confonde e come scriverlo su…. Copy and paste stylish Unicode fonts and symbols for bios, captions, usernames and posts —…",https://ultratextgen.com/it/symbol/simbolo-centesimo/?utm_source=pinterest&utm_medium=social&utm_campaign=organic_pins&utm_content=it-symbol-simbolo-centesimo,,"localized, segno di centesimo (¢): significato, storia e come si scrive, fancy text generator, copy paste fonts, unicode fonts, copy and paste, ultratextgen"
"Simbolo Chiocciola (@): Significato, Storia e Come si Scrive — Copy and Paste Fonts",https://ultratextgen.com/assets/pinterest/it-symbol-simbolo-chiocciola.png,International Fancy Font Generators,,"Simbolo Chiocciola (@): Significato, Storia e Come si Scrive. La chiocciola @ (U+0040) spiegata — la sua origine nei registri contabili, l'uso di Ray Tomlinson per l'email nel 1971, come attiva le…. Copy and paste stylish Unicode fonts and symbols for bios, captions, usernames and posts — free,…",https://ultratextgen.com/it/symbol/simbolo-chiocciola/?utm_source=pinterest&utm_medium=social&utm_campaign=organic_pins&utm_content=it-symbol-simbolo-chiocciola,,"localized, simbolo chiocciola (@): significato, storia e come si scrive, fancy text generator, copy paste fonts, unicode fonts, copy and paste, ultratextgen"
Simbolo Congruente (≅): Significato e Come si Scrive — Copy and Paste Fonts,https://ultratextgen.com/assets/pinterest/it-symbol-simbolo-congruente.png,International Fancy Font Generators,,"Simbolo Congruente (≅): Significato e Come si Scrive. Il simbolo congruente ≅ spiegato — il segno geometrico per «stessa forma e stessa dimensione» che Unicode chiama ufficialmente…. Copy and paste stylish Unicode fonts and symbols for bios, captions, usernames and posts — free, fast and right…",https://ultratextgen.com/it/symbol/simbolo-congruente/?utm_source=pinterest&utm_medium=social&utm_campaign=organic_pins&utm_content=it-symbol-simbolo-congruente,,"localized, simbolo congruente (≅): significato e come si scrive, fancy text generator, copy paste fonts, unicode fonts, copy and paste, ultratextgen"
"Simbolo di Copyright (©): Significato, Storia e Come si Scrive — Copy and Paste Fonts",https://ultratextgen.com/assets/pinterest/it-symbol-simbolo-copyright.png,International Fancy Font Generators,,"Simbolo di Copyright (©): Significato, Storia e Come si Scrive. Il simbolo di copyright © (U+00A9) spiegato — la sua origine legale del 1909, se serve ancora di fronte alla protezione automatica del…. Copy and paste stylish Unicode fonts and symbols for bios, captions, usernames and posts —…",https://ultratextgen.com/it/symbol/simbolo-copyright/?utm_source=pinterest&utm_medium=social&utm_campaign=organic_pins&utm_content=it-symbol-simbolo-copyright,,"localized, simbolo di copyright (©): significato, storia e come si scrive, fancy text generator, copy paste fonts, unicode fonts, copy and paste, ultratextgen"
Simbolo della Croce (✝): Copia e Incolla la Croce Latina (Croce Cristiana) — Copy and,https://ultratextgen.com/assets/pinterest/it-symbol-simbolo-croce.png,International Fancy Font Generators,,"Simbolo della Croce (✝): Copia e Incolla la Croce Latina (Croce Cristiana). La croce latina (✝, U+271D), simbolo principale del cristianesimo — insieme alla croce ortodossa, di Malta e ad altre croci, e come si…. Copy and paste stylish Unicode fonts and symbols for bios, captions, usernames and…",https://ultratextgen.com/it/symbol/simbolo-croce/?utm_source=pinterest&utm_medium=social&utm_campaign=organic_pins&utm_content=it-symbol-simbolo-croce,,"localized, simbolo della croce (✝): copia e incolla la croce latina (croce cristiana), fancy text generator, copy paste fonts, unicode fonts, copy and paste, ultratextgen"
Simbolo del cuore (♥): copia e incolla ♥ ❤ cuori e cuori in testo — Copy and Paste Fonts,https://ultratextgen.com/assets/pinterest/it-symbol-simbolo-cuore.png,International Fancy Font Generators,,"Simbolo del cuore (♥): copia e incolla ♥ ❤ cuori e cuori in testo. Copia e incolla il simbolo del cuore (♥, U+2665) — il cuore dei semi delle carte, il ❤ più spesso, gli emoji cuore colorati e i cuori in…. Copy and paste stylish Unicode fonts and symbols for bios, captions, usernames and posts —…",https://ultratextgen.com/it/symbol/simbolo-cuore/?utm_source=pinterest&utm_medium=social&utm_campaign=organic_pins&utm_content=it-symbol-simbolo-cuore,,"localized, simbolo del cuore (♥): copia e incolla ♥ ❤ cuori e cuori in testo, fancy text generator, copy paste fonts, unicode fonts, copy and paste, ultratextgen"
"Simbolo della Pace (☮): Significato, Storia e Come si Scrive — Copy and Paste Fonts",https://ultratextgen.com/assets/pinterest/it-symbol-simbolo-della-pace.png,International Fancy Font Generators,,"Simbolo della Pace (☮): Significato, Storia e Come si Scrive. Il simbolo della pace ☮ (U+262E) spiegato — il disegno del 1958 di Gerald Holtom dalle lettere del semaforo, e come scriverlo su Windows…. Copy and paste stylish Unicode fonts and symbols for bios, captions, usernames and posts —…",https://ultratextgen.com/it/symbol/simbolo-della-pace/?utm_source=pinterest&utm_medium=social&utm_campaign=organic_pins&utm_content=it-symbol-simbolo-della-pace,,"localized, simbolo della pace (☮): significato, storia e come si scrive, fancy text generator, copy paste fonts, unicode fonts, copy and paste, ultratextgen"
"Simbolo Delta (Δ): Significato, Storia e Come si Scrive — Copy and Paste Fonts",https://ultratextgen.com/assets/pinterest/it-symbol-simbolo-delta.png,International Fancy Font Generators,,"Simbolo Delta (Δ): Significato, Storia e Come si Scrive. Il simbolo delta Δ (U+0394) spiegato — la lettera greca che significa «variazione di» in matematica, fisica e chimica, la δ minuscola…. Copy and paste stylish Unicode fonts and symbols for bios, captions, usernames and posts — free, fast…",https://ultratextgen.com/it/symbol/simbolo-delta/?utm_source=pinterest&utm_medium=social&utm_campaign=organic_pins&utm_content=it-symbol-simbolo-delta,,"localized, simbolo delta (δ): significato, storia e come si scrive, fancy text generator, copy paste fonts, unicode fonts, copy and paste, ultratextgen"
"Simbolo di Paragrafo (¶): Significato, Storia e Come si Scrive — Copy and Paste Fonts",https://ultratextgen.com/assets/pinterest/it-symbol-simbolo-di-paragrafo.png,International Fancy Font Generators,,"Simbolo di Paragrafo (¶): Significato, Storia e Come si Scrive. Il segno di paragrafo ¶ (U+00B6), o piè di mosca, spiegato — il segno medievale dietro il pulsante Mostra/Nascondi di Word, e come…. Copy and paste stylish Unicode fonts and symbols for bios, captions, usernames and posts — free,…",https://ultratextgen.com/it/symbol/simbolo-di-paragrafo/?utm_source=pinterest&utm_medium=social&utm_campaign=organic_pins&utm_content=it-symbol-simbolo-di-paragrafo,,"localized, simbolo di paragrafo (¶): significato, storia e come si scrive, fancy text generator, copy paste fonts, unicode fonts, copy and paste, ultratextgen"
"Simbolo di Sezione (§): Significato, Storia e Come si Scrive — Copy and Paste Fonts",https://ultratextgen.com/assets/pinterest/it-symbol-simbolo-di-sezione.png,International Fancy Font Generators,,"Simbolo di Sezione (§): Significato, Storia e Come si Scrive. Il simbolo di sezione § (U+00A7) spiegato — la sua origine legale medievale, come si usa per citare le leggi e come scriverlo su Windows…. Copy and paste stylish Unicode fonts and symbols for bios, captions, usernames and posts —…",https://ultratextgen.com/it/symbol/simbolo-di-sezione/?utm_source=pinterest&utm_medium=social&utm_campaign=organic_pins&utm_content=it-symbol-simbolo-di-sezione,,"localized, simbolo di sezione (§): significato, storia e come si scrive, fancy text generator, copy paste fonts, unicode fonts, copy and paste, ultratextgen"
Simbolo di spunta (✓): copia e incolla ✓ ✔ segni di spunta — Copy and Paste Fonts,https://ultratextgen.com/assets/pinterest/it-symbol-simbolo-di-spunta.png,International Fancy Font Generators,,"Simbolo di spunta (✓): copia e incolla ✓ ✔ segni di spunta. Copia e incolla il segno di spunta (✓, U+2713) — la spunta, il ✔ pesante, l'emoji verde ✅ e la casella ☑, più il ✗ e il √ con cui si…. Copy and paste stylish Unicode fonts and symbols for bios, captions, usernames and posts — free, fast…",https://ultratextgen.com/it/symbol/simbolo-di-spunta/?utm_source=pinterest&utm_medium=social&utm_campaign=organic_pins&utm_content=it-symbol-simbolo-di-spunta,,"localized, simbolo di spunta (✓): copia e incolla ✓ ✔ segni di spunta, fancy text generator, copy paste fonts, unicode fonts, copy and paste, ultratextgen"
Simbolo del diametro (⌀): copia e incolla il segno di diametro tecnico — Copy and Paste,https://ultratextgen.com/assets/pinterest/it-symbol-simbolo-diametro.png,International Fancy Font Generators,,"Simbolo del diametro (⌀): copia e incolla il segno di diametro tecnico. Copia e incolla il simbolo del diametro (⌀, U+2300) usato nei disegni tecnici e nelle specifiche di lavorazione, più i vicini con cui si…. Copy and paste stylish Unicode fonts and symbols for bios, captions, usernames and…",https://ultratextgen.com/it/symbol/simbolo-diametro/?utm_source=pinterest&utm_medium=social&utm_campaign=organic_pins&utm_content=it-symbol-simbolo-diametro,,"localized, simbolo del diametro (⌀): copia e incolla il segno di diametro tecnico, fancy text generator, copy paste fonts, unicode fonts, copy and paste, ultratextgen"
"Simbolo Diverso (≠): Significato, Storia e Come si Scrive — Copy and Paste Fonts",https://ultratextgen.com/assets/pinterest/it-symbol-simbolo-diverso.png,International Fancy Font Generators,,"Simbolo Diverso (≠): Significato, Storia e Come si Scrive. Il simbolo diverso ≠ (U+2260) spiegato — cosa significa («non è uguale a»), la sua storia, come scriverlo su Windows e Mac, e perché il…. Copy and paste stylish Unicode fonts and symbols for bios, captions, usernames and posts — free,…",https://ultratextgen.com/it/symbol/simbolo-diverso/?utm_source=pinterest&utm_medium=social&utm_campaign=organic_pins&utm_content=it-symbol-simbolo-diverso,,"localized, simbolo diverso (≠): significato, storia e come si scrive, fancy text generator, copy paste fonts, unicode fonts, copy and paste, ultratextgen"
"Segno di Divisione (÷): Significato, Storia e Come si Scrive — Copy and Paste Fonts",https://ultratextgen.com/assets/pinterest/it-symbol-simbolo-divisione.png,International Fancy Font Generators,,"Segno di Divisione (÷): Significato, Storia e Come si Scrive. Il segno di divisione ÷ (U+00F7, obelus) spiegato — come si usa in matematica, differenza da / e ∕, e come scriverlo su Windows e Mac…. Copy and paste stylish Unicode fonts and symbols for bios, captions, usernames and posts — free,…",https://ultratextgen.com/it/symbol/simbolo-divisione/?utm_source=pinterest&utm_medium=social&utm_campaign=organic_pins&utm_content=it-symbol-simbolo-divisione,,"localized, segno di divisione (÷): significato, storia e come si scrive, fancy text generator, copy paste fonts, unicode fonts, copy and paste, ultratextgen"
"Simbolo del Dollaro ($): Origine, Storia e Come si Scrive — Copy and Paste Fonts",https://ultratextgen.com/assets/pinterest/it-symbol-simbolo-dollaro.png,International Fancy Font Generators,,"Simbolo del Dollaro ($): Origine, Storia e Come si Scrive. Il simbolo del dollaro $ (U+0024) spiegato — la sua origine contesa nell'abbreviazione del peso spagnolo, il mito smentito del…. Copy and paste stylish Unicode fonts and symbols for bios, captions, usernames and posts — free, fast and…",https://ultratextgen.com/it/symbol/simbolo-dollaro/?utm_source=pinterest&utm_medium=social&utm_campaign=organic_pins&utm_content=it-symbol-simbolo-dollaro,,"localized, simbolo del dollaro ($): origine, storia e come si scrive, fancy text generator, copy paste fonts, unicode fonts, copy and paste, ultratextgen"
"Simbolo E Commerciale (&): Significato, Storia e Come si Scrive — Copy and Paste Fonts",https://ultratextgen.com/assets/pinterest/it-symbol-simbolo-e-commerciale.png,International Fancy Font Generators,,"Simbolo E Commerciale (&): Significato, Storia e Come si Scrive. La e commerciale & (U+0026) spiegata — la sua origine come legatura latina di «et», da dove viene il nome «ampersand» e come scriverla…. Copy and paste stylish Unicode fonts and symbols for bios, captions, usernames and posts —…",https://ultratextgen.com/it/symbol/simbolo-e-commerciale/?utm_source=pinterest&utm_medium=social&utm_campaign=organic_pins&utm_content=it-symbol-simbolo-e-commerciale,,"localized, simbolo e commerciale (&): significato, storia e come si scrive, fancy text generator, copy paste fonts, unicode fonts, copy and paste, ultratextgen"
"Simbolo Euro (€): Significato, Storia e Come si Scrive — Copy and Paste Fonts",https://ultratextgen.com/assets/pinterest/it-symbol-simbolo-euro.png,International Fancy Font Generators,,"Simbolo Euro (€): Significato, Storia e Come si Scrive. Il simbolo dell'euro € (U+20AC) spiegato — la sua storia di design del 1996, cosa significano le due linee e come scriverlo su Windows e…. Copy and paste stylish Unicode fonts and symbols for bios, captions, usernames and posts — free, fast…",https://ultratextgen.com/it/symbol/simbolo-euro/?utm_source=pinterest&utm_medium=social&utm_campaign=organic_pins&utm_content=it-symbol-simbolo-euro,,"localized, simbolo euro (€): significato, storia e come si scrive, fancy text generator, copy paste fonts, unicode fonts, copy and paste, ultratextgen"
Simbolo Fahrenheit (℉): il Grado Fahrenheit in un Solo Carattere — Copy and Paste Fonts,https://ultratextgen.com/assets/pinterest/it-symbol-simbolo-fahrenheit.png,International Fancy Font Generators,,"Simbolo Fahrenheit (℉): il Grado Fahrenheit in un Solo Carattere. Il simbolo del grado Fahrenheit ℉ (U+2109) spiegato — la legatura di temperatura in un solo carattere, perché Unicode consiglia il…. Copy and paste stylish Unicode fonts and symbols for bios, captions, usernames and posts — free,…",https://ultratextgen.com/it/symbol/simbolo-fahrenheit/?utm_source=pinterest&utm_medium=social&utm_campaign=organic_pins&utm_content=it-symbol-simbolo-fahrenheit,,"localized, simbolo fahrenheit (℉): il grado fahrenheit in un solo carattere, fancy text generator, copy paste fonts, unicode fonts, copy and paste, ultratextgen"
Simbolo fleur-de-lis (⚜): copia e incolla il giglio araldico — Copy and Paste Fonts,https://ultratextgen.com/assets/pinterest/it-symbol-simbolo-fleur-de-lis.png,International Fancy Font Generators,,"Simbolo fleur-de-lis (⚜): copia e incolla il giglio araldico. Copia e incolla il fleur-de-lis (⚜, U+269C), il giglio stilizzato della monarchia francese — oggi emblema mondiale degli Scout, logo dei…. Copy and paste stylish Unicode fonts and symbols for bios, captions, usernames and posts —…",https://ultratextgen.com/it/symbol/simbolo-fleur-de-lis/?utm_source=pinterest&utm_medium=social&utm_campaign=organic_pins&utm_content=it-symbol-simbolo-fleur-de-lis,,"localized, simbolo fleur-de-lis (⚜): copia e incolla il giglio araldico, fancy text generator, copy paste fonts, unicode fonts, copy and paste, ultratextgen"
"Simbolo dei Gemelli (♊): Significato, Mitologia e Come si Scrive — Copy and Paste Fonts",https://ultratextgen.com/assets/pinterest/it-symbol-simbolo-gemelli.png,International Fancy Font Generators,,"Simbolo dei Gemelli (♊): Significato, Mitologia e Come si Scrive. Il simbolo dei Gemelli ♊ (U+264A) spiegato — il mito di Castore e Polluce, i gemelli figli di due padri diversi, uno mortale e uno no…. Copy and paste stylish Unicode fonts and symbols for bios, captions, usernames and posts —…",https://ultratextgen.com/it/symbol/simbolo-gemelli/?utm_source=pinterest&utm_medium=social&utm_campaign=organic_pins&utm_content=it-symbol-simbolo-gemelli,,"localized, simbolo dei gemelli (♊): significato, mitologia e come si scrive, fancy text generator, copy paste fonts, unicode fonts, copy and paste, ultratextgen"
"Simbolo dei Gradi (°): Significato, Storia e Come si Scrive — Copy and Paste Fonts",https://ultratextgen.com/assets/pinterest/it-symbol-simbolo-gradi.png,International Fancy Font Generators,,"Simbolo dei Gradi (°): Significato, Storia e Come si Scrive. Il simbolo dei gradi ° (U+00B0) spiegato — uso per temperatura e angoli, differenza da º ordinale, e come scriverlo su Windows e Mac…. Copy and paste stylish Unicode fonts and symbols for bios, captions, usernames and posts — free,…",https://ultratextgen.com/it/symbol/simbolo-gradi/?utm_source=pinterest&utm_medium=social&utm_campaign=organic_pins&utm_content=it-symbol-simbolo-gradi,,"localized, simbolo dei gradi (°): significato, storia e come si scrive, fancy text generator, copy paste fonts, unicode fonts, copy and paste, ultratextgen"
Simbolo hamsa (🪬): la mano di Miriam e la mano di Fatima — Copy and Paste Fonts,https://ultratextgen.com/assets/pinterest/it-symbol-simbolo-hamsa.png,International Fancy Font Generators,,"Simbolo hamsa (🪬): la mano di Miriam e la mano di Fatima. Copia e incolla la mano di hamsa (🪬 U+1FAAC), aggiunta a Unicode nel 2021 — un amuleto protettivo anteriore all'ebraismo e all'islam…. Copy and paste stylish Unicode fonts and symbols for bios, captions, usernames and posts — free, fast…",https://ultratextgen.com/it/symbol/simbolo-hamsa/?utm_source=pinterest&utm_medium=social&utm_campaign=organic_pins&utm_content=it-symbol-simbolo-hamsa,,"localized, simbolo hamsa (🪬): la mano di miriam e la mano di fatima, fancy text generator, copy paste fonts, unicode fonts, copy and paste, ultratextgen"
"Simbolo dell'Infinito (∞): Significato, Storia e Come si Scrive — Copy and Paste Fonts",https://ultratextgen.com/assets/pinterest/it-symbol-simbolo-infinito.png,International Fancy Font Generators,,"Simbolo dell'Infinito (∞): Significato, Storia e Come si Scrive. Il simbolo dell'infinito ∞ (U+221E, lemniscata) spiegato — significato in matematica, uso in bio e tatuaggi, e come scriverlo su Windows…. Copy and paste stylish Unicode fonts and symbols for bios, captions, usernames and posts —…",https://ultratextgen.com/it/symbol/simbolo-infinito/?utm_source=pinterest&utm_medium=social&utm_campaign=organic_pins&utm_content=it-symbol-simbolo-infinito,,"localized, simbolo dell'infinito (∞): significato, storia e come si scrive, fancy text generator, copy paste fonts, unicode fonts, copy and paste, ultratextgen"
Simbolo khanda (☬ 🪯): l'emblema sikh e Ik Onkar — Copy and Paste Fonts,https://ultratextgen.com/assets/pinterest/it-symbol-simbolo-khanda.png,International Fancy Font Generators,,"Simbolo khanda (☬ 🪯): l'emblema sikh e Ik Onkar. Copia e incolla il khanda (☬ 🪯), l'emblema sikh della spada a doppio taglio, del chakkar e dei due kirpan — e scopri in cosa differisce…. Copy and paste stylish Unicode fonts and symbols for bios, captions, usernames and posts — free, fast and…",https://ultratextgen.com/it/symbol/simbolo-khanda/?utm_source=pinterest&utm_medium=social&utm_campaign=organic_pins&utm_content=it-symbol-simbolo-khanda,,"localized, simbolo khanda (☬ 🪯): l'emblema sikh e ik onkar, fancy text generator, copy paste fonts, unicode fonts, copy and paste, ultratextgen"
"Simbolo del Leone (♌): Significato, Mitologia e Come si Scrive — Copy and Paste Fonts",https://ultratextgen.com/assets/pinterest/it-symbol-simbolo-leone.png,International Fancy Font Generators,,"Simbolo del Leone (♌): Significato, Mitologia e Come si Scrive. Il simbolo del Leone ♌ (U+264C) spiegato — il mito del Leone di Nemea, la prima fatica di Eracle, e perché il Leone è uno dei soli due…. Copy and paste stylish Unicode fonts and symbols for bios, captions, usernames and posts —…",https://ultratextgen.com/it/symbol/simbolo-leone/?utm_source=pinterest&utm_medium=social&utm_campaign=organic_pins&utm_content=it-symbol-simbolo-leone,,"localized, simbolo del leone (♌): significato, mitologia e come si scrive, fancy text generator, copy paste fonts, unicode fonts, copy and paste, ultratextgen"
"Simbolo di Marchio (™): Significato, Storia e Come si Scrive — Copy and Paste Fonts",https://ultratextgen.com/assets/pinterest/it-symbol-simbolo-marchio.png,International Fancy Font Generators,,"Simbolo di Marchio (™): Significato, Storia e Come si Scrive. Il simbolo di marchio ™ (U+2122) spiegato — cosa significa dal punto di vista legale, in cosa differisce da ® e come scriverlo su…. Copy and paste stylish Unicode fonts and symbols for bios, captions, usernames and posts — free, fast…",https://ultratextgen.com/it/symbol/simbolo-marchio/?utm_source=pinterest&utm_medium=social&utm_campaign=organic_pins&utm_content=it-symbol-simbolo-marchio,,"localized, simbolo di marchio (™): significato, storia e come si scrive, fancy text generator, copy paste fonts, unicode fonts, copy and paste, ultratextgen"
"Simbolo Micro (µ): Significato, Mu Greco e Come si Scrive — Copy and Paste Fonts",https://ultratextgen.com/assets/pinterest/it-symbol-simbolo-micro.png,International Fancy Font Generators,,"Simbolo Micro (µ): Significato, Mu Greco e Come si Scrive. Il simbolo micro µ (U+00B5) spiegato — l'uso per micron, microgrammi e microsecondi, perché è un carattere Unicode diverso dalla lettera…. Copy and paste stylish Unicode fonts and symbols for bios, captions, usernames and posts — free,…",https://ultratextgen.com/it/symbol/simbolo-micro/?utm_source=pinterest&utm_medium=social&utm_campaign=organic_pins&utm_content=it-symbol-simbolo-micro,,"localized, simbolo micro (µ): significato, mu greco e come si scrive, fancy text generator, copy paste fonts, unicode fonts, copy and paste, ultratextgen"
Segno di Moltiplicazione (×): Copia e Incolla il Simbolo Per — Copy and Paste Fonts,https://ultratextgen.com/assets/pinterest/it-symbol-simbolo-moltiplicazione.png,International Fancy Font Generators,,"Segno di Moltiplicazione (×): Copia e Incolla il Simbolo Per. Il segno di moltiplicazione × (U+00D7) spiegato — differenza dalla lettera x, uso per le dimensioni (20×30) e le collaborazioni, e come…. Copy and paste stylish Unicode fonts and symbols for bios, captions, usernames and posts — free,…",https://ultratextgen.com/it/symbol/simbolo-moltiplicazione/?utm_source=pinterest&utm_medium=social&utm_campaign=organic_pins&utm_content=it-symbol-simbolo-moltiplicazione,,"localized, segno di moltiplicazione (×): copia e incolla il simbolo per, fancy text generator, copy paste fonts, unicode fonts, copy and paste, ultratextgen"
Simbolo ohm (Ω ℧): l'unità di resistenza elettrica e il fisico dietro V = IR — Copy and,https://ultratextgen.com/assets/pinterest/it-symbol-simbolo-ohm.png,International Fancy Font Generators,,"Simbolo ohm (Ω ℧): l'unità di resistenza elettrica e il fisico dietro V = IR. Copia e incolla il simbolo ohm (Ω U+2126) per la resistenza elettrica — chiamato così in onore del fisico Georg Simon Ohm e della sua…. Copy and paste stylish Unicode fonts and symbols for bios, captions, usernames and…",https://ultratextgen.com/it/symbol/simbolo-ohm/?utm_source=pinterest&utm_medium=social&utm_campaign=organic_pins&utm_content=it-symbol-simbolo-ohm,,"localized, simbolo ohm (ω ℧): l'unità di resistenza elettrica e il fisico dietro v = ir, fancy text generator, copy paste fonts, unicode fonts, copy and paste, ultratextgen"
"Simbolo Om (ॐ 🕉️): significato nell'induismo, buddhismo e giainismo — Copy and Paste Fonts",https://ultratextgen.com/assets/pinterest/it-symbol-simbolo-om.png,International Fancy Font Generators,,"Simbolo Om (ॐ 🕉️): significato nell'induismo, buddhismo e giainismo. Copia e incolla il simbolo Om / Aum (ॐ U+0950, 🕉️ U+1F549) — la sillaba sacra letta come il suono primordiale dell'universo…. Copy and paste stylish Unicode fonts and symbols for bios, captions, usernames and posts — free, fast…",https://ultratextgen.com/it/symbol/simbolo-om/?utm_source=pinterest&utm_medium=social&utm_campaign=organic_pins&utm_content=it-symbol-simbolo-om,,"localized, simbolo om (ॐ 🕉️): significato nell'induismo, buddhismo e giainismo, fancy text generator, copy paste fonts, unicode fonts, copy and paste, ultratextgen"
"Simbolo omega (Ω): significato, storia e come si scrive — Copy and Paste Fonts",https://ultratextgen.com/assets/pinterest/it-symbol-simbolo-omega.png,International Fancy Font Generators,,"Simbolo omega (Ω): significato, storia e come si scrive. Il simbolo omega Ω (U+03A9) spiegato — l'ultima lettera dell'alfabeto greco, perché il segno «ohm» della resistenza gli somiglia ma…. Copy and paste stylish Unicode fonts and symbols for bios, captions, usernames and posts — free, fast and…",https://ultratextgen.com/it/symbol/simbolo-omega/?utm_source=pinterest&utm_medium=social&utm_campaign=organic_pins&utm_content=it-symbol-simbolo-omega,,"localized, simbolo omega (ω): significato, storia e come si scrive, fancy text generator, copy paste fonts, unicode fonts, copy and paste, ultratextgen"
Simbolo Pentagramma (⛤ ⛧): Stella Wicca e Pentagramma Inverso — Copy and Paste Fonts,https://ultratextgen.com/assets/pinterest/it-symbol-simbolo-pentagramma.png,International Fancy Font Generators,,"Simbolo Pentagramma (⛤ ⛧): Stella Wicca e Pentagramma Inverso. Il pentagramma (⛤ U+26E4) e il pentagramma inverso (⛧ U+26E7): la stella wiccan con la punta in alto e il sigillo della Chiesa di Satana…. Copy and paste stylish Unicode fonts and symbols for bios, captions, usernames and posts —…",https://ultratextgen.com/it/symbol/simbolo-pentagramma/?utm_source=pinterest&utm_medium=social&utm_campaign=organic_pins&utm_content=it-symbol-simbolo-pentagramma,,"localized, simbolo pentagramma (⛤ ⛧): stella wicca e pentagramma inverso, fancy text generator, copy paste fonts, unicode fonts, copy and paste, ultratextgen"
"Simbolo dei Pesci (♓): Significato, Mitologia e Come si Scrive — Copy and Paste Fonts",https://ultratextgen.com/assets/pinterest/it-symbol-simbolo-pesci.png,International Fancy Font Generators,,"Simbolo dei Pesci (♓): Significato, Mitologia e Come si Scrive. Il simbolo dei Pesci ♓ (U+2653) spiegato — due pesci legati coda a coda da un cordone, l'unico glifo dello zodiaco che unisce due…. Copy and paste stylish Unicode fonts and symbols for bios, captions, usernames and posts — free,…",https://ultratextgen.com/it/symbol/simbolo-pesci/?utm_source=pinterest&utm_medium=social&utm_campaign=organic_pins&utm_content=it-symbol-simbolo-pesci,,"localized, simbolo dei pesci (♓): significato, mitologia e come si scrive, fancy text generator, copy paste fonts, unicode fonts, copy and paste, ultratextgen"
"Simbolo Pi Greco (π): Significato, Storia e Come si Scrive — Copy and Paste Fonts",https://ultratextgen.com/assets/pinterest/it-symbol-simbolo-pi-greco.png,International Fancy Font Generators,,"Simbolo Pi Greco (π): Significato, Storia e Come si Scrive. Il simbolo pi greco π (U+03C0) spiegato — la costante ≈ 3,14159 introdotta da William Jones nel 1706 e resa universale da Eulero, cosa…. Copy and paste stylish Unicode fonts and symbols for bios, captions, usernames and posts — free,…",https://ultratextgen.com/it/symbol/simbolo-pi-greco/?utm_source=pinterest&utm_medium=social&utm_campaign=organic_pins&utm_content=it-symbol-simbolo-pi-greco,,"localized, simbolo pi greco (π): significato, storia e come si scrive, fancy text generator, copy paste fonts, unicode fonts, copy and paste, ultratextgen"
"Simbolo Più-Meno (±): Significato, Storia e Come si Scrive — Copy and Paste Fonts",https://ultratextgen.com/assets/pinterest/it-symbol-simbolo-piu-meno.png,International Fancy Font Generators,,"Simbolo Più-Meno (±): Significato, Storia e Come si Scrive. Il simbolo più-meno ± (U+00B1) spiegato — cosa significa, come scriverlo su Windows e Mac, e la differenza tra ± e la sua forma…. Copy and paste stylish Unicode fonts and symbols for bios, captions, usernames and posts — free, fast and…",https://ultratextgen.com/it/symbol/simbolo-piu-meno/?utm_source=pinterest&utm_medium=social&utm_campaign=organic_pins&utm_content=it-symbol-simbolo-piu-meno,,"localized, simbolo più-meno (±): significato, storia e come si scrive, fancy text generator, copy paste fonts, unicode fonts, copy and paste, ultratextgen"
Simboli al Quadrato e al Cubo (² ³): Copia e Incolla gli Esponenti — Copy and Paste Fonts,https://ultratextgen.com/assets/pinterest/it-symbol-simbolo-quadrato-cubo.png,International Fancy Font Generators,,"Simboli al Quadrato e al Cubo (² ³): Copia e Incolla gli Esponenti. I numeri in apice ² e ³ (U+00B2, U+00B3) spiegati — per aree (m²) e volumi (cm³), tutti gli apici ⁰¹²³⁴, e come scriverli su Windows e…. Copy and paste stylish Unicode fonts and symbols for bios, captions, usernames and posts —…",https://ultratextgen.com/it/symbol/simbolo-quadrato-cubo/?utm_source=pinterest&utm_medium=social&utm_campaign=organic_pins&utm_content=it-symbol-simbolo-quadrato-cubo,,"localized, simboli al quadrato e al cubo (² ³): copia e incolla gli esponenti, fancy text generator, copy paste fonts, unicode fonts, copy and paste, ultratextgen"
"Simbolo della Rabbia (💢): Il Segno della Vena Manga, Spiegato — Copy and Paste Fonts",https://ultratextgen.com/assets/pinterest/it-symbol-simbolo-rabbia.png,International Fancy Font Generators,,"Simbolo della Rabbia (💢): Il Segno della Vena Manga, Spiegato. Il simbolo della rabbia (💢), il segno a quattro punte della «vena che scoppia» del manga giapponese — e le emoji di rabbia e furia con…. Copy and paste stylish Unicode fonts and symbols for bios, captions, usernames and posts — free,…",https://ultratextgen.com/it/symbol/simbolo-rabbia/?utm_source=pinterest&utm_medium=social&utm_campaign=organic_pins&utm_content=it-symbol-simbolo-rabbia,,"localized, simbolo della rabbia (💢): il segno della vena manga, spiegato, fancy text generator, copy paste fonts, unicode fonts, copy and paste, ultratextgen"
"Simbolo della Radice Quadrata (√): Significato, Storia e Come si Scrive — Copy and",https://ultratextgen.com/assets/pinterest/it-symbol-simbolo-radice-quadrata.png,International Fancy Font Generators,,"Simbolo della Radice Quadrata (√): Significato, Storia e Come si Scrive. Il simbolo della radice quadrata √ (U+221A) spiegato — significato, il vinculum (barra), la radice cubica ∛ e quarta ∜, e come…. Copy and paste stylish Unicode fonts and symbols for bios, captions, usernames and posts —…",https://ultratextgen.com/it/symbol/simbolo-radice-quadrata/?utm_source=pinterest&utm_medium=social&utm_campaign=organic_pins&utm_content=it-symbol-simbolo-radice-quadrata,,"localized, simbolo della radice quadrata (√): significato, storia e come si scrive, fancy text generator, copy paste fonts, unicode fonts, copy and paste, ultratextgen"
Simbolo del riciclo (♻): copia e incolla l'anello di Möbius a tre frecce — Copy and,https://ultratextgen.com/assets/pinterest/it-symbol-simbolo-riciclo.png,International Fancy Font Generators,,"Simbolo del riciclo (♻): copia e incolla l'anello di Möbius a tre frecce. Copia e incolla il simbolo del riciclo (♻, U+267B), l'anello di Möbius a tre frecce disegnato nel 1970 dallo studente Gary Anderson per…. Copy and paste stylish Unicode fonts and symbols for bios, captions, usernames and…",https://ultratextgen.com/it/symbol/simbolo-riciclo/?utm_source=pinterest&utm_medium=social&utm_campaign=organic_pins&utm_content=it-symbol-simbolo-riciclo,,"localized, simbolo del riciclo (♻): copia e incolla l'anello di möbius a tre frecce, fancy text generator, copy paste fonts, unicode fonts, copy and paste, ultratextgen"
Simbolo di Rischio Biologico (☣): Il Design del 1966 «Memorabile ma Privo di,https://ultratextgen.com/assets/pinterest/it-symbol-simbolo-rischio-biologico.png,International Fancy Font Generators,,"Simbolo di Rischio Biologico (☣): Il Design del 1966 «Memorabile ma Privo di Significato». Il simbolo di rischio biologico (☣) e perché nel 1966 fu progettato deliberatamente per non significare nulla di per sé. Tocca per copiarlo. Copy and paste stylish Unicode fonts and symbols for bios,…",https://ultratextgen.com/it/symbol/simbolo-rischio-biologico/?utm_source=pinterest&utm_medium=social&utm_campaign=organic_pins&utm_content=it-symbol-simbolo-rischio-biologico,,"localized, simbolo di rischio biologico (☣): il design del 1966 «memorabile ma privo di significato», fancy text generator, copy paste fonts, unicode fonts, copy and paste, ultratextgen"
"Simbolo della Rupia Indiana (₹): Significato, Storia e Come si Scrive — Copy and Paste",https://ultratextgen.com/assets/pinterest/it-symbol-simbolo-rupia.png,International Fancy Font Generators,,"Simbolo della Rupia Indiana (₹): Significato, Storia e Come si Scrive. Il simbolo della rupia indiana ₹ (U+20B9) spiegato — il concorso pubblico di design del 2010 da cui nasce e come scriverlo su Windows e…. Copy and paste stylish Unicode fonts and symbols for bios, captions, usernames and…",https://ultratextgen.com/it/symbol/simbolo-rupia/?utm_source=pinterest&utm_medium=social&utm_campaign=organic_pins&utm_content=it-symbol-simbolo-rupia,,"localized, simbolo della rupia indiana (₹): significato, storia e come si scrive, fancy text generator, copy paste fonts, unicode fonts, copy and paste, ultratextgen"
"Simbolo del Sagittario (♐): Significato, Mitologia e Come si Scrive — Copy and Paste Fonts",https://ultratextgen.com/assets/pinterest/it-symbol-simbolo-sagittario.png,International Fancy Font Generators,,"Simbolo del Sagittario (♐): Significato, Mitologia e Come si Scrive. Il simbolo del Sagittario ♐ (U+2650) spiegato — il mito del centauro Chirone e il fatto astronomico che la sua «Teiera» punta dritta al…. Copy and paste stylish Unicode fonts and symbols for bios, captions, usernames and posts…",https://ultratextgen.com/it/symbol/simbolo-sagittario/?utm_source=pinterest&utm_medium=social&utm_campaign=organic_pins&utm_content=it-symbol-simbolo-sagittario,,"localized, simbolo del sagittario (♐): significato, mitologia e come si scrive, fancy text generator, copy paste fonts, unicode fonts, copy and paste, ultratextgen"
"Simbolo dello Scorpione (♏): Significato, Mitologia e Come si Scrive — Copy and Paste",https://ultratextgen.com/assets/pinterest/it-symbol-simbolo-scorpione.png,International Fancy Font Generators,,"Simbolo dello Scorpione (♏): Significato, Mitologia e Come si Scrive. Il simbolo dello Scorpione ♏ (U+264F) spiegato — il mito dello scorpione gigante inviato a uccidere Orione, posto sul lato opposto del…. Copy and paste stylish Unicode fonts and symbols for bios, captions, usernames and posts…",https://ultratextgen.com/it/symbol/simbolo-scorpione/?utm_source=pinterest&utm_medium=social&utm_campaign=organic_pins&utm_content=it-symbol-simbolo-scorpione,,"localized, simbolo dello scorpione (♏): significato, mitologia e come si scrive, fancy text generator, copy paste fonts, unicode fonts, copy and paste, ultratextgen"
Simbolo Sedia a Rotelle (♿): il Simbolo Internazionale di Accessibilità — Copy and,https://ultratextgen.com/assets/pinterest/it-symbol-simbolo-sedia-a-rotelle.png,International Fancy Font Generators,,"Simbolo Sedia a Rotelle (♿): il Simbolo Internazionale di Accessibilità. Copia e incolla il simbolo della sedia a rotelle (♿ U+267F), il Simbolo Internazionale di Accessibilità disegnato nel 1968 — e il…. Copy and paste stylish Unicode fonts and symbols for bios, captions, usernames and posts —…",https://ultratextgen.com/it/symbol/simbolo-sedia-a-rotelle/?utm_source=pinterest&utm_medium=social&utm_campaign=organic_pins&utm_content=it-symbol-simbolo-sedia-a-rotelle,,"localized, simbolo sedia a rotelle (♿): il simbolo internazionale di accessibilità, fancy text generator, copy paste fonts, unicode fonts, copy and paste, ultratextgen"
"Simbolo Sigma (Σ σ): la Lettera Greca, il Meme e la Matematica — Copy and Paste Fonts",https://ultratextgen.com/assets/pinterest/it-symbol-simbolo-sigma.png,International Fancy Font Generators,,"Simbolo Sigma (Σ σ): la Lettera Greca, il Meme e la Matematica. Copia e incolla il simbolo sigma — la lettera greca Σ σ, l'emoji moai 🗿 che le persone incollano davvero per il meme «sigma», e il suo…. Copy and paste stylish Unicode fonts and symbols for bios, captions, usernames and posts —…",https://ultratextgen.com/it/symbol/simbolo-sigma/?utm_source=pinterest&utm_medium=social&utm_campaign=organic_pins&utm_content=it-symbol-simbolo-sigma,,"localized, simbolo sigma (σ σ): la lettera greca, il meme e la matematica, fancy text generator, copy paste fonts, unicode fonts, copy and paste, ultratextgen"
Simbolo della stella (★): copia e incolla ★ ☆ stelle ed emoji stella — Copy and Paste,https://ultratextgen.com/assets/pinterest/it-symbol-simbolo-stella.png,International Fancy Font Generators,,"Simbolo della stella (★): copia e incolla ★ ☆ stelle ed emoji stella. Copia e incolla il simbolo della stella (★, U+2605) — le stelle piene e a contorno per valutazioni e preferiti, le stelle decorative a…. Copy and paste stylish Unicode fonts and symbols for bios, captions, usernames and posts…",https://ultratextgen.com/it/symbol/simbolo-stella/?utm_source=pinterest&utm_medium=social&utm_campaign=organic_pins&utm_content=it-symbol-simbolo-stella,,"localized, simbolo della stella (★): copia e incolla ★ ☆ stelle ed emoji stella, fancy text generator, copy paste fonts, unicode fonts, copy and paste, ultratextgen"
"Simbolo della Sterlina (£): Significato, Storia e Come si Scrive — Copy and Paste Fonts",https://ultratextgen.com/assets/pinterest/it-symbol-simbolo-sterlina.png,International Fancy Font Generators,,"Simbolo della Sterlina (£): Significato, Storia e Come si Scrive. Il simbolo della sterlina £ (U+00A3) spiegato — la sua origine dal latino libra, in che cosa differisce dal cancelletto # e come…. Copy and paste stylish Unicode fonts and symbols for bios, captions, usernames and posts — free,…",https://ultratextgen.com/it/symbol/simbolo-sterlina/?utm_source=pinterest&utm_medium=social&utm_campaign=organic_pins&utm_content=it-symbol-simbolo-sterlina,,"localized, simbolo della sterlina (£): significato, storia e come si scrive, fancy text generator, copy paste fonts, unicode fonts, copy and paste, ultratextgen"
"Simbolo Stop (🛑): Significato, Codepoint e il Segno che gli Confondono — Copy and Paste",https://ultratextgen.com/assets/pinterest/it-symbol-simbolo-stop.png,International Fancy Font Generators,,"Simbolo Stop (🛑): Significato, Codepoint e il Segno che gli Confondono. L'emoji cartello stop 🛑 (U+1F6D1) spiegato — perché è un ottagono, il suo codepoint, e la differenza tra 🛑 stop e ⛔ divieto di accesso…. Copy and paste stylish Unicode fonts and symbols for bios, captions, usernames and…",https://ultratextgen.com/it/symbol/simbolo-stop/?utm_source=pinterest&utm_medium=social&utm_campaign=organic_pins&utm_content=it-symbol-simbolo-stop,,"localized, simbolo stop (🛑): significato, codepoint e il segno che gli confondono, fancy text generator, copy paste fonts, unicode fonts, copy and paste, ultratextgen"
"Simbolo del Toro (♉): Significato, Mitologia e Come si Scrive — Copy and Paste Fonts",https://ultratextgen.com/assets/pinterest/it-symbol-simbolo-toro.png,International Fancy Font Generators,,"Simbolo del Toro (♉): Significato, Mitologia e Come si Scrive. Il simbolo del Toro ♉ (U+2649) spiegato — i due miti del toro, Zeus ed Europa e il più antico Toro Celeste babilonese, probabilmente la…. Copy and paste stylish Unicode fonts and symbols for bios, captions, usernames and posts —…",https://ultratextgen.com/it/symbol/simbolo-toro/?utm_source=pinterest&utm_medium=social&utm_campaign=organic_pins&utm_content=it-symbol-simbolo-toro,,"localized, simbolo del toro (♉): significato, mitologia e come si scrive, fancy text generator, copy paste fonts, unicode fonts, copy and paste, ultratextgen"
"Simbolo della Vergine (♍): Significato, Mitologia e Come si Scrive — Copy and Paste Fonts",https://ultratextgen.com/assets/pinterest/it-symbol-simbolo-vergine.png,International Fancy Font Generators,,"Simbolo della Vergine (♍): Significato, Mitologia e Come si Scrive. Il simbolo della Vergine ♍ (U+264D) spiegato — il mito di Astrea, la vergine dea della giustizia e l'unico segno personificato in una…. Copy and paste stylish Unicode fonts and symbols for bios, captions, usernames and posts —…",https://ultratextgen.com/it/symbol/simbolo-vergine/?utm_source=pinterest&utm_medium=social&utm_campaign=organic_pins&utm_content=it-symbol-simbolo-vergine,,"localized, simbolo della vergine (♍): significato, mitologia e come si scrive, fancy text generator, copy paste fonts, unicode fonts, copy and paste, ultratextgen"
"Virgolette (« » "" ""): Simbolo da Copiare e Come si Scrivono — Copy and Paste Fonts",https://ultratextgen.com/assets/pinterest/it-symbol-simbolo-virgolette.png,International Fancy Font Generators,,"Virgolette (« » "" ""): Simbolo da Copiare e Come si Scrivono. Le virgolette basse italiane « » (U+00AB / U+00BB) da copiare, più le virgolette diritte, curve “ ” e basse „ con cui si confondono…. Copy and paste stylish Unicode fonts and symbols for bios, captions, usernames and posts — free, fast…",https://ultratextgen.com/it/symbol/simbolo-virgolette/?utm_source=pinterest&utm_medium=social&utm_campaign=organic_pins&utm_content=it-symbol-simbolo-virgolette,,"localized, virgolette (« » "" ""): simbolo da copiare e come si scrivono, fancy text generator, copy paste fonts, unicode fonts, copy and paste, ultratextgen"
Simbolo del Won (₩): l'Unico Segno Condiviso dalle Due Coree — Copy and Paste Fonts,https://ultratextgen.com/assets/pinterest/it-symbol-simbolo-won.png,International Fancy Font Generators,,"Simbolo del Won (₩): l'Unico Segno Condiviso dalle Due Coree. Il simbolo del won ₩ (U+20A9) spiegato — l'unico simbolo di valuta usato sia dal won sudcoreano (KRW) sia da quello nordcoreano (KPW)…. Copy and paste stylish Unicode fonts and symbols for bios, captions, usernames and posts — free,…",https://ultratextgen.com/it/symbol/simbolo-won/?utm_source=pinterest&utm_medium=social&utm_campaign=organic_pins&utm_content=it-symbol-simbolo-won,,"localized, simbolo del won (₩): l'unico segno condiviso dalle due coree, fancy text generator, copy paste fonts, unicode fonts, copy and paste, ultratextgen"
"Simbolo dello Yen (¥): Significato, Storia e Come si Scrive — Copy and Paste Fonts",https://ultratextgen.com/assets/pinterest/it-symbol-simbolo-yen.png,International Fancy Font Generators,,"Simbolo dello Yen (¥): Significato, Storia e Come si Scrive. Il simbolo dello yen ¥ (U+00A5) spiegato — la sua origine nel 1871, perché è condiviso con lo yuan cinese e come scriverlo su Windows e…. Copy and paste stylish Unicode fonts and symbols for bios, captions, usernames and posts — free,…",https://ultratextgen.com/it/symbol/simbolo-yen/?utm_source=pinterest&utm_medium=social&utm_campaign=organic_pins&utm_content=it-symbol-simbolo-yen,,"localized, simbolo dello yen (¥): significato, storia e come si scrive, fancy text generator, copy paste fonts, unicode fonts, copy and paste, ultratextgen"
"Simbolo Yin Yang (☯): Significato, Storia e Come si Scrive — Copy and Paste Fonts",https://ultratextgen.com/assets/pinterest/it-symbol-simbolo-yin-yang.png,International Fancy Font Generators,,"Simbolo Yin Yang (☯): Significato, Storia e Come si Scrive. Il simbolo yin yang ☯ (U+262F) spiegato — le sue radici nell'antica filosofia cinese e come scriverlo su Windows e Mac. Tocca per copiarlo. Copy and paste stylish Unicode fonts and symbols for bios, captions, usernames and posts — free,…",https://ultratextgen.com/it/symbol/simbolo-yin-yang/?utm_source=pinterest&utm_medium=social&utm_campaign=organic_pins&utm_content=it-symbol-simbolo-yin-yang,,"localized, simbolo yin yang (☯): significato, storia e come si scrive, fancy text generator, copy paste fonts, unicode fonts, copy and paste, ultratextgen"
"Stella di David (✡): storia, significato e come si scrive — Copy and Paste Fonts",https://ultratextgen.com/assets/pinterest/it-symbol-stella-di-david.png,International Fancy Font Generators,,"Stella di David (✡): storia, significato e come si scrive. La stella di David ✡ (U+2721) da copiare e incollare — la sua storia stratificata, da antico motivo geometrico condiviso tra le culture…. Copy and paste stylish Unicode fonts and symbols for bios, captions, usernames and posts — free,…",https://ultratextgen.com/it/symbol/stella-di-david/?utm_source=pinterest&utm_medium=social&utm_campaign=organic_pins&utm_content=it-symbol-stella-di-david,,"localized, stella di david (✡): storia, significato e come si scrive, fancy text generator, copy paste fonts, unicode fonts, copy and paste, ultratextgen"
"Trattino Lungo (—): Significato, Uso e Come si Scrive — Copy and Paste Fonts",https://ultratextgen.com/assets/pinterest/it-symbol-trattino-lungo.png,International Fancy Font Generators,,"Trattino Lungo (—): Significato, Uso e Come si Scrive. Il trattino lungo — (U+2014), o lineetta em, spiegato — il suo ruolo negli incisi e nei dialoghi, in cosa differisce dal trattino medio…. Copy and paste stylish Unicode fonts and symbols for bios, captions, usernames and posts — free, fast…",https://ultratextgen.com/it/symbol/trattino-lungo/?utm_source=pinterest&utm_medium=social&utm_campaign=organic_pins&utm_content=it-symbol-trattino-lungo,,"localized, trattino lungo (—): significato, uso e come si scrive, fancy text generator, copy paste fonts, unicode fonts, copy and paste, ultratextgen"
Testo Barrato da Copiare e Incollare — Copy and Paste Fonts,https://ultratextgen.com/assets/pinterest/it-testo-barrato.png,International Fancy Font Generators,,"Testo Barrato da Copiare e Incollare. Generatore di testo barrato: scrivi e ottieni t̶e̶s̶t̶o̶ b̶a̶r̶r̶a̶t̶o̶ da copiare e incollare su Instagram, WhatsApp, Discord e TikTok…. Copy and paste stylish Unicode fonts and symbols for bios, captions, usernames and posts — free, fast and right in your…",https://ultratextgen.com/it/testo-barrato/?utm_source=pinterest&utm_medium=social&utm_campaign=organic_pins&utm_content=it-testo-barrato,,"localized, testo barrato da copiare e incollare, fancy text generator, copy paste fonts, unicode fonts, copy and paste, ultratextgen"
Testo Capovolto — Scrivere al Contrario da Copiare — Copy and Paste Fonts,https://ultratextgen.com/assets/pinterest/it-testo-capovolto.png,International Fancy Font Generators,,"Testo Capovolto — Scrivere al Contrario da Copiare. Generatore di testo capovolto: scrivi e ottieni oʇloʌodɐɔ da copiare e incollare su Instagram, WhatsApp, TikTok e Discord. Capovolto, al…. Copy and paste stylish Unicode fonts and symbols for bios, captions, usernames and posts — free, fast and…",https://ultratextgen.com/it/testo-capovolto/?utm_source=pinterest&utm_medium=social&utm_campaign=organic_pins&utm_content=it-testo-capovolto,,"localized, testo capovolto — scrivere al contrario da copiare, fancy text generator, copy paste fonts, unicode fonts, copy and paste, ultratextgen"
Testo Invisibile (Carattere Invisibile) — Copia e Incolla Spazio Vuoto — Copy and Paste,https://ultratextgen.com/assets/pinterest/it-testo-invisibile.png,International Fancy Font Generators,,"Testo Invisibile (Carattere Invisibile) — Copia e Incolla Spazio Vuoto. Copia testo invisibile e caratteri invisibili (zero width space, filler Hangul, braille) per nomi vuoti su Free Fire, bio di Instagram e…. Copy and paste stylish Unicode fonts and symbols for bios, captions, usernames and…",https://ultratextgen.com/it/testo-invisibile/?utm_source=pinterest&utm_medium=social&utm_campaign=organic_pins&utm_content=it-testo-invisibile,,"localized, testo invisibile (carattere invisibile) — copia e incolla spazio vuoto, fancy text generator, copy paste fonts, unicode fonts, copy and paste, ultratextgen"
Testo Piccolo — Lettere Mini da Copiare — Copy and Paste Fonts,https://ultratextgen.com/assets/pinterest/it-testo-piccolo.png,International Fancy Font Generators,,"Testo Piccolo — Lettere Mini da Copiare. Generatore di testo piccolo: trasforma le parole in ᵗⁱⁿʸ ᵗᵉˣᵗ e ˢᵐᵃˡˡ ᶜᵃᵖˢ da copiare e incollare su bio, nickname e social. Gratis. Copy and paste stylish Unicode fonts and symbols for bios, captions, usernames and posts — free, fast and right in your…",https://ultratextgen.com/it/testo-piccolo/?utm_source=pinterest&utm_medium=social&utm_campaign=organic_pins&utm_content=it-testo-piccolo,,"localized, testo piccolo — lettere mini da copiare, fancy text generator, copy paste fonts, unicode fonts, copy and paste, ultratextgen"
Font per la Bio — Copy and Paste Fonts — UltraTextGen,https://ultratextgen.com/assets/pinterest/it-usecase-font-per-bio.png,International Fancy Font Generators,,"Font per la Bio. Caratteri e simboli per la tua bio Instagram. Copy and paste stylish Unicode fonts and symbols for bios, captions, usernames and posts — free, fast and right in your browser with UltraTextGen.",https://ultratextgen.com/it/usecase/font-per-bio/?utm_source=pinterest&utm_medium=social&utm_campaign=organic_pins&utm_content=it-usecase-font-per-bio,,"localized, font per la bio, fancy text generator, copy paste fonts, unicode fonts, copy and paste, ultratextgen"
Font Tatuaggi — Copy and Paste Fonts — UltraTextGen,https://ultratextgen.com/assets/pinterest/it-usecase-font-tatuaggi.png,International Fancy Font Generators,,"Font Tatuaggi. Prova la tua scritta prima dell'inchiostro. Copy and paste stylish Unicode fonts and symbols for bios, captions, usernames and posts — free, fast and right in your browser with UltraTextGen.",https://ultratextgen.com/it/usecase/font-tatuaggi/?utm_source=pinterest&utm_medium=social&utm_campaign=organic_pins&utm_content=it-usecase-font-tatuaggi,,"localized, font tatuaggi, fancy text generator, copy paste fonts, unicode fonts, copy and paste, ultratextgen"
Cosa Vuoi Creare? — Copy and Paste Fonts,https://ultratextgen.com/assets/pinterest/it-usecase.png,International Fancy Font Generators,,"Cosa Vuoi Creare?. Scegli lo strumento giusto per il tuo momento: font per la bio, font per tatuaggi, nickname di gioco stilosi o traduttore emoji. Copy and paste stylish Unicode fonts and symbols for bios, captions, usernames and posts — free, fast and right in your browser with UltraTextGen.",https://ultratextgen.com/it/usecase/?utm_source=pinterest&utm_medium=social&utm_campaign=organic_pins&utm_content=it-usecase,,"localized, cosa vuoi creare?, fancy text generator, copy paste fonts, unicode fonts, copy and paste, ultratextgen"
Traduttore Emoji — Copy and Paste Fonts — UltraTextGen,https://ultratextgen.com/assets/pinterest/it-usecase-traduttore-emoji.png,International Fancy Font Generators,,"Traduttore Emoji. Testo in emoji e viceversa. Copy and paste stylish Unicode fonts and symbols for bios, captions, usernames and posts — free, fast and right in your browser with UltraTextGen.",https://ultratextgen.com/it/usecase/traduttore-emoji/?utm_source=pinterest&utm_medium=social&utm_campaign=organic_pins&utm_content=it-usecase-traduttore-emoji,,"localized, traduttore emoji, fancy text generator, copy paste fonts, unicode fonts, copy and paste, ultratextgen"
Generatore di Testo Verticale — Copy and Paste Fonts,https://ultratextgen.com/assets/pinterest/it-usecase-vertical-text.png,International Fancy Font Generators,,"Generatore di Testo Verticale. Impila il testo dall'alto in basso. Copy and paste stylish Unicode fonts and symbols for bios, captions, usernames and posts — free, fast and right in your browser with UltraTextGen.",https://ultratextgen.com/it/usecase/vertical-text/?utm_source=pinterest&utm_medium=social&utm_campaign=organic_pins&utm_content=it-usecase-vertical-text,,"localized, generatore di testo verticale, fancy text generator, copy paste fonts, unicode fonts, copy and paste, ultratextgen"
Generatore di Testo Zalgo — Copy and Paste Fonts,https://ultratextgen.com/assets/pinterest/it-usecase-zalgo-text.png,International Fancy Font Generators,,"Generatore di Testo Zalgo. Crea testo glitch e inquietante. Copy and paste stylish Unicode fonts and symbols for bios, captions, usernames and posts — free, fast and right in your browser with UltraTextGen.",https://ultratextgen.com/it/usecase/zalgo-text/?utm_source=pinterest&utm_medium=social&utm_campaign=organic_pins&utm_content=it-usecase-zalgo-text,,"localized, generatore di testo zalgo, fancy text generator, copy paste fonts, unicode fonts, copy and paste, ultratextgen"
ゲームの名前が拒否されるのはなぜ？ — Copy and Paste Fonts,https://ultratextgen.com/assets/pinterest/ja-answers-game-namae-kyohi-riyuu.png,International Fancy Font Generators,,"ゲームの名前が拒否されるのはなぜ？. 荒野行動やPUBG、Roblox、Valorantでおしゃれな名前が保存できない？ゲームは特定の文字をフィルターし、装飾された文字を厳しい文字数制限で数えます。リネームカードを使う前に知っておきたい、拒否される理由と直し方。. Copy and paste stylish Unicode fonts and symbols for bios, captions, usernames and posts — free, fast and right in your browser with UltraTextGen.",https://ultratextgen.com/ja/answers/game-namae-kyohi-riyuu/?utm_source=pinterest&utm_medium=social&utm_campaign=organic_pins&utm_content=ja-answers-game-namae-kyohi-riyuu,,"localized, ゲームの名前が拒否されるのはなぜ？, fancy text generator, copy paste fonts, unicode fonts, copy and paste, ultratextgen"
空白（見えない）名前の作り方 — Copy and Paste Fonts — UltraTextGen,https://ultratextgen.com/assets/pinterest/ja-answers-kuuhaku-namae-tsukurikata.png,International Fancy Font Generators,,"空白（見えない）名前の作り方. ゲームやDiscord、Steam、WhatsAppで空白・見えないユーザー名にしたい？ふつうのスペースはトリムされて消えてしまうので、代わりに見えないUnicode文字を貼り付けます。やり方と注意点を解説。. Copy and paste stylish Unicode fonts and symbols for bios, captions, usernames and posts — free, fast and right in your browser with UltraTextGen.",https://ultratextgen.com/ja/answers/kuuhaku-namae-tsukurikata/?utm_source=pinterest&utm_medium=social&utm_campaign=organic_pins&utm_content=ja-answers-kuuhaku-namae-tsukurikata,,"localized, 空白（見えない）名前の作り方, fancy text generator, copy paste fonts, unicode fonts, copy and paste, ultratextgen"
名前が四角や「？」で表示されるのはなぜ？ — Copy and Paste Fonts,https://ultratextgen.com/assets/pinterest/ja-answers-namae-shikaku-hyouji-riyuu.png,International Fancy Font Generators,,"名前が四角や「？」で表示されるのはなぜ？. おしゃれに飾った名前は保存できたのに、友達やゲーム内では□や???と表示されてしまう。それは相手の端末にその文字の絵（グリフ）がないだけの問題 — すぐできる直し方と、安全なスタイルを解説します。. Copy and paste stylish Unicode fonts and symbols for bios, captions, usernames and posts — free, fast and right in your browser with UltraTextGen.",https://ultratextgen.com/ja/answers/namae-shikaku-hyouji-riyuu/?utm_source=pinterest&utm_medium=social&utm_campaign=organic_pins&utm_content=ja-answers-namae-shikaku-hyouji-riyuu,,"localized, 名前が四角や「？」で表示されるのはなぜ？, fancy text generator, copy paste fonts, unicode fonts, copy and paste, ultratextgen"
おしゃれフォントはユーザー名？表示名？ — Copy and Paste Fonts,https://ultratextgen.com/assets/pinterest/ja-answers-yuuzaamei-matawa-hyoujimei.png,International Fancy Font Generators,,"おしゃれフォントはユーザー名？表示名？. おしゃれフォントを貼ったら「無効な文字です」と表示された？それは@ユーザー名ではなく表示名に入れるものです。ここではそのルールと、プラットフォームごとの対応表、そしてどうしても使えない例外を解説します。. Copy and paste stylish Unicode fonts and symbols for bios, captions, usernames and posts — free, fast and right in your browser with UltraTextGen.",https://ultratextgen.com/ja/answers/yuuzaamei-matawa-hyoujimei/?utm_source=pinterest&utm_medium=social&utm_campaign=organic_pins&utm_content=ja-answers-yuuzaamei-matawa-hyoujimei,,"localized, おしゃれフォントはユーザー名？表示名？, fancy text generator, copy paste fonts, unicode fonts, copy and paste, ultratextgen"
フォント変換 — おしゃれ＆かわいい文字ジェネレーター（コピペ対応） — Copy and Paste Fonts,https://ultratextgen.com/assets/pinterest/ja-font-henkan.png,International Fancy Font Generators,,"フォント変換 — おしゃれ＆かわいい文字ジェネレーター（コピペ対応）. 無料のフォント変換ツール。入力した文字を筆記体・ゴシック・全角・バブル・小文字など、あらゆるUnicodeスタイルに一括変換してコピペ。インスタ・TikTok・XのSNS表示名やプロフ、ローマ字ハンドルにぴったり。登録不要。. Copy and paste stylish Unicode fonts and symbols for bios, captions, usernames and posts — free, fast and right in your browser with UltraTextGen.",https://ultratextgen.com/ja/font-henkan/?utm_source=pinterest&utm_medium=social&utm_campaign=organic_pins&utm_content=ja-font-henkan,,"localized, フォント変換 — おしゃれ＆かわいい文字ジェネレーター（コピペ対応）, fancy text generator, copy paste fonts, unicode fonts, copy and paste, ultratextgen"
ギャル文字変換 — かな文字をギャル文字にコピペで変換 — Copy and Paste Fonts,https://ultratextgen.com/assets/pinterest/ja-gal-moji.png,International Fancy Font Generators,,"ギャル文字変換 — かな文字をギャル文字にコピペで変換. 無料のギャル文字変換ツール。ひらがな・カタカナをぁ£ⅹωのようなギャル文字に変換してコピペ。2000年代のケータイ文化から生まれたギャル文字の由来も解説。登録不要。. Copy and paste stylish Unicode fonts and symbols for bios, captions, usernames and posts — free, fast and right in your browser with UltraTextGen.",https://ultratextgen.com/ja/gal-moji/?utm_source=pinterest&utm_medium=social&utm_campaign=organic_pins&utm_content=ja-gal-moji,,"localized, ギャル文字変換 — かな文字をギャル文字にコピペで変換, fancy text generator, copy paste fonts, unicode fonts, copy and paste, ultratextgen"
Discordの名前をおしゃれに、でも安全に — フィルター・メンション・なりすまし対策 — Copy and Paste Fonts,https://ultratextgen.com/assets/pinterest/ja-guide-discord-anzen-namae.png,International Fancy Font Generators,,"Discordの名前をおしゃれに、でも安全に — フィルター・メンション・なりすまし対策. おしゃれに装飾したDiscordの名前でも、3つの見えないテストに引っかかることがあります — メンバーリスト・@メンション・なりすましフィルター。上品で読みやすく、確実に「自分だとわかる」名前にするコツを解説します。. Copy and paste stylish Unicode fonts and symbols for bios, captions, usernames and posts — free, fast and right in your browser with…",https://ultratextgen.com/ja/guide/discord-anzen-namae/?utm_source=pinterest&utm_medium=social&utm_campaign=organic_pins&utm_content=ja-guide-discord-anzen-namae,,"localized, discordの名前をおしゃれに、でも安全に — フィルター・メンション・なりすまし対策, fancy text generator, copy paste fonts, unicode fonts, copy and paste, ultratextgen"
Discordでフォントが使える場所：欄ごとの権限マップ — Copy and Paste Fonts,https://ultratextgen.com/assets/pinterest/ja-guide-discord-font-doko.png,International Fancy Font Generators,,"Discordでフォントが使える場所：欄ごとの権限マップ. なぜDiscordはユーザー名を「無効」と言うのか、なぜチャンネル名が大文字を失うのか、そしてどの欄がUnicodeフォントを受け付けるのか — 1枚の「欄ごとの権限マトリックス」が、試行錯誤を終わらせます。. Copy and paste stylish Unicode fonts and symbols for bios, captions, usernames and posts — free, fast and right in your browser with UltraTextGen.",https://ultratextgen.com/ja/guide/discord-font-doko/?utm_source=pinterest&utm_medium=social&utm_campaign=organic_pins&utm_content=ja-guide-discord-font-doko,,"localized, discordでフォントが使える場所：欄ごとの権限マップ, fancy text generator, copy paste fonts, unicode fonts, copy and paste, ultratextgen"
Discordの文字装飾を解説：マークダウン・Unicodeフォント・Nitroの違い — Copy and Paste Fonts,https://ultratextgen.com/assets/pinterest/ja-guide-discord-moji-soshoku.png,International Fancy Font Generators,,"Discordの文字装飾を解説：マークダウン・Unicodeフォント・Nitroの違い. なぜDiscordのチャットでは太字にできるのにユーザー名ではできないのか — Discordが使う3つの異なるテキストの仕組み（マークダウン・Unicodeフォント・Nitro）と、それぞれの使い分けを解説します。. Copy and paste stylish Unicode fonts and symbols for bios, captions, usernames and posts — free, fast and right in your browser with…",https://ultratextgen.com/ja/guide/discord-moji-soshoku/?utm_source=pinterest&utm_medium=social&utm_campaign=organic_pins&utm_content=ja-guide-discord-moji-soshoku,,"localized, discordの文字装飾を解説：マークダウン・unicodeフォント・nitroの違い, fancy text generator, copy paste fonts, unicode fonts, copy and paste, ultratextgen"
UltraTextGenのガイド — おしゃれな文字・装飾を使いこなす — Copy and Paste Fonts,https://ultratextgen.com/assets/pinterest/ja-guide.png,International Fancy Font Generators,,"UltraTextGenのガイド — おしゃれな文字・装飾を使いこなす. UltraTextGenの日本語ガイド：Unicodeフォントの仕組みを理解し、Discordの名前やサーバーをおしゃれに装飾して、こだわりの文字を使いこなすためのガイド集。. Copy and paste stylish Unicode fonts and symbols for bios, captions, usernames and posts — free, fast and right in your browser with UltraTextGen.",https://ultratextgen.com/ja/guide/?utm_source=pinterest&utm_medium=social&utm_campaign=organic_pins&utm_content=ja-guide,,"localized, ultratextgenのガイド — おしゃれな文字・装飾を使いこなす, fancy text generator, copy paste fonts, unicode fonts, copy and paste, ultratextgen"
筆記体変換 — 英語を筆記体（𝒞𝓊𝓇𝓈𝒾𝓋𝑒）にコピペで変換 — Copy and Paste Fonts,https://ultratextgen.com/assets/pinterest/ja-hikkitai.png,International Fancy Font Generators,,"筆記体変換 — 英語を筆記体（𝒞𝓊𝓇𝓈𝒾𝓋𝑒）にコピペで変換. 筆記体変換ツール。英語の名前やフレーズを筆記体（カーシブ）のUnicodeフォント 𝓬𝓾𝓻𝓼𝓲𝓿𝓮 に一瞬で変換。A–Z一覧つき。インスタのプロフィールやサインふうの名前にコピペOK。無料・登録不要。. Copy and paste stylish Unicode fonts and symbols for bios, captions, usernames and posts — free, fast and right in your browser with UltraTextGen.",https://ultratextgen.com/ja/hikkitai/?utm_source=pinterest&utm_medium=social&utm_campaign=organic_pins&utm_content=ja-hikkitai,,"localized, 筆記体変換 — 英語を筆記体（𝒞𝓊𝓇𝓈𝒾𝓋𝑒）にコピペで変換, fancy text generator, copy paste fonts, unicode fonts, copy and paste, ultratextgen"
フォント変換 — かわいい・おしゃれな文字にコピペで変換（無料） — Copy and Paste Fonts,https://ultratextgen.com/assets/pinterest/ja.png,International Fancy Font Generators,,"フォント変換 — かわいい・おしゃれな文字にコピペで変換（無料）. フォント変換ツール。英数字を太字・筆記体・ゴシック・バブルなど100種類以上のおしゃれフォントに一瞬で変換。インスタのプロフィールやTikTok、ゲームIDにそのままコピペOK。無料・登録不要。. Copy and paste stylish Unicode fonts and symbols for bios, captions, usernames and posts — free, fast and right in your browser with UltraTextGen.",https://ultratextgen.com/ja/?utm_source=pinterest&utm_medium=social&utm_campaign=organic_pins&utm_content=ja,,"localized, フォント変換 — かわいい・おしゃれな文字にコピペで変換（無料）, fancy text generator, copy paste fonts, unicode fonts, copy and paste, ultratextgen"
インスタ フォント: プロフ・名前・キャプションに使えるおしゃれ文字 — Copy and Paste Fonts,https://ultratextgen.com/assets/pinterest/ja-insta-font.png,International Fancy Font Generators,,"インスタ フォント: プロフ・名前・キャプションに使えるおしゃれ文字. インスタ フォントを無料で変換。テキストを 𝗳𝗲𝘁𝘁、𝘬𝘶𝘳𝘴𝘪𝘷、𝓼𝓬𝓻𝓲𝓹𝓽 などのおしゃれ文字にして、プロフィール・名前・キャプション・コメントにコピペ。インスタが受け付ける文字と消える文字も解説。アプリ不要。. Copy and paste stylish Unicode fonts and symbols for bios, captions, usernames and posts — free, fast and right in your browser with UltraTextGen.",https://ultratextgen.com/ja/insta-font/?utm_source=pinterest&utm_medium=social&utm_campaign=organic_pins&utm_content=ja-insta-font,,"localized, インスタ フォント: プロフ・名前・キャプションに使えるおしゃれ文字, fancy text generator, copy paste fonts, unicode fonts, copy and paste, ultratextgen"
かわいい文字 変換 — SNS表示名・プロフに使えるかわいい文字をコピペ — Copy and Paste Fonts,https://ultratextgen.com/assets/pinterest/ja-kawaii-moji.png,International Fancy Font Generators,,"かわいい文字 変換 — SNS表示名・プロフに使えるかわいい文字をコピペ. 無料のかわいい文字変換ツール。名前やフレーズをかわいいUnicode文字に一瞬で変換して、コピペで使えます。インスタ・TikTok・XのSNS表示名やプロフ、ローマ字ハンドルにぴったり。登録不要。. Copy and paste stylish Unicode fonts and symbols for bios, captions, usernames and posts — free, fast and right in your browser with UltraTextGen.",https://ultratextgen.com/ja/kawaii-moji/?utm_source=pinterest&utm_medium=social&utm_campaign=organic_pins&utm_content=ja-kawaii-moji,,"localized, かわいい文字 変換 — sns表示名・プロフに使えるかわいい文字をコピペ, fancy text generator, copy paste fonts, unicode fonts, copy and paste, ultratextgen"
おしゃれ記号 ⋆ ✦ ♡ コピペ一覧 — かわいい・量産型・シンプルの飾り文字 — Copy and Paste Fonts,https://ultratextgen.com/assets/pinterest/ja-library-aesthetic-symbols.png,International Fancy Font Generators,,"おしゃれ記号 ⋆ ✦ ♡ コピペ一覧 — かわいい・量産型・シンプルの飾り文字. おしゃれ記号（aesthetic symbols）⋆✦♡ をコピペで。キラキラ・ハート・花・区切り線・飾り括弧まで、インスタのプロフィールやX・TikTokの名前に使えるおしゃれな特殊文字をジャンル別に一覧化。クリックするだけでコピーできます。. Copy and paste stylish Unicode fonts and symbols for bios, captions, usernames and posts — free, fast and right in your browser…",https://ultratextgen.com/ja/library/aesthetic-symbols/?utm_source=pinterest&utm_medium=social&utm_campaign=organic_pins&utm_content=ja-library-aesthetic-symbols,,"localized, おしゃれ記号 ⋆ ✦ ♡ コピペ一覧 — かわいい・量産型・シンプルの飾り文字, fancy text generator, copy paste fonts, unicode fonts, copy and paste, ultratextgen"
"Altコード一覧 — 論文・引用の特殊記号や外国語アクセント文字（©, °, é, ×） — Copy and Paste Fonts",https://ultratextgen.com/assets/pinterest/ja-library-alt-codes.png,International Fancy Font Generators,,"Altコード一覧 — 論文・引用の特殊記号や外国語アクセント文字（©, °, é, ×）. Windows Altコード一覧。論文・脚注・引用でよく使う著作権記号 ©、度 °、節記号 §、外国語のアクセント文字（é, ü, ñ）、数式記号（×, ÷, ±, √, π）などを掲載。テンキーがなくても、記号をクリックすればそのままコピーできます。. Copy and paste stylish Unicode fonts and symbols for bios, captions, usernames and posts — free, fast and right in your…",https://ultratextgen.com/ja/library/alt-codes/?utm_source=pinterest&utm_medium=social&utm_campaign=organic_pins&utm_content=ja-library-alt-codes,,"localized, altコード一覧 — 論文・引用の特殊記号や外国語アクセント文字（©, °, é, ×）, fancy text generator, copy paste fonts, unicode fonts, copy and paste, ultratextgen"
怒り顔文字 — Copy and Paste Fonts — UltraTextGen,https://ultratextgen.com/assets/pinterest/ja-library-angry-kaomoji.png,International Fancy Font Generators,,"怒り顔文字. 怒った顔文字. Copy and paste stylish Unicode fonts and symbols for bios, captions, usernames and posts — free, fast and right in your browser with UltraTextGen.",https://ultratextgen.com/ja/library/angry-kaomoji/?utm_source=pinterest&utm_medium=social&utm_campaign=organic_pins&utm_content=ja-library-angry-kaomoji,,"localized, 怒り顔文字, fancy text generator, copy paste fonts, unicode fonts, copy and paste, ultratextgen"
矢印記号 → 一覧 — コピペで使える矢印・矢じるしの特殊文字 — Copy and Paste Fonts,https://ultratextgen.com/assets/pinterest/ja-library-arrow-symbols.png,International Fancy Font Generators,,"矢印記号 → 一覧 — コピペで使える矢印・矢じるしの特殊文字. 矢印記号（矢じるし）をジャンル別に一覧化。まっすぐ・曲線・二重線・三角・絵文字の矢印まで、クリックするだけでコピーでき、投稿・資料・プロフィールにそのまま使えます。. Copy and paste stylish Unicode fonts and symbols for bios, captions, usernames and posts — free, fast and right in your browser with UltraTextGen.",https://ultratextgen.com/ja/library/arrow-symbols/?utm_source=pinterest&utm_medium=social&utm_campaign=organic_pins&utm_content=ja-library-arrow-symbols,,"localized, 矢印記号 → 一覧 — コピペで使える矢印・矢じるしの特殊文字, fancy text generator, copy paste fonts, unicode fonts, copy and paste, ultratextgen"
猫の顔文字 — Copy and Paste Fonts — UltraTextGen,https://ultratextgen.com/assets/pinterest/ja-library-cat-kaomoji.png,International Fancy Font Generators,,"猫の顔文字. 可愛い猫の顔文字. Copy and paste stylish Unicode fonts and symbols for bios, captions, usernames and posts — free, fast and right in your browser with UltraTextGen.",https://ultratextgen.com/ja/library/cat-kaomoji/?utm_source=pinterest&utm_medium=social&utm_campaign=organic_pins&utm_content=ja-library-cat-kaomoji,,"localized, 猫の顔文字, fancy text generator, copy paste fonts, unicode fonts, copy and paste, ultratextgen"
泣き顔文字 — Copy and Paste Fonts — UltraTextGen,https://ultratextgen.com/assets/pinterest/ja-library-crying-kaomoji.png,International Fancy Font Generators,,"泣き顔文字. 悲しい涙の顔文字. Copy and paste stylish Unicode fonts and symbols for bios, captions, usernames and posts — free, fast and right in your browser with UltraTextGen.",https://ultratextgen.com/ja/library/crying-kaomoji/?utm_source=pinterest&utm_medium=social&utm_campaign=organic_pins&utm_content=ja-library-crying-kaomoji,,"localized, 泣き顔文字, fancy text generator, copy paste fonts, unicode fonts, copy and paste, ultratextgen"
かわいい顔文字 — コピペで使えるキラキラ・照れ・動物の顔文字 — Copy and Paste Fonts,https://ultratextgen.com/assets/pinterest/ja-library-cute-kaomoji.png,International Fancy Font Generators,,"かわいい顔文字 — コピペで使えるキラキラ・照れ・動物の顔文字. かわいい顔文字をコピペで。キラキラした目・ぷっくりほっぺ・小さな動物のかわいい系顔文字を一覧化。(◕‿◕✿) や (ﾉ◕ヮ◕)ﾉ*:･ﾟ✧ をクリックするだけでコピーして、LINE・インスタ・Xにそのまま貼れます。. Copy and paste stylish Unicode fonts and symbols for bios, captions, usernames and posts — free, fast and right in your browser with UltraTextGen.",https://ultratextgen.com/ja/library/cute-kaomoji/?utm_source=pinterest&utm_medium=social&utm_campaign=organic_pins&utm_content=ja-library-cute-kaomoji,,"localized, かわいい顔文字 — コピペで使えるキラキラ・照れ・動物の顔文字, fancy text generator, copy paste fonts, unicode fonts, copy and paste, ultratextgen"
Discordの記号 ⌗ ➤ ♡ — ユーザー名・自己紹介にコピペ — Copy and Paste Fonts,https://ultratextgen.com/assets/pinterest/ja-library-discord-symbols.png,International Fancy Font Generators,,"Discordの記号 ⌗ ➤ ♡ — ユーザー名・自己紹介にコピペ. ユーザー名・表示名・チャンネル・自己紹介にコピペできるDiscordの記号 ⌗ ➤ ♡ — きれいに表示される、おしゃれな装飾・区切り線・ハート・星。. Copy and paste stylish Unicode fonts and symbols for bios, captions, usernames and posts — free, fast and right in your browser with UltraTextGen.",https://ultratextgen.com/ja/library/discord-symbols/?utm_source=pinterest&utm_medium=social&utm_campaign=organic_pins&utm_content=ja-library-discord-symbols,,"localized, discordの記号 ⌗ ➤ ♡ — ユーザー名・自己紹介にコピペ, fancy text generator, copy paste fonts, unicode fonts, copy and paste, ultratextgen"
顔文字区切り線 — Copy and Paste Fonts — UltraTextGen,https://ultratextgen.com/assets/pinterest/ja-library-divider-kaomoji.png,International Fancy Font Generators,,"顔文字区切り線. 可愛い文字の区切り記号. Copy and paste stylish Unicode fonts and symbols for bios, captions, usernames and posts — free, fast and right in your browser with UltraTextGen.",https://ultratextgen.com/ja/library/divider-kaomoji/?utm_source=pinterest&utm_medium=social&utm_campaign=organic_pins&utm_content=ja-library-divider-kaomoji,,"localized, 顔文字区切り線, fancy text generator, copy paste fonts, unicode fonts, copy and paste, ultratextgen"
絵文字の組み合わせ 🎀 ✨ 🌙 一覧 — かわいい絵文字コンボをコピペ — Copy and Paste Fonts,https://ultratextgen.com/assets/pinterest/ja-library-emoji-combos.png,International Fancy Font Generators,,"絵文字の組み合わせ 🎀 ✨ 🌙 一覧 — かわいい絵文字コンボをコピペ. かわいい絵文字の組み合わせ 🎀✨🌙 をコピペで。量産型・シンプル・韓国っぽ・推し活・季節・誕生日まで、雰囲気別にコンボを一覧化。クリックするだけでコピーして、インスタやLINE、Xにそのまま貼れます。. Copy and paste stylish Unicode fonts and symbols for bios, captions, usernames and posts — free, fast and right in your browser with UltraTextGen.",https://ultratextgen.com/ja/library/emoji-combos/?utm_source=pinterest&utm_medium=social&utm_campaign=organic_pins&utm_content=ja-library-emoji-combos,,"localized, 絵文字の組み合わせ 🎀 ✨ 🌙 一覧 — かわいい絵文字コンボをコピペ, fancy text generator, copy paste fonts, unicode fonts, copy and paste, ultratextgen"
ギリシャ文字 記号 一覧 — α β γ Δ Σ Ω π コピペで使える全アルファベット — Copy and Paste Fonts,https://ultratextgen.com/assets/pinterest/ja-library-greek-letter-symbols.png,International Fancy Font Generators,,"ギリシャ文字 記号 一覧 — α β γ Δ Σ Ω π コピペで使える全アルファベット. ギリシャ文字を大文字・小文字・数学で使う異体字までまとめてコピペ。α β γ Δ Σ Ω π などアルファからオメガまで24文字すべてを掲載。クリックするだけでコピーできます。. Copy and paste stylish Unicode fonts and symbols for bios, captions, usernames and posts — free, fast and right in your browser with UltraTextGen.",https://ultratextgen.com/ja/library/greek-letter-symbols/?utm_source=pinterest&utm_medium=social&utm_campaign=organic_pins&utm_content=ja-library-greek-letter-symbols,,"localized, ギリシャ文字 記号 一覧 — α β γ δ σ ω π コピペで使える全アルファベット, fancy text generator, copy paste fonts, unicode fonts, copy and paste, ultratextgen"
嬉しい顔文字 — Copy and Paste Fonts — UltraTextGen,https://ultratextgen.com/assets/pinterest/ja-library-happy-kaomoji.png,International Fancy Font Generators,,"嬉しい顔文字. 笑顔の顔文字. Copy and paste stylish Unicode fonts and symbols for bios, captions, usernames and posts — free, fast and right in your browser with UltraTextGen.",https://ultratextgen.com/ja/library/happy-kaomoji/?utm_source=pinterest&utm_medium=social&utm_campaign=organic_pins&utm_content=ja-library-happy-kaomoji,,"localized, 嬉しい顔文字, fancy text generator, copy paste fonts, unicode fonts, copy and paste, ultratextgen"
ハート顔文字 — Copy and Paste Fonts — UltraTextGen,https://ultratextgen.com/assets/pinterest/ja-library-heart-kaomoji.png,International Fancy Font Generators,,"ハート顔文字. ハート目の顔文字. Copy and paste stylish Unicode fonts and symbols for bios, captions, usernames and posts — free, fast and right in your browser with UltraTextGen.",https://ultratextgen.com/ja/library/heart-kaomoji/?utm_source=pinterest&utm_medium=social&utm_campaign=organic_pins&utm_content=ja-library-heart-kaomoji,,"localized, ハート顔文字, fancy text generator, copy paste fonts, unicode fonts, copy and paste, ultratextgen"
ハート記号 ♥ 一覧 — コピペで使えるハート・愛の記号と絵文字 — Copy and Paste Fonts,https://ultratextgen.com/assets/pinterest/ja-library-heart-symbols.png,International Fancy Font Generators,,"ハート記号 ♥ 一覧 — コピペで使えるハート・愛の記号と絵文字. ハート記号やハート絵文字、Unicodeのハート文字をカラー・スタイル別に一覧化。クリックするだけでコピーでき、インスタのプロフィールや名前、キャプションにそのまま使えます。. Copy and paste stylish Unicode fonts and symbols for bios, captions, usernames and posts — free, fast and right in your browser with UltraTextGen.",https://ultratextgen.com/ja/library/heart-symbols/?utm_source=pinterest&utm_medium=social&utm_campaign=organic_pins&utm_content=ja-library-heart-symbols,,"localized, ハート記号 ♥ 一覧 — コピペで使えるハート・愛の記号と絵文字, fancy text generator, copy paste fonts, unicode fonts, copy and paste, ultratextgen"
ハグ顔文字 — Copy and Paste Fonts — UltraTextGen,https://ultratextgen.com/assets/pinterest/ja-library-hug-kaomoji.png,International Fancy Font Generators,,"ハグ顔文字. 抱きしめる顔文字. Copy and paste stylish Unicode fonts and symbols for bios, captions, usernames and posts — free, fast and right in your browser with UltraTextGen.",https://ultratextgen.com/ja/library/hug-kaomoji/?utm_source=pinterest&utm_medium=social&utm_campaign=organic_pins&utm_content=ja-library-hug-kaomoji,,"localized, ハグ顔文字, fancy text generator, copy paste fonts, unicode fonts, copy and paste, ultratextgen"
コピペ記号 一覧 — ハート ♡ 星 ★ 矢印 → 顔文字の特殊文字ライブラリ — Copy and Paste Fonts,https://ultratextgen.com/assets/pinterest/ja-library.png,International Fancy Font Generators,,"コピペ記号 一覧 — ハート ♡ 星 ★ 矢印 → 顔文字の特殊文字ライブラリ. コピペで使える記号をまとめた特殊文字ライブラリ。ハート ♡・星 ★・矢印 →・キラキラ ✨・ギリシャ文字・顔文字・絵文字コンボまで、記号をクリックするだけでコピーできて、インスタのプロフィールや名前、Discord、ゲームIDにそのまま貼れます。. Copy and paste stylish Unicode fonts and symbols for bios, captions, usernames and posts — free, fast and right in your browser…",https://ultratextgen.com/ja/library/?utm_source=pinterest&utm_medium=social&utm_campaign=organic_pins&utm_content=ja-library,,"localized, コピペ記号 一覧 — ハート ♡ 星 ★ 矢印 → 顔文字の特殊文字ライブラリ, fancy text generator, copy paste fonts, unicode fonts, copy and paste, ultratextgen"
日本語の記号・特殊文字 一覧 — 漢字・ひらがな・カタカナ・約物をコピペ — Copy and Paste Fonts,https://ultratextgen.com/assets/pinterest/ja-library-japanese-symbols.png,International Fancy Font Generators,,"日本語の記号・特殊文字 一覧 — 漢字・ひらがな・カタカナ・約物をコピペ. 日本語の記号・特殊文字をコピペで。意味つきの映える漢字（桜・愛・夢）、ひらがな・カタカナ（ツ・シの顔文字）、「」『』・〜 などの約物まで一覧化。クリックするだけでコピーでき、プロフィールや名前・ユーザー名にそのまま使えます。. Copy and paste stylish Unicode fonts and symbols for bios, captions, usernames and posts — free, fast and right in your browser with UltraTextGen.",https://ultratextgen.com/ja/library/japanese-symbols/?utm_source=pinterest&utm_medium=social&utm_campaign=organic_pins&utm_content=ja-library-japanese-symbols,,"localized, 日本語の記号・特殊文字 一覧 — 漢字・ひらがな・カタカナ・約物をコピペ, fancy text generator, copy paste fonts, unicode fonts, copy and paste, ultratextgen"
顔文字 一覧 — かわいい顔文字コピペ（シンプル・泣く・嬉しい） — Copy and Paste Fonts,https://ultratextgen.com/assets/pinterest/ja-library-kaomoji.png,International Fancy Font Generators,,"顔文字 一覧 — かわいい顔文字コピペ（シンプル・泣く・嬉しい）. かわいい顔文字をコピペで。シンプルな定番から、嬉しい・泣く・照れ・ラブ・動物・ハグまで気分別に一覧化。クリックするだけでコピーできて、LINE・インスタ・Xにそのまま貼れます。. Copy and paste stylish Unicode fonts and symbols for bios, captions, usernames and posts — free, fast and right in your browser with UltraTextGen.",https://ultratextgen.com/ja/library/kaomoji/?utm_source=pinterest&utm_medium=social&utm_campaign=organic_pins&utm_content=ja-library-kaomoji,,"localized, 顔文字 一覧 — かわいい顔文字コピペ（シンプル・泣く・嬉しい）, fancy text generator, copy paste fonts, unicode fonts, copy and paste, ultratextgen"
恋する顔文字 — Copy and Paste Fonts — UltraTextGen,https://ultratextgen.com/assets/pinterest/ja-library-love-kaomoji.png,International Fancy Font Generators,,"恋する顔文字. 告白ハートの顔文字. Copy and paste stylish Unicode fonts and symbols for bios, captions, usernames and posts — free, fast and right in your browser with UltraTextGen.",https://ultratextgen.com/ja/library/love-kaomoji/?utm_source=pinterest&utm_medium=social&utm_campaign=organic_pins&utm_content=ja-library-love-kaomoji,,"localized, 恋する顔文字, fancy text generator, copy paste fonts, unicode fonts, copy and paste, ultratextgen"
Roblox 記号 コピペ一覧 ✦ ⚡ ♡ — 表示名・プロフィールを飾る特殊文字（2026年版） — Copy and Paste Fonts,https://ultratextgen.com/assets/pinterest/ja-library-roblox-symbols.png,International Fancy Font Generators,,"Roblox 記号 コピペ一覧 ✦ ⚡ ♡ — 表示名・プロフィールを飾る特殊文字（2026年版）. Robloxの表示名やプロフィール、グループに使える記号（★ ♡ ✦ ⋆）50種以上をコピペで。名前フィルターを通りやすい特殊文字を厳選し、RobuxやPremium・認証バッジの正体も解説。クリックでコピーできます。. Copy and paste stylish Unicode fonts and symbols for bios, captions, usernames and posts — free, fast and right in your browser with…",https://ultratextgen.com/ja/library/roblox-symbols/?utm_source=pinterest&utm_medium=social&utm_campaign=organic_pins&utm_content=ja-library-roblox-symbols,,"localized, roblox 記号 コピペ一覧 ✦ ⚡ ♡ — 表示名・プロフィールを飾る特殊文字（2026年版）, fancy text generator, copy paste fonts, unicode fonts, copy and paste, ultratextgen"
悲しい顔文字 — Copy and Paste Fonts — UltraTextGen,https://ultratextgen.com/assets/pinterest/ja-library-sad-kaomoji.png,International Fancy Font Generators,,"悲しい顔文字. 落ち込んだ顔文字. Copy and paste stylish Unicode fonts and symbols for bios, captions, usernames and posts — free, fast and right in your browser with UltraTextGen.",https://ultratextgen.com/ja/library/sad-kaomoji/?utm_source=pinterest&utm_medium=social&utm_campaign=organic_pins&utm_content=ja-library-sad-kaomoji,,"localized, 悲しい顔文字, fancy text generator, copy paste fonts, unicode fonts, copy and paste, ultratextgen"
肩をすくめる顔文字 — Copy and Paste Fonts — UltraTextGen,https://ultratextgen.com/assets/pinterest/ja-library-shrug-kaomoji.png,International Fancy Font Generators,,"肩をすくめる顔文字. やれやれ顔文字. Copy and paste stylish Unicode fonts and symbols for bios, captions, usernames and posts — free, fast and right in your browser with UltraTextGen.",https://ultratextgen.com/ja/library/shrug-kaomoji/?utm_source=pinterest&utm_medium=social&utm_campaign=organic_pins&utm_content=ja-library-shrug-kaomoji,,"localized, 肩をすくめる顔文字, fancy text generator, copy paste fonts, unicode fonts, copy and paste, ultratextgen"
キラキラ記号 ✨ 一覧 — コピペで使えるキラキラ・星の記号 — Copy and Paste Fonts,https://ultratextgen.com/assets/pinterest/ja-library-sparkle-symbols.png,International Fancy Font Generators,,"キラキラ記号 ✨ 一覧 — コピペで使えるキラキラ・星の記号. キラキラ記号や星・グリッター系の飾り文字をジャンル別に一覧化。クリックするだけでコピーでき、インスタのプロフィールや名前、キャプションにそのまま使えます。. Copy and paste stylish Unicode fonts and symbols for bios, captions, usernames and posts — free, fast and right in your browser with UltraTextGen.",https://ultratextgen.com/ja/library/sparkle-symbols/?utm_source=pinterest&utm_medium=social&utm_campaign=organic_pins&utm_content=ja-library-sparkle-symbols,,"localized, キラキラ記号 ✨ 一覧 — コピペで使えるキラキラ・星の記号, fancy text generator, copy paste fonts, unicode fonts, copy and paste, ultratextgen"
特殊文字 一覧 — かわいい記号をコピペ（キラキラ・ハート・飾り） — Copy and Paste Fonts,https://ultratextgen.com/assets/pinterest/ja-library-special-characters.png,International Fancy Font Generators,,"特殊文字 一覧 — かわいい記号をコピペ（キラキラ・ハート・飾り）. かわいい特殊文字をコピペで。キラキラ・ハート・星・矢印・飾り括弧・音符まで、ジャンル別に一覧化。クリックするだけでコピーできて、インスタのプロフィールやゲームの名前にそのまま使えます。. Copy and paste stylish Unicode fonts and symbols for bios, captions, usernames and posts — free, fast and right in your browser with UltraTextGen.",https://ultratextgen.com/ja/library/special-characters/?utm_source=pinterest&utm_medium=social&utm_campaign=organic_pins&utm_content=ja-library-special-characters,,"localized, 特殊文字 一覧 — かわいい記号をコピペ（キラキラ・ハート・飾り）, fancy text generator, copy paste fonts, unicode fonts, copy and paste, ultratextgen"
星の記号 ★ 一覧 — コピペで使える星・キラキラの記号と絵文字 — Copy and Paste Fonts,https://ultratextgen.com/assets/pinterest/ja-library-star-symbols.png,International Fancy Font Generators,,"星の記号 ★ 一覧 — コピペで使える星・キラキラの記号と絵文字. 星の記号や星の絵文字、Unicodeの星文字・キラキラ・アスタリスクを形やスタイル別に一覧化。クリックするだけでコピーでき、インスタのプロフィールや名前、キャプションにそのまま使えます。. Copy and paste stylish Unicode fonts and symbols for bios, captions, usernames and posts — free, fast and right in your browser with UltraTextGen.",https://ultratextgen.com/ja/library/star-symbols/?utm_source=pinterest&utm_medium=social&utm_campaign=organic_pins&utm_content=ja-library-star-symbols,,"localized, 星の記号 ★ 一覧 — コピペで使える星・キラキラの記号と絵文字, fancy text generator, copy paste fonts, unicode fonts, copy and paste, ultratextgen"
テキスト顔文字・顔文字（Kaomoji）コピペ一覧 — 嬉しい・泣く・Lenny face — Copy and Paste Fonts,https://ultratextgen.com/assets/pinterest/ja-library-text-faces-kaomoji.png,International Fancy Font Generators,,"テキスト顔文字・顔文字（Kaomoji）コピペ一覧 — 嬉しい・泣く・Lenny face. テキスト顔文字（text faces）と顔文字をコピペで。嬉しい・泣く・肩すくめ・ラブ・動物・笑い、海外で人気のLenny faceまで気分別に一覧化。クリックするだけでコピーできて、LINE・インスタ・X・Discordにそのまま貼れます。. Copy and paste stylish Unicode fonts and symbols for bios, captions, usernames and posts — free, fast and right in your…",https://ultratextgen.com/ja/library/text-faces-kaomoji/?utm_source=pinterest&utm_medium=social&utm_campaign=organic_pins&utm_content=ja-library-text-faces-kaomoji,,"localized, テキスト顔文字・顔文字（kaomoji）コピペ一覧 — 嬉しい・泣く・lenny face, fancy text generator, copy paste fonts, unicode fonts, copy and paste, ultratextgen"
Y2K 記号 コピペ一覧 — 地雷系・サイバーのおしゃれ特殊文字 — Copy and Paste Fonts,https://ultratextgen.com/assets/pinterest/ja-library-y2k-symbols.png,International Fancy Font Generators,,"Y2K 記号 コピペ一覧 — 地雷系・サイバーのおしゃれ特殊文字. Y2K系の記号をコピペで。星 ✦・十字 ♱・蝶 🦋・キラキラ・CD 💿 など、地雷系や量産型のプロフィール・名前・キャプションに使える特殊文字。ワンタップでコピーできます。. Copy and paste stylish Unicode fonts and symbols for bios, captions, usernames and posts — free, fast and right in your browser with UltraTextGen.",https://ultratextgen.com/ja/library/y2k-symbols/?utm_source=pinterest&utm_medium=social&utm_campaign=organic_pins&utm_content=ja-library-y2k-symbols,,"localized, y2k 記号 コピペ一覧 — 地雷系・サイバーのおしゃれ特殊文字, fancy text generator, copy paste fonts, unicode fonts, copy and paste, ultratextgen"
名前 かわいい ⋆｡˚ コピペで作る — ゲーム・SNS・インスタ・TikTok — Copy and Paste Fonts,https://ultratextgen.com/assets/pinterest/ja-namae-kawaii.png,International Fancy Font Generators,,"名前 かわいい ⋆｡˚ コピペで作る — ゲーム・SNS・インスタ・TikTok. かわいい名前ジェネレーター＋コピペで使える名前・ニックネーム集。おしゃれな文字と ⋆ ˚ ✧ ᥫ᭡ の記号で作る、かわいい名前。ゲームやインスタ、TikTok の名前に貼るだけ。無料。. Copy and paste stylish Unicode fonts and symbols for bios, captions, usernames and posts — free, fast and right in your browser with UltraTextGen.",https://ultratextgen.com/ja/namae-kawaii/?utm_source=pinterest&utm_medium=social&utm_campaign=organic_pins&utm_content=ja-namae-kawaii,,"localized, 名前 かわいい ⋆｡˚ コピペで作る — ゲーム・sns・インスタ・tiktok, fancy text generator, copy paste fonts, unicode fonts, copy and paste, ultratextgen"
おしゃれ文字 変換 — ａｅｓｔｈｅｔｉｃ なSNS表示名・プロフをコピペ — Copy and Paste Fonts,https://ultratextgen.com/assets/pinterest/ja-oshare-moji.png,International Fancy Font Generators,,"おしゃれ文字 変換 — ａｅｓｔｈｅｔｉｃ なSNS表示名・プロフをコピペ. 無料のおしゃれ文字変換ツール。名前やフレーズを ａｅｓｔｈｅｔｉｃ なUnicode文字に一瞬で変換して、コピペで使えます。インスタ・TikTok・XのSNS表示名やプロフ、ローマ字ハンドルにぴったり。登録不要。. Copy and paste stylish Unicode fonts and symbols for bios, captions, usernames and posts — free, fast and right in your browser with UltraTextGen.",https://ultratextgen.com/ja/oshare-moji/?utm_source=pinterest&utm_medium=social&utm_campaign=organic_pins&utm_content=ja-oshare-moji,,"localized, おしゃれ文字 変換 — ａｅｓｔｈｅｔｉｃ なsns表示名・プロフをコピペ, fancy text generator, copy paste fonts, unicode fonts, copy and paste, ultratextgen"
度の記号（°）— 意味・由来・入力方法とコピペ — Copy and Paste Fonts,https://ultratextgen.com/assets/pinterest/ja-symbol-degree-symbol.png,International Fancy Font Generators,,"度の記号（°）— 意味・由来・入力方法とコピペ. 度の記号 ° (U+00B0) を解説。温度や角度での使い方、よく似た º との違い、Windows・Macでの入力方法まで。クリックでコピーできます。. Copy and paste stylish Unicode fonts and symbols for bios, captions, usernames and posts — free, fast and right in your browser with UltraTextGen.",https://ultratextgen.com/ja/symbol/degree-symbol/?utm_source=pinterest&utm_medium=social&utm_campaign=organic_pins&utm_content=ja-symbol-degree-symbol,,"localized, 度の記号（°）— 意味・由来・入力方法とコピペ, fancy text generator, copy paste fonts, unicode fonts, copy and paste, ultratextgen"
割り算の記号（÷）— 意味・由来・入力方法とコピペ — Copy and Paste Fonts,https://ultratextgen.com/assets/pinterest/ja-symbol-division-sign.png,International Fancy Font Generators,,"割り算の記号（÷）— 意味・由来・入力方法とコピペ. 割り算の記号 ÷ (U+00F7)、通称「オベルス」を解説。1659年が起源の由来、Windows・Macでの入力方法、分数スラッシュとの違いまで。クリックでコピーできます。. Copy and paste stylish Unicode fonts and symbols for bios, captions, usernames and posts — free, fast and right in your browser with UltraTextGen.",https://ultratextgen.com/ja/symbol/division-sign/?utm_source=pinterest&utm_medium=social&utm_campaign=organic_pins&utm_content=ja-symbol-division-sign,,"localized, 割り算の記号（÷）— 意味・由来・入力方法とコピペ, fancy text generator, copy paste fonts, unicode fonts, copy and paste, ultratextgen"
記号 — Unicode記号を1つずつ解説 — Copy and Paste Fonts,https://ultratextgen.com/assets/pinterest/ja-symbol.png,International Fancy Font Generators,,"記号 — Unicode記号を1つずつ解説. 特定の記号を1つだけ調べたいときに。このページの各リンク先では、Unicode記号を1つずつ取り上げて意味・由来・入力方法・使える場所を解説しています。カテゴリーごとに探したいときは記号ライブラリへ。. Copy and paste stylish Unicode fonts and symbols for bios, captions, usernames and posts — free, fast and right in your browser with UltraTextGen.",https://ultratextgen.com/ja/symbol/?utm_source=pinterest&utm_medium=social&utm_campaign=organic_pins&utm_content=ja-symbol,,"localized, 記号 — unicode記号を1つずつ解説, fancy text generator, copy paste fonts, unicode fonts, copy and paste, ultratextgen"
無限大の記号（∞）— 意味・由来・入力方法とコピペ — Copy and Paste Fonts,https://ultratextgen.com/assets/pinterest/ja-symbol-infinity.png,International Fancy Font Generators,,"無限大の記号（∞）— 意味・由来・入力方法とコピペ. 無限大の記号 ∞ (U+221E) を解説。1655年のジョン・ウォリスに始まる由来、意味、Windows・Macでの入力方法、使える場所まで。インフィニティ記号をクリックでコピーできます。. Copy and paste stylish Unicode fonts and symbols for bios, captions, usernames and posts — free, fast and right in your browser with UltraTextGen.",https://ultratextgen.com/ja/symbol/infinity/?utm_source=pinterest&utm_medium=social&utm_campaign=organic_pins&utm_content=ja-symbol-infinity,,"localized, 無限大の記号（∞）— 意味・由来・入力方法とコピペ, fancy text generator, copy paste fonts, unicode fonts, copy and paste, ultratextgen"
