Title,Media URL,Pinterest board,Thumbnail,Description,Link,Publish date,Keywords
Kaomoji de Amor (♥‿♥): Copiar e Colar Carinhas de Amor e Coração — Copy and Paste Fonts,https://ultratextgen.com/assets/pinterest/pt-library-love-kaomoji.png,International Fancy Font Generators,,"Kaomoji de Amor (♥‿♥): Copiar e Colar Carinhas de Amor e Coração. Explore e copie kaomoji de amor e coração (♥‿♥) — carinhas de texto japonesas para carinho, beijos e abraços. Clique para copiar na hora. Copy and paste stylish Unicode fonts and symbols for bios, captions, usernames and posts —…",https://ultratextgen.com/pt/library/love-kaomoji/?utm_source=pinterest&utm_medium=social&utm_campaign=organic_pins&utm_content=pt-library-love-kaomoji,,"localized, kaomoji de amor (♥‿♥): copiar e colar carinhas de amor e coração, fancy text generator, copy paste fonts, unicode fonts, copy and paste, ultratextgen"
Naipes de Baralho ♠ ♥ ♦ ♣: Símbolos para Copiar e Colar — Copy and Paste Fonts,https://ultratextgen.com/assets/pinterest/pt-library-naipes-de-baralho.png,International Fancy Font Generators,,"Naipes de Baralho ♠ ♥ ♦ ♣: Símbolos para Copiar e Colar. Navegue e copie símbolos de naipes de baralho, dados, dominós e caracteres Unicode de jogos. Clique em qualquer símbolo para copiar na hora. Copy and paste stylish Unicode fonts and symbols for bios, captions, usernames and posts — free,…",https://ultratextgen.com/pt/library/naipes-de-baralho/?utm_source=pinterest&utm_medium=social&utm_campaign=organic_pins&utm_content=pt-library-naipes-de-baralho,,"localized, naipes de baralho ♠ ♥ ♦ ♣: símbolos para copiar e colar, fancy text generator, copy paste fonts, unicode fonts, copy and paste, ultratextgen"
Emoji do Neymar 🇧🇷⚽🐐 Combos para Copiar e Colar — Copy and Paste Fonts,https://ultratextgen.com/assets/pinterest/pt-library-neymar-emoji-combos.png,International Fancy Font Generators,,"Emoji do Neymar 🇧🇷⚽🐐 Combos para Copiar e Colar. Emoji do Neymar 🇧🇷⚽ — combos do Brasil, joga bonito e camisa 10 pra bio e legenda. Clique em qualquer emoji ou combo pra copiar na hora. Copy and paste stylish Unicode fonts and symbols for bios, captions, usernames and posts — free, fast and…",https://ultratextgen.com/pt/library/neymar-emoji-combos/?utm_source=pinterest&utm_medium=social&utm_campaign=organic_pins&utm_content=pt-library-neymar-emoji-combos,,"localized, emoji do neymar 🇧🇷⚽🐐 combos para copiar e colar, fancy text generator, copy paste fonts, unicode fonts, copy and paste, ultratextgen"
Emoji do Cristiano Ronaldo 🇵🇹⚽🐐 Combos para Copiar — Copy and Paste Fonts,https://ultratextgen.com/assets/pinterest/pt-library-ronaldo-emoji-combos.png,International Fancy Font Generators,,"Emoji do Cristiano Ronaldo 🇵🇹⚽🐐 Combos para Copiar. Emoji do Cristiano Ronaldo 🇵🇹⚽🐐 — combos CR7, GOAT e Siuuu pra bio e legenda de fã. Clique em qualquer emoji ou combo pra copiar na hora. Copy and paste stylish Unicode fonts and symbols for bios, captions, usernames and posts — free, fast and…",https://ultratextgen.com/pt/library/ronaldo-emoji-combos/?utm_source=pinterest&utm_medium=social&utm_campaign=organic_pins&utm_content=pt-library-ronaldo-emoji-combos,,"localized, emoji do cristiano ronaldo 🇵🇹⚽🐐 combos para copiar, fancy text generator, copy paste fonts, unicode fonts, copy and paste, ultratextgen"
Kaomoji Tristes (´･_･`): Copiar e Colar Carinhas Tristes e Sombrias — Copy and Paste Fonts,https://ultratextgen.com/assets/pinterest/pt-library-sad-kaomoji.png,International Fancy Font Generators,,"Kaomoji Tristes (´･_･`): Copiar e Colar Carinhas Tristes e Sombrias. Explore e copie kaomoji tristes (´･_･`) — carinhas de texto japonesas para tristeza, decepção e mau humor. Clique para copiar na hora. Copy and paste stylish Unicode fonts and symbols for bios, captions, usernames and posts —…",https://ultratextgen.com/pt/library/sad-kaomoji/?utm_source=pinterest&utm_medium=social&utm_campaign=organic_pins&utm_content=pt-library-sad-kaomoji,,"localized, kaomoji tristes (´･_･`): copiar e colar carinhas tristes e sombrias, fancy text generator, copy paste fonts, unicode fonts, copy and paste, ultratextgen"
Símbolos de Seta → Copiar e Colar Setas e Símbolos Direcionais — Copy and Paste Fonts,https://ultratextgen.com/assets/pinterest/pt-library-setas.png,International Fancy Font Generators,,"Símbolos de Seta → Copiar e Colar Setas e Símbolos Direcionais. Explore e copie símbolos de seta — setas retas, curvas, duplas, triangulares e emojis de seta para documentos, posts e formatação…. Copy and paste stylish Unicode fonts and symbols for bios, captions, usernames and posts — free,…",https://ultratextgen.com/pt/library/setas/?utm_source=pinterest&utm_medium=social&utm_campaign=organic_pins&utm_content=pt-library-setas,,"localized, símbolos de seta → copiar e colar setas e símbolos direcionais, fancy text generator, copy paste fonts, unicode fonts, copy and paste, ultratextgen"
"Símbolos de Copyright, Marca Registrada e Jurídicos: Copiar e Colar © ® ™ — Copy and",https://ultratextgen.com/assets/pinterest/pt-library-simbolos-copyright-marca-registrada.png,International Fancy Font Generators,,"Símbolos de Copyright, Marca Registrada e Jurídicos: Copiar e Colar © ® ™. Copie e cole símbolos Unicode de copyright, marca registrada, comercial e outros símbolos jurídicos — ©, ®, ™, ℠, ℗, §, ¶ e mais. Clique…. Copy and paste stylish Unicode fonts and symbols for bios, captions, usernames and…",https://ultratextgen.com/pt/library/simbolos-copyright-marca-registrada/?utm_source=pinterest&utm_medium=social&utm_campaign=organic_pins&utm_content=pt-library-simbolos-copyright-marca-registrada,,"localized, símbolos de copyright, marca registrada e jurídicos: copiar e colar © ® ™, fancy text generator, copy paste fonts, unicode fonts, copy and paste, ultratextgen"
Símbolos Coquette 🎀 Laços e fitas rosa aesthetic para copiar e colar — Copy and Paste,https://ultratextgen.com/assets/pinterest/pt-library-simbolos-coquette.png,International Fancy Font Generators,,"Símbolos Coquette 🎀 Laços e fitas rosa aesthetic para copiar e colar. Símbolos coquette aesthetic para copiar e colar — laços 🎀, fitas, corações ♡ e flores rosa para bio, nome de usuário e perfis…. Copy and paste stylish Unicode fonts and symbols for bios, captions, usernames and posts — free,…",https://ultratextgen.com/pt/library/simbolos-coquette/?utm_source=pinterest&utm_medium=social&utm_campaign=organic_pins&utm_content=pt-library-simbolos-coquette,,"localized, símbolos coquette 🎀 laços e fitas rosa aesthetic para copiar e colar, fancy text generator, copy paste fonts, unicode fonts, copy and paste, ultratextgen"
"Símbolos Cottagecore ✿ Cogumelos, flores e natureza para copiar e colar — Copy and",https://ultratextgen.com/assets/pinterest/pt-library-simbolos-cottagecore.png,International Fancy Font Generators,,"Símbolos Cottagecore ✿ Cogumelos, flores e natureza para copiar e colar. Símbolos cottagecore aesthetic para copiar e colar — cogumelos 🍄, flores, abelhas e motivos da vida no campo para bio, legenda e nome de…. Copy and paste stylish Unicode fonts and symbols for bios, captions, usernames and…",https://ultratextgen.com/pt/library/simbolos-cottagecore/?utm_source=pinterest&utm_medium=social&utm_campaign=organic_pins&utm_content=pt-library-simbolos-cottagecore,,"localized, símbolos cottagecore ✿ cogumelos, flores e natureza para copiar e colar, fancy text generator, copy paste fonts, unicode fonts, copy and paste, ultratextgen"
Símbolos de Confirmação: Copiar e Colar Check e Ícones de Status — Copy and Paste Fonts,https://ultratextgen.com/assets/pinterest/pt-library-simbolos-de-confirmacao.png,International Fancy Font Generators,,"Símbolos de Confirmação: Copiar e Colar Check e Ícones de Status. Navegue e copie símbolos de confirmação (check), marcas de X e indicadores de status para listas, comparações e formatação profissional…. Copy and paste stylish Unicode fonts and symbols for bios, captions, usernames and posts —…",https://ultratextgen.com/pt/library/simbolos-de-confirmacao/?utm_source=pinterest&utm_medium=social&utm_campaign=organic_pins&utm_content=pt-library-simbolos-de-confirmacao,,"localized, símbolos de confirmação: copiar e colar check e ícones de status, fancy text generator, copy paste fonts, unicode fonts, copy and paste, ultratextgen"
Símbolos de coração para copiar e colar ♥ ♡ ❤ — Copy and Paste Fonts,https://ultratextgen.com/assets/pinterest/pt-library-simbolos-de-coracao.png,International Fancy Font Generators,,"Símbolos de coração para copiar e colar ♥ ♡ ❤. Copie emojis de coração e caracteres Unicode de coração — vermelho, coloridos, partido e decorativos. Clique em qualquer símbolo para…. Copy and paste stylish Unicode fonts and symbols for bios, captions, usernames and posts — free, fast and right…",https://ultratextgen.com/pt/library/simbolos-de-coracao/?utm_source=pinterest&utm_medium=social&utm_campaign=organic_pins&utm_content=pt-library-simbolos-de-coracao,,"localized, símbolos de coração para copiar e colar ♥ ♡ ❤, fancy text generator, copy paste fonts, unicode fonts, copy and paste, ultratextgen"
Símbolos de Cruz e X: Copiar e Colar Todos os Formatos — Copy and Paste Fonts,https://ultratextgen.com/assets/pinterest/pt-library-simbolos-de-cruz-e-x.png,International Fancy Font Generators,,"Símbolos de Cruz e X: Copiar e Colar Todos os Formatos. Navegue e copie todo símbolo de cruz e X — sinais de multiplicação, marcas de votação, cruzes religiosas, símbolos decorativos de adaga…. Copy and paste stylish Unicode fonts and symbols for bios, captions, usernames and posts — free, fast…",https://ultratextgen.com/pt/library/simbolos-de-cruz-e-x/?utm_source=pinterest&utm_medium=social&utm_campaign=organic_pins&utm_content=pt-library-simbolos-de-cruz-e-x,,"localized, símbolos de cruz e x: copiar e colar todos os formatos, fancy text generator, copy paste fonts, unicode fonts, copy and paste, ultratextgen"
Símbolos de Estrela ★ — Estrelinhas para Copiar e Colar — Copy and Paste Fonts,https://ultratextgen.com/assets/pinterest/pt-library-simbolos-de-estrela.png,International Fancy Font Generators,,"Símbolos de Estrela ★ — Estrelinhas para Copiar e Colar. Símbolos de estrela, estrelinhas, asteriscos e brilhos em Unicode para copiar e colar. Clique em qualquer símbolo para copiá-lo na hora…. Copy and paste stylish Unicode fonts and symbols for bios, captions, usernames and posts — free, fast…",https://ultratextgen.com/pt/library/simbolos-de-estrela/?utm_source=pinterest&utm_medium=social&utm_campaign=organic_pins&utm_content=pt-library-simbolos-de-estrela,,"localized, símbolos de estrela ★ — estrelinhas para copiar e colar, fancy text generator, copy paste fonts, unicode fonts, copy and paste, ultratextgen"
Símbolos de Marcadores: Copiar e Colar Bullet Points — Copy and Paste Fonts,https://ultratextgen.com/assets/pinterest/pt-library-simbolos-de-marcadores.png,International Fancy Font Generators,,"Símbolos de Marcadores: Copiar e Colar Bullet Points. Navegue e copie símbolos de marcadores (bullet points), setas, checkmarks e marcadores decorativos para documentos e posts. Clique em…. Copy and paste stylish Unicode fonts and symbols for bios, captions, usernames and posts — free, fast and…",https://ultratextgen.com/pt/library/simbolos-de-marcadores/?utm_source=pinterest&utm_medium=social&utm_campaign=organic_pins&utm_content=pt-library-simbolos-de-marcadores,,"localized, símbolos de marcadores: copiar e colar bullet points, fancy text generator, copy paste fonts, unicode fonts, copy and paste, ultratextgen"
Símbolos de Natal 🎄 ❄ ☃: Copiar e Colar Caracteres Festivos — Copy and Paste Fonts,https://ultratextgen.com/assets/pinterest/pt-library-simbolos-de-natal.png,International Fancy Font Generators,,"Símbolos de Natal 🎄 ❄ ☃: Copiar e Colar Caracteres Festivos. Símbolos e emojis de Natal — árvores, flocos de neve, bonecos de neve, presentes e combos de saudação prontos. Toque em qualquer…. Copy and paste stylish Unicode fonts and symbols for bios, captions, usernames and posts — free, fast…",https://ultratextgen.com/pt/library/simbolos-de-natal/?utm_source=pinterest&utm_medium=social&utm_campaign=organic_pins&utm_content=pt-library-simbolos-de-natal,,"localized, símbolos de natal 🎄 ❄ ☃: copiar e colar caracteres festivos, fancy text generator, copy paste fonts, unicode fonts, copy and paste, ultratextgen"
Símbolos de Xadrez — Copiar e Colar Peças de Xadrez em Unicode — Copy and Paste Fonts,https://ultratextgen.com/assets/pinterest/pt-library-simbolos-de-xadrez.png,International Fancy Font Generators,,"Símbolos de Xadrez — Copiar e Colar Peças de Xadrez em Unicode. Copie e cole símbolos de peças de xadrez em Unicode — reis, damas, torres, bispos, cavalos e peões, com nomes das peças e marcas de…. Copy and paste stylish Unicode fonts and symbols for bios, captions, usernames and posts — free,…",https://ultratextgen.com/pt/library/simbolos-de-xadrez/?utm_source=pinterest&utm_medium=social&utm_campaign=organic_pins&utm_content=pt-library-simbolos-de-xadrez,,"localized, símbolos de xadrez — copiar e colar peças de xadrez em unicode, fancy text generator, copy paste fonts, unicode fonts, copy and paste, ultratextgen"
Símbolos para Discord — copiar e colar para nomes e canais — Copy and Paste Fonts,https://ultratextgen.com/assets/pinterest/pt-library-simbolos-discord.png,International Fancy Font Generators,,"Símbolos para Discord — copiar e colar para nomes e canais. Copie e cole símbolos para Discord — decorações para nomes de canais (▸ ┊ ➤ ꒱ ⟢), servidores, cargos e perfis. Clique em qualquer…. Copy and paste stylish Unicode fonts and symbols for bios, captions, usernames and posts — free, fast…",https://ultratextgen.com/pt/library/simbolos-discord/?utm_source=pinterest&utm_medium=social&utm_campaign=organic_pins&utm_content=pt-library-simbolos-discord,,"localized, símbolos para discord — copiar e colar para nomes e canais, fancy text generator, copy paste fonts, unicode fonts, copy and paste, ultratextgen"
Símbolos Dreamcore e Weirdcore 👁 Copiar e colar para estética surreal — Copy and Paste,https://ultratextgen.com/assets/pinterest/pt-library-simbolos-dreamcore-weirdcore.png,International Fancy Font Generators,,"Símbolos Dreamcore e Weirdcore 👁 Copiar e colar para estética surreal. Símbolos dreamcore e weirdcore — olhos surreais 👁, arco-íris 🌈, blocos de glitch, portas e combos sleepcore para posts liminais. Toque…. Copy and paste stylish Unicode fonts and symbols for bios, captions, usernames and posts…",https://ultratextgen.com/pt/library/simbolos-dreamcore-weirdcore/?utm_source=pinterest&utm_medium=social&utm_campaign=organic_pins&utm_content=pt-library-simbolos-dreamcore-weirdcore,,"localized, símbolos dreamcore e weirdcore 👁 copiar e colar para estética surreal, fancy text generator, copy paste fonts, unicode fonts, copy and paste, ultratextgen"
"Símbolos Fairycore ✨ Fadas, cogumelos e brilhos aesthetic para copiar e colar — Copy",https://ultratextgen.com/assets/pinterest/pt-library-simbolos-fairycore.png,International Fancy Font Generators,,"Símbolos Fairycore ✨ Fadas, cogumelos e brilhos aesthetic para copiar e colar. Símbolos e combos de emoji fairycore — fadas 🧚, cogumelos 🍄, brilhos ✨ e caracteres de flores delicadas para bios encantadas. Toque em…. Copy and paste stylish Unicode fonts and symbols for bios, captions, usernames…",https://ultratextgen.com/pt/library/simbolos-fairycore/?utm_source=pinterest&utm_medium=social&utm_campaign=organic_pins&utm_content=pt-library-simbolos-fairycore,,"localized, símbolos fairycore ✨ fadas, cogumelos e brilhos aesthetic para copiar e colar, fancy text generator, copy paste fonts, unicode fonts, copy and paste, ultratextgen"
Símbolos goth e grunge para copiar e colar — decorações dark aesthetic para bio — Copy,https://ultratextgen.com/assets/pinterest/pt-library-simbolos-goth-grunge.png,International Fancy Font Generators,,"Símbolos goth e grunge para copiar e colar — decorações dark aesthetic para bio. Símbolos dark aesthetic para bios goth e grunge. Cruzes, caveiras, aranhas, adagas e decorações de moda alt para nomes de usuário e perfis. Copy and paste stylish Unicode fonts and symbols for bios, captions,…",https://ultratextgen.com/pt/library/simbolos-goth-grunge/?utm_source=pinterest&utm_medium=social&utm_campaign=organic_pins&utm_content=pt-library-simbolos-goth-grunge,,"localized, símbolos goth e grunge para copiar e colar — decorações dark aesthetic para bio, fancy text generator, copy paste fonts, unicode fonts, copy and paste, ultratextgen"
"Símbolos Japoneses: Copiar e Colar Kanji, Hiragana e Katakana — Copy and Paste Fonts",https://ultratextgen.com/assets/pinterest/pt-library-simbolos-japoneses.png,International Fancy Font Generators,,"Símbolos Japoneses: Copiar e Colar Kanji, Hiragana e Katakana. Símbolos japoneses para copiar e colar — kanji como 桜 e 愛, hiragana, katakana e pontuação com significado. Clique em qualquer caractere…. Copy and paste stylish Unicode fonts and symbols for bios, captions, usernames and posts —…",https://ultratextgen.com/pt/library/simbolos-japoneses/?utm_source=pinterest&utm_medium=social&utm_campaign=organic_pins&utm_content=pt-library-simbolos-japoneses,,"localized, símbolos japoneses: copiar e colar kanji, hiragana e katakana, fancy text generator, copy paste fonts, unicode fonts, copy and paste, ultratextgen"
Símbolos Kawaii Fofos para copiar e colar — Decorações aesthetic suaves — Copy and,https://ultratextgen.com/assets/pinterest/pt-library-simbolos-kawaii-cute.png,International Fancy Font Generators,,"Símbolos Kawaii Fofos para copiar e colar — Decorações aesthetic suaves. Símbolos kawaii e fofos para bio, nome de usuário e mensagens. Corações suaves, carinhas pequenas, brilhos e decorações pastel da…. Copy and paste stylish Unicode fonts and symbols for bios, captions, usernames and posts —…",https://ultratextgen.com/pt/library/simbolos-kawaii-cute/?utm_source=pinterest&utm_medium=social&utm_campaign=organic_pins&utm_content=pt-library-simbolos-kawaii-cute,,"localized, símbolos kawaii fofos para copiar e colar — decorações aesthetic suaves, fancy text generator, copy paste fonts, unicode fonts, copy and paste, ultratextgen"
Símbolos Matemáticos: Copiar e Colar Caracteres de Matemática — Copy and Paste Fonts,https://ultratextgen.com/assets/pinterest/pt-library-simbolos-matematicos.png,International Fancy Font Generators,,"Símbolos Matemáticos: Copiar e Colar Caracteres de Matemática. Navegue e copie símbolos matemáticos — operadores, letras gregas, teoria dos conjuntos, cálculo e caracteres sobrescritos. Clique em…. Copy and paste stylish Unicode fonts and symbols for bios, captions, usernames and posts — free,…",https://ultratextgen.com/pt/library/simbolos-matematicos/?utm_source=pinterest&utm_medium=social&utm_campaign=organic_pins&utm_content=pt-library-simbolos-matematicos,,"localized, símbolos matemáticos: copiar e colar caracteres de matemática, fancy text generator, copy paste fonts, unicode fonts, copy and paste, ultratextgen"
Notas Musicais: Símbolos para Copiar e Colar ♪ ♫ 🎵 — Copy and Paste Fonts,https://ultratextgen.com/assets/pinterest/pt-library-simbolos-musicais.png,International Fancy Font Generators,,"Notas Musicais: Símbolos para Copiar e Colar ♪ ♫ 🎵. Copie e cole notas musicais, claves, acidentes e símbolos de música — além de emojis de instrumentos e áudio. Clique em qualquer símbolo…. Copy and paste stylish Unicode fonts and symbols for bios, captions, usernames and posts — free, fast and…",https://ultratextgen.com/pt/library/simbolos-musicais/?utm_source=pinterest&utm_medium=social&utm_campaign=organic_pins&utm_content=pt-library-simbolos-musicais,,"localized, notas musicais: símbolos para copiar e colar ♪ ♫ 🎵, fancy text generator, copy paste fonts, unicode fonts, copy and paste, ultratextgen"
Símbolos para Nick de Free Fire — Copy and Paste Fonts,https://ultratextgen.com/assets/pinterest/pt-library-simbolos-para-nick.png,International Fancy Font Generators,,"Símbolos para Nick de Free Fire. Guarda-chuva, coroas e símbolos para o FF. Copy and paste stylish Unicode fonts and symbols for bios, captions, usernames and posts — free, fast and right in your browser with UltraTextGen.",https://ultratextgen.com/pt/library/simbolos-para-nick/?utm_source=pinterest&utm_medium=social&utm_campaign=organic_pins&utm_content=pt-library-simbolos-para-nick,,"localized, símbolos para nick de free fire, fancy text generator, copy paste fonts, unicode fonts, copy and paste, ultratextgen"
Símbolos do Roblox — Copiar e colar para nomes de exibição (2026) — Copy and Paste Fonts,https://ultratextgen.com/assets/pinterest/pt-library-simbolos-roblox.png,International Fancy Font Generators,,"Símbolos do Roblox — Copiar e colar para nomes de exibição (2026). Copie e cole mais de 40 símbolos do Roblox para nomes de exibição, bios e grupos — testados no filtro de nomes atual do Roblox, além da…. Copy and paste stylish Unicode fonts and symbols for bios, captions, usernames and posts —…",https://ultratextgen.com/pt/library/simbolos-roblox/?utm_source=pinterest&utm_medium=social&utm_campaign=organic_pins&utm_content=pt-library-simbolos-roblox,,"localized, símbolos do roblox — copiar e colar para nomes de exibição (2026), fancy text generator, copy paste fonts, unicode fonts, copy and paste, ultratextgen"
Símbolos Therian θΔ — theta-delta e marcas alterhuman para copiar e colar — Copy and,https://ultratextgen.com/assets/pinterest/pt-library-simbolos-therian.png,International Fancy Font Generators,,"Símbolos Therian θΔ — theta-delta e marcas alterhuman para copiar e colar. Símbolos therian para copiar e colar — a marca theta-delta (θΔ), patas, fases da lua e emojis de animais usados pela comunidade therian…. Copy and paste stylish Unicode fonts and symbols for bios, captions, usernames and…",https://ultratextgen.com/pt/library/simbolos-therian/?utm_source=pinterest&utm_medium=social&utm_campaign=organic_pins&utm_content=pt-library-simbolos-therian,,"localized, símbolos therian θδ — theta-delta e marcas alterhuman para copiar e colar, fancy text generator, copy paste fonts, unicode fonts, copy and paste, ultratextgen"
"Símbolos Witchy e Ocultos ⛧ Pentagramas, luas e alquimia para copiar e colar — Copy and",https://ultratextgen.com/assets/pinterest/pt-library-simbolos-witchy-occult.png,International Fancy Font Generators,,"Símbolos Witchy e Ocultos ⛧ Pentagramas, luas e alquimia para copiar e colar. Símbolos witchy e ocultos para copiar e colar — pentagramas, fases da lua, signos planetários, símbolos alquímicos e outros caracteres…. Copy and paste stylish Unicode fonts and symbols for bios, captions, usernames…",https://ultratextgen.com/pt/library/simbolos-witchy-occult/?utm_source=pinterest&utm_medium=social&utm_campaign=organic_pins&utm_content=pt-library-simbolos-witchy-occult,,"localized, símbolos witchy e ocultos ⛧ pentagramas, luas e alquimia para copiar e colar, fancy text generator, copy paste fonts, unicode fonts, copy and paste, ultratextgen"
Símbolos Y2K ✰ Estrelas e brilhos aesthetic para copiar e colar — Copy and Paste Fonts,https://ultratextgen.com/assets/pinterest/pt-library-simbolos-y2k.png,International Fancy Font Generators,,"Símbolos Y2K ✰ Estrelas e brilhos aesthetic para copiar e colar. Símbolos Y2K aesthetic para copiar e colar — estrelas ✰, brilhos ⋆｡°✩, cruzes e caracteres cyber para bio, nome de usuário e perfis…. Copy and paste stylish Unicode fonts and symbols for bios, captions, usernames and posts — free,…",https://ultratextgen.com/pt/library/simbolos-y2k/?utm_source=pinterest&utm_medium=social&utm_campaign=organic_pins&utm_content=pt-library-simbolos-y2k,,"localized, símbolos y2k ✰ estrelas e brilhos aesthetic para copiar e colar, fancy text generator, copy paste fonts, unicode fonts, copy and paste, ultratextgen"
Símbolos para Copiar — Copy and Paste Fonts,https://ultratextgen.com/assets/pinterest/pt-library-simbolos.png,International Fancy Font Generators,,"Símbolos para Copiar. Símbolos para nick, bio e Insta. Copy and paste stylish Unicode fonts and symbols for bios, captions, usernames and posts — free, fast and right in your browser with UltraTextGen.",https://ultratextgen.com/pt/library/simbolos/?utm_source=pinterest&utm_medium=social&utm_campaign=organic_pins&utm_content=pt-library-simbolos,,"localized, símbolos para copiar, fancy text generator, copy paste fonts, unicode fonts, copy and paste, ultratextgen"
Tabela ASCII: Copiar e Colar Códigos e Caracteres ASCII — Copy and Paste Fonts,https://ultratextgen.com/assets/pinterest/pt-library-tabela-ascii.png,International Fancy Font Generators,,"Tabela ASCII: Copiar e Colar Códigos e Caracteres ASCII. Tabela ASCII com códigos decimal, hexadecimal, binário e octal de pontuação, dígitos, letras e símbolos — uma referência rápida para…. Copy and paste stylish Unicode fonts and symbols for bios, captions, usernames and posts — free, fast…",https://ultratextgen.com/pt/library/tabela-ascii/?utm_source=pinterest&utm_medium=social&utm_campaign=organic_pins&utm_content=pt-library-tabela-ascii,,"localized, tabela ascii: copiar e colar códigos e caracteres ascii, fancy text generator, copy paste fonts, unicode fonts, copy and paste, ultratextgen"
Emoji do Vini Jr 🇧🇷⚽🐐 Combos para Copiar e Colar — Copy and Paste Fonts,https://ultratextgen.com/assets/pinterest/pt-library-vinicius-emoji-combos.png,International Fancy Font Generators,,"Emoji do Vini Jr 🇧🇷⚽🐐 Combos para Copiar e Colar. Emoji do Vini Jr (Vinicius Júnior) 🇧🇷⚽ — combos de fã pra bio, legenda e comentário. Clique em qualquer emoji ou combo pra copiar na hora. Copy and paste stylish Unicode fonts and symbols for bios, captions, usernames and posts — free, fast and…",https://ultratextgen.com/pt/library/vinicius-emoji-combos/?utm_source=pinterest&utm_medium=social&utm_campaign=organic_pins&utm_content=pt-library-vinicius-emoji-combos,,"localized, emoji do vini jr 🇧🇷⚽🐐 combos para copiar e colar, fancy text generator, copy paste fonts, unicode fonts, copy and paste, ultratextgen"
"Conversor de Maiúsculas e Minúsculas — UPPERCASE, lowercase, Title Case e Mais — Copy",https://ultratextgen.com/assets/pinterest/pt-maiusculas-e-minusculas.png,International Fancy Font Generators,,"Conversor de Maiúsculas e Minúsculas — UPPERCASE, lowercase, Title Case e Mais. Conversor de maiúsculas e minúsculas grátis e online. Converta texto para UPPERCASE, lowercase, Title Case, Sentence case, Capitalized…. Copy and paste stylish Unicode fonts and symbols for bios, captions, usernames…",https://ultratextgen.com/pt/maiusculas-e-minusculas/?utm_source=pinterest&utm_medium=social&utm_campaign=organic_pins&utm_content=pt-maiusculas-e-minusculas,,"localized, conversor de maiúsculas e minúsculas — uppercase, lowercase, title case e mais, fancy text generator, copy paste fonts, unicode fonts, copy and paste, ultratextgen"
Símbolos para Nick: Copiar e Colar ꧁꧂ Decorações de Nome — Copy and Paste Fonts,https://ultratextgen.com/assets/pinterest/pt-simbolos-para-nick.png,International Fancy Font Generators,,"Símbolos para Nick: Copiar e Colar ꧁꧂ Decorações de Nome. Símbolos para nick de Free Fire e outros jogos — asas ꧁꧂, carinhas ツ, coroas ♛ e tags pro 亗. Toque em qualquer símbolo pra copiar na…. Copy and paste stylish Unicode fonts and symbols for bios, captions, usernames and posts — free, fast…",https://ultratextgen.com/pt/simbolos-para-nick/?utm_source=pinterest&utm_medium=social&utm_campaign=organic_pins&utm_content=pt-simbolos-para-nick,,"localized, símbolos para nick: copiar e colar ꧁꧂ decorações de nome, fancy text generator, copy paste fonts, unicode fonts, copy and paste, ultratextgen"
"Arroba (@): Significado, História e Como Digitar — Copy and Paste Fonts",https://ultratextgen.com/assets/pinterest/pt-symbol-arroba.png,International Fancy Font Generators,,"Arroba (@): Significado, História e Como Digitar. A arroba @ (U+0040) explicada — sua origem em livros-caixa de 500 anos atrás, o uso no e-mail por Ray Tomlinson em 1971, como dispara…. Copy and paste stylish Unicode fonts and symbols for bios, captions, usernames and posts — free, fast and…",https://ultratextgen.com/pt/symbol/arroba/?utm_source=pinterest&utm_medium=social&utm_campaign=organic_pins&utm_content=pt-symbol-arroba,,"localized, arroba (@): significado, história e como digitar, fancy text generator, copy paste fonts, unicode fonts, copy and paste, ultratextgen"
Cruz Ortodoxa (☦): o Que Significam Suas Três Barras — Copy and Paste Fonts,https://ultratextgen.com/assets/pinterest/pt-symbol-cruz-ortodoxa.png,International Fancy Font Generators,,"Cruz Ortodoxa (☦): o Que Significam Suas Três Barras. A cruz ortodoxa ☦ (U+2626) para copiar e colar — o que representam suas três barras: o titulus, a travessa e o apoio para os pés…. Copy and paste stylish Unicode fonts and symbols for bios, captions, usernames and posts — free, fast and right…",https://ultratextgen.com/pt/symbol/cruz-ortodoxa/?utm_source=pinterest&utm_medium=social&utm_campaign=organic_pins&utm_content=pt-symbol-cruz-ortodoxa,,"localized, cruz ortodoxa (☦): o que significam suas três barras, fancy text generator, copy paste fonts, unicode fonts, copy and paste, ultratextgen"
"E Comercial (&): Significado, História e Como Digitar — Copy and Paste Fonts",https://ultratextgen.com/assets/pinterest/pt-symbol-e-comercial.png,International Fancy Font Generators,,"E Comercial (&): Significado, História e Como Digitar. O e comercial & (U+0026) explicado — sua origem como ligadura romana da palavra latina et, de onde vem o nome 'ampersand' e como…. Copy and paste stylish Unicode fonts and symbols for bios, captions, usernames and posts — free, fast and…",https://ultratextgen.com/pt/symbol/e-comercial/?utm_source=pinterest&utm_medium=social&utm_campaign=organic_pins&utm_content=pt-symbol-e-comercial,,"localized, e comercial (&): significado, história e como digitar, fancy text generator, copy paste fonts, unicode fonts, copy and paste, ultratextgen"
"Estrela de Davi (✡): História, Significado e Como Digitar — Copy and Paste Fonts",https://ultratextgen.com/assets/pinterest/pt-symbol-estrela-de-davi.png,International Fancy Font Generators,,"Estrela de Davi (✡): História, Significado e Como Digitar. A estrela de Davi ✡ (U+2721) para copiar e colar — sua história em camadas, de um antigo motivo geométrico compartilhado entre culturas…. Copy and paste stylish Unicode fonts and symbols for bios, captions, usernames and posts — free,…",https://ultratextgen.com/pt/symbol/estrela-de-davi/?utm_source=pinterest&utm_medium=social&utm_campaign=organic_pins&utm_content=pt-symbol-estrela-de-davi,,"localized, estrela de davi (✡): história, significado e como digitar, fancy text generator, copy paste fonts, unicode fonts, copy and paste, ultratextgen"
Símbolos — Cada Símbolo Unicode Explicado — Copy and Paste Fonts,https://ultratextgen.com/assets/pinterest/pt-symbol.png,International Fancy Font Generators,,"Símbolos — Cada Símbolo Unicode Explicado. Procurando um símbolo específico? Cada página aqui explica um único símbolo Unicode: o que significa, sua história, como digitá-lo e…. Copy and paste stylish Unicode fonts and symbols for bios, captions, usernames and posts — free, fast and right in…",https://ultratextgen.com/pt/symbol/?utm_source=pinterest&utm_medium=social&utm_campaign=organic_pins&utm_content=pt-symbol,,"localized, símbolos — cada símbolo unicode explicado, fancy text generator, copy paste fonts, unicode fonts, copy and paste, ultratextgen"
"Ponto de Interrogação Invertido (⸮): o ponto espelhado, não confunda com ¿ — Copy and",https://ultratextgen.com/assets/pinterest/pt-symbol-interrogacao-invertida.png,International Fancy Font Generators,,"Ponto de Interrogação Invertido (⸮): o ponto espelhado, não confunda com ¿. Copie e cole o ponto de interrogação espelhado (⸮ U+2E2E), uma marca do século XVI para perguntas retóricas — e veja como ele difere do…. Copy and paste stylish Unicode fonts and symbols for bios, captions, usernames and…",https://ultratextgen.com/pt/symbol/interrogacao-invertida/?utm_source=pinterest&utm_medium=social&utm_campaign=organic_pins&utm_content=pt-symbol-interrogacao-invertida,,"localized, ponto de interrogação invertido (⸮): o ponto espelhado, não confunda com ¿, fancy text generator, copy paste fonts, unicode fonts, copy and paste, ultratextgen"
"Símbolo de Linha Vertical (|): Significado, História e Como Digitar — Copy and Paste Fonts",https://ultratextgen.com/assets/pinterest/pt-symbol-linha-vertical.png,International Fancy Font Generators,,"Símbolo de Linha Vertical (|): Significado, História e Como Digitar. O símbolo de linha vertical | (U+007C) explicado — sua história como pipe do Unix, os usos em notação matemática e como digitar no…. Copy and paste stylish Unicode fonts and symbols for bios, captions, usernames and posts —…",https://ultratextgen.com/pt/symbol/linha-vertical/?utm_source=pinterest&utm_medium=social&utm_campaign=organic_pins&utm_content=pt-symbol-linha-vertical,,"localized, símbolo de linha vertical (|): significado, história e como digitar, fancy text generator, copy paste fonts, unicode fonts, copy and paste, ultratextgen"
Símbolo da Lua Negra de Lilith (⚸): Significado na Astrologia — Copy and Paste Fonts,https://ultratextgen.com/assets/pinterest/pt-symbol-lua-negra-lilith.png,International Fancy Font Generators,,"Símbolo da Lua Negra de Lilith (⚸): Significado na Astrologia. Copie e cole o símbolo da Lua Negra de Lilith (⚸), um ponto na órbita da Lua e não um objeto — além dos outros glifos lunares e de nodos…. Copy and paste stylish Unicode fonts and symbols for bios, captions, usernames and posts —…",https://ultratextgen.com/pt/symbol/lua-negra-lilith/?utm_source=pinterest&utm_medium=social&utm_campaign=organic_pins&utm_content=pt-symbol-lua-negra-lilith,,"localized, símbolo da lua negra de lilith (⚸): significado na astrologia, fancy text generator, copy paste fonts, unicode fonts, copy and paste, ultratextgen"
Ao Quadrado (²) e ao Cubo (³): Copiar e Colar os Símbolos de Expoente — Copy and Paste,https://ultratextgen.com/assets/pinterest/pt-symbol-quadrado-e-cubo.png,International Fancy Font Generators,,"Ao Quadrado (²) e ao Cubo (³): Copiar e Colar os Símbolos de Expoente. Copie e cole os símbolos de ao quadrado (²) e ao cubo (³), usados em expoentes e abreviações de unidade como m² e cm³, e por que…. Copy and paste stylish Unicode fonts and symbols for bios, captions, usernames and posts —…",https://ultratextgen.com/pt/symbol/quadrado-e-cubo/?utm_source=pinterest&utm_medium=social&utm_campaign=organic_pins&utm_content=pt-symbol-quadrado-e-cubo,,"localized, ao quadrado (²) e ao cubo (³): copiar e colar os símbolos de expoente, fancy text generator, copy paste fonts, unicode fonts, copy and paste, ultratextgen"
"Símbolo de Raiz Quadrada (√): Significado, História e Como Digitar — Copy and Paste Fonts",https://ultratextgen.com/assets/pinterest/pt-symbol-raiz-quadrada.png,International Fancy Font Generators,,"Símbolo de Raiz Quadrada (√): Significado, História e Como Digitar. O símbolo de raiz quadrada √ (U+221A) explicado — origem em 1525, o que significa, como digitar no Windows e no Mac, e onde dá para usar…. Copy and paste stylish Unicode fonts and symbols for bios, captions, usernames and posts…",https://ultratextgen.com/pt/symbol/raiz-quadrada/?utm_source=pinterest&utm_medium=social&utm_campaign=organic_pins&utm_content=pt-symbol-raiz-quadrada,,"localized, símbolo de raiz quadrada (√): significado, história e como digitar, fancy text generator, copy paste fonts, unicode fonts, copy and paste, ultratextgen"
Seta para Baixo (↓): Significado e Como Digitar — Copy and Paste Fonts,https://ultratextgen.com/assets/pinterest/pt-symbol-seta-para-baixo.png,International Fancy Font Generators,,"Seta para Baixo (↓): Significado e Como Digitar. A seta para baixo ↓ (U+2193) explicada — seus usos em matemática, direção e notação, o gesto de «baixar», e como digitar no Windows e no…. Copy and paste stylish Unicode fonts and symbols for bios, captions, usernames and posts — free, fast and…",https://ultratextgen.com/pt/symbol/seta-para-baixo/?utm_source=pinterest&utm_medium=social&utm_campaign=organic_pins&utm_content=pt-symbol-seta-para-baixo,,"localized, seta para baixo (↓): significado e como digitar, fancy text generator, copy paste fonts, unicode fonts, copy and paste, ultratextgen"
Seta para Cima (↑): Significado e Como Digitar — Copy and Paste Fonts,https://ultratextgen.com/assets/pinterest/pt-symbol-seta-para-cima.png,International Fancy Font Generators,,"Seta para Cima (↑): Significado e Como Digitar. A seta para cima ↑ (U+2191) explicada — seus usos em matemática, direção e notação, e como digitar no Windows e no Mac. Clique para copiar. Copy and paste stylish Unicode fonts and symbols for bios, captions, usernames and posts — free, fast and…",https://ultratextgen.com/pt/symbol/seta-para-cima/?utm_source=pinterest&utm_medium=social&utm_campaign=organic_pins&utm_content=pt-symbol-seta-para-cima,,"localized, seta para cima (↑): significado e como digitar, fancy text generator, copy paste fonts, unicode fonts, copy and paste, ultratextgen"
Seta para a Direita (→): Significado e Como Digitar — Copy and Paste Fonts,https://ultratextgen.com/assets/pinterest/pt-symbol-seta-para-direita.png,International Fancy Font Generators,,"Seta para a Direita (→): Significado e Como Digitar. A seta para a direita → (U+2192) explicada — seus usos em matemática e notação, o «próximo» das legendas e como digitar no Windows e no…. Copy and paste stylish Unicode fonts and symbols for bios, captions, usernames and posts — free, fast and…",https://ultratextgen.com/pt/symbol/seta-para-direita/?utm_source=pinterest&utm_medium=social&utm_campaign=organic_pins&utm_content=pt-symbol-seta-para-direita,,"localized, seta para a direita (→): significado e como digitar, fancy text generator, copy paste fonts, unicode fonts, copy and paste, ultratextgen"
Seta para a Esquerda (←): Significado e Como Digitar — Copy and Paste Fonts,https://ultratextgen.com/assets/pinterest/pt-symbol-seta-para-esquerda.png,International Fancy Font Generators,,"Seta para a Esquerda (←): Significado e Como Digitar. A seta para a esquerda ← (U+2190) explicada — seus usos em matemática e notação, e como digitar no Windows e no Mac. Clique para copiar. Copy and paste stylish Unicode fonts and symbols for bios, captions, usernames and posts — free, fast and…",https://ultratextgen.com/pt/symbol/seta-para-esquerda/?utm_source=pinterest&utm_medium=social&utm_campaign=organic_pins&utm_content=pt-symbol-seta-para-esquerda,,"localized, seta para a esquerda (←): significado e como digitar, fancy text generator, copy paste fonts, unicode fonts, copy and paste, ultratextgen"
"Símbolo Alfa (Α α): Significado, História e Como Digitar — Copy and Paste Fonts",https://ultratextgen.com/assets/pinterest/pt-symbol-simbolo-alfa.png,International Fancy Font Generators,,"Símbolo Alfa (Α α): Significado, História e Como Digitar. O símbolo alfa para copiar — a letra grega Α α que abre o alfabeto, o «Alfa» do «Alfa e Ômega», e o sinal das partículas alfa e do alfa…. Copy and paste stylish Unicode fonts and symbols for bios, captions, usernames and posts — free,…",https://ultratextgen.com/pt/symbol/simbolo-alfa/?utm_source=pinterest&utm_medium=social&utm_campaign=organic_pins&utm_content=pt-symbol-simbolo-alfa,,"localized, símbolo alfa (α α): significado, história e como digitar, fancy text generator, copy paste fonts, unicode fonts, copy and paste, ultratextgen"
Símbolo Ankh (☥): o Hieróglifo Egípcio da «Vida» — Copy and Paste Fonts,https://ultratextgen.com/assets/pinterest/pt-symbol-simbolo-ankh.png,International Fancy Font Generators,,"Símbolo Ankh (☥): o Hieróglifo Egípcio da «Vida». O ankh ☥ (U+2625) para copiar e colar — o hieróglifo do Egito Antigo que significa «vida», empunhado por deuses e faraós, e a cruz…. Copy and paste stylish Unicode fonts and symbols for bios, captions, usernames and posts — free, fast and right…",https://ultratextgen.com/pt/symbol/simbolo-ankh/?utm_source=pinterest&utm_medium=social&utm_campaign=organic_pins&utm_content=pt-symbol-simbolo-ankh,,"localized, símbolo ankh (☥): o hieróglifo egípcio da «vida», fancy text generator, copy paste fonts, unicode fonts, copy and paste, ultratextgen"
Símbolo da Anarquia (Ⓐ): O A no Círculo e sua Origem em 1964 — Copy and Paste Fonts,https://ultratextgen.com/assets/pinterest/pt-symbol-simbolo-da-anarquia.png,International Fancy Font Generators,,"Símbolo da Anarquia (Ⓐ): O A no Círculo e sua Origem em 1964. Copie e cole o símbolo da anarquia (Ⓐ, o A no círculo) e conheça sua origem datada de 1964, o significado disputado de «A dentro do O =…. Copy and paste stylish Unicode fonts and symbols for bios, captions, usernames and posts — free,…",https://ultratextgen.com/pt/symbol/simbolo-da-anarquia/?utm_source=pinterest&utm_medium=social&utm_campaign=organic_pins&utm_content=pt-symbol-simbolo-da-anarquia,,"localized, símbolo da anarquia (ⓐ): o a no círculo e sua origem em 1964, fancy text generator, copy paste fonts, unicode fonts, copy and paste, ultratextgen"
Símbolo da Cruz (✝): A Cruz Latina (Cruz Cristã) para Copiar — Copy and Paste Fonts,https://ultratextgen.com/assets/pinterest/pt-symbol-simbolo-da-cruz.png,International Fancy Font Generators,,"Símbolo da Cruz (✝): A Cruz Latina (Cruz Cristã) para Copiar. Copie e cole a cruz latina (✝, U+271D), o principal símbolo do cristianismo — além das cruzes ortodoxa, de Malta e outras, e como ela se…. Copy and paste stylish Unicode fonts and symbols for bios, captions, usernames and posts —…",https://ultratextgen.com/pt/symbol/simbolo-da-cruz/?utm_source=pinterest&utm_medium=social&utm_campaign=organic_pins&utm_content=pt-symbol-simbolo-da-cruz,,"localized, símbolo da cruz (✝): a cruz latina (cruz cristã) para copiar, fancy text generator, copy paste fonts, unicode fonts, copy and paste, ultratextgen"
"Símbolo da Paz (☮): Significado, História e Como Digitar — Copy and Paste Fonts",https://ultratextgen.com/assets/pinterest/pt-symbol-simbolo-da-paz.png,International Fancy Font Generators,,"Símbolo da Paz (☮): Significado, História e Como Digitar. O símbolo da paz ☮ (U+262E) explicado — o desenho de 1958 de Gerald Holtom a partir das letras do semáforo, e como digitar no Windows e…. Copy and paste stylish Unicode fonts and symbols for bios, captions, usernames and posts — free,…",https://ultratextgen.com/pt/symbol/simbolo-da-paz/?utm_source=pinterest&utm_medium=social&utm_campaign=organic_pins&utm_content=pt-symbol-simbolo-da-paz,,"localized, símbolo da paz (☮): significado, história e como digitar, fancy text generator, copy paste fonts, unicode fonts, copy and paste, ultratextgen"
"Símbolo de Aquário (♒): Significado, Mitologia e Como Digitar — Copy and Paste Fonts",https://ultratextgen.com/assets/pinterest/pt-symbol-simbolo-de-aquario.png,International Fancy Font Generators,,"Símbolo de Aquário (♒): Significado, Mitologia e Como Digitar. O símbolo de Aquário ♒ (U+2652) explicado — o aguadeiro que, apesar do nome e do glifo de água, é um signo de Ar, o mito de Ganimedes…. Copy and paste stylish Unicode fonts and symbols for bios, captions, usernames and posts — free,…",https://ultratextgen.com/pt/symbol/simbolo-de-aquario/?utm_source=pinterest&utm_medium=social&utm_campaign=organic_pins&utm_content=pt-symbol-simbolo-de-aquario,,"localized, símbolo de aquário (♒): significado, mitologia e como digitar, fancy text generator, copy paste fonts, unicode fonts, copy and paste, ultratextgen"
"Símbolo de Áries (♈): Significado, Mitologia e Como Digitar — Copy and Paste Fonts",https://ultratextgen.com/assets/pinterest/pt-symbol-simbolo-de-aries.png,International Fancy Font Generators,,"Símbolo de Áries (♈): Significado, Mitologia e Como Digitar. O símbolo de Áries ♈ (U+2648) explicado — o primeiro signo do zodíaco, o mito do Velo de Ouro que o acompanha, seu planeta Marte e seu…. Copy and paste stylish Unicode fonts and symbols for bios, captions, usernames and posts — free,…",https://ultratextgen.com/pt/symbol/simbolo-de-aries/?utm_source=pinterest&utm_medium=social&utm_campaign=organic_pins&utm_content=pt-symbol-simbolo-de-aries,,"localized, símbolo de áries (♈): significado, mitologia e como digitar, fancy text generator, copy paste fonts, unicode fonts, copy and paste, ultratextgen"
"Símbolo de Aspas ("" “ « »): Copiar, Colar e Como Digitar — Copy and Paste Fonts",https://ultratextgen.com/assets/pinterest/pt-symbol-simbolo-de-aspas.png,International Fancy Font Generators,,"Símbolo de Aspas ("" “ « »): Copiar, Colar e Como Digitar. Copie e cole as aspas retas ("") e o apóstrofo ('), além das aspas curvas “ ” e das angulares « » com que costumam ser confundidas…. Copy and paste stylish Unicode fonts and symbols for bios, captions, usernames and posts — free, fast and…",https://ultratextgen.com/pt/symbol/simbolo-de-aspas/?utm_source=pinterest&utm_medium=social&utm_campaign=organic_pins&utm_content=pt-symbol-simbolo-de-aspas,,"localized, símbolo de aspas ("" “ « »): copiar, colar e como digitar, fancy text generator, copy paste fonts, unicode fonts, copy and paste, ultratextgen"
"Símbolo de Bitcoin (₿): Significado, História e Como Digitar — Copy and Paste Fonts",https://ultratextgen.com/assets/pinterest/pt-symbol-simbolo-de-bitcoin.png,International Fancy Font Generators,,"Símbolo de Bitcoin (₿): Significado, História e Como Digitar. O símbolo de bitcoin ₿ (U+20BF) explicado — o sinal monetário que o Unicode adicionou em 2017, como se diferencia do baht tailandês ฿ e…. Copy and paste stylish Unicode fonts and symbols for bios, captions, usernames and posts — free,…",https://ultratextgen.com/pt/symbol/simbolo-de-bitcoin/?utm_source=pinterest&utm_medium=social&utm_campaign=organic_pins&utm_content=pt-symbol-simbolo-de-bitcoin,,"localized, símbolo de bitcoin (₿): significado, história e como digitar, fancy text generator, copy paste fonts, unicode fonts, copy and paste, ultratextgen"
Símbolo de Cadeira de Rodas (♿): o Símbolo Internacional de Acesso — Copy and Paste Fonts,https://ultratextgen.com/assets/pinterest/pt-symbol-simbolo-de-cadeira-de-rodas.png,International Fancy Font Generators,,"Símbolo de Cadeira de Rodas (♿): o Símbolo Internacional de Acesso. Copiar e colar o símbolo de cadeira de rodas (♿ U+267F), o Símbolo Internacional de Acesso desenhado em 1968 — e o debate documentado…. Copy and paste stylish Unicode fonts and symbols for bios, captions, usernames and posts —…",https://ultratextgen.com/pt/symbol/simbolo-de-cadeira-de-rodas/?utm_source=pinterest&utm_medium=social&utm_campaign=organic_pins&utm_content=pt-symbol-simbolo-de-cadeira-de-rodas,,"localized, símbolo de cadeira de rodas (♿): o símbolo internacional de acesso, fancy text generator, copy paste fonts, unicode fonts, copy and paste, ultratextgen"
"Símbolo de Câncer (♋): Significado, Mitologia e Como Digitar — Copy and Paste Fonts",https://ultratextgen.com/assets/pinterest/pt-symbol-simbolo-de-cancer.png,International Fancy Font Generators,,"Símbolo de Câncer (♋): Significado, Mitologia e Como Digitar. O símbolo de Câncer ♋ (U+264B) explicado — o único signo regido pela Lua, o mito do caranguejo enviado por Hera contra Héracles, seu…. Copy and paste stylish Unicode fonts and symbols for bios, captions, usernames and posts — free,…",https://ultratextgen.com/pt/symbol/simbolo-de-cancer/?utm_source=pinterest&utm_medium=social&utm_campaign=organic_pins&utm_content=pt-symbol-simbolo-de-cancer,,"localized, símbolo de câncer (♋): significado, mitologia e como digitar, fancy text generator, copy paste fonts, unicode fonts, copy and paste, ultratextgen"
"Símbolo de Capricórnio (♑): Significado, Mitologia e Como Digitar — Copy and Paste Fonts",https://ultratextgen.com/assets/pinterest/pt-symbol-simbolo-de-capricornio.png,International Fancy Font Generators,,"Símbolo de Capricórnio (♑): Significado, Mitologia e Como Digitar. O símbolo de Capricórnio ♑ (U+2651) explicado — o mito da cabra-marinha, a fuga inacabada de Pã do monstro Tifão, seu planeta Saturno e…. Copy and paste stylish Unicode fonts and symbols for bios, captions, usernames and posts —…",https://ultratextgen.com/pt/symbol/simbolo-de-capricornio/?utm_source=pinterest&utm_medium=social&utm_campaign=organic_pins&utm_content=pt-symbol-simbolo-de-capricornio,,"localized, símbolo de capricórnio (♑): significado, mitologia e como digitar, fancy text generator, copy paste fonts, unicode fonts, copy and paste, ultratextgen"
"Caractere Invisível (⠀): Nomes em Branco, Significado e Como Usar — Copy and Paste Fonts",https://ultratextgen.com/assets/pinterest/pt-symbol-simbolo-de-caractere-invisivel.png,International Fancy Font Generators,,"Caractere Invisível (⠀): Nomes em Branco, Significado e Como Usar. O caractere invisível ⠀ (U+2800) explicado — por que ele passa na validação de nomes vazios onde outros símbolos invisíveis são…. Copy and paste stylish Unicode fonts and symbols for bios, captions, usernames and posts — free,…",https://ultratextgen.com/pt/symbol/simbolo-de-caractere-invisivel/?utm_source=pinterest&utm_medium=social&utm_campaign=organic_pins&utm_content=pt-symbol-simbolo-de-caractere-invisivel,,"localized, caractere invisível (⠀): nomes em branco, significado e como usar, fancy text generator, copy paste fonts, unicode fonts, copy and paste, ultratextgen"
"Símbolo de Celsius (℃): Significado, História e Como Digitar — Copy and Paste Fonts",https://ultratextgen.com/assets/pinterest/pt-symbol-simbolo-de-celsius.png,International Fancy Font Generators,,"Símbolo de Celsius (℃): Significado, História e Como Digitar. O símbolo de grau Celsius ℃ (U+2103) explicado — a ligadura de um caractere só, por que o Unicode recomenda o °C simples, e como digitar…. Copy and paste stylish Unicode fonts and symbols for bios, captions, usernames and posts —…",https://ultratextgen.com/pt/symbol/simbolo-de-celsius/?utm_source=pinterest&utm_medium=social&utm_campaign=organic_pins&utm_content=pt-symbol-simbolo-de-celsius,,"localized, símbolo de celsius (℃): significado, história e como digitar, fancy text generator, copy paste fonts, unicode fonts, copy and paste, ultratextgen"
"Símbolo de Centavo (¢): Significado, História e Como Digitar — Copy and Paste Fonts",https://ultratextgen.com/assets/pinterest/pt-symbol-simbolo-de-centavo.png,International Fancy Font Generators,,"Símbolo de Centavo (¢): Significado, História e Como Digitar. O símbolo de centavo ¢ (U+00A2) explicado — por que ele não tem tecla no teclado, seus vizinhos confundíveis e como digitar no Windows e…. Copy and paste stylish Unicode fonts and symbols for bios, captions, usernames and posts —…",https://ultratextgen.com/pt/symbol/simbolo-de-centavo/?utm_source=pinterest&utm_medium=social&utm_campaign=organic_pins&utm_content=pt-symbol-simbolo-de-centavo,,"localized, símbolo de centavo (¢): significado, história e como digitar, fancy text generator, copy paste fonts, unicode fonts, copy and paste, ultratextgen"
Símbolo de Congruência (≅): Significado e Como Digitar — Copy and Paste Fonts,https://ultratextgen.com/assets/pinterest/pt-symbol-simbolo-de-congruencia.png,International Fancy Font Generators,,"Símbolo de Congruência (≅): Significado e Como Digitar. O símbolo de congruência ≅ explicado — o sinal da geometria para «mesma forma e mesmo tamanho» que o Unicode chama oficialmente de…. Copy and paste stylish Unicode fonts and symbols for bios, captions, usernames and posts — free, fast and…",https://ultratextgen.com/pt/symbol/simbolo-de-congruencia/?utm_source=pinterest&utm_medium=social&utm_campaign=organic_pins&utm_content=pt-symbol-simbolo-de-congruencia,,"localized, símbolo de congruência (≅): significado e como digitar, fancy text generator, copy paste fonts, unicode fonts, copy and paste, ultratextgen"
"Símbolo de Copyright (©): Significado, História e Como Digitar — Copy and Paste Fonts",https://ultratextgen.com/assets/pinterest/pt-symbol-simbolo-de-copyright.png,International Fancy Font Generators,,"Símbolo de Copyright (©): Significado, História e Como Digitar. O símbolo de copyright © (U+00A9) explicado — sua origem legal de 1909, se você ainda precisa dele diante da proteção automática, e como…. Copy and paste stylish Unicode fonts and symbols for bios, captions, usernames and posts —…",https://ultratextgen.com/pt/symbol/simbolo-de-copyright/?utm_source=pinterest&utm_medium=social&utm_campaign=organic_pins&utm_content=pt-symbol-simbolo-de-copyright,,"localized, símbolo de copyright (©): significado, história e como digitar, fancy text generator, copy paste fonts, unicode fonts, copy and paste, ultratextgen"
Símbolo de Coração (♥ ❤): Copiar e Colar Corações e Texto — Copy and Paste Fonts,https://ultratextgen.com/assets/pinterest/pt-symbol-simbolo-de-coracao.png,International Fancy Font Generators,,"Símbolo de Coração (♥ ❤): Copiar e Colar Corações e Texto. Copie e cole o símbolo de coração (♥, U+2665) — o coração dos naipes, o ❤ mais pesado, os corações coloridos em emoji e o coração em…. Copy and paste stylish Unicode fonts and symbols for bios, captions, usernames and posts — free, fast…",https://ultratextgen.com/pt/symbol/simbolo-de-coracao/?utm_source=pinterest&utm_medium=social&utm_campaign=organic_pins&utm_content=pt-symbol-simbolo-de-coracao,,"localized, símbolo de coração (♥ ❤): copiar e colar corações e texto, fancy text generator, copy paste fonts, unicode fonts, copy and paste, ultratextgen"
Símbolo de Diâmetro: Copiar e Colar ⌀ Sinal de Diâmetro — Copy and Paste Fonts,https://ultratextgen.com/assets/pinterest/pt-symbol-simbolo-de-diametro.png,International Fancy Font Generators,,"Símbolo de Diâmetro: Copiar e Colar ⌀ Sinal de Diâmetro. Copie e cole o símbolo de diâmetro (⌀) usado em desenhos de engenharia e especificações de usinagem, além dos vizinhos confundíveis Ø e…. Copy and paste stylish Unicode fonts and symbols for bios, captions, usernames and posts — free, fast…",https://ultratextgen.com/pt/symbol/simbolo-de-diametro/?utm_source=pinterest&utm_medium=social&utm_campaign=organic_pins&utm_content=pt-symbol-simbolo-de-diametro,,"localized, símbolo de diâmetro: copiar e colar ⌀ sinal de diâmetro, fancy text generator, copy paste fonts, unicode fonts, copy and paste, ultratextgen"
"Símbolo de Dólar ($): Origem, História e Como Digitar — Copy and Paste Fonts",https://ultratextgen.com/assets/pinterest/pt-symbol-simbolo-de-dolar.png,International Fancy Font Generators,,"Símbolo de Dólar ($): Origem, História e Como Digitar. O símbolo de dólar $ (U+0024) explicado — sua origem disputada na abreviação do peso espanhol, o cifrão de duas barras usado no Brasil…. Copy and paste stylish Unicode fonts and symbols for bios, captions, usernames and posts — free, fast…",https://ultratextgen.com/pt/symbol/simbolo-de-dolar/?utm_source=pinterest&utm_medium=social&utm_campaign=organic_pins&utm_content=pt-symbol-simbolo-de-dolar,,"localized, símbolo de dólar ($): origem, história e como digitar, fancy text generator, copy paste fonts, unicode fonts, copy and paste, ultratextgen"
"Símbolo de Escorpião (♏): Significado, Mitologia e Como Digitar — Copy and Paste Fonts",https://ultratextgen.com/assets/pinterest/pt-symbol-simbolo-de-escorpiao.png,International Fancy Font Generators,,"Símbolo de Escorpião (♏): Significado, Mitologia e Como Digitar. O símbolo de Escorpião ♏ (U+264F) explicado — o mito do escorpião enviado contra Órion, por que as duas constelações nunca aparecem…. Copy and paste stylish Unicode fonts and symbols for bios, captions, usernames and posts — free,…",https://ultratextgen.com/pt/symbol/simbolo-de-escorpiao/?utm_source=pinterest&utm_medium=social&utm_campaign=organic_pins&utm_content=pt-symbol-simbolo-de-escorpiao,,"localized, símbolo de escorpião (♏): significado, mitologia e como digitar, fancy text generator, copy paste fonts, unicode fonts, copy and paste, ultratextgen"
Símbolo de Estrela (★ ☆): Copiar e Colar Estrelas e Emoji — Copy and Paste Fonts,https://ultratextgen.com/assets/pinterest/pt-symbol-simbolo-de-estrela.png,International Fancy Font Generators,,"Símbolo de Estrela (★ ☆): Copiar e Colar Estrelas e Emoji. Copie e cole o símbolo de estrela (★, U+2605) — a estrela preenchida e a de contorno usadas em avaliações e favoritos, as estrelas…. Copy and paste stylish Unicode fonts and symbols for bios, captions, usernames and posts — free, fast…",https://ultratextgen.com/pt/symbol/simbolo-de-estrela/?utm_source=pinterest&utm_medium=social&utm_campaign=organic_pins&utm_content=pt-symbol-simbolo-de-estrela,,"localized, símbolo de estrela (★ ☆): copiar e colar estrelas e emoji, fancy text generator, copy paste fonts, unicode fonts, copy and paste, ultratextgen"
"Símbolo de Euro (€): Significado, História e Como Digitar — Copy and Paste Fonts",https://ultratextgen.com/assets/pinterest/pt-symbol-simbolo-de-euro.png,International Fancy Font Generators,,"Símbolo de Euro (€): Significado, História e Como Digitar. O símbolo de euro € (U+20AC) explicado — sua história de design de 1996, o que as duas linhas cruzadas significam, e como digitar no…. Copy and paste stylish Unicode fonts and symbols for bios, captions, usernames and posts — free, fast…",https://ultratextgen.com/pt/symbol/simbolo-de-euro/?utm_source=pinterest&utm_medium=social&utm_campaign=organic_pins&utm_content=pt-symbol-simbolo-de-euro,,"localized, símbolo de euro (€): significado, história e como digitar, fancy text generator, copy paste fonts, unicode fonts, copy and paste, ultratextgen"
"Símbolo de Fahrenheit (℉): Significado, História e Como Digitar — Copy and Paste Fonts",https://ultratextgen.com/assets/pinterest/pt-symbol-simbolo-de-fahrenheit.png,International Fancy Font Generators,,"Símbolo de Fahrenheit (℉): Significado, História e Como Digitar. O símbolo de grau Fahrenheit ℉ (U+2109) explicado — a ligadura de um caractere só, por que o Unicode recomenda o °F simples, e como…. Copy and paste stylish Unicode fonts and symbols for bios, captions, usernames and posts — free,…",https://ultratextgen.com/pt/symbol/simbolo-de-fahrenheit/?utm_source=pinterest&utm_medium=social&utm_campaign=organic_pins&utm_content=pt-symbol-simbolo-de-fahrenheit,,"localized, símbolo de fahrenheit (℉): significado, história e como digitar, fancy text generator, copy paste fonts, unicode fonts, copy and paste, ultratextgen"
"Símbolo de Gêmeos (♊): Significado, Mitologia e Como Digitar — Copy and Paste Fonts",https://ultratextgen.com/assets/pinterest/pt-symbol-simbolo-de-gemeos.png,International Fancy Font Generators,,"Símbolo de Gêmeos (♊): Significado, Mitologia e Como Digitar. O símbolo de Gêmeos ♊ (U+264A) explicado — o terceiro signo do zodíaco, o mito de Castor e Pólux, seu planeta Mercúrio e seu elemento…. Copy and paste stylish Unicode fonts and symbols for bios, captions, usernames and posts — free,…",https://ultratextgen.com/pt/symbol/simbolo-de-gemeos/?utm_source=pinterest&utm_medium=social&utm_campaign=organic_pins&utm_content=pt-symbol-simbolo-de-gemeos,,"localized, símbolo de gêmeos (♊): significado, mitologia e como digitar, fancy text generator, copy paste fonts, unicode fonts, copy and paste, ultratextgen"
"Símbolo de Grau (°): Significado, História e Como Digitar — Copy and Paste Fonts",https://ultratextgen.com/assets/pinterest/pt-symbol-simbolo-de-grau.png,International Fancy Font Generators,,"Símbolo de Grau (°): Significado, História e Como Digitar. O símbolo de grau ° (U+00B0) explicado — uso em temperatura e ângulos, como se diferencia do º ordinal (1º, 2º), e como digitar no…. Copy and paste stylish Unicode fonts and symbols for bios, captions, usernames and posts — free, fast…",https://ultratextgen.com/pt/symbol/simbolo-de-grau/?utm_source=pinterest&utm_medium=social&utm_campaign=organic_pins&utm_content=pt-symbol-simbolo-de-grau,,"localized, símbolo de grau (°): significado, história e como digitar, fancy text generator, copy paste fonts, unicode fonts, copy and paste, ultratextgen"
"Símbolo de Iene (¥): Significado, História e Como Digitar — Copy and Paste Fonts",https://ultratextgen.com/assets/pinterest/pt-symbol-simbolo-de-iene.png,International Fancy Font Generators,,"Símbolo de Iene (¥): Significado, História e Como Digitar. O símbolo de iene ¥ (U+00A5) explicado — sua origem em 1871, por que é compartilhado com o yuan chinês, e como digitar no Windows e no…. Copy and paste stylish Unicode fonts and symbols for bios, captions, usernames and posts — free,…",https://ultratextgen.com/pt/symbol/simbolo-de-iene/?utm_source=pinterest&utm_medium=social&utm_campaign=organic_pins&utm_content=pt-symbol-simbolo-de-iene,,"localized, símbolo de iene (¥): significado, história e como digitar, fancy text generator, copy paste fonts, unicode fonts, copy and paste, ultratextgen"
"Símbolo de Infinito (∞): Significado, História e Como Digitar — Copy and Paste Fonts",https://ultratextgen.com/assets/pinterest/pt-symbol-simbolo-de-infinito.png,International Fancy Font Generators,,"Símbolo de Infinito (∞): Significado, História e Como Digitar. O símbolo de infinito ∞ (U+221E) explicado — origem em John Wallis, 1655, o que significa, como digitar no Windows e no Mac, e onde…. Copy and paste stylish Unicode fonts and symbols for bios, captions, usernames and posts — free,…",https://ultratextgen.com/pt/symbol/simbolo-de-infinito/?utm_source=pinterest&utm_medium=social&utm_campaign=organic_pins&utm_content=pt-symbol-simbolo-de-infinito,,"localized, símbolo de infinito (∞): significado, história e como digitar, fancy text generator, copy paste fonts, unicode fonts, copy and paste, ultratextgen"
"Símbolo de Leão (♌): Significado, Mitologia e Como Digitar — Copy and Paste Fonts",https://ultratextgen.com/assets/pinterest/pt-symbol-simbolo-de-leao.png,International Fancy Font Generators,,"Símbolo de Leão (♌): Significado, Mitologia e Como Digitar. O símbolo de Leão ♌ (U+264C) explicado — o mito do Leão de Nemeia, por que Leão é regido pelo próprio Sol, seu elemento Fogo e como…. Copy and paste stylish Unicode fonts and symbols for bios, captions, usernames and posts — free, fast…",https://ultratextgen.com/pt/symbol/simbolo-de-leao/?utm_source=pinterest&utm_medium=social&utm_campaign=organic_pins&utm_content=pt-symbol-simbolo-de-leao,,"localized, símbolo de leão (♌): significado, mitologia e como digitar, fancy text generator, copy paste fonts, unicode fonts, copy and paste, ultratextgen"
"Símbolo de Libra Esterlina (£): Significado, História e Como Digitar — Copy and Paste",https://ultratextgen.com/assets/pinterest/pt-symbol-simbolo-de-libra-esterlina.png,International Fancy Font Generators,,"Símbolo de Libra Esterlina (£): Significado, História e Como Digitar. O símbolo de libra esterlina £ (U+00A3) explicado — sua origem no latim libra, como se diferencia do # (o 'pound sign' americano), e…. Copy and paste stylish Unicode fonts and symbols for bios, captions, usernames and posts —…",https://ultratextgen.com/pt/symbol/simbolo-de-libra-esterlina/?utm_source=pinterest&utm_medium=social&utm_campaign=organic_pins&utm_content=pt-symbol-simbolo-de-libra-esterlina,,"localized, símbolo de libra esterlina (£): significado, história e como digitar, fancy text generator, copy paste fonts, unicode fonts, copy and paste, ultratextgen"
"Símbolo de Libra (♎): Significado, Mitologia e Como Digitar — Copy and Paste Fonts",https://ultratextgen.com/assets/pinterest/pt-symbol-simbolo-de-libra.png,International Fancy Font Generators,,"Símbolo de Libra (♎): Significado, Mitologia e Como Digitar. O símbolo de Libra ♎ (U+264E) explicado — a balança, o único signo do zodíaco que representa um objeto, seu planeta Vênus e seu elemento…. Copy and paste stylish Unicode fonts and symbols for bios, captions, usernames and posts — free,…",https://ultratextgen.com/pt/symbol/simbolo-de-libra/?utm_source=pinterest&utm_medium=social&utm_campaign=organic_pins&utm_content=pt-symbol-simbolo-de-libra,,"localized, símbolo de libra (♎): significado, mitologia e como digitar, fancy text generator, copy paste fonts, unicode fonts, copy and paste, ultratextgen"
"Símbolo de Marca Registrada (™): Significado, História e Como Digitar — Copy and Paste",https://ultratextgen.com/assets/pinterest/pt-symbol-simbolo-de-marca-registrada.png,International Fancy Font Generators,,"Símbolo de Marca Registrada (™): Significado, História e Como Digitar. O símbolo de marca ™ (U+2122) explicado — o que ele significa juridicamente, como se diferencia do ®, e como digitar no Windows e no Mac. Copy and paste stylish Unicode fonts and symbols for bios, captions, usernames and…",https://ultratextgen.com/pt/symbol/simbolo-de-marca-registrada/?utm_source=pinterest&utm_medium=social&utm_campaign=organic_pins&utm_content=pt-symbol-simbolo-de-marca-registrada,,"localized, símbolo de marca registrada (™): significado, história e como digitar, fancy text generator, copy paste fonts, unicode fonts, copy and paste, ultratextgen"
"Sinal de Parágrafo (¶): Significado, História e Como Digitar — Copy and Paste Fonts",https://ultratextgen.com/assets/pinterest/pt-symbol-simbolo-de-paragrafo.png,International Fancy Font Generators,,"Sinal de Parágrafo (¶): Significado, História e Como Digitar. O pé-de-mosca ¶ (U+00B6) explicado — a marca de parágrafo medieval por trás do botão Mostrar/Ocultar do Word, e como digitar no Windows…. Copy and paste stylish Unicode fonts and symbols for bios, captions, usernames and posts — free,…",https://ultratextgen.com/pt/symbol/simbolo-de-paragrafo/?utm_source=pinterest&utm_medium=social&utm_campaign=organic_pins&utm_content=pt-symbol-simbolo-de-paragrafo,,"localized, sinal de parágrafo (¶): significado, história e como digitar, fancy text generator, copy paste fonts, unicode fonts, copy and paste, ultratextgen"
"Símbolo de Peixes (♓): Significado, Mitologia e Como Digitar — Copy and Paste Fonts",https://ultratextgen.com/assets/pinterest/pt-symbol-simbolo-de-peixes.png,International Fancy Font Generators,,"Símbolo de Peixes (♓): Significado, Mitologia e Como Digitar. O símbolo de Peixes ♓ (U+2653) explicado — dois peixes atados cauda a cauda, o único glifo do zodíaco que une duas criaturas, o mito de…. Copy and paste stylish Unicode fonts and symbols for bios, captions, usernames and posts — free,…",https://ultratextgen.com/pt/symbol/simbolo-de-peixes/?utm_source=pinterest&utm_medium=social&utm_campaign=organic_pins&utm_content=pt-symbol-simbolo-de-peixes,,"localized, símbolo de peixes (♓): significado, mitologia e como digitar, fancy text generator, copy paste fonts, unicode fonts, copy and paste, ultratextgen"
"Símbolo de Raiva (💢): A Marca de Veia do Mangá, Explicada — Copy and Paste Fonts",https://ultratextgen.com/assets/pinterest/pt-symbol-simbolo-de-raiva.png,International Fancy Font Generators,,"Símbolo de Raiva (💢): A Marca de Veia do Mangá, Explicada. Copie e cole o símbolo de raiva (💢), a marca de «veia estourando» de quatro pontas dos mangás japoneses — além dos emojis de raiva e…. Copy and paste stylish Unicode fonts and symbols for bios, captions, usernames and posts — free, fast…",https://ultratextgen.com/pt/symbol/simbolo-de-raiva/?utm_source=pinterest&utm_medium=social&utm_campaign=organic_pins&utm_content=pt-symbol-simbolo-de-raiva,,"localized, símbolo de raiva (💢): a marca de veia do mangá, explicada, fancy text generator, copy paste fonts, unicode fonts, copy and paste, ultratextgen"
"Símbolo de Reciclagem (♻): Significado, História e Como Digitar — Copy and Paste Fonts",https://ultratextgen.com/assets/pinterest/pt-symbol-simbolo-de-reciclagem.png,International Fancy Font Generators,,"Símbolo de Reciclagem (♻): Significado, História e Como Digitar. Copie e cole o símbolo de reciclagem (♻, U+267B), a alça de Möbius de três setas desenhada em 1970 pelo estudante da USC Gary Anderson…. Copy and paste stylish Unicode fonts and symbols for bios, captions, usernames and posts —…",https://ultratextgen.com/pt/symbol/simbolo-de-reciclagem/?utm_source=pinterest&utm_medium=social&utm_campaign=organic_pins&utm_content=pt-symbol-simbolo-de-reciclagem,,"localized, símbolo de reciclagem (♻): significado, história e como digitar, fancy text generator, copy paste fonts, unicode fonts, copy and paste, ultratextgen"
Símbolo de Risco Biológico (☣): O Desenho de 1966 «Memorável mas Sem Sentido» — Copy,https://ultratextgen.com/assets/pinterest/pt-symbol-simbolo-de-risco-biologico.png,International Fancy Font Generators,,"Símbolo de Risco Biológico (☣): O Desenho de 1966 «Memorável mas Sem Sentido». Copie e cole o símbolo de risco biológico (☣) e entenda por que ele foi deliberadamente desenhado em 1966 para não significar nada por…. Copy and paste stylish Unicode fonts and symbols for bios, captions, usernames…",https://ultratextgen.com/pt/symbol/simbolo-de-risco-biologico/?utm_source=pinterest&utm_medium=social&utm_campaign=organic_pins&utm_content=pt-symbol-simbolo-de-risco-biologico,,"localized, símbolo de risco biológico (☣): o desenho de 1966 «memorável mas sem sentido», fancy text generator, copy paste fonts, unicode fonts, copy and paste, ultratextgen"
"Símbolo de Rupia (₹): Significado, História e Como Digitar — Copy and Paste Fonts",https://ultratextgen.com/assets/pinterest/pt-symbol-simbolo-de-rupia.png,International Fancy Font Generators,,"Símbolo de Rupia (₹): Significado, História e Como Digitar. O símbolo da rupia indiana ₹ (U+20B9) explicado — o concurso público de design de 2010 por trás dele, e como digitar no Windows e no…. Copy and paste stylish Unicode fonts and symbols for bios, captions, usernames and posts — free, fast…",https://ultratextgen.com/pt/symbol/simbolo-de-rupia/?utm_source=pinterest&utm_medium=social&utm_campaign=organic_pins&utm_content=pt-symbol-simbolo-de-rupia,,"localized, símbolo de rupia (₹): significado, história e como digitar, fancy text generator, copy paste fonts, unicode fonts, copy and paste, ultratextgen"
"Símbolo de Sagitário (♐): Significado, Mitologia e Como Digitar — Copy and Paste Fonts",https://ultratextgen.com/assets/pinterest/pt-symbol-simbolo-de-sagitario.png,International Fancy Font Generators,,"Símbolo de Sagitário (♐): Significado, Mitologia e Como Digitar. O símbolo de Sagitário ♐ (U+2650) explicado — o mito do centauro Quíron, o padrão de estrelas «Bule» que aponta para o centro da Via…. Copy and paste stylish Unicode fonts and symbols for bios, captions, usernames and posts — free,…",https://ultratextgen.com/pt/symbol/simbolo-de-sagitario/?utm_source=pinterest&utm_medium=social&utm_campaign=organic_pins&utm_content=pt-symbol-simbolo-de-sagitario,,"localized, símbolo de sagitário (♐): significado, mitologia e como digitar, fancy text generator, copy paste fonts, unicode fonts, copy and paste, ultratextgen"
"Sinal de Seção (§): Significado, História e Como Digitar — Copy and Paste Fonts",https://ultratextgen.com/assets/pinterest/pt-symbol-simbolo-de-secao.png,International Fancy Font Generators,,"Sinal de Seção (§): Significado, História e Como Digitar. O sinal de seção § (U+00A7) explicado — sua origem jurídica medieval, o uso para citar leis (e como no Brasil ele indica o «parágrafo»…. Copy and paste stylish Unicode fonts and symbols for bios, captions, usernames and posts — free, fast…",https://ultratextgen.com/pt/symbol/simbolo-de-secao/?utm_source=pinterest&utm_medium=social&utm_campaign=organic_pins&utm_content=pt-symbol-simbolo-de-secao,,"localized, sinal de seção (§): significado, história e como digitar, fancy text generator, copy paste fonts, unicode fonts, copy and paste, ultratextgen"
"Símbolo de Touro (♉): Significado, Mitologia e Como Digitar — Copy and Paste Fonts",https://ultratextgen.com/assets/pinterest/pt-symbol-simbolo-de-touro.png,International Fancy Font Generators,,"Símbolo de Touro (♉): Significado, Mitologia e Como Digitar. O símbolo de Touro ♉ (U+2649) explicado — o segundo signo do zodíaco, os dois mitos do touro (Zeus e Europa, e o Touro Celeste da…. Copy and paste stylish Unicode fonts and symbols for bios, captions, usernames and posts — free, fast…",https://ultratextgen.com/pt/symbol/simbolo-de-touro/?utm_source=pinterest&utm_medium=social&utm_campaign=organic_pins&utm_content=pt-symbol-simbolo-de-touro,,"localized, símbolo de touro (♉): significado, mitologia e como digitar, fancy text generator, copy paste fonts, unicode fonts, copy and paste, ultratextgen"
Símbolo de Verificação (✓ ✔): Copiar e Colar Tiques — Copy and Paste Fonts,https://ultratextgen.com/assets/pinterest/pt-symbol-simbolo-de-verificacao.png,International Fancy Font Generators,,"Símbolo de Verificação (✓ ✔): Copiar e Colar Tiques. Copie e cole o símbolo de verificação (✓, U+2713) — o tique, o ✔ pesado, o emoji de tique verde ✅ e a caixa de seleção ☑, além do ✗ e do…. Copy and paste stylish Unicode fonts and symbols for bios, captions, usernames and posts — free, fast…",https://ultratextgen.com/pt/symbol/simbolo-de-verificacao/?utm_source=pinterest&utm_medium=social&utm_campaign=organic_pins&utm_content=pt-symbol-simbolo-de-verificacao,,"localized, símbolo de verificação (✓ ✔): copiar e colar tiques, fancy text generator, copy paste fonts, unicode fonts, copy and paste, ultratextgen"
"Símbolo de Virgem (♍): Significado, Mitologia e Como Digitar — Copy and Paste Fonts",https://ultratextgen.com/assets/pinterest/pt-symbol-simbolo-de-virgem.png,International Fancy Font Generators,,"Símbolo de Virgem (♍): Significado, Mitologia e Como Digitar. O símbolo de Virgem ♍ (U+264D) explicado — o único signo personificado como uma mulher, o mito de Astreia, seu planeta Mercúrio e seu…. Copy and paste stylish Unicode fonts and symbols for bios, captions, usernames and posts — free,…",https://ultratextgen.com/pt/symbol/simbolo-de-virgem/?utm_source=pinterest&utm_medium=social&utm_campaign=organic_pins&utm_content=pt-symbol-simbolo-de-virgem,,"localized, símbolo de virgem (♍): significado, mitologia e como digitar, fancy text generator, copy paste fonts, unicode fonts, copy and paste, ultratextgen"
"Símbolo de Won (₩): Significado, História e Como Digitar — Copy and Paste Fonts",https://ultratextgen.com/assets/pinterest/pt-symbol-simbolo-de-won.png,International Fancy Font Generators,,"Símbolo de Won (₩): Significado, História e Como Digitar. O símbolo de won ₩ (U+20A9) explicado — o único sinal monetário usado tanto pelo won sul-coreano quanto pelo norte-coreano, seu…. Copy and paste stylish Unicode fonts and symbols for bios, captions, usernames and posts — free, fast and…",https://ultratextgen.com/pt/symbol/simbolo-de-won/?utm_source=pinterest&utm_medium=social&utm_campaign=organic_pins&utm_content=pt-symbol-simbolo-de-won,,"localized, símbolo de won (₩): significado, história e como digitar, fancy text generator, copy paste fonts, unicode fonts, copy and paste, ultratextgen"
Símbolo Delta (Δ δ): a letra que significa «variação» em toda equação — Copy and Paste,https://ultratextgen.com/assets/pinterest/pt-symbol-simbolo-delta.png,International Fancy Font Generators,,"Símbolo Delta (Δ δ): a letra que significa «variação» em toda equação. O símbolo delta Δ (U+0394) explicado — a letra grega que significa «variação de» em matemática, física e química, o δ minúsculo dos…. Copy and paste stylish Unicode fonts and symbols for bios, captions, usernames and posts —…",https://ultratextgen.com/pt/symbol/simbolo-delta/?utm_source=pinterest&utm_medium=social&utm_campaign=organic_pins&utm_content=pt-symbol-simbolo-delta,,"localized, símbolo delta (δ δ): a letra que significa «variação» em toda equação, fancy text generator, copy paste fonts, unicode fonts, copy and paste, ultratextgen"
"Símbolo do Autismo (♾️): O Infinito da Neurodiversidade, Não a Peça de Quebra-Cabeça",https://ultratextgen.com/assets/pinterest/pt-symbol-simbolo-do-autismo.png,International Fancy Font Generators,,"Símbolo do Autismo (♾️): O Infinito da Neurodiversidade, Não a Peça de Quebra-Cabeça. Copie e cole o símbolo do infinito (∞ ♾️) que a comunidade autista usa para autismo e neurodiversidade, por que a peça de quebra-cabeça…. Copy and paste stylish Unicode fonts and symbols for bios, captions,…",https://ultratextgen.com/pt/symbol/simbolo-do-autismo/?utm_source=pinterest&utm_medium=social&utm_campaign=organic_pins&utm_content=pt-symbol-simbolo-do-autismo,,"localized, símbolo do autismo (♾️): o infinito da neurodiversidade, não a peça de quebra-cabeça, fancy text generator, copy paste fonts, unicode fonts, copy and paste, ultratextgen"
Símbolo do Pentagrama (⛤): Ponta para Cima vs. Ponta para Baixo — Copy and Paste Fonts,https://ultratextgen.com/assets/pinterest/pt-symbol-simbolo-do-pentagrama.png,International Fancy Font Generators,,"Símbolo do Pentagrama (⛤): Ponta para Cima vs. Ponta para Baixo. Copie e cole o pentagrama (⛤) e o pentagrama invertido (⛧), e entenda como a estrela de ponta para cima da Wicca e o sigilo de ponta…. Copy and paste stylish Unicode fonts and symbols for bios, captions, usernames and posts — free,…",https://ultratextgen.com/pt/symbol/simbolo-do-pentagrama/?utm_source=pinterest&utm_medium=social&utm_campaign=organic_pins&utm_content=pt-symbol-simbolo-do-pentagrama,,"localized, símbolo do pentagrama (⛤): ponta para cima vs. ponta para baixo, fancy text generator, copy paste fonts, unicode fonts, copy and paste, ultratextgen"
"Símbolo de Flor-de-Lis (⚜): Significado, História e Como Digitar — Copy and Paste Fonts",https://ultratextgen.com/assets/pinterest/pt-symbol-simbolo-fleur-de-lis.png,International Fancy Font Generators,,"Símbolo de Flor-de-Lis (⚜): Significado, História e Como Digitar. Copie e cole a flor-de-lis (⚜, U+269C), o lírio estilizado da realeza francesa — hoje o emblema mundial do escotismo, o logo do New…. Copy and paste stylish Unicode fonts and symbols for bios, captions, usernames and posts — free,…",https://ultratextgen.com/pt/symbol/simbolo-fleur-de-lis/?utm_source=pinterest&utm_medium=social&utm_campaign=organic_pins&utm_content=pt-symbol-simbolo-fleur-de-lis,,"localized, símbolo de flor-de-lis (⚜): significado, história e como digitar, fancy text generator, copy paste fonts, unicode fonts, copy and paste, ultratextgen"
Símbolo Hamsa (🪬): a Mão de Miriam e a Mão de Fátima — Copy and Paste Fonts,https://ultratextgen.com/assets/pinterest/pt-symbol-simbolo-hamsa.png,International Fancy Font Generators,,"Símbolo Hamsa (🪬): a Mão de Miriam e a Mão de Fátima. A mão de hamsa (🪬 U+1FAAC) para copiar e colar, adicionada ao Unicode em 2021 — um amuleto de proteção anterior ao judaísmo e ao islã…. Copy and paste stylish Unicode fonts and symbols for bios, captions, usernames and posts — free, fast and…",https://ultratextgen.com/pt/symbol/simbolo-hamsa/?utm_source=pinterest&utm_medium=social&utm_campaign=organic_pins&utm_content=pt-symbol-simbolo-hamsa,,"localized, símbolo hamsa (🪬): a mão de miriam e a mão de fátima, fancy text generator, copy paste fonts, unicode fonts, copy and paste, ultratextgen"
Símbolo Khanda (☬ 🪯): o Emblema Sikh e Ik Onkar — Copy and Paste Fonts,https://ultratextgen.com/assets/pinterest/pt-symbol-simbolo-khanda.png,International Fancy Font Generators,,"Símbolo Khanda (☬ 🪯): o Emblema Sikh e Ik Onkar. O khanda (☬ 🪯) para copiar e colar — o emblema sikh do sabre de dois gumes, do chakkar e dos dois kirpans — e veja como ele difere do Ik…. Copy and paste stylish Unicode fonts and symbols for bios, captions, usernames and posts — free, fast and…",https://ultratextgen.com/pt/symbol/simbolo-khanda/?utm_source=pinterest&utm_medium=social&utm_campaign=organic_pins&utm_content=pt-symbol-simbolo-khanda,,"localized, símbolo khanda (☬ 🪯): o emblema sikh e ik onkar, fancy text generator, copy paste fonts, unicode fonts, copy and paste, ultratextgen"
Símbolo Ohm (Ω ℧): a Unidade de Resistência Elétrica — Copy and Paste Fonts,https://ultratextgen.com/assets/pinterest/pt-symbol-simbolo-ohm.png,International Fancy Font Generators,,"Símbolo Ohm (Ω ℧): a Unidade de Resistência Elétrica. O símbolo ohm (Ω U+2126) para copiar e colar — a unidade de resistência elétrica, nomeada em homenagem ao físico Georg Simon Ohm e à sua…. Copy and paste stylish Unicode fonts and symbols for bios, captions, usernames and posts — free, fast…",https://ultratextgen.com/pt/symbol/simbolo-ohm/?utm_source=pinterest&utm_medium=social&utm_campaign=organic_pins&utm_content=pt-symbol-simbolo-ohm,,"localized, símbolo ohm (ω ℧): a unidade de resistência elétrica, fancy text generator, copy paste fonts, unicode fonts, copy and paste, ultratextgen"
"Símbolo de Om (ॐ 🕉️): Significado no Hinduísmo, Budismo e Jainismo — Copy and Paste Fonts",https://ultratextgen.com/assets/pinterest/pt-symbol-simbolo-om.png,International Fancy Font Generators,,"Símbolo de Om (ॐ 🕉️): Significado no Hinduísmo, Budismo e Jainismo. O símbolo de Om / Aum (ॐ U+0950, 🕉️ U+1F549) para copiar e colar — a sílaba sagrada lida como o som primordial do universo no hinduísmo…. Copy and paste stylish Unicode fonts and symbols for bios, captions, usernames and posts —…",https://ultratextgen.com/pt/symbol/simbolo-om/?utm_source=pinterest&utm_medium=social&utm_campaign=organic_pins&utm_content=pt-symbol-simbolo-om,,"localized, símbolo de om (ॐ 🕉️): significado no hinduísmo, budismo e jainismo, fancy text generator, copy paste fonts, unicode fonts, copy and paste, ultratextgen"
"Símbolo Ômega (Ω): Significado, História e Como Digitar — Copy and Paste Fonts",https://ultratextgen.com/assets/pinterest/pt-symbol-simbolo-omega.png,International Fancy Font Generators,,"Símbolo Ômega (Ω): Significado, História e Como Digitar. O símbolo ômega Ω (U+03A9) em detalhe — a última letra do alfabeto grego, por que o signo «ohm» da resistência se parece com ela mas é…. Copy and paste stylish Unicode fonts and symbols for bios, captions, usernames and posts — free, fast…",https://ultratextgen.com/pt/symbol/simbolo-omega/?utm_source=pinterest&utm_medium=social&utm_campaign=organic_pins&utm_content=pt-symbol-simbolo-omega,,"localized, símbolo ômega (ω): significado, história e como digitar, fancy text generator, copy paste fonts, unicode fonts, copy and paste, ultratextgen"
"Símbolo Pi (π): Significado, História e Como Digitar — Copy and Paste Fonts",https://ultratextgen.com/assets/pinterest/pt-symbol-simbolo-pi.png,International Fancy Font Generators,,"Símbolo Pi (π): Significado, História e Como Digitar. O símbolo pi π (U+03C0) explicado — a constante ≈ 3,14159 introduzida por William Jones em 1706 e tornada universal por Euler, o que…. Copy and paste stylish Unicode fonts and symbols for bios, captions, usernames and posts — free, fast and…",https://ultratextgen.com/pt/symbol/simbolo-pi/?utm_source=pinterest&utm_medium=social&utm_campaign=organic_pins&utm_content=pt-symbol-simbolo-pi,,"localized, símbolo pi (π): significado, história e como digitar, fancy text generator, copy paste fonts, unicode fonts, copy and paste, ultratextgen"
"Símbolo Sigma (Σ σ 🗿): a letra grega, o meme e a matemática — Copy and Paste Fonts",https://ultratextgen.com/assets/pinterest/pt-symbol-simbolo-sigma.png,International Fancy Font Generators,,"Símbolo Sigma (Σ σ 🗿): a letra grega, o meme e a matemática. Copiar e colar o símbolo sigma — a letra grega Σ σ, o emoji moai 🗿 que as pessoas realmente usam para o meme «sigma», e seus sentidos em…. Copy and paste stylish Unicode fonts and symbols for bios, captions, usernames and posts — free,…",https://ultratextgen.com/pt/symbol/simbolo-sigma/?utm_source=pinterest&utm_medium=social&utm_campaign=organic_pins&utm_content=pt-symbol-simbolo-sigma,,"localized, símbolo sigma (σ σ 🗿): a letra grega, o meme e a matemática, fancy text generator, copy paste fonts, unicode fonts, copy and paste, ultratextgen"
"Símbolo Yin Yang (☯): Significado, História e Como Digitar — Copy and Paste Fonts",https://ultratextgen.com/assets/pinterest/pt-symbol-simbolo-yin-yang.png,International Fancy Font Generators,,"Símbolo Yin Yang (☯): Significado, História e Como Digitar. O símbolo yin yang ☯ (U+262F) explicado — suas raízes na filosofia chinesa antiga e como digitar no Windows e no Mac. Clique para copiar. Copy and paste stylish Unicode fonts and symbols for bios, captions, usernames and posts — free,…",https://ultratextgen.com/pt/symbol/simbolo-yin-yang/?utm_source=pinterest&utm_medium=social&utm_campaign=organic_pins&utm_content=pt-symbol-simbolo-yin-yang,,"localized, símbolo yin yang (☯): significado, história e como digitar, fancy text generator, copy paste fonts, unicode fonts, copy and paste, ultratextgen"
Sinais de Menor e Maior (< >): Significado e Como Digitar — Copy and Paste Fonts,https://ultratextgen.com/assets/pinterest/pt-symbol-sinais-de-menor-e-maior.png,International Fancy Font Generators,,"Sinais de Menor e Maior (< >): Significado e Como Digitar. Os sinais de menor < e maior > explicados — o sentido de comparação, por que < quebra o HTML sem escape, como digitar e como se…. Copy and paste stylish Unicode fonts and symbols for bios, captions, usernames and posts — free, fast and…",https://ultratextgen.com/pt/symbol/sinais-de-menor-e-maior/?utm_source=pinterest&utm_medium=social&utm_campaign=organic_pins&utm_content=pt-symbol-sinais-de-menor-e-maior,,"localized, sinais de menor e maior (< >): significado e como digitar, fancy text generator, copy paste fonts, unicode fonts, copy and paste, ultratextgen"
"Sinal de Diferente (≠): Significado, História e Como Digitar — Copy and Paste Fonts",https://ultratextgen.com/assets/pinterest/pt-symbol-sinal-de-diferente.png,International Fancy Font Generators,,"Sinal de Diferente (≠): Significado, História e Como Digitar. O sinal de diferente ≠ (U+2260) explicado — o que significa («não é igual a»), sua história, como digitar no Windows e no Mac, e por que…. Copy and paste stylish Unicode fonts and symbols for bios, captions, usernames and posts —…",https://ultratextgen.com/pt/symbol/sinal-de-diferente/?utm_source=pinterest&utm_medium=social&utm_campaign=organic_pins&utm_content=pt-symbol-sinal-de-diferente,,"localized, sinal de diferente (≠): significado, história e como digitar, fancy text generator, copy paste fonts, unicode fonts, copy and paste, ultratextgen"
"Sinal de Divisão (÷): Significado, História e Como Digitar — Copy and Paste Fonts",https://ultratextgen.com/assets/pinterest/pt-symbol-sinal-de-divisao.png,International Fancy Font Generators,,"Sinal de Divisão (÷): Significado, História e Como Digitar. O sinal de divisão ÷ (U+00F7), o «óbelo», explicado — origem em 1659, como digitar no Windows e no Mac, e como se diferencia da barra de…. Copy and paste stylish Unicode fonts and symbols for bios, captions, usernames and posts — free,…",https://ultratextgen.com/pt/symbol/sinal-de-divisao/?utm_source=pinterest&utm_medium=social&utm_campaign=organic_pins&utm_content=pt-symbol-sinal-de-divisao,,"localized, sinal de divisão (÷): significado, história e como digitar, fancy text generator, copy paste fonts, unicode fonts, copy and paste, ultratextgen"
"Sinal de Mais ou Menos (±): Significado, História e Como Digitar — Copy and Paste Fonts",https://ultratextgen.com/assets/pinterest/pt-symbol-sinal-de-mais-menos.png,International Fancy Font Generators,,"Sinal de Mais ou Menos (±): Significado, História e Como Digitar. O sinal de mais ou menos ± (U+00B1) explicado — o que significa, como digitar no Windows e no Mac, e a diferença entre ± e sua forma…. Copy and paste stylish Unicode fonts and symbols for bios, captions, usernames and posts —…",https://ultratextgen.com/pt/symbol/sinal-de-mais-menos/?utm_source=pinterest&utm_medium=social&utm_campaign=organic_pins&utm_content=pt-symbol-sinal-de-mais-menos,,"localized, sinal de mais ou menos (±): significado, história e como digitar, fancy text generator, copy paste fonts, unicode fonts, copy and paste, ultratextgen"
"Sinal de Micro (µ): Significado, Mu Grego e Como Digitar — Copy and Paste Fonts",https://ultratextgen.com/assets/pinterest/pt-symbol-sinal-de-micro.png,International Fancy Font Generators,,"Sinal de Micro (µ): Significado, Mu Grego e Como Digitar. O sinal de micro µ (U+00B5) explicado — seu uso em mícrons, microgramas e microssegundos, por que é um caractere Unicode diferente do mu…. Copy and paste stylish Unicode fonts and symbols for bios, captions, usernames and posts — free,…",https://ultratextgen.com/pt/symbol/sinal-de-micro/?utm_source=pinterest&utm_medium=social&utm_campaign=organic_pins&utm_content=pt-symbol-sinal-de-micro,,"localized, sinal de micro (µ): significado, mu grego e como digitar, fancy text generator, copy paste fonts, unicode fonts, copy and paste, ultratextgen"
Sinal de Multiplicação (×): Copiar e Colar o Símbolo de Vezes — Copy and Paste Fonts,https://ultratextgen.com/assets/pinterest/pt-symbol-sinal-de-multiplicacao.png,International Fancy Font Generators,,"Sinal de Multiplicação (×): Copiar e Colar o Símbolo de Vezes. Copie e cole o sinal de multiplicação (×) — origem em 1631, como se diferencia da letra x e do operador ponto, e como digitar. Clique em…. Copy and paste stylish Unicode fonts and symbols for bios, captions, usernames and posts —…",https://ultratextgen.com/pt/symbol/sinal-de-multiplicacao/?utm_source=pinterest&utm_medium=social&utm_campaign=organic_pins&utm_content=pt-symbol-sinal-de-multiplicacao,,"localized, sinal de multiplicação (×): copiar e colar o símbolo de vezes, fancy text generator, copy paste fonts, unicode fonts, copy and paste, ultratextgen"
"Sinal de Pare (🛑): significado, ponto de código e o sinal que confundem com ele — Copy",https://ultratextgen.com/assets/pinterest/pt-symbol-sinal-de-pare.png,International Fancy Font Generators,,"Sinal de Pare (🛑): significado, ponto de código e o sinal que confundem com ele. O emoji do sinal de pare 🛑 (U+1F6D1) explicado — por que é um octógono (no Brasil a placa traz «PARE»), o ponto de código, e a diferença…. Copy and paste stylish Unicode fonts and symbols for bios, captions,…",https://ultratextgen.com/pt/symbol/sinal-de-pare/?utm_source=pinterest&utm_medium=social&utm_campaign=organic_pins&utm_content=pt-symbol-sinal-de-pare,,"localized, sinal de pare (🛑): significado, ponto de código e o sinal que confundem com ele, fancy text generator, copy paste fonts, unicode fonts, copy and paste, ultratextgen"
"Travessão (—): Significado, Uso em Português e Como Digitar — Copy and Paste Fonts",https://ultratextgen.com/assets/pinterest/pt-symbol-travessao-longo.png,International Fancy Font Generators,,"Travessão (—): Significado, Uso em Português e Como Digitar. O travessão — (U+2014) explicado — seu papel nos diálogos e nos apostos em português, como se diferencia da meia-risca (–) e do hífen, e…. Copy and paste stylish Unicode fonts and symbols for bios, captions, usernames and posts — free,…",https://ultratextgen.com/pt/symbol/travessao-longo/?utm_source=pinterest&utm_medium=social&utm_campaign=organic_pins&utm_content=pt-symbol-travessao-longo,,"localized, travessão (—): significado, uso em português e como digitar, fancy text generator, copy paste fonts, unicode fonts, copy and paste, ultratextgen"
Gerador de Texto ao Contrário — oᴉɹɐɹʇuoɔ oɐ oʇxǝʇ para Copiar — Copy and Paste Fonts,https://ultratextgen.com/assets/pinterest/pt-texto-ao-contrario.png,International Fancy Font Generators,,"Gerador de Texto ao Contrário — oᴉɹɐɹʇuoɔ oɐ oʇxǝʇ para Copiar. Gerador de texto ao contrário grátis: transforme texto em texto de cabeça para baixo para copiar e colar — bio do Instagram, WhatsApp…. Copy and paste stylish Unicode fonts and symbols for bios, captions, usernames and posts — free,…",https://ultratextgen.com/pt/texto-ao-contrario/?utm_source=pinterest&utm_medium=social&utm_campaign=organic_pins&utm_content=pt-texto-ao-contrario,,"localized, gerador de texto ao contrário — oᴉɹɐɹʇuoɔ oɐ oʇxǝʇ para copiar, fancy text generator, copy paste fonts, unicode fonts, copy and paste, ultratextgen"
Texto Invisível (Caractere Invisível) — Copiar e Colar Espaço em Branco — Copy and,https://ultratextgen.com/assets/pinterest/pt-texto-invisivel.png,International Fancy Font Generators,,"Texto Invisível (Caractere Invisível) — Copiar e Colar Espaço em Branco. Copie texto invisível e caracteres invisíveis (zero width space, filler Hangul, braille) para nomes vazios de Free Fire, bio do…. Copy and paste stylish Unicode fonts and symbols for bios, captions, usernames and posts —…",https://ultratextgen.com/pt/texto-invisivel/?utm_source=pinterest&utm_medium=social&utm_campaign=organic_pins&utm_content=pt-texto-invisivel,,"localized, texto invisível (caractere invisível) — copiar e colar espaço em branco, fancy text generator, copy paste fonts, unicode fonts, copy and paste, ultratextgen"
Gerador de Fontes para Bio — Copy and Paste Fonts,https://ultratextgen.com/assets/pinterest/pt-usecase-fontes-para-bio.png,International Fancy Font Generators,,"Gerador de Fontes para Bio. Fontes, símbolos e modelos para sua bio. Copy and paste stylish Unicode fonts and symbols for bios, captions, usernames and posts — free, fast and right in your browser with UltraTextGen.",https://ultratextgen.com/pt/usecase/fontes-para-bio/?utm_source=pinterest&utm_medium=social&utm_campaign=organic_pins&utm_content=pt-usecase-fontes-para-bio,,"localized, gerador de fontes para bio, fancy text generator, copy paste fonts, unicode fonts, copy and paste, ultratextgen"
O Que Você Quer Criar? — Copy and Paste Fonts,https://ultratextgen.com/assets/pinterest/pt-usecase.png,International Fancy Font Generators,,"O Que Você Quer Criar?. Escolha a ferramenta certa pro seu momento: fontes para bio, letras para tatuagem, nicks de jogo estilosos ou tradutor de emojis. Copy and paste stylish Unicode fonts and symbols for bios, captions, usernames and posts — free, fast and right in your browser with UltraTextGen.",https://ultratextgen.com/pt/usecase/?utm_source=pinterest&utm_medium=social&utm_campaign=organic_pins&utm_content=pt-usecase,,"localized, o que você quer criar?, fancy text generator, copy paste fonts, unicode fonts, copy and paste, ultratextgen"
Letras para Tatuagem — Copy and Paste Fonts,https://ultratextgen.com/assets/pinterest/pt-usecase-letras-para-tatuagem.png,International Fancy Font Generators,,"Letras para Tatuagem. Teste sua letra antes da tinta. Copy and paste stylish Unicode fonts and symbols for bios, captions, usernames and posts — free, fast and right in your browser with UltraTextGen.",https://ultratextgen.com/pt/usecase/letras-para-tatuagem/?utm_source=pinterest&utm_medium=social&utm_campaign=organic_pins&utm_content=pt-usecase-letras-para-tatuagem,,"localized, letras para tatuagem, fancy text generator, copy paste fonts, unicode fonts, copy and paste, ultratextgen"
Gerador de Nick FF — Copy and Paste Fonts,https://ultratextgen.com/assets/pinterest/pt-usecase-nick-ff.png,International Fancy Font Generators,,"Gerador de Nick FF. Símbolos e fontes para Free Fire. Copy and paste stylish Unicode fonts and symbols for bios, captions, usernames and posts — free, fast and right in your browser with UltraTextGen.",https://ultratextgen.com/pt/usecase/nick-ff/?utm_source=pinterest&utm_medium=social&utm_campaign=organic_pins&utm_content=pt-usecase-nick-ff,,"localized, gerador de nick ff, fancy text generator, copy paste fonts, unicode fonts, copy and paste, ultratextgen"
Nick Free Fire — Copy and Paste Fonts — UltraTextGen,https://ultratextgen.com/assets/pinterest/pt-usecase-nick-free-fire.png,International Fancy Font Generators,,"Nick Free Fire. Gerador de nomes e símbolos para Free Fire. Copy and paste stylish Unicode fonts and symbols for bios, captions, usernames and posts — free, fast and right in your browser with UltraTextGen.",https://ultratextgen.com/pt/usecase/nick-free-fire/?utm_source=pinterest&utm_medium=social&utm_campaign=organic_pins&utm_content=pt-usecase-nick-free-fire,,"localized, nick free fire, fancy text generator, copy paste fonts, unicode fonts, copy and paste, ultratextgen"
Nomes para Guilda Free Fire ꧁꧂ — Gerador de Tag de Guilda — Copy and Paste Fonts,https://ultratextgen.com/assets/pinterest/pt-usecase-nomes-para-guilda-ff.png,International Fancy Font Generators,,"Nomes para Guilda Free Fire ꧁꧂ — Gerador de Tag de Guilda. Gerador de nomes para guilda Free Fire: crie uma tag curta, emoldure com ꧁꧂ ou colchetes [ ], e copie ideias de nome de guilda e squad…. Copy and paste stylish Unicode fonts and symbols for bios, captions, usernames and posts — free,…",https://ultratextgen.com/pt/usecase/nomes-para-guilda-ff/?utm_source=pinterest&utm_medium=social&utm_campaign=organic_pins&utm_content=pt-usecase-nomes-para-guilda-ff,,"localized, nomes para guilda free fire ꧁꧂ — gerador de tag de guilda, fancy text generator, copy paste fonts, unicode fonts, copy and paste, ultratextgen"
"Nomes para Mobile Legends ꧁꧂ — Nick MLBB, Símbolos e Verificador de Nick — Copy and",https://ultratextgen.com/assets/pinterest/pt-usecase-nomes-para-mobile-legends.png,International Fancy Font Generators,,"Nomes para Mobile Legends ꧁꧂ — Nick MLBB, Símbolos e Verificador de Nick. Gerador de nomes para Mobile Legends: digite seu nome, nicks MLBB com moldura ꧁༒꧂ na hora. Símbolos de nick e — o principal —…. Copy and paste stylish Unicode fonts and symbols for bios, captions, usernames and posts —…",https://ultratextgen.com/pt/usecase/nomes-para-mobile-legends/?utm_source=pinterest&utm_medium=social&utm_campaign=organic_pins&utm_content=pt-usecase-nomes-para-mobile-legends,,"localized, nomes para mobile legends ꧁꧂ — nick mlbb, símbolos e verificador de nick, fancy text generator, copy paste fonts, unicode fonts, copy and paste, ultratextgen"
Nomes para Roblox ꧁꧂ — Gerador de Nome Estilizado e Símbolos — Copy and Paste Fonts,https://ultratextgen.com/assets/pinterest/pt-usecase-nomes-para-roblox.png,International Fancy Font Generators,,"Nomes para Roblox ꧁꧂ — Gerador de Nome Estilizado e Símbolos. Gerador de nomes para Roblox grátis: nome estilizado com símbolos ꧁༒꧂, coroa ♛ e letras diferentes. Digite, copie e cole no seu nome de…. Copy and paste stylish Unicode fonts and symbols for bios, captions, usernames and posts — free,…",https://ultratextgen.com/pt/usecase/nomes-para-roblox/?utm_source=pinterest&utm_medium=social&utm_campaign=organic_pins&utm_content=pt-usecase-nomes-para-roblox,,"localized, nomes para roblox ꧁꧂ — gerador de nome estilizado e símbolos, fancy text generator, copy paste fonts, unicode fonts, copy and paste, ultratextgen"
Tradutor de Emojis — Copy and Paste Fonts,https://ultratextgen.com/assets/pinterest/pt-usecase-tradutor-de-emojis.png,International Fancy Font Generators,,"Tradutor de Emojis. Texto em emojis e de volta. Copy and paste stylish Unicode fonts and symbols for bios, captions, usernames and posts — free, fast and right in your browser with UltraTextGen.",https://ultratextgen.com/pt/usecase/tradutor-de-emojis/?utm_source=pinterest&utm_medium=social&utm_campaign=organic_pins&utm_content=pt-usecase-tradutor-de-emojis,,"localized, tradutor de emojis, fancy text generator, copy paste fonts, unicode fonts, copy and paste, ultratextgen"
Gerador de Texto Vertical — Copy and Paste Fonts,https://ultratextgen.com/assets/pinterest/pt-usecase-vertical-text.png,International Fancy Font Generators,,"Gerador de Texto Vertical. Empilhe seu texto de cima para baixo. Copy and paste stylish Unicode fonts and symbols for bios, captions, usernames and posts — free, fast and right in your browser with UltraTextGen.",https://ultratextgen.com/pt/usecase/vertical-text/?utm_source=pinterest&utm_medium=social&utm_campaign=organic_pins&utm_content=pt-usecase-vertical-text,,"localized, gerador de texto vertical, fancy text generator, copy paste fonts, unicode fonts, copy and paste, ultratextgen"
Gerador de Texto Zalgo — Copy and Paste Fonts,https://ultratextgen.com/assets/pinterest/pt-usecase-zalgo-text.png,International Fancy Font Generators,,"Gerador de Texto Zalgo. Crie texto glitch e assustador. Copy and paste stylish Unicode fonts and symbols for bios, captions, usernames and posts — free, fast and right in your browser with UltraTextGen.",https://ultratextgen.com/pt/usecase/zalgo-text/?utm_source=pinterest&utm_medium=social&utm_campaign=organic_pins&utm_content=pt-usecase-zalgo-text,,"localized, gerador de texto zalgo, fancy text generator, copy paste fonts, unicode fonts, copy and paste, ultratextgen"
Caractere Speciale — Copy and Paste Fonts,https://ultratextgen.com/assets/pinterest/ro-caractere-speciale.png,International Fancy Font Generators,,"Caractere Speciale. Simboluri de copiat pentru nume. Copy and paste stylish Unicode fonts and symbols for bios, captions, usernames and posts — free, fast and right in your browser with UltraTextGen.",https://ultratextgen.com/ro/caractere-speciale/?utm_source=pinterest&utm_medium=social&utm_campaign=organic_pins&utm_content=ro-caractere-speciale,,"localized, caractere speciale, fancy text generator, copy paste fonts, unicode fonts, copy and paste, ultratextgen"
Fonturi Discord: Litere pentru Nickname și Bio (Fără Nitro) — Copy and Paste Fonts,https://ultratextgen.com/assets/pinterest/ro-fonturi-pentru-discord.png,International Fancy Font Generators,,"Fonturi Discord: Litere pentru Nickname și Bio (Fără Nitro). Fonturi pentru Discord gratuit: transformă-ți numele în 𝗶̂𝗻𝗴𝗿𝗼𝘀̦𝗮𝘁, 𝓬𝓾𝓻𝓼𝓲𝓿 sau 𝔤𝔬𝔱𝔦𝔠 și lipește-l în nickname, în secțiunea „Despre…. Copy and paste stylish Unicode fonts and symbols for bios, captions, usernames and posts — free, fast…",https://ultratextgen.com/ro/fonturi-pentru-discord/?utm_source=pinterest&utm_medium=social&utm_campaign=organic_pins&utm_content=ro-fonturi-pentru-discord,,"localized, fonturi discord: litere pentru nickname și bio (fără nitro), fancy text generator, copy paste fonts, unicode fonts, copy and paste, ultratextgen"
Fonturi pentru Instagram: litere frumoase pentru bio și descrieri — Copy and Paste Fonts,https://ultratextgen.com/assets/pinterest/ro-fonturi-pentru-instagram.png,International Fancy Font Generators,,"Fonturi pentru Instagram: litere frumoase pentru bio și descrieri. Fonturi pentru Instagram gratuit: transformă textul în 𝗶̂𝗻𝗴𝗿𝗼𝘀̦𝗮𝘁, 𝘤𝘶𝘳𝘴𝘪𝘷 sau 𝓬𝓪𝓵𝓲𝓰𝓻𝓪𝓯𝓲𝓬 și lipește-l în bio, în numele profilului, în…. Copy and paste stylish Unicode fonts and symbols for bios, captions, usernames and posts —…",https://ultratextgen.com/ro/fonturi-pentru-instagram/?utm_source=pinterest&utm_medium=social&utm_campaign=organic_pins&utm_content=ro-fonturi-pentru-instagram,,"localized, fonturi pentru instagram: litere frumoase pentru bio și descrieri, fancy text generator, copy paste fonts, unicode fonts, copy and paste, ultratextgen"
Formatarea textului pe Discord: Markdown vs Unicode vs Nitro — Copy and Paste Fonts,https://ultratextgen.com/assets/pinterest/ro-guide-formatare-text-discord-explicat.png,International Fancy Font Generators,,"Formatarea textului pe Discord: Markdown vs Unicode vs Nitro. De ce îngroșatul funcționează pe chatul Discord, dar nu și în numele de utilizator — cele trei sisteme de text pe care le folosește…. Copy and paste stylish Unicode fonts and symbols for bios, captions, usernames and posts — free,…",https://ultratextgen.com/ro/guide/formatare-text-discord-explicat/?utm_source=pinterest&utm_medium=social&utm_campaign=organic_pins&utm_content=ro-guide-formatare-text-discord-explicat,,"localized, formatarea textului pe discord: markdown vs unicode vs nitro, fancy text generator, copy paste fonts, unicode fonts, copy and paste, ultratextgen"
Ghiduri UltraTextGen — stăpânește tipografia stilizată — Copy and Paste Fonts,https://ultratextgen.com/assets/pinterest/ro-guide.png,International Fancy Font Generators,,"Ghiduri UltraTextGen — stăpânește tipografia stilizată. Ghidurile UltraTextGen în română: înțelege și stăpânește fonturile Unicode, stilizează-ți nickname-ul și serverul de Discord și profită…. Copy and paste stylish Unicode fonts and symbols for bios, captions, usernames and posts — free, fast…",https://ultratextgen.com/ro/guide/?utm_source=pinterest&utm_medium=social&utm_campaign=organic_pins&utm_content=ro-guide,,"localized, ghiduri ultratextgen — stăpânește tipografia stilizată, fancy text generator, copy paste fonts, unicode fonts, copy and paste, ultratextgen"
Stilizează un nume pe Discord fără să fii filtrat — Copy and Paste Fonts,https://ultratextgen.com/assets/pinterest/ro-guide-nume-discord-fara-riscuri.png,International Fancy Font Generators,,"Stilizează un nume pe Discord fără să fii filtrat. Un nume stilizat pe Discord poate totuși să pice trei teste discrete: lista membrilor, @menționarea și filtrul de uzurpare a…. Copy and paste stylish Unicode fonts and symbols for bios, captions, usernames and posts — free, fast and right in…",https://ultratextgen.com/ro/guide/nume-discord-fara-riscuri/?utm_source=pinterest&utm_medium=social&utm_campaign=organic_pins&utm_content=ro-guide-nume-discord-fara-riscuri,,"localized, stilizează un nume pe discord fără să fii filtrat, fancy text generator, copy paste fonts, unicode fonts, copy and paste, ultratextgen"
Unde funcționează fonturile pe Discord: harta câmp cu câmp — Copy and Paste Fonts,https://ultratextgen.com/assets/pinterest/ro-guide-unde-functioneaza-fonturile-discord.png,International Fancy Font Generators,,"Unde funcționează fonturile pe Discord: harta câmp cu câmp. De ce spune Discord că numele tău de utilizator e invalid, de ce ți-a pierdut canalul majusculele și exact ce câmpuri acceptă fonturi…. Copy and paste stylish Unicode fonts and symbols for bios, captions, usernames and posts — free,…",https://ultratextgen.com/ro/guide/unde-functioneaza-fonturile-discord/?utm_source=pinterest&utm_medium=social&utm_campaign=organic_pins&utm_content=ro-guide-unde-functioneaza-fonturile-discord,,"localized, unde funcționează fonturile pe discord: harta câmp cu câmp, fancy text generator, copy paste fonts, unicode fonts, copy and paste, ultratextgen"
"Fonturi Frumoase și Text Stilizat de Copiat — Litere pentru Insta, TikTok și",https://ultratextgen.com/assets/pinterest/ro.png,International Fancy Font Generators,,"Fonturi Frumoase și Text Stilizat de Copiat — Litere pentru Insta, TikTok și Nickname-uri. Generator de fonturi frumoase, litere estetice și text stilizat de copiat. Îngroșat, cursiv, gotic, bubble, Zalgo și simboluri —…. Copy and paste stylish Unicode fonts and symbols for bios, captions,…",https://ultratextgen.com/ro/?utm_source=pinterest&utm_medium=social&utm_campaign=organic_pins&utm_content=ro,,"localized, fonturi frumoase și text stilizat de copiat — litere pentru insta, tiktok și nickname-uri, fancy text generator, copy paste fonts, unicode fonts, copy and paste, ultratextgen"
Nume pentru Free Fire — Copy and Paste Fonts,https://ultratextgen.com/assets/pinterest/ro-nume-pentru-free-fire.png,International Fancy Font Generators,,"Nume pentru Free Fire. Generator de nick-uri și simboluri. Copy and paste stylish Unicode fonts and symbols for bios, captions, usernames and posts — free, fast and right in your browser with UltraTextGen.",https://ultratextgen.com/ro/nume-pentru-free-fire/?utm_source=pinterest&utm_medium=social&utm_campaign=organic_pins&utm_content=ro-nume-pentru-free-fire,,"localized, nume pentru free fire, fancy text generator, copy paste fonts, unicode fonts, copy and paste, ultratextgen"
Generator de Scriere Gotică — 𝔱𝔢𝔵𝔱 𝔤𝔬𝔱𝔦𝔠 de copiat — Copy and Paste Fonts,https://ultratextgen.com/assets/pinterest/ro-scriere-gotica.png,International Fancy Font Generators,,"Generator de Scriere Gotică — 𝔱𝔢𝔵𝔱 𝔤𝔬𝔱𝔦𝔠 de copiat. Generator gratuit de scriere gotică: transformă textul în caractere Unicode gotice (fraktur) de copiat și lipit — în bio pe Instagram…. Copy and paste stylish Unicode fonts and symbols for bios, captions, usernames and posts — free, fast and…",https://ultratextgen.com/ro/scriere-gotica/?utm_source=pinterest&utm_medium=social&utm_campaign=organic_pins&utm_content=ro-scriere-gotica,,"localized, generator de scriere gotică — 𝔱𝔢𝔵𝔱 𝔤𝔬𝔱𝔦𝔠 de copiat, fancy text generator, copy paste fonts, unicode fonts, copy and paste, ultratextgen"
Generator de Text Cursiv — 𝘵𝘦𝘹𝘵 𝘤𝘶𝘳𝘴𝘪𝘷 de copiat — Copy and Paste Fonts,https://ultratextgen.com/assets/pinterest/ro-text-cursiv.png,International Fancy Font Generators,,"Generator de Text Cursiv — 𝘵𝘦𝘹𝘵 𝘤𝘶𝘳𝘴𝘪𝘷 de copiat. Generator gratuit de text cursiv: transformă textul în litere Unicode înclinate de copiat și lipit — în bio pe Instagram, WhatsApp…. Copy and paste stylish Unicode fonts and symbols for bios, captions, usernames and posts — free, fast and right…",https://ultratextgen.com/ro/text-cursiv/?utm_source=pinterest&utm_medium=social&utm_campaign=organic_pins&utm_content=ro-text-cursiv,,"localized, generator de text cursiv — 𝘵𝘦𝘹𝘵 𝘤𝘶𝘳𝘴𝘪𝘷 de copiat, fancy text generator, copy paste fonts, unicode fonts, copy and paste, ultratextgen"
Generator de Text Îngroșat — 𝐭𝐞𝐱𝐭 𝐢̂𝐧𝐠𝐫𝐨𝐬̦𝐚𝐭 de copiat — Copy and Paste Fonts,https://ultratextgen.com/assets/pinterest/ro-text-ingrosat.png,International Fancy Font Generators,,"Generator de Text Îngroșat — 𝐭𝐞𝐱𝐭 𝐢̂𝐧𝐠𝐫𝐨𝐬̦𝐚𝐭 de copiat. Generator gratuit de text îngroșat: transformă textul în caractere Unicode îngroșate de copiat și lipit — în bio pe Instagram, WhatsApp…. Copy and paste stylish Unicode fonts and symbols for bios, captions, usernames and posts — free, fast…",https://ultratextgen.com/ro/text-ingrosat/?utm_source=pinterest&utm_medium=social&utm_campaign=organic_pins&utm_content=ro-text-ingrosat,,"localized, generator de text îngroșat — 𝐭𝐞𝐱𝐭 𝐢̂𝐧𝐠𝐫𝐨𝐬̦𝐚𝐭 de copiat, fancy text generator, copy paste fonts, unicode fonts, copy and paste, ultratextgen"
Generator de Text Mic — ᴛᴇxᴛ ᴍɪᴄ și small caps de copiat — Copy and Paste Fonts,https://ultratextgen.com/assets/pinterest/ro-text-mic.png,International Fancy Font Generators,,"Generator de Text Mic — ᴛᴇxᴛ ᴍɪᴄ și small caps de copiat. Generator gratuit de text mic: transformă textul în text mic Unicode și small caps de copiat și lipit — în bio pe Instagram, Discord…. Copy and paste stylish Unicode fonts and symbols for bios, captions, usernames and posts — free, fast…",https://ultratextgen.com/ro/text-mic/?utm_source=pinterest&utm_medium=social&utm_campaign=organic_pins&utm_content=ro-text-mic,,"localized, generator de text mic — ᴛᴇxᴛ ᴍɪᴄ și small caps de copiat, fancy text generator, copy paste fonts, unicode fonts, copy and paste, ultratextgen"
"Генератор ников ꧁꧂ — красивые ники для игр, копируй и вставляй — Copy and Paste Fonts",https://ultratextgen.com/assets/pinterest/ru-generator-nikov.png,International Fancy Font Generators,,"Генератор ников ꧁꧂ — красивые ники для игр, копируй и вставляй. Бесплатный генератор ников: создай красивый ник для игр — PUBG Mobile, Standoff 2, CS2, Brawl Stars, Roblox — и для Telegram и TikTok…. Copy and paste stylish Unicode fonts and symbols for bios, captions, usernames and posts — free,…",https://ultratextgen.com/ru/generator-nikov/?utm_source=pinterest&utm_medium=social&utm_campaign=organic_pins&utm_content=ru-generator-nikov,,"localized, генератор ников ꧁꧂ — красивые ники для игр, копируй и вставляй, fancy text generator, copy paste fonts, unicode fonts, copy and paste, ultratextgen"
Генератор готического шрифта — 𝔤𝔬𝔱𝔥𝔦𝔠 текст копировать и вставить — Copy and Paste Fonts,https://ultratextgen.com/assets/pinterest/ru-goticheskiy-shrift.png,International Fancy Font Generators,,"Генератор готического шрифта — 𝔤𝔬𝔱𝔥𝔦𝔠 текст копировать и вставить. Бесплатный генератор готического шрифта: превращайте текст в готические символы Unicode (фрактура и блэклеттер) для копирования — для…. Copy and paste stylish Unicode fonts and symbols for bios, captions, usernames and posts —…",https://ultratextgen.com/ru/goticheskiy-shrift/?utm_source=pinterest&utm_medium=social&utm_campaign=organic_pins&utm_content=ru-goticheskiy-shrift,,"localized, генератор готического шрифта — 𝔤𝔬𝔱𝔥𝔦𝔠 текст копировать и вставить, fancy text generator, copy paste fonts, unicode fonts, copy and paste, ultratextgen"
Как оформить ник в Discord без блокировок и потери доступности — Copy and Paste Fonts,https://ultratextgen.com/assets/pinterest/ru-guide-bezopasnyy-nik-discord.png,International Fancy Font Generators,,"Как оформить ник в Discord без блокировок и потери доступности. Оформленный ник в Discord может незаметно провалить три проверки: список участников, @-упоминание и фильтр против выдачи себя за…. Copy and paste stylish Unicode fonts and symbols for bios, captions, usernames and posts — free, fast…",https://ultratextgen.com/ru/guide/bezopasnyy-nik-discord/?utm_source=pinterest&utm_medium=social&utm_campaign=organic_pins&utm_content=ru-guide-bezopasnyy-nik-discord,,"localized, как оформить ник в discord без блокировок и потери доступности, fancy text generator, copy paste fonts, unicode fonts, copy and paste, ultratextgen"
"Форматирование текста в Discord: Markdown, Unicode и Nitro — Copy and Paste Fonts",https://ultratextgen.com/assets/pinterest/ru-guide-formatirovanie-teksta-discord.png,International Fancy Font Generators,,"Форматирование текста в Discord: Markdown, Unicode и Nitro. Почему жирный работает в чате Discord, но не в имени пользователя — три разные текстовые системы Discord (Markdown, Unicode-шрифты…. Copy and paste stylish Unicode fonts and symbols for bios, captions, usernames and posts — free, fast…",https://ultratextgen.com/ru/guide/formatirovanie-teksta-discord/?utm_source=pinterest&utm_medium=social&utm_campaign=organic_pins&utm_content=ru-guide-formatirovanie-teksta-discord,,"localized, форматирование текста в discord: markdown, unicode и nitro, fancy text generator, copy paste fonts, unicode fonts, copy and paste, ultratextgen"
Где работают красивые шрифты в Discord: карта поле за полем — Copy and Paste Fonts,https://ultratextgen.com/assets/pinterest/ru-guide-gde-rabotayut-shrifty-discord.png,International Fancy Font Generators,,"Где работают красивые шрифты в Discord: карта поле за полем. Почему Discord пишет, что имя пользователя недопустимо, почему название канала потеряло заглавные буквы и какие именно поля принимают…. Copy and paste stylish Unicode fonts and symbols for bios, captions, usernames and posts — free,…",https://ultratextgen.com/ru/guide/gde-rabotayut-shrifty-discord/?utm_source=pinterest&utm_medium=social&utm_campaign=organic_pins&utm_content=ru-guide-gde-rabotayut-shrifty-discord,,"localized, где работают красивые шрифты в discord: карта поле за полем, fancy text generator, copy paste fonts, unicode fonts, copy and paste, ultratextgen"
Руководства UltraTextGen — освоить стильную типографику — Copy and Paste Fonts,https://ultratextgen.com/assets/pinterest/ru-guide.png,International Fancy Font Generators,,"Руководства UltraTextGen — освоить стильную типографику. Руководства UltraTextGen на русском: понять и освоить Unicode-шрифты, оформить ник и сервер в Discord и выжать максимум из стильных шрифтов. Copy and paste stylish Unicode fonts and symbols for bios, captions, usernames and posts — free,…",https://ultratextgen.com/ru/guide/?utm_source=pinterest&utm_medium=social&utm_campaign=organic_pins&utm_content=ru-guide,,"localized, руководства ultratextgen — освоить стильную типографику, fancy text generator, copy paste fonts, unicode fonts, copy and paste, ultratextgen"
"Генератор шрифтов — красивые буквы и символы, копировать (бесплатно) — Copy and Paste",https://ultratextgen.com/assets/pinterest/ru.png,International Fancy Font Generators,,"Генератор шрифтов — красивые буквы и символы, копировать (бесплатно). Генератор красивых шрифтов онлайн. Превращайте латинские буквы и цифры в жирный, курсив, рукописный и пузырьковый шрифт — более 100…. Copy and paste stylish Unicode fonts and symbols for bios, captions, usernames and posts —…",https://ultratextgen.com/ru/?utm_source=pinterest&utm_medium=social&utm_campaign=organic_pins&utm_content=ru,,"localized, генератор шрифтов — красивые буквы и символы, копировать (бесплатно), fancy text generator, copy paste fonts, unicode fonts, copy and paste, ultratextgen"
Генератор красивого шрифта — ✧ красивый шрифт ✧ для копирования — Copy and Paste Fonts,https://ultratextgen.com/assets/pinterest/ru-krasivyy-shrift.png,International Fancy Font Generators,,"Генератор красивого шрифта — ✧ красивый шрифт ✧ для копирования. Бесплатный генератор красивого шрифта: превращайте текст в изящные декоративные символы Unicode и символьные рамки для копирования — для…. Copy and paste stylish Unicode fonts and symbols for bios, captions, usernames and posts —…",https://ultratextgen.com/ru/krasivyy-shrift/?utm_source=pinterest&utm_medium=social&utm_campaign=organic_pins&utm_content=ru-krasivyy-shrift,,"localized, генератор красивого шрифта — ✧ красивый шрифт ✧ для копирования, fancy text generator, copy paste fonts, unicode fonts, copy and paste, ultratextgen"
Генератор курсива — 𝘬𝘶𝘳𝘴𝘪𝘷 (italic) для копирования — Copy and Paste Fonts,https://ultratextgen.com/assets/pinterest/ru-kursiv.png,International Fancy Font Generators,,"Генератор курсива — 𝘬𝘶𝘳𝘴𝘪𝘷 (italic) для копирования. Бесплатный генератор курсива: превратите текст в наклонные Unicode-буквы (𝘬𝘶𝘳𝘴𝘪𝘷) для копирования — для латинских ников, био Instagram…. Copy and paste stylish Unicode fonts and symbols for bios, captions, usernames and posts — free, fast and…",https://ultratextgen.com/ru/kursiv/?utm_source=pinterest&utm_medium=social&utm_campaign=organic_pins&utm_content=ru-kursiv,,"localized, генератор курсива — 𝘬𝘶𝘳𝘴𝘪𝘷 (italic) для копирования, fancy text generator, copy paste fonts, unicode fonts, copy and paste, ultratextgen"
"Alt-коды Windows — как набрать ₽, №, ©, ™ и греческие буквы — Copy and Paste Fonts",https://ultratextgen.com/assets/pinterest/ru-library-alt-kody.png,International Fancy Font Generators,,"Alt-коды Windows — как набрать ₽, №, ©, ™ и греческие буквы. Коды Alt для Windows: как набрать знак рубля ₽, номер №, копирайт ©, ™, градус ° и греческие буквы. С учётом русской раскладки и…. Copy and paste stylish Unicode fonts and symbols for bios, captions, usernames and posts — free, fast…",https://ultratextgen.com/ru/library/alt-kody/?utm_source=pinterest&utm_medium=social&utm_campaign=organic_pins&utm_content=ru-library-alt-kody,,"localized, alt-коды windows — как набрать ₽, №, ©, ™ и греческие буквы, fancy text generator, copy paste fonts, unicode fonts, copy and paste, ultratextgen"
Сочетания эмодзи 🎀 ✨ 🌙 — милые наборы эмодзи для копирования — Copy and Paste Fonts,https://ultratextgen.com/assets/pinterest/ru-library-emoji-combos.png,International Fancy Font Generators,,"Сочетания эмодзи 🎀 ✨ 🌙 — милые наборы эмодзи для копирования. Милые сочетания эмодзи 🎀✨🌙, которые можно скопировать и вставить. Пастельные, минималистичные, с блёстками, в цветах биаса, по временам…. Copy and paste stylish Unicode fonts and symbols for bios, captions, usernames and posts — free,…",https://ultratextgen.com/ru/library/emoji-combos/?utm_source=pinterest&utm_medium=social&utm_campaign=organic_pins&utm_content=ru-library-emoji-combos,,"localized, сочетания эмодзи 🎀 ✨ 🌙 — милые наборы эмодзи для копирования, fancy text generator, copy paste fonts, unicode fonts, copy and paste, ultratextgen"
Символы — библиотека знаков и эмодзи для копирования — Copy and Paste Fonts,https://ultratextgen.com/assets/pinterest/ru-library.png,International Fancy Font Generators,,"Символы — библиотека знаков и эмодзи для копирования. Библиотека символов Unicode для копирования — звёздочки, сердечки, специальные знаки, символы для Discord и Roblox, Alt-коды, каомодзи и…. Copy and paste stylish Unicode fonts and symbols for bios, captions, usernames and posts — free, fast…",https://ultratextgen.com/ru/library/?utm_source=pinterest&utm_medium=social&utm_campaign=organic_pins&utm_content=ru-library,,"localized, символы — библиотека знаков и эмодзи для копирования, fancy text generator, copy paste fonts, unicode fonts, copy and paste, ultratextgen"
Каомодзи — японские текстовые смайлики для копирования (простые・плачущие・радостные),https://ultratextgen.com/assets/pinterest/ru-library-kaomoji.png,International Fancy Font Generators,,"Каомодзи — японские текстовые смайлики для копирования (простые・плачущие・радостные). Копируйте и вставляйте милые каомодзи — японские текстовые смайлики из символов Unicode. Простые, радостные, плачущие, смущённые, про…. Copy and paste stylish Unicode fonts and symbols for bios, captions,…",https://ultratextgen.com/ru/library/kaomoji/?utm_source=pinterest&utm_medium=social&utm_campaign=organic_pins&utm_content=ru-library-kaomoji,,"localized, каомодзи — японские текстовые смайлики для копирования (простые・плачущие・радостные), fancy text generator, copy paste fonts, unicode fonts, copy and paste, ultratextgen"
Сердечки ♥ — символы сердца для копирования: эмодзи и знаки — Copy and Paste Fonts,https://ultratextgen.com/assets/pinterest/ru-library-serdechki.png,International Fancy Font Generators,,"Сердечки ♥ — символы сердца для копирования: эмодзи и знаки. Сердечки, эмодзи-сердца и символы сердца Unicode по цветам и стилям. Нажмите на любой символ, чтобы скопировать его, и вставьте в…. Copy and paste stylish Unicode fonts and symbols for bios, captions, usernames and posts — free, fast…",https://ultratextgen.com/ru/library/serdechki/?utm_source=pinterest&utm_medium=social&utm_campaign=organic_pins&utm_content=ru-library-serdechki,,"localized, сердечки ♥ — символы сердца для копирования: эмодзи и знаки, fancy text generator, copy paste fonts, unicode fonts, copy and paste, ultratextgen"
"Символы для Discord ⌗ ➤ ♡ — скопировать для ника, описания и сервера — Copy and Paste",https://ultratextgen.com/assets/pinterest/ru-library-simvoly-discord.png,International Fancy Font Generators,,"Символы для Discord ⌗ ➤ ♡ — скопировать для ника, описания и сервера. Символы для Discord ⌗ ➤ ♡ — скопировать и вставить в ник, отображаемое имя, описание, название сервера и каналы. Украшения, рамки…. Copy and paste stylish Unicode fonts and symbols for bios, captions, usernames and posts —…",https://ultratextgen.com/ru/library/simvoly-discord/?utm_source=pinterest&utm_medium=social&utm_campaign=organic_pins&utm_content=ru-library-simvoly-discord,,"localized, символы для discord ⌗ ➤ ♡ — скопировать для ника, описания и сервера, fancy text generator, copy paste fonts, unicode fonts, copy and paste, ultratextgen"
Символы для Roblox ✦ ⚡ ♡ — скопировать для отображаемого имени (2026) — Copy and Paste,https://ultratextgen.com/assets/pinterest/ru-library-simvoly-roblox.png,International Fancy Font Generators,,"Символы для Roblox ✦ ⚡ ♡ — скопировать для отображаемого имени (2026). 40+ символов для Roblox ✦ ⚡ ♡ для отображаемого имени, описания и группы — проверены по актуальному фильтру имён Roblox, плюс правда о…. Copy and paste stylish Unicode fonts and symbols for bios, captions, usernames and posts…",https://ultratextgen.com/ru/library/simvoly-roblox/?utm_source=pinterest&utm_medium=social&utm_campaign=organic_pins&utm_content=ru-library-simvoly-roblox,,"localized, символы для roblox ✦ ⚡ ♡ — скопировать для отображаемого имени (2026), fancy text generator, copy paste fonts, unicode fonts, copy and paste, ultratextgen"
"Специальные символы — красивые значки для копирования (звёзды, сердца, украшения)",https://ultratextgen.com/assets/pinterest/ru-library-special-characters.png,International Fancy Font Generators,,"Специальные символы — красивые значки для копирования (звёзды, сердца, украшения). Красивые специальные символы для копирования и вставки. Блёстки, сердца, звёзды, стрелки, декоративные скобки и ноты — всё по…. Copy and paste stylish Unicode fonts and symbols for bios, captions, usernames and…",https://ultratextgen.com/ru/library/special-characters/?utm_source=pinterest&utm_medium=social&utm_campaign=organic_pins&utm_content=ru-library-special-characters,,"localized, специальные символы — красивые значки для копирования (звёзды, сердца, украшения), fancy text generator, copy paste fonts, unicode fonts, copy and paste, ultratextgen"
Звёздочки ★ — символы звёзд для копирования и вставки — Copy and Paste Fonts,https://ultratextgen.com/assets/pinterest/ru-library-zvyozdochki.png,International Fancy Font Generators,,"Звёздочки ★ — символы звёзд для копирования и вставки. Коллекция символов звёзд, звёздочек, значков-снежинок и вариантов астериска в Unicode. Нажмите на любой символ, чтобы мгновенно его…. Copy and paste stylish Unicode fonts and symbols for bios, captions, usernames and posts — free, fast and…",https://ultratextgen.com/ru/library/zvyozdochki/?utm_source=pinterest&utm_medium=social&utm_campaign=organic_pins&utm_content=ru-library-zvyozdochki,,"localized, звёздочки ★ — символы звёзд для копирования и вставки, fancy text generator, copy paste fonts, unicode fonts, copy and paste, ultratextgen"
Генератор маленького текста — ˢᵐᵃˡˡ ᵗᵉˣᵗ копировать и вставить — Copy and Paste Fonts,https://ultratextgen.com/assets/pinterest/ru-malenkiy-tekst.png,International Fancy Font Generators,,"Генератор маленького текста — ˢᵐᵃˡˡ ᵗᵉˣᵗ копировать и вставить. Бесплатный генератор маленького текста: превращайте текст в мелкие символы Unicode для копирования — для описаний в Инстаграме…. Copy and paste stylish Unicode fonts and symbols for bios, captions, usernames and posts — free, fast…",https://ultratextgen.com/ru/malenkiy-tekst/?utm_source=pinterest&utm_medium=social&utm_campaign=organic_pins&utm_content=ru-malenkiy-tekst,,"localized, генератор маленького текста — ˢᵐᵃˡˡ ᵗᵉˣᵗ копировать и вставить, fancy text generator, copy paste fonts, unicode fonts, copy and paste, ultratextgen"
"Ники для Standoff 2 ꧁꧂ — красивые ники СО2, копируй и вставляй — Copy and Paste Fonts",https://ultratextgen.com/assets/pinterest/ru-niki-standoff-2.png,International Fancy Font Generators,,"Ники для Standoff 2 ꧁꧂ — красивые ники СО2, копируй и вставляй. Ники для Стандофф 2: генератор красивых ников СО2 с рамками ꧁꧂, символами ★ メ ☠ и готовыми вариантами — крутые, тёмные, для девушек и…. Copy and paste stylish Unicode fonts and symbols for bios, captions, usernames and posts — free,…",https://ultratextgen.com/ru/niki-standoff-2/?utm_source=pinterest&utm_medium=social&utm_campaign=organic_pins&utm_content=ru-niki-standoff-2,,"localized, ники для standoff 2 ꧁꧂ — красивые ники со2, копируй и вставляй, fancy text generator, copy paste fonts, unicode fonts, copy and paste, ultratextgen"
Подчёркнутый текст (п̲р̲и̲в̲е̲т̲) — Подчеркнуть текст онлайн — Copy and Paste Fonts,https://ultratextgen.com/assets/pinterest/ru-podcherknutyy-tekst.png,International Fancy Font Generators,,"Подчёркнутый текст (п̲р̲и̲в̲е̲т̲) — Подчеркнуть текст онлайн. Подчеркнуть текст онлайн: генератор подчёркнутого текста с нижним подчёркиванием (п̲р̲и̲в̲е̲т̲). Работает прямо на русских буквах — для…. Copy and paste stylish Unicode fonts and symbols for bios, captions, usernames and posts — free,…",https://ultratextgen.com/ru/podcherknutyy-tekst/?utm_source=pinterest&utm_medium=social&utm_campaign=organic_pins&utm_content=ru-podcherknutyy-tekst,,"localized, подчёркнутый текст (п̲р̲и̲в̲е̲т̲) — подчеркнуть текст онлайн, fancy text generator, copy paste fonts, unicode fonts, copy and paste, ultratextgen"
Счётчик символов и слов — бесплатный онлайн-инструмент — Copy and Paste Fonts,https://ultratextgen.com/assets/pinterest/ru-schetchik-slov-i-simvolov.png,International Fancy Font Generators,,"Счётчик символов и слов — бесплатный онлайн-инструмент. Бесплатный счётчик символов и слов. Слова, символы, предложения, абзацы и время чтения считаются на лету, плюс проверка лимитов…. Copy and paste stylish Unicode fonts and symbols for bios, captions, usernames and posts — free, fast and…",https://ultratextgen.com/ru/schetchik-slov-i-simvolov/?utm_source=pinterest&utm_medium=social&utm_campaign=organic_pins&utm_content=ru-schetchik-slov-i-simvolov,,"localized, счётчик символов и слов — бесплатный онлайн-инструмент, fancy text generator, copy paste fonts, unicode fonts, copy and paste, ultratextgen"
"Шрифты для Инстаграма: красивый текст для описания, имени и подписей — Copy and Paste",https://ultratextgen.com/assets/pinterest/ru-shrift-dlya-instagram.png,International Fancy Font Generators,,"Шрифты для Инстаграма: красивый текст для описания, имени и подписей. Бесплатные шрифты для Инстаграма: превратите текст в 𝗷𝗶𝗿𝗻𝘆𝗲, 𝑘𝑢𝑟𝑠𝑖𝑣 или 𝓴𝓻𝓪𝓼𝓲𝓿𝔂𝓮 буквы и вставьте в описание профиля, имя, подписи…. Copy and paste stylish Unicode fonts and symbols for bios, captions, usernames and posts —…",https://ultratextgen.com/ru/shrift-dlya-instagram/?utm_source=pinterest&utm_medium=social&utm_campaign=organic_pins&utm_content=ru-shrift-dlya-instagram,,"localized, шрифты для инстаграма: красивый текст для описания, имени и подписей, fancy text generator, copy paste fonts, unicode fonts, copy and paste, ultratextgen"
"Шрифты для Телеграма: красивый текст для имени, описания и каналов — Copy and Paste Fonts",https://ultratextgen.com/assets/pinterest/ru-shrift-dlya-telegram.png,International Fancy Font Generators,,"Шрифты для Телеграма: красивый текст для имени, описания и каналов. Бесплатные шрифты для Телеграма: превратите текст в 𝗷𝗶𝗿𝗻𝘆𝗲, 𝑘𝑢𝑟𝑠𝑖𝑣 или 𝓴𝓻𝓪𝓼𝓲𝓿𝔂𝓮 буквы и вставьте в имя профиля, описание (bio), названия…. Copy and paste stylish Unicode fonts and symbols for bios, captions, usernames and posts…",https://ultratextgen.com/ru/shrift-dlya-telegram/?utm_source=pinterest&utm_medium=social&utm_campaign=organic_pins&utm_content=ru-shrift-dlya-telegram,,"localized, шрифты для телеграма: красивый текст для имени, описания и каналов, fancy text generator, copy paste fonts, unicode fonts, copy and paste, ultratextgen"
"Шрифты для ТикТок: красивый шрифт для описания, ника и подписей — Copy and Paste Fonts",https://ultratextgen.com/assets/pinterest/ru-shrift-dlya-tiktok.png,International Fancy Font Generators,,"Шрифты для ТикТок: красивый шрифт для описания, ника и подписей. Бесплатный генератор шрифтов для ТикТок: превратите текст в красивые символы Unicode и вставьте в имя профиля, описание, подписи к видео…. Copy and paste stylish Unicode fonts and symbols for bios, captions, usernames and posts —…",https://ultratextgen.com/ru/shrift-dlya-tiktok/?utm_source=pinterest&utm_medium=social&utm_campaign=organic_pins&utm_content=ru-shrift-dlya-tiktok,,"localized, шрифты для тикток: красивый шрифт для описания, ника и подписей, fancy text generator, copy paste fonts, unicode fonts, copy and paste, ultratextgen"
"Знак бесконечности (∞): значение, история и как его набрать — Copy and Paste Fonts",https://ultratextgen.com/assets/pinterest/ru-symbol-beskonechnost.png,International Fancy Font Generators,,"Знак бесконечности (∞): значение, история и как его набрать. Знак бесконечности ∞ (U+221E) подробно — происхождение у Джона Валлиса в 1655 году, что он означает, как набрать на Windows и Mac и чем…. Copy and paste stylish Unicode fonts and symbols for bios, captions, usernames and posts — free,…",https://ultratextgen.com/ru/symbol/beskonechnost/?utm_source=pinterest&utm_medium=social&utm_campaign=organic_pins&utm_content=ru-symbol-beskonechnost,,"localized, знак бесконечности (∞): значение, история и как его набрать, fancy text generator, copy paste fonts, unicode fonts, copy and paste, ultratextgen"
"Знак градуса (°): значение, история и как его набрать — Copy and Paste Fonts",https://ultratextgen.com/assets/pinterest/ru-symbol-gradus.png,International Fancy Font Generators,,"Знак градуса (°): значение, история и как его набрать. Знак градуса ° (U+00B0) — для чего он в температуре, углах и координатах, чем отличается от º и как набрать его на Windows и Mac…. Copy and paste stylish Unicode fonts and symbols for bios, captions, usernames and posts — free, fast and…",https://ultratextgen.com/ru/symbol/gradus/?utm_source=pinterest&utm_medium=social&utm_campaign=organic_pins&utm_content=ru-symbol-gradus,,"localized, знак градуса (°): значение, история и как его набрать, fancy text generator, copy paste fonts, unicode fonts, copy and paste, ultratextgen"
Символы — разбор отдельных знаков Unicode — Copy and Paste Fonts,https://ultratextgen.com/assets/pinterest/ru-symbol.png,International Fancy Font Generators,,"Символы — разбор отдельных знаков Unicode. Ищете один конкретный символ? На каждой странице — разбор отдельного знака Unicode: значение, история, как набрать и где он работает…. Copy and paste stylish Unicode fonts and symbols for bios, captions, usernames and posts — free, fast and right in…",https://ultratextgen.com/ru/symbol/?utm_source=pinterest&utm_medium=social&utm_campaign=organic_pins&utm_content=ru-symbol,,"localized, символы — разбор отдельных знаков unicode, fancy text generator, copy paste fonts, unicode fonts, copy and paste, ultratextgen"
Знаки квадрата (²) и куба (³): скопировать надстрочные степени — Copy and Paste Fonts,https://ultratextgen.com/assets/pinterest/ru-symbol-kvadrat-i-kub.png,International Fancy Font Generators,,"Знаки квадрата (²) и куба (³): скопировать надстрочные степени. Скопируйте знаки квадрата (²) и куба (³) — надстрочные степени для показателей и единиц вроде m² и cm³, и почему они работают почти…. Copy and paste stylish Unicode fonts and symbols for bios, captions, usernames and posts — free,…",https://ultratextgen.com/ru/symbol/kvadrat-i-kub/?utm_source=pinterest&utm_medium=social&utm_campaign=organic_pins&utm_content=ru-symbol-kvadrat-i-kub,,"localized, знаки квадрата (²) и куба (³): скопировать надстрочные степени, fancy text generator, copy paste fonts, unicode fonts, copy and paste, ultratextgen"
"Знак квадратного корня (√): значение, история и как его набрать — Copy and Paste Fonts",https://ultratextgen.com/assets/pinterest/ru-symbol-kvadratnyy-koren.png,International Fancy Font Generators,,"Знак квадратного корня (√): значение, история и как его набрать. Знак квадратного корня √ (U+221A) подробно — происхождение 1525 года, что он означает, как набрать на Windows и Mac и где им можно…. Copy and paste stylish Unicode fonts and symbols for bios, captions, usernames and posts — free,…",https://ultratextgen.com/ru/symbol/kvadratnyy-koren/?utm_source=pinterest&utm_medium=social&utm_campaign=organic_pins&utm_content=ru-symbol-kvadratnyy-koren,,"localized, знак квадратного корня (√): значение, история и как его набрать, fancy text generator, copy paste fonts, unicode fonts, copy and paste, ultratextgen"
"Знак деления (÷): значение, история и как его набрать — Copy and Paste Fonts",https://ultratextgen.com/assets/pinterest/ru-symbol-znak-deleniya.png,International Fancy Font Generators,,"Знак деления (÷): значение, история и как его набрать. Знак деления ÷ (U+00F7), или «обелюс», подробно — происхождение 1659 года, как набрать на Windows и Mac и чем он отличается от дробной…. Copy and paste stylish Unicode fonts and symbols for bios, captions, usernames and posts — free, fast…",https://ultratextgen.com/ru/symbol/znak-deleniya/?utm_source=pinterest&utm_medium=social&utm_campaign=organic_pins&utm_content=ru-symbol-znak-deleniya,,"localized, знак деления (÷): значение, история и как его набрать, fancy text generator, copy paste fonts, unicode fonts, copy and paste, ultratextgen"
Знак умножения (×): скопировать символ умножения — Copy and Paste Fonts,https://ultratextgen.com/assets/pinterest/ru-symbol-znak-umnozheniya.png,International Fancy Font Generators,,"Знак умножения (×): скопировать символ умножения. Скопируйте знак умножения (×) — происхождение 1631 года, чем он отличается от буквы x и точки-оператора и как его набрать. Нажмите на…. Copy and paste stylish Unicode fonts and symbols for bios, captions, usernames and posts — free, fast and…",https://ultratextgen.com/ru/symbol/znak-umnozheniya/?utm_source=pinterest&utm_medium=social&utm_campaign=organic_pins&utm_content=ru-symbol-znak-umnozheniya,,"localized, знак умножения (×): скопировать символ умножения, fancy text generator, copy paste fonts, unicode fonts, copy and paste, ultratextgen"
Зачёркнутый текст (п̶р̶и̶в̶е̶т̶) — Зачеркнуть текст онлайн — Copy and Paste Fonts,https://ultratextgen.com/assets/pinterest/ru-zacherknutyy-tekst.png,International Fancy Font Generators,,"Зачёркнутый текст (п̶р̶и̶в̶е̶т̶) — Зачеркнуть текст онлайн. Зачеркнуть текст онлайн: генератор зачёркнутого и перечёркнутого текста (п̶р̶и̶в̶е̶т̶). Работает прямо на русских буквах — для Telegram…. Copy and paste stylish Unicode fonts and symbols for bios, captions, usernames and posts — free,…",https://ultratextgen.com/ru/zacherknutyy-tekst/?utm_source=pinterest&utm_medium=social&utm_campaign=organic_pins&utm_content=ru-zacherknutyy-tekst,,"localized, зачёркнутый текст (п̶р̶и̶в̶е̶т̶) — зачеркнуть текст онлайн, fancy text generator, copy paste fonts, unicode fonts, copy and paste, ultratextgen"
"Генератор зальго-текста — глитч, проклятый и искажённый текст — Copy and Paste Fonts",https://ultratextgen.com/assets/pinterest/ru-zalgo-text.png,International Fancy Font Generators,,"Генератор зальго-текста — глитч, проклятый и искажённый текст. Создавайте зальго и глитч-текст с помощью комбинируемых знаков Unicode. Полный контроль над символами, позицией, формой, частотой и…. Copy and paste stylish Unicode fonts and symbols for bios, captions, usernames and posts — free,…",https://ultratextgen.com/ru/zalgo-text/?utm_source=pinterest&utm_medium=social&utm_campaign=organic_pins&utm_content=ru-zalgo-text,,"localized, генератор зальго-текста — глитч, проклятый и искажённый текст, fancy text generator, copy paste fonts, unicode fonts, copy and paste, ultratextgen"
Генератор жирного шрифта — 𝐛𝐨𝐥𝐝 текст копировать и вставить — Copy and Paste Fonts,https://ultratextgen.com/assets/pinterest/ru-zhirnyy-shrift.png,International Fancy Font Generators,,"Генератор жирного шрифта — 𝐛𝐨𝐥𝐝 текст копировать и вставить. Бесплатный генератор жирного шрифта: превращайте текст в жирные символы Unicode для копирования — для описаний в Инстаграме, Телеграме…. Copy and paste stylish Unicode fonts and symbols for bios, captions, usernames and posts — free,…",https://ultratextgen.com/ru/zhirnyy-shrift/?utm_source=pinterest&utm_medium=social&utm_campaign=organic_pins&utm_content=ru-zhirnyy-shrift,,"localized, генератор жирного шрифта — 𝐛𝐨𝐥𝐝 текст копировать и вставить, fancy text generator, copy paste fonts, unicode fonts, copy and paste, ultratextgen"
Generátor gotického písma — 𝔤𝔬𝔱𝔦𝔠𝔨ý 𝔱𝔢𝔵𝔱 na kopírovanie — Copy and Paste Fonts,https://ultratextgen.com/assets/pinterest/sk-goticke-pismo.png,International Fancy Font Generators,,"Generátor gotického písma — 𝔤𝔬𝔱𝔦𝔠𝔨ý 𝔱𝔢𝔵𝔱 na kopírovanie. Bezplatný generátor gotického písma: preveď text na gotické znaky Unicode (fraktúra) na kopírovanie a vloženie — do bia na Instagrame…. Copy and paste stylish Unicode fonts and symbols for bios, captions, usernames and posts — free, fast…",https://ultratextgen.com/sk/goticke-pismo/?utm_source=pinterest&utm_medium=social&utm_campaign=organic_pins&utm_content=sk-goticke-pismo,,"localized, generátor gotického písma — 𝔤𝔬𝔱𝔦𝔠𝔨ý 𝔱𝔢𝔵𝔱 na kopírovanie, fancy text generator, copy paste fonts, unicode fonts, copy and paste, ultratextgen"
Ako oštýlovať meno na Discorde bez filtrovania a straty prístupnosti — Copy and Paste,https://ultratextgen.com/assets/pinterest/sk-guide-bezpecny-nick-na-discorde.png,International Fancy Font Generators,,"Ako oštýlovať meno na Discorde bez filtrovania a straty prístupnosti. Oštýlované meno na Discorde môže aj tak prepadnúť v troch tichých testoch: v zozname členov, pri @mention a vo filtri na vydávanie sa za…. Copy and paste stylish Unicode fonts and symbols for bios, captions, usernames and…",https://ultratextgen.com/sk/guide/bezpecny-nick-na-discorde/?utm_source=pinterest&utm_medium=social&utm_campaign=organic_pins&utm_content=sk-guide-bezpecny-nick-na-discorde,,"localized, ako oštýlovať meno na discorde bez filtrovania a straty prístupnosti, fancy text generator, copy paste fonts, unicode fonts, copy and paste, ultratextgen"
Formátovanie textu na Discorde: Markdown vs Unicode vs Nitro — Copy and Paste Fonts,https://ultratextgen.com/assets/pinterest/sk-guide-formatovanie-textu-na-discorde.png,International Fancy Font Generators,,"Formátovanie textu na Discorde: Markdown vs Unicode vs Nitro. Prečo tučné funguje na chate Discordu, ale nie v používateľskom mene — tri odlišné textové systémy, ktoré Discord používa (Markdown…. Copy and paste stylish Unicode fonts and symbols for bios, captions, usernames and posts — free,…",https://ultratextgen.com/sk/guide/formatovanie-textu-na-discorde/?utm_source=pinterest&utm_medium=social&utm_campaign=organic_pins&utm_content=sk-guide-formatovanie-textu-na-discorde,,"localized, formátovanie textu na discorde: markdown vs unicode vs nitro, fancy text generator, copy paste fonts, unicode fonts, copy and paste, ultratextgen"
Sprievodcovia UltraTextGen — zvládnite štýlovú typografiu — Copy and Paste Fonts,https://ultratextgen.com/assets/pinterest/sk-guide.png,International Fancy Font Generators,,"Sprievodcovia UltraTextGen — zvládnite štýlovú typografiu. Sprievodcovia UltraTextGen po slovensky: pochop a zvládni písma Unicode, oštýluj si nick a server na Discorde a vyťaž z ozdobných písem…. Copy and paste stylish Unicode fonts and symbols for bios, captions, usernames and posts — free,…",https://ultratextgen.com/sk/guide/?utm_source=pinterest&utm_medium=social&utm_campaign=organic_pins&utm_content=sk-guide,,"localized, sprievodcovia ultratextgen — zvládnite štýlovú typografiu, fancy text generator, copy paste fonts, unicode fonts, copy and paste, ultratextgen"
Kde funguje ozdobné písmo na Discorde: mapa pole po poli — Copy and Paste Fonts,https://ultratextgen.com/assets/pinterest/sk-guide-kde-funguje-pismo-na-discorde.png,International Fancy Font Generators,,"Kde funguje ozdobné písmo na Discorde: mapa pole po poli. Prečo Discord hovorí, že tvoje používateľské meno je neplatné, prečo tvoj kanál stratil veľké písmená a presne ktoré polia prijímajú…. Copy and paste stylish Unicode fonts and symbols for bios, captions, usernames and posts — free, fast…",https://ultratextgen.com/sk/guide/kde-funguje-pismo-na-discorde/?utm_source=pinterest&utm_medium=social&utm_campaign=organic_pins&utm_content=sk-guide-kde-funguje-pismo-na-discorde,,"localized, kde funguje ozdobné písmo na discorde: mapa pole po poli, fancy text generator, copy paste fonts, unicode fonts, copy and paste, ultratextgen"
"Ozdobné písmo a štýlový text na kopírovanie — písmená na Instagram, TikTok a prezývky",https://ultratextgen.com/assets/pinterest/sk.png,International Fancy Font Generators,,"Ozdobné písmo a štýlový text na kopírovanie — písmená na Instagram, TikTok a prezývky. Generátor ozdobného písma, estetických písmen a štýlového textu na kopírovanie. Tučné, kurzíva, gotika, bublinkové, Zalgo a symboly —…. Copy and paste stylish Unicode fonts and symbols for bios, captions,…",https://ultratextgen.com/sk/?utm_source=pinterest&utm_medium=social&utm_campaign=organic_pins&utm_content=sk,,"localized, ozdobné písmo a štýlový text na kopírovanie — písmená na instagram, tiktok a prezývky, fancy text generator, copy paste fonts, unicode fonts, copy and paste, ultratextgen"
Generátor kurzívy — 𝘬𝘶𝘳𝘻í𝘷𝘢 na kopírovanie — Copy and Paste Fonts,https://ultratextgen.com/assets/pinterest/sk-kurziva.png,International Fancy Font Generators,,"Generátor kurzívy — 𝘬𝘶𝘳𝘻í𝘷𝘢 na kopírovanie. Bezplatný generátor kurzívy: preveď text na sklonené písmená Unicode na kopírovanie a vloženie — do bia na Instagrame, na WhatsApp…. Copy and paste stylish Unicode fonts and symbols for bios, captions, usernames and posts — free, fast and right in your…",https://ultratextgen.com/sk/kurziva/?utm_source=pinterest&utm_medium=social&utm_campaign=organic_pins&utm_content=sk-kurziva,,"localized, generátor kurzívy — 𝘬𝘶𝘳𝘻í𝘷𝘢 na kopírovanie, fancy text generator, copy paste fonts, unicode fonts, copy and paste, ultratextgen"
Generátor malého písma — ᴍᴀʟé ᴘísᴍᴏ a kapitálky na kopírovanie — Copy and Paste Fonts,https://ultratextgen.com/assets/pinterest/sk-male-pismo.png,International Fancy Font Generators,,"Generátor malého písma — ᴍᴀʟé ᴘísᴍᴏ a kapitálky na kopírovanie. Bezplatný generátor malého písma: preveď text na malý text Unicode a kapitálky na kopírovanie a vloženie — do bia na Instagrame…. Copy and paste stylish Unicode fonts and symbols for bios, captions, usernames and posts — free, fast…",https://ultratextgen.com/sk/male-pismo/?utm_source=pinterest&utm_medium=social&utm_campaign=organic_pins&utm_content=sk-male-pismo,,"localized, generátor malého písma — ᴍᴀʟé ᴘísᴍᴏ a kapitálky na kopírovanie, fancy text generator, copy paste fonts, unicode fonts, copy and paste, ultratextgen"
Písmo pre Discord: písmená do nicku a bia (bez Nitra) — Copy and Paste Fonts,https://ultratextgen.com/assets/pinterest/sk-pismo-pre-discord.png,International Fancy Font Generators,,"Písmo pre Discord: písmená do nicku a bia (bez Nitra). Písmo pre Discord zadarmo: preveď meno na 𝘁𝘂č𝗻é, 𝓴𝓾𝓻𝔃𝓲𝓿𝓾 alebo 𝔤𝔬𝔱𝔦𝔨𝔲 a vlož do nicku, do sekcie „O mne“ a na chat. Písmo pre Discord…. Copy and paste stylish Unicode fonts and symbols for bios, captions, usernames and posts — free, fast and…",https://ultratextgen.com/sk/pismo-pre-discord/?utm_source=pinterest&utm_medium=social&utm_campaign=organic_pins&utm_content=sk-pismo-pre-discord,,"localized, písmo pre discord: písmená do nicku a bia (bez nitra), fancy text generator, copy paste fonts, unicode fonts, copy and paste, ultratextgen"
Písmo pre Instagram: ozdobné písmená do bia a popisov — Copy and Paste Fonts,https://ultratextgen.com/assets/pinterest/sk-pismo-pre-instagram.png,International Fancy Font Generators,,"Písmo pre Instagram: ozdobné písmená do bia a popisov. Písmo pre Instagram zadarmo: preveď text na 𝘁𝘂č𝗻é, 𝘬𝘶𝘳𝘻í𝘷𝘶 alebo 𝓴𝓪𝓵𝓲𝓰𝓻𝓪𝓯𝓲𝓾 a vlož do bia, do mena profilu, do popisu a do komentárov…. Copy and paste stylish Unicode fonts and symbols for bios, captions, usernames and posts — free, fast and…",https://ultratextgen.com/sk/pismo-pre-instagram/?utm_source=pinterest&utm_medium=social&utm_campaign=organic_pins&utm_content=sk-pismo-pre-instagram,,"localized, písmo pre instagram: ozdobné písmená do bia a popisov, fancy text generator, copy paste fonts, unicode fonts, copy and paste, ultratextgen"
Generátor tučného písma — 𝐭𝐮č𝐧é 𝐩í𝐬𝐦𝐨 na kopírovanie — Copy and Paste Fonts,https://ultratextgen.com/assets/pinterest/sk-tucne-pismo.png,International Fancy Font Generators,,"Generátor tučného písma — 𝐭𝐮č𝐧é 𝐩í𝐬𝐦𝐨 na kopírovanie. Bezplatný generátor tučného písma: preveď text na tučné znaky Unicode na kopírovanie a vloženie — do bia na Instagrame, na WhatsApp…. Copy and paste stylish Unicode fonts and symbols for bios, captions, usernames and posts — free, fast and…",https://ultratextgen.com/sk/tucne-pismo/?utm_source=pinterest&utm_medium=social&utm_campaign=organic_pins&utm_content=sk-tucne-pismo,,"localized, generátor tučného písma — 𝐭𝐮č𝐧é 𝐩í𝐬𝐦𝐨 na kopírovanie, fancy text generator, copy paste fonts, unicode fonts, copy and paste, ultratextgen"
Písmo pre Bio — Copy and Paste Fonts — UltraTextGen,https://ultratextgen.com/assets/pinterest/sk-usecase-pismo-pre-bio.png,International Fancy Font Generators,,"Písmo pre Bio. Fonty a symboly pre tvoje bio na Instagrame. Copy and paste stylish Unicode fonts and symbols for bios, captions, usernames and posts — free, fast and right in your browser with UltraTextGen.",https://ultratextgen.com/sk/usecase/pismo-pre-bio/?utm_source=pinterest&utm_medium=social&utm_campaign=organic_pins&utm_content=sk-usecase-pismo-pre-bio,,"localized, písmo pre bio, fancy text generator, copy paste fonts, unicode fonts, copy and paste, ultratextgen"
Fontovi za Discord: Slova za Nadimak i Bio (Bez Nitra) — Fontovi za Discord besplatno ·,https://ultratextgen.com/assets/pinterest/sr-fontovi-za-discord.png,International Fancy Font Generators,,"Fontovi za Discord: Slova za Nadimak i Bio (Bez Nitra). Fontovi za Discord besplatno: pretvori ime u 𝗽𝗼𝗱𝗲𝗯𝗹𝗷𝗮𝗻𝗼, 𝓴𝓾𝓻𝔃𝓲𝓿 ili 𝔤𝔬𝔱𝔦𝔠𝔲 i nalepi u nadimak, u odeljak „O meni” i u chat. Fontovi za…. Copy and paste stylish Unicode fonts and symbols for bios, captions, usernames and posts — free, fast…",https://ultratextgen.com/sr/fontovi-za-discord/?utm_source=pinterest&utm_medium=social&utm_campaign=organic_pins&utm_content=sr-fontovi-za-discord,,"localized, fontovi za discord: slova za nadimak i bio (bez nitra), fancy text generator, copy paste fonts, unicode fonts, copy and paste, ultratextgen"
Fontovi za Instagram: lepa slova za bio i opise — Copy and Paste Fonts,https://ultratextgen.com/assets/pinterest/sr-fontovi-za-instagram.png,International Fancy Font Generators,,"Fontovi za Instagram: lepa slova za bio i opise. Fontovi za Instagram besplatno: pretvori tekst u 𝗽𝗼𝗱𝗲𝗯𝗹𝗷𝗮𝗻𝗼, 𝘬𝘶𝘳𝘻𝘪𝘷 ili 𝓴𝓪𝓵𝓲𝓰𝓻𝓪𝓯𝓲𝓳𝓾 i nalepi u bio, u ime profila, u opis i u komentare…. Copy and paste stylish Unicode fonts and symbols for bios, captions, usernames and posts — free, fast and…",https://ultratextgen.com/sr/fontovi-za-instagram/?utm_source=pinterest&utm_medium=social&utm_campaign=organic_pins&utm_content=sr-fontovi-za-instagram,,"localized, fontovi za instagram: lepa slova za bio i opise, fancy text generator, copy paste fonts, unicode fonts, copy and paste, ultratextgen"
Generator Gotičkih Slova — 𝔤𝔬𝔱𝔦𝔠𝔞 za kopiranje — Besplatan generator gotičkih slova ·,https://ultratextgen.com/assets/pinterest/sr-goticka-slova.png,International Fancy Font Generators,,"Generator Gotičkih Slova — 𝔤𝔬𝔱𝔦𝔠𝔞 za kopiranje. Besplatan generator gotičkih slova: pretvori tekst u gotičke Unicode znakove (fraktura) za kopiranje i lepljenje — u bio na Instagramu…. Copy and paste stylish Unicode fonts and symbols for bios, captions, usernames and posts — free, fast and right…",https://ultratextgen.com/sr/goticka-slova/?utm_source=pinterest&utm_medium=social&utm_campaign=organic_pins&utm_content=sr-goticka-slova,,"localized, generator gotičkih slova — 𝔤𝔬𝔱𝔦𝔠𝔞 za kopiranje, fancy text generator, copy paste fonts, unicode fonts, copy and paste, ultratextgen"
Bezbedan nadimak na Discordu: bez filtera i bez gubitka pristupačnosti — Copy and Paste,https://ultratextgen.com/assets/pinterest/sr-guide-bezbedan-nadimak-na-discordu.png,International Fancy Font Generators,,"Bezbedan nadimak na Discordu: bez filtera i bez gubitka pristupačnosti. Stilizovano ime na Discordu i dalje može da padne na tri tiha testa: lista članova, @pominjanje i filter za lažno predstavljanje. Evo…. Copy and paste stylish Unicode fonts and symbols for bios, captions, usernames and posts…",https://ultratextgen.com/sr/guide/bezbedan-nadimak-na-discordu/?utm_source=pinterest&utm_medium=social&utm_campaign=organic_pins&utm_content=sr-guide-bezbedan-nadimak-na-discordu,,"localized, bezbedan nadimak na discordu: bez filtera i bez gubitka pristupačnosti, fancy text generator, copy paste fonts, unicode fonts, copy and paste, ultratextgen"
"Formatiranje teksta na Discordu: Markdown, Unicode i Nitro — Copy and Paste Fonts",https://ultratextgen.com/assets/pinterest/sr-guide-formatiranje-teksta-na-discordu.png,International Fancy Font Generators,,"Formatiranje teksta na Discordu: Markdown, Unicode i Nitro. Zašto podebljano radi u Discord chatu, ali ne i u tvom korisničkom imenu — tri različita sistema za tekst koja Discord koristi…. Copy and paste stylish Unicode fonts and symbols for bios, captions, usernames and posts — free, fast and…",https://ultratextgen.com/sr/guide/formatiranje-teksta-na-discordu/?utm_source=pinterest&utm_medium=social&utm_campaign=organic_pins&utm_content=sr-guide-formatiranje-teksta-na-discordu,,"localized, formatiranje teksta na discordu: markdown, unicode i nitro, fancy text generator, copy paste fonts, unicode fonts, copy and paste, ultratextgen"
Gde fontovi rade na Discordu: mapa polje po polje — Copy and Paste Fonts,https://ultratextgen.com/assets/pinterest/sr-guide-gde-fontovi-rade-na-discordu.png,International Fancy Font Generators,,"Gde fontovi rade na Discordu: mapa polje po polje. Zašto Discord kaže da je tvoje korisničko ime nevažeće, zašto je naziv kanala izgubio velika slova i koja tačno polja primaju Unicode…. Copy and paste stylish Unicode fonts and symbols for bios, captions, usernames and posts — free, fast and…",https://ultratextgen.com/sr/guide/gde-fontovi-rade-na-discordu/?utm_source=pinterest&utm_medium=social&utm_campaign=organic_pins&utm_content=sr-guide-gde-fontovi-rade-na-discordu,,"localized, gde fontovi rade na discordu: mapa polje po polje, fancy text generator, copy paste fonts, unicode fonts, copy and paste, ultratextgen"
Vodiči UltraTextGen — ovladaj stilizovanom tipografijom — Copy and Paste Fonts,https://ultratextgen.com/assets/pinterest/sr-guide.png,International Fancy Font Generators,,"Vodiči UltraTextGen — ovladaj stilizovanom tipografijom. Vodiči UltraTextGen na srpskom: razumi i ovladaj Unicode fontovima, stilizuj svoj nadimak i server na Discordu i izvuci najviše iz…. Copy and paste stylish Unicode fonts and symbols for bios, captions, usernames and posts — free, fast and…",https://ultratextgen.com/sr/guide/?utm_source=pinterest&utm_medium=social&utm_campaign=organic_pins&utm_content=sr-guide,,"localized, vodiči ultratextgen — ovladaj stilizovanom tipografijom, fancy text generator, copy paste fonts, unicode fonts, copy and paste, ultratextgen"
"Lepi Fontovi i Stilizovana Slova za Kopiranje — Slova za Instagram, TikTok i Nadimke",https://ultratextgen.com/assets/pinterest/sr.png,International Fancy Font Generators,,"Lepi Fontovi i Stilizovana Slova za Kopiranje — Slova za Instagram, TikTok i Nadimke. Generator lepih fontova, estetskih slova i stilizovanog teksta za kopiranje. Podebljano, kurziv, gotica, balončasta, Zalgo i simboli —…. Copy and paste stylish Unicode fonts and symbols for bios, captions,…",https://ultratextgen.com/sr/?utm_source=pinterest&utm_medium=social&utm_campaign=organic_pins&utm_content=sr,,"localized, lepi fontovi i stilizovana slova za kopiranje — slova za instagram, tiktok i nadimke, fancy text generator, copy paste fonts, unicode fonts, copy and paste, ultratextgen"
Generator Kurziva — 𝘬𝘶𝘳𝘻𝘪𝘷 za kopiranje — Besplatan generator kurziva: pretvori ·,https://ultratextgen.com/assets/pinterest/sr-kurziv.png,International Fancy Font Generators,,"Generator Kurziva — 𝘬𝘶𝘳𝘻𝘪𝘷 za kopiranje. Besplatan generator kurziva: pretvori tekst u ukošena Unicode slova za kopiranje i lepljenje — u bio na Instagramu, WhatsApp, TikTok…. Copy and paste stylish Unicode fonts and symbols for bios, captions, usernames and posts — free, fast and right in your…",https://ultratextgen.com/sr/kurziv/?utm_source=pinterest&utm_medium=social&utm_campaign=organic_pins&utm_content=sr-kurziv,,"localized, generator kurziva — 𝘬𝘶𝘳𝘻𝘪𝘷 za kopiranje, fancy text generator, copy paste fonts, unicode fonts, copy and paste, ultratextgen"
Generator Malih Slova — ᴍᴀʟᴀ sʟᴏᴠᴀ i kapitalke za kopiranje — Besplatan generator malih ·,https://ultratextgen.com/assets/pinterest/sr-mala-slova.png,International Fancy Font Generators,,"Generator Malih Slova — ᴍᴀʟᴀ sʟᴏᴠᴀ i kapitalke za kopiranje. Besplatan generator malih slova: pretvori tekst u mali Unicode tekst i kapitalke za kopiranje i lepljenje — u bio na Instagramu…. Copy and paste stylish Unicode fonts and symbols for bios, captions, usernames and posts — free, fast and…",https://ultratextgen.com/sr/mala-slova/?utm_source=pinterest&utm_medium=social&utm_campaign=organic_pins&utm_content=sr-mala-slova,,"localized, generator malih slova — ᴍᴀʟᴀ sʟᴏᴠᴀ i kapitalke za kopiranje, fancy text generator, copy paste fonts, unicode fonts, copy and paste, ultratextgen"
Generator Podebljanih Slova — 𝐩𝐨𝐝𝐞𝐛𝐥𝐣𝐚𝐧𝐚 𝐬𝐥𝐨𝐯𝐚 za kopiranje — Besplatan generator ·,https://ultratextgen.com/assets/pinterest/sr-podebljana-slova.png,International Fancy Font Generators,,"Generator Podebljanih Slova — 𝐩𝐨𝐝𝐞𝐛𝐥𝐣𝐚𝐧𝐚 𝐬𝐥𝐨𝐯𝐚 za kopiranje. Besplatan generator podebljanih slova: pretvori tekst u podebljane Unicode znakove za kopiranje i lepljenje — u bio na Instagramu…. Copy and paste stylish Unicode fonts and symbols for bios, captions, usernames and posts — free, fast…",https://ultratextgen.com/sr/podebljana-slova/?utm_source=pinterest&utm_medium=social&utm_campaign=organic_pins&utm_content=sr-podebljana-slova,,"localized, generator podebljanih slova — 𝐩𝐨𝐝𝐞𝐛𝐥𝐣𝐚𝐧𝐚 𝐬𝐥𝐨𝐯𝐚 za kopiranje, fancy text generator, copy paste fonts, unicode fonts, copy and paste, ultratextgen"
Styla ett Discord-namn utan att fastna i filtren eller sänka tillgängligheten — Copy,https://ultratextgen.com/assets/pinterest/sv-guide-discord-namn-utan-risk.png,International Fancy Font Generators,,"Styla ett Discord-namn utan att fastna i filtren eller sänka tillgängligheten. Ett stylat Discord-namn kan ändå falla på tre tysta tester: medlemslistan, @omnämnandet och filtret mot identitetskapning. Så här håller…. Copy and paste stylish Unicode fonts and symbols for bios, captions, usernames…",https://ultratextgen.com/sv/guide/discord-namn-utan-risk/?utm_source=pinterest&utm_medium=social&utm_campaign=organic_pins&utm_content=sv-guide-discord-namn-utan-risk,,"localized, styla ett discord-namn utan att fastna i filtren eller sänka tillgängligheten, fancy text generator, copy paste fonts, unicode fonts, copy and paste, ultratextgen"
"Discord-typsnitt och formatering förklarat: Markdown, Unicode och Nitro — Copy and",https://ultratextgen.com/assets/pinterest/sv-guide-discord-textformatering-forklarad.png,International Fancy Font Generators,,"Discord-typsnitt och formatering förklarat: Markdown, Unicode och Nitro. Varför fetstil fungerar i Discord-chatten men inte i ditt användarnamn — de tre olika textsystem Discord använder (Markdown…. Copy and paste stylish Unicode fonts and symbols for bios, captions, usernames and posts — free,…",https://ultratextgen.com/sv/guide/discord-textformatering-forklarad/?utm_source=pinterest&utm_medium=social&utm_campaign=organic_pins&utm_content=sv-guide-discord-textformatering-forklarad,,"localized, discord-typsnitt och formatering förklarat: markdown, unicode och nitro, fancy text generator, copy paste fonts, unicode fonts, copy and paste, ultratextgen"
UltraTextGen-guider — bemästra stylad typografi — Copy and Paste Fonts,https://ultratextgen.com/assets/pinterest/sv-guide.png,International Fancy Font Generators,,"UltraTextGen-guider — bemästra stylad typografi. UltraTextGens guider på svenska: förstå och bemästra Unicode-typsnitt, styla ditt Discord-namn och din server, och få ut mesta möjliga…. Copy and paste stylish Unicode fonts and symbols for bios, captions, usernames and posts — free, fast and…",https://ultratextgen.com/sv/guide/?utm_source=pinterest&utm_medium=social&utm_campaign=organic_pins&utm_content=sv-guide,,"localized, ultratextgen-guider — bemästra stylad typografi, fancy text generator, copy paste fonts, unicode fonts, copy and paste, ultratextgen"
Var snygga typsnitt fungerar i Discord: kartan fält för fält — Copy and Paste Fonts,https://ultratextgen.com/assets/pinterest/sv-guide-var-typsnitt-fungerar-i-discord.png,International Fancy Font Generators,,"Var snygga typsnitt fungerar i Discord: kartan fält för fält. Varför Discord säger att ditt användarnamn är ogiltigt, varför ditt kanalnamn tappade sina versaler, och exakt vilka fält som accepterar…. Copy and paste stylish Unicode fonts and symbols for bios, captions, usernames and posts —…",https://ultratextgen.com/sv/guide/var-typsnitt-fungerar-i-discord/?utm_source=pinterest&utm_medium=social&utm_campaign=organic_pins&utm_content=sv-guide-var-typsnitt-fungerar-i-discord,,"localized, var snygga typsnitt fungerar i discord: kartan fält för fält, fancy text generator, copy paste fonts, unicode fonts, copy and paste, ultratextgen"
