Title,Media URL,Pinterest board,Thumbnail,Description,Link,Publish date,Keywords
"Bezpečný nick na Discordu: styl, který projde filtry — Copy and Paste Fonts",https://ultratextgen.com/assets/pinterest/cs-guide-bezpecny-nick-na-discordu.png,International Fancy Font Generators,,"Bezpečný nick na Discordu: styl, který projde filtry. Ostylovaný nick na Discordu může tiše selhat ve třech testech: v seznamu členů, u @zmínky a ve filtru proti napodobování. Poradíme, jak…. Copy and paste stylish Unicode fonts and symbols for bios, captions, usernames and posts — free, fast…",https://ultratextgen.com/cs/guide/bezpecny-nick-na-discordu/?utm_source=pinterest&utm_medium=social&utm_campaign=organic_pins&utm_content=cs-guide-bezpecny-nick-na-discordu,,"localized, bezpečný nick na discordu: styl, který projde filtry, fancy text generator, copy paste fonts, unicode fonts, copy and paste, ultratextgen"
Formátování a písma na Discordu: Markdown vs Unicode vs Nitro — Copy and Paste Fonts,https://ultratextgen.com/assets/pinterest/cs-guide-formatovani-textu-na-discordu.png,International Fancy Font Generators,,"Formátování a písma na Discordu: Markdown vs Unicode vs Nitro. Proč tučné funguje na chatu Discordu, ale ne ve jménu — tři různé textové systémy Discordu (Markdown, písma Unicode, Nitro) a přesně kdy…. Copy and paste stylish Unicode fonts and symbols for bios, captions, usernames and posts —…",https://ultratextgen.com/cs/guide/formatovani-textu-na-discordu/?utm_source=pinterest&utm_medium=social&utm_campaign=organic_pins&utm_content=cs-guide-formatovani-textu-na-discordu,,"localized, formátování a písma na discordu: markdown vs unicode vs nitro, fancy text generator, copy paste fonts, unicode fonts, copy and paste, ultratextgen"
Návody UltraTextGen — zvládni stylové písmo — Copy and Paste Fonts,https://ultratextgen.com/assets/pinterest/cs-guide.png,International Fancy Font Generators,,"Návody UltraTextGen — zvládni stylové písmo. Návody UltraTextGen v češtině: pochop a zvládni písma Unicode, ostyluj si nick a server na Discordu a vytěž ze stylového písma maximum. Copy and paste stylish Unicode fonts and symbols for bios, captions, usernames and posts — free, fast and right in…",https://ultratextgen.com/cs/guide/?utm_source=pinterest&utm_medium=social&utm_campaign=organic_pins&utm_content=cs-guide,,"localized, návody ultratextgen — zvládni stylové písmo, fancy text generator, copy paste fonts, unicode fonts, copy and paste, ultratextgen"
Kde funguje ozdobné písmo na Discordu: mapa pole po poli — Copy and Paste Fonts,https://ultratextgen.com/assets/pinterest/cs-guide-kde-funguje-pismo-na-discordu.png,International Fancy Font Generators,,"Kde funguje ozdobné písmo na Discordu: mapa pole po poli. Proč Discord hlásí neplatné uživatelské jméno, proč tvůj kanál přišel o velká písmena a přesně která pole přijmou písma Unicode — jedna…. Copy and paste stylish Unicode fonts and symbols for bios, captions, usernames and posts — free,…",https://ultratextgen.com/cs/guide/kde-funguje-pismo-na-discordu/?utm_source=pinterest&utm_medium=social&utm_campaign=organic_pins&utm_content=cs-guide-kde-funguje-pismo-na-discordu,,"localized, kde funguje ozdobné písmo na discordu: mapa pole po poli, fancy text generator, copy paste fonts, unicode fonts, copy and paste, ultratextgen"
"Ozdobné písmo a stylový text ke zkopírování — písmenka na Instagram, TikTok a nicky",https://ultratextgen.com/assets/pinterest/cs.png,International Fancy Font Generators,,"Ozdobné písmo a stylový text ke zkopírování — písmenka na Instagram, TikTok a nicky. Generátor ozdobného písma, estetických písmenek a stylového textu ke zkopírování. Tučné, kurzíva, gotika, bublinkové, Zalgo a symboly —…. Copy and paste stylish Unicode fonts and symbols for bios, captions,…",https://ultratextgen.com/cs/?utm_source=pinterest&utm_medium=social&utm_campaign=organic_pins&utm_content=cs,,"localized, ozdobné písmo a stylový text ke zkopírování — písmenka na instagram, tiktok a nicky, fancy text generator, copy paste fonts, unicode fonts, copy and paste, ultratextgen"
Generátor kurzívy — 𝘬𝘶𝘳𝘻í𝘷𝘢 ke zkopírování — Copy and Paste Fonts,https://ultratextgen.com/assets/pinterest/cs-kurziva.png,International Fancy Font Generators,,"Generátor kurzívy — 𝘬𝘶𝘳𝘻í𝘷𝘢 ke zkopírování. Bezplatný generátor kurzívy: převeď text na skloněná písmena Unicode ke zkopírování a vložení — do bia na Instagramu, na WhatsApp…. Copy and paste stylish Unicode fonts and symbols for bios, captions, usernames and posts — free, fast and right in your…",https://ultratextgen.com/cs/kurziva/?utm_source=pinterest&utm_medium=social&utm_campaign=organic_pins&utm_content=cs-kurziva,,"localized, generátor kurzívy — 𝘬𝘶𝘳𝘻í𝘷𝘢 ke zkopírování, fancy text generator, copy paste fonts, unicode fonts, copy and paste, ultratextgen"
Generátor malého písma — ᴍᴀʟé ᴘísᴍᴏ a kapitálky ke zkopírování — Copy and Paste Fonts,https://ultratextgen.com/assets/pinterest/cs-male-pismo.png,International Fancy Font Generators,,"Generátor malého písma — ᴍᴀʟé ᴘísᴍᴏ a kapitálky ke zkopírování. Bezplatný generátor malého písma: převeď text na malý text Unicode a kapitálky ke zkopírování a vložení — do bia na Instagramu…. Copy and paste stylish Unicode fonts and symbols for bios, captions, usernames and posts — free, fast…",https://ultratextgen.com/cs/male-pismo/?utm_source=pinterest&utm_medium=social&utm_campaign=organic_pins&utm_content=cs-male-pismo,,"localized, generátor malého písma — ᴍᴀʟé ᴘísᴍᴏ a kapitálky ke zkopírování, fancy text generator, copy paste fonts, unicode fonts, copy and paste, ultratextgen"
Písmo pro Discord: písmenka do nicku a bia (bez Nitra) — Copy and Paste Fonts,https://ultratextgen.com/assets/pinterest/cs-pismo-pro-discord.png,International Fancy Font Generators,,"Písmo pro Discord: písmenka do nicku a bia (bez Nitra). Písmo pro Discord zdarma: převeď jméno na 𝘁𝘂č𝗻é, 𝓴𝓾𝓻𝔃𝓲𝓿𝓾 nebo 𝔤𝔬𝔱𝔦𝔨𝔲 a vlož do nicku, do sekce „O mně“ a na chat. Písmo pro Discord bez…. Copy and paste stylish Unicode fonts and symbols for bios, captions, usernames and posts — free, fast…",https://ultratextgen.com/cs/pismo-pro-discord/?utm_source=pinterest&utm_medium=social&utm_campaign=organic_pins&utm_content=cs-pismo-pro-discord,,"localized, písmo pro discord: písmenka do nicku a bia (bez nitra), fancy text generator, copy paste fonts, unicode fonts, copy and paste, ultratextgen"
Písmo pro Instagram: ozdobná písmenka do bia a popisků — Copy and Paste Fonts,https://ultratextgen.com/assets/pinterest/cs-pismo-pro-instagram.png,International Fancy Font Generators,,"Písmo pro Instagram: ozdobná písmenka do bia a popisků. Písmo pro Instagram zdarma: převeď text na 𝘁𝘂č𝗻é, 𝘬𝘶𝘳𝘻í𝘷𝘶 nebo 𝓴𝓪𝓵𝓲𝓰𝓻𝓪𝓯𝓲𝓲 a vlož do bia, do jména profilu, do popisku a do komentářů…. Copy and paste stylish Unicode fonts and symbols for bios, captions, usernames and posts — free, fast and…",https://ultratextgen.com/cs/pismo-pro-instagram/?utm_source=pinterest&utm_medium=social&utm_campaign=organic_pins&utm_content=cs-pismo-pro-instagram,,"localized, písmo pro instagram: ozdobná písmenka do bia a popisků, fancy text generator, copy paste fonts, unicode fonts, copy and paste, ultratextgen"
Speciální Znaky — Copy and Paste Fonts — UltraTextGen,https://ultratextgen.com/assets/pinterest/cs-specialni-znaky.png,International Fancy Font Generators,,"Speciální Znaky. Symboly na kopírování. Copy and paste stylish Unicode fonts and symbols for bios, captions, usernames and posts — free, fast and right in your browser with UltraTextGen.",https://ultratextgen.com/cs/specialni-znaky/?utm_source=pinterest&utm_medium=social&utm_campaign=organic_pins&utm_content=cs-specialni-znaky,,"localized, speciální znaky, fancy text generator, copy paste fonts, unicode fonts, copy and paste, ultratextgen"
Generátor tučného písma — 𝐭𝐮č𝐧é 𝐩í𝐬𝐦𝐨 ke zkopírování — Copy and Paste Fonts,https://ultratextgen.com/assets/pinterest/cs-tucne-pismo.png,International Fancy Font Generators,,"Generátor tučného písma — 𝐭𝐮č𝐧é 𝐩í𝐬𝐦𝐨 ke zkopírování. Bezplatný generátor tučného písma: převeď text na tučné znaky Unicode ke zkopírování a vložení — do bia na Instagramu, na WhatsApp…. Copy and paste stylish Unicode fonts and symbols for bios, captions, usernames and posts — free, fast and…",https://ultratextgen.com/cs/tucne-pismo/?utm_source=pinterest&utm_medium=social&utm_campaign=organic_pins&utm_content=cs-tucne-pismo,,"localized, generátor tučného písma — 𝐭𝐮č𝐧é 𝐩í𝐬𝐦𝐨 ke zkopírování, fancy text generator, copy paste fonts, unicode fonts, copy and paste, ultratextgen"
Písmo pro Bio — Copy and Paste Fonts — UltraTextGen,https://ultratextgen.com/assets/pinterest/cs-usecase-pismo-pro-bio.png,International Fancy Font Generators,,"Písmo pro Bio. Fonty a symboly pro tvoje bio na Instagramu. Copy and paste stylish Unicode fonts and symbols for bios, captions, usernames and posts — free, fast and right in your browser with UltraTextGen.",https://ultratextgen.com/cs/usecase/pismo-pro-bio/?utm_source=pinterest&utm_medium=social&utm_campaign=organic_pins&utm_content=cs-usecase-pismo-pro-bio,,"localized, písmo pro bio, fancy text generator, copy paste fonts, unicode fonts, copy and paste, ultratextgen"
Discord-skrifttyper og formatering forklaret: Markdown vs. Unicode vs. Nitro — Copy and,https://ultratextgen.com/assets/pinterest/da-guide-discord-tekstformatering-forklaret.png,International Fancy Font Generators,,"Discord-skrifttyper og formatering forklaret: Markdown vs. Unicode vs. Nitro. Hvorfor fed skrift virker i Discord-chatten, men ikke i dit brugernavn — de tre forskellige tekstsystemer, Discord bruger (Markdown…. Copy and paste stylish Unicode fonts and symbols for bios, captions, usernames and…",https://ultratextgen.com/da/guide/discord-tekstformatering-forklaret/?utm_source=pinterest&utm_medium=social&utm_campaign=organic_pins&utm_content=da-guide-discord-tekstformatering-forklaret,,"localized, discord-skrifttyper og formatering forklaret: markdown vs. unicode vs. nitro, fancy text generator, copy paste fonts, unicode fonts, copy and paste, ultratextgen"
Hvor virker smarte skrifttyper i Discord: felt for felt-kortet — Copy and Paste Fonts,https://ultratextgen.com/assets/pinterest/da-guide-hvor-virker-skrifttyper-i-discord.png,International Fancy Font Generators,,"Hvor virker smarte skrifttyper i Discord: felt for felt-kortet. Hvorfor Discord siger, at dit brugernavn er ugyldigt, hvorfor dit kanalnavn mistede sine store bogstaver, og præcis hvilke felter der…. Copy and paste stylish Unicode fonts and symbols for bios, captions, usernames and posts — free,…",https://ultratextgen.com/da/guide/hvor-virker-skrifttyper-i-discord/?utm_source=pinterest&utm_medium=social&utm_campaign=organic_pins&utm_content=da-guide-hvor-virker-skrifttyper-i-discord,,"localized, hvor virker smarte skrifttyper i discord: felt for felt-kortet, fancy text generator, copy paste fonts, unicode fonts, copy and paste, ultratextgen"
UltraTextGen-guides — mestr stiliseret typografi — Copy and Paste Fonts,https://ultratextgen.com/assets/pinterest/da-guide.png,International Fancy Font Generators,,"UltraTextGen-guides — mestr stiliseret typografi. UltraTextGen-guides på dansk: forstå og mestr Unicode-skrifttyper, stiliser dit Discord-navn og din server, og få det bedste ud af…. Copy and paste stylish Unicode fonts and symbols for bios, captions, usernames and posts — free, fast and right…",https://ultratextgen.com/da/guide/?utm_source=pinterest&utm_medium=social&utm_campaign=organic_pins&utm_content=da-guide,,"localized, ultratextgen-guides — mestr stiliseret typografi, fancy text generator, copy paste fonts, unicode fonts, copy and paste, ultratextgen"
Styl et Discord-navn uden at blive filtreret eller skade tilgængeligheden — Copy and,https://ultratextgen.com/assets/pinterest/da-guide-sikkert-discord-navn.png,International Fancy Font Generators,,"Styl et Discord-navn uden at blive filtreret eller skade tilgængeligheden. Et stiliseret Discord-navn kan stadig dumpe tre stille tests: medlemslisten, @mention og efterligningsfilteret. Sådan holder du det…. Copy and paste stylish Unicode fonts and symbols for bios, captions, usernames and…",https://ultratextgen.com/da/guide/sikkert-discord-navn/?utm_source=pinterest&utm_medium=social&utm_campaign=organic_pins&utm_content=da-guide-sikkert-discord-navn,,"localized, styl et discord-navn uden at blive filtreret eller skade tilgængeligheden, fancy text generator, copy paste fonts, unicode fonts, copy and paste, ultratextgen"
Skrifttyper – 88 Unicode-skrifttyper (kopiér og indsæt) — Copy and Paste Fonts,https://ultratextgen.com/assets/pinterest/da.png,International Fancy Font Generators,,"Skrifttyper – 88 Unicode-skrifttyper (kopiér og indsæt). Skrifttyper der gør almindelig tekst om til sej tekst: 88 Unicode-skrifttyper med fed skrift, kursiv/script, håndskrift, gotisk, bobler…. Copy and paste stylish Unicode fonts and symbols for bios, captions, usernames and posts — free, fast…",https://ultratextgen.com/da/?utm_source=pinterest&utm_medium=social&utm_campaign=organic_pins&utm_content=da,,"localized, skrifttyper – 88 unicode-skrifttyper (kopiér og indsæt), fancy text generator, copy paste fonts, unicode fonts, copy and paste, ultratextgen"
Fluebensymboler (✓ ✔ ✅ ✗) — kopiér og indsæt flueben og kryds — Copy and Paste Fonts,https://ultratextgen.com/assets/pinterest/da-library-flueben-symboler.png,International Fancy Font Generators,,"Fluebensymboler (✓ ✔ ✅ ✗) — kopiér og indsæt flueben og kryds. Fluebensymboler og afkrydsning til at kopiere og indsætte: ✓ ✔ ✅ ✗ ✘ ❌ ☑ ☐ og færdige tjeklister. Til lister, skemaer og status — klik…. Copy and paste stylish Unicode fonts and symbols for bios, captions, usernames and posts — free,…",https://ultratextgen.com/da/library/flueben-symboler/?utm_source=pinterest&utm_medium=social&utm_campaign=organic_pins&utm_content=da-library-flueben-symboler,,"localized, fluebensymboler (✓ ✔ ✅ ✗) — kopiér og indsæt flueben og kryds, fancy text generator, copy paste fonts, unicode fonts, copy and paste, ultratextgen"
Græske bogstaver: kopiér og indsæt hele det græske alfabet (α β Δ Σ Ω π) — Copy and,https://ultratextgen.com/assets/pinterest/da-library-graeske-bogstaver.png,International Fancy Font Generators,,"Græske bogstaver: kopiér og indsæt hele det græske alfabet (α β Δ Σ Ω π). Kopiér og indsæt alle græske bogstaver — store og små, plus matematiske variantformer som alfa, beta, delta, sigma, omega og pi. Klik på…. Copy and paste stylish Unicode fonts and symbols for bios, captions, usernames and…",https://ultratextgen.com/da/library/graeske-bogstaver/?utm_source=pinterest&utm_medium=social&utm_campaign=organic_pins&utm_content=da-library-graeske-bogstaver,,"localized, græske bogstaver: kopiér og indsæt hele det græske alfabet (α β δ σ ω π), fancy text generator, copy paste fonts, unicode fonts, copy and paste, ultratextgen"
Hjertesymboler (♡ ♥ ❤) — kopiér og indsæt hjertetegn — Copy and Paste Fonts,https://ultratextgen.com/assets/pinterest/da-library-hjerte-symboler.png,International Fancy Font Generators,,"Hjertesymboler (♡ ♥ ❤) — kopiér og indsæt hjertetegn. Hjertesymboler til at kopiere og indsætte: ♡ ♥ ❥ ❤ 🤍 💕 og mange flere. Til Instagram-bio, navn, billedtekst og hilsener — klik på et…. Copy and paste stylish Unicode fonts and symbols for bios, captions, usernames and posts — free, fast and…",https://ultratextgen.com/da/library/hjerte-symboler/?utm_source=pinterest&utm_medium=social&utm_campaign=organic_pins&utm_content=da-library-hjerte-symboler,,"localized, hjertesymboler (♡ ♥ ❤) — kopiér og indsæt hjertetegn, fancy text generator, copy paste fonts, unicode fonts, copy and paste, ultratextgen"
"Symboler til at kopiere og indsætte — hjerte, gradtegn, pil og mere — Copy and Paste Fonts",https://ultratextgen.com/assets/pinterest/da-library.png,International Fancy Font Generators,,"Symboler til at kopiere og indsætte — hjerte, gradtegn, pil og mere. Symboler du kan kopiere og indsætte: hjerte ♡, gradtegn °, pil →, græske bogstaver, matematiske symboler, valutategn og fluebensymboler…. Copy and paste stylish Unicode fonts and symbols for bios, captions, usernames and posts…",https://ultratextgen.com/da/library/?utm_source=pinterest&utm_medium=social&utm_campaign=organic_pins&utm_content=da-library,,"localized, symboler til at kopiere og indsætte — hjerte, gradtegn, pil og mere, fancy text generator, copy paste fonts, unicode fonts, copy and paste, ultratextgen"
Matematiske symboler (± × ÷ √ ∞ ∑) — kopiér og indsæt — Copy and Paste Fonts,https://ultratextgen.com/assets/pinterest/da-library-matematiske-symboler.png,International Fancy Font Generators,,"Matematiske symboler (± × ÷ √ ∞ ∑) — kopiér og indsæt. Matematiske symboler til at kopiere og indsætte: ± × ÷ √ ∞ ∑ ∫ ≤ ≥ ≠ π og mange flere. Skriv ligninger og formler i tekst uden LaTeX —…. Copy and paste stylish Unicode fonts and symbols for bios, captions, usernames and posts — free, fast…",https://ultratextgen.com/da/library/matematiske-symboler/?utm_source=pinterest&utm_medium=social&utm_campaign=organic_pins&utm_content=da-library-matematiske-symboler,,"localized, matematiske symboler (± × ÷ √ ∞ ∑) — kopiér og indsæt, fancy text generator, copy paste fonts, unicode fonts, copy and paste, ultratextgen"
Pilsymboler (→ ← ↑ ↓) — kopiér og indsæt pile — Copy and Paste Fonts,https://ultratextgen.com/assets/pinterest/da-library-pil-symboler.png,International Fancy Font Generators,,"Pilsymboler (→ ← ↑ ↓) — kopiér og indsæt pile. Pilsymboler til at kopiere og indsætte: → ← ↑ ↓ ➤ ⇒ og mange flere. Pil ned, pil op, dobbeltpile og emoji-pile til navigation, lister og…. Copy and paste stylish Unicode fonts and symbols for bios, captions, usernames and posts — free, fast and…",https://ultratextgen.com/da/library/pil-symboler/?utm_source=pinterest&utm_medium=social&utm_campaign=organic_pins&utm_content=da-library-pil-symboler,,"localized, pilsymboler (→ ← ↑ ↓) — kopiér og indsæt pile, fancy text generator, copy paste fonts, unicode fonts, copy and paste, ultratextgen"
Valutasymboler: kopiér og indsæt pengetegn og valutategn — Copy and Paste Fonts,https://ultratextgen.com/assets/pinterest/da-library-valuta-symboler.png,International Fancy Font Generators,,"Valutasymboler: kopiér og indsæt pengetegn og valutategn. Gennemse og kopiér valutasymboler, pengetegn og finansielle Unicode-tegn fra hele verden — dollar, euro, pund, yen og mange flere. Klik…. Copy and paste stylish Unicode fonts and symbols for bios, captions, usernames and posts — free,…",https://ultratextgen.com/da/library/valuta-symboler/?utm_source=pinterest&utm_medium=social&utm_campaign=organic_pins&utm_content=da-library-valuta-symboler,,"localized, valutasymboler: kopiér og indsæt pengetegn og valutategn, fancy text generator, copy paste fonts, unicode fonts, copy and paste, ultratextgen"
Gradtegn (°): Historie og hvordan du skriver det — Copy and Paste Fonts,https://ultratextgen.com/assets/pinterest/da-symbol-gradtegn.png,International Fancy Font Generators,,"Gradtegn (°): Historie og hvordan du skriver det. Gradtegnet ° (U+00B0) forklaret — brugen i temperatur og vinkler, hvordan det adskiller sig fra º, og hvordan du skriver det på…. Copy and paste stylish Unicode fonts and symbols for bios, captions, usernames and posts — free, fast and right in…",https://ultratextgen.com/da/symbol/gradtegn/?utm_source=pinterest&utm_medium=social&utm_campaign=organic_pins&utm_content=da-symbol-gradtegn,,"localized, gradtegn (°): historie og hvordan du skriver det, fancy text generator, copy paste fonts, unicode fonts, copy and paste, ultratextgen"
Symboler: Slå Et Enkelt Unicode-tegn Op — Copy and Paste Fonts,https://ultratextgen.com/assets/pinterest/da-symbol.png,International Fancy Font Generators,,"Symboler: Slå Et Enkelt Unicode-tegn Op. Slå ét symbol op ad gangen — betydning, historie, hvordan du skriver det, og hvor det er sikkert at bruge. Se det fulde bibliotek for…. Copy and paste stylish Unicode fonts and symbols for bios, captions, usernames and posts — free, fast and right in your…",https://ultratextgen.com/da/symbol/?utm_source=pinterest&utm_medium=social&utm_campaign=organic_pins&utm_content=da-symbol,,"localized, symboler: slå et enkelt unicode-tegn op, fancy text generator, copy paste fonts, unicode fonts, copy and paste, ultratextgen"
Kvadratrodstegn (√): Historie og hvordan du skriver det — Copy and Paste Fonts,https://ultratextgen.com/assets/pinterest/da-symbol-kvadratrodstegn.png,International Fancy Font Generators,,"Kvadratrodstegn (√): Historie og hvordan du skriver det. Kvadratrodstegnet √ (U+221A) forklaret — oprindelsen fra 1525, hvad det betyder, hvordan du skriver det på Windows/Mac, og hvor det er…. Copy and paste stylish Unicode fonts and symbols for bios, captions, usernames and posts — free, fast…",https://ultratextgen.com/da/symbol/kvadratrodstegn/?utm_source=pinterest&utm_medium=social&utm_campaign=organic_pins&utm_content=da-symbol-kvadratrodstegn,,"localized, kvadratrodstegn (√): historie og hvordan du skriver det, fancy text generator, copy paste fonts, unicode fonts, copy and paste, ultratextgen"
Aesthetic Schrift Generator — ａｅｓｔｈｅｔｉｃ Ｓｃｈｒｉｆｔ zum Kopieren — Copy and Paste Fonts,https://ultratextgen.com/assets/pinterest/de-aesthetic-schrift.png,International Fancy Font Generators,,"Aesthetic Schrift Generator — ａｅｓｔｈｅｔｉｃ Ｓｃｈｒｉｆｔ zum Kopieren. Kostenloser Aesthetic-Schrift-Generator: verwandle Text in ästhetische Unicode-Buchstaben zum Kopieren und Einfügen — für…. Copy and paste stylish Unicode fonts and symbols for bios, captions, usernames and posts — free, fast and…",https://ultratextgen.com/de/aesthetic-schrift/?utm_source=pinterest&utm_medium=social&utm_campaign=organic_pins&utm_content=de-aesthetic-schrift,,"localized, aesthetic schrift — ａｅｓｔｈｅｔｉｃ ｓｃｈｒｉｆｔ zum kopieren, fancy text generator, copy paste fonts, unicode fonts, copy and paste, ultratextgen"
Unicode-Schriftkategorien — Copy and Paste Fonts,https://ultratextgen.com/assets/pinterest/de-category.png,International Fancy Font Generators,,"Unicode-Schriftkategorien. Alle Unicode-Schriftkategorien von UltraTextGen: Fett, Schreibschrift, Gotisch, Klein, Durchgestrichen und mehr. Zum Kopieren und…. Copy and paste stylish Unicode fonts and symbols for bios, captions, usernames and posts — free, fast and right in your browser with…",https://ultratextgen.com/de/category/?utm_source=pinterest&utm_medium=social&utm_campaign=organic_pins&utm_content=de-category,,"localized, unicode-schriftkategorien, fancy text generator, copy paste fonts, unicode fonts, copy and paste, ultratextgen"
Discord Schriftart — Copy and Paste Fonts,https://ultratextgen.com/assets/pinterest/de-discord-schriftart.png,International Fancy Font Generators,,"Discord Schriftart. Schriften für Nick, Bio und Kanal — ohne Nitro. Copy and paste stylish Unicode fonts and symbols for bios, captions, usernames and posts — free, fast and right in your browser with UltraTextGen.",https://ultratextgen.com/de/discord-schriftart/?utm_source=pinterest&utm_medium=social&utm_campaign=organic_pins&utm_content=de-discord-schriftart,,"localized, discord schriftart, fancy text generator, copy paste fonts, unicode fonts, copy and paste, ultratextgen"
Durchgestrichener Text Generator — d̶u̶r̶c̶h̶g̶e̶s̶t̶r̶i̶c̶h̶e̶n̶e̶r̶ ̶T̶e̶x̶t̶ zum,https://ultratextgen.com/assets/pinterest/de-durchgestrichener-text.png,International Fancy Font Generators,,"Durchgestrichener Text Generator — d̶u̶r̶c̶h̶g̶e̶s̶t̶r̶i̶c̶h̶e̶n̶e̶r̶ ̶T̶e̶x̶t̶ zum Kopieren. Kostenloser Generator für durchgestrichenen Text: verwandle Wörter in durchgestrichene Unicode-Zeichen zum Kopieren und Einfügen — für…. Copy and paste stylish Unicode fonts and symbols for bios,…",https://ultratextgen.com/de/durchgestrichener-text/?utm_source=pinterest&utm_medium=social&utm_campaign=organic_pins&utm_content=de-durchgestrichener-text,,"localized, durchgestrichener text — d̶u̶r̶c̶h̶g̶e̶s̶t̶r̶i̶c̶h̶e̶n̶e̶r̶ ̶t̶e̶x̶t̶ zum kopieren, fancy text generator, copy paste fonts, unicode fonts, copy and paste, ultratextgen"
100+ Emoji-Kombinationen zum Kopieren 🦋✨ Emoji-Combos — Copy and Paste Fonts,https://ultratextgen.com/assets/pinterest/de-emoji-kombinationen.png,International Fancy Font Generators,,"100+ Emoji-Kombinationen zum Kopieren 🦋✨ Emoji-Combos. Über 100 Emoji-Kombinationen zum Kopieren und Einfügen: süß, coquette, cottagecore, Y2K, kawaii, dark academia, Nachthimmel, angelcore…. Copy and paste stylish Unicode fonts and symbols for bios, captions, usernames and posts — free, fast…",https://ultratextgen.com/de/emoji-kombinationen/?utm_source=pinterest&utm_medium=social&utm_campaign=organic_pins&utm_content=de-emoji-kombinationen,,"localized, 100+ emoji-kombinationen zum kopieren 🦋✨ emoji-combos, fancy text generator, copy paste fonts, unicode fonts, copy and paste, ultratextgen"
Fette Schrift Generator — 𝐟𝐞𝐭𝐭𝐞 𝐒𝐜𝐡𝐫𝐢𝐟𝐭 zum Kopieren — Copy and Paste Fonts,https://ultratextgen.com/assets/pinterest/de-fette-schrift.png,International Fancy Font Generators,,"Fette Schrift Generator — 𝐟𝐞𝐭𝐭𝐞 𝐒𝐜𝐡𝐫𝐢𝐟𝐭 zum Kopieren. Kostenloser Fette-Schrift-Generator: verwandle Text in fette Unicode-Buchstaben zum Kopieren und Einfügen — für Instagram-Bios…. Copy and paste stylish Unicode fonts and symbols for bios, captions, usernames and posts — free, fast and right…",https://ultratextgen.com/de/fette-schrift/?utm_source=pinterest&utm_medium=social&utm_campaign=organic_pins&utm_content=de-fette-schrift,,"localized, fette schrift — 𝐟𝐞𝐭𝐭𝐞 𝐒𝐜𝐡𝐫𝐢𝐟𝐭 zum kopieren, fancy text generator, copy paste fonts, unicode fonts, copy and paste, ultratextgen"
Gotische Schrift Generator — 𝕲𝖔𝖙𝖎𝖘𝖈𝖍𝖊 𝕾𝖈𝖍𝖗𝖎𝖋𝖙 zum Kopieren — Copy and Paste Fonts,https://ultratextgen.com/assets/pinterest/de-gotische-schrift.png,International Fancy Font Generators,,"Gotische Schrift Generator — 𝕲𝖔𝖙𝖎𝖘𝖈𝖍𝖊 𝕾𝖈𝖍𝖗𝖎𝖋𝖙 zum Kopieren. Kostenloser Generator für gotische Schrift: verwandle Text in Fraktur- und altdeutsche Unicode-Buchstaben zum Kopieren und Einfügen —…. Copy and paste stylish Unicode fonts and symbols for bios, captions, usernames and posts — free,…",https://ultratextgen.com/de/gotische-schrift/?utm_source=pinterest&utm_medium=social&utm_campaign=organic_pins&utm_content=de-gotische-schrift,,"localized, gotische schrift — 𝕲𝖔𝖙𝖎𝖘𝖈𝖍𝖊 𝕾𝖈𝖍𝖗𝖎𝖋𝖙 zum kopieren, fancy text generator, copy paste fonts, unicode fonts, copy and paste, ultratextgen"
"Groß- und Kleinschreibung Konverter — GROSSBUCHSTABEN, Kleinbuchstaben & Title Case",https://ultratextgen.com/assets/pinterest/de-gross-und-kleinschreibung.png,International Fancy Font Generators,,"Groß- und Kleinschreibung Konverter — GROSSBUCHSTABEN, Kleinbuchstaben & Title Case. Kostenloser Konverter für Groß- und Kleinschreibung. Wandle Text sofort in GROSSBUCHSTABEN, Kleinbuchstaben, Title Case, Sentence case…. Copy and paste stylish Unicode fonts and symbols for bios, captions,…",https://ultratextgen.com/de/gross-und-kleinschreibung/?utm_source=pinterest&utm_medium=social&utm_campaign=organic_pins&utm_content=de-gross-und-kleinschreibung,,"localized, groß- und kleinschreibung konverter — grossbuchstaben, kleinbuchstaben & title case, fancy text generator, copy paste fonts, unicode fonts, copy and paste, ultratextgen"
Discord-Namen sicher gestalten — ohne Filter oder Barrieren — Copy and Paste Fonts,https://ultratextgen.com/assets/pinterest/de-guide-discord-namen-sicher-gestalten.png,International Fancy Font Generators,,"Discord-Namen sicher gestalten — ohne Filter oder Barrieren. Ein gestylter Discord-Name kann trotzdem an drei stillen Tests scheitern: der Mitgliederliste, der @Erwähnung und dem…. Copy and paste stylish Unicode fonts and symbols for bios, captions, usernames and posts — free, fast and right in…",https://ultratextgen.com/de/guide/discord-namen-sicher-gestalten/?utm_source=pinterest&utm_medium=social&utm_campaign=organic_pins&utm_content=de-guide-discord-namen-sicher-gestalten,,"localized, discord-namen sicher gestalten — ohne filter oder barrieren, fancy text generator, copy paste fonts, unicode fonts, copy and paste, ultratextgen"
"Discord-Textformatierung erklärt: Markdown, Unicode & Nitro — Copy and Paste Fonts",https://ultratextgen.com/assets/pinterest/de-guide-discord-textformatierung-erklaert.png,International Fancy Font Generators,,"Discord-Textformatierung erklärt: Markdown, Unicode & Nitro. Warum Fett im Discord-Chat funktioniert, aber nicht im Namen — die drei Textsysteme von Discord (Markdown, Unicode-Schriften, Nitro) und…. Copy and paste stylish Unicode fonts and symbols for bios, captions, usernames and posts — free,…",https://ultratextgen.com/de/guide/discord-textformatierung-erklaert/?utm_source=pinterest&utm_medium=social&utm_campaign=organic_pins&utm_content=de-guide-discord-textformatierung-erklaert,,"localized, discord-textformatierung erklärt: markdown, unicode & nitro, fancy text generator, copy paste fonts, unicode fonts, copy and paste, ultratextgen"
UltraTextGen Ratgeber — Discord-Text meistern — Copy and Paste Fonts,https://ultratextgen.com/assets/pinterest/de-guide.png,International Fancy Font Generators,,"UltraTextGen Ratgeber — Discord-Text meistern. Die UltraTextGen-Ratgeber auf Deutsch: verstehen und beherrschen, wie Unicode-Schriftarten in Discord funktionieren — Feld für Feld…. Copy and paste stylish Unicode fonts and symbols for bios, captions, usernames and posts — free, fast and right in…",https://ultratextgen.com/de/guide/?utm_source=pinterest&utm_medium=social&utm_campaign=organic_pins&utm_content=de-guide,,"localized, ultratextgen ratgeber — discord-text meistern, fancy text generator, copy paste fonts, unicode fonts, copy and paste, ultratextgen"
Wo funktionieren Schriftarten in Discord: die Feld-für-Feld-Karte — Copy and Paste Fonts,https://ultratextgen.com/assets/pinterest/de-guide-wo-funktionieren-schriftarten-in-discord.png,International Fancy Font Generators,,"Wo funktionieren Schriftarten in Discord: die Feld-für-Feld-Karte. Warum Discord deinen Benutzernamen ablehnt, warum dein Kanalname seine Großbuchstaben verliert und welche Felder Unicode-Schriftarten…. Copy and paste stylish Unicode fonts and symbols for bios, captions, usernames and posts —…",https://ultratextgen.com/de/guide/wo-funktionieren-schriftarten-in-discord/?utm_source=pinterest&utm_medium=social&utm_campaign=organic_pins&utm_content=de-guide-wo-funktionieren-schriftarten-in-discord,,"localized, wo funktionieren schriftarten in discord: die feld-für-feld-karte, fancy text generator, copy paste fonts, unicode fonts, copy and paste, ultratextgen"
Hochgestellt Generator — Copy and Paste Fonts,https://ultratextgen.com/assets/pinterest/de-hochgestellt.png,International Fancy Font Generators,,"Hochgestellt Generator. Exponenten, hochgestellte Zahlen & Zeichen. Copy and paste stylish Unicode fonts and symbols for bios, captions, usernames and posts — free, fast and right in your browser with UltraTextGen.",https://ultratextgen.com/de/hochgestellt/?utm_source=pinterest&utm_medium=social&utm_campaign=organic_pins&utm_content=de-hochgestellt,,"localized, hochgestellt, fancy text generator, copy paste fonts, unicode fonts, copy and paste, ultratextgen"
Coole Schriftarten Generator — Copy and Paste Fonts,https://ultratextgen.com/assets/pinterest/de.png,International Fancy Font Generators,,"Coole Schriftarten Generator. Schöne Schriftarten und Symbole kopieren. Copy and paste stylish Unicode fonts and symbols for bios, captions, usernames and posts — free, fast and right in your browser with UltraTextGen.",https://ultratextgen.com/de/?utm_source=pinterest&utm_medium=social&utm_campaign=organic_pins&utm_content=de,,"localized, coole schriftarten, fancy text generator, copy paste fonts, unicode fonts, copy and paste, ultratextgen"
Kleine Schrift Generator — ᴋʟᴇɪɴᴇ ѕᴄʜʀɪꜰᴛ & Kapitälchen zum Kopieren — Copy and Paste,https://ultratextgen.com/assets/pinterest/de-kleine-schrift.png,International Fancy Font Generators,,"Kleine Schrift Generator — ᴋʟᴇɪɴᴇ ѕᴄʜʀɪꜰᴛ & Kapitälchen zum Kopieren. Kostenloser Generator für kleine Schrift: verwandle Text in winzige Unicode-Buchstaben und Kapitälchen zum Kopieren und Einfügen — für…. Copy and paste stylish Unicode fonts and symbols for bios, captions, usernames and posts…",https://ultratextgen.com/de/kleine-schrift/?utm_source=pinterest&utm_medium=social&utm_campaign=organic_pins&utm_content=de-kleine-schrift,,"localized, kleine schrift — ᴋʟᴇɪɴᴇ ѕᴄʜʀɪꜰᴛ & kapitälchen zum kopieren, fancy text generator, copy paste fonts, unicode fonts, copy and paste, ultratextgen"
Kopfüber-Text Generator — Text umdrehen ┴xǝ┴ zum Kopieren — Copy and Paste Fonts,https://ultratextgen.com/assets/pinterest/de-kopfueber-text.png,International Fancy Font Generators,,"Kopfüber-Text Generator — Text umdrehen ┴xǝ┴ zum Kopieren. Kostenloser Kopfüber-Text-Generator: drehe Text um und schreibe umgedrehte Buchstaben zum Kopieren und Einfügen — für Instagram-Bios…. Copy and paste stylish Unicode fonts and symbols for bios, captions, usernames and posts — free, fast…",https://ultratextgen.com/de/kopfueber-text/?utm_source=pinterest&utm_medium=social&utm_campaign=organic_pins&utm_content=de-kopfueber-text,,"localized, kopfüber-text — text umdrehen ┴xǝ┴ zum kopieren, fancy text generator, copy paste fonts, unicode fonts, copy and paste, ultratextgen"
Kursive Schrift Generator — 𝘬𝘶𝘳𝘴𝘪𝘷𝘦 𝘚𝘤𝘩𝘳𝘪𝘧𝘵 zum Kopieren — Copy and Paste Fonts,https://ultratextgen.com/assets/pinterest/de-kursive-schrift.png,International Fancy Font Generators,,"Kursive Schrift Generator — 𝘬𝘶𝘳𝘴𝘪𝘷𝘦 𝘚𝘤𝘩𝘳𝘪𝘧𝘵 zum Kopieren. Kostenloser Kursive-Schrift-Generator: verwandle Text in kursive Unicode-Buchstaben zum Kopieren und Einfügen — für Instagram-Bios…. Copy and paste stylish Unicode fonts and symbols for bios, captions, usernames and posts — free, fast and…",https://ultratextgen.com/de/kursive-schrift/?utm_source=pinterest&utm_medium=social&utm_campaign=organic_pins&utm_content=de-kursive-schrift,,"localized, kursive schrift — 𝘬𝘶𝘳𝘴𝘪𝘷𝘦 𝘚𝘤𝘩𝘳𝘪𝘧𝘵 zum kopieren, fancy text generator, copy paste fonts, unicode fonts, copy and paste, ultratextgen"
"Ästhetische Symbole ⋆ ✦ ♡ zum Kopieren — Coquette, Y2K, Kawaii & mehr — Copy and Paste",https://ultratextgen.com/assets/pinterest/de-library-aesthetische-symbole.png,International Fancy Font Generators,,"Ästhetische Symbole ⋆ ✦ ♡ zum Kopieren — Coquette, Y2K, Kawaii & mehr. Ästhetische Symbole ⋆ ✦ ♡ zum Kopieren und Einfügen für Bio, Benutzername und Captions. Nach Stil durchstöbern — Coquette, Cottagecore…. Copy and paste stylish Unicode fonts and symbols for bios, captions, usernames and posts…",https://ultratextgen.com/de/library/aesthetische-symbole/?utm_source=pinterest&utm_medium=social&utm_campaign=organic_pins&utm_content=de-library-aesthetische-symbole,,"localized, ästhetische symbole ⋆ ✦ ♡ zum kopieren — coquette, y2k, kawaii & mehr, fancy text generator, copy paste fonts, unicode fonts, copy and paste, ultratextgen"
Akzente & diakritische Zeichen: kombinierende Zeichen kopieren — Copy and Paste Fonts,https://ultratextgen.com/assets/pinterest/de-library-akzente-diakritische-zeichen.png,International Fancy Font Generators,,"Akzente & diakritische Zeichen: kombinierende Zeichen kopieren. Akzente und diakritische Zeichen durchsuchen und kopieren — kombinierende Zeichen, Abstandsformen und akzentuierte Buchstaben zum…. Copy and paste stylish Unicode fonts and symbols for bios, captions, usernames and posts — free,…",https://ultratextgen.com/de/library/akzente-diakritische-zeichen/?utm_source=pinterest&utm_medium=social&utm_campaign=organic_pins&utm_content=de-library-akzente-diakritische-zeichen,,"localized, akzente & diakritische zeichen: kombinierende zeichen kopieren, fancy text generator, copy paste fonts, unicode fonts, copy and paste, ultratextgen"
"Alt-Codes für Windows — Sonderzeichen tippen (ẞ, Umlaute, €, ©) — Copy and Paste Fonts",https://ultratextgen.com/assets/pinterest/de-library-alt-codes.png,International Fancy Font Generators,,"Alt-Codes für Windows — Sonderzeichen tippen (ẞ, Umlaute, €, ©). Alt-Codes für Windows: das große Eszett ẞ (Alt+7838), deutsche Umlaute, das Euro-Zeichen €, © und mehr per Tastenkombination tippen…. Copy and paste stylish Unicode fonts and symbols for bios, captions, usernames and posts — free,…",https://ultratextgen.com/de/library/alt-codes/?utm_source=pinterest&utm_medium=social&utm_campaign=organic_pins&utm_content=de-library-alt-codes,,"localized, alt-codes für windows — sonderzeichen tippen (ß, umlaute, €, ©), fancy text generator, copy paste fonts, unicode fonts, copy and paste, ultratextgen"
ASCII-Tabelle & Zeichensatz: ASCII-Codes und Zeichen kopieren — Copy and Paste Fonts,https://ultratextgen.com/assets/pinterest/de-library-ascii-tabelle.png,International Fancy Font Generators,,"ASCII-Tabelle & Zeichensatz: ASCII-Codes und Zeichen kopieren. ASCII-Tabelle mit Dezimal-, Hex-, Binär- und Oktalcodes für Satzzeichen, Ziffern, Buchstaben und Symbole — eine schnelle…. Copy and paste stylish Unicode fonts and symbols for bios, captions, usernames and posts — free, fast and…",https://ultratextgen.com/de/library/ascii-tabelle/?utm_source=pinterest&utm_medium=social&utm_campaign=organic_pins&utm_content=de-library-ascii-tabelle,,"localized, ascii-tabelle & zeichensatz: ascii-codes und zeichen kopieren, fancy text generator, copy paste fonts, unicode fonts, copy and paste, ultratextgen"
Aufzählungszeichen: Listen-Symbole zum Kopieren & Einfügen — Copy and Paste Fonts,https://ultratextgen.com/assets/pinterest/de-library-aufzaehlungszeichen.png,International Fancy Font Generators,,"Aufzählungszeichen: Listen-Symbole zum Kopieren & Einfügen. Durchstöbere und kopiere Aufzählungszeichen, Listen-Marker, Pfeil-Bullets, Häkchen-Bullets und dekorative Bullets für Dokumente und…. Copy and paste stylish Unicode fonts and symbols for bios, captions, usernames and posts — free, fast…",https://ultratextgen.com/de/library/aufzaehlungszeichen/?utm_source=pinterest&utm_medium=social&utm_campaign=organic_pins&utm_content=de-library-aufzaehlungszeichen,,"localized, aufzählungszeichen: listen-symbole zum kopieren & einfügen, fancy text generator, copy paste fonts, unicode fonts, copy and paste, ultratextgen"
Blumen-Symbole kopieren — Blüten-Emojis & Zeichen — Copy and Paste Fonts,https://ultratextgen.com/assets/pinterest/de-library-blumen-symbole.png,International Fancy Font Generators,,"Blumen-Symbole kopieren — Blüten-Emojis & Zeichen. Blumen-Emojis, Pflanzensymbole und naturthemenbezogene Unicode-Zeichen zum Kopieren und Einfügen für Bios, Captions und Nachrichten…. Copy and paste stylish Unicode fonts and symbols for bios, captions, usernames and posts — free, fast and right…",https://ultratextgen.com/de/library/blumen-symbole/?utm_source=pinterest&utm_medium=social&utm_campaign=organic_pins&utm_content=de-library-blumen-symbole,,"localized, blumen-symbole kopieren — blüten-emojis & zeichen, fancy text generator, copy paste fonts, unicode fonts, copy and paste, ultratextgen"
Braille-Muster-Symbole: ⠿ ⣿ leere & Punkt-Zeichen kopieren — Copy and Paste Fonts,https://ultratextgen.com/assets/pinterest/de-library-braille-symbole.png,International Fancy Font Generators,,"Braille-Muster-Symbole: ⠿ ⣿ leere & Punkt-Zeichen kopieren. Braille-Muster-Symbole kopieren und einfügen — das leere Braille-Zeichen (⠀), volle Füllungen (⣿) und jede Punktkombination. Klick auf…. Copy and paste stylish Unicode fonts and symbols for bios, captions, usernames and posts — free,…",https://ultratextgen.com/de/library/braille-symbole/?utm_source=pinterest&utm_medium=social&utm_campaign=organic_pins&utm_content=de-library-braille-symbole,,"localized, braille-muster-symbole: ⠿ ⣿ leere & punkt-zeichen kopieren, fancy text generator, copy paste fonts, unicode fonts, copy and paste, ultratextgen"
Katzen-Kaomoji (=^・ω・^=): Süße Katzen-Text-Gesichter zum Kopieren — Copy and Paste Fonts,https://ultratextgen.com/assets/pinterest/de-library-cat-kaomoji.png,International Fancy Font Generators,,"Katzen-Kaomoji (=^・ω・^=): Süße Katzen-Text-Gesichter zum Kopieren. Durchstöbere und kopiere Katzen-Kaomoji (=^・ω・^=) — süße japanische Katzen-Text-Gesichter mit Schnurrhaaren und Pfoten. Fröhliche…. Copy and paste stylish Unicode fonts and symbols for bios, captions, usernames and posts — free,…",https://ultratextgen.com/de/library/cat-kaomoji/?utm_source=pinterest&utm_medium=social&utm_campaign=organic_pins&utm_content=de-library-cat-kaomoji,,"localized, katzen-kaomoji (=^・ω・^=): süße katzen-text-gesichter zum kopieren, fancy text generator, copy paste fonts, unicode fonts, copy and paste, ultratextgen"
"Copyright-, Marken- & Rechtssymbole: © ® ™ kopieren — Copy and Paste Fonts",https://ultratextgen.com/assets/pinterest/de-library-copyright-marken-symbole.png,International Fancy Font Generators,,"Copyright-, Marken- & Rechtssymbole: © ® ™ kopieren. Copyright-, Registriert-, Marken- und weitere rechtliche Unicode-Symbole kopieren und einfügen — ©, ®, ™, ℠, ℗, §, ¶ und mehr. Klick auf…. Copy and paste stylish Unicode fonts and symbols for bios, captions, usernames and posts — free, fast…",https://ultratextgen.com/de/library/copyright-marken-symbole/?utm_source=pinterest&utm_medium=social&utm_campaign=organic_pins&utm_content=de-library-copyright-marken-symbole,,"localized, copyright-, marken- & rechtssymbole: © ® ™ kopieren, fancy text generator, copy paste fonts, unicode fonts, copy and paste, ultratextgen"
Süße Kaomoji (◕‿◕): Niedliche & Kawaii Text-Gesichter zum Kopieren — Copy and Paste Fonts,https://ultratextgen.com/assets/pinterest/de-library-cute-kaomoji.png,International Fancy Font Generators,,"Süße Kaomoji (◕‿◕): Niedliche & Kawaii Text-Gesichter zum Kopieren. Durchstöbere und kopiere süße Kaomoji (◕‿◕) — kawaii japanische Text-Gesichter mit funkelnden Augen, roten Wangen und Tierchen. Klick…. Copy and paste stylish Unicode fonts and symbols for bios, captions, usernames and posts —…",https://ultratextgen.com/de/library/cute-kaomoji/?utm_source=pinterest&utm_medium=social&utm_campaign=organic_pins&utm_content=de-library-cute-kaomoji,,"localized, süße kaomoji (◕‿◕): niedliche & kawaii text-gesichter zum kopieren, fancy text generator, copy paste fonts, unicode fonts, copy and paste, ultratextgen"
Discord-Symbole ⌗ ➤ ♡ zum Kopieren — für Benutzernamen & Bios — Copy and Paste Fonts,https://ultratextgen.com/assets/pinterest/de-library-discord-symbole.png,International Fancy Font Generators,,"Discord-Symbole ⌗ ➤ ♡ zum Kopieren — für Benutzernamen & Bios. Discord-Symbole ⌗ ➤ ♡ zum Kopieren und Einfügen für Benutzernamen, Anzeigenamen, Kanäle und Bios — ästhetische Verzierungen, Trenner…. Copy and paste stylish Unicode fonts and symbols for bios, captions, usernames and posts — free,…",https://ultratextgen.com/de/library/discord-symbole/?utm_source=pinterest&utm_medium=social&utm_campaign=organic_pins&utm_content=de-library-discord-symbole,,"localized, discord-symbole ⌗ ➤ ♡ zum kopieren — für benutzernamen & bios, fancy text generator, copy paste fonts, unicode fonts, copy and paste, ultratextgen"
Länderflaggen — Copy and Paste Fonts — UltraTextGen,https://ultratextgen.com/assets/pinterest/de-library-emoji-flags.png,International Fancy Font Generators,,"Länderflaggen. Flaggen-Emojis aller Länder. Copy and paste stylish Unicode fonts and symbols for bios, captions, usernames and posts — free, fast and right in your browser with UltraTextGen.",https://ultratextgen.com/de/library/emoji-flags/?utm_source=pinterest&utm_medium=social&utm_campaign=organic_pins&utm_content=de-library-emoji-flags,,"localized, länderflaggen, fancy text generator, copy paste fonts, unicode fonts, copy and paste, ultratextgen"
"Facebook-Symbole — Reaktionen, Herzen & Emojis zum Kopieren — Copy and Paste Fonts",https://ultratextgen.com/assets/pinterest/de-library-facebook-symbole.png,International Fancy Font Generators,,"Facebook-Symbole — Reaktionen, Herzen & Emojis zum Kopieren. Facebook-Symbole zum Kopieren und Einfügen — Reaktions-Emojis, Herzen, Sterne und Trennlinien für Beiträge, Kommentare, Bio und…. Copy and paste stylish Unicode fonts and symbols for bios, captions, usernames and posts — free, fast and…",https://ultratextgen.com/de/library/facebook-symbole/?utm_source=pinterest&utm_medium=social&utm_campaign=organic_pins&utm_content=de-library-facebook-symbole,,"localized, facebook-symbole — reaktionen, herzen & emojis zum kopieren, fancy text generator, copy paste fonts, unicode fonts, copy and paste, ultratextgen"
Geld-Emojis: 💰 💸 kopieren — Cash- & Reich-Kombos — Copy and Paste Fonts,https://ultratextgen.com/assets/pinterest/de-library-geld-emojis.png,International Fancy Font Generators,,"Geld-Emojis: 💰 💸 kopieren — Cash- & Reich-Kombos. Geld-Emojis zum Kopieren und Einfügen — 💰 Geldsack, 💸 fliegendes Geld, 🤑 Geld-Gesicht — plus Reich-Ästhetik-Kombos für Bios und…. Copy and paste stylish Unicode fonts and symbols for bios, captions, usernames and posts — free, fast and right in…",https://ultratextgen.com/de/library/geld-emojis/?utm_source=pinterest&utm_medium=social&utm_campaign=organic_pins&utm_content=de-library-geld-emojis,,"localized, geld-emojis: 💰 💸 kopieren — cash- & reich-kombos, fancy text generator, copy paste fonts, unicode fonts, copy and paste, ultratextgen"
"Geschlechter-Symbole: ♂ ♀ ⚧ kopieren — männlich, weiblich & mehr — Copy and Paste Fonts",https://ultratextgen.com/assets/pinterest/de-library-geschlechter-symbole.png,International Fancy Font Generators,,"Geschlechter-Symbole: ♂ ♀ ⚧ kopieren — männlich, weiblich & mehr. Geschlechtssymbole zum Kopieren und Einfügen — männlich, weiblich, transgender, non-binär und weitere Zeichen. Klick auf ein Symbol, um…. Copy and paste stylish Unicode fonts and symbols for bios, captions, usernames and posts —…",https://ultratextgen.com/de/library/geschlechter-symbole/?utm_source=pinterest&utm_medium=social&utm_campaign=organic_pins&utm_content=de-library-geschlechter-symbole,,"localized, geschlechter-symbole: ♂ ♀ ⚧ kopieren — männlich, weiblich & mehr, fancy text generator, copy paste fonts, unicode fonts, copy and paste, ultratextgen"
Griechische Buchstaben: α β Δ Σ Ω π kopieren — griechisches Alphabet — Copy and Paste,https://ultratextgen.com/assets/pinterest/de-library-griechische-symbole.png,International Fancy Font Generators,,"Griechische Buchstaben: α β Δ Σ Ω π kopieren — griechisches Alphabet. Jeden griechischen Buchstaben kopieren und einfügen — Groß-, Kleinbuchstaben und mathematische Varianten wie Alpha, Beta, Delta, Sigma…. Copy and paste stylish Unicode fonts and symbols for bios, captions, usernames and posts…",https://ultratextgen.com/de/library/griechische-symbole/?utm_source=pinterest&utm_medium=social&utm_campaign=organic_pins&utm_content=de-library-griechische-symbole,,"localized, griechische buchstaben: α β δ σ ω π kopieren — griechisches alphabet, fancy text generator, copy paste fonts, unicode fonts, copy and paste, ultratextgen"
Häkchen-Symbole: Häkchen & Status-Zeichen zum Kopieren — Copy and Paste Fonts,https://ultratextgen.com/assets/pinterest/de-library-haekchen-symbole.png,International Fancy Font Generators,,"Häkchen-Symbole: Häkchen & Status-Zeichen zum Kopieren. Häkchen-Symbole, Kreuze und Status-Anzeigen zum Durchstöbern und Kopieren — für Listen, Vergleiche und professionelle Formatierung…. Copy and paste stylish Unicode fonts and symbols for bios, captions, usernames and posts — free, fast and…",https://ultratextgen.com/de/library/haekchen-symbole/?utm_source=pinterest&utm_medium=social&utm_campaign=organic_pins&utm_content=de-library-haekchen-symbole,,"localized, häkchen-symbole: häkchen & status-zeichen zum kopieren, fancy text generator, copy paste fonts, unicode fonts, copy and paste, ultratextgen"
Herz-Symbole ♥ zum Kopieren — Herz-Emojis und Herz-Zeichen — Copy and Paste Fonts,https://ultratextgen.com/assets/pinterest/de-library-herz-symbole.png,International Fancy Font Generators,,"Herz-Symbole ♥ zum Kopieren — Herz-Emojis und Herz-Zeichen. Herz-Symbole, Herz-Emojis und Unicode-Herzzeichen nach Farbe und Stil sortiert. Einfach anklicken zum Kopieren und direkt in…. Copy and paste stylish Unicode fonts and symbols for bios, captions, usernames and posts — free, fast and…",https://ultratextgen.com/de/library/herz-symbole/?utm_source=pinterest&utm_medium=social&utm_campaign=organic_pins&utm_content=de-library-herz-symbole,,"localized, herz-symbole ♥ zum kopieren — herz-emojis und herz-zeichen, fancy text generator, copy paste fonts, unicode fonts, copy and paste, ultratextgen"
Symbole & Emojis zum Kopieren — Die UltraTextGen Bibliothek — Copy and Paste Fonts,https://ultratextgen.com/assets/pinterest/de-library.png,International Fancy Font Generators,,"Symbole & Emojis zum Kopieren — Die UltraTextGen Bibliothek. Alle Symbole, Emojis, Sonderzeichen und Kaomoji zum Kopieren und Einfügen an einem Ort — Herzen, Sterne, Pfeile, griechische Buchstaben…. Copy and paste stylish Unicode fonts and symbols for bios, captions, usernames and posts — free,…",https://ultratextgen.com/de/library/?utm_source=pinterest&utm_medium=social&utm_campaign=organic_pins&utm_content=de-library,,"localized, symbole & emojis zum kopieren — die ultratextgen bibliothek, fancy text generator, copy paste fonts, unicode fonts, copy and paste, ultratextgen"
Japanische Symbole: 桜 愛 kopieren — Kanji & Kana-Zeichen — Copy and Paste Fonts,https://ultratextgen.com/assets/pinterest/de-library-japanische-symbole.png,International Fancy Font Generators,,"Japanische Symbole: 桜 愛 kopieren — Kanji & Kana-Zeichen. Japanische Zeichen zum Kopieren — Kanji wie 桜 und 愛, Hiragana, Katakana und Satzzeichen mit Romaji-Bedeutung. Klick auf ein Zeichen, um…. Copy and paste stylish Unicode fonts and symbols for bios, captions, usernames and posts — free, fast…",https://ultratextgen.com/de/library/japanische-symbole/?utm_source=pinterest&utm_medium=social&utm_campaign=organic_pins&utm_content=de-library-japanische-symbole,,"localized, japanische symbole: 桜 愛 kopieren — kanji & kana-zeichen, fancy text generator, copy paste fonts, unicode fonts, copy and paste, ultratextgen"
Kaomoji & Text-Emoticons (^▽^): Japanische Emoticons zum Kopieren — Copy and Paste Fonts,https://ultratextgen.com/assets/pinterest/de-library-kaomoji.png,International Fancy Font Generators,,"Kaomoji & Text-Emoticons (^▽^): Japanische Emoticons zum Kopieren. Kaomoji und Text-Emoticons (^▽^) durchstöbern und kopieren — japanische Emoticons aus ASCII- und Unicode-Zeichen. Fröhlich, traurig…. Copy and paste stylish Unicode fonts and symbols for bios, captions, usernames and posts —…",https://ultratextgen.com/de/library/kaomoji/?utm_source=pinterest&utm_medium=social&utm_campaign=organic_pins&utm_content=de-library-kaomoji,,"localized, kaomoji & text-emoticons (^▽^): japanische emoticons zum kopieren, fancy text generator, copy paste fonts, unicode fonts, copy and paste, ultratextgen"
Klammern & Klammerzeichen: alle Unicode-Klammertypen kopieren — Copy and Paste Fonts,https://ultratextgen.com/assets/pinterest/de-library-klammer-symbole.png,International Fancy Font Generators,,"Klammern & Klammerzeichen: alle Unicode-Klammertypen kopieren. Alle Unicode-Klammertypen durchsuchen und kopieren — Standard-, CJK-, mathematische, dekorative und vollbreite Klammern sowie…. Copy and paste stylish Unicode fonts and symbols for bios, captions, usernames and posts — free, fast and…",https://ultratextgen.com/de/library/klammer-symbole/?utm_source=pinterest&utm_medium=social&utm_campaign=organic_pins&utm_content=de-library-klammer-symbole,,"localized, klammern & klammerzeichen: alle unicode-klammertypen kopieren, fancy text generator, copy paste fonts, unicode fonts, copy and paste, ultratextgen"
Kreuz- & X-Symbole: alle Kreuz-Zeichen zum Kopieren — Copy and Paste Fonts,https://ultratextgen.com/assets/pinterest/de-library-kreuz-x-symbole.png,International Fancy Font Generators,,"Kreuz- & X-Symbole: alle Kreuz-Zeichen zum Kopieren. Jedes Kreuz- und X-Symbol durchstöbern und kopieren — Malzeichen, Ablehnungs-X, religiöse Kreuze, dekorative Kreuzzeichen und mehr…. Copy and paste stylish Unicode fonts and symbols for bios, captions, usernames and posts — free, fast and…",https://ultratextgen.com/de/library/kreuz-x-symbole/?utm_source=pinterest&utm_medium=social&utm_campaign=organic_pins&utm_content=de-library-kreuz-x-symbole,,"localized, kreuz- & x-symbole: alle kreuz-zeichen zum kopieren, fancy text generator, copy paste fonts, unicode fonts, copy and paste, ultratextgen"
Lenny Face: ( ͡° ͜ʖ ͡°) kopieren — Text-Gesicht zum Einfügen — Copy and Paste Fonts,https://ultratextgen.com/assets/pinterest/de-library-lenny-face.png,International Fancy Font Generators,,"Lenny Face: ( ͡° ͜ʖ ͡°) kopieren — Text-Gesicht zum Einfügen. Lenny Face ( ͡° ͜ʖ ͡°) und Dutzende Varianten zum Kopieren und Einfügen — das klassische Grinse-Textgesicht für Kommentare, Chats und…. Copy and paste stylish Unicode fonts and symbols for bios, captions, usernames and posts — free,…",https://ultratextgen.com/de/library/lenny-face/?utm_source=pinterest&utm_medium=social&utm_campaign=organic_pins&utm_content=de-library-lenny-face,,"localized, lenny face: ( ͡° ͜ʖ ͡°) kopieren — text-gesicht zum einfügen, fancy text generator, copy paste fonts, unicode fonts, copy and paste, ultratextgen"
Liebes- & Herz-Kaomoji (♥ω♥): Süße Liebes-Text-Gesichter zum Kopieren — Copy and Paste,https://ultratextgen.com/assets/pinterest/de-library-love-kaomoji.png,International Fancy Font Generators,,"Liebes- & Herz-Kaomoji (♥ω♥): Süße Liebes-Text-Gesichter zum Kopieren. Durchstöbere und kopiere Liebes- und Herz-Kaomoji (♥ω♥) — japanische Text-Gesichter für Zuneigung, Küsse, Umarmungen und Schwärmereien…. Copy and paste stylish Unicode fonts and symbols for bios, captions, usernames and posts…",https://ultratextgen.com/de/library/love-kaomoji/?utm_source=pinterest&utm_medium=social&utm_campaign=organic_pins&utm_content=de-library-love-kaomoji,,"localized, liebes- & herz-kaomoji (♥ω♥): süße liebes-text-gesichter zum kopieren, fancy text generator, copy paste fonts, unicode fonts, copy and paste, ultratextgen"
Mathe-Symbole: mathematische Zeichen zum Kopieren & Einfügen — Copy and Paste Fonts,https://ultratextgen.com/assets/pinterest/de-library-mathe-symbole.png,International Fancy Font Generators,,"Mathe-Symbole: mathematische Zeichen zum Kopieren & Einfügen. Mathe-Symbole durchstöbern und kopieren — Operatoren, griechische Buchstaben, Mengenlehre, Analysis und hochgestellte Zeichen. Klick auf…. Copy and paste stylish Unicode fonts and symbols for bios, captions, usernames and posts —…",https://ultratextgen.com/de/library/mathe-symbole/?utm_source=pinterest&utm_medium=social&utm_campaign=organic_pins&utm_content=de-library-mathe-symbole,,"localized, mathe-symbole: mathematische zeichen zum kopieren & einfügen, fancy text generator, copy paste fonts, unicode fonts, copy and paste, ultratextgen"
Musik-Symbole: Musiknoten & Zeichen zum Kopieren — Copy and Paste Fonts,https://ultratextgen.com/assets/pinterest/de-library-musik-symbole.png,International Fancy Font Generators,,"Musik-Symbole: Musiknoten & Zeichen zum Kopieren. Durchstöbere und kopiere Musiknotations-Symbole, Instrumenten-Emojis und Audio-Unicode-Zeichen. Klick auf ein Symbol, um es sofort zu…. Copy and paste stylish Unicode fonts and symbols for bios, captions, usernames and posts — free, fast and…",https://ultratextgen.com/de/library/musik-symbole/?utm_source=pinterest&utm_medium=social&utm_campaign=organic_pins&utm_content=de-library-musik-symbole,,"localized, musik-symbole: musiknoten & zeichen zum kopieren, fancy text generator, copy paste fonts, unicode fonts, copy and paste, ultratextgen"
Pfeil-Symbole → zum Kopieren und Einfügen — Pfeile für Text — Copy and Paste Fonts,https://ultratextgen.com/assets/pinterest/de-library-pfeil-symbole.png,International Fancy Font Generators,,"Pfeil-Symbole → zum Kopieren und Einfügen — Pfeile für Text. Pfeil-Symbole zum Kopieren und Einfügen — gerade, geschwungene, doppelte, dreieckige und Emoji-Pfeile für Texte, Beiträge und…. Copy and paste stylish Unicode fonts and symbols for bios, captions, usernames and posts — free, fast and…",https://ultratextgen.com/de/library/pfeil-symbole/?utm_source=pinterest&utm_medium=social&utm_campaign=organic_pins&utm_content=de-library-pfeil-symbole,,"localized, pfeil-symbole → zum kopieren und einfügen — pfeile für text, fancy text generator, copy paste fonts, unicode fonts, copy and paste, ultratextgen"
Rahmenzeichen & Blocksymbole: ─ │ ┌ █ ▓ ASCII-Kästen kopieren — Copy and Paste Fonts,https://ultratextgen.com/assets/pinterest/de-library-rahmenzeichen.png,International Fancy Font Generators,,"Rahmenzeichen & Blocksymbole: ─ │ ┌ █ ▓ ASCII-Kästen kopieren. Rahmenzeichen und Blockelemente kopieren und einfügen — Linien, Ecken, doppelte Rahmen, Vollblöcke und Schattierungszeichen für…. Copy and paste stylish Unicode fonts and symbols for bios, captions, usernames and posts — free, fast…",https://ultratextgen.com/de/library/rahmenzeichen/?utm_source=pinterest&utm_medium=social&utm_campaign=organic_pins&utm_content=de-library-rahmenzeichen,,"localized, rahmenzeichen & blocksymbole: ─ │ ┌ █ ▓ ascii-kästen kopieren, fancy text generator, copy paste fonts, unicode fonts, copy and paste, ultratextgen"
Roblox-Symbole ✦ ⚡ ♡ zum Kopieren — für Anzeigenamen & Bios — Copy and Paste Fonts,https://ultratextgen.com/assets/pinterest/de-library-roblox-symbole.png,International Fancy Font Generators,,"Roblox-Symbole ✦ ⚡ ♡ zum Kopieren — für Anzeigenamen & Bios. Roblox-Symbole ✦ ⚡ ♡ zum Kopieren und Einfügen für Anzeigenamen, Bios und Gruppen — ästhetische Verzierungen, die den Namensfilter von…. Copy and paste stylish Unicode fonts and symbols for bios, captions, usernames and posts — free,…",https://ultratextgen.com/de/library/roblox-symbole/?utm_source=pinterest&utm_medium=social&utm_campaign=organic_pins&utm_content=de-library-roblox-symbole,,"localized, roblox-symbole ✦ ⚡ ♡ zum kopieren — für anzeigenamen & bios, fancy text generator, copy paste fonts, unicode fonts, copy and paste, ultratextgen"
Schach-Symbole — Unicode-Schachfiguren kopieren & einfügen — Copy and Paste Fonts,https://ultratextgen.com/assets/pinterest/de-library-schach-symbole.png,International Fancy Font Generators,,"Schach-Symbole — Unicode-Schachfiguren kopieren & einfügen. Unicode-Schachfiguren-Symbole kopieren und einfügen — Könige, Damen, Türme, Läufer, Springer und Bauern mit Figurennamen und…. Copy and paste stylish Unicode fonts and symbols for bios, captions, usernames and posts — free, fast and…",https://ultratextgen.com/de/library/schach-symbole/?utm_source=pinterest&utm_medium=social&utm_campaign=organic_pins&utm_content=de-library-schach-symbole,,"localized, schach-symbole — unicode-schachfiguren kopieren & einfügen, fancy text generator, copy paste fonts, unicode fonts, copy and paste, ultratextgen"
Solidaritätsschleifen & Awareness-Symbole kopieren — Copy and Paste Fonts,https://ultratextgen.com/assets/pinterest/de-library-solidaritaetsschleifen.png,International Fancy Font Generators,,"Solidaritätsschleifen & Awareness-Symbole kopieren. Solidaritätsschleifen und Awareness-Symbole durchsuchen und kopieren — Schleifen, Medaillen, Herzen und Barrierefreiheits-Zeichen für…. Copy and paste stylish Unicode fonts and symbols for bios, captions, usernames and posts — free, fast and…",https://ultratextgen.com/de/library/solidaritaetsschleifen/?utm_source=pinterest&utm_medium=social&utm_campaign=organic_pins&utm_content=de-library-solidaritaetsschleifen,,"localized, solidaritätsschleifen & awareness-symbole kopieren, fancy text generator, copy paste fonts, unicode fonts, copy and paste, ultratextgen"
Spielkarten-Symbole ♠ ♥ ♦ ♣ — Kartenfarben kopieren & einfügen — Copy and Paste Fonts,https://ultratextgen.com/assets/pinterest/de-library-spielkarten-symbole.png,International Fancy Font Generators,,"Spielkarten-Symbole ♠ ♥ ♦ ♣ — Kartenfarben kopieren & einfügen. Spielkarten-Symbole, Kartenfarben, Würfel und spielbezogene Unicode-Zeichen durchsuchen und kopieren. Klick auf ein Symbol, um es sofort…. Copy and paste stylish Unicode fonts and symbols for bios, captions, usernames and posts —…",https://ultratextgen.com/de/library/spielkarten-symbole/?utm_source=pinterest&utm_medium=social&utm_campaign=organic_pins&utm_content=de-library-spielkarten-symbole,,"localized, spielkarten-symbole ♠ ♥ ♦ ♣ — kartenfarben kopieren & einfügen, fancy text generator, copy paste fonts, unicode fonts, copy and paste, ultratextgen"
"Stern-Symbole ★ zum Kopieren — Sterne, Sternchen & Funkel-Emojis — Copy and Paste Fonts",https://ultratextgen.com/assets/pinterest/de-library-stern-symbole.png,International Fancy Font Generators,,"Stern-Symbole ★ zum Kopieren — Sterne, Sternchen & Funkel-Emojis. Stern-Symbole, Funkel-Zeichen und Sternchen-Varianten aus Unicode durchstöbern und kopieren. Einfach auf ein Symbol klicken, um es…. Copy and paste stylish Unicode fonts and symbols for bios, captions, usernames and posts — free,…",https://ultratextgen.com/de/library/stern-symbole/?utm_source=pinterest&utm_medium=social&utm_campaign=organic_pins&utm_content=de-library-stern-symbole,,"localized, stern-symbole ★ zum kopieren — sterne, sternchen & funkel-emojis, fancy text generator, copy paste fonts, unicode fonts, copy and paste, ultratextgen"
"Symbole zum Kopieren ⚡ Emojis, Sonderzeichen & Zeichen (1 Klick) — Copy and Paste Fonts",https://ultratextgen.com/assets/pinterest/de-library-symbole-zum-kopieren.png,International Fancy Font Generators,,"Symbole zum Kopieren ⚡ Emojis, Sonderzeichen & Zeichen (1 Klick). Symbole, Emojis, Sonderzeichen und Zeichen zum Kopieren und Einfügen — Herzen ♥, Sterne ★, Pfeile →, Häkchen ✓, Währung € und mehr…. Copy and paste stylish Unicode fonts and symbols for bios, captions, usernames and posts — free,…",https://ultratextgen.com/de/library/symbole-zum-kopieren/?utm_source=pinterest&utm_medium=social&utm_campaign=organic_pins&utm_content=de-library-symbole-zum-kopieren,,"localized, symbole zum kopieren ⚡ emojis, sonderzeichen & zeichen (1 klick), fancy text generator, copy paste fonts, unicode fonts, copy and paste, ultratextgen"
Währungssymbole: Geldzeichen zum Kopieren & Einfügen — Copy and Paste Fonts,https://ultratextgen.com/assets/pinterest/de-library-waehrungssymbole.png,International Fancy Font Generators,,"Währungssymbole: Geldzeichen zum Kopieren & Einfügen. Durchstöbere und kopiere Währungssymbole, Geldzeichen und finanzielle Unicode-Zeichen aus aller Welt. Klick auf ein Symbol, um es sofort…. Copy and paste stylish Unicode fonts and symbols for bios, captions, usernames and posts — free, fast…",https://ultratextgen.com/de/library/waehrungssymbole/?utm_source=pinterest&utm_medium=social&utm_campaign=organic_pins&utm_content=de-library-waehrungssymbole,,"localized, währungssymbole: geldzeichen zum kopieren & einfügen, fancy text generator, copy paste fonts, unicode fonts, copy and paste, ultratextgen"
Weihnachtssymbole: 🎄 ❄ ☃ festliche Zeichen kopieren — Copy and Paste Fonts,https://ultratextgen.com/assets/pinterest/de-library-weihnachtssymbole.png,International Fancy Font Generators,,"Weihnachtssymbole: 🎄 ❄ ☃ festliche Zeichen kopieren. Festliche Weihnachtssymbole und Emojis — Bäume, Schneeflocken, Schneemänner, Geschenke und fertige Grußkombos. Tippe auf ein Zeichen, um…. Copy and paste stylish Unicode fonts and symbols for bios, captions, usernames and posts — free, fast…",https://ultratextgen.com/de/library/weihnachtssymbole/?utm_source=pinterest&utm_medium=social&utm_campaign=organic_pins&utm_content=de-library-weihnachtssymbole,,"localized, weihnachtssymbole: 🎄 ❄ ☃ festliche zeichen kopieren, fancy text generator, copy paste fonts, unicode fonts, copy and paste, ultratextgen"
Y2K-Symbole ✦ 80+ Ästhetische Cyber-Deko zum Kopieren & Einfügen — Copy and Paste Fonts,https://ultratextgen.com/assets/pinterest/de-library-y2k-symbole.png,International Fancy Font Generators,,"Y2K-Symbole ✦ 80+ Ästhetische Cyber-Deko zum Kopieren & Einfügen. Y2K-Symbole zum Kopieren und Einfügen — Sterne ✦, Schmetterlinge 🦋, Kreuze ♱, Funkeln und CDs 💿 für deine Bio, deinen Benutzernamen und…. Copy and paste stylish Unicode fonts and symbols for bios, captions, usernames and posts —…",https://ultratextgen.com/de/library/y2k-symbole/?utm_source=pinterest&utm_medium=social&utm_campaign=organic_pins&utm_content=de-library-y2k-symbole,,"localized, y2k-symbole ✦ 80+ ästhetische cyber-deko zum kopieren & einfügen, fancy text generator, copy paste fonts, unicode fonts, copy and paste, ultratextgen"
"Schreibschrift Generator — 𝓢𝓬𝓱𝓻𝓮𝓲𝓫𝓼𝓬𝓱𝓻𝓲𝓯𝓽 zum Kopieren, Alphabet A–Z & Namen — Copy and",https://ultratextgen.com/assets/pinterest/de-schreibschrift.png,International Fancy Font Generators,,"Schreibschrift Generator — 𝓢𝓬𝓱𝓻𝓮𝓲𝓫𝓼𝓬𝓱𝓻𝓲𝓯𝓽 zum Kopieren, Alphabet A–Z & Namen. Kostenloser Schreibschrift Generator — schöne Schrift zum Kopieren und Einfügen, jeder Buchstabe A–Z, das ganze Schreibschrift-Alphabet…. Copy and paste stylish Unicode fonts and symbols for bios, captions, usernames…",https://ultratextgen.com/de/schreibschrift/?utm_source=pinterest&utm_medium=social&utm_campaign=organic_pins&utm_content=de-schreibschrift,,"localized, schreibschrift — 𝓢𝓬𝓱𝓻𝓮𝓲𝓫𝓼𝓬𝓱𝓻𝓲𝓯𝓽 zum kopieren, alphabet a–z & namen, fancy text generator, copy paste fonts, unicode fonts, copy and paste, ultratextgen"
"Schriftarten für Facebook: schöne Schrift für Beiträge, Bio & Namen — Copy and Paste Fonts",https://ultratextgen.com/assets/pinterest/de-schriftarten-fuer-facebook.png,International Fancy Font Generators,,"Schriftarten für Facebook: schöne Schrift für Beiträge, Bio & Namen. Schriftarten für Facebook kostenlos: verwandle deinen Text in 𝗳𝗲𝘁𝘁, 𝘬𝘶𝘳𝘴𝘪𝘷 oder 𝓼𝓬𝓱𝓻𝓮𝓲𝓫𝓼𝓬𝓱𝓻𝓲𝓯𝓽 und füge ihn in Beiträge, Kommentare…. Copy and paste stylish Unicode fonts and symbols for bios, captions, usernames and posts —…",https://ultratextgen.com/de/schriftarten-fuer-facebook/?utm_source=pinterest&utm_medium=social&utm_campaign=organic_pins&utm_content=de-schriftarten-fuer-facebook,,"localized, schriftarten für facebook: schöne schrift für beiträge, bio & namen, fancy text generator, copy paste fonts, unicode fonts, copy and paste, ultratextgen"
"Schriftarten für Instagram: schöne Schrift für Bio, Name & Captions — Copy and Paste Fonts",https://ultratextgen.com/assets/pinterest/de-schriftarten-fuer-instagram.png,International Fancy Font Generators,,"Schriftarten für Instagram: schöne Schrift für Bio, Name & Captions. Schriftarten für Instagram kostenlos: verwandle deinen Text in 𝗳𝗲𝘁𝘁, 𝘬𝘶𝘳𝘴𝘪𝘷 oder 𝓼𝓬𝓱𝓻𝓮𝓲𝓫𝓼𝓬𝓱𝓻𝓲𝓯𝓽 und füge ihn in Bio, Name, Captions und…. Copy and paste stylish Unicode fonts and symbols for bios, captions, usernames and posts…",https://ultratextgen.com/de/schriftarten-fuer-instagram/?utm_source=pinterest&utm_medium=social&utm_campaign=organic_pins&utm_content=de-schriftarten-fuer-instagram,,"localized, schriftarten für instagram: schöne schrift für bio, name & captions, fancy text generator, copy paste fonts, unicode fonts, copy and paste, ultratextgen"
"Schriftarten für Snapchat: Snapchat Schrift für Name, Bio & Captions — Copy and Paste",https://ultratextgen.com/assets/pinterest/de-schriftarten-fuer-snapchat.png,International Fancy Font Generators,,"Schriftarten für Snapchat: Snapchat Schrift für Name, Bio & Captions. Schriftarten für Snapchat kostenlos: Erstelle auffällige Snapchat-Schrift für Captions, Untertitel, Bio und Storys. Fette, kursive und…. Copy and paste stylish Unicode fonts and symbols for bios, captions, usernames and posts…",https://ultratextgen.com/de/schriftarten-fuer-snapchat/?utm_source=pinterest&utm_medium=social&utm_campaign=organic_pins&utm_content=de-schriftarten-fuer-snapchat,,"localized, schriftarten für snapchat: snapchat schrift für name, bio & captions, fancy text generator, copy paste fonts, unicode fonts, copy and paste, ultratextgen"
"Schriftarten für Telegram: schöne Schrift für Bio, Name & Kanal — Copy and Paste Fonts",https://ultratextgen.com/assets/pinterest/de-schriftarten-fuer-telegram.png,International Fancy Font Generators,,"Schriftarten für Telegram: schöne Schrift für Bio, Name & Kanal. Schriftarten für Telegram kostenlos: verwandle deinen Text in 𝗳𝗲𝘁𝘁, 𝘬𝘶𝘳𝘴𝘪𝘷 oder 𝓼𝓬𝓱𝓻𝓮𝓲𝓫𝓼𝓬𝓱𝓻𝓲𝓯𝓽 und füge ihn in Bio, Name, Nachrichten…. Copy and paste stylish Unicode fonts and symbols for bios, captions, usernames and posts —…",https://ultratextgen.com/de/schriftarten-fuer-telegram/?utm_source=pinterest&utm_medium=social&utm_campaign=organic_pins&utm_content=de-schriftarten-fuer-telegram,,"localized, schriftarten für telegram: schöne schrift für bio, name & kanal, fancy text generator, copy paste fonts, unicode fonts, copy and paste, ultratextgen"
"Schriftarten für TikTok: TikTok Schrift für Bio, Name & Captions — Copy and Paste Fonts",https://ultratextgen.com/assets/pinterest/de-schriftarten-fuer-tiktok.png,International Fancy Font Generators,,"Schriftarten für TikTok: TikTok Schrift für Bio, Name & Captions. Schriftarten für TikTok kostenlos: verwandle deinen Text in 𝗳𝗲𝘁𝘁, 𝘬𝘶𝘳𝘴𝘪𝘷 oder 𝓼𝓬𝓱𝓻𝓮𝓲𝓫𝓼𝓬𝓱𝓻𝓲𝓯𝓽 und füge ihn in die TikTok-Bio, den Namen…. Copy and paste stylish Unicode fonts and symbols for bios, captions, usernames and posts —…",https://ultratextgen.com/de/schriftarten-fuer-tiktok/?utm_source=pinterest&utm_medium=social&utm_campaign=organic_pins&utm_content=de-schriftarten-fuer-tiktok,,"localized, schriftarten für tiktok: tiktok schrift für bio, name & captions, fancy text generator, copy paste fonts, unicode fonts, copy and paste, ultratextgen"
"Schriftarten für WhatsApp: coole Schrift für Name, Status & Chat — Copy and Paste Fonts",https://ultratextgen.com/assets/pinterest/de-schriftarten-fuer-whatsapp.png,International Fancy Font Generators,,"Schriftarten für WhatsApp: coole Schrift für Name, Status & Chat. Schriftarten für WhatsApp kostenlos: verwandle deinen Text in 𝗳𝗲𝘁𝘁, 𝘬𝘶𝘳𝘴𝘪𝘷 oder 𝓼𝓬𝓱𝓻𝓮𝓲𝓫𝓼𝓬𝓱𝓻𝓲𝓯𝓽 und füge ihn in Profilname, Info, Status…. Copy and paste stylish Unicode fonts and symbols for bios, captions, usernames and posts —…",https://ultratextgen.com/de/schriftarten-fuer-whatsapp/?utm_source=pinterest&utm_medium=social&utm_campaign=organic_pins&utm_content=de-schriftarten-fuer-whatsapp,,"localized, schriftarten für whatsapp: coole schrift für name, status & chat, fancy text generator, copy paste fonts, unicode fonts, copy and paste, ultratextgen"
"Absatzzeichen (¶): Bedeutung, Geschichte und wie man es tippt — Copy and Paste Fonts",https://ultratextgen.com/assets/pinterest/de-symbol-absatzzeichen.png,International Fancy Font Generators,,"Absatzzeichen (¶): Bedeutung, Geschichte und wie man es tippt. Das Absatzzeichen ¶ (U+00B6) erklärt — die mittelalterliche Absatzmarke hinter Words „Alle anzeigen“-Schaltfläche und wie du es unter…. Copy and paste stylish Unicode fonts and symbols for bios, captions, usernames and posts — free,…",https://ultratextgen.com/de/symbol/absatzzeichen/?utm_source=pinterest&utm_medium=social&utm_campaign=organic_pins&utm_content=de-symbol-absatzzeichen,,"localized, absatzzeichen (¶): bedeutung, geschichte und wie man es tippt, fancy text generator, copy paste fonts, unicode fonts, copy and paste, ultratextgen"
Alpha-Symbol (Α α): der erste griechische Buchstabe zum Kopieren — Copy and Paste Fonts,https://ultratextgen.com/assets/pinterest/de-symbol-alpha-symbol.png,International Fancy Font Generators,,"Alpha-Symbol (Α α): der erste griechische Buchstabe zum Kopieren. Das Alpha-Symbol zum Kopieren — der griechische Buchstabe Α α, der das Alphabet eröffnet, das „Alpha“ aus „Alpha und Omega“ und das…. Copy and paste stylish Unicode fonts and symbols for bios, captions, usernames and posts — free,…",https://ultratextgen.com/de/symbol/alpha-symbol/?utm_source=pinterest&utm_medium=social&utm_campaign=organic_pins&utm_content=de-symbol-alpha-symbol,,"localized, alpha-symbol (α α): der erste griechische buchstabe zum kopieren, fancy text generator, copy paste fonts, unicode fonts, copy and paste, ultratextgen"
Anarchie-Symbol (Ⓐ): das eingekreiste A und sein Ursprung von 1964 — Copy and Paste Fonts,https://ultratextgen.com/assets/pinterest/de-symbol-anarchie-symbol.png,International Fancy Font Generators,,"Anarchie-Symbol (Ⓐ): das eingekreiste A und sein Ursprung von 1964. Das Anarchie-Symbol (Ⓐ, das eingekreiste A) zum Kopieren — sein präzise datierter Ursprung von 1964, die umstrittene Bedeutung „A in O =…. Copy and paste stylish Unicode fonts and symbols for bios, captions, usernames and posts…",https://ultratextgen.com/de/symbol/anarchie-symbol/?utm_source=pinterest&utm_medium=social&utm_campaign=organic_pins&utm_content=de-symbol-anarchie-symbol,,"localized, anarchie-symbol (ⓐ): das eingekreiste a und sein ursprung von 1964, fancy text generator, copy paste fonts, unicode fonts, copy and paste, ultratextgen"
Anführungszeichen („ “ » «): deutsche Gänsefüßchen kopieren — Copy and Paste Fonts,https://ultratextgen.com/assets/pinterest/de-symbol-anfuehrungszeichen.png,International Fancy Font Generators,,"Anführungszeichen („ “ » «): deutsche Gänsefüßchen kopieren. Deutsche Anführungszeichen „ “ (U+201E / U+201C) und » « (U+00BB / U+00AB) zum Kopieren, dazu die geraden "" ', gebogenen “ ” und…. Copy and paste stylish Unicode fonts and symbols for bios, captions, usernames and posts — free, fast…",https://ultratextgen.com/de/symbol/anfuehrungszeichen/?utm_source=pinterest&utm_medium=social&utm_campaign=organic_pins&utm_content=de-symbol-anfuehrungszeichen,,"localized, anführungszeichen („ “ » «): deutsche gänsefüßchen kopieren, fancy text generator, copy paste fonts, unicode fonts, copy and paste, ultratextgen"
Ankh-Symbol (☥): die ägyptische Hieroglyphe für „Leben“ — Copy and Paste Fonts,https://ultratextgen.com/assets/pinterest/de-symbol-ankh-symbol.png,International Fancy Font Generators,,"Ankh-Symbol (☥): die ägyptische Hieroglyphe für „Leben“. Das Ankh (☥ U+2625) kopieren und einfügen — die altägyptische Hieroglyphe für „Leben“, von Göttern und Pharaonen gehalten, und das…. Copy and paste stylish Unicode fonts and symbols for bios, captions, usernames and posts — free, fast and…",https://ultratextgen.com/de/symbol/ankh-symbol/?utm_source=pinterest&utm_medium=social&utm_campaign=organic_pins&utm_content=de-symbol-ankh-symbol,,"localized, ankh-symbol (☥): die ägyptische hieroglyphe für „leben“, fancy text generator, copy paste fonts, unicode fonts, copy and paste, ultratextgen"
"At-Zeichen (@): Bedeutung, Geschichte und wie man es tippt — Copy and Paste Fonts",https://ultratextgen.com/assets/pinterest/de-symbol-at-zeichen.png,International Fancy Font Generators,,"At-Zeichen (@): Bedeutung, Geschichte und wie man es tippt. Das At-Zeichen @ (U+0040) erklärt — seine 500 Jahre alte Herkunft aus Handelsbüchern, Ray Tomlinsons E-Mail-Einsatz von 1971, wie es…. Copy and paste stylish Unicode fonts and symbols for bios, captions, usernames and posts — free, fast…",https://ultratextgen.com/de/symbol/at-zeichen/?utm_source=pinterest&utm_medium=social&utm_campaign=organic_pins&utm_content=de-symbol-at-zeichen,,"localized, at-zeichen (@): bedeutung, geschichte und wie man es tippt, fancy text generator, copy paste fonts, unicode fonts, copy and paste, ultratextgen"
"Autismus-Symbol (♾️): das Unendlichzeichen, nicht das Puzzleteil — Copy and Paste Fonts",https://ultratextgen.com/assets/pinterest/de-symbol-autismus-symbol.png,International Fancy Font Generators,,"Autismus-Symbol (♾️): das Unendlichzeichen, nicht das Puzzleteil. Das Unendlichzeichen (∞ ♾️) zum Kopieren, das die autistische Community für Autismus und Neurodiversität verwendet, warum das Puzzleteil…. Copy and paste stylish Unicode fonts and symbols for bios, captions, usernames and posts —…",https://ultratextgen.com/de/symbol/autismus-symbol/?utm_source=pinterest&utm_medium=social&utm_campaign=organic_pins&utm_content=de-symbol-autismus-symbol,,"localized, autismus-symbol (♾️): das unendlichzeichen, nicht das puzzleteil, fancy text generator, copy paste fonts, unicode fonts, copy and paste, ultratextgen"
"Biohazard-Symbol (☣): das 1966 „einprägsam, aber bedeutungslos“ gestaltete Design",https://ultratextgen.com/assets/pinterest/de-symbol-biohazard-symbol.png,International Fancy Font Generators,,"Biohazard-Symbol (☣): das 1966 „einprägsam, aber bedeutungslos“ gestaltete Design. Das Biohazard-Symbol (☣ U+2623) zum Kopieren und warum es 1966 bewusst so gestaltet wurde, dass es für sich genommen nichts bedeutet…. Copy and paste stylish Unicode fonts and symbols for bios, captions, usernames…",https://ultratextgen.com/de/symbol/biohazard-symbol/?utm_source=pinterest&utm_medium=social&utm_campaign=organic_pins&utm_content=de-symbol-biohazard-symbol,,"localized, biohazard-symbol (☣): das 1966 „einprägsam, aber bedeutungslos“ gestaltete design, fancy text generator, copy paste fonts, unicode fonts, copy and paste, ultratextgen"
"Bitcoin-Symbol (₿): Bedeutung, Geschichte und Eingabe — Copy and Paste Fonts",https://ultratextgen.com/assets/pinterest/de-symbol-bitcoin-symbol.png,International Fancy Font Generators,,"Bitcoin-Symbol (₿): Bedeutung, Geschichte und Eingabe. Das Bitcoin-Symbol ₿ (U+20BF) kopieren und einfügen — 2017 aus echter Nachfrage zu Unicode hinzugefügt, nicht zu verwechseln mit dem…. Copy and paste stylish Unicode fonts and symbols for bios, captions, usernames and posts — free, fast and…",https://ultratextgen.com/de/symbol/bitcoin-symbol/?utm_source=pinterest&utm_medium=social&utm_campaign=organic_pins&utm_content=de-symbol-bitcoin-symbol,,"localized, bitcoin-symbol (₿): bedeutung, geschichte und eingabe, fancy text generator, copy paste fonts, unicode fonts, copy and paste, ultratextgen"
"Celsius-Zeichen (℃): Bedeutung, Herkunft und Eingabe — Copy and Paste Fonts",https://ultratextgen.com/assets/pinterest/de-symbol-celsius-zeichen.png,International Fancy Font Generators,,"Celsius-Zeichen (℃): Bedeutung, Herkunft und Eingabe. Das Grad-Celsius-Zeichen (℃, U+2103) kopieren und einfügen — das Ein-Zeichen-Temperaturligatur, warum Unicode das schlichte °C empfiehlt…. Copy and paste stylish Unicode fonts and symbols for bios, captions, usernames and posts — free, fast…",https://ultratextgen.com/de/symbol/celsius-zeichen/?utm_source=pinterest&utm_medium=social&utm_campaign=organic_pins&utm_content=de-symbol-celsius-zeichen,,"localized, celsius-zeichen (℃): bedeutung, herkunft und eingabe, fancy text generator, copy paste fonts, unicode fonts, copy and paste, ultratextgen"
"Cent-Zeichen (¢): Bedeutung, Herkunft und Eingabe — Copy and Paste Fonts",https://ultratextgen.com/assets/pinterest/de-symbol-cent-zeichen.png,International Fancy Font Generators,,"Cent-Zeichen (¢): Bedeutung, Herkunft und Eingabe. Das Cent-Zeichen (¢, U+00A2) kopieren und einfügen — warum es auf den meisten Tastaturen fehlt, seine verwechselbaren Nachbarn und wie…. Copy and paste stylish Unicode fonts and symbols for bios, captions, usernames and posts — free, fast and…",https://ultratextgen.com/de/symbol/cent-zeichen/?utm_source=pinterest&utm_medium=social&utm_campaign=organic_pins&utm_content=de-symbol-cent-zeichen,,"localized, cent-zeichen (¢): bedeutung, herkunft und eingabe, fancy text generator, copy paste fonts, unicode fonts, copy and paste, ultratextgen"
"Copyright-Zeichen (©): Bedeutung, Geschichte und Eingabe — Copy and Paste Fonts",https://ultratextgen.com/assets/pinterest/de-symbol-copyright-zeichen.png,International Fancy Font Generators,,"Copyright-Zeichen (©): Bedeutung, Geschichte und Eingabe. Das Copyright-Zeichen © (U+00A9) erklärt — seine rechtliche Herkunft von 1909, ob du es angesichts des automatischen Urheberrechts noch…. Copy and paste stylish Unicode fonts and symbols for bios, captions, usernames and posts — free,…",https://ultratextgen.com/de/symbol/copyright-zeichen/?utm_source=pinterest&utm_medium=social&utm_campaign=organic_pins&utm_content=de-symbol-copyright-zeichen,,"localized, copyright-zeichen (©): bedeutung, geschichte und eingabe, fancy text generator, copy paste fonts, unicode fonts, copy and paste, ultratextgen"
"Davidstern (✡): Geschichte, Bedeutung und wie man ihn tippt — Copy and Paste Fonts",https://ultratextgen.com/assets/pinterest/de-symbol-davidstern.png,International Fancy Font Generators,,"Davidstern (✡): Geschichte, Bedeutung und wie man ihn tippt. Der Davidstern ✡ (U+2721) zum Kopieren und Einfügen — seine vielschichtige Geschichte, von einem alten, kulturübergreifend geteilten…. Copy and paste stylish Unicode fonts and symbols for bios, captions, usernames and posts — free,…",https://ultratextgen.com/de/symbol/davidstern/?utm_source=pinterest&utm_medium=social&utm_campaign=organic_pins&utm_content=de-symbol-davidstern,,"localized, davidstern (✡): geschichte, bedeutung und wie man ihn tippt, fancy text generator, copy paste fonts, unicode fonts, copy and paste, ultratextgen"
"Delta-Symbol (Δ): Bedeutung, Geschichte und wie man es tippt — Copy and Paste Fonts",https://ultratextgen.com/assets/pinterest/de-symbol-delta-symbol.png,International Fancy Font Generators,,"Delta-Symbol (Δ): Bedeutung, Geschichte und wie man es tippt. Das Delta-Symbol Δ (U+0394) im Detail — der griechische Buchstabe, der in Mathematik, Physik und Chemie „Änderung von“ bedeutet, das…. Copy and paste stylish Unicode fonts and symbols for bios, captions, usernames and posts — free,…",https://ultratextgen.com/de/symbol/delta-symbol/?utm_source=pinterest&utm_medium=social&utm_campaign=organic_pins&utm_content=de-symbol-delta-symbol,,"localized, delta-symbol (δ): bedeutung, geschichte und wie man es tippt, fancy text generator, copy paste fonts, unicode fonts, copy and paste, ultratextgen"
"Divisionszeichen (÷): Bedeutung, Geschichte und Eingabe — Copy and Paste Fonts",https://ultratextgen.com/assets/pinterest/de-symbol-divisionszeichen.png,International Fancy Font Generators,,"Divisionszeichen (÷): Bedeutung, Geschichte und Eingabe. Das Divisionszeichen ÷ (U+00F7), der Obelus, erklärt — sein Ursprung von 1659, wie du es unter Windows und Mac eingibst und wie es sich…. Copy and paste stylish Unicode fonts and symbols for bios, captions, usernames and posts — free, fast…",https://ultratextgen.com/de/symbol/divisionszeichen/?utm_source=pinterest&utm_medium=social&utm_campaign=organic_pins&utm_content=de-symbol-divisionszeichen,,"localized, divisionszeichen (÷): bedeutung, geschichte und eingabe, fancy text generator, copy paste fonts, unicode fonts, copy and paste, ultratextgen"
"Dollar-Zeichen ($): Herkunft, Geschichte und wie man es tippt — Copy and Paste Fonts",https://ultratextgen.com/assets/pinterest/de-symbol-dollar-zeichen.png,International Fancy Font Generators,,"Dollar-Zeichen ($): Herkunft, Geschichte und wie man es tippt. Das Dollar-Zeichen ($, U+0024) im Detail — seine umstrittene Herkunft aus der Peso-Abkürzung der 1770er-Jahre, der widerlegte…. Copy and paste stylish Unicode fonts and symbols for bios, captions, usernames and posts — free, fast and…",https://ultratextgen.com/de/symbol/dollar-zeichen/?utm_source=pinterest&utm_medium=social&utm_campaign=organic_pins&utm_content=de-symbol-dollar-zeichen,,"localized, dollar-zeichen ($): herkunft, geschichte und wie man es tippt, fancy text generator, copy paste fonts, unicode fonts, copy and paste, ultratextgen"
Durchmesserzeichen (⌀) kopieren: technisches Durchmesser-Symbol — Copy and Paste Fonts,https://ultratextgen.com/assets/pinterest/de-symbol-durchmesserzeichen.png,International Fancy Font Generators,,"Durchmesserzeichen (⌀) kopieren: technisches Durchmesser-Symbol. Das Durchmesserzeichen (⌀, U+2300) zum Kopieren und Einfügen — das Zeichen technischer Zeichnungen und Fertigungsangaben, plus die…. Copy and paste stylish Unicode fonts and symbols for bios, captions, usernames and posts — free,…",https://ultratextgen.com/de/symbol/durchmesserzeichen/?utm_source=pinterest&utm_medium=social&utm_campaign=organic_pins&utm_content=de-symbol-durchmesserzeichen,,"localized, durchmesserzeichen (⌀) kopieren: technisches durchmesser-symbol, fancy text generator, copy paste fonts, unicode fonts, copy and paste, ultratextgen"
"Et-Zeichen (&): Bedeutung, Herkunft und wie man es tippt — Copy and Paste Fonts",https://ultratextgen.com/assets/pinterest/de-symbol-et-zeichen.png,International Fancy Font Generators,,"Et-Zeichen (&): Bedeutung, Herkunft und wie man es tippt. Das Et-Zeichen & (U+0026) erklärt — seine Herkunft als römische Ligatur des lateinischen et, woher der englische Name „ampersand“ stammt…. Copy and paste stylish Unicode fonts and symbols for bios, captions, usernames and posts — free,…",https://ultratextgen.com/de/symbol/et-zeichen/?utm_source=pinterest&utm_medium=social&utm_campaign=organic_pins&utm_content=de-symbol-et-zeichen,,"localized, et-zeichen (&): bedeutung, herkunft und wie man es tippt, fancy text generator, copy paste fonts, unicode fonts, copy and paste, ultratextgen"
Euro-Zeichen: € kopieren — Herkunft & Tastatur — Copy and Paste Fonts,https://ultratextgen.com/assets/pinterest/de-symbol-euro-zeichen.png,International Fancy Font Generators,,"Euro-Zeichen: € kopieren — Herkunft & Tastatur. Das Euro-Zeichen (€, U+20AC) kopieren und einfügen — plus weitere Weltwährungssymbole. Erfahre, woher das € kommt und wie du es unter…. Copy and paste stylish Unicode fonts and symbols for bios, captions, usernames and posts — free, fast and right…",https://ultratextgen.com/de/symbol/euro-zeichen/?utm_source=pinterest&utm_medium=social&utm_campaign=organic_pins&utm_content=de-symbol-euro-zeichen,,"localized, euro-zeichen: € kopieren — herkunft & tastatur, fancy text generator, copy paste fonts, unicode fonts, copy and paste, ultratextgen"
"Fahrenheit-Zeichen (℉): Bedeutung, Umrechnung und Eingabe — Copy and Paste Fonts",https://ultratextgen.com/assets/pinterest/de-symbol-fahrenheit-zeichen.png,International Fancy Font Generators,,"Fahrenheit-Zeichen (℉): Bedeutung, Umrechnung und Eingabe. Das Grad-Fahrenheit-Zeichen (℉, U+2109) kopieren und einfügen — die Ein-Zeichen-Temperaturligatur, die Formel zur Umrechnung in Celsius…. Copy and paste stylish Unicode fonts and symbols for bios, captions, usernames and posts — free,…",https://ultratextgen.com/de/symbol/fahrenheit-zeichen/?utm_source=pinterest&utm_medium=social&utm_campaign=organic_pins&utm_content=de-symbol-fahrenheit-zeichen,,"localized, fahrenheit-zeichen (℉): bedeutung, umrechnung und eingabe, fancy text generator, copy paste fonts, unicode fonts, copy and paste, ultratextgen"
"Fische-Symbol (♓): Bedeutung, Mythologie & Eingabe — Copy and Paste Fonts",https://ultratextgen.com/assets/pinterest/de-symbol-fische-symbol.png,International Fancy Font Generators,,"Fische-Symbol (♓): Bedeutung, Mythologie & Eingabe. Das Fische-Symbol ♓ (U+2653) im Detail — das zwölfte Sternzeichen, zwei Fische Schwanz an Schwanz aus dem Mythos von Aphrodite und Eros…. Copy and paste stylish Unicode fonts and symbols for bios, captions, usernames and posts — free, fast and…",https://ultratextgen.com/de/symbol/fische-symbol/?utm_source=pinterest&utm_medium=social&utm_campaign=organic_pins&utm_content=de-symbol-fische-symbol,,"localized, fische-symbol (♓): bedeutung, mythologie & eingabe, fancy text generator, copy paste fonts, unicode fonts, copy and paste, ultratextgen"
"Fleur-de-Lis-Symbol (⚜): Bedeutung, Geschichte und wie man es tippt — Copy and Paste Fonts",https://ultratextgen.com/assets/pinterest/de-symbol-fleur-de-lis-symbol.png,International Fancy Font Generators,,"Fleur-de-Lis-Symbol (⚜): Bedeutung, Geschichte und wie man es tippt. Das Fleur-de-Lis-Symbol ⚜ (U+269C) zum Kopieren — die stilisierte Lilie der französischen Könige, heute das Weltverbandsabzeichen der…. Copy and paste stylish Unicode fonts and symbols for bios, captions, usernames and posts —…",https://ultratextgen.com/de/symbol/fleur-de-lis-symbol/?utm_source=pinterest&utm_medium=social&utm_campaign=organic_pins&utm_content=de-symbol-fleur-de-lis-symbol,,"localized, fleur-de-lis-symbol (⚜): bedeutung, geschichte und wie man es tippt, fancy text generator, copy paste fonts, unicode fonts, copy and paste, ultratextgen"
"Friedenszeichen (☮): Bedeutung, Geschichte und Eingabe — Copy and Paste Fonts",https://ultratextgen.com/assets/pinterest/de-symbol-friedenszeichen.png,International Fancy Font Generators,,"Friedenszeichen (☮): Bedeutung, Geschichte und Eingabe. Das Friedenszeichen ☮ (U+262E) erklärt — Gerald Holtoms Semaphor-Buchstaben-Design von 1958 und wie man es unter Windows/Mac tippt…. Copy and paste stylish Unicode fonts and symbols for bios, captions, usernames and posts — free, fast and…",https://ultratextgen.com/de/symbol/friedenszeichen/?utm_source=pinterest&utm_medium=social&utm_campaign=organic_pins&utm_content=de-symbol-friedenszeichen,,"localized, friedenszeichen (☮): bedeutung, geschichte und eingabe, fancy text generator, copy paste fonts, unicode fonts, copy and paste, ultratextgen"
"Geviertstrich (—): Bedeutung, Gebrauch und wie man ihn tippt — Copy and Paste Fonts",https://ultratextgen.com/assets/pinterest/de-symbol-geviertstrich.png,International Fancy Font Generators,,"Geviertstrich (—): Bedeutung, Gebrauch und wie man ihn tippt. Der Geviertstrich — (U+2014) erklärt — wie er sich vom Halbgeviertstrich (–), Bindestrich und Minuszeichen unterscheidet, warum das…. Copy and paste stylish Unicode fonts and symbols for bios, captions, usernames and posts — free,…",https://ultratextgen.com/de/symbol/geviertstrich/?utm_source=pinterest&utm_medium=social&utm_campaign=organic_pins&utm_content=de-symbol-geviertstrich,,"localized, geviertstrich (—): bedeutung, gebrauch und wie man ihn tippt, fancy text generator, copy paste fonts, unicode fonts, copy and paste, ultratextgen"
Grad-Zeichen: ° kopieren — Temperatur- & Winkel-Symbole — Copy and Paste Fonts,https://ultratextgen.com/assets/pinterest/de-symbol-grad-zeichen.png,International Fancy Font Generators,,"Grad-Zeichen: ° kopieren — Temperatur- & Winkel-Symbole. Das Gradzeichen (°) sowie Celsius-, Fahrenheit-, Kelvin-, Winkel- und Geometriezeichen kopieren und einfügen. Klick auf ein Symbol, um…. Copy and paste stylish Unicode fonts and symbols for bios, captions, usernames and posts — free, fast…",https://ultratextgen.com/de/symbol/grad-zeichen/?utm_source=pinterest&utm_medium=social&utm_campaign=organic_pins&utm_content=de-symbol-grad-zeichen,,"localized, grad-zeichen: ° kopieren — temperatur- & winkel-symbole, fancy text generator, copy paste fonts, unicode fonts, copy and paste, ultratextgen"
Häkchen-Symbol (✓ ✔) kopieren: Häkchen & Kontrollkästchen — Copy and Paste Fonts,https://ultratextgen.com/assets/pinterest/de-symbol-haekchen-symbol.png,International Fancy Font Generators,,"Häkchen-Symbol (✓ ✔) kopieren: Häkchen & Kontrollkästchen. Das Häkchen ✓ (U+2713) und das Kontrollkästchen ☑ zum Kopieren und Einfügen — das Standard-Häkchen, das dicke ✔, das grüne ✅ Emoji, und…. Copy and paste stylish Unicode fonts and symbols for bios, captions, usernames and posts — free,…",https://ultratextgen.com/de/symbol/haekchen-symbol/?utm_source=pinterest&utm_medium=social&utm_campaign=organic_pins&utm_content=de-symbol-haekchen-symbol,,"localized, häkchen-symbol (✓ ✔) kopieren: häkchen & kontrollkästchen, fancy text generator, copy paste fonts, unicode fonts, copy and paste, ultratextgen"
Hamsa-Symbol (🪬): die Hand der Miriam und die Hand der Fatima — Copy and Paste Fonts,https://ultratextgen.com/assets/pinterest/de-symbol-hamsa-symbol.png,International Fancy Font Generators,,"Hamsa-Symbol (🪬): die Hand der Miriam und die Hand der Fatima. Die Hamsa-Hand (🪬 U+1FAAC) kopieren und einfügen, 2021 in Unicode aufgenommen — ein Schutzamulett, älter als Judentum und Islam, heute…. Copy and paste stylish Unicode fonts and symbols for bios, captions, usernames and posts — free,…",https://ultratextgen.com/de/symbol/hamsa-symbol/?utm_source=pinterest&utm_medium=social&utm_campaign=organic_pins&utm_content=de-symbol-hamsa-symbol,,"localized, hamsa-symbol (🪬): die hand der miriam und die hand der fatima, fancy text generator, copy paste fonts, unicode fonts, copy and paste, ultratextgen"
Herz-Symbol (♥) kopieren: ❤ Herzzeichen & Text-Herzen — Copy and Paste Fonts,https://ultratextgen.com/assets/pinterest/de-symbol-herz-symbol.png,International Fancy Font Generators,,"Herz-Symbol (♥) kopieren: ❤ Herzzeichen & Text-Herzen. Das Herz-Symbol ♥ (U+2665) zum Kopieren und Einfügen — das Kartenfarben-Herz, das dickere ❤, farbige Herz-Emojis und das Text-Herz <3…. Copy and paste stylish Unicode fonts and symbols for bios, captions, usernames and posts — free, fast and…",https://ultratextgen.com/de/symbol/herz-symbol/?utm_source=pinterest&utm_medium=social&utm_campaign=organic_pins&utm_content=de-symbol-herz-symbol,,"localized, herz-symbol (♥) kopieren: ❤ herzzeichen & text-herzen, fancy text generator, copy paste fonts, unicode fonts, copy and paste, ultratextgen"
Unicode-Symbole: ein bestimmtes Zeichen nachschlagen — Copy and Paste Fonts,https://ultratextgen.com/assets/pinterest/de-symbol.png,International Fancy Font Generators,,"Unicode-Symbole: ein bestimmtes Zeichen nachschlagen. Jede Seite behandelt ein einzelnes Unicode-Symbol im Detail — Bedeutung, Geschichte, wie man es eingibt und wo es funktioniert…. Copy and paste stylish Unicode fonts and symbols for bios, captions, usernames and posts — free, fast and right…",https://ultratextgen.com/de/symbol/?utm_source=pinterest&utm_medium=social&utm_campaign=organic_pins&utm_content=de-symbol,,"localized, unicode-symbole: ein bestimmtes zeichen nachschlagen, fancy text generator, copy paste fonts, unicode fonts, copy and paste, ultratextgen"
"Jungfrau-Symbol (♍): Bedeutung, Mythologie & Eingabe — Copy and Paste Fonts",https://ultratextgen.com/assets/pinterest/de-symbol-jungfrau-symbol.png,International Fancy Font Generators,,"Jungfrau-Symbol (♍): Bedeutung, Mythologie & Eingabe. Das Jungfrau-Symbol ♍ (U+264D) im Detail — das sechste Sternzeichen, der Mythos von Astraia, das einzige als Frau personifizierte…. Copy and paste stylish Unicode fonts and symbols for bios, captions, usernames and posts — free, fast and…",https://ultratextgen.com/de/symbol/jungfrau-symbol/?utm_source=pinterest&utm_medium=social&utm_campaign=organic_pins&utm_content=de-symbol-jungfrau-symbol,,"localized, jungfrau-symbol (♍): bedeutung, mythologie & eingabe, fancy text generator, copy paste fonts, unicode fonts, copy and paste, ultratextgen"
Khanda-Symbol (☬ 🪯): das Sikh-Emblem und Ik Onkar — Copy and Paste Fonts,https://ultratextgen.com/assets/pinterest/de-symbol-khanda-symbol.png,International Fancy Font Generators,,"Khanda-Symbol (☬ 🪯): das Sikh-Emblem und Ik Onkar. Das Khanda (☬ 🪯) kopieren und einfügen — das Sikh-Emblem aus zweischneidigem Schwert, Chakkar und zwei Kirpans — und sehen, worin es…. Copy and paste stylish Unicode fonts and symbols for bios, captions, usernames and posts — free, fast and…",https://ultratextgen.com/de/symbol/khanda-symbol/?utm_source=pinterest&utm_medium=social&utm_campaign=organic_pins&utm_content=de-symbol-khanda-symbol,,"localized, khanda-symbol (☬ 🪯): das sikh-emblem und ik onkar, fancy text generator, copy paste fonts, unicode fonts, copy and paste, ultratextgen"
Kleiner- und Größer-als-Zeichen (< >): Bedeutung & Eingabe — Copy and Paste Fonts,https://ultratextgen.com/assets/pinterest/de-symbol-kleiner-und-groesser-zeichen.png,International Fancy Font Generators,,"Kleiner- und Größer-als-Zeichen (< >): Bedeutung & Eingabe. Die Zeichen < und > erklärt — ihre Vergleichsbedeutung, warum sie unescaped HTML zerbrechen, wie du sie tippst und wie sie sich von « »…. Copy and paste stylish Unicode fonts and symbols for bios, captions, usernames and posts — free,…",https://ultratextgen.com/de/symbol/kleiner-und-groesser-zeichen/?utm_source=pinterest&utm_medium=social&utm_campaign=organic_pins&utm_content=de-symbol-kleiner-und-groesser-zeichen,,"localized, kleiner- und größer-als-zeichen (< >): bedeutung & eingabe, fancy text generator, copy paste fonts, unicode fonts, copy and paste, ultratextgen"
Kongruenzzeichen (≅): Bedeutung und wie du es tippst — Copy and Paste Fonts,https://ultratextgen.com/assets/pinterest/de-symbol-kongruenzzeichen.png,International Fancy Font Generators,,"Kongruenzzeichen (≅): Bedeutung und wie du es tippst. Das Kongruenzzeichen ≅ erklärt — das Geometriezeichen für „gleiche Form und Größe“, das Unicode offiziell „Approximately Equal To“…. Copy and paste stylish Unicode fonts and symbols for bios, captions, usernames and posts — free, fast and…",https://ultratextgen.com/de/symbol/kongruenzzeichen/?utm_source=pinterest&utm_medium=social&utm_campaign=organic_pins&utm_content=de-symbol-kongruenzzeichen,,"localized, kongruenzzeichen (≅): bedeutung und wie du es tippst, fancy text generator, copy paste fonts, unicode fonts, copy and paste, ultratextgen"
"Krebs-Symbol (♋): Sternzeichen, Bedeutung & Eingabe — Copy and Paste Fonts",https://ultratextgen.com/assets/pinterest/de-symbol-krebs-symbol.png,International Fancy Font Generators,,"Krebs-Symbol (♋): Sternzeichen, Bedeutung & Eingabe. Das Krebs-Symbol ♋ (U+264B), das Sternzeichen Krebs — der Mythos vom Riesenkrebs, den Hera gegen Herakles sandte, das einzige vom Mond…. Copy and paste stylish Unicode fonts and symbols for bios, captions, usernames and posts — free, fast and…",https://ultratextgen.com/de/symbol/krebs-symbol/?utm_source=pinterest&utm_medium=social&utm_campaign=organic_pins&utm_content=de-symbol-krebs-symbol,,"localized, krebs-symbol (♋): sternzeichen, bedeutung & eingabe, fancy text generator, copy paste fonts, unicode fonts, copy and paste, ultratextgen"
Kreuz-Symbol (✝): das lateinische (christliche) Kreuz zum Kopieren — Copy and Paste Fonts,https://ultratextgen.com/assets/pinterest/de-symbol-kreuz-symbol.png,International Fancy Font Generators,,"Kreuz-Symbol (✝): das lateinische (christliche) Kreuz zum Kopieren. Das lateinische Kreuz (✝, U+271D), das Hauptsymbol des Christentums, zum Kopieren — mit orthodoxem, Malteser- und weiteren Kreuzen, und…. Copy and paste stylish Unicode fonts and symbols for bios, captions, usernames and posts —…",https://ultratextgen.com/de/symbol/kreuz-symbol/?utm_source=pinterest&utm_medium=social&utm_campaign=organic_pins&utm_content=de-symbol-kreuz-symbol,,"localized, kreuz-symbol (✝): das lateinische (christliche) kreuz zum kopieren, fancy text generator, copy paste fonts, unicode fonts, copy and paste, ultratextgen"
"Löwe-Symbol (♌): Bedeutung, Mythologie & Eingabe — Copy and Paste Fonts",https://ultratextgen.com/assets/pinterest/de-symbol-loewe-symbol.png,International Fancy Font Generators,,"Löwe-Symbol (♌): Bedeutung, Mythologie & Eingabe. Das Löwe-Symbol ♌ (U+264C) im Detail — das fünfte Sternzeichen, der Mythos vom Nemeischen Löwen, warum es eines von nur zwei Zeichen…. Copy and paste stylish Unicode fonts and symbols for bios, captions, usernames and posts — free, fast and right…",https://ultratextgen.com/de/symbol/loewe-symbol/?utm_source=pinterest&utm_medium=social&utm_campaign=organic_pins&utm_content=de-symbol-loewe-symbol,,"localized, löwe-symbol (♌): bedeutung, mythologie & eingabe, fancy text generator, copy paste fonts, unicode fonts, copy and paste, ultratextgen"
"Markenzeichen (™): Bedeutung, Geschichte und wie man es tippt — Copy and Paste Fonts",https://ultratextgen.com/assets/pinterest/de-symbol-markenzeichen.png,International Fancy Font Generators,,"Markenzeichen (™): Bedeutung, Geschichte und wie man es tippt. Das Markenzeichen ™ (U+2122) erklärt — was es rechtlich bedeutet, wie es sich vom ® (der eingetragenen Marke) unterscheidet und wie du…. Copy and paste stylish Unicode fonts and symbols for bios, captions, usernames and posts — free,…",https://ultratextgen.com/de/symbol/markenzeichen/?utm_source=pinterest&utm_medium=social&utm_campaign=organic_pins&utm_content=de-symbol-markenzeichen,,"localized, markenzeichen (™): bedeutung, geschichte und wie man es tippt, fancy text generator, copy paste fonts, unicode fonts, copy and paste, ultratextgen"
"Mikrozeichen (µ): Bedeutung, griechisches My & Eingabe — Copy and Paste Fonts",https://ultratextgen.com/assets/pinterest/de-symbol-mikrozeichen.png,International Fancy Font Generators,,"Mikrozeichen (µ): Bedeutung, griechisches My & Eingabe. Das Mikrozeichen µ (U+00B5) erklärt — seine Verwendung für Mikrometer, Mikrogramm und Mikrosekunden, warum es ein anderes…. Copy and paste stylish Unicode fonts and symbols for bios, captions, usernames and posts — free, fast and right in…",https://ultratextgen.com/de/symbol/mikrozeichen/?utm_source=pinterest&utm_medium=social&utm_campaign=organic_pins&utm_content=de-symbol-mikrozeichen,,"localized, mikrozeichen (µ): bedeutung, griechisches my & eingabe, fancy text generator, copy paste fonts, unicode fonts, copy and paste, ultratextgen"
Multiplikationszeichen (×): das Malzeichen kopieren und einfügen — Copy and Paste Fonts,https://ultratextgen.com/assets/pinterest/de-symbol-multiplikationszeichen.png,International Fancy Font Generators,,"Multiplikationszeichen (×): das Malzeichen kopieren und einfügen. Das Multiplikationszeichen (×) kopieren und einfügen — sein Ursprung von 1631, sein Unterschied zum Buchstaben x und zum Malpunkt sowie…. Copy and paste stylish Unicode fonts and symbols for bios, captions, usernames and posts —…",https://ultratextgen.com/de/symbol/multiplikationszeichen/?utm_source=pinterest&utm_medium=social&utm_campaign=organic_pins&utm_content=de-symbol-multiplikationszeichen,,"localized, multiplikationszeichen (×): das malzeichen kopieren und einfügen, fancy text generator, copy paste fonts, unicode fonts, copy and paste, ultratextgen"
"Ohm-Zeichen (Ω ℧): die Einheit des elektrischen Widerstands, vom Physiker hinter V = IR",https://ultratextgen.com/assets/pinterest/de-symbol-ohm-zeichen.png,International Fancy Font Generators,,"Ohm-Zeichen (Ω ℧): die Einheit des elektrischen Widerstands, vom Physiker hinter V = IR. Das Ohm-Zeichen (Ω U+2126) für den elektrischen Widerstand kopieren und einfügen — benannt nach dem Physiker Georg Simon Ohm und seinem…. Copy and paste stylish Unicode fonts and symbols for bios, captions,…",https://ultratextgen.com/de/symbol/ohm-zeichen/?utm_source=pinterest&utm_medium=social&utm_campaign=organic_pins&utm_content=de-symbol-ohm-zeichen,,"localized, ohm-zeichen (ω ℧): die einheit des elektrischen widerstands, vom physiker hinter v = ir, fancy text generator, copy paste fonts, unicode fonts, copy and paste, ultratextgen"
"Om-Symbol (ॐ 🕉️): Bedeutung in Hinduismus, Buddhismus und Jainismus — Copy and Paste Fonts",https://ultratextgen.com/assets/pinterest/de-symbol-om-symbol.png,International Fancy Font Generators,,"Om-Symbol (ॐ 🕉️): Bedeutung in Hinduismus, Buddhismus und Jainismus. Das Om-/Aum-Symbol (ॐ U+0950, 🕉️ U+1F549) kopieren und einfügen — die heilige Silbe, im Hinduismus als Urklang des Universums gelesen…. Copy and paste stylish Unicode fonts and symbols for bios, captions, usernames and posts —…",https://ultratextgen.com/de/symbol/om-symbol/?utm_source=pinterest&utm_medium=social&utm_campaign=organic_pins&utm_content=de-symbol-om-symbol,,"localized, om-symbol (ॐ 🕉️): bedeutung in hinduismus, buddhismus und jainismus, fancy text generator, copy paste fonts, unicode fonts, copy and paste, ultratextgen"
"Omega-Symbol (Ω): Bedeutung, Geschichte und wie man es tippt — Copy and Paste Fonts",https://ultratextgen.com/assets/pinterest/de-symbol-omega-symbol.png,International Fancy Font Generators,,"Omega-Symbol (Ω): Bedeutung, Geschichte und wie man es tippt. Das Omega-Symbol Ω (U+03A9) im Detail — der letzte Buchstabe des griechischen Alphabets, warum das elektrische „Ohm“-Zeichen ihm…. Copy and paste stylish Unicode fonts and symbols for bios, captions, usernames and posts — free, fast…",https://ultratextgen.com/de/symbol/omega-symbol/?utm_source=pinterest&utm_medium=social&utm_campaign=organic_pins&utm_content=de-symbol-omega-symbol,,"localized, omega-symbol (ω): bedeutung, geschichte und wie man es tippt, fancy text generator, copy paste fonts, unicode fonts, copy and paste, ultratextgen"
Orthodoxes Kreuz (☦): was seine drei Balken bedeuten — Copy and Paste Fonts,https://ultratextgen.com/assets/pinterest/de-symbol-orthodoxes-kreuz.png,International Fancy Font Generators,,"Orthodoxes Kreuz (☦): was seine drei Balken bedeuten. Das orthodoxe Kreuz ☦ (U+2626) zum Kopieren und Einfügen — was seine drei Balken darstellen: den Titulus, den Querbalken und die schräge…. Copy and paste stylish Unicode fonts and symbols for bios, captions, usernames and posts — free, fast…",https://ultratextgen.com/de/symbol/orthodoxes-kreuz/?utm_source=pinterest&utm_medium=social&utm_campaign=organic_pins&utm_content=de-symbol-orthodoxes-kreuz,,"localized, orthodoxes kreuz (☦): was seine drei balken bedeuten, fancy text generator, copy paste fonts, unicode fonts, copy and paste, ultratextgen"
"Paragraphenzeichen (§): Bedeutung, Geschichte und Eingabe — Copy and Paste Fonts",https://ultratextgen.com/assets/pinterest/de-symbol-paragraphenzeichen.png,International Fancy Font Generators,,"Paragraphenzeichen (§): Bedeutung, Geschichte und Eingabe. Das Paragraphenzeichen § (U+00A7) erklärt — seine mittelalterliche juristische Herkunft, sein Gebrauch beim Zitieren von Gesetzen und…. Copy and paste stylish Unicode fonts and symbols for bios, captions, usernames and posts — free, fast…",https://ultratextgen.com/de/symbol/paragraphenzeichen/?utm_source=pinterest&utm_medium=social&utm_campaign=organic_pins&utm_content=de-symbol-paragraphenzeichen,,"localized, paragraphenzeichen (§): bedeutung, geschichte und eingabe, fancy text generator, copy paste fonts, unicode fonts, copy and paste, ultratextgen"
Pentagramm-Symbol (⛤ ⛧): Wicca-Stern (Spitze oben) vs. satanisches Siegel (Spitze,https://ultratextgen.com/assets/pinterest/de-symbol-pentagramm-symbol.png,International Fancy Font Generators,,"Pentagramm-Symbol (⛤ ⛧): Wicca-Stern (Spitze oben) vs. satanisches Siegel (Spitze unten). Das Pentagramm (⛤ U+26E4) und das umgekehrte Pentagramm (⛧ U+26E7) zum Kopieren — warum der Wicca-Stern mit der Spitze nach oben und das…. Copy and paste stylish Unicode fonts and symbols for bios,…",https://ultratextgen.com/de/symbol/pentagramm-symbol/?utm_source=pinterest&utm_medium=social&utm_campaign=organic_pins&utm_content=de-symbol-pentagramm-symbol,,"localized, pentagramm-symbol (⛤ ⛧): wicca-stern (spitze oben) vs. satanisches siegel (spitze unten), fancy text generator, copy paste fonts, unicode fonts, copy and paste, ultratextgen"
Pfeil-nach-links-Symbol (←): Bedeutung und Eingabe — Copy and Paste Fonts,https://ultratextgen.com/assets/pinterest/de-symbol-pfeil-nach-links.png,International Fancy Font Generators,,"Pfeil-nach-links-Symbol (←): Bedeutung und Eingabe. Das Pfeil-nach-links-Symbol ← (U+2190) erklärt — seine Verwendung in Mathematik und Notation sowie wie du es unter Windows und Mac eingibst. Copy and paste stylish Unicode fonts and symbols for bios, captions, usernames and posts — free, fast…",https://ultratextgen.com/de/symbol/pfeil-nach-links/?utm_source=pinterest&utm_medium=social&utm_campaign=organic_pins&utm_content=de-symbol-pfeil-nach-links,,"localized, pfeil-nach-links-symbol (←): bedeutung und eingabe, fancy text generator, copy paste fonts, unicode fonts, copy and paste, ultratextgen"
Pfeil-nach-oben-Symbol (↑): Bedeutung und Eingabe — Copy and Paste Fonts,https://ultratextgen.com/assets/pinterest/de-symbol-pfeil-nach-oben.png,International Fancy Font Generators,,"Pfeil-nach-oben-Symbol (↑): Bedeutung und Eingabe. Das Pfeil-nach-oben-Symbol ↑ (U+2191) erklärt — seine Verwendung in Mathematik, Richtung und Notation sowie wie du es unter Windows und…. Copy and paste stylish Unicode fonts and symbols for bios, captions, usernames and posts — free, fast and…",https://ultratextgen.com/de/symbol/pfeil-nach-oben/?utm_source=pinterest&utm_medium=social&utm_campaign=organic_pins&utm_content=de-symbol-pfeil-nach-oben,,"localized, pfeil-nach-oben-symbol (↑): bedeutung und eingabe, fancy text generator, copy paste fonts, unicode fonts, copy and paste, ultratextgen"
Pfeil-nach-rechts-Symbol (→): Bedeutung und Eingabe — Copy and Paste Fonts,https://ultratextgen.com/assets/pinterest/de-symbol-pfeil-nach-rechts.png,International Fancy Font Generators,,"Pfeil-nach-rechts-Symbol (→): Bedeutung und Eingabe. Das Pfeil-nach-rechts-Symbol → (U+2192) erklärt — seine Verwendung in Mathematik und Notation sowie wie du es unter Windows und Mac…. Copy and paste stylish Unicode fonts and symbols for bios, captions, usernames and posts — free, fast and…",https://ultratextgen.com/de/symbol/pfeil-nach-rechts/?utm_source=pinterest&utm_medium=social&utm_campaign=organic_pins&utm_content=de-symbol-pfeil-nach-rechts,,"localized, pfeil-nach-rechts-symbol (→): bedeutung und eingabe, fancy text generator, copy paste fonts, unicode fonts, copy and paste, ultratextgen"
Pfeil-nach-unten-Symbol (↓): Bedeutung und Eingabe — Copy and Paste Fonts,https://ultratextgen.com/assets/pinterest/de-symbol-pfeil-nach-unten.png,International Fancy Font Generators,,"Pfeil-nach-unten-Symbol (↓): Bedeutung und Eingabe. Das Pfeil-nach-unten-Symbol ↓ (U+2193) erklärt — seine Verwendung in Mathematik, Richtung und Notation sowie wie du es unter Windows und…. Copy and paste stylish Unicode fonts and symbols for bios, captions, usernames and posts — free, fast and…",https://ultratextgen.com/de/symbol/pfeil-nach-unten/?utm_source=pinterest&utm_medium=social&utm_campaign=organic_pins&utm_content=de-symbol-pfeil-nach-unten,,"localized, pfeil-nach-unten-symbol (↓): bedeutung und eingabe, fancy text generator, copy paste fonts, unicode fonts, copy and paste, ultratextgen"
"Pfund-Zeichen (£): Bedeutung, Geschichte und Eingabe — Copy and Paste Fonts",https://ultratextgen.com/assets/pinterest/de-symbol-pfund-zeichen.png,International Fancy Font Generators,,"Pfund-Zeichen (£): Bedeutung, Geschichte und Eingabe. Das Pfund-Zeichen £ (U+00A3) im Detail — seine Herkunft aus dem lateinischen libra, worin es sich vom Rautezeichen # unterscheidet und…. Copy and paste stylish Unicode fonts and symbols for bios, captions, usernames and posts — free, fast and…",https://ultratextgen.com/de/symbol/pfund-zeichen/?utm_source=pinterest&utm_medium=social&utm_campaign=organic_pins&utm_content=de-symbol-pfund-zeichen,,"localized, pfund-zeichen (£): bedeutung, geschichte und eingabe, fancy text generator, copy paste fonts, unicode fonts, copy and paste, ultratextgen"
"Pi-Symbol (π): Bedeutung, Geschichte und wie man es tippt — Copy and Paste Fonts",https://ultratextgen.com/assets/pinterest/de-symbol-pi-symbol.png,International Fancy Font Generators,,"Pi-Symbol (π): Bedeutung, Geschichte und wie man es tippt. Das Pi-Symbol π (U+03C0) im Detail — die Konstante ≈ 3,14159, die William Jones 1706 einführte und Euler weltweit verbreitete, was sie…. Copy and paste stylish Unicode fonts and symbols for bios, captions, usernames and posts — free,…",https://ultratextgen.com/de/symbol/pi-symbol/?utm_source=pinterest&utm_medium=social&utm_campaign=organic_pins&utm_content=de-symbol-pi-symbol,,"localized, pi-symbol (π): bedeutung, geschichte und wie man es tippt, fancy text generator, copy paste fonts, unicode fonts, copy and paste, ultratextgen"
"Plus-Minus-Zeichen (±): Bedeutung, Geschichte und Eingabe — Copy and Paste Fonts",https://ultratextgen.com/assets/pinterest/de-symbol-plus-minus-zeichen.png,International Fancy Font Generators,,"Plus-Minus-Zeichen (±): Bedeutung, Geschichte und Eingabe. Das Plus-Minus-Zeichen ± (U+00B1) erklärt — was es bedeutet, wie du es unter Windows und Mac eingibst und der Unterschied zwischen ± und…. Copy and paste stylish Unicode fonts and symbols for bios, captions, usernames and posts — free,…",https://ultratextgen.com/de/symbol/plus-minus-zeichen/?utm_source=pinterest&utm_medium=social&utm_campaign=organic_pins&utm_content=de-symbol-plus-minus-zeichen,,"localized, plus-minus-zeichen (±): bedeutung, geschichte und eingabe, fancy text generator, copy paste fonts, unicode fonts, copy and paste, ultratextgen"
Quadrat- (²) und Kubikzeichen (³): Exponenten kopieren und einfügen — Copy and Paste Fonts,https://ultratextgen.com/assets/pinterest/de-symbol-quadrat-und-kubikzeichen.png,International Fancy Font Generators,,"Quadrat- (²) und Kubikzeichen (³): Exponenten kopieren und einfügen. Die Quadrat- (²) und Kubikzeichen (³) kopieren und einfügen, die für Exponenten und Einheitenabkürzungen wie m² und cm³ verwendet…. Copy and paste stylish Unicode fonts and symbols for bios, captions, usernames and posts —…",https://ultratextgen.com/de/symbol/quadrat-und-kubikzeichen/?utm_source=pinterest&utm_medium=social&utm_campaign=organic_pins&utm_content=de-symbol-quadrat-und-kubikzeichen,,"localized, quadrat- (²) und kubikzeichen (³): exponenten kopieren und einfügen, fancy text generator, copy paste fonts, unicode fonts, copy and paste, ultratextgen"
"Quadratwurzelzeichen (√): Bedeutung, Geschichte und Eingabe — Copy and Paste Fonts",https://ultratextgen.com/assets/pinterest/de-symbol-quadratwurzelzeichen.png,International Fancy Font Generators,,"Quadratwurzelzeichen (√): Bedeutung, Geschichte und Eingabe. Das Quadratwurzelzeichen √ (U+221A) erklärt — sein Ursprung von 1525, was es bedeutet, wie du es unter Windows und Mac eingibst und wo…. Copy and paste stylish Unicode fonts and symbols for bios, captions, usernames and posts — free,…",https://ultratextgen.com/de/symbol/quadratwurzelzeichen/?utm_source=pinterest&utm_medium=social&utm_campaign=organic_pins&utm_content=de-symbol-quadratwurzelzeichen,,"localized, quadratwurzelzeichen (√): bedeutung, geschichte und eingabe, fancy text generator, copy paste fonts, unicode fonts, copy and paste, ultratextgen"
"Recycling-Symbol (♻): Bedeutung, Geschichte und wie man es tippt — Copy and Paste Fonts",https://ultratextgen.com/assets/pinterest/de-symbol-recycling-symbol.png,International Fancy Font Generators,,"Recycling-Symbol (♻): Bedeutung, Geschichte und wie man es tippt. Das Recycling-Symbol ♻ (U+267B) zum Kopieren — die Möbiusschleife aus drei Pfeilen, 1970 vom Studenten Gary Anderson für den ersten…. Copy and paste stylish Unicode fonts and symbols for bios, captions, usernames and posts — free,…",https://ultratextgen.com/de/symbol/recycling-symbol/?utm_source=pinterest&utm_medium=social&utm_campaign=organic_pins&utm_content=de-symbol-recycling-symbol,,"localized, recycling-symbol (♻): bedeutung, geschichte und wie man es tippt, fancy text generator, copy paste fonts, unicode fonts, copy and paste, ultratextgen"
"Rollstuhl-Symbol (♿): das internationale Symbol für Barrierefreiheit, Geschichte und",https://ultratextgen.com/assets/pinterest/de-symbol-rollstuhl-symbol.png,International Fancy Font Generators,,"Rollstuhl-Symbol (♿): das internationale Symbol für Barrierefreiheit, Geschichte und Eingabe. Das Rollstuhl-Symbol (♿ U+267F) kopieren und einfügen — das internationale Symbol für Barrierefreiheit, 1968 entworfen, und die…. Copy and paste stylish Unicode fonts and symbols for bios, captions,…",https://ultratextgen.com/de/symbol/rollstuhl-symbol/?utm_source=pinterest&utm_medium=social&utm_campaign=organic_pins&utm_content=de-symbol-rollstuhl-symbol,,"localized, rollstuhl-symbol (♿): das internationale symbol für barrierefreiheit, geschichte und eingabe, fancy text generator, copy paste fonts, unicode fonts, copy and paste, ultratextgen"
"Rupien-Zeichen (₹): Bedeutung, Geschichte und Eingabe — Copy and Paste Fonts",https://ultratextgen.com/assets/pinterest/de-symbol-rupien-zeichen.png,International Fancy Font Generators,,"Rupien-Zeichen (₹): Bedeutung, Geschichte und Eingabe. Das indische Rupien-Zeichen ₹ (U+20B9) erklärt — der öffentliche Design-Wettbewerb von 2010, aus dem es hervorging, und wie man es unter…. Copy and paste stylish Unicode fonts and symbols for bios, captions, usernames and posts — free, fast…",https://ultratextgen.com/de/symbol/rupien-zeichen/?utm_source=pinterest&utm_medium=social&utm_campaign=organic_pins&utm_content=de-symbol-rupien-zeichen,,"localized, rupien-zeichen (₹): bedeutung, geschichte und eingabe, fancy text generator, copy paste fonts, unicode fonts, copy and paste, ultratextgen"
"Schütze-Symbol (♐): Bedeutung, Mythos & Eingabe — Copy and Paste Fonts",https://ultratextgen.com/assets/pinterest/de-symbol-schuetze-symbol.png,International Fancy Font Generators,,"Schütze-Symbol (♐): Bedeutung, Mythos & Eingabe. Das Schütze-Symbol ♐ (U+2650) im Detail — das neunte Sternzeichen, der Kentauren-Mythos um Chiron, warum sein „Teekannen“-Sternmuster…. Copy and paste stylish Unicode fonts and symbols for bios, captions, usernames and posts — free, fast and right…",https://ultratextgen.com/de/symbol/schuetze-symbol/?utm_source=pinterest&utm_medium=social&utm_campaign=organic_pins&utm_content=de-symbol-schuetze-symbol,,"localized, schütze-symbol (♐): bedeutung, mythos & eingabe, fancy text generator, copy paste fonts, unicode fonts, copy and paste, ultratextgen"
Symbol für Schwarzen Mond Lilith (⚸): Bedeutung in der Astrologie — Copy and Paste Fonts,https://ultratextgen.com/assets/pinterest/de-symbol-schwarzer-mond-lilith.png,International Fancy Font Generators,,"Symbol für Schwarzen Mond Lilith (⚸): Bedeutung in der Astrologie. Das Symbol für Schwarzen Mond Lilith (⚸ U+26B8) zum Kopieren, ein Punkt der Mondbahn statt eines Himmelskörpers — sowie die weiteren…. Copy and paste stylish Unicode fonts and symbols for bios, captions, usernames and posts —…",https://ultratextgen.com/de/symbol/schwarzer-mond-lilith/?utm_source=pinterest&utm_medium=social&utm_campaign=organic_pins&utm_content=de-symbol-schwarzer-mond-lilith,,"localized, symbol für schwarzen mond lilith (⚸): bedeutung in der astrologie, fancy text generator, copy paste fonts, unicode fonts, copy and paste, ultratextgen"
"Senkrechter Strich (|): Bedeutung, Geschichte & Eingabe — Copy and Paste Fonts",https://ultratextgen.com/assets/pinterest/de-symbol-senkrechter-strich.png,International Fancy Font Generators,,"Senkrechter Strich (|): Bedeutung, Geschichte & Eingabe. Der senkrechte Strich | (U+007C) erklärt — seine Geschichte als Unix-Pipe, seine mathematischen Verwendungen und wie du ihn unter…. Copy and paste stylish Unicode fonts and symbols for bios, captions, usernames and posts — free, fast and…",https://ultratextgen.com/de/symbol/senkrechter-strich/?utm_source=pinterest&utm_medium=social&utm_campaign=organic_pins&utm_content=de-symbol-senkrechter-strich,,"localized, senkrechter strich (|): bedeutung, geschichte & eingabe, fancy text generator, copy paste fonts, unicode fonts, copy and paste, ultratextgen"
"Sigma-Symbol (Σ σ): der griechische Buchstabe, das Meme und die Mathematik — Copy and",https://ultratextgen.com/assets/pinterest/de-symbol-sigma-symbol.png,International Fancy Font Generators,,"Sigma-Symbol (Σ σ): der griechische Buchstabe, das Meme und die Mathematik. Das Sigma-Symbol kopieren und einfügen — der griechische Buchstabe Σ σ, das Moai-Emoji 🗿, das für das „Sigma“-Meme wirklich verwendet…. Copy and paste stylish Unicode fonts and symbols for bios, captions, usernames and…",https://ultratextgen.com/de/symbol/sigma-symbol/?utm_source=pinterest&utm_medium=social&utm_campaign=organic_pins&utm_content=de-symbol-sigma-symbol,,"localized, sigma-symbol (σ σ): der griechische buchstabe, das meme und die mathematik, fancy text generator, copy paste fonts, unicode fonts, copy and paste, ultratextgen"
"Skorpion-Symbol (♏): Bedeutung, Mythologie & Eingabe — Copy and Paste Fonts",https://ultratextgen.com/assets/pinterest/de-symbol-skorpion-symbol.png,International Fancy Font Generators,,"Skorpion-Symbol (♏): Bedeutung, Mythologie & Eingabe. Das Skorpion-Symbol ♏ (U+264F) im Detail — das achte Sternzeichen, der Mythos vom Skorpion gegen Orion, warum beide Sternbilder nie…. Copy and paste stylish Unicode fonts and symbols for bios, captions, usernames and posts — free, fast and…",https://ultratextgen.com/de/symbol/skorpion-symbol/?utm_source=pinterest&utm_medium=social&utm_campaign=organic_pins&utm_content=de-symbol-skorpion-symbol,,"localized, skorpion-symbol (♏): bedeutung, mythologie & eingabe, fancy text generator, copy paste fonts, unicode fonts, copy and paste, ultratextgen"
"Steinbock-Symbol (♑): Bedeutung, Mythologie & Eingabe — Copy and Paste Fonts",https://ultratextgen.com/assets/pinterest/de-symbol-steinbock-symbol.png,International Fancy Font Generators,,"Steinbock-Symbol (♑): Bedeutung, Mythologie & Eingabe. Das Steinbock-Symbol ♑ (U+2651) im Detail — das zehnte Sternzeichen, das Monogramm der Seeziege aus dem Mythos von Pan und Typhon, sein…. Copy and paste stylish Unicode fonts and symbols for bios, captions, usernames and posts — free, fast…",https://ultratextgen.com/de/symbol/steinbock-symbol/?utm_source=pinterest&utm_medium=social&utm_campaign=organic_pins&utm_content=de-symbol-steinbock-symbol,,"localized, steinbock-symbol (♑): bedeutung, mythologie & eingabe, fancy text generator, copy paste fonts, unicode fonts, copy and paste, ultratextgen"
Stern-Symbol (★) kopieren: ☆ ⭐ Sterne & Stern-Emoji — Copy and Paste Fonts,https://ultratextgen.com/assets/pinterest/de-symbol-stern-symbol.png,International Fancy Font Generators,,"Stern-Symbol (★) kopieren: ☆ ⭐ Sterne & Stern-Emoji. Das Stern-Symbol ★ (U+2605) zum Kopieren und Einfügen — der gefüllte und der Umriss-Stern für Bewertungen und Favoriten, dekorative…. Copy and paste stylish Unicode fonts and symbols for bios, captions, usernames and posts — free, fast and…",https://ultratextgen.com/de/symbol/stern-symbol/?utm_source=pinterest&utm_medium=social&utm_campaign=organic_pins&utm_content=de-symbol-stern-symbol,,"localized, stern-symbol (★) kopieren: ☆ ⭐ sterne & stern-emoji, fancy text generator, copy paste fonts, unicode fonts, copy and paste, ultratextgen"
"Stier-Symbol (♉): Bedeutung, Mythologie & Eingabe — Copy and Paste Fonts",https://ultratextgen.com/assets/pinterest/de-symbol-stier-symbol.png,International Fancy Font Generators,,"Stier-Symbol (♉): Bedeutung, Mythologie & Eingabe. Das Stier-Symbol ♉ (U+2649) im Detail — das zweite Sternzeichen, seine zwei Stier-Mythen (Zeus und Europa, der Himmelsstier aus dem…. Copy and paste stylish Unicode fonts and symbols for bios, captions, usernames and posts — free, fast and right…",https://ultratextgen.com/de/symbol/stier-symbol/?utm_source=pinterest&utm_medium=social&utm_campaign=organic_pins&utm_content=de-symbol-stier-symbol,,"localized, stier-symbol (♉): bedeutung, mythologie & eingabe, fancy text generator, copy paste fonts, unicode fonts, copy and paste, ultratextgen"
"Stopp-Symbol (🛑): Bedeutung, Codepoint und das Zeichen, das man damit verwechselt",https://ultratextgen.com/assets/pinterest/de-symbol-stopp-symbol.png,International Fancy Font Generators,,"Stopp-Symbol (🛑): Bedeutung, Codepoint und das Zeichen, das man damit verwechselt. Das Stoppschild-Emoji 🛑 (U+1F6D1) im Detail — warum es ein Achteck ist, sein Codepoint und der Unterschied zwischen 🛑 Stopp und ⛔…. Copy and paste stylish Unicode fonts and symbols for bios, captions, usernames…",https://ultratextgen.com/de/symbol/stopp-symbol/?utm_source=pinterest&utm_medium=social&utm_campaign=organic_pins&utm_content=de-symbol-stopp-symbol,,"localized, stopp-symbol (🛑): bedeutung, codepoint und das zeichen, das man damit verwechselt, fancy text generator, copy paste fonts, unicode fonts, copy and paste, ultratextgen"
"Umgekehrtes Fragezeichen (⸮): das gespiegelte Zeichen, nicht ¿ — Copy and Paste Fonts",https://ultratextgen.com/assets/pinterest/de-symbol-umgekehrtes-fragezeichen.png,International Fancy Font Generators,,"Umgekehrtes Fragezeichen (⸮): das gespiegelte Zeichen, nicht ¿. Das umgekehrte Fragezeichen (⸮ U+2E2E) kopieren und einfügen — eine Marke des 16. Jahrhunderts für rhetorische Fragen. Und sehen, warum…. Copy and paste stylish Unicode fonts and symbols for bios, captions, usernames and posts —…",https://ultratextgen.com/de/symbol/umgekehrtes-fragezeichen/?utm_source=pinterest&utm_medium=social&utm_campaign=organic_pins&utm_content=de-symbol-umgekehrtes-fragezeichen,,"localized, umgekehrtes fragezeichen (⸮): das gespiegelte zeichen, nicht ¿, fancy text generator, copy paste fonts, unicode fonts, copy and paste, ultratextgen"
"Unendlichkeitszeichen (∞): Bedeutung, Geschichte & Eingabe — Copy and Paste Fonts",https://ultratextgen.com/assets/pinterest/de-symbol-unendlichkeitszeichen.png,International Fancy Font Generators,,"Unendlichkeitszeichen (∞): Bedeutung, Geschichte & Eingabe. Das Unendlichkeitszeichen ∞ (U+221E) erklärt — der Ursprung bei John Wallis 1655, was es bedeutet, wie du es unter Windows/Mac tippst…. Copy and paste stylish Unicode fonts and symbols for bios, captions, usernames and posts — free,…",https://ultratextgen.com/de/symbol/unendlichkeitszeichen/?utm_source=pinterest&utm_medium=social&utm_campaign=organic_pins&utm_content=de-symbol-unendlichkeitszeichen,,"localized, unendlichkeitszeichen (∞): bedeutung, geschichte & eingabe, fancy text generator, copy paste fonts, unicode fonts, copy and paste, ultratextgen"
"Ungleichzeichen (≠) kopieren — Mathes Negationszeichen, und warum Code != nutzt — Copy",https://ultratextgen.com/assets/pinterest/de-symbol-ungleichzeichen.png,International Fancy Font Generators,,"Ungleichzeichen (≠) kopieren — Mathes Negationszeichen, und warum Code != nutzt. Das Ungleichzeichen (≠, U+2260) zum Kopieren und Einfügen, die ganze Familie negierter Relationen ≁ ≉ ≢ ≮ ≯, zu der es gehört, und warum…. Copy and paste stylish Unicode fonts and symbols for bios, captions,…",https://ultratextgen.com/de/symbol/ungleichzeichen/?utm_source=pinterest&utm_medium=social&utm_campaign=organic_pins&utm_content=de-symbol-ungleichzeichen,,"localized, ungleichzeichen (≠) kopieren — mathes negationszeichen, und warum code != nutzt, fancy text generator, copy paste fonts, unicode fonts, copy and paste, ultratextgen"
"Unsichtbares Schriftzeichen (⠀): leere Namen, Bedeutung und Verwendung — Copy and Paste",https://ultratextgen.com/assets/pinterest/de-symbol-unsichtbares-schriftzeichen.png,International Fancy Font Generators,,"Unsichtbares Schriftzeichen (⠀): leere Namen, Bedeutung und Verwendung. Das unsichtbare Schriftzeichen ⠀ (U+2800) erklärt — warum es die Prüfung leerer Namen übersteht, wo andere unsichtbare Zeichen entfernt…. Copy and paste stylish Unicode fonts and symbols for bios, captions, usernames and…",https://ultratextgen.com/de/symbol/unsichtbares-schriftzeichen/?utm_source=pinterest&utm_medium=social&utm_campaign=organic_pins&utm_content=de-symbol-unsichtbares-schriftzeichen,,"localized, unsichtbares schriftzeichen (⠀): leere namen, bedeutung und verwendung, fancy text generator, copy paste fonts, unicode fonts, copy and paste, ultratextgen"
"Waage-Symbol (♎): Bedeutung, Herkunft & Eingabe — Copy and Paste Fonts",https://ultratextgen.com/assets/pinterest/de-symbol-waage-symbol.png,International Fancy Font Generators,,"Waage-Symbol (♎): Bedeutung, Herkunft & Eingabe. Das Waage-Symbol ♎ (U+264E) im Detail — das einzige Sternzeichen, das einen Gegenstand statt eines Tieres oder Menschen darstellt, die…. Copy and paste stylish Unicode fonts and symbols for bios, captions, usernames and posts — free, fast and…",https://ultratextgen.com/de/symbol/waage-symbol/?utm_source=pinterest&utm_medium=social&utm_campaign=organic_pins&utm_content=de-symbol-waage-symbol,,"localized, waage-symbol (♎): bedeutung, herkunft & eingabe, fancy text generator, copy paste fonts, unicode fonts, copy and paste, ultratextgen"
"Wassermann-Symbol (♒): Bedeutung, Herkunft & Eingabe — Copy and Paste Fonts",https://ultratextgen.com/assets/pinterest/de-symbol-wassermann-symbol.png,International Fancy Font Generators,,"Wassermann-Symbol (♒): Bedeutung, Herkunft & Eingabe. Das Wassermann-Symbol ♒ (U+2652) im Detail — das elfte Sternzeichen, der Mythos von Ganymed, warum es trotz seiner Wellen ein…. Copy and paste stylish Unicode fonts and symbols for bios, captions, usernames and posts — free, fast and right in…",https://ultratextgen.com/de/symbol/wassermann-symbol/?utm_source=pinterest&utm_medium=social&utm_campaign=organic_pins&utm_content=de-symbol-wassermann-symbol,,"localized, wassermann-symbol (♒): bedeutung, herkunft & eingabe, fancy text generator, copy paste fonts, unicode fonts, copy and paste, ultratextgen"
"Widder-Symbol (♈): Bedeutung, Mythologie & Eingabe — Copy and Paste Fonts",https://ultratextgen.com/assets/pinterest/de-symbol-widder-symbol.png,International Fancy Font Generators,,"Widder-Symbol (♈): Bedeutung, Mythologie & Eingabe. Das Widder-Symbol ♈ (U+2648) im Detail — das erste Sternzeichen, der Mythos vom Goldenen Vlies, sein Planet Mars und sein Element Feuer…. Copy and paste stylish Unicode fonts and symbols for bios, captions, usernames and posts — free, fast and…",https://ultratextgen.com/de/symbol/widder-symbol/?utm_source=pinterest&utm_medium=social&utm_campaign=organic_pins&utm_content=de-symbol-widder-symbol,,"localized, widder-symbol (♈): bedeutung, mythologie & eingabe, fancy text generator, copy paste fonts, unicode fonts, copy and paste, ultratextgen"
"Won-Zeichen (₩): Bedeutung, Geschichte und Eingabe — Copy and Paste Fonts",https://ultratextgen.com/assets/pinterest/de-symbol-won-zeichen.png,International Fancy Font Generators,,"Won-Zeichen (₩): Bedeutung, Geschichte und Eingabe. Das Won-Zeichen ₩ (U+20A9) erklärt — das eine Währungszeichen, das sich der südkoreanische Won (KRW) und der nordkoreanische Won (KPW)…. Copy and paste stylish Unicode fonts and symbols for bios, captions, usernames and posts — free, fast and…",https://ultratextgen.com/de/symbol/won-zeichen/?utm_source=pinterest&utm_medium=social&utm_campaign=organic_pins&utm_content=de-symbol-won-zeichen,,"localized, won-zeichen (₩): bedeutung, geschichte und eingabe, fancy text generator, copy paste fonts, unicode fonts, copy and paste, ultratextgen"
"Wut-Symbol (💢): die Ader-Marke aus dem Manga, erklärt — Copy and Paste Fonts",https://ultratextgen.com/assets/pinterest/de-symbol-wut-symbol.png,International Fancy Font Generators,,"Wut-Symbol (💢): die Ader-Marke aus dem Manga, erklärt. Das Wut-Symbol (💢 U+1F4A2) zum Kopieren, die vierzackige „platzende Ader“ aus japanischen Mangas — sowie die Wut- und Rage-Emojis, mit…. Copy and paste stylish Unicode fonts and symbols for bios, captions, usernames and posts — free, fast…",https://ultratextgen.com/de/symbol/wut-symbol/?utm_source=pinterest&utm_medium=social&utm_campaign=organic_pins&utm_content=de-symbol-wut-symbol,,"localized, wut-symbol (💢): die ader-marke aus dem manga, erklärt, fancy text generator, copy paste fonts, unicode fonts, copy and paste, ultratextgen"
"Yen-Zeichen (¥): Bedeutung, Geschichte und Eingabe — Copy and Paste Fonts",https://ultratextgen.com/assets/pinterest/de-symbol-yen-zeichen.png,International Fancy Font Generators,,"Yen-Zeichen (¥): Bedeutung, Geschichte und Eingabe. Das Yen-Zeichen ¥ (U+00A5) erklärt — sein Ursprung im Jahr 1871, warum es mit dem chinesischen Yuan geteilt wird und wie man es unter…. Copy and paste stylish Unicode fonts and symbols for bios, captions, usernames and posts — free, fast and…",https://ultratextgen.com/de/symbol/yen-zeichen/?utm_source=pinterest&utm_medium=social&utm_campaign=organic_pins&utm_content=de-symbol-yen-zeichen,,"localized, yen-zeichen (¥): bedeutung, geschichte und eingabe, fancy text generator, copy paste fonts, unicode fonts, copy and paste, ultratextgen"
"Yin-Yang-Symbol (☯): Bedeutung, Geschichte und Eingabe — Copy and Paste Fonts",https://ultratextgen.com/assets/pinterest/de-symbol-yin-yang-symbol.png,International Fancy Font Generators,,"Yin-Yang-Symbol (☯): Bedeutung, Geschichte und Eingabe. Das Yin-Yang-Symbol ☯ (U+262F) erklärt — seine Wurzeln in der alten chinesischen Philosophie und wie man es unter Windows/Mac tippt…. Copy and paste stylish Unicode fonts and symbols for bios, captions, usernames and posts — free, fast and…",https://ultratextgen.com/de/symbol/yin-yang-symbol/?utm_source=pinterest&utm_medium=social&utm_campaign=organic_pins&utm_content=de-symbol-yin-yang-symbol,,"localized, yin-yang-symbol (☯): bedeutung, geschichte und eingabe, fancy text generator, copy paste fonts, unicode fonts, copy and paste, ultratextgen"
"Zwillinge-Symbol (♊): Bedeutung, Mythos & Eingabe — Copy and Paste Fonts",https://ultratextgen.com/assets/pinterest/de-symbol-zwillinge-symbol.png,International Fancy Font Generators,,"Zwillinge-Symbol (♊): Bedeutung, Mythos & Eingabe. Das Zwillinge-Symbol ♊ (U+264A) im Detail — das dritte Sternzeichen, der Mythos von Kastor und Pollux, sein Planet Merkur und sein…. Copy and paste stylish Unicode fonts and symbols for bios, captions, usernames and posts — free, fast and right…",https://ultratextgen.com/de/symbol/zwillinge-symbol/?utm_source=pinterest&utm_medium=social&utm_campaign=organic_pins&utm_content=de-symbol-zwillinge-symbol,,"localized, zwillinge-symbol (♊): bedeutung, mythos & eingabe, fancy text generator, copy paste fonts, unicode fonts, copy and paste, ultratextgen"
Tiefgestellt Generator — Copy and Paste Fonts,https://ultratextgen.com/assets/pinterest/de-tiefgestellt.png,International Fancy Font Generators,,"Tiefgestellt Generator. Chemieformeln, tiefgestellte Zahlen & Indizes. Copy and paste stylish Unicode fonts and symbols for bios, captions, usernames and posts — free, fast and right in your browser with UltraTextGen.",https://ultratextgen.com/de/tiefgestellt/?utm_source=pinterest&utm_medium=social&utm_campaign=organic_pins&utm_content=de-tiefgestellt,,"localized, tiefgestellt, fancy text generator, copy paste fonts, unicode fonts, copy and paste, ultratextgen"
Unsichtbares Zeichen (Unsichtbarer Text) — Leerzeichen Kopieren & Einfügen — Copy and,https://ultratextgen.com/assets/pinterest/de-unsichtbares-zeichen.png,International Fancy Font Generators,,"Unsichtbares Zeichen (Unsichtbarer Text) — Leerzeichen Kopieren & Einfügen. Kopiere unsichtbaren Text und unsichtbare Zeichen (Zero Width Space, Hangul-Filler, Braille) für leere Namen in Free Fire, eine…. Copy and paste stylish Unicode fonts and symbols for bios, captions, usernames and posts —…",https://ultratextgen.com/de/unsichtbares-zeichen/?utm_source=pinterest&utm_medium=social&utm_campaign=organic_pins&utm_content=de-unsichtbares-zeichen,,"localized, unsichtbares zeichen (unsichtbarer text) — leerzeichen kopieren & einfügen, fancy text generator, copy paste fonts, unicode fonts, copy and paste, ultratextgen"
Bio-Schriftart Generator — Copy and Paste Fonts,https://ultratextgen.com/assets/pinterest/de-usecase-bio-schriftart.png,International Fancy Font Generators,,"Bio-Schriftart Generator. Schriften, Symbole und Vorlagen für dein Bio. Copy and paste stylish Unicode fonts and symbols for bios, captions, usernames and posts — free, fast and right in your browser with UltraTextGen.",https://ultratextgen.com/de/usecase/bio-schriftart/?utm_source=pinterest&utm_medium=social&utm_campaign=organic_pins&utm_content=de-usecase-bio-schriftart,,"localized, bio-schriftart, fancy text generator, copy paste fonts, unicode fonts, copy and paste, ultratextgen"
Emoji-Buchstaben — Copy and Paste Fonts — UltraTextGen,https://ultratextgen.com/assets/pinterest/de-usecase-emoji-buchstaben.png,International Fancy Font Generators,,"Emoji-Buchstaben. Namen im Emoji-Alphabet. Copy and paste stylish Unicode fonts and symbols for bios, captions, usernames and posts — free, fast and right in your browser with UltraTextGen.",https://ultratextgen.com/de/usecase/emoji-buchstaben/?utm_source=pinterest&utm_medium=social&utm_campaign=organic_pins&utm_content=de-usecase-emoji-buchstaben,,"localized, emoji-buchstaben, fancy text generator, copy paste fonts, unicode fonts, copy and paste, ultratextgen"
Emoji-Übersetzer — Copy and Paste Fonts — UltraTextGen,https://ultratextgen.com/assets/pinterest/de-usecase-emoji-uebersetzer.png,International Fancy Font Generators,,"Emoji-Übersetzer. Text in Emojis – und zurück. Copy and paste stylish Unicode fonts and symbols for bios, captions, usernames and posts — free, fast and right in your browser with UltraTextGen.",https://ultratextgen.com/de/usecase/emoji-uebersetzer/?utm_source=pinterest&utm_medium=social&utm_campaign=organic_pins&utm_content=de-usecase-emoji-uebersetzer,,"localized, emoji-übersetzer, fancy text generator, copy paste fonts, unicode fonts, copy and paste, ultratextgen"
Was Möchtest Du Erstellen? — Copy and Paste Fonts,https://ultratextgen.com/assets/pinterest/de-usecase.png,International Fancy Font Generators,,"Was Möchtest Du Erstellen?. Wähle das passende Tool für deinen Moment: Bio-Schriftart, Tattoo-Schrift, coole Spielernamen oder Emoji-Übersetzer. Copy and paste stylish Unicode fonts and symbols for bios, captions, usernames and posts — free, fast and right in your browser with UltraTextGen.",https://ultratextgen.com/de/usecase/?utm_source=pinterest&utm_medium=social&utm_campaign=organic_pins&utm_content=de-usecase,,"localized, was möchtest du erstellen?, fancy text generator, copy paste fonts, unicode fonts, copy and paste, ultratextgen"
Tattoo Schrift — Copy and Paste Fonts — UltraTextGen,https://ultratextgen.com/assets/pinterest/de-usecase-tattoo-schrift.png,International Fancy Font Generators,,"Tattoo Schrift. Teste deinen Schriftzug vor der Nadel. Copy and paste stylish Unicode fonts and symbols for bios, captions, usernames and posts — free, fast and right in your browser with UltraTextGen.",https://ultratextgen.com/de/usecase/tattoo-schrift/?utm_source=pinterest&utm_medium=social&utm_campaign=organic_pins&utm_content=de-usecase-tattoo-schrift,,"localized, tattoo schrift, fancy text generator, copy paste fonts, unicode fonts, copy and paste, ultratextgen"
Vertikaler Text-Generator — Copy and Paste Fonts,https://ultratextgen.com/assets/pinterest/de-usecase-vertical-text.png,International Fancy Font Generators,,"Vertikaler Text-Generator. Text von oben nach unten stapeln. Copy and paste stylish Unicode fonts and symbols for bios, captions, usernames and posts — free, fast and right in your browser with UltraTextGen.",https://ultratextgen.com/de/usecase/vertical-text/?utm_source=pinterest&utm_medium=social&utm_campaign=organic_pins&utm_content=de-usecase-vertical-text,,"localized, vertikaler text-generator, fancy text generator, copy paste fonts, unicode fonts, copy and paste, ultratextgen"
Zalgo-Textgenerator — Copy and Paste Fonts,https://ultratextgen.com/assets/pinterest/de-usecase-zalgo-text.png,International Fancy Font Generators,,"Zalgo-Textgenerator. Erstelle gruseligen Glitch-Text. Copy and paste stylish Unicode fonts and symbols for bios, captions, usernames and posts — free, fast and right in your browser with UltraTextGen.",https://ultratextgen.com/de/usecase/zalgo-text/?utm_source=pinterest&utm_medium=social&utm_campaign=organic_pins&utm_content=de-usecase-zalgo-text,,"localized, zalgo-textgenerator, fancy text generator, copy paste fonts, unicode fonts, copy and paste, ultratextgen"
Wörter zählen & Zeichen zählen — Kostenloses Online-Tool — Copy and Paste Fonts,https://ultratextgen.com/assets/pinterest/de-woerter-zeichen-zaehlen.png,International Fancy Font Generators,,"Wörter zählen & Zeichen zählen — Kostenloses Online-Tool. Kostenloser Wörter- und Zeichenzähler. Wörter, Zeichen, Sätze, Absätze und Lesezeit live beim Tippen zählen – plus ein Check für 26…. Copy and paste stylish Unicode fonts and symbols for bios, captions, usernames and posts — free, fast…",https://ultratextgen.com/de/woerter-zeichen-zaehlen/?utm_source=pinterest&utm_medium=social&utm_campaign=organic_pins&utm_content=de-woerter-zeichen-zaehlen,,"localized, wörter zählen & zeichen zählen — kostenloses online-tool, fancy text generator, copy paste fonts, unicode fonts, copy and paste, ultratextgen"
"Vorlagen zum Ausdrucken: Namen nachspuren, ausmalen & Schreibübungen — kostenlos",https://ultratextgen.com/assets/pinterest/de-zum-ausdrucken.png,International Fancy Font Generators,,"Vorlagen zum Ausdrucken: Namen nachspuren, ausmalen & Schreibübungen — kostenlos (PDF/PNG). Schreibvorlagen kostenlos zum Ausdrucken: Namen nachspuren, Namen ausmalen und eigene Schreibübungen erstellen. Namen eingeben, drucken…. Copy and paste stylish Unicode fonts and symbols for bios,…",https://ultratextgen.com/de/zum-ausdrucken/?utm_source=pinterest&utm_medium=social&utm_campaign=organic_pins&utm_content=de-zum-ausdrucken,,"localized, vorlagen zum ausdrucken: namen nachspuren, ausmalen & schreibübungen — kostenlos (pdf/png), fancy text generator, copy paste fonts, unicode fonts, copy and paste, ultratextgen"
"Ausmalbild-Generator — Namen ausmalen & Punkt-zu-Punkt, kostenlos — Copy and Paste Fonts",https://ultratextgen.com/assets/pinterest/de-zum-ausdrucken-name-ausmalen.png,International Fancy Font Generators,,"Ausmalbild-Generator — Namen ausmalen & Punkt-zu-Punkt, kostenlos. Kostenloser Ausmalbild-Generator: Gib einen Namen oder ein Wort für einen großen ausmalbaren Umriss ein — oder wechsle zu einem…. Copy and paste stylish Unicode fonts and symbols for bios, captions, usernames and posts — free,…",https://ultratextgen.com/de/zum-ausdrucken/name-ausmalen/?utm_source=pinterest&utm_medium=social&utm_campaign=organic_pins&utm_content=de-zum-ausdrucken-name-ausmalen,,"localized, ausmalbild-generator — namen ausmalen & punkt-zu-punkt, kostenlos, fancy text generator, copy paste fonts, unicode fonts, copy and paste, ultratextgen"
Namen nachspuren — kostenloses Schreibblatt zum Ausdrucken — Copy and Paste Fonts,https://ultratextgen.com/assets/pinterest/de-zum-ausdrucken-namen-schreiben.png,International Fancy Font Generators,,"Namen nachspuren — kostenloses Schreibblatt zum Ausdrucken. Gib einen Namen ein und erstelle ein kostenloses Schreibblatt zum Nachspuren: eine volle Vorlage, blasse Zeilen zum Nachspuren und leere…. Copy and paste stylish Unicode fonts and symbols for bios, captions, usernames and posts — free,…",https://ultratextgen.com/de/zum-ausdrucken/namen-schreiben/?utm_source=pinterest&utm_medium=social&utm_campaign=organic_pins&utm_content=de-zum-ausdrucken-namen-schreiben,,"localized, namen nachspuren — kostenloses schreibblatt zum ausdrucken, fancy text generator, copy paste fonts, unicode fonts, copy and paste, ultratextgen"
"Schreibschrift-Generator — Grundschrift, SAS & VA zum Nachspuren — Copy and Paste Fonts",https://ultratextgen.com/assets/pinterest/de-zum-ausdrucken-schreibschrift.png,International Fancy Font Generators,,"Schreibschrift-Generator — Grundschrift, SAS & VA zum Nachspuren. Erstelle ein Schreibschrift-Arbeitsblatt mit echten deutschen Schulausgangsschriften: Grundschrift, Schulausgangsschrift (SAS) oder…. Copy and paste stylish Unicode fonts and symbols for bios, captions, usernames and posts — free,…",https://ultratextgen.com/de/zum-ausdrucken/schreibschrift/?utm_source=pinterest&utm_medium=social&utm_campaign=organic_pins&utm_content=de-zum-ausdrucken-schreibschrift,,"localized, schreibschrift-generator — grundschrift, sas & va zum nachspuren, fancy text generator, copy paste fonts, unicode fonts, copy and paste, ultratextgen"
Schreibübungen-Generator — verstellbares gepunktetes Nachspuren — Copy and Paste Fonts,https://ultratextgen.com/assets/pinterest/de-zum-ausdrucken-schreibuebungen.png,International Fancy Font Generators,,"Schreibübungen-Generator — verstellbares gepunktetes Nachspuren. Erstelle dein eigenes Schreibblatt: Gib einen Namen oder Wörter ein und stelle die Schwierigkeit von kräftig gepunkteten Buchstaben über…. Copy and paste stylish Unicode fonts and symbols for bios, captions, usernames and posts —…",https://ultratextgen.com/de/zum-ausdrucken/schreibuebungen/?utm_source=pinterest&utm_medium=social&utm_campaign=organic_pins&utm_content=de-zum-ausdrucken-schreibuebungen,,"localized, schreibübungen-generator — verstellbares gepunktetes nachspuren, fancy text generator, copy paste fonts, unicode fonts, copy and paste, ultratextgen"
Spanisches Alphabet zum Ausdrucken — Copy and Paste Fonts,https://ultratextgen.com/assets/pinterest/de-zum-ausdrucken-spanisches-alphabet.png,International Fancy Font Generators,,"Spanisches Alphabet zum Ausdrucken. Alle 27 Buchstaben, A-Z plus Ñ, eine Karte. Copy and paste stylish Unicode fonts and symbols for bios, captions, usernames and posts — free, fast and right in your browser with UltraTextGen.",https://ultratextgen.com/de/zum-ausdrucken/spanisches-alphabet/?utm_source=pinterest&utm_medium=social&utm_campaign=organic_pins&utm_content=de-zum-ausdrucken-spanisches-alphabet,,"localized, spanisches alphabet zum ausdrucken, fancy text generator, copy paste fonts, unicode fonts, copy and paste, ultratextgen"
Cómo Hacer un Nombre en Blanco (Invisible) — Copy and Paste Fonts,https://ultratextgen.com/assets/pinterest/es-answers-como-hacer-un-nombre-en-blanco.png,International Fancy Font Generators,,"Cómo Hacer un Nombre en Blanco (Invisible). ¿Quieres un nombre de usuario en blanco o invisible en un juego, en Discord, Steam o WhatsApp? Un espacio normal se recorta, así que…. Copy and paste stylish Unicode fonts and symbols for bios, captions, usernames and posts — free, fast and right in…",https://ultratextgen.com/es/answers/como-hacer-un-nombre-en-blanco/?utm_source=pinterest&utm_medium=social&utm_campaign=organic_pins&utm_content=es-answers-como-hacer-un-nombre-en-blanco,,"localized, cómo hacer un nombre en blanco (invisible), fancy text generator, copy paste fonts, unicode fonts, copy and paste, ultratextgen"
¿Dónde Funcionan las Fuentes Elegantes — Usuario o Nombre en Pantalla? — Copy and Paste,https://ultratextgen.com/assets/pinterest/es-answers-nombre-de-usuario-o-nombre-en-pantalla.png,International Fancy Font Generators,,"¿Dónde Funcionan las Fuentes Elegantes — Usuario o Nombre en Pantalla?. ¿Te da error de «caracteres no válidos» al pegar una fuente elegante? Va en el nombre en pantalla, no en el @usuario. La regla, una…. Copy and paste stylish Unicode fonts and symbols for bios, captions, usernames and posts —…",https://ultratextgen.com/es/answers/nombre-de-usuario-o-nombre-en-pantalla/?utm_source=pinterest&utm_medium=social&utm_campaign=organic_pins&utm_content=es-answers-nombre-de-usuario-o-nombre-en-pantalla,,"localized, ¿dónde funcionan las fuentes elegantes — usuario o nombre en pantalla?, fancy text generator, copy paste fonts, unicode fonts, copy and paste, ultratextgen"
¿Por Qué Mi Nombre Sale Como Cuadros o Signos de Interrogación? — Copy and Paste Fonts,https://ultratextgen.com/assets/pinterest/es-answers-por-que-mi-nombre-sale-como-cuadros.png,International Fancy Font Generators,,"¿Por Qué Mi Nombre Sale Como Cuadros o Signos de Interrogación?. Tu nombre con estilo se guardó bien, pero a tus amigos o dentro del juego les aparece como □ o ???. Es un glifo faltante (tofu) en el…. Copy and paste stylish Unicode fonts and symbols for bios, captions, usernames and posts —…",https://ultratextgen.com/es/answers/por-que-mi-nombre-sale-como-cuadros/?utm_source=pinterest&utm_medium=social&utm_campaign=organic_pins&utm_content=es-answers-por-que-mi-nombre-sale-como-cuadros,,"localized, ¿por qué mi nombre sale como cuadros o signos de interrogación?, fancy text generator, copy paste fonts, unicode fonts, copy and paste, ultratextgen"
¿Por Qué Rechazaron Mi Nombre en el Juego? — Copy and Paste Fonts,https://ultratextgen.com/assets/pinterest/es-answers-por-que-rechazaron-mi-nombre-en-el-juego.png,International Fancy Font Generators,,"¿Por Qué Rechazaron Mi Nombre en el Juego?. ¿Free Fire, PUBG, Roblox o Valorant no guardan tu nombre con estilo? Los juegos filtran ciertos caracteres y cuentan las letras…. Copy and paste stylish Unicode fonts and symbols for bios, captions, usernames and posts — free, fast and right in your…",https://ultratextgen.com/es/answers/por-que-rechazaron-mi-nombre-en-el-juego/?utm_source=pinterest&utm_medium=social&utm_campaign=organic_pins&utm_content=es-answers-por-que-rechazaron-mi-nombre-en-el-juego,,"localized, ¿por qué rechazaron mi nombre en el juego?, fancy text generator, copy paste fonts, unicode fonts, copy and paste, ultratextgen"
¿Qué Escribir en Halloween? Mensajes y Frases — Copy and Paste Fonts,https://ultratextgen.com/assets/pinterest/es-answers-que-escribir-en-halloween.png,International Fancy Font Generators,,"¿Qué Escribir en Halloween? Mensajes y Frases. Qué escribir en Halloween — frases para tarjetas, pies de foto espeluznantes y mensajes cortos, desde el clásico Feliz Halloween hasta…. Copy and paste stylish Unicode fonts and symbols for bios, captions, usernames and posts — free, fast and right…",https://ultratextgen.com/es/answers/que-escribir-en-halloween/?utm_source=pinterest&utm_medium=social&utm_campaign=organic_pins&utm_content=es-answers-que-escribir-en-halloween,,"localized, ¿qué escribir en halloween? mensajes y frases, fancy text generator, copy paste fonts, unicode fonts, copy and paste, ultratextgen"
Qué Escribir en una Tarjeta de Navidad — Copy and Paste Fonts,https://ultratextgen.com/assets/pinterest/es-answers-que-escribir-en-una-tarjeta-de-navidad.png,International Fancy Font Generators,,"Qué Escribir en una Tarjeta de Navidad. ¿Te quedaste en blanco frente a la tarjeta? Frases cortas y sinceras de Navidad para familia, amigos o compañeros de trabajo — y cómo…. Copy and paste stylish Unicode fonts and symbols for bios, captions, usernames and posts — free, fast and right in your…",https://ultratextgen.com/es/answers/que-escribir-en-una-tarjeta-de-navidad/?utm_source=pinterest&utm_medium=social&utm_campaign=organic_pins&utm_content=es-answers-que-escribir-en-una-tarjeta-de-navidad,,"localized, qué escribir en una tarjeta de navidad, fancy text generator, copy paste fonts, unicode fonts, copy and paste, ultratextgen"
Qué Escribir en una Tarjeta de San Valentín — Copy and Paste Fonts,https://ultratextgen.com/assets/pinterest/es-answers-que-escribir-en-una-tarjeta-de-san-valentin.png,International Fancy Font Generators,,"Qué Escribir en una Tarjeta de San Valentín. ¿Te quedaste en blanco frente a la tarjeta? Frases cortas, sentidas o juguetonas para pareja, familia o amigos — y cómo darles estilo…. Copy and paste stylish Unicode fonts and symbols for bios, captions, usernames and posts — free, fast and right in…",https://ultratextgen.com/es/answers/que-escribir-en-una-tarjeta-de-san-valentin/?utm_source=pinterest&utm_medium=social&utm_campaign=organic_pins&utm_content=es-answers-que-escribir-en-una-tarjeta-de-san-valentin,,"localized, qué escribir en una tarjeta de san valentín, fancy text generator, copy paste fonts, unicode fonts, copy and paste, ultratextgen"
Categorías de Fuentes Unicode — Copy and Paste Fonts,https://ultratextgen.com/assets/pinterest/es-category.png,International Fancy Font Generators,,"Categorías de Fuentes Unicode. Todas las categorías de fuentes Unicode de UltraTextGen: negrita, cursiva, gótica, pequeña, tachada y más. Para copiar y pegar en…. Copy and paste stylish Unicode fonts and symbols for bios, captions, usernames and posts — free, fast and right in your browser with…",https://ultratextgen.com/es/category/?utm_source=pinterest&utm_medium=social&utm_campaign=organic_pins&utm_content=es-category,,"localized, categorías de fuentes unicode, fancy text generator, copy paste fonts, unicode fonts, copy and paste, ultratextgen"
Combinaciones de Emojis — Copy and Paste Fonts,https://ultratextgen.com/assets/pinterest/es-combinaciones-de-emojis.png,International Fancy Font Generators,,"Combinaciones de Emojis. Sets de emoji para copiar y pegar. Copy and paste stylish Unicode fonts and symbols for bios, captions, usernames and posts — free, fast and right in your browser with UltraTextGen.",https://ultratextgen.com/es/combinaciones-de-emojis/?utm_source=pinterest&utm_medium=social&utm_campaign=organic_pins&utm_content=es-combinaciones-de-emojis,,"localized, combinaciones de emojis, fancy text generator, copy paste fonts, unicode fonts, copy and paste, ultratextgen"
Contador de Palabras y Caracteres — Herramienta Online Gratis — Copy and Paste Fonts,https://ultratextgen.com/assets/pinterest/es-contador-de-palabras-y-caracteres.png,International Fancy Font Generators,,"Contador de Palabras y Caracteres — Herramienta Online Gratis. Contador de palabras y contador de caracteres gratis. Estadísticas en vivo de palabras, caracteres, oraciones, párrafos y tiempo de…. Copy and paste stylish Unicode fonts and symbols for bios, captions, usernames and posts — free,…",https://ultratextgen.com/es/contador-de-palabras-y-caracteres/?utm_source=pinterest&utm_medium=social&utm_campaign=organic_pins&utm_content=es-contador-de-palabras-y-caracteres,,"localized, contador de palabras y caracteres — herramienta online gratis, fancy text generator, copy paste fonts, unicode fonts, copy and paste, ultratextgen"
"Conversor ASCII — Código ASCII, Texto a Hexadecimal y Binario — Copy and Paste Fonts",https://ultratextgen.com/assets/pinterest/es-conversor-ascii.png,International Fancy Font Generators,,"Conversor ASCII — Código ASCII, Texto a Hexadecimal y Binario. Conversor ASCII gratis. Convierte texto a código ASCII en decimal, hexadecimal, binario y octal al instante, o usa este traductor ASCII…. Copy and paste stylish Unicode fonts and symbols for bios, captions, usernames and posts —…",https://ultratextgen.com/es/conversor-ascii/?utm_source=pinterest&utm_medium=social&utm_campaign=organic_pins&utm_content=es-conversor-ascii,,"localized, conversor ascii — código ascii, texto a hexadecimal y binario, fancy text generator, copy paste fonts, unicode fonts, copy and paste, ultratextgen"
Conversor de letras — cambiador de tipos de letra para copiar y pegar — Copy and Paste,https://ultratextgen.com/assets/pinterest/es-conversor-de-letras.png,International Fancy Font Generators,,"Conversor de letras — cambiador de tipos de letra para copiar y pegar. Conversor de letras gratis: escribe tu texto y cámbialo a más de 100 tipos de letra —cursiva, negrita, gótica, aesthetic, burbuja y…. Copy and paste stylish Unicode fonts and symbols for bios, captions, usernames and posts —…",https://ultratextgen.com/es/conversor-de-letras/?utm_source=pinterest&utm_medium=social&utm_campaign=organic_pins&utm_content=es-conversor-de-letras,,"localized, conversor de letras — cambiador de tipos de letra para copiar y pegar, fancy text generator, copy paste fonts, unicode fonts, copy and paste, ultratextgen"
"Fuentes, Emojis y Símbolos de Halloween — Copy and Paste Fonts",https://ultratextgen.com/assets/pinterest/es-events-halloween.png,International Fancy Font Generators,,"Fuentes, Emojis y Símbolos de Halloween. Dale estilo a tu mensaje de Halloween en vivo, copia emojis de calabaza, fantasma y murciélago, kaomoji espeluznantes, arte ASCII…. Copy and paste stylish Unicode fonts and symbols for bios, captions, usernames and posts — free, fast and right in your…",https://ultratextgen.com/es/events/halloween/?utm_source=pinterest&utm_medium=social&utm_campaign=organic_pins&utm_content=es-events-halloween,,"localized, fuentes, emojis y símbolos de halloween, fancy text generator, copy paste fonts, unicode fonts, copy and paste, ultratextgen"
"Generador de Fuentes, Emojis y Símbolos de Navidad — Copy and Paste Fonts",https://ultratextgen.com/assets/pinterest/es-events-navidad.png,International Fancy Font Generators,,"Generador de Fuentes, Emojis y Símbolos de Navidad. Dale estilo a tu mensaje de Navidad en vivo, copia emojis de árbol, Papá Noel y copos de nieve, kaomoji festivos, arte ASCII original y…. Copy and paste stylish Unicode fonts and symbols for bios, captions, usernames and posts — free, fast and…",https://ultratextgen.com/es/events/navidad/?utm_source=pinterest&utm_medium=social&utm_campaign=organic_pins&utm_content=es-events-navidad,,"localized, generador de fuentes, emojis y símbolos de navidad, fancy text generator, copy paste fonts, unicode fonts, copy and paste, ultratextgen"
"Generador de Fuentes, Símbolos y Kaomoji para San Valentín — Copy and Paste Fonts",https://ultratextgen.com/assets/pinterest/es-events-san-valentin.png,International Fancy Font Generators,,"Generador de Fuentes, Símbolos y Kaomoji para San Valentín. Estiliza tu mensaje de San Valentín en vivo, copia corazones, rosas y besos en emoji, kaomoji, arte ASCII original y frases listas como…. Copy and paste stylish Unicode fonts and symbols for bios, captions, usernames and posts — free,…",https://ultratextgen.com/es/events/san-valentin/?utm_source=pinterest&utm_medium=social&utm_campaign=organic_pins&utm_content=es-events-san-valentin,,"localized, generador de fuentes, símbolos y kaomoji para san valentín, fancy text generator, copy paste fonts, unicode fonts, copy and paste, ultratextgen"
Tipos de letras para copiar y pegar — todas las fuentes de letras — Copy and Paste Fonts,https://ultratextgen.com/assets/pinterest/es-fuentes-de-letras.png,International Fancy Font Generators,,"Tipos de letras para copiar y pegar — todas las fuentes de letras. Todos los tipos de letras Unicode en un solo lugar: cursivas, negritas, góticas, aesthetic, burbuja, pequeñas y decoradas. Escribe tu…. Copy and paste stylish Unicode fonts and symbols for bios, captions, usernames and posts —…",https://ultratextgen.com/es/fuentes-de-letras/?utm_source=pinterest&utm_medium=social&utm_campaign=organic_pins&utm_content=es-fuentes-de-letras,,"localized, tipos de letras para copiar y pegar — todas las fuentes de letras, fancy text generator, copy paste fonts, unicode fonts, copy and paste, ultratextgen"
Fuentes para Discord — Copy and Paste Fonts,https://ultratextgen.com/assets/pinterest/es-fuentes-para-discord.png,International Fancy Font Generators,,"Fuentes para Discord. Letras para nick, canal y bio — sin Nitro. Copy and paste stylish Unicode fonts and symbols for bios, captions, usernames and posts — free, fast and right in your browser with UltraTextGen.",https://ultratextgen.com/es/fuentes-para-discord/?utm_source=pinterest&utm_medium=social&utm_campaign=organic_pins&utm_content=es-fuentes-para-discord,,"localized, fuentes para discord, fancy text generator, copy paste fonts, unicode fonts, copy and paste, ultratextgen"
