Title,Media URL,Pinterest board,Thumbnail,Description,Link,Publish date,Keywords
Fuentes para Roblox — Copy and Paste Fonts,https://ultratextgen.com/assets/pinterest/es-fuentes-para-roblox.png,International Fancy Font Generators,,"Fuentes para Roblox. Letras para el nombre y la bio. Copy and paste stylish Unicode fonts and symbols for bios, captions, usernames and posts — free, fast and right in your browser with UltraTextGen.",https://ultratextgen.com/es/fuentes-para-roblox/?utm_source=pinterest&utm_medium=social&utm_campaign=organic_pins&utm_content=es-fuentes-para-roblox,,"localized, fuentes para roblox, fancy text generator, copy paste fonts, unicode fonts, copy and paste, ultratextgen"
"Fuentes para Telegram: letras bonitas para nombre, bio y mensajes — Copy and Paste Fonts",https://ultratextgen.com/assets/pinterest/es-fuentes-para-telegram.png,International Fancy Font Generators,,"Fuentes para Telegram: letras bonitas para nombre, bio y mensajes. Fuentes para Telegram gratis: convierte tu texto en 𝗻𝗲𝗴𝗿𝗶𝘁𝗮, 𝘤𝘶𝘳𝘴𝘪𝘷𝘢 o 𝓵𝓮𝓽𝓻𝓪 𝓫𝓸𝓷𝓲𝓽𝓪 y pégalo en tu nombre, bio, canales, grupos y…. Copy and paste stylish Unicode fonts and symbols for bios, captions, usernames and posts — free,…",https://ultratextgen.com/es/fuentes-para-telegram/?utm_source=pinterest&utm_medium=social&utm_campaign=organic_pins&utm_content=es-fuentes-para-telegram,,"localized, fuentes para telegram: letras bonitas para nombre, bio y mensajes, fancy text generator, copy paste fonts, unicode fonts, copy and paste, ultratextgen"
"Fuentes para TikTok: letras para la bio, el nombre y los comentarios — Copy and Paste",https://ultratextgen.com/assets/pinterest/es-fuentes-para-tiktok.png,International Fancy Font Generators,,"Fuentes para TikTok: letras para la bio, el nombre y los comentarios. Fuentes para TikTok gratis: convierte tu nombre en 𝗻𝗲𝗴𝗿𝗶𝘁𝗮, 𝘤𝘶𝘳𝘴𝘪𝘷𝘢 o 𝓮𝓵𝓮𝓰𝓪𝓷𝓽𝓮 y pégalo en el nombre para mostrar, la biografía, los…. Copy and paste stylish Unicode fonts and symbols for bios, captions, usernames and posts —…",https://ultratextgen.com/es/fuentes-para-tiktok/?utm_source=pinterest&utm_medium=social&utm_campaign=organic_pins&utm_content=es-fuentes-para-tiktok,,"localized, fuentes para tiktok: letras para la bio, el nombre y los comentarios, fancy text generator, copy paste fonts, unicode fonts, copy and paste, ultratextgen"
"Fuentes para WhatsApp: letras para el nombre, la Info y el estado — Copy and Paste Fonts",https://ultratextgen.com/assets/pinterest/es-fuentes-para-whatsapp.png,International Fancy Font Generators,,"Fuentes para WhatsApp: letras para el nombre, la Info y el estado. Fuentes para WhatsApp gratis: convierte tu texto en 𝗻𝗲𝗴𝗿𝗶𝘁𝗮, 𝘤𝘶𝘳𝘴𝘪𝘷𝘢 o 𝓮𝓵𝓮𝓰𝓪𝓷𝓽𝓮 y pégalo en el nombre, la Info, el estado y los…. Copy and paste stylish Unicode fonts and symbols for bios, captions, usernames and posts — free,…",https://ultratextgen.com/es/fuentes-para-whatsapp/?utm_source=pinterest&utm_medium=social&utm_campaign=organic_pins&utm_content=es-fuentes-para-whatsapp,,"localized, fuentes para whatsapp: letras para el nombre, la info y el estado, fancy text generator, copy paste fonts, unicode fonts, copy and paste, ultratextgen"
Dónde funcionan las fuentes en Discord: el mapa campo por campo — Copy and Paste Fonts,https://ultratextgen.com/assets/pinterest/es-guide-donde-funcionan-las-fuentes-en-discord.png,International Fancy Font Generators,,"Dónde funcionan las fuentes en Discord: el mapa campo por campo. Por qué Discord rechaza tu nombre de usuario, por qué tu canal pierde las mayúsculas y qué campos aceptan de verdad fuentes Unicode — un…. Copy and paste stylish Unicode fonts and symbols for bios, captions, usernames and posts —…",https://ultratextgen.com/es/guide/donde-funcionan-las-fuentes-en-discord/?utm_source=pinterest&utm_medium=social&utm_campaign=organic_pins&utm_content=es-guide-donde-funcionan-las-fuentes-en-discord,,"localized, dónde funcionan las fuentes en discord: el mapa campo por campo, fancy text generator, copy paste fonts, unicode fonts, copy and paste, ultratextgen"
"El formato de texto en Discord explicado: Markdown, Unicode y Nitro — Copy and Paste Fonts",https://ultratextgen.com/assets/pinterest/es-guide-formato-texto-discord-explicado.png,International Fancy Font Generators,,"El formato de texto en Discord explicado: Markdown, Unicode y Nitro. Por qué la negrita funciona en el chat de Discord pero no en tu nombre — los tres sistemas de texto de Discord (Markdown, fuentes…. Copy and paste stylish Unicode fonts and symbols for bios, captions, usernames and posts —…",https://ultratextgen.com/es/guide/formato-texto-discord-explicado/?utm_source=pinterest&utm_medium=social&utm_campaign=organic_pins&utm_content=es-guide-formato-texto-discord-explicado,,"localized, el formato de texto en discord explicado: markdown, unicode y nitro, fancy text generator, copy paste fonts, unicode fonts, copy and paste, ultratextgen"
Guías de UltraTextGen — domina el texto en Discord — Copy and Paste Fonts,https://ultratextgen.com/assets/pinterest/es-guide.png,International Fancy Font Generators,,"Guías de UltraTextGen — domina el texto en Discord. Las guías de UltraTextGen en español: entiende y domina cómo funcionan las fuentes Unicode en Discord — campo por campo, con seguridad y…. Copy and paste stylish Unicode fonts and symbols for bios, captions, usernames and posts — free, fast and…",https://ultratextgen.com/es/guide/?utm_source=pinterest&utm_medium=social&utm_campaign=organic_pins&utm_content=es-guide,,"localized, guías de ultratextgen — domina el texto en discord, fancy text generator, copy paste fonts, unicode fonts, copy and paste, ultratextgen"
Estilizar un nombre de Discord sin que lo filtren (ni romper la accesibilidad) — Copy,https://ultratextgen.com/assets/pinterest/es-guide-nombre-discord-sin-riesgos.png,International Fancy Font Generators,,"Estilizar un nombre de Discord sin que lo filtren (ni romper la accesibilidad). Un nombre de Discord con estilo puede fallar igualmente tres pruebas silenciosas: la lista de miembros, la @mención y el filtro de…. Copy and paste stylish Unicode fonts and symbols for bios, captions, usernames and…",https://ultratextgen.com/es/guide/nombre-discord-sin-riesgos/?utm_source=pinterest&utm_medium=social&utm_campaign=organic_pins&utm_content=es-guide-nombre-discord-sin-riesgos,,"localized, estilizar un nombre de discord sin que lo filtren (ni romper la accesibilidad), fancy text generator, copy paste fonts, unicode fonts, copy and paste, ultratextgen"
Abecedario Español para Imprimir — Copy and Paste Fonts,https://ultratextgen.com/assets/pinterest/es-imprimibles-abecedario-espanol.png,International Fancy Font Generators,,"Abecedario Español para Imprimir. Las 27 letras, A-Z más la Ñ, una sola tabla. Copy and paste stylish Unicode fonts and symbols for bios, captions, usernames and posts — free, fast and right in your browser with UltraTextGen.",https://ultratextgen.com/es/imprimibles/abecedario-espanol/?utm_source=pinterest&utm_medium=social&utm_campaign=organic_pins&utm_content=es-imprimibles-abecedario-espanol,,"localized, abecedario español para imprimir, fancy text generator, copy paste fonts, unicode fonts, copy and paste, ultratextgen"
Abecedario para colorear A–Z — Letras para imprimir gratis — Copy and Paste Fonts,https://ultratextgen.com/assets/pinterest/es-imprimibles-abecedario-para-colorear.png,International Fancy Font Generators,,"Abecedario para colorear A–Z — Letras para imprimir gratis. Abecedario para colorear A–Z para imprimir gratis. Grandes contornos de letras para colorear e imprimir, una página para cada letra de…. Copy and paste stylish Unicode fonts and symbols for bios, captions, usernames and posts — free,…",https://ultratextgen.com/es/imprimibles/abecedario-para-colorear/?utm_source=pinterest&utm_medium=social&utm_campaign=organic_pins&utm_content=es-imprimibles-abecedario-para-colorear,,"localized, abecedario para colorear a–z — letras para imprimir gratis, fancy text generator, copy paste fonts, unicode fonts, copy and paste, ultratextgen"
Alfabeto en cursiva A–Z — Fichas de caligrafía para imprimir — Copy and Paste Fonts,https://ultratextgen.com/assets/pinterest/es-imprimibles-alfabeto-cursiva.png,International Fancy Font Generators,,"Alfabeto en cursiva A–Z — Fichas de caligrafía para imprimir. El alfabeto en cursiva A–Z con fichas de caligrafía para imprimir gratis — letras modelo y espacio para trazar — la descarga en PNG de…. Copy and paste stylish Unicode fonts and symbols for bios, captions, usernames and posts — free,…",https://ultratextgen.com/es/imprimibles/alfabeto-cursiva/?utm_source=pinterest&utm_medium=social&utm_campaign=organic_pins&utm_content=es-imprimibles-alfabeto-cursiva,,"localized, alfabeto en cursiva a–z — fichas de caligrafía para imprimir, fancy text generator, copy paste fonts, unicode fonts, copy and paste, ultratextgen"
Letras y alfabetos para imprimir — PDF/PNG gratis — Copy and Paste Fonts,https://ultratextgen.com/assets/pinterest/es-imprimibles.png,International Fancy Font Generators,,"Letras y alfabetos para imprimir — PDF/PNG gratis. Letras y alfabetos para imprimir gratis: letras burbuja, fichas de caligrafía en cursiva, abecedario para colorear y fichas para trazar…. Copy and paste stylish Unicode fonts and symbols for bios, captions, usernames and posts — free, fast and…",https://ultratextgen.com/es/imprimibles/?utm_source=pinterest&utm_medium=social&utm_campaign=organic_pins&utm_content=es-imprimibles,,"localized, letras y alfabetos para imprimir — pdf/png gratis, fancy text generator, copy paste fonts, unicode fonts, copy and paste, ultratextgen"
"Letras burbuja para imprimir A–Z y 0–9 — Trazar, colorear, PNG — Copy and Paste Fonts",https://ultratextgen.com/assets/pinterest/es-imprimibles-letras-burbuja.png,International Fancy Font Generators,,"Letras burbuja para imprimir A–Z y 0–9 — Trazar, colorear, PNG. Letras burbuja para imprimir gratis A–Z y números 0–9. Grandes contornos inflados para trazar y colorear, la impresión de todo el…. Copy and paste stylish Unicode fonts and symbols for bios, captions, usernames and posts — free,…",https://ultratextgen.com/es/imprimibles/letras-burbuja/?utm_source=pinterest&utm_medium=social&utm_campaign=organic_pins&utm_content=es-imprimibles-letras-burbuja,,"localized, letras burbuja para imprimir a–z y 0–9 — trazar, colorear, png, fancy text generator, copy paste fonts, unicode fonts, copy and paste, ultratextgen"
Fichas para trazar el nombre — Caligrafía para imprimir gratis — Copy and Paste Fonts,https://ultratextgen.com/assets/pinterest/es-imprimibles-nombre-para-trazar.png,International Fancy Font Generators,,"Fichas para trazar el nombre — Caligrafía para imprimir gratis. Escribe un nombre para crear una ficha de caligrafía para imprimir gratis: una línea modelo completa, líneas atenuadas para repasar y…. Copy and paste stylish Unicode fonts and symbols for bios, captions, usernames and posts — free,…",https://ultratextgen.com/es/imprimibles/nombre-para-trazar/?utm_source=pinterest&utm_medium=social&utm_campaign=organic_pins&utm_content=es-imprimibles-nombre-para-trazar,,"localized, fichas para trazar el nombre — caligrafía para imprimir gratis, fancy text generator, copy paste fonts, unicode fonts, copy and paste, ultratextgen"
Generador de Letras Bonitas — Copy and Paste Fonts,https://ultratextgen.com/assets/pinterest/es.png,International Fancy Font Generators,,"Generador de Letras Bonitas. Fuentes y símbolos para copiar y pegar. Copy and paste stylish Unicode fonts and symbols for bios, captions, usernames and posts — free, fast and right in your browser with UltraTextGen.",https://ultratextgen.com/es/?utm_source=pinterest&utm_medium=social&utm_campaign=organic_pins&utm_content=es,,"localized, generador de letras bonitas, fancy text generator, copy paste fonts, unicode fonts, copy and paste, ultratextgen"
"Letra Cursiva — 𝓵𝓮𝓽𝓻𝓪𝓼 𝓬𝓾𝓻𝓼𝓲𝓿𝓪𝓼 para copiar y pegar, abecedario y nombres — Copy and",https://ultratextgen.com/assets/pinterest/es-letra-cursiva.png,International Fancy Font Generators,,"Letra Cursiva — 𝓵𝓮𝓽𝓻𝓪𝓼 𝓬𝓾𝓻𝓼𝓲𝓿𝓪𝓼 para copiar y pegar, abecedario y nombres. Generador de letra cursiva gratis: copia y pega letras cursivas, el abecedario en cursiva completo, cada letra A–Z, palabras en cursiva…. Copy and paste stylish Unicode fonts and symbols for bios, captions, usernames and…",https://ultratextgen.com/es/letra-cursiva/?utm_source=pinterest&utm_medium=social&utm_campaign=organic_pins&utm_content=es-letra-cursiva,,"localized, letra cursiva — 𝓵𝓮𝓽𝓻𝓪𝓼 𝓬𝓾𝓻𝓼𝓲𝓿𝓪𝓼 para copiar y pegar, abecedario y nombres, fancy text generator, copy paste fonts, unicode fonts, copy and paste, ultratextgen"
Generador de letra tachada — t̶e̶x̶t̶o̶ ̶t̶a̶c̶h̶a̶d̶o̶ para copiar — Copy and Paste Fonts,https://ultratextgen.com/assets/pinterest/es-letra-tachada.png,International Fancy Font Generators,,"Generador de letra tachada — t̶e̶x̶t̶o̶ ̶t̶a̶c̶h̶a̶d̶o̶ para copiar. Generador de letra tachada gratis: convierte texto en letras tachadas Unicode para copiar y pegar — en bios de Instagram, WhatsApp…. Copy and paste stylish Unicode fonts and symbols for bios, captions, usernames and posts —…",https://ultratextgen.com/es/letra-tachada/?utm_source=pinterest&utm_medium=social&utm_campaign=organic_pins&utm_content=es-letra-tachada,,"localized, generador de letra tachada — t̶e̶x̶t̶o̶ ̶t̶a̶c̶h̶a̶d̶o̶ para copiar, fancy text generator, copy paste fonts, unicode fonts, copy and paste, ultratextgen"
Letras aesthetic para copiar y pegar — Copy and Paste Fonts,https://ultratextgen.com/assets/pinterest/es-letras-aesthetic.png,International Fancy Font Generators,,"Letras aesthetic para copiar y pegar. Generador de letras aesthetic Unicode para bios, nombres, captions y perfiles. Escribe tu texto, elige un estilo aesthetic y copia para…. Copy and paste stylish Unicode fonts and symbols for bios, captions, usernames and posts — free, fast and right in your…",https://ultratextgen.com/es/letras-aesthetic/?utm_source=pinterest&utm_medium=social&utm_campaign=organic_pins&utm_content=es-letras-aesthetic,,"localized, letras aesthetic para copiar y pegar, fancy text generator, copy paste fonts, unicode fonts, copy and paste, ultratextgen"
Letras Bonitas — Copy and Paste Fonts — UltraTextGen,https://ultratextgen.com/assets/pinterest/es-letras-bonitas.png,International Fancy Font Generators,,"Letras Bonitas. Letras lindas para copiar y pegar. Copy and paste stylish Unicode fonts and symbols for bios, captions, usernames and posts — free, fast and right in your browser with UltraTextGen.",https://ultratextgen.com/es/letras-bonitas/?utm_source=pinterest&utm_medium=social&utm_campaign=organic_pins&utm_content=es-letras-bonitas,,"localized, letras bonitas, fancy text generator, copy paste fonts, unicode fonts, copy and paste, ultratextgen"
Letras en Otros Idiomas — Copy and Paste Fonts,https://ultratextgen.com/assets/pinterest/es-letras-en-otros-idiomas.png,International Fancy Font Generators,,"Letras en Otros Idiomas. Alfabetos y letras del mundo para copiar. Copy and paste stylish Unicode fonts and symbols for bios, captions, usernames and posts — free, fast and right in your browser with UltraTextGen.",https://ultratextgen.com/es/letras-en-otros-idiomas/?utm_source=pinterest&utm_medium=social&utm_campaign=organic_pins&utm_content=es-letras-en-otros-idiomas,,"localized, letras en otros idiomas, fancy text generator, copy paste fonts, unicode fonts, copy and paste, ultratextgen"
Letras góticas para copiar y pegar — Copy and Paste Fonts,https://ultratextgen.com/assets/pinterest/es-letras-goticas.png,International Fancy Font Generators,,"Letras góticas para copiar y pegar. Generador de letras góticas Unicode: escribe tu texto y copia letra gótica fraktur y old english para nicks de Free Fire, bios de…. Copy and paste stylish Unicode fonts and symbols for bios, captions, usernames and posts — free, fast and right in your browser…",https://ultratextgen.com/es/letras-goticas/?utm_source=pinterest&utm_medium=social&utm_campaign=organic_pins&utm_content=es-letras-goticas,,"localized, letras góticas para copiar y pegar, fancy text generator, copy paste fonts, unicode fonts, copy and paste, ultratextgen"
Letras griegas → Copiar y pegar el alfabeto griego α β Δ Σ Ω π — Copy and Paste Fonts,https://ultratextgen.com/assets/pinterest/es-letras-griegas.png,International Fancy Font Generators,,"Letras griegas → Copiar y pegar el alfabeto griego α β Δ Σ Ω π. Copia y pega todas las letras griegas: el alfabeto griego en mayúsculas y minúsculas más las variantes matemáticas — alfa, beta, delta…. Copy and paste stylish Unicode fonts and symbols for bios, captions, usernames and posts —…",https://ultratextgen.com/es/letras-griegas/?utm_source=pinterest&utm_medium=social&utm_campaign=organic_pins&utm_content=es-letras-griegas,,"localized, letras griegas → copiar y pegar el alfabeto griego α β δ σ ω π, fancy text generator, copy paste fonts, unicode fonts, copy and paste, ultratextgen"
Generador de Letras Itálicas — 𝘭𝘦𝘵𝘳𝘢𝘴 𝘪𝘵𝘢𝘭𝘪𝘤𝘢𝘴 para copiar y pegar — Copy and Paste Fonts,https://ultratextgen.com/assets/pinterest/es-letras-italicas.png,International Fancy Font Generators,,"Generador de Letras Itálicas — 𝘭𝘦𝘵𝘳𝘢𝘴 𝘪𝘵𝘢𝘭𝘪𝘤𝘢𝘴 para copiar y pegar. Generador de letras itálicas gratis: convierte texto en letras cursivas inclinadas de Unicode para copiar y pegar — en bios de…. Copy and paste stylish Unicode fonts and symbols for bios, captions, usernames and posts — free,…",https://ultratextgen.com/es/letras-italicas/?utm_source=pinterest&utm_medium=social&utm_campaign=organic_pins&utm_content=es-letras-italicas,,"localized, generador de letras itálicas — 𝘭𝘦𝘵𝘳𝘢𝘴 𝘪𝘵𝘢𝘭𝘪𝘤𝘢𝘴 para copiar y pegar, fancy text generator, copy paste fonts, unicode fonts, copy and paste, ultratextgen"
"Letras para Facebook: fuentes para publicaciones, bio, nombre de página y comentarios",https://ultratextgen.com/assets/pinterest/es-letras-para-facebook.png,International Fancy Font Generators,,"Letras para Facebook: fuentes para publicaciones, bio, nombre de página y comentarios. Letras para Facebook gratis: convierte tu texto en 𝗻𝗲𝗴𝗿𝗶𝘁𝗮, 𝘤𝘶𝘳𝘴𝘪𝘷𝘢 o 𝓮𝓵𝓮𝓰𝓪𝓷𝓽𝓮 y pégalo en tus publicaciones, la biografía, el nombre de…. Copy and paste stylish Unicode fonts and symbols for bios, captions,…",https://ultratextgen.com/es/letras-para-facebook/?utm_source=pinterest&utm_medium=social&utm_campaign=organic_pins&utm_content=es-letras-para-facebook,,"localized, letras para facebook: fuentes para publicaciones, bio, nombre de página y comentarios, fancy text generator, copy paste fonts, unicode fonts, copy and paste, ultratextgen"
Kaomoji de Gato (=^・ω・^=): Copiar y Pegar Caritas de Gatito Tierno — Copy and Paste Fonts,https://ultratextgen.com/assets/pinterest/es-library-cat-kaomoji.png,International Fancy Font Generators,,"Kaomoji de Gato (=^・ω・^=): Copiar y Pegar Caritas de Gatito Tierno. Explora y copia kaomoji de gato (=^・ω・^=) — caritas de texto japonesas de gatitos tiernos con bigotes y patitas. Gatos felices, tristes…. Copy and paste stylish Unicode fonts and symbols for bios, captions, usernames and posts —…",https://ultratextgen.com/es/library/cat-kaomoji/?utm_source=pinterest&utm_medium=social&utm_campaign=organic_pins&utm_content=es-library-cat-kaomoji,,"localized, kaomoji de gato (=^・ω・^=): copiar y pegar caritas de gatito tierno, fancy text generator, copy paste fonts, unicode fonts, copy and paste, ultratextgen"
Kaomoji Llorando (T_T): Copiar y Pegar Caritas Llorando — Copy and Paste Fonts,https://ultratextgen.com/assets/pinterest/es-library-crying-kaomoji.png,International Fancy Font Generators,,"Kaomoji Llorando (T_T): Copiar y Pegar Caritas Llorando. Explora y copia kaomoji llorando (T_T) — caritas de texto japonesas para lágrimas, sollozos y ánimo sombrío. Haz clic para copiar al…. Copy and paste stylish Unicode fonts and symbols for bios, captions, usernames and posts — free, fast…",https://ultratextgen.com/es/library/crying-kaomoji/?utm_source=pinterest&utm_medium=social&utm_campaign=organic_pins&utm_content=es-library-crying-kaomoji,,"localized, kaomoji llorando (t_t): copiar y pegar caritas llorando, fancy text generator, copy paste fonts, unicode fonts, copy and paste, ultratextgen"
Kaomoji Tiernos (◕‿◕): Copiar y Pegar Caritas Kawaii — Copy and Paste Fonts,https://ultratextgen.com/assets/pinterest/es-library-cute-kaomoji.png,International Fancy Font Generators,,"Kaomoji Tiernos (◕‿◕): Copiar y Pegar Caritas Kawaii. Explora y copia kaomoji tiernos (◕‿◕) — caritas de texto japonesas kawaii con ojos brillantes, mejillas sonrojadas y animalitos. Haz…. Copy and paste stylish Unicode fonts and symbols for bios, captions, usernames and posts — free, fast and…",https://ultratextgen.com/es/library/cute-kaomoji/?utm_source=pinterest&utm_medium=social&utm_campaign=organic_pins&utm_content=es-library-cute-kaomoji,,"localized, kaomoji tiernos (◕‿◕): copiar y pegar caritas kawaii, fancy text generator, copy paste fonts, unicode fonts, copy and paste, ultratextgen"
Emoji Bandera — Copy and Paste Fonts — UltraTextGen,https://ultratextgen.com/assets/pinterest/es-library-emoji-flags.png,International Fancy Font Generators,,"Emoji Bandera. Banderas de todos los países. Copy and paste stylish Unicode fonts and symbols for bios, captions, usernames and posts — free, fast and right in your browser with UltraTextGen.",https://ultratextgen.com/es/library/emoji-flags/?utm_source=pinterest&utm_medium=social&utm_campaign=organic_pins&utm_content=es-library-emoji-flags,,"localized, emoji bandera, fancy text generator, copy paste fonts, unicode fonts, copy and paste, ultratextgen"
Kaomoji Felices (◠‿◠): Copiar y Pegar Caritas Alegres — Copy and Paste Fonts,https://ultratextgen.com/assets/pinterest/es-library-happy-kaomoji.png,International Fancy Font Generators,,"Kaomoji Felices (◠‿◠): Copiar y Pegar Caritas Alegres. Explora y copia kaomoji felices (◠‿◠) — caritas de texto japonesas que sonríen, celebran y están alegres. Haz clic para copiar al instante. Copy and paste stylish Unicode fonts and symbols for bios, captions, usernames and posts — free, fast…",https://ultratextgen.com/es/library/happy-kaomoji/?utm_source=pinterest&utm_medium=social&utm_campaign=organic_pins&utm_content=es-library-happy-kaomoji,,"localized, kaomoji felices (◠‿◠): copiar y pegar caritas alegres, fancy text generator, copy paste fonts, unicode fonts, copy and paste, ultratextgen"
"Símbolos para Copiar y Pegar — Biblioteca de Símbolos, Emojis y Kaomoji — Copy and",https://ultratextgen.com/assets/pinterest/es-library.png,International Fancy Font Generators,,"Símbolos para Copiar y Pegar — Biblioteca de Símbolos, Emojis y Kaomoji. Biblioteca de símbolos para copiar y pegar: símbolos aesthetic, corazones, estrellas, flechas, checks, matemáticos, de moneda y kaomoji…. Copy and paste stylish Unicode fonts and symbols for bios, captions, usernames and…",https://ultratextgen.com/es/library/?utm_source=pinterest&utm_medium=social&utm_campaign=organic_pins&utm_content=es-library,,"localized, símbolos para copiar y pegar — biblioteca de símbolos, emojis y kaomoji, fancy text generator, copy paste fonts, unicode fonts, copy and paste, ultratextgen"
Kaomoji ٩(◕‿◕)۶ — caritas japonesas para copiar y pegar — Copy and Paste Fonts,https://ultratextgen.com/assets/pinterest/es-library-kaomoji.png,International Fancy Font Generators,,"Kaomoji ٩(◕‿◕)۶ — caritas japonesas para copiar y pegar. Explora y copia kaomoji: caritas japonesas hechas con caracteres ASCII y Unicode. Felices, tristes, de amor, animales, encogimiento de…. Copy and paste stylish Unicode fonts and symbols for bios, captions, usernames and posts — free, fast…",https://ultratextgen.com/es/library/kaomoji/?utm_source=pinterest&utm_medium=social&utm_campaign=organic_pins&utm_content=es-library-kaomoji,,"localized, kaomoji ٩(◕‿◕)۶ — caritas japonesas para copiar y pegar, fancy text generator, copy paste fonts, unicode fonts, copy and paste, ultratextgen"
Kaomoji de Amor (♥‿♥): Copiar y Pegar Caritas de Amor y Corazón — Copy and Paste Fonts,https://ultratextgen.com/assets/pinterest/es-library-love-kaomoji.png,International Fancy Font Generators,,"Kaomoji de Amor (♥‿♥): Copiar y Pegar Caritas de Amor y Corazón. Explora y copia kaomoji de amor y corazón (♥‿♥) — caritas de texto japonesas para cariño, besos y abrazos. Haz clic para copiar al instante. Copy and paste stylish Unicode fonts and symbols for bios, captions, usernames and posts —…",https://ultratextgen.com/es/library/love-kaomoji/?utm_source=pinterest&utm_medium=social&utm_campaign=organic_pins&utm_content=es-library-love-kaomoji,,"localized, kaomoji de amor (♥‿♥): copiar y pegar caritas de amor y corazón, fancy text generator, copy paste fonts, unicode fonts, copy and paste, ultratextgen"
Kaomoji Tristes (´･_･`): Copiar y Pegar Caritas Tristes y Sombrías — Copy and Paste Fonts,https://ultratextgen.com/assets/pinterest/es-library-sad-kaomoji.png,International Fancy Font Generators,,"Kaomoji Tristes (´･_･`): Copiar y Pegar Caritas Tristes y Sombrías. Explora y copia kaomoji tristes (´･_･`) — caritas de texto japonesas para la tristeza, la decepción y el mal humor. Haz clic para copiar…. Copy and paste stylish Unicode fonts and symbols for bios, captions, usernames and posts…",https://ultratextgen.com/es/library/sad-kaomoji/?utm_source=pinterest&utm_medium=social&utm_campaign=organic_pins&utm_content=es-library-sad-kaomoji,,"localized, kaomoji tristes (´･_･`): copiar y pegar caritas tristes y sombrías, fancy text generator, copy paste fonts, unicode fonts, copy and paste, ultratextgen"
Kaomoji de Encogimiento de Hombros: Copiar ¯\_(ツ)_/¯ — Copy and Paste Fonts,https://ultratextgen.com/assets/pinterest/es-library-shrug-kaomoji.png,International Fancy Font Generators,,"Kaomoji de Encogimiento de Hombros: Copiar ¯\_(ツ)_/¯. Copia y pega el kaomoji de encogimiento de hombros ¯\_(ツ)_/¯ y otras caritas de ""me da igual"". Haz clic para copiar el shruggie clásico…. Copy and paste stylish Unicode fonts and symbols for bios, captions, usernames and posts — free, fast…",https://ultratextgen.com/es/library/shrug-kaomoji/?utm_source=pinterest&utm_medium=social&utm_campaign=organic_pins&utm_content=es-library-shrug-kaomoji,,"localized, kaomoji de encogimiento de hombros: copiar ¯\_(ツ)_/¯, fancy text generator, copy paste fonts, unicode fonts, copy and paste, ultratextgen"
Símbolo de X ✗ × ✝ → Copiar y pegar equis y cruces — Copy and Paste Fonts,https://ultratextgen.com/assets/pinterest/es-library-simbolo-x.png,International Fancy Font Generators,,"Símbolo de X ✗ × ✝ → Copiar y pegar equis y cruces. Explora y copia el símbolo de X y de cruz: la equis de multiplicación ×, la equis de voto ✗ ✘, la X negativa ❌ ❎, cruces religiosas y…. Copy and paste stylish Unicode fonts and symbols for bios, captions, usernames and posts — free, fast and…",https://ultratextgen.com/es/library/simbolo-x/?utm_source=pinterest&utm_medium=social&utm_campaign=organic_pins&utm_content=es-library-simbolo-x,,"localized, símbolo de x ✗ × ✝ → copiar y pegar equis y cruces, fancy text generator, copy paste fonts, unicode fonts, copy and paste, ultratextgen"
"Símbolos Coquette 🎀 lazos, cintas y corazones para copiar y pegar — Copy and Paste Fonts",https://ultratextgen.com/assets/pinterest/es-library-simbolos-coquette.png,International Fancy Font Generators,,"Símbolos Coquette 🎀 lazos, cintas y corazones para copiar y pegar. Símbolos coquette aesthetic — lazos 🎀, cintas, corazones ♡ y decoraciones rosas para biografías y nombres de usuario. Caracteres suaves…. Copy and paste stylish Unicode fonts and symbols for bios, captions, usernames and posts —…",https://ultratextgen.com/es/library/simbolos-coquette/?utm_source=pinterest&utm_medium=social&utm_campaign=organic_pins&utm_content=es-library-simbolos-coquette,,"localized, símbolos coquette 🎀 lazos, cintas y corazones para copiar y pegar, fancy text generator, copy paste fonts, unicode fonts, copy and paste, ultratextgen"
"Símbolos Cottagecore para copiar y pegar — setas, flores y estética de naturaleza",https://ultratextgen.com/assets/pinterest/es-library-simbolos-cottagecore.png,International Fancy Font Generators,,"Símbolos Cottagecore para copiar y pegar — setas, flores y estética de naturaleza. Símbolos aesthetic cottagecore con setas, flores, abejas y motivos rurales. Copia y pega decoraciones de vida en el campo para…. Copy and paste stylish Unicode fonts and symbols for bios, captions, usernames and…",https://ultratextgen.com/es/library/simbolos-cottagecore/?utm_source=pinterest&utm_medium=social&utm_campaign=organic_pins&utm_content=es-library-simbolos-cottagecore,,"localized, símbolos cottagecore para copiar y pegar — setas, flores y estética de naturaleza, fancy text generator, copy paste fonts, unicode fonts, copy and paste, ultratextgen"
Símbolos de flor 🌸 Emojis y flores Unicode para copiar y pegar — Copy and Paste Fonts,https://ultratextgen.com/assets/pinterest/es-library-simbolos-de-flor.png,International Fancy Font Generators,,"Símbolos de flor 🌸 Emojis y flores Unicode para copiar y pegar. Explora y copia emojis de flores, símbolos de flores y caracteres florales Unicode como 🌸 🌹 ❀ ✿ para biografías, publicaciones y…. Copy and paste stylish Unicode fonts and symbols for bios, captions, usernames and posts — free, fast…",https://ultratextgen.com/es/library/simbolos-de-flor/?utm_source=pinterest&utm_medium=social&utm_campaign=organic_pins&utm_content=es-library-simbolos-de-flor,,"localized, símbolos de flor 🌸 emojis y flores unicode para copiar y pegar, fancy text generator, copy paste fonts, unicode fonts, copy and paste, ultratextgen"
Símbolos de género → Copiar y pegar mujer ♀ hombre ♂ y más — Copy and Paste Fonts,https://ultratextgen.com/assets/pinterest/es-library-simbolos-de-genero.png,International Fancy Font Generators,,"Símbolos de género → Copiar y pegar mujer ♀ hombre ♂ y más. Símbolo masculino y femenino para copiar y pegar: mujer ♀, hombre ♂, transgénero ⚧, neutro y los signos combinados de género y…. Copy and paste stylish Unicode fonts and symbols for bios, captions, usernames and posts — free, fast and…",https://ultratextgen.com/es/library/simbolos-de-genero/?utm_source=pinterest&utm_medium=social&utm_campaign=organic_pins&utm_content=es-library-simbolos-de-genero,,"localized, símbolos de género → copiar y pegar mujer ♀ hombre ♂ y más, fancy text generator, copy paste fonts, unicode fonts, copy and paste, ultratextgen"
"Símbolos de moneda: copiar el símbolo del euro €, dólar $ y más — Copy and Paste Fonts",https://ultratextgen.com/assets/pinterest/es-library-simbolos-de-moneda.png,International Fancy Font Generators,,"Símbolos de moneda: copiar el símbolo del euro €, dólar $ y más. Copia el símbolo del euro (€), el dólar ($), la libra (£) y símbolos de moneda de todo el mundo. Haz clic en cualquiera para copiarlo al…. Copy and paste stylish Unicode fonts and symbols for bios, captions, usernames and posts —…",https://ultratextgen.com/es/library/simbolos-de-moneda/?utm_source=pinterest&utm_medium=social&utm_campaign=organic_pins&utm_content=es-library-simbolos-de-moneda,,"localized, símbolos de moneda: copiar el símbolo del euro €, dólar $ y más, fancy text generator, copy paste fonts, unicode fonts, copy and paste, ultratextgen"
Símbolos de música ♫ Copiar y pegar notas musicales — Copy and Paste Fonts,https://ultratextgen.com/assets/pinterest/es-library-simbolos-de-musica.png,International Fancy Font Generators,,"Símbolos de música ♫ Copiar y pegar notas musicales. Explora y copia símbolos de música: notas musicales, claves, alteraciones, silencios y emojis de instrumentos. Haz clic en cualquier…. Copy and paste stylish Unicode fonts and symbols for bios, captions, usernames and posts — free, fast and…",https://ultratextgen.com/es/library/simbolos-de-musica/?utm_source=pinterest&utm_medium=social&utm_campaign=organic_pins&utm_content=es-library-simbolos-de-musica,,"localized, símbolos de música ♫ copiar y pegar notas musicales, fancy text generator, copy paste fonts, unicode fonts, copy and paste, ultratextgen"
Símbolos de número → Copiar y pegar números especiales — Copy and Paste Fonts,https://ultratextgen.com/assets/pinterest/es-library-simbolos-de-numero.png,International Fancy Font Generators,,"Símbolos de número → Copiar y pegar números especiales. Explora y copia símbolos de número: en círculo ①②③, superíndices ¹²³, subíndices ₁₂₃, números romanos Ⅰ Ⅱ Ⅲ y números entre paréntesis…. Copy and paste stylish Unicode fonts and symbols for bios, captions, usernames and posts — free, fast…",https://ultratextgen.com/es/library/simbolos-de-numero/?utm_source=pinterest&utm_medium=social&utm_campaign=organic_pins&utm_content=es-library-simbolos-de-numero,,"localized, símbolos de número → copiar y pegar números especiales, fancy text generator, copy paste fonts, unicode fonts, copy and paste, ultratextgen"
Símbolos de puntuación → Copiar y pegar signos especiales — Copy and Paste Fonts,https://ultratextgen.com/assets/pinterest/es-library-simbolos-de-puntuacion.png,International Fancy Font Generators,,"Símbolos de puntuación → Copiar y pegar signos especiales. Copia y pega símbolos de puntuación especiales: daga, doble daga, calderón, signo de sección, interrobang, comillas y los signos de…. Copy and paste stylish Unicode fonts and symbols for bios, captions, usernames and posts — free, fast…",https://ultratextgen.com/es/library/simbolos-de-puntuacion/?utm_source=pinterest&utm_medium=social&utm_campaign=organic_pins&utm_content=es-library-simbolos-de-puntuacion,,"localized, símbolos de puntuación → copiar y pegar signos especiales, fancy text generator, copy paste fonts, unicode fonts, copy and paste, ultratextgen"
Símbolos de teclado ⌘ ⇧ ⌥ — Copiar teclas de Mac y PC — Copy and Paste Fonts,https://ultratextgen.com/assets/pinterest/es-library-simbolos-de-teclado.png,International Fancy Font Generators,,"Símbolos de teclado ⌘ ⇧ ⌥ — Copiar teclas de Mac y PC. Copia y pega símbolos de teclado: teclas de Mac (⌘ ⌥ ⇧ ⌃), edición (⏎ ⌫ ⇥) y flechas. Descubre dónde está la tecla Shift (⇧) en el…. Copy and paste stylish Unicode fonts and symbols for bios, captions, usernames and posts — free, fast and…",https://ultratextgen.com/es/library/simbolos-de-teclado/?utm_source=pinterest&utm_medium=social&utm_campaign=organic_pins&utm_content=es-library-simbolos-de-teclado,,"localized, símbolos de teclado ⌘ ⇧ ⌥ — copiar teclas de mac y pc, fancy text generator, copy paste fonts, unicode fonts, copy and paste, ultratextgen"
Símbolos de verificación → Copiar y pegar marcas de check (✓ ✔ ☑ ✅) — Copy and Paste Fonts,https://ultratextgen.com/assets/pinterest/es-library-simbolos-de-verificacion.png,International Fancy Font Generators,,"Símbolos de verificación → Copiar y pegar marcas de check (✓ ✔ ☑ ✅). Explora y copia símbolos de verificación: marca de verificación ✓, check ✔, casilla marcada ☑ y tick emoji ✅, además de cruces ✗ ❌. Haz…. Copy and paste stylish Unicode fonts and symbols for bios, captions, usernames and posts…",https://ultratextgen.com/es/library/simbolos-de-verificacion/?utm_source=pinterest&utm_medium=social&utm_campaign=organic_pins&utm_content=es-library-simbolos-de-verificacion,,"localized, símbolos de verificación → copiar y pegar marcas de check (✓ ✔ ☑ ✅), fancy text generator, copy paste fonts, unicode fonts, copy and paste, ultratextgen"
Símbolos de viñeta → Copiar y pegar viñetas para listas — Copy and Paste Fonts,https://ultratextgen.com/assets/pinterest/es-library-simbolos-de-vineta.png,International Fancy Font Generators,,"Símbolos de viñeta → Copiar y pegar viñetas para listas. Explora y copia símbolos de viñeta: puntos, viñetas de flecha, casillas de verificación, estrellas y adornos para tus listas, documentos…. Copy and paste stylish Unicode fonts and symbols for bios, captions, usernames and posts — free,…",https://ultratextgen.com/es/library/simbolos-de-vineta/?utm_source=pinterest&utm_medium=social&utm_campaign=organic_pins&utm_content=es-library-simbolos-de-vineta,,"localized, símbolos de viñeta → copiar y pegar viñetas para listas, fancy text generator, copy paste fonts, unicode fonts, copy and paste, ultratextgen"
"Símbolos de Discord — copiar y pegar para nombres, canales y perfiles — Copy and Paste",https://ultratextgen.com/assets/pinterest/es-library-simbolos-discord.png,International Fancy Font Generators,,"Símbolos de Discord — copiar y pegar para nombres, canales y perfiles. Copia y pega símbolos de Discord para nombres de servidor, canales, roles y perfiles: adornos, flechas, corazones y separadores (▸ ┊ ➤ ꒱…. Copy and paste stylish Unicode fonts and symbols for bios, captions, usernames and…",https://ultratextgen.com/es/library/simbolos-discord/?utm_source=pinterest&utm_medium=social&utm_campaign=organic_pins&utm_content=es-library-simbolos-discord,,"localized, símbolos de discord — copiar y pegar para nombres, canales y perfiles, fancy text generator, copy paste fonts, unicode fonts, copy and paste, ultratextgen"
Símbolos Dreamcore y Weirdcore: copiar y pegar 👁 🌈 ⋆ estética surrealista — Copy and,https://ultratextgen.com/assets/pinterest/es-library-simbolos-dreamcore-weirdcore.png,International Fancy Font Generators,,"Símbolos Dreamcore y Weirdcore: copiar y pegar 👁 🌈 ⋆ estética surrealista. Símbolos dreamcore y weirdcore — ojos surrealistas 👁, arcoíris 🌈, bloques glitch, puertas y combos sleepcore para publicaciones…. Copy and paste stylish Unicode fonts and symbols for bios, captions, usernames and posts —…",https://ultratextgen.com/es/library/simbolos-dreamcore-weirdcore/?utm_source=pinterest&utm_medium=social&utm_campaign=organic_pins&utm_content=es-library-simbolos-dreamcore-weirdcore,,"localized, símbolos dreamcore y weirdcore: copiar y pegar 👁 🌈 ⋆ estética surrealista, fancy text generator, copy paste fonts, unicode fonts, copy and paste, ultratextgen"
"Símbolos de Facebook — copiar y pegar reacciones, corazones y emoji — Copy and Paste Fonts",https://ultratextgen.com/assets/pinterest/es-library-simbolos-facebook.png,International Fancy Font Generators,,"Símbolos de Facebook — copiar y pegar reacciones, corazones y emoji. Copia y pega símbolos de Facebook: emoji de reacción, corazones, estrellas y separadores para publicaciones, comentarios, biografía y…. Copy and paste stylish Unicode fonts and symbols for bios, captions, usernames and posts —…",https://ultratextgen.com/es/library/simbolos-facebook/?utm_source=pinterest&utm_medium=social&utm_campaign=organic_pins&utm_content=es-library-simbolos-facebook,,"localized, símbolos de facebook — copiar y pegar reacciones, corazones y emoji, fancy text generator, copy paste fonts, unicode fonts, copy and paste, ultratextgen"
"Símbolos fairycore ✿ hadas, setas y brillos para copiar y pegar — Copy and Paste Fonts",https://ultratextgen.com/assets/pinterest/es-library-simbolos-fairycore.png,International Fancy Font Generators,,"Símbolos fairycore ✿ hadas, setas y brillos para copiar y pegar. Símbolos fairycore y combos de emojis para copiar y pegar — hadas 🧚, setas 🍄, brillos ✨ y delicados caracteres de flores para biografías…. Copy and paste stylish Unicode fonts and symbols for bios, captions, usernames and posts —…",https://ultratextgen.com/es/library/simbolos-fairycore/?utm_source=pinterest&utm_medium=social&utm_campaign=organic_pins&utm_content=es-library-simbolos-fairycore,,"localized, símbolos fairycore ✿ hadas, setas y brillos para copiar y pegar, fancy text generator, copy paste fonts, unicode fonts, copy and paste, ultratextgen"
"Símbolos geométricos → Copiar círculos, cuadrados y triángulos — Copy and Paste Fonts",https://ultratextgen.com/assets/pinterest/es-library-simbolos-geometricos.png,International Fancy Font Generators,,"Símbolos geométricos → Copiar círculos, cuadrados y triángulos. Explora y copia símbolos geométricos: círculo, cuadrado, triángulo, rombo y figuras geométricas Unicode para dar formato y diseñar. Haz…. Copy and paste stylish Unicode fonts and symbols for bios, captions, usernames and posts —…",https://ultratextgen.com/es/library/simbolos-geometricos/?utm_source=pinterest&utm_medium=social&utm_campaign=organic_pins&utm_content=es-library-simbolos-geometricos,,"localized, símbolos geométricos → copiar círculos, cuadrados y triángulos, fancy text generator, copy paste fonts, unicode fonts, copy and paste, ultratextgen"
"Símbolos Goth y Grunge ♱ cruces, calaveras y dark aesthetic para copiar y pegar — Copy",https://ultratextgen.com/assets/pinterest/es-library-simbolos-goth-grunge.png,International Fancy Font Generators,,"Símbolos Goth y Grunge ♱ cruces, calaveras y dark aesthetic para copiar y pegar. Símbolos dark aesthetic para biografías goth y grunge — cruces ♱, calaveras 💀, arañas 🕷 y dagas † para nombres de usuario y perfiles. Un…. Copy and paste stylish Unicode fonts and symbols for bios, captions,…",https://ultratextgen.com/es/library/simbolos-goth-grunge/?utm_source=pinterest&utm_medium=social&utm_campaign=organic_pins&utm_content=es-library-simbolos-goth-grunge,,"localized, símbolos goth y grunge ♱ cruces, calaveras y dark aesthetic para copiar y pegar, fancy text generator, copy paste fonts, unicode fonts, copy and paste, ultratextgen"
Símbolos japoneses 桜 愛 ツ — Letras japonesas para copiar y pegar — Copy and Paste Fonts,https://ultratextgen.com/assets/pinterest/es-library-simbolos-japoneses.png,International Fancy Font Generators,,"Símbolos japoneses 桜 愛 ツ — Letras japonesas para copiar y pegar. Caracteres japoneses para copiar y pegar: kanji como 桜 y 愛, hiragana, katakana (ツ シ) y puntuación, con su lectura en romaji y…. Copy and paste stylish Unicode fonts and symbols for bios, captions, usernames and posts — free, fast…",https://ultratextgen.com/es/library/simbolos-japoneses/?utm_source=pinterest&utm_medium=social&utm_campaign=organic_pins&utm_content=es-library-simbolos-japoneses,,"localized, símbolos japoneses 桜 愛 ツ — letras japonesas para copiar y pegar, fancy text generator, copy paste fonts, unicode fonts, copy and paste, ultratextgen"
Símbolos kawaii y tiernos para copiar y pegar — decoraciones aesthetic suaves — Copy,https://ultratextgen.com/assets/pinterest/es-library-simbolos-kawaii-cute.png,International Fancy Font Generators,,"Símbolos kawaii y tiernos para copiar y pegar — decoraciones aesthetic suaves. Símbolos kawaii y tiernos para biografías, nombres de usuario y mensajes. Corazones suaves, caritas diminutas, brillos y decoraciones…. Copy and paste stylish Unicode fonts and symbols for bios, captions, usernames…",https://ultratextgen.com/es/library/simbolos-kawaii-cute/?utm_source=pinterest&utm_medium=social&utm_campaign=organic_pins&utm_content=es-library-simbolos-kawaii-cute,,"localized, símbolos kawaii y tiernos para copiar y pegar — decoraciones aesthetic suaves, fancy text generator, copy paste fonts, unicode fonts, copy and paste, ultratextgen"
"Símbolos matemáticos → Copiar y pegar π, ∞, √, ≥, ≤ — Copy and Paste Fonts",https://ultratextgen.com/assets/pinterest/es-library-simbolos-matematicos.png,International Fancy Font Generators,,"Símbolos matemáticos → Copiar y pegar π, ∞, √, ≥, ≤. Explora y copia símbolos matemáticos: pi (π), infinito (∞), raíz cuadrada (√), mayor o igual (≥), menor o igual (≤), aproximadamente (≈)…. Copy and paste stylish Unicode fonts and symbols for bios, captions, usernames and posts — free, fast…",https://ultratextgen.com/es/library/simbolos-matematicos/?utm_source=pinterest&utm_medium=social&utm_campaign=organic_pins&utm_content=es-library-simbolos-matematicos,,"localized, símbolos matemáticos → copiar y pegar π, ∞, √, ≥, ≤, fancy text generator, copy paste fonts, unicode fonts, copy and paste, ultratextgen"
Símbolos de PUBG y BGMI ★ 彡 乂 — Copiar y Pegar para el Nombre (2026) — Copy and Paste,https://ultratextgen.com/assets/pinterest/es-library-simbolos-pubg.png,International Fancy Font Generators,,"Símbolos de PUBG y BGMI ★ 彡 乂 — Copiar y Pegar para el Nombre (2026). Símbolos de nombre para PUBG Mobile y BGMI ★ 彡 乂 ꧁꧂ para copiar y pegar — probados con la fuente del juego, más la verdad sobre qué…. Copy and paste stylish Unicode fonts and symbols for bios, captions, usernames and posts —…",https://ultratextgen.com/es/library/simbolos-pubg/?utm_source=pinterest&utm_medium=social&utm_campaign=organic_pins&utm_content=es-library-simbolos-pubg,,"localized, símbolos de pubg y bgmi ★ 彡 乂 — copiar y pegar para el nombre (2026), fancy text generator, copy paste fonts, unicode fonts, copy and paste, ultratextgen"
Símbolos de Roblox ✦ ⚡ ♡ — Copiar y pegar para el nombre para mostrar (2026) — Copy and,https://ultratextgen.com/assets/pinterest/es-library-simbolos-roblox.png,International Fancy Font Generators,,"Símbolos de Roblox ✦ ⚡ ♡ — Copiar y pegar para el nombre para mostrar (2026). 40+ símbolos de Roblox ✦ ⚡ ♡ para copiar y pegar en el nombre para mostrar, biografías y grupos — probados con el filtro de nombres…. Copy and paste stylish Unicode fonts and symbols for bios, captions, usernames and…",https://ultratextgen.com/es/library/simbolos-roblox/?utm_source=pinterest&utm_medium=social&utm_campaign=organic_pins&utm_content=es-library-simbolos-roblox,,"localized, símbolos de roblox ✦ ⚡ ♡ — copiar y pegar para el nombre para mostrar (2026), fancy text generator, copy paste fonts, unicode fonts, copy and paste, ultratextgen"
Símbolos Therian: copiar y pegar Δ theta-delta y marcas alterhuman — Copy and Paste Fonts,https://ultratextgen.com/assets/pinterest/es-library-simbolos-therian.png,International Fancy Font Generators,,"Símbolos Therian: copiar y pegar Δ theta-delta y marcas alterhuman. Explora marcas theta-delta (θΔ), huellas, fases lunares y símbolos de animales que usa la comunidad therian y alterhuman. Toca cualquier…. Copy and paste stylish Unicode fonts and symbols for bios, captions, usernames and posts…",https://ultratextgen.com/es/library/simbolos-therian/?utm_source=pinterest&utm_medium=social&utm_campaign=organic_pins&utm_content=es-library-simbolos-therian,,"localized, símbolos therian: copiar y pegar δ theta-delta y marcas alterhuman, fancy text generator, copy paste fonts, unicode fonts, copy and paste, ultratextgen"
Símbolos Witchy y Ocultos: copiar y pegar caracteres ocultos — Copy and Paste Fonts,https://ultratextgen.com/assets/pinterest/es-library-simbolos-witchy-occult.png,International Fancy Font Generators,,"Símbolos Witchy y Ocultos: copiar y pegar caracteres ocultos. Explora y copia símbolos witchy y ocultos — pentagramas, fases lunares, signos planetarios, símbolos alquímicos y otros caracteres…. Copy and paste stylish Unicode fonts and symbols for bios, captions, usernames and posts — free, fast…",https://ultratextgen.com/es/library/simbolos-witchy-occult/?utm_source=pinterest&utm_medium=social&utm_campaign=organic_pins&utm_content=es-library-simbolos-witchy-occult,,"localized, símbolos witchy y ocultos: copiar y pegar caracteres ocultos, fancy text generator, copy paste fonts, unicode fonts, copy and paste, ultratextgen"
"Símbolos Y2K ✦ estrellas, brillos y cyber para copiar y pegar — Copy and Paste Fonts",https://ultratextgen.com/assets/pinterest/es-library-simbolos-y2k.png,International Fancy Font Generators,,"Símbolos Y2K ✦ estrellas, brillos y cyber para copiar y pegar. Símbolos Y2K aesthetic para copiar y pegar — estrellas ✦, brillos ⋆｡°✩, cruces ♱, mariposas 🦋 y CDs 💿 para tu biografía, nombre de…. Copy and paste stylish Unicode fonts and symbols for bios, captions, usernames and posts — free,…",https://ultratextgen.com/es/library/simbolos-y2k/?utm_source=pinterest&utm_medium=social&utm_campaign=organic_pins&utm_content=es-library-simbolos-y2k,,"localized, símbolos y2k ✦ estrellas, brillos y cyber para copiar y pegar, fancy text generator, copy paste fonts, unicode fonts, copy and paste, ultratextgen"
Convertir de Minúsculas a Mayúsculas Online — Copy and Paste Fonts,https://ultratextgen.com/assets/pinterest/es-mayusculas-y-minusculas.png,International Fancy Font Generators,,"Convertir de Minúsculas a Mayúsculas Online. Convierte tu texto de minúsculas a mayúsculas (y viceversa) gratis online: UPPERCASE, lowercase, Title Case, Sentence case, Capitalized…. Copy and paste stylish Unicode fonts and symbols for bios, captions, usernames and posts — free, fast and right…",https://ultratextgen.com/es/mayusculas-y-minusculas/?utm_source=pinterest&utm_medium=social&utm_campaign=organic_pins&utm_content=es-mayusculas-y-minusculas,,"localized, convertir de minúsculas a mayúsculas online, fancy text generator, copy paste fonts, unicode fonts, copy and paste, ultratextgen"
Símbolos de estrella para copiar y pegar ★ ☆ ✦ ✧ — Copy and Paste Fonts,https://ultratextgen.com/assets/pinterest/es-simbolos-de-estrella.png,International Fancy Font Generators,,"Símbolos de estrella para copiar y pegar ★ ☆ ✦ ✧. Copia símbolos de estrella Unicode y emojis: ★, ☆, ✦, ✧, ✨, ⭐, valoraciones de cinco estrellas y adornos para bios, nombres y mensajes…. Copy and paste stylish Unicode fonts and symbols for bios, captions, usernames and posts — free, fast and…",https://ultratextgen.com/es/simbolos-de-estrella/?utm_source=pinterest&utm_medium=social&utm_campaign=organic_pins&utm_content=es-simbolos-de-estrella,,"localized, símbolos de estrella para copiar y pegar ★ ☆ ✦ ✧, fancy text generator, copy paste fonts, unicode fonts, copy and paste, ultratextgen"
Símbolos de flechas → Copiar y pegar flechas direccionales — Copy and Paste Fonts,https://ultratextgen.com/assets/pinterest/es-simbolos-de-flechas.png,International Fancy Font Generators,,"Símbolos de flechas → Copiar y pegar flechas direccionales. Explora y copia símbolos de flechas: rectas, curvas, dobles, triangulares y flechas emoji para documentos, publicaciones y formato. Haz…. Copy and paste stylish Unicode fonts and symbols for bios, captions, usernames and posts — free,…",https://ultratextgen.com/es/simbolos-de-flechas/?utm_source=pinterest&utm_medium=social&utm_campaign=organic_pins&utm_content=es-simbolos-de-flechas,,"localized, símbolos de flechas → copiar y pegar flechas direccionales, fancy text generator, copy paste fonts, unicode fonts, copy and paste, ultratextgen"
Símbolos para nombres: copiar y pegar ꧁꧂ ツ ♛ — Copy and Paste Fonts,https://ultratextgen.com/assets/pinterest/es-simbolos-para-nombres.png,International Fancy Font Generators,,"Símbolos para nombres: copiar y pegar ꧁꧂ ツ ♛. Símbolos para nombres y nicks: alas ꧁꧂, sonrisas ツ, coronas ♛ y trazos gamer 彡 para decorar tu nombre en cualquier juego o app. Toca…. Copy and paste stylish Unicode fonts and symbols for bios, captions, usernames and posts — free, fast and right in…",https://ultratextgen.com/es/simbolos-para-nombres/?utm_source=pinterest&utm_medium=social&utm_campaign=organic_pins&utm_content=es-simbolos-para-nombres,,"localized, símbolos para nombres: copiar y pegar ꧁꧂ ツ ♛, fancy text generator, copy paste fonts, unicode fonts, copy and paste, ultratextgen"
"Comillas: Copiar y pegar "" ' “ ” y « » al instante — Copy and Paste Fonts",https://ultratextgen.com/assets/pinterest/es-symbol-comillas.png,International Fancy Font Generators,,"Comillas: Copiar y pegar "" ' “ ” y « » al instante. Copia y pega las comillas rectas ("" ') y el apóstrofo, además de las comillas tipográficas “ ” y los angulares « » con los que se…. Copy and paste stylish Unicode fonts and symbols for bios, captions, usernames and posts — free, fast and right…",https://ultratextgen.com/es/symbol/comillas/?utm_source=pinterest&utm_medium=social&utm_campaign=organic_pins&utm_content=es-symbol-comillas,,"localized, comillas: copiar y pegar "" ' “ ” y « » al instante, fancy text generator, copy paste fonts, unicode fonts, copy and paste, ultratextgen"
Símbolos de cuadrado (²) y cubo (³): copiar y pegar exponentes — Copy and Paste Fonts,https://ultratextgen.com/assets/pinterest/es-symbol-cuadrado-y-cubo.png,International Fancy Font Generators,,"Símbolos de cuadrado (²) y cubo (³): copiar y pegar exponentes. Copia y pega los símbolos de cuadrado (²) y cubo (³) para exponentes y abreviaturas de unidades como m² y cm³, y descubre por qué…. Copy and paste stylish Unicode fonts and symbols for bios, captions, usernames and posts — free,…",https://ultratextgen.com/es/symbol/cuadrado-y-cubo/?utm_source=pinterest&utm_medium=social&utm_campaign=organic_pins&utm_content=es-symbol-cuadrado-y-cubo,,"localized, símbolos de cuadrado (²) y cubo (³): copiar y pegar exponentes, fancy text generator, copy paste fonts, unicode fonts, copy and paste, ultratextgen"
Símbolos: busca un solo carácter Unicode a fondo — Copy and Paste Fonts,https://ultratextgen.com/assets/pinterest/es-symbol.png,International Fancy Font Generators,,"Símbolos: busca un solo carácter Unicode a fondo. Busca un símbolo concreto — su significado, historia, cómo escribirlo y dónde funciona. Cada página cubre un único carácter Unicode…. Copy and paste stylish Unicode fonts and symbols for bios, captions, usernames and posts — free, fast and right…",https://ultratextgen.com/es/symbol/?utm_source=pinterest&utm_medium=social&utm_campaign=organic_pins&utm_content=es-symbol,,"localized, símbolos: busca un solo carácter unicode a fondo, fancy text generator, copy paste fonts, unicode fonts, copy and paste, ultratextgen"
"Signo de división (÷): significado, historia y cómo escribirlo — Copy and Paste Fonts",https://ultratextgen.com/assets/pinterest/es-symbol-signo-de-division.png,International Fancy Font Generators,,"Signo de división (÷): significado, historia y cómo escribirlo. El signo de división ÷ (U+00F7), el óbelo, explicado — su origen en 1659, cómo escribirlo en Windows y Mac, y en qué se diferencia de la…. Copy and paste stylish Unicode fonts and symbols for bios, captions, usernames and posts —…",https://ultratextgen.com/es/symbol/signo-de-division/?utm_source=pinterest&utm_medium=social&utm_campaign=organic_pins&utm_content=es-symbol-signo-de-division,,"localized, signo de división (÷): significado, historia y cómo escribirlo, fancy text generator, copy paste fonts, unicode fonts, copy and paste, ultratextgen"
"Signo de euro (€) → Copiar y pegar, origen y teclado — Copy and Paste Fonts",https://ultratextgen.com/assets/pinterest/es-symbol-signo-de-euro.png,International Fancy Font Generators,,"Signo de euro (€) → Copiar y pegar, origen y teclado. Copia y pega el signo de euro (€, U+20AC) junto a otros símbolos de moneda. Descubre de dónde viene el € y cómo escribirlo en Windows y…. Copy and paste stylish Unicode fonts and symbols for bios, captions, usernames and posts — free, fast…",https://ultratextgen.com/es/symbol/signo-de-euro/?utm_source=pinterest&utm_medium=social&utm_campaign=organic_pins&utm_content=es-symbol-signo-de-euro,,"localized, signo de euro (€) → copiar y pegar, origen y teclado, fancy text generator, copy paste fonts, unicode fonts, copy and paste, ultratextgen"
"Signo de grado (°): significado, historia y cómo escribirlo — Copy and Paste Fonts",https://ultratextgen.com/assets/pinterest/es-symbol-signo-de-grado.png,International Fancy Font Generators,,"Signo de grado (°): significado, historia y cómo escribirlo. El signo de grado ° (U+00B0) explicado — su uso en temperatura y ángulos, en qué se diferencia de º (ordinal), y cómo escribirlo en…. Copy and paste stylish Unicode fonts and symbols for bios, captions, usernames and posts — free, fast…",https://ultratextgen.com/es/symbol/signo-de-grado/?utm_source=pinterest&utm_medium=social&utm_campaign=organic_pins&utm_content=es-symbol-signo-de-grado,,"localized, signo de grado (°): significado, historia y cómo escribirlo, fancy text generator, copy paste fonts, unicode fonts, copy and paste, ultratextgen"
"Signo de libra (£) → Copiar y pegar, origen y teclado — Copy and Paste Fonts",https://ultratextgen.com/assets/pinterest/es-symbol-signo-de-libra.png,International Fancy Font Generators,,"Signo de libra (£) → Copiar y pegar, origen y teclado. Copia y pega el signo de libra esterlina (£, U+00A3) — su origen en el latín libra, en qué se diferencia del signo # y cómo escribirlo…. Copy and paste stylish Unicode fonts and symbols for bios, captions, usernames and posts — free, fast…",https://ultratextgen.com/es/symbol/signo-de-libra/?utm_source=pinterest&utm_medium=social&utm_campaign=organic_pins&utm_content=es-symbol-signo-de-libra,,"localized, signo de libra (£) → copiar y pegar, origen y teclado, fancy text generator, copy paste fonts, unicode fonts, copy and paste, ultratextgen"
Signo de multiplicación (×): copiar y pegar el símbolo de por — Copy and Paste Fonts,https://ultratextgen.com/assets/pinterest/es-symbol-signo-de-multiplicacion.png,International Fancy Font Generators,,"Signo de multiplicación (×): copiar y pegar el símbolo de por. Copia y pega el signo de multiplicación (×) — su origen en 1631, en qué se diferencia de la letra x y del punto de multiplicar, y cómo…. Copy and paste stylish Unicode fonts and symbols for bios, captions, usernames and posts — free,…",https://ultratextgen.com/es/symbol/signo-de-multiplicacion/?utm_source=pinterest&utm_medium=social&utm_campaign=organic_pins&utm_content=es-symbol-signo-de-multiplicacion,,"localized, signo de multiplicación (×): copiar y pegar el símbolo de por, fancy text generator, copy paste fonts, unicode fonts, copy and paste, ultratextgen"
Símbolo de grado ° → Copiar y pegar grados y temperatura — Copy and Paste Fonts,https://ultratextgen.com/assets/pinterest/es-symbol-simbolo-de-grado.png,International Fancy Font Generators,,"Símbolo de grado ° → Copiar y pegar grados y temperatura. Copia y pega el símbolo de grado (°) junto a los signos de grados Celsius, Fahrenheit, Kelvin, ángulos y prima. Haz clic en cualquier…. Copy and paste stylish Unicode fonts and symbols for bios, captions, usernames and posts — free, fast…",https://ultratextgen.com/es/symbol/simbolo-de-grado/?utm_source=pinterest&utm_medium=social&utm_campaign=organic_pins&utm_content=es-symbol-simbolo-de-grado,,"localized, símbolo de grado ° → copiar y pegar grados y temperatura, fancy text generator, copy paste fonts, unicode fonts, copy and paste, ultratextgen"
"Símbolo de infinito (∞): significado, historia y cómo escribirlo — Copy and Paste Fonts",https://ultratextgen.com/assets/pinterest/es-symbol-simbolo-de-infinito.png,International Fancy Font Generators,,"Símbolo de infinito (∞): significado, historia y cómo escribirlo. El símbolo de infinito ∞ (U+221E) explicado — el origen de John Wallis en 1655, qué significa, cómo escribirlo en Windows y Mac, y en…. Copy and paste stylish Unicode fonts and symbols for bios, captions, usernames and posts —…",https://ultratextgen.com/es/symbol/simbolo-de-infinito/?utm_source=pinterest&utm_medium=social&utm_campaign=organic_pins&utm_content=es-symbol-simbolo-de-infinito,,"localized, símbolo de infinito (∞): significado, historia y cómo escribirlo, fancy text generator, copy paste fonts, unicode fonts, copy and paste, ultratextgen"
"Símbolo de raíz cuadrada (√): significado, historia y cómo escribirlo — Copy and Paste",https://ultratextgen.com/assets/pinterest/es-symbol-simbolo-de-raiz-cuadrada.png,International Fancy Font Generators,,"Símbolo de raíz cuadrada (√): significado, historia y cómo escribirlo. El símbolo de raíz cuadrada √ (U+221A) explicado — su origen en 1525, qué significa, cómo escribirlo en Windows y Mac, y dónde se puede…. Copy and paste stylish Unicode fonts and symbols for bios, captions, usernames and…",https://ultratextgen.com/es/symbol/simbolo-de-raiz-cuadrada/?utm_source=pinterest&utm_medium=social&utm_campaign=organic_pins&utm_content=es-symbol-simbolo-de-raiz-cuadrada,,"localized, símbolo de raíz cuadrada (√): significado, historia y cómo escribirlo, fancy text generator, copy paste fonts, unicode fonts, copy and paste, ultratextgen"
Generador de texto al revés — voltea y da la vuelta a tu texto — Copy and Paste Fonts,https://ultratextgen.com/assets/pinterest/es-texto-al-reves.png,International Fancy Font Generators,,"Generador de texto al revés — voltea y da la vuelta a tu texto. Generador de texto al revés gratis: convierte tu texto en letras boca abajo para copiar y pegar — en bios de Instagram, WhatsApp…. Copy and paste stylish Unicode fonts and symbols for bios, captions, usernames and posts — free, fast…",https://ultratextgen.com/es/texto-al-reves/?utm_source=pinterest&utm_medium=social&utm_campaign=organic_pins&utm_content=es-texto-al-reves,,"localized, generador de texto al revés — voltea y da la vuelta a tu texto, fancy text generator, copy paste fonts, unicode fonts, copy and paste, ultratextgen"
Texto Invisible (Carácter Invisible) — Copiar y Pegar Espacio en Blanco — Copy and,https://ultratextgen.com/assets/pinterest/es-texto-invisible.png,International Fancy Font Generators,,"Texto Invisible (Carácter Invisible) — Copiar y Pegar Espacio en Blanco. Copia texto invisible y caracteres invisibles (zero width space, filler Hangul, braille) para nombres vacíos de Free Fire, bios de…. Copy and paste stylish Unicode fonts and symbols for bios, captions, usernames and posts —…",https://ultratextgen.com/es/texto-invisible/?utm_source=pinterest&utm_medium=social&utm_campaign=organic_pins&utm_content=es-texto-invisible,,"localized, texto invisible (carácter invisible) — copiar y pegar espacio en blanco, fancy text generator, copy paste fonts, unicode fonts, copy and paste, ultratextgen"
Texto pequeño y letras pequeñas para copiar y pegar — Copy and Paste Fonts,https://ultratextgen.com/assets/pinterest/es-texto-pequeno.png,International Fancy Font Generators,,"Texto pequeño y letras pequeñas para copiar y pegar. Generador de texto pequeño Unicode: convierte tu texto en letras pequeñas, small caps, superíndice y subíndice para copiar y pegar en…. Copy and paste stylish Unicode fonts and symbols for bios, captions, usernames and posts — free, fast and…",https://ultratextgen.com/es/texto-pequeno/?utm_source=pinterest&utm_medium=social&utm_campaign=organic_pins&utm_content=es-texto-pequeno,,"localized, texto pequeño y letras pequeñas para copiar y pegar, fancy text generator, copy paste fonts, unicode fonts, copy and paste, ultratextgen"
¿Qué Quieres Crear? — Copy and Paste Fonts,https://ultratextgen.com/assets/pinterest/es-usecase.png,International Fancy Font Generators,,"¿Qué Quieres Crear?. Elige la herramienta adecuada para tu momento: letras para bio, letras para tatuajes, nombres de juego con estilo o traductor de emojis. Copy and paste stylish Unicode fonts and symbols for bios, captions, usernames and posts — free, fast and right in your browser with…",https://ultratextgen.com/es/usecase/?utm_source=pinterest&utm_medium=social&utm_campaign=organic_pins&utm_content=es-usecase,,"localized, ¿qué quieres crear?, fancy text generator, copy paste fonts, unicode fonts, copy and paste, ultratextgen"
Letras para Bio — Copy and Paste Fonts — UltraTextGen,https://ultratextgen.com/assets/pinterest/es-usecase-letras-para-bio.png,International Fancy Font Generators,,"Letras para Bio. Fuentes y símbolos para tu biografía de Instagram. Copy and paste stylish Unicode fonts and symbols for bios, captions, usernames and posts — free, fast and right in your browser with UltraTextGen.",https://ultratextgen.com/es/usecase/letras-para-bio/?utm_source=pinterest&utm_medium=social&utm_campaign=organic_pins&utm_content=es-usecase-letras-para-bio,,"localized, letras para bio, fancy text generator, copy paste fonts, unicode fonts, copy and paste, ultratextgen"
Letras para Tatuajes — Copy and Paste Fonts,https://ultratextgen.com/assets/pinterest/es-usecase-letras-para-tatuajes.png,International Fancy Font Generators,,"Letras para Tatuajes. Prueba tu letra antes de la tinta. Copy and paste stylish Unicode fonts and symbols for bios, captions, usernames and posts — free, fast and right in your browser with UltraTextGen.",https://ultratextgen.com/es/usecase/letras-para-tatuajes/?utm_source=pinterest&utm_medium=social&utm_campaign=organic_pins&utm_content=es-usecase-letras-para-tatuajes,,"localized, letras para tatuajes, fancy text generator, copy paste fonts, unicode fonts, copy and paste, ultratextgen"
"Nombres de usuario con letras y símbolos ✦ generador para Instagram, TikTok y juegos",https://ultratextgen.com/assets/pinterest/es-usecase-nombre-de-usuario.png,International Fancy Font Generators,,"Nombres de usuario con letras y símbolos ✦ generador para Instagram, TikTok y juegos. Convierte tu nombre en un nombre de usuario único con letras bonitas y símbolos ꧁꧂ ⋆˚. Colecciones aesthetic, minimal y para juegos —…. Copy and paste stylish Unicode fonts and symbols for bios, captions,…",https://ultratextgen.com/es/usecase/nombre-de-usuario/?utm_source=pinterest&utm_medium=social&utm_campaign=organic_pins&utm_content=es-usecase-nombre-de-usuario,,"localized, nombres de usuario con letras y símbolos ✦ generador para instagram, tiktok y juegos, fancy text generator, copy paste fonts, unicode fonts, copy and paste, ultratextgen"
"Nombres aesthetic ⋆｡˚ para copiar y pegar — Instagram, TikTok y juegos — Copy and Paste",https://ultratextgen.com/assets/pinterest/es-usecase-nombres-aesthetic.png,International Fancy Font Generators,,"Nombres aesthetic ⋆｡˚ para copiar y pegar — Instagram, TikTok y juegos. Generador de nombres aesthetic + colecciones de nombres y apodos aesthetic con letras bonitas y símbolos suaves ⋆ ˚ ✧ ᥫ᭡. Copia tu nick…. Copy and paste stylish Unicode fonts and symbols for bios, captions, usernames and…",https://ultratextgen.com/es/usecase/nombres-aesthetic/?utm_source=pinterest&utm_medium=social&utm_campaign=organic_pins&utm_content=es-usecase-nombres-aesthetic,,"localized, nombres aesthetic ⋆｡˚ para copiar y pegar — instagram, tiktok y juegos, fancy text generator, copy paste fonts, unicode fonts, copy and paste, ultratextgen"
Nombres para Free Fire ꧁༒꧂ con símbolos y letras — generador de nicks — Copy and Paste,https://ultratextgen.com/assets/pinterest/es-usecase-nombres-para-free-fire.png,International Fancy Font Generators,,"Nombres para Free Fire ꧁༒꧂ con símbolos y letras — generador de nicks. Nombres para Free Fire con símbolos ꧁༒꧂ y letras bonitas: escribe tu nombre, elige el estilo, copia y pega en Free Fire. Colecciones de…. Copy and paste stylish Unicode fonts and symbols for bios, captions, usernames and…",https://ultratextgen.com/es/usecase/nombres-para-free-fire/?utm_source=pinterest&utm_medium=social&utm_campaign=organic_pins&utm_content=es-usecase-nombres-para-free-fire,,"localized, nombres para free fire ꧁༒꧂ con símbolos y letras — generador de nicks, fancy text generator, copy paste fonts, unicode fonts, copy and paste, ultratextgen"
"Nombres para Mobile Legends ꧁꧂ — Nicks MLBB, Símbolos y Verificador de Nombre — Copy",https://ultratextgen.com/assets/pinterest/es-usecase-nombres-para-mobile-legends.png,International Fancy Font Generators,,"Nombres para Mobile Legends ꧁꧂ — Nicks MLBB, Símbolos y Verificador de Nombre. Generador de nombres para Mobile Legends: escribe tu nick, elige símbolos ꧁༒꧂ y letras con estilo, y compruébalo al instante…. Copy and paste stylish Unicode fonts and symbols for bios, captions, usernames and posts —…",https://ultratextgen.com/es/usecase/nombres-para-mobile-legends/?utm_source=pinterest&utm_medium=social&utm_campaign=organic_pins&utm_content=es-usecase-nombres-para-mobile-legends,,"localized, nombres para mobile legends ꧁꧂ — nicks mlbb, símbolos y verificador de nombre, fancy text generator, copy paste fonts, unicode fonts, copy and paste, ultratextgen"
Nombres para Roblox aesthetic con letras y símbolos — generador de nicks — Copy and,https://ultratextgen.com/assets/pinterest/es-usecase-nombres-para-roblox.png,International Fancy Font Generators,,"Nombres para Roblox aesthetic con letras y símbolos — generador de nicks. Nombres para Roblox con letras bonitas y símbolos: escribe tu nombre, elige el estilo, copia y pégalo en tu nombre para mostrar de…. Copy and paste stylish Unicode fonts and symbols for bios, captions, usernames and posts…",https://ultratextgen.com/es/usecase/nombres-para-roblox/?utm_source=pinterest&utm_medium=social&utm_campaign=organic_pins&utm_content=es-usecase-nombres-para-roblox,,"localized, nombres para roblox aesthetic con letras y símbolos — generador de nicks, fancy text generator, copy paste fonts, unicode fonts, copy and paste, ultratextgen"
Traductor de Emojis — Copy and Paste Fonts,https://ultratextgen.com/assets/pinterest/es-usecase-traductor-de-emojis.png,International Fancy Font Generators,,"Traductor de Emojis. Texto a emojis y al revés. Copy and paste stylish Unicode fonts and symbols for bios, captions, usernames and posts — free, fast and right in your browser with UltraTextGen.",https://ultratextgen.com/es/usecase/traductor-de-emojis/?utm_source=pinterest&utm_medium=social&utm_campaign=organic_pins&utm_content=es-usecase-traductor-de-emojis,,"localized, traductor de emojis, fancy text generator, copy paste fonts, unicode fonts, copy and paste, ultratextgen"
Generador de Texto Vertical — Copy and Paste Fonts,https://ultratextgen.com/assets/pinterest/es-usecase-vertical-text.png,International Fancy Font Generators,,"Generador de Texto Vertical. Apila tu texto de arriba abajo. Copy and paste stylish Unicode fonts and symbols for bios, captions, usernames and posts — free, fast and right in your browser with UltraTextGen.",https://ultratextgen.com/es/usecase/vertical-text/?utm_source=pinterest&utm_medium=social&utm_campaign=organic_pins&utm_content=es-usecase-vertical-text,,"localized, generador de texto vertical, fancy text generator, copy paste fonts, unicode fonts, copy and paste, ultratextgen"
Generador de Texto Zalgo — Copy and Paste Fonts,https://ultratextgen.com/assets/pinterest/es-usecase-zalgo-text.png,International Fancy Font Generators,,"Generador de Texto Zalgo. Crea texto glitch y espeluznante. Copy and paste stylish Unicode fonts and symbols for bios, captions, usernames and posts — free, fast and right in your browser with UltraTextGen.",https://ultratextgen.com/es/usecase/zalgo-text/?utm_source=pinterest&utm_medium=social&utm_campaign=organic_pins&utm_content=es-usecase-zalgo-text,,"localized, generador de texto zalgo, fancy text generator, copy paste fonts, unicode fonts, copy and paste, ultratextgen"
Belle Écriture — Copy and Paste Fonts — UltraTextGen,https://ultratextgen.com/assets/pinterest/fr-belle-ecriture.png,International Fancy Font Generators,,"Belle Écriture. Jolies écritures à copier-coller. Copy and paste stylish Unicode fonts and symbols for bios, captions, usernames and posts — free, fast and right in your browser with UltraTextGen.",https://ultratextgen.com/fr/belle-ecriture/?utm_source=pinterest&utm_medium=social&utm_campaign=organic_pins&utm_content=fr-belle-ecriture,,"localized, belle écriture, fancy text generator, copy paste fonts, unicode fonts, copy and paste, ultratextgen"
Calligraphie en Ligne — Copy and Paste Fonts,https://ultratextgen.com/assets/pinterest/fr-calligraphie.png,International Fancy Font Generators,,"Calligraphie en Ligne. Alphabet calligraphie à copier-coller. Copy and paste stylish Unicode fonts and symbols for bios, captions, usernames and posts — free, fast and right in your browser with UltraTextGen.",https://ultratextgen.com/fr/calligraphie/?utm_source=pinterest&utm_medium=social&utm_campaign=organic_pins&utm_content=fr-calligraphie,,"localized, calligraphie en ligne, fancy text generator, copy paste fonts, unicode fonts, copy and paste, ultratextgen"
Catégories de Polices Unicode — Copy and Paste Fonts,https://ultratextgen.com/assets/pinterest/fr-category.png,International Fancy Font Generators,,"Catégories de Polices Unicode. Découvrez toutes les catégories de polices Unicode d'UltraTextGen : gras, cursive, gothique, petite, barrée et plus. À copier-coller…. Copy and paste stylish Unicode fonts and symbols for bios, captions, usernames and posts — free, fast and right in your browser…",https://ultratextgen.com/fr/category/?utm_source=pinterest&utm_medium=social&utm_campaign=organic_pins&utm_content=fr-category,,"localized, catégories de polices unicode, fancy text generator, copy paste fonts, unicode fonts, copy and paste, ultratextgen"
Changeur de Police — Copy and Paste Fonts,https://ultratextgen.com/assets/pinterest/fr-changeur-de-police.png,International Fancy Font Generators,,"Changeur de Police. Change ton écriture en ligne. Copy and paste stylish Unicode fonts and symbols for bios, captions, usernames and posts — free, fast and right in your browser with UltraTextGen.",https://ultratextgen.com/fr/changeur-de-police/?utm_source=pinterest&utm_medium=social&utm_campaign=organic_pins&utm_content=fr-changeur-de-police,,"localized, changeur de police, fancy text generator, copy paste fonts, unicode fonts, copy and paste, ultratextgen"
Combos Emoji — Copy and Paste Fonts — UltraTextGen,https://ultratextgen.com/assets/pinterest/fr-combos-emoji.png,International Fancy Font Generators,,"Combos Emoji. Combinaisons d'emoji à copier-coller. Copy and paste stylish Unicode fonts and symbols for bios, captions, usernames and posts — free, fast and right in your browser with UltraTextGen.",https://ultratextgen.com/fr/combos-emoji/?utm_source=pinterest&utm_medium=social&utm_campaign=organic_pins&utm_content=fr-combos-emoji,,"localized, combos emoji, fancy text generator, copy paste fonts, unicode fonts, copy and paste, ultratextgen"
Compteur de Mots et de Caractères — Outil Gratuit en Ligne — Copy and Paste Fonts,https://ultratextgen.com/assets/pinterest/fr-compteur-de-mots-et-de-caracteres.png,International Fancy Font Generators,,"Compteur de Mots et de Caractères — Outil Gratuit en Ligne. Compteur de mots et de caractères gratuit. Statistiques en direct sur les mots, caractères, phrases, paragraphes et le temps de lecture…. Copy and paste stylish Unicode fonts and symbols for bios, captions, usernames and posts — free,…",https://ultratextgen.com/fr/compteur-de-mots-et-de-caracteres/?utm_source=pinterest&utm_medium=social&utm_campaign=organic_pins&utm_content=fr-compteur-de-mots-et-de-caracteres,,"localized, compteur de mots et de caractères — outil gratuit en ligne, fancy text generator, copy paste fonts, unicode fonts, copy and paste, ultratextgen"
Écriture Aesthetic — Copy and Paste Fonts,https://ultratextgen.com/assets/pinterest/fr-ecriture-aesthetic.png,International Fancy Font Generators,,"Écriture Aesthetic. Lettres et symboles aesthetic à copier. Copy and paste stylish Unicode fonts and symbols for bios, captions, usernames and posts — free, fast and right in your browser with UltraTextGen.",https://ultratextgen.com/fr/ecriture-aesthetic/?utm_source=pinterest&utm_medium=social&utm_campaign=organic_pins&utm_content=fr-ecriture-aesthetic,,"localized, écriture aesthetic, fancy text generator, copy paste fonts, unicode fonts, copy and paste, ultratextgen"
Écriture Cursive — Copy and Paste Fonts — UltraTextGen,https://ultratextgen.com/assets/pinterest/fr-ecriture-cursive.png,International Fancy Font Generators,,"Écriture Cursive. Alphabet calligraphie à copier. Copy and paste stylish Unicode fonts and symbols for bios, captions, usernames and posts — free, fast and right in your browser with UltraTextGen.",https://ultratextgen.com/fr/ecriture-cursive/?utm_source=pinterest&utm_medium=social&utm_campaign=organic_pins&utm_content=fr-ecriture-cursive,,"localized, écriture cursive, fancy text generator, copy paste fonts, unicode fonts, copy and paste, ultratextgen"
Écriture Facebook — Copy and Paste Fonts,https://ultratextgen.com/assets/pinterest/fr-ecriture-facebook.png,International Fancy Font Generators,,"Écriture Facebook. Gras et polices stylées pour FB. Copy and paste stylish Unicode fonts and symbols for bios, captions, usernames and posts — free, fast and right in your browser with UltraTextGen.",https://ultratextgen.com/fr/ecriture-facebook/?utm_source=pinterest&utm_medium=social&utm_campaign=organic_pins&utm_content=fr-ecriture-facebook,,"localized, écriture facebook, fancy text generator, copy paste fonts, unicode fonts, copy and paste, ultratextgen"
Écriture Gothique — Copy and Paste Fonts,https://ultratextgen.com/assets/pinterest/fr-ecriture-gothique.png,International Fancy Font Generators,,"Écriture Gothique. Lettres gothiques à copier-coller. Copy and paste stylish Unicode fonts and symbols for bios, captions, usernames and posts — free, fast and right in your browser with UltraTextGen.",https://ultratextgen.com/fr/ecriture-gothique/?utm_source=pinterest&utm_medium=social&utm_campaign=organic_pins&utm_content=fr-ecriture-gothique,,"localized, écriture gothique, fancy text generator, copy paste fonts, unicode fonts, copy and paste, ultratextgen"
Écriture Italique — Copy and Paste Fonts,https://ultratextgen.com/assets/pinterest/fr-ecriture-italique.png,International Fancy Font Generators,,"Écriture Italique. Texte italique à copier-coller. Copy and paste stylish Unicode fonts and symbols for bios, captions, usernames and posts — free, fast and right in your browser with UltraTextGen.",https://ultratextgen.com/fr/ecriture-italique/?utm_source=pinterest&utm_medium=social&utm_campaign=organic_pins&utm_content=fr-ecriture-italique,,"localized, écriture italique, fancy text generator, copy paste fonts, unicode fonts, copy and paste, ultratextgen"
Écriture Spéciale — Copy and Paste Fonts,https://ultratextgen.com/assets/pinterest/fr-ecriture-speciale.png,International Fancy Font Generators,,"Écriture Spéciale. Lettres spéciales à copier-coller. Copy and paste stylish Unicode fonts and symbols for bios, captions, usernames and posts — free, fast and right in your browser with UltraTextGen.",https://ultratextgen.com/fr/ecriture-speciale/?utm_source=pinterest&utm_medium=social&utm_campaign=organic_pins&utm_content=fr-ecriture-speciale,,"localized, écriture spéciale, fancy text generator, copy paste fonts, unicode fonts, copy and paste, ultratextgen"
Écriture Stylé — Copy and Paste Fonts — UltraTextGen,https://ultratextgen.com/assets/pinterest/fr-ecriture-style.png,International Fancy Font Generators,,"Écriture Stylé. 60+ styles d'écriture à copier-coller. Copy and paste stylish Unicode fonts and symbols for bios, captions, usernames and posts — free, fast and right in your browser with UltraTextGen.",https://ultratextgen.com/fr/ecriture-style/?utm_source=pinterest&utm_medium=social&utm_campaign=organic_pins&utm_content=fr-ecriture-style,,"localized, écriture stylé, fancy text generator, copy paste fonts, unicode fonts, copy and paste, ultratextgen"
Générateur de Texte Stylé — Copy and Paste Fonts,https://ultratextgen.com/assets/pinterest/fr-generateur-de-texte.png,International Fancy Font Generators,,"Générateur de Texte Stylé. Gratuit, sans inscription. Copy and paste stylish Unicode fonts and symbols for bios, captions, usernames and posts — free, fast and right in your browser with UltraTextGen.",https://ultratextgen.com/fr/generateur-de-texte/?utm_source=pinterest&utm_medium=social&utm_campaign=organic_pins&utm_content=fr-generateur-de-texte,,"localized, générateur de texte stylé, fancy text generator, copy paste fonts, unicode fonts, copy and paste, ultratextgen"
"Le formatage de texte sur Discord expliqué : Markdown, Unicode et Nitro — Copy and",https://ultratextgen.com/assets/pinterest/fr-guide-formatage-texte-discord-explique.png,International Fancy Font Generators,,"Le formatage de texte sur Discord expliqué : Markdown, Unicode et Nitro. Pourquoi le gras marche dans le chat Discord mais pas dans ton pseudo — les trois systèmes de texte de Discord (Markdown, polices…. Copy and paste stylish Unicode fonts and symbols for bios, captions, usernames and posts —…",https://ultratextgen.com/fr/guide/formatage-texte-discord-explique/?utm_source=pinterest&utm_medium=social&utm_campaign=organic_pins&utm_content=fr-guide-formatage-texte-discord-explique,,"localized, le formatage de texte sur discord expliqué : markdown, unicode et nitro, fancy text generator, copy paste fonts, unicode fonts, copy and paste, ultratextgen"
Guides UltraTextGen — maîtriser la typographie stylée — Copy and Paste Fonts,https://ultratextgen.com/assets/pinterest/fr-guide.png,International Fancy Font Generators,,"Guides UltraTextGen — maîtriser la typographie stylée. Les guides UltraTextGen en français : comprendre et maîtriser les polices Unicode, styliser son pseudo et son serveur Discord, et tirer…. Copy and paste stylish Unicode fonts and symbols for bios, captions, usernames and posts — free, fast…",https://ultratextgen.com/fr/guide/?utm_source=pinterest&utm_medium=social&utm_campaign=organic_pins&utm_content=fr-guide,,"localized, guides ultratextgen — maîtriser la typographie stylée, fancy text generator, copy paste fonts, unicode fonts, copy and paste, ultratextgen"
Où fonctionnent les polices dans Discord : la carte champ par champ — Copy and Paste Fonts,https://ultratextgen.com/assets/pinterest/fr-guide-ou-fonctionnent-les-polices-discord.png,International Fancy Font Generators,,"Où fonctionnent les polices dans Discord : la carte champ par champ. Pourquoi Discord refuse ton nom d'utilisateur, pourquoi ton salon perd ses majuscules, et quels champs acceptent vraiment les polices…. Copy and paste stylish Unicode fonts and symbols for bios, captions, usernames and posts —…",https://ultratextgen.com/fr/guide/ou-fonctionnent-les-polices-discord/?utm_source=pinterest&utm_medium=social&utm_campaign=organic_pins&utm_content=fr-guide-ou-fonctionnent-les-polices-discord,,"localized, où fonctionnent les polices dans discord : la carte champ par champ, fancy text generator, copy paste fonts, unicode fonts, copy and paste, ultratextgen"
Styliser un pseudo Discord sans se faire filtrer (ni casser l'accessibilité) — Copy and,https://ultratextgen.com/assets/pinterest/fr-guide-pseudo-discord-sans-risque.png,International Fancy Font Generators,,"Styliser un pseudo Discord sans se faire filtrer (ni casser l'accessibilité). Un pseudo Discord stylé peut quand même échouer à trois tests discrets : la liste des membres, la @mention et le filtre anti-usurpation…. Copy and paste stylish Unicode fonts and symbols for bios, captions, usernames…",https://ultratextgen.com/fr/guide/pseudo-discord-sans-risque/?utm_source=pinterest&utm_medium=social&utm_campaign=organic_pins&utm_content=fr-guide-pseudo-discord-sans-risque,,"localized, styliser un pseudo discord sans se faire filtrer (ni casser l'accessibilité), fancy text generator, copy paste fonts, unicode fonts, copy and paste, ultratextgen"
Alphabet cursif A–Z — Fiches d'écriture attachée à imprimer — Copy and Paste Fonts,https://ultratextgen.com/assets/pinterest/fr-imprimables-alphabet-cursif.png,International Fancy Font Generators,,"Alphabet cursif A–Z — Fiches d'écriture attachée à imprimer. L'alphabet cursif A–Z avec des fiches d'écriture à imprimer gratuites — lettres modèles et espace pour tracer — le téléchargement PNG de…. Copy and paste stylish Unicode fonts and symbols for bios, captions, usernames and posts — free,…",https://ultratextgen.com/fr/imprimables/alphabet-cursif/?utm_source=pinterest&utm_medium=social&utm_campaign=organic_pins&utm_content=fr-imprimables-alphabet-cursif,,"localized, alphabet cursif a–z — fiches d'écriture attachée à imprimer, fancy text generator, copy paste fonts, unicode fonts, copy and paste, ultratextgen"
Alphabet Espagnol à Imprimer — Copy and Paste Fonts,https://ultratextgen.com/assets/pinterest/fr-imprimables-alphabet-espagnol.png,International Fancy Font Generators,,"Alphabet Espagnol à Imprimer. Les 27 lettres, A-Z plus Ñ, une seule fiche. Copy and paste stylish Unicode fonts and symbols for bios, captions, usernames and posts — free, fast and right in your browser with UltraTextGen.",https://ultratextgen.com/fr/imprimables/alphabet-espagnol/?utm_source=pinterest&utm_medium=social&utm_campaign=organic_pins&utm_content=fr-imprimables-alphabet-espagnol,,"localized, alphabet espagnol à imprimer, fancy text generator, copy paste fonts, unicode fonts, copy and paste, ultratextgen"
Coloriages alphabet A–Z — Lettres à colorier à imprimer gratuites — Copy and Paste Fonts,https://ultratextgen.com/assets/pinterest/fr-imprimables-coloriage-alphabet.png,International Fancy Font Generators,,"Coloriages alphabet A–Z — Lettres à colorier à imprimer gratuites. Coloriages alphabet A–Z à imprimer gratuits. De grands contours de lettres à colorier et à imprimer, une page pour chaque lettre A à Z…. Copy and paste stylish Unicode fonts and symbols for bios, captions, usernames and posts —…",https://ultratextgen.com/fr/imprimables/coloriage-alphabet/?utm_source=pinterest&utm_medium=social&utm_campaign=organic_pins&utm_content=fr-imprimables-coloriage-alphabet,,"localized, coloriages alphabet a–z — lettres à colorier à imprimer gratuites, fancy text generator, copy paste fonts, unicode fonts, copy and paste, ultratextgen"
"Lettres à imprimer, alphabets & fiches à tracer — PDF/PNG gratuits — Copy and Paste Fonts",https://ultratextgen.com/assets/pinterest/fr-imprimables.png,International Fancy Font Generators,,"Lettres à imprimer, alphabets & fiches à tracer — PDF/PNG gratuits. Lettres et alphabets à imprimer gratuits : lettres bulles, fiches d'écriture cursive, coloriages alphabet et fiches de prénom à tracer…. Copy and paste stylish Unicode fonts and symbols for bios, captions, usernames and posts —…",https://ultratextgen.com/fr/imprimables/?utm_source=pinterest&utm_medium=social&utm_campaign=organic_pins&utm_content=fr-imprimables,,"localized, lettres à imprimer, alphabets & fiches à tracer — pdf/png gratuits, fancy text generator, copy paste fonts, unicode fonts, copy and paste, ultratextgen"
"Lettres bulles à imprimer A–Z & 0–9 — Tracer, colorier, PNG — Copy and Paste Fonts",https://ultratextgen.com/assets/pinterest/fr-imprimables-lettres-bulles.png,International Fancy Font Generators,,"Lettres bulles à imprimer A–Z & 0–9 — Tracer, colorier, PNG. Lettres bulles à imprimer gratuites A–Z et chiffres 0–9. De grands contours gonflés à tracer et à colorier, l'impression de tout…. Copy and paste stylish Unicode fonts and symbols for bios, captions, usernames and posts — free, fast…",https://ultratextgen.com/fr/imprimables/lettres-bulles/?utm_source=pinterest&utm_medium=social&utm_campaign=organic_pins&utm_content=fr-imprimables-lettres-bulles,,"localized, lettres bulles à imprimer a–z & 0–9 — tracer, colorier, png, fancy text generator, copy paste fonts, unicode fonts, copy and paste, ultratextgen"
Fiches de prénom à tracer — Écriture à imprimer gratuite — Copy and Paste Fonts,https://ultratextgen.com/assets/pinterest/fr-imprimables-prenom-a-tracer.png,International Fancy Font Generators,,"Fiches de prénom à tracer — Écriture à imprimer gratuite. Tapez un prénom pour créer une fiche d'écriture à imprimer gratuite : une ligne modèle pleine, des lignes estompées à repasser et des…. Copy and paste stylish Unicode fonts and symbols for bios, captions, usernames and posts — free, fast…",https://ultratextgen.com/fr/imprimables/prenom-a-tracer/?utm_source=pinterest&utm_medium=social&utm_campaign=organic_pins&utm_content=fr-imprimables-prenom-a-tracer,,"localized, fiches de prénom à tracer — écriture à imprimer gratuite, fancy text generator, copy paste fonts, unicode fonts, copy and paste, ultratextgen"
Générateur de Polices — Copy and Paste Fonts,https://ultratextgen.com/assets/pinterest/fr.png,International Fancy Font Generators,,"Générateur de Polices. Polices et symboles à copier-coller. Copy and paste stylish Unicode fonts and symbols for bios, captions, usernames and posts — free, fast and right in your browser with UltraTextGen.",https://ultratextgen.com/fr/?utm_source=pinterest&utm_medium=social&utm_campaign=organic_pins&utm_content=fr,,"localized, générateur de polices, fancy text generator, copy paste fonts, unicode fonts, copy and paste, ultratextgen"
Alphabet Grec à Copier-Coller (α β Δ Σ Ω π) — Copy and Paste Fonts,https://ultratextgen.com/assets/pinterest/fr-library-alphabet-grec.png,International Fancy Font Generators,,"Alphabet Grec à Copier-Coller (α β Δ Σ Ω π). Alphabet grec complet à copier-coller : majuscules, minuscules et variantes mathématiques — alpha, bêta, delta, sigma, oméga, pi et plus. Copy and paste stylish Unicode fonts and symbols for bios, captions, usernames and posts — free, fast and right…",https://ultratextgen.com/fr/library/alphabet-grec/?utm_source=pinterest&utm_medium=social&utm_campaign=organic_pins&utm_content=fr-library-alphabet-grec,,"localized, alphabet grec à copier-coller (α β δ σ ω π), fancy text generator, copy paste fonts, unicode fonts, copy and paste, ultratextgen"
Kaomoji chats (=^・ω・^=) : Copier-coller de visages textuels de chats mignons — Copy and,https://ultratextgen.com/assets/pinterest/fr-library-cat-kaomoji.png,International Fancy Font Generators,,"Kaomoji chats (=^・ω・^=) : Copier-coller de visages textuels de chats mignons. Parcourez et copiez des kaomoji chats (=^・ω・^=) — des visages textuels de chats japonais mignons à moustaches et pattes. Chats joyeux…. Copy and paste stylish Unicode fonts and symbols for bios, captions, usernames and…",https://ultratextgen.com/fr/library/cat-kaomoji/?utm_source=pinterest&utm_medium=social&utm_campaign=organic_pins&utm_content=fr-library-cat-kaomoji,,"localized, kaomoji chats (=^・ω・^=) : copier-coller de visages textuels de chats mignons, fancy text generator, copy paste fonts, unicode fonts, copy and paste, ultratextgen"
"Codes Alt Windows — Raccourcis Clavier pour Caractères Spéciaux (©, °, É, « ») — Copy",https://ultratextgen.com/assets/pinterest/fr-library-codes-alt.png,International Fancy Font Generators,,"Codes Alt Windows — Raccourcis Clavier pour Caractères Spéciaux (©, °, É, « »). Liste des codes Alt Windows pour taper les majuscules accentuées (É, È, À), les guillemets français « », le degré °, © et plus —…. Copy and paste stylish Unicode fonts and symbols for bios, captions, usernames and…",https://ultratextgen.com/fr/library/codes-alt/?utm_source=pinterest&utm_medium=social&utm_campaign=organic_pins&utm_content=fr-library-codes-alt,,"localized, codes alt windows — raccourcis clavier pour caractères spéciaux (©, °, é, « »), fancy text generator, copy paste fonts, unicode fonts, copy and paste, ultratextgen"
Kaomoji mignons (◕‿◕) : Copier-coller de visages textuels kawaii — Copy and Paste Fonts,https://ultratextgen.com/assets/pinterest/fr-library-cute-kaomoji.png,International Fancy Font Generators,,"Kaomoji mignons (◕‿◕) : Copier-coller de visages textuels kawaii. Parcourez et copiez des kaomoji mignons (◕‿◕) — des visages textuels japonais kawaii aux yeux pétillants, joues rouges et petits…. Copy and paste stylish Unicode fonts and symbols for bios, captions, usernames and posts — free,…",https://ultratextgen.com/fr/library/cute-kaomoji/?utm_source=pinterest&utm_medium=social&utm_campaign=organic_pins&utm_content=fr-library-cute-kaomoji,,"localized, kaomoji mignons (◕‿◕) : copier-coller de visages textuels kawaii, fancy text generator, copy paste fonts, unicode fonts, copy and paste, ultratextgen"
"Symboles à Copier-Coller — Bibliothèque de Caractères Spéciaux, Cœur ♡ & Étoiles ★",https://ultratextgen.com/assets/pinterest/fr-library.png,International Fancy Font Generators,,"Symboles à Copier-Coller — Bibliothèque de Caractères Spéciaux, Cœur ♡ & Étoiles ★. Bibliothèque de symboles à copier-coller — symboles aesthetic, cœurs ♡, étoiles ★, flèches, puces, kaomoji et alphabet grec. Cherche…. Copy and paste stylish Unicode fonts and symbols for bios, captions,…",https://ultratextgen.com/fr/library/?utm_source=pinterest&utm_medium=social&utm_campaign=organic_pins&utm_content=fr-library,,"localized, symboles à copier-coller — bibliothèque de caractères spéciaux, cœur ♡ & étoiles ★, fancy text generator, copy paste fonts, unicode fonts, copy and paste, ultratextgen"
"Kaomoji (◕‿◕) : Copier-coller de visages textuels japonais (mignon, chat, amour) — Copy",https://ultratextgen.com/assets/pinterest/fr-library-kaomoji.png,International Fancy Font Generators,,"Kaomoji (◕‿◕) : Copier-coller de visages textuels japonais (mignon, chat, amour). Copiez-collez des kaomoji (◕‿◕) — des visages textuels japonais faits de caractères Unicode. Parcourez par humeur : mignon, joyeux…. Copy and paste stylish Unicode fonts and symbols for bios, captions, usernames…",https://ultratextgen.com/fr/library/kaomoji/?utm_source=pinterest&utm_medium=social&utm_campaign=organic_pins&utm_content=fr-library-kaomoji,,"localized, kaomoji (◕‿◕) : copier-coller de visages textuels japonais (mignon, chat, amour), fancy text generator, copy paste fonts, unicode fonts, copy and paste, ultratextgen"
Kaomoji d'amour & cœur (♥‿♥) : Copier-coller de visages textuels d'amour — Copy and,https://ultratextgen.com/assets/pinterest/fr-library-love-kaomoji.png,International Fancy Font Generators,,"Kaomoji d'amour & cœur (♥‿♥) : Copier-coller de visages textuels d'amour. Parcourez et copiez des kaomoji d'amour et de cœur (♥‿♥) — des visages textuels japonais pour l'affection, les bisous, les câlins et les…. Copy and paste stylish Unicode fonts and symbols for bios, captions, usernames and…",https://ultratextgen.com/fr/library/love-kaomoji/?utm_source=pinterest&utm_medium=social&utm_campaign=organic_pins&utm_content=fr-library-love-kaomoji,,"localized, kaomoji d'amour & cœur (♥‿♥) : copier-coller de visages textuels d'amour, fancy text generator, copy paste fonts, unicode fonts, copy and paste, ultratextgen"
Symboles Cœur à Copier-Coller (♥ ♡ ❤️ 💕) — Copy and Paste Fonts,https://ultratextgen.com/assets/pinterest/fr-library-symboles-coeur.png,International Fancy Font Generators,,"Symboles Cœur à Copier-Coller (♥ ♡ ❤️ 💕). Symboles cœur à copier-coller : cœurs colorés, décorés, brisés et cœurs Unicode classiques ♥ ♡. Toutes les couleurs, prêtes à coller. Copy and paste stylish Unicode fonts and symbols for bios, captions, usernames and posts — free, fast and right in your…",https://ultratextgen.com/fr/library/symboles-coeur/?utm_source=pinterest&utm_medium=social&utm_campaign=organic_pins&utm_content=fr-library-symboles-coeur,,"localized, symboles cœur à copier-coller (♥ ♡ ❤️ 💕), fancy text generator, copy paste fonts, unicode fonts, copy and paste, ultratextgen"
"Symboles Coquette 🎀 Nœuds, Rubans & Cœurs Aesthetic à Copier-Coller — Copy and Paste Fonts",https://ultratextgen.com/assets/pinterest/fr-library-symboles-coquette.png,International Fancy Font Generators,,"Symboles Coquette 🎀 Nœuds, Rubans & Cœurs Aesthetic à Copier-Coller. Symboles coquette aesthetic à copier-coller — nœuds 🎀, rubans, cœurs ♡ et fleurs ✿ pour ta bio et ton pseudo. Des caractères doux et…. Copy and paste stylish Unicode fonts and symbols for bios, captions, usernames and posts —…",https://ultratextgen.com/fr/library/symboles-coquette/?utm_source=pinterest&utm_medium=social&utm_campaign=organic_pins&utm_content=fr-library-symboles-coquette,,"localized, symboles coquette 🎀 nœuds, rubans & cœurs aesthetic à copier-coller, fancy text generator, copy paste fonts, unicode fonts, copy and paste, ultratextgen"
"Symboles Cottagecore ✿ Champignons, Fleurs & Nature à Copier-Coller — Copy and Paste Fonts",https://ultratextgen.com/assets/pinterest/fr-library-symboles-cottagecore.png,International Fancy Font Generators,,"Symboles Cottagecore ✿ Champignons, Fleurs & Nature à Copier-Coller. Symboles cottagecore aesthetic à copier-coller — champignons 🍄, fleurs, abeilles 🐝 et motifs champêtres pour ta bio, ton pseudo et tes…. Copy and paste stylish Unicode fonts and symbols for bios, captions, usernames and posts —…",https://ultratextgen.com/fr/library/symboles-cottagecore/?utm_source=pinterest&utm_medium=social&utm_campaign=organic_pins&utm_content=fr-library-symboles-cottagecore,,"localized, symboles cottagecore ✿ champignons, fleurs & nature à copier-coller, fancy text generator, copy paste fonts, unicode fonts, copy and paste, ultratextgen"
"Symboles Discord — Décorations de Salons, Pseudos & Bio à Copier-Coller — Copy and",https://ultratextgen.com/assets/pinterest/fr-library-symboles-discord.png,International Fancy Font Generators,,"Symboles Discord — Décorations de Salons, Pseudos & Bio à Copier-Coller. Symboles Discord à copier-coller pour noms de salons, catégories, pseudos, rôles et bio — décorations aesthetic, séparateurs, flèches ▸…. Copy and paste stylish Unicode fonts and symbols for bios, captions, usernames and…",https://ultratextgen.com/fr/library/symboles-discord/?utm_source=pinterest&utm_medium=social&utm_campaign=organic_pins&utm_content=fr-library-symboles-discord,,"localized, symboles discord — décorations de salons, pseudos & bio à copier-coller, fancy text generator, copy paste fonts, unicode fonts, copy and paste, ultratextgen"
Symboles Dreamcore & Weirdcore à Copier-Coller 👁 🌈 ⋆ Esthétique Surréaliste — Copy and,https://ultratextgen.com/assets/pinterest/fr-library-symboles-dreamcore-weirdcore.png,International Fancy Font Generators,,"Symboles Dreamcore & Weirdcore à Copier-Coller 👁 🌈 ⋆ Esthétique Surréaliste. Symboles dreamcore et weirdcore — yeux surréalistes 👁, arcs-en-ciel 🌈, blocs glitch, portes et combos sleepcore pour tes posts liminaux…. Copy and paste stylish Unicode fonts and symbols for bios, captions, usernames…",https://ultratextgen.com/fr/library/symboles-dreamcore-weirdcore/?utm_source=pinterest&utm_medium=social&utm_campaign=organic_pins&utm_content=fr-library-symboles-dreamcore-weirdcore,,"localized, symboles dreamcore & weirdcore à copier-coller 👁 🌈 ⋆ esthétique surréaliste, fancy text generator, copy paste fonts, unicode fonts, copy and paste, ultratextgen"
Symboles Étoile à Copier-Coller (★ ☆ ✦ ⭐) — Copy and Paste Fonts,https://ultratextgen.com/assets/pinterest/fr-library-symboles-etoiles.png,International Fancy Font Generators,,"Symboles Étoile à Copier-Coller (★ ☆ ✦ ⭐). Symboles étoile à copier-coller : étoiles pleines, multi-branches, astérisques, scintillements et notations 5 étoiles. Un clic pour copier. Copy and paste stylish Unicode fonts and symbols for bios, captions, usernames and posts — free, fast and right…",https://ultratextgen.com/fr/library/symboles-etoiles/?utm_source=pinterest&utm_medium=social&utm_campaign=organic_pins&utm_content=fr-library-symboles-etoiles,,"localized, symboles étoile à copier-coller (★ ☆ ✦ ⭐), fancy text generator, copy paste fonts, unicode fonts, copy and paste, ultratextgen"
"Symboles Facebook — Réactions, Cœurs & Emoji à Copier-Coller — Copy and Paste Fonts",https://ultratextgen.com/assets/pinterest/fr-library-symboles-facebook.png,International Fancy Font Generators,,"Symboles Facebook — Réactions, Cœurs & Emoji à Copier-Coller. Copiez et collez des symboles Facebook — emoji de réaction, cœurs, étoiles et séparateurs pour posts, commentaires, bio et noms de Page…. Copy and paste stylish Unicode fonts and symbols for bios, captions, usernames and posts — free,…",https://ultratextgen.com/fr/library/symboles-facebook/?utm_source=pinterest&utm_medium=social&utm_campaign=organic_pins&utm_content=fr-library-symboles-facebook,,"localized, symboles facebook — réactions, cœurs & emoji à copier-coller, fancy text generator, copy paste fonts, unicode fonts, copy and paste, ultratextgen"
Symboles Fairycore 🧚 🍄 ✨ à Copier-Coller | Aesthetic Féerique — Copy and Paste Fonts,https://ultratextgen.com/assets/pinterest/fr-library-symboles-fairycore.png,International Fancy Font Generators,,"Symboles Fairycore 🧚 🍄 ✨ à Copier-Coller | Aesthetic Féerique. Symboles et combos emoji fairycore — fées 🧚, champignons 🍄, sparkles ✨ et fleurs délicates pour des bios féeriques. Touche un symbole…. Copy and paste stylish Unicode fonts and symbols for bios, captions, usernames and posts — free,…",https://ultratextgen.com/fr/library/symboles-fairycore/?utm_source=pinterest&utm_medium=social&utm_campaign=organic_pins&utm_content=fr-library-symboles-fairycore,,"localized, symboles fairycore 🧚 🍄 ✨ à copier-coller | aesthetic féerique, fancy text generator, copy paste fonts, unicode fonts, copy and paste, ultratextgen"
Symboles Flèche à Copier-Coller (→ ← ↑ ↓) — Copy and Paste Fonts,https://ultratextgen.com/assets/pinterest/fr-library-symboles-fleches.png,International Fancy Font Generators,,"Symboles Flèche à Copier-Coller (→ ← ↑ ↓). Symboles flèche à copier-coller : droites, courbes, doubles, triangulaires et emoji. Toutes les directions, prêtes à coller dans vos…. Copy and paste stylish Unicode fonts and symbols for bios, captions, usernames and posts — free, fast and right in…",https://ultratextgen.com/fr/library/symboles-fleches/?utm_source=pinterest&utm_medium=social&utm_campaign=organic_pins&utm_content=fr-library-symboles-fleches,,"localized, symboles flèche à copier-coller (→ ← ↑ ↓), fancy text generator, copy paste fonts, unicode fonts, copy and paste, ultratextgen"
Symboles Fleur & Nature à Copier-Coller (🌸 🌹 ✿ ❀) — Copy and Paste Fonts,https://ultratextgen.com/assets/pinterest/fr-library-symboles-fleurs.png,International Fancy Font Generators,,"Symboles Fleur & Nature à Copier-Coller (🌸 🌹 ✿ ❀). Symboles fleur et nature à copier-coller : fleurs, plantes, arbres et fleurons Unicode pour bios, légendes et messages. Copy and paste stylish Unicode fonts and symbols for bios, captions, usernames and posts — free, fast and right in your…",https://ultratextgen.com/fr/library/symboles-fleurs/?utm_source=pinterest&utm_medium=social&utm_campaign=organic_pins&utm_content=fr-library-symboles-fleurs,,"localized, symboles fleur & nature à copier-coller (🌸 🌹 ✿ ❀), fancy text generator, copy paste fonts, unicode fonts, copy and paste, ultratextgen"
Symboles Fortnite ツ 亗 乂 — à Copier-Coller pour Pseudo Sweaty (2026) — Copy and Paste Fonts,https://ultratextgen.com/assets/pinterest/fr-library-symboles-fortnite.png,International Fancy Font Generators,,"Symboles Fortnite ツ 亗 乂 — à Copier-Coller pour Pseudo Sweaty (2026). Symboles Fortnite sweaty ツ 亗 乂 à copier-coller — sourires, kanjis de puissance, étoiles de tag de clan et viseurs, plus des combos de…. Copy and paste stylish Unicode fonts and symbols for bios, captions, usernames and posts —…",https://ultratextgen.com/fr/library/symboles-fortnite/?utm_source=pinterest&utm_medium=social&utm_campaign=organic_pins&utm_content=fr-library-symboles-fortnite,,"localized, symboles fortnite ツ 亗 乂 — à copier-coller pour pseudo sweaty (2026), fancy text generator, copy paste fonts, unicode fonts, copy and paste, ultratextgen"
Symboles Goth & Grunge à Copier-Coller ♱ Décorations Dark Aesthetic — Copy and Paste Fonts,https://ultratextgen.com/assets/pinterest/fr-library-symboles-goth-grunge.png,International Fancy Font Generators,,"Symboles Goth & Grunge à Copier-Coller ♱ Décorations Dark Aesthetic. Symboles goth et grunge à copier-coller — croix ♱, crânes 💀, araignées 🕷 et dagues † pour ta bio, ton pseudo et tes profils. Un clic…. Copy and paste stylish Unicode fonts and symbols for bios, captions, usernames and posts —…",https://ultratextgen.com/fr/library/symboles-goth-grunge/?utm_source=pinterest&utm_medium=social&utm_campaign=organic_pins&utm_content=fr-library-symboles-goth-grunge,,"localized, symboles goth & grunge à copier-coller ♱ décorations dark aesthetic, fancy text generator, copy paste fonts, unicode fonts, copy and paste, ultratextgen"
Symboles Kawaii Cute ⋆ Symboles Mignons Aesthetic à Copier-Coller — Copy and Paste Fonts,https://ultratextgen.com/assets/pinterest/fr-library-symboles-kawaii-cute.png,International Fancy Font Generators,,"Symboles Kawaii Cute ⋆ Symboles Mignons Aesthetic à Copier-Coller. Symboles kawaii et mignons à copier-coller — cœurs doux, petites frimousses, sparkles et décorations pastel pour ta bio, ton pseudo et…. Copy and paste stylish Unicode fonts and symbols for bios, captions, usernames and posts —…",https://ultratextgen.com/fr/library/symboles-kawaii-cute/?utm_source=pinterest&utm_medium=social&utm_campaign=organic_pins&utm_content=fr-library-symboles-kawaii-cute,,"localized, symboles kawaii cute ⋆ symboles mignons aesthetic à copier-coller, fancy text generator, copy paste fonts, unicode fonts, copy and paste, ultratextgen"
Symboles Puce & Point à Copier-Coller (• ‣ ► ✓) — Copy and Paste Fonts,https://ultratextgen.com/assets/pinterest/fr-library-symboles-puces.png,International Fancy Font Generators,,"Symboles Puce & Point à Copier-Coller (• ‣ ► ✓). Symboles puce et point de liste à copier-coller : puces classiques, flèches, coche, étoiles et chiffres cerclés pour vos listes et…. Copy and paste stylish Unicode fonts and symbols for bios, captions, usernames and posts — free, fast and right in…",https://ultratextgen.com/fr/library/symboles-puces/?utm_source=pinterest&utm_medium=social&utm_campaign=organic_pins&utm_content=fr-library-symboles-puces,,"localized, symboles puce & point à copier-coller (• ‣ ► ✓), fancy text generator, copy paste fonts, unicode fonts, copy and paste, ultratextgen"
Symboles Roblox ✦ ⚡ ♡ — à Copier-Coller pour Noms d'Affichage (2026) — Copy and Paste,https://ultratextgen.com/assets/pinterest/fr-library-symboles-roblox.png,International Fancy Font Generators,,"Symboles Roblox ✦ ⚡ ♡ — à Copier-Coller pour Noms d'Affichage (2026). 40+ symboles Roblox ✦ ⚡ ♡ à copier-coller pour noms d'affichage, bios et groupes — testés avec le filtre de noms actuel de Roblox, plus…. Copy and paste stylish Unicode fonts and symbols for bios, captions, usernames and posts…",https://ultratextgen.com/fr/library/symboles-roblox/?utm_source=pinterest&utm_medium=social&utm_campaign=organic_pins&utm_content=fr-library-symboles-roblox,,"localized, symboles roblox ✦ ⚡ ♡ — à copier-coller pour noms d'affichage (2026), fancy text generator, copy paste fonts, unicode fonts, copy and paste, ultratextgen"
Symboles Therian : Theta-Delta θΔ & Marques Alterhumaines à Copier-Coller — Copy and,https://ultratextgen.com/assets/pinterest/fr-library-symboles-therian.png,International Fancy Font Generators,,"Symboles Therian : Theta-Delta θΔ & Marques Alterhumaines à Copier-Coller. Parcours les marques theta-delta (θΔ), empreintes de pattes, phases de lune et symboles animaux utilisés par la communauté therian et…. Copy and paste stylish Unicode fonts and symbols for bios, captions, usernames and…",https://ultratextgen.com/fr/library/symboles-therian/?utm_source=pinterest&utm_medium=social&utm_campaign=organic_pins&utm_content=fr-library-symboles-therian,,"localized, symboles therian : theta-delta θδ & marques alterhumaines à copier-coller, fancy text generator, copy paste fonts, unicode fonts, copy and paste, ultratextgen"
"Symboles Witchy & Occult ⛧ Pentagrammes, Lune & Alchimie à Copier-Coller — Copy and",https://ultratextgen.com/assets/pinterest/fr-library-symboles-witchy-occult.png,International Fancy Font Generators,,"Symboles Witchy & Occult ⛧ Pentagrammes, Lune & Alchimie à Copier-Coller. Parcours et copie des symboles witchy et occultes — pentagrammes, phases de lune, signes planétaires, symboles alchimiques et autres…. Copy and paste stylish Unicode fonts and symbols for bios, captions, usernames and…",https://ultratextgen.com/fr/library/symboles-witchy-occult/?utm_source=pinterest&utm_medium=social&utm_campaign=organic_pins&utm_content=fr-library-symboles-witchy-occult,,"localized, symboles witchy & occult ⛧ pentagrammes, lune & alchimie à copier-coller, fancy text generator, copy paste fonts, unicode fonts, copy and paste, ultratextgen"
Symboles Y2K ✦ 80+ Symboles Aesthetic Cyber à Copier-Coller — Copy and Paste Fonts,https://ultratextgen.com/assets/pinterest/fr-library-symboles-y2k.png,International Fancy Font Generators,,"Symboles Y2K ✦ 80+ Symboles Aesthetic Cyber à Copier-Coller. Symboles Y2K aesthetic à copier-coller — étoiles ✦, papillons 🦋, croix ♱, sparkles et CD 💿 pour ta bio, ton pseudo et tes légendes. Un…. Copy and paste stylish Unicode fonts and symbols for bios, captions, usernames and posts — free,…",https://ultratextgen.com/fr/library/symboles-y2k/?utm_source=pinterest&utm_medium=social&utm_campaign=organic_pins&utm_content=fr-library-symboles-y2k,,"localized, symboles y2k ✦ 80+ symboles aesthetic cyber à copier-coller, fancy text generator, copy paste fonts, unicode fonts, copy and paste, ultratextgen"
Symboles Spéciaux — Copy and Paste Fonts,https://ultratextgen.com/assets/pinterest/fr-library-symboles.png,International Fancy Font Generators,,"Symboles Spéciaux. Cœurs, étoiles et déco pour bio. Copy and paste stylish Unicode fonts and symbols for bios, captions, usernames and posts — free, fast and right in your browser with UltraTextGen.",https://ultratextgen.com/fr/library/symboles/?utm_source=pinterest&utm_medium=social&utm_campaign=organic_pins&utm_content=fr-library-symboles,,"localized, symboles spéciaux, fancy text generator, copy paste fonts, unicode fonts, copy and paste, ultratextgen"
Majuscules et Minuscules — Convertisseur de Casse en Ligne — Copy and Paste Fonts,https://ultratextgen.com/assets/pinterest/fr-majuscules-et-minuscules.png,International Fancy Font Generators,,"Majuscules et Minuscules — Convertisseur de Casse en Ligne. Convertisseur de majuscules et minuscules gratuit. Transforme ton texte en MAJUSCULES, minuscules, Title Case, Sentence case…. Copy and paste stylish Unicode fonts and symbols for bios, captions, usernames and posts — free, fast and…",https://ultratextgen.com/fr/majuscules-et-minuscules/?utm_source=pinterest&utm_medium=social&utm_campaign=organic_pins&utm_content=fr-majuscules-et-minuscules,,"localized, majuscules et minuscules — convertisseur de casse en ligne, fancy text generator, copy paste fonts, unicode fonts, copy and paste, ultratextgen"
Petite Écriture — Copy and Paste Fonts — UltraTextGen,https://ultratextgen.com/assets/pinterest/fr-petite-ecriture.png,International Fancy Font Generators,,"Petite Écriture. Petit texte à copier-coller. Copy and paste stylish Unicode fonts and symbols for bios, captions, usernames and posts — free, fast and right in your browser with UltraTextGen.",https://ultratextgen.com/fr/petite-ecriture/?utm_source=pinterest&utm_medium=social&utm_campaign=organic_pins&utm_content=fr-petite-ecriture,,"localized, petite écriture, fancy text generator, copy paste fonts, unicode fonts, copy and paste, ultratextgen"
Police d'Écriture — Copy and Paste Fonts,https://ultratextgen.com/assets/pinterest/fr-police-d-ecriture.png,International Fancy Font Generators,,"Police d'Écriture. Polices à copier-coller. Copy and paste stylish Unicode fonts and symbols for bios, captions, usernames and posts — free, fast and right in your browser with UltraTextGen.",https://ultratextgen.com/fr/police-d-ecriture/?utm_source=pinterest&utm_medium=social&utm_campaign=organic_pins&utm_content=fr-police-d-ecriture,,"localized, police d'écriture, fancy text generator, copy paste fonts, unicode fonts, copy and paste, ultratextgen"
Police Discord — Copy and Paste Fonts — UltraTextGen,https://ultratextgen.com/assets/pinterest/fr-police-discord.png,International Fancy Font Generators,,"Police Discord. Écriture pour pseudo et bio — sans Nitro. Copy and paste stylish Unicode fonts and symbols for bios, captions, usernames and posts — free, fast and right in your browser with UltraTextGen.",https://ultratextgen.com/fr/police-discord/?utm_source=pinterest&utm_medium=social&utm_campaign=organic_pins&utm_content=fr-police-discord,,"localized, police discord, fancy text generator, copy paste fonts, unicode fonts, copy and paste, ultratextgen"
Police Instagram — Copy and Paste Fonts — UltraTextGen,https://ultratextgen.com/assets/pinterest/fr-police-instagram.png,International Fancy Font Generators,,"Police Instagram. Écriture insta pour ta bio. Copy and paste stylish Unicode fonts and symbols for bios, captions, usernames and posts — free, fast and right in your browser with UltraTextGen.",https://ultratextgen.com/fr/police-instagram/?utm_source=pinterest&utm_medium=social&utm_campaign=organic_pins&utm_content=fr-police-instagram,,"localized, police instagram, fancy text generator, copy paste fonts, unicode fonts, copy and paste, ultratextgen"
Police LinkedIn — Copy and Paste Fonts — UltraTextGen,https://ultratextgen.com/assets/pinterest/fr-police-linkedin.png,International Fancy Font Generators,,"Police LinkedIn. Écrire en gras et stylé sur LinkedIn. Copy and paste stylish Unicode fonts and symbols for bios, captions, usernames and posts — free, fast and right in your browser with UltraTextGen.",https://ultratextgen.com/fr/police-linkedin/?utm_source=pinterest&utm_medium=social&utm_campaign=organic_pins&utm_content=fr-police-linkedin,,"localized, police linkedin, fancy text generator, copy paste fonts, unicode fonts, copy and paste, ultratextgen"
Police Snapchat — Copy and Paste Fonts — UltraTextGen,https://ultratextgen.com/assets/pinterest/fr-police-snapchat.png,International Fancy Font Generators,,"Police Snapchat. Snaps et pseudo stylés à copier-coller. Copy and paste stylish Unicode fonts and symbols for bios, captions, usernames and posts — free, fast and right in your browser with UltraTextGen.",https://ultratextgen.com/fr/police-snapchat/?utm_source=pinterest&utm_medium=social&utm_campaign=organic_pins&utm_content=fr-police-snapchat,,"localized, police snapchat, fancy text generator, copy paste fonts, unicode fonts, copy and paste, ultratextgen"
"Police TikTok — Écriture TikTok à Copier-Coller (Bio, Pseudo & Légendes) — Copy and",https://ultratextgen.com/assets/pinterest/fr-police-tiktok.png,International Fancy Font Generators,,"Police TikTok — Écriture TikTok à Copier-Coller (Bio, Pseudo & Légendes). Police TikTok à copier-coller : transforme ton texte en écriture stylée — 𝗴𝗿𝗮𝘀, 𝘪𝘵𝘢𝘭𝘪𝘲𝘶𝘦 ou 𝓬𝓾𝓻𝓼𝓲𝓿𝓮 — pour la bio, le pseudo, les…. Copy and paste stylish Unicode fonts and symbols for bios, captions, usernames and posts —…",https://ultratextgen.com/fr/police-tiktok/?utm_source=pinterest&utm_medium=social&utm_campaign=organic_pins&utm_content=fr-police-tiktok,,"localized, police tiktok — écriture tiktok à copier-coller (bio, pseudo & légendes), fancy text generator, copy paste fonts, unicode fonts, copy and paste, ultratextgen"
Pseudo Stylé — Copy and Paste Fonts — UltraTextGen,https://ultratextgen.com/assets/pinterest/fr-pseudo-style.png,International Fancy Font Generators,,"Pseudo Stylé. ꧁꧂ pseudos à copier-coller. Copy and paste stylish Unicode fonts and symbols for bios, captions, usernames and posts — free, fast and right in your browser with UltraTextGen.",https://ultratextgen.com/fr/pseudo-style/?utm_source=pinterest&utm_medium=social&utm_campaign=organic_pins&utm_content=fr-pseudo-style,,"localized, pseudo stylé, fancy text generator, copy paste fonts, unicode fonts, copy and paste, ultratextgen"
"Barre verticale (|) : signification, histoire et comment la taper — Copy and Paste Fonts",https://ultratextgen.com/assets/pinterest/fr-symbol-barre-verticale.png,International Fancy Font Generators,,"Barre verticale (|) : signification, histoire et comment la taper. La barre verticale | (U+007C) en détail — son histoire de « pipe » sous Unix, ses usages en notation mathématique, et comment la taper…. Copy and paste stylish Unicode fonts and symbols for bios, captions, usernames and posts —…",https://ultratextgen.com/fr/symbol/barre-verticale/?utm_source=pinterest&utm_medium=social&utm_campaign=organic_pins&utm_content=fr-symbol-barre-verticale,,"localized, barre verticale (|) : signification, histoire et comment la taper, fancy text generator, copy paste fonts, unicode fonts, copy and paste, ultratextgen"
"Caractère Invisible (⠀) : Noms Vides, Signification et Comment l'Utiliser — Copy and",https://ultratextgen.com/assets/pinterest/fr-symbol-caractere-invisible.png,International Fancy Font Generators,,"Caractère Invisible (⠀) : Noms Vides, Signification et Comment l'Utiliser. Le caractère invisible ⠀ (U+2800) en détail — pourquoi il passe la validation des noms vides là où d'autres caractères invisibles sont…. Copy and paste stylish Unicode fonts and symbols for bios, captions, usernames and…",https://ultratextgen.com/fr/symbol/caractere-invisible/?utm_source=pinterest&utm_medium=social&utm_campaign=organic_pins&utm_content=fr-symbol-caractere-invisible,,"localized, caractère invisible (⠀) : noms vides, signification et comment l'utiliser, fancy text generator, copy paste fonts, unicode fonts, copy and paste, ultratextgen"
Croix orthodoxe (☦) : ce que signifient ses trois barres — Copy and Paste Fonts,https://ultratextgen.com/assets/pinterest/fr-symbol-croix-orthodoxe.png,International Fancy Font Generators,,"Croix orthodoxe (☦) : ce que signifient ses trois barres. La croix orthodoxe ☦ (U+2626) à copier-coller — ce que représentent ses trois barres : le titulus, la traverse et le repose-pieds…. Copy and paste stylish Unicode fonts and symbols for bios, captions, usernames and posts — free, fast and…",https://ultratextgen.com/fr/symbol/croix-orthodoxe/?utm_source=pinterest&utm_medium=social&utm_campaign=organic_pins&utm_content=fr-symbol-croix-orthodoxe,,"localized, croix orthodoxe (☦) : ce que signifient ses trois barres, fancy text generator, copy paste fonts, unicode fonts, copy and paste, ultratextgen"
"Étoile de David (✡) : histoire, signification et comment la taper — Copy and Paste Fonts",https://ultratextgen.com/assets/pinterest/fr-symbol-etoile-de-david.png,International Fancy Font Generators,,"Étoile de David (✡) : histoire, signification et comment la taper. L'étoile de David ✡ (U+2721) à copier-coller — son histoire en strates, d'un motif géométrique ancien partagé entre les cultures jusqu'à…. Copy and paste stylish Unicode fonts and symbols for bios, captions, usernames and posts —…",https://ultratextgen.com/fr/symbol/etoile-de-david/?utm_source=pinterest&utm_medium=social&utm_campaign=organic_pins&utm_content=fr-symbol-etoile-de-david,,"localized, étoile de david (✡) : histoire, signification et comment la taper, fancy text generator, copy paste fonts, unicode fonts, copy and paste, ultratextgen"
Symboles Unicode : chercher un caractère précis — Copy and Paste Fonts,https://ultratextgen.com/assets/pinterest/fr-symbol.png,International Fancy Font Generators,,"Symboles Unicode : chercher un caractère précis. Chaque page traite un seul symbole Unicode en profondeur — sens, histoire, comment le taper et où il passe. Parcours les pages de…. Copy and paste stylish Unicode fonts and symbols for bios, captions, usernames and posts — free, fast and right in…",https://ultratextgen.com/fr/symbol/?utm_source=pinterest&utm_medium=social&utm_campaign=organic_pins&utm_content=fr-symbol,,"localized, symboles unicode : chercher un caractère précis, fancy text generator, copy paste fonts, unicode fonts, copy and paste, ultratextgen"
"Point d'interrogation à l'envers (⸮) : le point renversé, à ne pas confondre avec ¿",https://ultratextgen.com/assets/pinterest/fr-symbol-point-interrogation-inverse.png,International Fancy Font Generators,,"Point d'interrogation à l'envers (⸮) : le point renversé, à ne pas confondre avec ¿. Copier-coller le point d'interrogation renversé (⸮ U+2E2E), une marque du XVIe siècle pour les questions rhétoriques — et voir en quoi…. Copy and paste stylish Unicode fonts and symbols for bios, captions,…",https://ultratextgen.com/fr/symbol/point-interrogation-inverse/?utm_source=pinterest&utm_medium=social&utm_campaign=organic_pins&utm_content=fr-symbol-point-interrogation-inverse,,"localized, point d'interrogation à l'envers (⸮) : le point renversé, à ne pas confondre avec ¿, fancy text generator, copy paste fonts, unicode fonts, copy and paste, ultratextgen"
Symbole alpha (Α α) : la première lettre grecque à copier — Copy and Paste Fonts,https://ultratextgen.com/assets/pinterest/fr-symbol-symbole-alpha.png,International Fancy Font Generators,,"Symbole alpha (Α α) : la première lettre grecque à copier. Le symbole alpha à copier — la lettre grecque Α α qui ouvre l'alphabet, l'« Alpha » de « l'Alpha et l'Oméga », et le signe des…. Copy and paste stylish Unicode fonts and symbols for bios, captions, usernames and posts — free, fast and…",https://ultratextgen.com/fr/symbol/symbole-alpha/?utm_source=pinterest&utm_medium=social&utm_campaign=organic_pins&utm_content=fr-symbol-symbole-alpha,,"localized, symbole alpha (α α) : la première lettre grecque à copier, fancy text generator, copy paste fonts, unicode fonts, copy and paste, ultratextgen"
Symbole anarchiste (Ⓐ) : le A cerclé et son origine de 1964 — Copy and Paste Fonts,https://ultratextgen.com/assets/pinterest/fr-symbol-symbole-anarchie.png,International Fancy Font Generators,,"Symbole anarchiste (Ⓐ) : le A cerclé et son origine de 1964. Copier-coller le symbole anarchiste (Ⓐ, le A cerclé) — son origine précisément datée de 1964, le sens contesté « A dans O = Ordre » et…. Copy and paste stylish Unicode fonts and symbols for bios, captions, usernames and posts — free,…",https://ultratextgen.com/fr/symbol/symbole-anarchie/?utm_source=pinterest&utm_medium=social&utm_campaign=organic_pins&utm_content=fr-symbol-symbole-anarchie,,"localized, symbole anarchiste (ⓐ) : le a cerclé et son origine de 1964, fancy text generator, copy paste fonts, unicode fonts, copy and paste, ultratextgen"
Symbole ankh (☥) : le hiéroglyphe égyptien de la « vie » — Copy and Paste Fonts,https://ultratextgen.com/assets/pinterest/fr-symbol-symbole-ankh.png,International Fancy Font Generators,,"Symbole ankh (☥) : le hiéroglyphe égyptien de la « vie ». Copier-coller l'ankh (☥ U+2625), le hiéroglyphe de l'Égypte antique signifiant « vie », tenu par les dieux et les pharaons — et la croix…. Copy and paste stylish Unicode fonts and symbols for bios, captions, usernames and posts — free,…",https://ultratextgen.com/fr/symbol/symbole-ankh/?utm_source=pinterest&utm_medium=social&utm_campaign=organic_pins&utm_content=fr-symbol-symbole-ankh,,"localized, symbole ankh (☥) : le hiéroglyphe égyptien de la « vie », fancy text generator, copy paste fonts, unicode fonts, copy and paste, ultratextgen"
"Symbole arobase (@) : signification, histoire et comment le taper — Copy and Paste Fonts",https://ultratextgen.com/assets/pinterest/fr-symbol-symbole-arobase.png,International Fancy Font Generators,,"Symbole arobase (@) : signification, histoire et comment le taper. Le symbole arobase @ (U+0040) en détail — son origine dans les registres marchands vieux de 500 ans, son adoption pour l'e-mail par Ray…. Copy and paste stylish Unicode fonts and symbols for bios, captions, usernames and posts —…",https://ultratextgen.com/fr/symbol/symbole-arobase/?utm_source=pinterest&utm_medium=social&utm_campaign=organic_pins&utm_content=fr-symbol-symbole-arobase,,"localized, symbole arobase (@) : signification, histoire et comment le taper, fancy text generator, copy paste fonts, unicode fonts, copy and paste, ultratextgen"
"Symbole de l'autisme (♾️) : l'infini, pas la pièce de puzzle — Copy and Paste Fonts",https://ultratextgen.com/assets/pinterest/fr-symbol-symbole-autisme.png,International Fancy Font Generators,,"Symbole de l'autisme (♾️) : l'infini, pas la pièce de puzzle. Copier-coller le symbole de l'infini (∞ ♾️) que la communauté autiste emploie pour l'autisme et la neurodiversité, pourquoi la pièce de…. Copy and paste stylish Unicode fonts and symbols for bios, captions, usernames and posts — free,…",https://ultratextgen.com/fr/symbol/symbole-autisme/?utm_source=pinterest&utm_medium=social&utm_campaign=organic_pins&utm_content=fr-symbol-symbole-autisme,,"localized, symbole de l'autisme (♾️) : l'infini, pas la pièce de puzzle, fancy text generator, copy paste fonts, unicode fonts, copy and paste, ultratextgen"
"Symbole Balance (♎) : signification, mythologie et comment le taper — Copy and Paste Fonts",https://ultratextgen.com/assets/pinterest/fr-symbol-symbole-balance.png,International Fancy Font Generators,,"Symbole Balance (♎) : signification, mythologie et comment le taper. Le symbole du signe astrologique de la Balance ♎ (U+264E) en détail — le seul signe du zodiaque à figurer un objet, sa balance héritée…. Copy and paste stylish Unicode fonts and symbols for bios, captions, usernames and posts —…",https://ultratextgen.com/fr/symbol/symbole-balance/?utm_source=pinterest&utm_medium=social&utm_campaign=organic_pins&utm_content=fr-symbol-symbole-balance,,"localized, symbole balance (♎) : signification, mythologie et comment le taper, fancy text generator, copy paste fonts, unicode fonts, copy and paste, ultratextgen"
"Symbole Bélier (♈) : signification, mythologie et comment le taper — Copy and Paste Fonts",https://ultratextgen.com/assets/pinterest/fr-symbol-symbole-belier.png,International Fancy Font Generators,,"Symbole Bélier (♈) : signification, mythologie et comment le taper. Le symbole du Bélier ♈ (U+2648) en détail — le premier signe du zodiaque, le mythe de la Toison d'or qui l'accompagne, sa planète Mars…. Copy and paste stylish Unicode fonts and symbols for bios, captions, usernames and posts —…",https://ultratextgen.com/fr/symbol/symbole-belier/?utm_source=pinterest&utm_medium=social&utm_campaign=organic_pins&utm_content=fr-symbol-symbole-belier,,"localized, symbole bélier (♈) : signification, mythologie et comment le taper, fancy text generator, copy paste fonts, unicode fonts, copy and paste, ultratextgen"
"Symbole Bitcoin (₿) : signification, histoire et comment le taper — Copy and Paste Fonts",https://ultratextgen.com/assets/pinterest/fr-symbol-symbole-bitcoin.png,International Fancy Font Generators,,"Symbole Bitcoin (₿) : signification, histoire et comment le taper. Le symbole Bitcoin ₿ (U+20BF) à copier-coller — ajouté à Unicode en 2017 après une demande réelle, et à ne pas confondre avec le baht…. Copy and paste stylish Unicode fonts and symbols for bios, captions, usernames and posts —…",https://ultratextgen.com/fr/symbol/symbole-bitcoin/?utm_source=pinterest&utm_medium=social&utm_campaign=organic_pins&utm_content=fr-symbol-symbole-bitcoin,,"localized, symbole bitcoin (₿) : signification, histoire et comment le taper, fancy text generator, copy paste fonts, unicode fonts, copy and paste, ultratextgen"
"Symbole Cancer (♋) : signe astrologique, signification et comment le taper — Copy and",https://ultratextgen.com/assets/pinterest/fr-symbol-symbole-cancer.png,International Fancy Font Generators,,"Symbole Cancer (♋) : signe astrologique, signification et comment le taper. Le symbole du Cancer ♋ (U+264B), signe astrologique du zodiaque (le Crabe) — le mythe du crabe géant envoyé par Héra contre Héraclès, le…. Copy and paste stylish Unicode fonts and symbols for bios, captions, usernames…",https://ultratextgen.com/fr/symbol/symbole-cancer/?utm_source=pinterest&utm_medium=social&utm_campaign=organic_pins&utm_content=fr-symbol-symbole-cancer,,"localized, symbole cancer (♋) : signe astrologique, signification et comment le taper, fancy text generator, copy paste fonts, unicode fonts, copy and paste, ultratextgen"
"Symbole Capricorne (♑) : signification, mythologie et comment le taper — Copy and Paste",https://ultratextgen.com/assets/pinterest/fr-symbol-symbole-capricorne.png,International Fancy Font Generators,,"Symbole Capricorne (♑) : signification, mythologie et comment le taper. Le symbole du Capricorne ♑ (U+2651) en détail — le monogramme de la chèvre-poisson né du mythe de Pan fuyant Typhon, sa planète Saturne…. Copy and paste stylish Unicode fonts and symbols for bios, captions, usernames and…",https://ultratextgen.com/fr/symbol/symbole-capricorne/?utm_source=pinterest&utm_medium=social&utm_campaign=organic_pins&utm_content=fr-symbol-symbole-capricorne,,"localized, symbole capricorne (♑) : signification, mythologie et comment le taper, fancy text generator, copy paste fonts, unicode fonts, copy and paste, ultratextgen"
Symboles carré (²) et cube (³) : copier-coller les exposants — Copy and Paste Fonts,https://ultratextgen.com/assets/pinterest/fr-symbol-symbole-carre-cube.png,International Fancy Font Generators,,"Symboles carré (²) et cube (³) : copier-coller les exposants. Copier-coller les symboles carré (²) et cube (³) utilisés pour les exposants et les abréviations d'unités comme m² et cm³, et pourquoi…. Copy and paste stylish Unicode fonts and symbols for bios, captions, usernames and posts — free,…",https://ultratextgen.com/fr/symbol/symbole-carre-cube/?utm_source=pinterest&utm_medium=social&utm_campaign=organic_pins&utm_content=fr-symbol-symbole-carre-cube,,"localized, symboles carré (²) et cube (³) : copier-coller les exposants, fancy text generator, copy paste fonts, unicode fonts, copy and paste, ultratextgen"
"Symbole Celsius (℃) : signification, histoire et comment le taper — Copy and Paste Fonts",https://ultratextgen.com/assets/pinterest/fr-symbol-symbole-celsius.png,International Fancy Font Generators,,"Symbole Celsius (℃) : signification, histoire et comment le taper. Le signe degré Celsius ℃ (U+2103) expliqué — le caractère unique de température, pourquoi Unicode recommande plutôt °C, et comment le…. Copy and paste stylish Unicode fonts and symbols for bios, captions, usernames and posts —…",https://ultratextgen.com/fr/symbol/symbole-celsius/?utm_source=pinterest&utm_medium=social&utm_campaign=organic_pins&utm_content=fr-symbol-symbole-celsius,,"localized, symbole celsius (℃) : signification, histoire et comment le taper, fancy text generator, copy paste fonts, unicode fonts, copy and paste, ultratextgen"
Symbole cent (¢) : signification et comment le taper — Copy and Paste Fonts,https://ultratextgen.com/assets/pinterest/fr-symbol-symbole-cent.png,International Fancy Font Generators,,"Symbole cent (¢) : signification et comment le taper. Le signe cent ¢ (U+00A2) à copier-coller — pourquoi il manque sur la plupart des claviers, ses voisins que l'on confond avec lui, et…. Copy and paste stylish Unicode fonts and symbols for bios, captions, usernames and posts — free, fast and…",https://ultratextgen.com/fr/symbol/symbole-cent/?utm_source=pinterest&utm_medium=social&utm_campaign=organic_pins&utm_content=fr-symbol-symbole-cent,,"localized, symbole cent (¢) : signification et comment le taper, fancy text generator, copy paste fonts, unicode fonts, copy and paste, ultratextgen"
Symbole coche (✓ ✔) et case cochée : copier-coller et comment le taper — Copy and Paste,https://ultratextgen.com/assets/pinterest/fr-symbol-symbole-coche.png,International Fancy Font Generators,,"Symbole coche (✓ ✔) et case cochée : copier-coller et comment le taper. La coche ✓ (U+2713) et la case cochée ☑ à copier-coller — la coche standard, la coche grasse ✔, l'emoji vert ✅, et le √ qu'on tape par…. Copy and paste stylish Unicode fonts and symbols for bios, captions, usernames and…",https://ultratextgen.com/fr/symbol/symbole-coche/?utm_source=pinterest&utm_medium=social&utm_campaign=organic_pins&utm_content=fr-symbol-symbole-coche,,"localized, symbole coche (✓ ✔) et case cochée : copier-coller et comment le taper, fancy text generator, copy paste fonts, unicode fonts, copy and paste, ultratextgen"
"Symbole cœur (♥) : signification, histoire et comment le taper — Copy and Paste Fonts",https://ultratextgen.com/assets/pinterest/fr-symbol-symbole-coeur.png,International Fancy Font Generators,,"Symbole cœur (♥) : signification, histoire et comment le taper. Le symbole cœur ♥ (U+2665) à copier-coller — le cœur des cartes à jouer, le ❤ plus épais, les cœurs colorés en emoji et le cœur en texte…. Copy and paste stylish Unicode fonts and symbols for bios, captions, usernames and posts —…",https://ultratextgen.com/fr/symbol/symbole-coeur/?utm_source=pinterest&utm_medium=social&utm_campaign=organic_pins&utm_content=fr-symbol-symbole-coeur,,"localized, symbole cœur (♥) : signification, histoire et comment le taper, fancy text generator, copy paste fonts, unicode fonts, copy and paste, ultratextgen"
"Symbole de colère (💢) : la marque de la veine gonflée du manga, expliquée — Copy and",https://ultratextgen.com/assets/pinterest/fr-symbol-symbole-colere.png,International Fancy Font Generators,,"Symbole de colère (💢) : la marque de la veine gonflée du manga, expliquée. Copier-coller le symbole de colère (💢 U+1F4A2), la marque à quatre pointes de la « veine qui saute » des mangas japonais — et les émojis…. Copy and paste stylish Unicode fonts and symbols for bios, captions, usernames and…",https://ultratextgen.com/fr/symbol/symbole-colere/?utm_source=pinterest&utm_medium=social&utm_campaign=organic_pins&utm_content=fr-symbol-symbole-colere,,"localized, symbole de colère (💢) : la marque de la veine gonflée du manga, expliquée, fancy text generator, copy paste fonts, unicode fonts, copy and paste, ultratextgen"
Symbole congruent (≅) : signification et comment le taper — Copy and Paste Fonts,https://ultratextgen.com/assets/pinterest/fr-symbol-symbole-congruent.png,International Fancy Font Generators,,"Symbole congruent (≅) : signification et comment le taper. Le symbole congruent ≅ expliqué — le signe géométrique pour « même forme et même taille » qu'Unicode nomme officiellement «…. Copy and paste stylish Unicode fonts and symbols for bios, captions, usernames and posts — free, fast and right…",https://ultratextgen.com/fr/symbol/symbole-congruent/?utm_source=pinterest&utm_medium=social&utm_campaign=organic_pins&utm_content=fr-symbol-symbole-congruent,,"localized, symbole congruent (≅) : signification et comment le taper, fancy text generator, copy paste fonts, unicode fonts, copy and paste, ultratextgen"
"Symbole copyright (©) : signification, histoire et comment le taper — Copy and Paste Fonts",https://ultratextgen.com/assets/pinterest/fr-symbol-symbole-copyright.png,International Fancy Font Generators,,"Symbole copyright (©) : signification, histoire et comment le taper. Le symbole copyright © (U+00A9) en détail — son origine légale, s'il est encore nécessaire face au droit d'auteur automatique, et…. Copy and paste stylish Unicode fonts and symbols for bios, captions, usernames and posts —…",https://ultratextgen.com/fr/symbol/symbole-copyright/?utm_source=pinterest&utm_medium=social&utm_campaign=organic_pins&utm_content=fr-symbol-symbole-copyright,,"localized, symbole copyright (©) : signification, histoire et comment le taper, fancy text generator, copy paste fonts, unicode fonts, copy and paste, ultratextgen"
Symbole croix (✝) : la croix latine chrétienne à copier — Copy and Paste Fonts,https://ultratextgen.com/assets/pinterest/fr-symbol-symbole-croix.png,International Fancy Font Generators,,"Symbole croix (✝) : la croix latine chrétienne à copier. La croix latine (✝, U+271D), principal symbole du christianisme, à copier-coller — avec les croix orthodoxe, de Malte et autres, et en…. Copy and paste stylish Unicode fonts and symbols for bios, captions, usernames and posts — free, fast…",https://ultratextgen.com/fr/symbol/symbole-croix/?utm_source=pinterest&utm_medium=social&utm_campaign=organic_pins&utm_content=fr-symbol-symbole-croix,,"localized, symbole croix (✝) : la croix latine chrétienne à copier, fancy text generator, copy paste fonts, unicode fonts, copy and paste, ultratextgen"
Symbole de danger biologique (☣) : le design « mémorable mais vide de sens » de 1966,https://ultratextgen.com/assets/pinterest/fr-symbol-symbole-danger-biologique.png,International Fancy Font Generators,,"Symbole de danger biologique (☣) : le design « mémorable mais vide de sens » de 1966. Copier-coller le symbole de danger biologique (☣ U+2623) et découvrir pourquoi il a été délibérément conçu en 1966 pour ne rien…. Copy and paste stylish Unicode fonts and symbols for bios, captions, usernames…",https://ultratextgen.com/fr/symbol/symbole-danger-biologique/?utm_source=pinterest&utm_medium=social&utm_campaign=organic_pins&utm_content=fr-symbol-symbole-danger-biologique,,"localized, symbole de danger biologique (☣) : le design « mémorable mais vide de sens » de 1966, fancy text generator, copy paste fonts, unicode fonts, copy and paste, ultratextgen"
"Symbole degré (°) : signification, histoire et comment le taper — Copy and Paste Fonts",https://ultratextgen.com/assets/pinterest/fr-symbol-symbole-degre.png,International Fancy Font Generators,,"Symbole degré (°) : signification, histoire et comment le taper. Le symbole degré ° (U+00B0) expliqué — son usage pour la température et les angles, en quoi il diffère de º, et comment le taper sur…. Copy and paste stylish Unicode fonts and symbols for bios, captions, usernames and posts — free,…",https://ultratextgen.com/fr/symbol/symbole-degre/?utm_source=pinterest&utm_medium=social&utm_campaign=organic_pins&utm_content=fr-symbol-symbole-degre,,"localized, symbole degré (°) : signification, histoire et comment le taper, fancy text generator, copy paste fonts, unicode fonts, copy and paste, ultratextgen"
"Symbole delta (Δ) : signification, histoire et comment le taper — Copy and Paste Fonts",https://ultratextgen.com/assets/pinterest/fr-symbol-symbole-delta.png,International Fancy Font Generators,,"Symbole delta (Δ) : signification, histoire et comment le taper. Le symbole delta Δ (U+0394) en détail — la lettre grecque qui signifie « variation de » en maths, physique et chimie, le δ minuscule des…. Copy and paste stylish Unicode fonts and symbols for bios, captions, usernames and posts —…",https://ultratextgen.com/fr/symbol/symbole-delta/?utm_source=pinterest&utm_medium=social&utm_campaign=organic_pins&utm_content=fr-symbol-symbole-delta,,"localized, symbole delta (δ) : signification, histoire et comment le taper, fancy text generator, copy paste fonts, unicode fonts, copy and paste, ultratextgen"
"Symbole diamètre (⌀) : signification, saisie et symboles voisins — Copy and Paste Fonts",https://ultratextgen.com/assets/pinterest/fr-symbol-symbole-diametre.png,International Fancy Font Generators,,"Symbole diamètre (⌀) : signification, saisie et symboles voisins. Le symbole diamètre ⌀ (U+2300) à copier-coller — le signe des dessins techniques et des cotes d'usinage, et ses voisins trompeurs Ø et…. Copy and paste stylish Unicode fonts and symbols for bios, captions, usernames and posts —…",https://ultratextgen.com/fr/symbol/symbole-diametre/?utm_source=pinterest&utm_medium=social&utm_campaign=organic_pins&utm_content=fr-symbol-symbole-diametre,,"localized, symbole diamètre (⌀) : signification, saisie et symboles voisins, fancy text generator, copy paste fonts, unicode fonts, copy and paste, ultratextgen"
"Symbole différent (≠) : signification, histoire et comment le taper — Copy and Paste Fonts",https://ultratextgen.com/assets/pinterest/fr-symbol-symbole-different.png,International Fancy Font Generators,,"Symbole différent (≠) : signification, histoire et comment le taper. Le symbole différent ≠ (U+2260) en détail — ce qu'il signifie (« n'est pas égal à »), son histoire, comment le taper sur Windows et Mac…. Copy and paste stylish Unicode fonts and symbols for bios, captions, usernames and posts…",https://ultratextgen.com/fr/symbol/symbole-different/?utm_source=pinterest&utm_medium=social&utm_campaign=organic_pins&utm_content=fr-symbol-symbole-different,,"localized, symbole différent (≠) : signification, histoire et comment le taper, fancy text generator, copy paste fonts, unicode fonts, copy and paste, ultratextgen"
"Signe de division (÷) : signification, histoire et comment le taper — Copy and Paste Fonts",https://ultratextgen.com/assets/pinterest/fr-symbol-symbole-division.png,International Fancy Font Generators,,"Signe de division (÷) : signification, histoire et comment le taper. Le signe de division ÷ (U+00F7), ou « obèle », en détail — son origine en 1659, comment le taper sur Windows et Mac, et en quoi il…. Copy and paste stylish Unicode fonts and symbols for bios, captions, usernames and posts —…",https://ultratextgen.com/fr/symbol/symbole-division/?utm_source=pinterest&utm_medium=social&utm_campaign=organic_pins&utm_content=fr-symbol-symbole-division,,"localized, signe de division (÷) : signification, histoire et comment le taper, fancy text generator, copy paste fonts, unicode fonts, copy and paste, ultratextgen"
"Symbole dollar ($) : origine, histoire et comment le taper — Copy and Paste Fonts",https://ultratextgen.com/assets/pinterest/fr-symbol-symbole-dollar.png,International Fancy Font Generators,,"Symbole dollar ($) : origine, histoire et comment le taper. Le symbole dollar $ (U+0024) en détail — son origine disputée dans l'abréviation du peso espagnol des années 1770, le mythe démonté du «…. Copy and paste stylish Unicode fonts and symbols for bios, captions, usernames and posts — free,…",https://ultratextgen.com/fr/symbol/symbole-dollar/?utm_source=pinterest&utm_medium=social&utm_campaign=organic_pins&utm_content=fr-symbol-symbole-dollar,,"localized, symbole dollar ($) : origine, histoire et comment le taper, fancy text generator, copy paste fonts, unicode fonts, copy and paste, ultratextgen"
"Symbole esperluette (&) : signification, histoire et comment le taper — Copy and Paste",https://ultratextgen.com/assets/pinterest/fr-symbol-symbole-esperluette.png,International Fancy Font Generators,,"Symbole esperluette (&) : signification, histoire et comment le taper. Le symbole esperluette & (U+0026) en détail — son origine dans la ligature romaine du mot latin et, d'où viennent les noms « esperluette…. Copy and paste stylish Unicode fonts and symbols for bios, captions, usernames and…",https://ultratextgen.com/fr/symbol/symbole-esperluette/?utm_source=pinterest&utm_medium=social&utm_campaign=organic_pins&utm_content=fr-symbol-symbole-esperluette,,"localized, symbole esperluette (&) : signification, histoire et comment le taper, fancy text generator, copy paste fonts, unicode fonts, copy and paste, ultratextgen"
"Symbole étoile (★) : signification, histoire et comment le taper — Copy and Paste Fonts",https://ultratextgen.com/assets/pinterest/fr-symbol-symbole-etoile.png,International Fancy Font Generators,,"Symbole étoile (★) : signification, histoire et comment le taper. Le symbole étoile ★ (U+2605) en détail — l'étoile pleine et l'étoile contour des notes et des favoris, les étoiles décoratives, l'emoji…. Copy and paste stylish Unicode fonts and symbols for bios, captions, usernames and posts —…",https://ultratextgen.com/fr/symbol/symbole-etoile/?utm_source=pinterest&utm_medium=social&utm_campaign=organic_pins&utm_content=fr-symbol-symbole-etoile,,"localized, symbole étoile (★) : signification, histoire et comment le taper, fancy text generator, copy paste fonts, unicode fonts, copy and paste, ultratextgen"
"Symbole euro (€) : signification, histoire et comment le taper — Copy and Paste Fonts",https://ultratextgen.com/assets/pinterest/fr-symbol-symbole-euro.png,International Fancy Font Generators,,"Symbole euro (€) : signification, histoire et comment le taper. Le signe euro € (U+20AC) en détail — l'histoire de sa création en 1996, ce que signifient ses deux barres, et comment taper le symbole…. Copy and paste stylish Unicode fonts and symbols for bios, captions, usernames and posts —…",https://ultratextgen.com/fr/symbol/symbole-euro/?utm_source=pinterest&utm_medium=social&utm_campaign=organic_pins&utm_content=fr-symbol-symbole-euro,,"localized, symbole euro (€) : signification, histoire et comment le taper, fancy text generator, copy paste fonts, unicode fonts, copy and paste, ultratextgen"
"Symbole Fahrenheit (℉) : signification, conversion et comment le taper — Copy and Paste",https://ultratextgen.com/assets/pinterest/fr-symbol-symbole-fahrenheit.png,International Fancy Font Generators,,"Symbole Fahrenheit (℉) : signification, conversion et comment le taper. Le signe degré Fahrenheit ℉ (U+2109) expliqué — le caractère unique de température, la formule pour convertir en Celsius, pourquoi…. Copy and paste stylish Unicode fonts and symbols for bios, captions, usernames and posts —…",https://ultratextgen.com/fr/symbol/symbole-fahrenheit/?utm_source=pinterest&utm_medium=social&utm_campaign=organic_pins&utm_content=fr-symbol-symbole-fahrenheit,,"localized, symbole fahrenheit (℉) : signification, conversion et comment le taper, fancy text generator, copy paste fonts, unicode fonts, copy and paste, ultratextgen"
Symbole flèche bas (↓) : signification et comment le taper — Copy and Paste Fonts,https://ultratextgen.com/assets/pinterest/fr-symbol-symbole-fleche-bas.png,International Fancy Font Generators,,"Symbole flèche bas (↓) : signification et comment le taper. Le symbole flèche bas ↓ (U+2193) expliqué — son usage en mathématiques, en direction et en notation, et comment le taper sur Windows et…. Copy and paste stylish Unicode fonts and symbols for bios, captions, usernames and posts — free,…",https://ultratextgen.com/fr/symbol/symbole-fleche-bas/?utm_source=pinterest&utm_medium=social&utm_campaign=organic_pins&utm_content=fr-symbol-symbole-fleche-bas,,"localized, symbole flèche bas (↓) : signification et comment le taper, fancy text generator, copy paste fonts, unicode fonts, copy and paste, ultratextgen"
Symbole flèche droite (→) : signification et comment le taper — Copy and Paste Fonts,https://ultratextgen.com/assets/pinterest/fr-symbol-symbole-fleche-droite.png,International Fancy Font Generators,,"Symbole flèche droite (→) : signification et comment le taper. Le symbole flèche droite → (U+2192) expliqué — son usage en mathématiques et en notation, et comment le taper sur Windows et Mac. Flèche…. Copy and paste stylish Unicode fonts and symbols for bios, captions, usernames and posts —…",https://ultratextgen.com/fr/symbol/symbole-fleche-droite/?utm_source=pinterest&utm_medium=social&utm_campaign=organic_pins&utm_content=fr-symbol-symbole-fleche-droite,,"localized, symbole flèche droite (→) : signification et comment le taper, fancy text generator, copy paste fonts, unicode fonts, copy and paste, ultratextgen"
Symbole flèche gauche (←) : signification et comment le taper — Copy and Paste Fonts,https://ultratextgen.com/assets/pinterest/fr-symbol-symbole-fleche-gauche.png,International Fancy Font Generators,,"Symbole flèche gauche (←) : signification et comment le taper. Le symbole flèche gauche ← (U+2190) expliqué — son usage en mathématiques et en notation, et comment le taper sur Windows et Mac. Flèche…. Copy and paste stylish Unicode fonts and symbols for bios, captions, usernames and posts —…",https://ultratextgen.com/fr/symbol/symbole-fleche-gauche/?utm_source=pinterest&utm_medium=social&utm_campaign=organic_pins&utm_content=fr-symbol-symbole-fleche-gauche,,"localized, symbole flèche gauche (←) : signification et comment le taper, fancy text generator, copy paste fonts, unicode fonts, copy and paste, ultratextgen"
Symbole flèche haut (↑) : signification et comment le taper — Copy and Paste Fonts,https://ultratextgen.com/assets/pinterest/fr-symbol-symbole-fleche-haut.png,International Fancy Font Generators,,"Symbole flèche haut (↑) : signification et comment le taper. Le symbole flèche haut ↑ (U+2191) expliqué — son usage en mathématiques, en direction et en notation, et comment le taper sur Windows et…. Copy and paste stylish Unicode fonts and symbols for bios, captions, usernames and posts — free,…",https://ultratextgen.com/fr/symbol/symbole-fleche-haut/?utm_source=pinterest&utm_medium=social&utm_campaign=organic_pins&utm_content=fr-symbol-symbole-fleche-haut,,"localized, symbole flèche haut (↑) : signification et comment le taper, fancy text generator, copy paste fonts, unicode fonts, copy and paste, ultratextgen"
"Symbole fleur de lys (⚜) : signification, histoire et comment le taper — Copy and Paste",https://ultratextgen.com/assets/pinterest/fr-symbol-symbole-fleur-de-lys.png,International Fancy Font Generators,,"Symbole fleur de lys (⚜) : signification, histoire et comment le taper. Le symbole fleur de lys ⚜ (U+269C) à copier-coller — le lys stylisé de la royauté française, devenu l'emblème mondial du scoutisme, le…. Copy and paste stylish Unicode fonts and symbols for bios, captions, usernames and…",https://ultratextgen.com/fr/symbol/symbole-fleur-de-lys/?utm_source=pinterest&utm_medium=social&utm_campaign=organic_pins&utm_content=fr-symbol-symbole-fleur-de-lys,,"localized, symbole fleur de lys (⚜) : signification, histoire et comment le taper, fancy text generator, copy paste fonts, unicode fonts, copy and paste, ultratextgen"
"Symbole Gémeaux (♊) : signification, mythologie et comment le taper — Copy and Paste Fonts",https://ultratextgen.com/assets/pinterest/fr-symbol-symbole-gemeaux.png,International Fancy Font Generators,,"Symbole Gémeaux (♊) : signification, mythologie et comment le taper. Le symbole des Gémeaux ♊ (U+264A) en détail — le troisième signe du zodiaque, le mythe de Castor et Pollux, sa planète Mercure et son…. Copy and paste stylish Unicode fonts and symbols for bios, captions, usernames and posts —…",https://ultratextgen.com/fr/symbol/symbole-gemeaux/?utm_source=pinterest&utm_medium=social&utm_campaign=organic_pins&utm_content=fr-symbol-symbole-gemeaux,,"localized, symbole gémeaux (♊) : signification, mythologie et comment le taper, fancy text generator, copy paste fonts, unicode fonts, copy and paste, ultratextgen"
Guillemets français (« ») : symbole à copier et comment le taper — Copy and Paste Fonts,https://ultratextgen.com/assets/pinterest/fr-symbol-symbole-guillemet.png,International Fancy Font Generators,,"Guillemets français (« ») : symbole à copier et comment le taper. Les guillemets français « » (U+00AB / U+00BB) à copier, plus les guillemets droits "" ', courbes “ ” et bas „ avec lesquels on les…. Copy and paste stylish Unicode fonts and symbols for bios, captions, usernames and posts — free,…",https://ultratextgen.com/fr/symbol/symbole-guillemet/?utm_source=pinterest&utm_medium=social&utm_campaign=organic_pins&utm_content=fr-symbol-symbole-guillemet,,"localized, guillemets français (« ») : symbole à copier et comment le taper, fancy text generator, copy paste fonts, unicode fonts, copy and paste, ultratextgen"
Symbole hamsa (🪬) : la main de Miriam et la main de Fatima — Copy and Paste Fonts,https://ultratextgen.com/assets/pinterest/fr-symbol-symbole-hamsa.png,International Fancy Font Generators,,"Symbole hamsa (🪬) : la main de Miriam et la main de Fatima. Copier-coller la main de hamsa (🪬 U+1FAAC), ajoutée à Unicode en 2021 — une amulette protectrice antérieure au judaïsme et à l'islam…. Copy and paste stylish Unicode fonts and symbols for bios, captions, usernames and posts — free, fast…",https://ultratextgen.com/fr/symbol/symbole-hamsa/?utm_source=pinterest&utm_medium=social&utm_campaign=organic_pins&utm_content=fr-symbol-symbole-hamsa,,"localized, symbole hamsa (🪬) : la main de miriam et la main de fatima, fancy text generator, copy paste fonts, unicode fonts, copy and paste, ultratextgen"
"Symbole handicap (♿) : le symbole international d'accessibilité, histoire et saisie",https://ultratextgen.com/assets/pinterest/fr-symbol-symbole-handicap.png,International Fancy Font Generators,,"Symbole handicap (♿) : le symbole international d'accessibilité, histoire et saisie. Copier-coller le symbole du fauteuil roulant (♿ U+267F), le symbole international d'accessibilité dessiné en 1968 — et le débat…. Copy and paste stylish Unicode fonts and symbols for bios, captions, usernames…",https://ultratextgen.com/fr/symbol/symbole-handicap/?utm_source=pinterest&utm_medium=social&utm_campaign=organic_pins&utm_content=fr-symbol-symbole-handicap,,"localized, symbole handicap (♿) : le symbole international d'accessibilité, histoire et saisie, fancy text generator, copy paste fonts, unicode fonts, copy and paste, ultratextgen"
Symboles inférieur et supérieur (< >) : signification et comment les taper — Copy and,https://ultratextgen.com/assets/pinterest/fr-symbol-symbole-inferieur-superieur.png,International Fancy Font Generators,,"Symboles inférieur et supérieur (< >) : signification et comment les taper. Les signes inférieur < et supérieur > expliqués — leur sens de comparaison, pourquoi < casse le HTML non échappé, comment les taper sur…. Copy and paste stylish Unicode fonts and symbols for bios, captions, usernames and…",https://ultratextgen.com/fr/symbol/symbole-inferieur-superieur/?utm_source=pinterest&utm_medium=social&utm_campaign=organic_pins&utm_content=fr-symbol-symbole-inferieur-superieur,,"localized, symboles inférieur et supérieur (< >) : signification et comment les taper, fancy text generator, copy paste fonts, unicode fonts, copy and paste, ultratextgen"
"Symbole infini (∞) : signification, histoire et comment le taper — Copy and Paste Fonts",https://ultratextgen.com/assets/pinterest/fr-symbol-symbole-infini.png,International Fancy Font Generators,,"Symbole infini (∞) : signification, histoire et comment le taper. Le symbole de l'infini ∞ (U+221E) en détail — son origine chez John Wallis en 1655, ce qu'il signifie, comment le taper sur Windows et…. Copy and paste stylish Unicode fonts and symbols for bios, captions, usernames and posts —…",https://ultratextgen.com/fr/symbol/symbole-infini/?utm_source=pinterest&utm_medium=social&utm_campaign=organic_pins&utm_content=fr-symbol-symbole-infini,,"localized, symbole infini (∞) : signification, histoire et comment le taper, fancy text generator, copy paste fonts, unicode fonts, copy and paste, ultratextgen"
Symbole khanda (☬ 🪯) : l'emblème sikh et Ik Onkar — Copy and Paste Fonts,https://ultratextgen.com/assets/pinterest/fr-symbol-symbole-khanda.png,International Fancy Font Generators,,"Symbole khanda (☬ 🪯) : l'emblème sikh et Ik Onkar. Copier-coller le khanda (☬ 🪯), l'emblème sikh du sabre à double tranchant, du chakkar et des deux kirpans — et voir en quoi il diffère…. Copy and paste stylish Unicode fonts and symbols for bios, captions, usernames and posts — free, fast and…",https://ultratextgen.com/fr/symbol/symbole-khanda/?utm_source=pinterest&utm_medium=social&utm_campaign=organic_pins&utm_content=fr-symbol-symbole-khanda,,"localized, symbole khanda (☬ 🪯) : l'emblème sikh et ik onkar, fancy text generator, copy paste fonts, unicode fonts, copy and paste, ultratextgen"
Symbole de la Lune noire Lilith (⚸) : signification en astrologie — Copy and Paste Fonts,https://ultratextgen.com/assets/pinterest/fr-symbol-symbole-lilith.png,International Fancy Font Generators,,"Symbole de la Lune noire Lilith (⚸) : signification en astrologie. Copier-coller le symbole de la Lune noire Lilith (⚸ U+26B8), un point de l'orbite lunaire plutôt qu'un astre — et les autres glyphes…. Copy and paste stylish Unicode fonts and symbols for bios, captions, usernames and posts —…",https://ultratextgen.com/fr/symbol/symbole-lilith/?utm_source=pinterest&utm_medium=social&utm_campaign=organic_pins&utm_content=fr-symbol-symbole-lilith,,"localized, symbole de la lune noire lilith (⚸) : signification en astrologie, fancy text generator, copy paste fonts, unicode fonts, copy and paste, ultratextgen"
"Symbole Lion (♌) : signification, mythologie et comment le taper — Copy and Paste Fonts",https://ultratextgen.com/assets/pinterest/fr-symbol-symbole-lion.png,International Fancy Font Generators,,"Symbole Lion (♌) : signification, mythologie et comment le taper. Le symbole du Lion ♌ (U+264C), signe astrologique du zodiaque — le mythe du Lion de Némée qu'Héraclès étrangla à mains nues, le seul…. Copy and paste stylish Unicode fonts and symbols for bios, captions, usernames and posts —…",https://ultratextgen.com/fr/symbol/symbole-lion/?utm_source=pinterest&utm_medium=social&utm_campaign=organic_pins&utm_content=fr-symbol-symbole-lion,,"localized, symbole lion (♌) : signification, mythologie et comment le taper, fancy text generator, copy paste fonts, unicode fonts, copy and paste, ultratextgen"
"Symbole livre sterling (£) : signification, histoire et comment le taper — Copy and",https://ultratextgen.com/assets/pinterest/fr-symbol-symbole-livre-sterling.png,International Fancy Font Generators,,"Symbole livre sterling (£) : signification, histoire et comment le taper. Le symbole de la livre sterling £ (U+00A3) en détail — son origine dans le latin libra, en quoi il diffère du croisillon #, et comment…. Copy and paste stylish Unicode fonts and symbols for bios, captions, usernames and…",https://ultratextgen.com/fr/symbol/symbole-livre-sterling/?utm_source=pinterest&utm_medium=social&utm_campaign=organic_pins&utm_content=fr-symbol-symbole-livre-sterling,,"localized, symbole livre sterling (£) : signification, histoire et comment le taper, fancy text generator, copy paste fonts, unicode fonts, copy and paste, ultratextgen"
