Title,Media URL,Pinterest board,Thumbnail,Description,Link,Publish date,Keywords
Snygg Text Generator - 88 Unicode-typsnitt (kopiera och klistra in) — Copy and Paste Fonts,https://ultratextgen.com/assets/pinterest/sv.png,International Fancy Font Generators,,"Snygg Text Generator - 88 Unicode-typsnitt (kopiera och klistra in). Gör vanlig text till snygg text med 88 Unicode-typsnitt: fet, kursiv, skrivstil, gotisk, bubblor, små versaler, aesthetic, upp och ner…. Copy and paste stylish Unicode fonts and symbols for bios, captions, usernames and posts —…",https://ultratextgen.com/sv/?utm_source=pinterest&utm_medium=social&utm_campaign=organic_pins&utm_content=sv,,"localized, snygg text - 88 unicode-typsnitt (kopiera och klistra in), fancy text generator, copy paste fonts, unicode fonts, copy and paste, ultratextgen"
"Instagram typsnitt | Snygg text för bio, captions och kommentarer — Copy and Paste Fonts",https://ultratextgen.com/assets/pinterest/sv-instagram-typsnitt.png,International Fancy Font Generators,,"Instagram typsnitt | Snygg text för bio, captions och kommentarer. Generator för Instagram typsnitt i Unicode. Skapa snygg text, skrivstil, fina bokstäver och symboler för bio, captions, kommentarer…. Copy and paste stylish Unicode fonts and symbols for bios, captions, usernames and posts —…",https://ultratextgen.com/sv/instagram-typsnitt/?utm_source=pinterest&utm_medium=social&utm_campaign=organic_pins&utm_content=sv-instagram-typsnitt,,"localized, instagram typsnitt | snygg text för bio, captions och kommentarer, fancy text generator, copy paste fonts, unicode fonts, copy and paste, ultratextgen"
"Bocksymboler (✅) att kopiera — grön bock, kryss och fler tecken — Copy and Paste Fonts",https://ultratextgen.com/assets/pinterest/sv-library-bock-symboler.png,International Fancy Font Generators,,"Bocksymboler (✅) att kopiera — grön bock, kryss och fler tecken. Bocksymboler att kopiera och klistra in: den gröna bocken ✅, bock ✓ ✔, kryss ❌ och statuscirklar i olika färger. Klicka på ett tecken…. Copy and paste stylish Unicode fonts and symbols for bios, captions, usernames and posts —…",https://ultratextgen.com/sv/library/bock-symboler/?utm_source=pinterest&utm_medium=social&utm_campaign=organic_pins&utm_content=sv-library-bock-symboler,,"localized, bocksymboler (✅) att kopiera — grön bock, kryss och fler tecken, fancy text generator, copy paste fonts, unicode fonts, copy and paste, ultratextgen"
Grekiska bokstäver att kopiera — alfabetet α β Δ Σ Ω π — Copy and Paste Fonts,https://ultratextgen.com/assets/pinterest/sv-library-grekiska-bokstaver.png,International Fancy Font Generators,,"Grekiska bokstäver att kopiera — alfabetet α β Δ Σ Ω π. Kopiera hela det grekiska alfabetet — versaler, gemener och matematiska variantformer som alfa, beta, delta, sigma, omega och pi. Klicka…. Copy and paste stylish Unicode fonts and symbols for bios, captions, usernames and posts — free, fast…",https://ultratextgen.com/sv/library/grekiska-bokstaver/?utm_source=pinterest&utm_medium=social&utm_campaign=organic_pins&utm_content=sv-library-grekiska-bokstaver,,"localized, grekiska bokstäver att kopiera — alfabetet α β δ σ ω π, fancy text generator, copy paste fonts, unicode fonts, copy and paste, ultratextgen"
"Hjärta symbol ♥ att kopiera — hjärtan, emoji och fler tecken — Copy and Paste Fonts",https://ultratextgen.com/assets/pinterest/sv-library-hjarta-symboler.png,International Fancy Font Generators,,"Hjärta symbol ♥ att kopiera — hjärtan, emoji och fler tecken. Hjärtsymboler, hjärta-emoji och Unicode-hjärtan sorterade efter färg och stil. Klicka för att kopiera och klistra in direkt i…. Copy and paste stylish Unicode fonts and symbols for bios, captions, usernames and posts — free, fast and…",https://ultratextgen.com/sv/library/hjarta-symboler/?utm_source=pinterest&utm_medium=social&utm_campaign=organic_pins&utm_content=sv-library-hjarta-symboler,,"localized, hjärta symbol ♥ att kopiera — hjärtan, emoji och fler tecken, fancy text generator, copy paste fonts, unicode fonts, copy and paste, ultratextgen"
Symboler & emoji att kopiera — Copy and Paste Fonts,https://ultratextgen.com/assets/pinterest/sv-library.png,International Fancy Font Generators,,"Symboler & emoji att kopiera. Symboler och emoji att kopiera och klistra in — hjärtan, stjärnor, grekiska bokstäver, matte, valuta, pilar, bockar och könssymboler…. Copy and paste stylish Unicode fonts and symbols for bios, captions, usernames and posts — free, fast and right in your browser…",https://ultratextgen.com/sv/library/?utm_source=pinterest&utm_medium=social&utm_campaign=organic_pins&utm_content=sv-library,,"localized, symboler & emoji att kopiera, fancy text generator, copy paste fonts, unicode fonts, copy and paste, ultratextgen"
"Könssymboler att kopiera — ♂ ♀ ⚧ man, kvinna och fler tecken — Copy and Paste Fonts",https://ultratextgen.com/assets/pinterest/sv-library-konssymboler.png,International Fancy Font Generators,,"Könssymboler att kopiera — ♂ ♀ ⚧ man, kvinna och fler tecken. Kopiera könssymboler — man, kvinna, transgender, icke-binär, neutrum och kombinerade tecken för läggning och relation. Klicka på en…. Copy and paste stylish Unicode fonts and symbols for bios, captions, usernames and posts — free,…",https://ultratextgen.com/sv/library/konssymboler/?utm_source=pinterest&utm_medium=social&utm_campaign=organic_pins&utm_content=sv-library-konssymboler,,"localized, könssymboler att kopiera — ♂ ♀ ⚧ man, kvinna och fler tecken, fancy text generator, copy paste fonts, unicode fonts, copy and paste, ultratextgen"
"Matematiska symboler att kopiera — tecken, operatorer och grekiska bokstäver — Copy and",https://ultratextgen.com/assets/pinterest/sv-library-matematiska-symboler.png,International Fancy Font Generators,,"Matematiska symboler att kopiera — tecken, operatorer och grekiska bokstäver. Bläddra bland matematiska symboler: operatorer, mängdlära, grekiska bokstäver, kalkyl och upphöjda tecken. Klicka på en symbol för att…. Copy and paste stylish Unicode fonts and symbols for bios, captions, usernames…",https://ultratextgen.com/sv/library/matematiska-symboler/?utm_source=pinterest&utm_medium=social&utm_campaign=organic_pins&utm_content=sv-library-matematiska-symboler,,"localized, matematiska symboler att kopiera — tecken, operatorer och grekiska bokstäver, fancy text generator, copy paste fonts, unicode fonts, copy and paste, ultratextgen"
Pilsymboler: kopiera och klistra in pil-tecken i alla riktningar — Copy and Paste Fonts,https://ultratextgen.com/assets/pinterest/sv-library-pil-symboler.png,International Fancy Font Generators,,"Pilsymboler: kopiera och klistra in pil-tecken i alla riktningar. Bläddra bland pilsymboler och kopiera direkt — raka, böjda, dubbla, triangel- och emoji-pilar för dokument, chatt och formatering…. Copy and paste stylish Unicode fonts and symbols for bios, captions, usernames and posts — free,…",https://ultratextgen.com/sv/library/pil-symboler/?utm_source=pinterest&utm_medium=social&utm_campaign=organic_pins&utm_content=sv-library-pil-symboler,,"localized, pilsymboler: kopiera och klistra in pil-tecken i alla riktningar, fancy text generator, copy paste fonts, unicode fonts, copy and paste, ultratextgen"
"Stjärnsymboler ★ att kopiera — stjärna, stjärnor och glitter-emoji — Copy and Paste Fonts",https://ultratextgen.com/assets/pinterest/sv-library-stjarna-symboler.png,International Fancy Font Generators,,"Stjärnsymboler ★ att kopiera — stjärna, stjärnor och glitter-emoji. Bläddra bland stjärnsymboler, gnistertecken och asterisk-varianter i Unicode och kopiera dem. Klicka på en symbol för att kopiera den…. Copy and paste stylish Unicode fonts and symbols for bios, captions, usernames and posts —…",https://ultratextgen.com/sv/library/stjarna-symboler/?utm_source=pinterest&utm_medium=social&utm_campaign=organic_pins&utm_content=sv-library-stjarna-symboler,,"localized, stjärnsymboler ★ att kopiera — stjärna, stjärnor och glitter-emoji, fancy text generator, copy paste fonts, unicode fonts, copy and paste, ultratextgen"
Valutasymboler att kopiera — $ € £ ¥ ₹ och fler tecken — Copy and Paste Fonts,https://ultratextgen.com/assets/pinterest/sv-library-valuta-symboler.png,International Fancy Font Generators,,"Valutasymboler att kopiera — $ € £ ¥ ₹ och fler tecken. Bläddra bland och kopiera valutasymboler och penningtecken från hela världen — dollar, euro, pund, yen, rupie, bitcoin och fler. Klicka…. Copy and paste stylish Unicode fonts and symbols for bios, captions, usernames and posts — free, fast…",https://ultratextgen.com/sv/library/valuta-symboler/?utm_source=pinterest&utm_medium=social&utm_campaign=organic_pins&utm_content=sv-library-valuta-symboler,,"localized, valutasymboler att kopiera — $ € £ ¥ ₹ och fler tecken, fancy text generator, copy paste fonts, unicode fonts, copy and paste, ultratextgen"
ฟอนต์สวยๆ ใช้ได้ตรงไหนบ้างใน Discord: แผนที่แบบช่องต่อช่อง — Copy and Paste Fonts,https://ultratextgen.com/assets/pinterest/th-guide-discord-font-thamngan-thinai.png,International Fancy Font Generators,,"ฟอนต์สวยๆ ใช้ได้ตรงไหนบ้างใน Discord: แผนที่แบบช่องต่อช่อง. ทำไม Discord บอกว่าชื่อผู้ใช้ไม่ถูกต้อง ทำไมชื่อช่องเสียตัวพิมพ์ใหญ่ และช่องไหนบ้างที่รับฟอนต์ Unicode —…. Copy and paste stylish Unicode fonts and symbols for bios, captions, usernames and posts — free, fast and right in your browser…",https://ultratextgen.com/th/guide/discord-font-thamngan-thinai/?utm_source=pinterest&utm_medium=social&utm_campaign=organic_pins&utm_content=th-guide-discord-font-thamngan-thinai,,"localized, ฟอนต์สวยๆ ใช้ได้ตรงไหนบ้างใน discord: แผนที่แบบช่องต่อช่อง, fancy text generator, copy paste fonts, unicode fonts, copy and paste, ultratextgen"
เข้าใจฟอนต์และการจัดรูปแบบ Discord: Markdown vs Unicode vs Nitro — Copy and Paste Fonts,https://ultratextgen.com/assets/pinterest/th-guide-discord-rupbaep-khokhwam.png,International Fancy Font Generators,,"เข้าใจฟอนต์และการจัดรูปแบบ Discord: Markdown vs Unicode vs Nitro. ทำไมตัวหนาใช้ได้ในแชต Discord แต่ใช้ในชื่อผู้ใช้ไม่ได้ — สามระบบข้อความที่ Discord ใช้ (Markdown, ฟอนต์ Unicode, Nitro)…. Copy and paste stylish Unicode fonts and symbols for bios, captions, usernames and posts — free, fast and…",https://ultratextgen.com/th/guide/discord-rupbaep-khokhwam/?utm_source=pinterest&utm_medium=social&utm_campaign=organic_pins&utm_content=th-guide-discord-rupbaep-khokhwam,,"localized, เข้าใจฟอนต์และการจัดรูปแบบ discord: markdown vs unicode vs nitro, fancy text generator, copy paste fonts, unicode fonts, copy and paste, ultratextgen"
ตั้งชื่อ Discord ให้เท่ โดยไม่โดนกรองหรือกระทบการเข้าถึง — Copy and Paste Fonts,https://ultratextgen.com/assets/pinterest/th-guide-discord-tang-chue-plodphai.png,International Fancy Font Generators,,"ตั้งชื่อ Discord ให้เท่ โดยไม่โดนกรองหรือกระทบการเข้าถึง. ชื่อ Discord ที่ตกแต่งสวยๆ ยังอาจสอบตกการทดสอบเงียบๆ สามอย่าง: รายชื่อสมาชิก การ @mention และตัวกรองการแอบอ้าง นี่คือวิธีทำให้มันดูดี…. Copy and paste stylish Unicode fonts and symbols for bios, captions, usernames and posts — free, fast…",https://ultratextgen.com/th/guide/discord-tang-chue-plodphai/?utm_source=pinterest&utm_medium=social&utm_campaign=organic_pins&utm_content=th-guide-discord-tang-chue-plodphai,,"localized, ตั้งชื่อ discord ให้เท่ โดยไม่โดนกรองหรือกระทบการเข้าถึง, fancy text generator, copy paste fonts, unicode fonts, copy and paste, ultratextgen"
คู่มือ UltraTextGen — เชี่ยวชาญการตกแต่งตัวอักษรสไตล์เท่ๆ — Copy and Paste Fonts,https://ultratextgen.com/assets/pinterest/th-guide.png,International Fancy Font Generators,,"คู่มือ UltraTextGen — เชี่ยวชาญการตกแต่งตัวอักษรสไตล์เท่ๆ. คู่มือ UltraTextGen ภาษาไทย: เข้าใจและใช้ฟอนต์ Unicode ให้คล่อง ตกแต่งชื่อเล่นและเซิร์ฟเวอร์ Discord และดึงศักยภาพของตัวอักษรสไตล์เท่ๆ…. Copy and paste stylish Unicode fonts and symbols for bios, captions, usernames and posts — free,…",https://ultratextgen.com/th/guide/?utm_source=pinterest&utm_medium=social&utm_campaign=organic_pins&utm_content=th-guide,,"localized, คู่มือ ultratextgen — เชี่ยวชาญการตกแต่งตัวอักษรสไตล์เท่ๆ, fancy text generator, copy paste fonts, unicode fonts, copy and paste, ultratextgen"
แปลงฟอนต์ ตัวอักษรพิเศษ สัญลักษณ์สวยๆ — ก๊อปวางได้เลย (ฟรี) — Copy and Paste Fonts,https://ultratextgen.com/assets/pinterest/th.png,International Fancy Font Generators,,"แปลงฟอนต์ ตัวอักษรพิเศษ สัญลักษณ์สวยๆ — ก๊อปวางได้เลย (ฟรี). เครื่องมือแปลงฟอนต์ ตัวอักษรพิเศษ และสัญลักษณ์สวยๆ ออนไลน์ เปลี่ยนตัวอักษรภาษาอังกฤษและตัวเลขให้เป็นฟอนต์ตัวหนา ตัวเอียง ลายมือ…. Copy and paste stylish Unicode fonts and symbols for bios, captions, usernames and posts — free, fast and…",https://ultratextgen.com/th/?utm_source=pinterest&utm_medium=social&utm_campaign=organic_pins&utm_content=th,,"localized, แปลงฟอนต์ ตัวอักษรพิเศษ สัญลักษณ์สวยๆ — ก๊อปวางได้เลย (ฟรี), fancy text generator, copy paste fonts, unicode fonts, copy and paste, ultratextgen"
อิโมจิสัตว์ 🐬🐋🦄 โลมา วาฬ ยูนิคอร์น คัดลอกวางได้เลย — Copy and Paste Fonts,https://ultratextgen.com/assets/pinterest/th-library-animal-emojis.png,International Fancy Font Generators,,"อิโมจิสัตว์ 🐬🐋🦄 โลมา วาฬ ยูนิคอร์น คัดลอกวางได้เลย. รวมอิโมจิสัตว์ทุกชนิด ทั้งสัตว์เลี้ยง สัตว์ป่า สัตว์ทะเลอย่างโลมาและวาฬ นก และสัตว์ในตำนานอย่างยูนิคอร์น กดที่อิโมจิก็คัดลอกได้ทันที. Copy and paste stylish Unicode fonts and symbols for bios, captions, usernames and posts — free, fast and…",https://ultratextgen.com/th/library/animal-emojis/?utm_source=pinterest&utm_medium=social&utm_campaign=organic_pins&utm_content=th-library-animal-emojis,,"localized, อิโมจิสัตว์ 🐬🐋🦄 โลมา วาฬ ยูนิคอร์น คัดลอกวางได้เลย, fancy text generator, copy paste fonts, unicode fonts, copy and paste, ultratextgen"
คาโอโมจิแมว (=^・ω・^=): คัดลอกวางหน้าตาข้อความแมวน่ารัก — Copy and Paste Fonts,https://ultratextgen.com/assets/pinterest/th-library-cat-kaomoji.png,International Fancy Font Generators,,"คาโอโมจิแมว (=^・ω・^=): คัดลอกวางหน้าตาข้อความแมวน่ารัก. รวมคาโอโมจิแมว (=^・ω・^=) ให้คัดลอกวาง — หน้าตาข้อความแมวญี่ปุ่นน่ารักพร้อมหนวดและอุ้งเท้า ทั้งแมวสุขใจ เศร้า และง่วง คลิกที่ไหนก็คัดลอกได้. Copy and paste stylish Unicode fonts and symbols for bios, captions, usernames and posts — free,…",https://ultratextgen.com/th/library/cat-kaomoji/?utm_source=pinterest&utm_medium=social&utm_campaign=organic_pins&utm_content=th-library-cat-kaomoji,,"localized, คาโอโมจิแมว (=^・ω・^=): คัดลอกวางหน้าตาข้อความแมวน่ารัก, fancy text generator, copy paste fonts, unicode fonts, copy and paste, ultratextgen"
คาโอโมจิน่ารัก (◕‿◕): คัดลอกวางหน้าตาข้อความน่ารักคาวาอี้ — Copy and Paste Fonts,https://ultratextgen.com/assets/pinterest/th-library-cute-kaomoji.png,International Fancy Font Generators,,"คาโอโมจิน่ารัก (◕‿◕): คัดลอกวางหน้าตาข้อความน่ารักคาวาอี้. รวมคาโอโมจิน่ารัก (◕‿◕) ให้คัดลอกวาง — หน้าตาข้อความญี่ปุ่นแนวคาวาอี้ ตาวิบวับ แก้มแดง และสัตว์น้อยน่ารัก คลิกที่ไหนก็คัดลอกได้. Copy and paste stylish Unicode fonts and symbols for bios, captions, usernames and posts — free, fast and…",https://ultratextgen.com/th/library/cute-kaomoji/?utm_source=pinterest&utm_medium=social&utm_campaign=organic_pins&utm_content=th-library-cute-kaomoji,,"localized, คาโอโมจิน่ารัก (◕‿◕): คัดลอกวางหน้าตาข้อความน่ารักคาวาอี้, fancy text generator, copy paste fonts, unicode fonts, copy and paste, ultratextgen"
ชุดอีโมจิ 🎀 ✨ 🌙 รวมอีโมจิเซ็ตน่ารัก คัดลอกวางได้เลย — Copy and Paste Fonts,https://ultratextgen.com/assets/pinterest/th-library-emoji-combos.png,International Fancy Font Generators,,"ชุดอีโมจิ 🎀 ✨ 🌙 รวมอีโมจิเซ็ตน่ารัก คัดลอกวางได้เลย. รวมชุดอีโมจิน่ารัก 🎀✨🌙 ให้คัดลอกวางได้ทันที ทั้งแนวพาสเทล มินิมอล โทนมุ้งมิ้ง ประกายดาว สีไบแอส ฤดูกาล ไปจนถึงวันเกิด จัดหมวดตามมู้ด…. Copy and paste stylish Unicode fonts and symbols for bios, captions, usernames and posts — free, fast and…",https://ultratextgen.com/th/library/emoji-combos/?utm_source=pinterest&utm_medium=social&utm_campaign=organic_pins&utm_content=th-library-emoji-combos,,"localized, ชุดอีโมจิ 🎀 ✨ 🌙 รวมอีโมจิเซ็ตน่ารัก คัดลอกวางได้เลย, fancy text generator, copy paste fonts, unicode fonts, copy and paste, ultratextgen"
ธงชาติไทย & ธงประเทศต่างๆ — อีโมจิธงชาติคัดลอกวางได้เลย — Copy and Paste Fonts,https://ultratextgen.com/assets/pinterest/th-library-emoji-flags.png,International Fancy Font Generators,,"ธงชาติไทย & ธงประเทศต่างๆ — อีโมจิธงชาติคัดลอกวางได้เลย. รวมอีโมจิธงชาติไทยและธงประเทศต่างๆ เกือบ 200 ประเทศ คัดลอกวางได้ทันที กดที่ธงก็คัดลอก นำไปใส่ไบโอ แคปชั่น หรือชื่อในเกมได้เลย. Copy and paste stylish Unicode fonts and symbols for bios, captions, usernames and posts — free, fast and right…",https://ultratextgen.com/th/library/emoji-flags/?utm_source=pinterest&utm_medium=social&utm_campaign=organic_pins&utm_content=th-library-emoji-flags,,"localized, ธงชาติไทย & ธงประเทศต่างๆ — อีโมจิธงชาติคัดลอกวางได้เลย, fancy text generator, copy paste fonts, unicode fonts, copy and paste, ultratextgen"
สัญลักษณ์ Facebook — คัดลอกวางรีแอคชัน หัวใจ และอิโมจิ — Copy and Paste Fonts,https://ultratextgen.com/assets/pinterest/th-library-facebook-symbols.png,International Fancy Font Generators,,"สัญลักษณ์ Facebook — คัดลอกวางรีแอคชัน หัวใจ และอิโมจิ. คัดลอกวางสัญลักษณ์ Facebook — อิโมจิรีแอคชัน หัวใจ ดาว และเส้นคั่น สำหรับโพสต์ คอมเมนต์ ไบโอ และชื่อเพจ คลิกสัญลักษณ์ใดก็ได้เพื่อคัดลอกทันที. Copy and paste stylish Unicode fonts and symbols for bios, captions, usernames and posts — free,…",https://ultratextgen.com/th/library/facebook-symbols/?utm_source=pinterest&utm_medium=social&utm_campaign=organic_pins&utm_content=th-library-facebook-symbols,,"localized, สัญลักษณ์ facebook — คัดลอกวางรีแอคชัน หัวใจ และอิโมจิ, fancy text generator, copy paste fonts, unicode fonts, copy and paste, ultratextgen"
สัญลักษณ์ดอกไม้และธรรมชาติ 🌻🌸 ดอกทานตะวัน คัดลอกวางได้เลย — Copy and Paste Fonts,https://ultratextgen.com/assets/pinterest/th-library-flower-symbols.png,International Fancy Font Generators,,"สัญลักษณ์ดอกไม้และธรรมชาติ 🌻🌸 ดอกทานตะวัน คัดลอกวางได้เลย. รวมอิโมจิดอกไม้ ดอกทานตะวัน ซากุระ สัญลักษณ์ต้นไม้ และอักขระดอกไม้ Unicode สำหรับไบโอ แคปชั่น และข้อความ กดที่สัญลักษณ์ก็คัดลอกได้ทันที. Copy and paste stylish Unicode fonts and symbols for bios, captions, usernames and posts — free,…",https://ultratextgen.com/th/library/flower-symbols/?utm_source=pinterest&utm_medium=social&utm_campaign=organic_pins&utm_content=th-library-flower-symbols,,"localized, สัญลักษณ์ดอกไม้และธรรมชาติ 🌻🌸 ดอกทานตะวัน คัดลอกวางได้เลย, fancy text generator, copy paste fonts, unicode fonts, copy and paste, ultratextgen"
อิโมจิอาหารและเครื่องดื่ม 🍓🍕🍰 สตรอว์เบอร์รี ของหวาน คัดลอกวางได้เลย — Copy and Paste Fonts,https://ultratextgen.com/assets/pinterest/th-library-food-drink-emojis.png,International Fancy Font Generators,,"อิโมจิอาหารและเครื่องดื่ม 🍓🍕🍰 สตรอว์เบอร์รี ของหวาน คัดลอกวางได้เลย. รวมอิโมจิอาหารและเครื่องดื่มทุกชนิด ทั้งผลไม้อย่างสตรอว์เบอร์รี อาหารปรุงสำเร็จ ของหวาน และเครื่องดื่ม กดที่อิโมจิก็คัดลอกได้ทันที. Copy and paste stylish Unicode fonts and symbols for bios, captions, usernames and posts —…",https://ultratextgen.com/th/library/food-drink-emojis/?utm_source=pinterest&utm_medium=social&utm_campaign=organic_pins&utm_content=th-library-food-drink-emojis,,"localized, อิโมจิอาหารและเครื่องดื่ม 🍓🍕🍰 สตรอว์เบอร์รี ของหวาน คัดลอกวางได้เลย, fancy text generator, copy paste fonts, unicode fonts, copy and paste, ultratextgen"
สัญลักษณ์ อีโมจิ และคาโอโมจิ — คลังคัดลอกวางได้เลย — Copy and Paste Fonts,https://ultratextgen.com/assets/pinterest/th-library.png,International Fancy Font Generators,,"สัญลักษณ์ อีโมจิ และคาโอโมจิ — คลังคัดลอกวางได้เลย. คลังรวมสัญลักษณ์ อักขระพิเศษ อีโมจิ และคาโอโมจิ ให้คัดลอกวางได้ในที่เดียว — ดาว หัวใจ สัญลักษณ์ดอกไม้ สัญลักษณ์ Roblox สัญลักษณ์ Y2K…. Copy and paste stylish Unicode fonts and symbols for bios, captions, usernames and posts — free, fast and…",https://ultratextgen.com/th/library/?utm_source=pinterest&utm_medium=social&utm_campaign=organic_pins&utm_content=th-library,,"localized, สัญลักษณ์ อีโมจิ และคาโอโมจิ — คลังคัดลอกวางได้เลย, fancy text generator, copy paste fonts, unicode fonts, copy and paste, ultratextgen"
คาโอโมจิ — หน้าตาข้อความญี่ปุ่น คัดลอกวางได้เลย (น่ารัก・ร้องไห้・ดีใจ) — Copy and Paste,https://ultratextgen.com/assets/pinterest/th-library-kaomoji.png,International Fancy Font Generators,,"คาโอโมจิ — หน้าตาข้อความญี่ปุ่น คัดลอกวางได้เลย (น่ารัก・ร้องไห้・ดีใจ). คัดลอกวางคาโอโมจิน่ารักได้เลย — อีโมติคอนตัวอักษรหน้าตาแบบญี่ปุ่นจากอักขระ Unicode รวมแบบเรียบง่าย ดีใจ ร้องไห้ เขินอาย ความรัก สัตว์…. Copy and paste stylish Unicode fonts and symbols for bios, captions, usernames and posts…",https://ultratextgen.com/th/library/kaomoji/?utm_source=pinterest&utm_medium=social&utm_campaign=organic_pins&utm_content=th-library-kaomoji,,"localized, คาโอโมจิ — หน้าตาข้อความญี่ปุ่น คัดลอกวางได้เลย (น่ารัก・ร้องไห้・ดีใจ), fancy text generator, copy paste fonts, unicode fonts, copy and paste, ultratextgen"
คาโอโมจิความรัก (♥ω♥): คัดลอกวางหน้าตาข้อความรักและหัวใจ — Copy and Paste Fonts,https://ultratextgen.com/assets/pinterest/th-library-love-kaomoji.png,International Fancy Font Generators,,"คาโอโมจิความรัก (♥ω♥): คัดลอกวางหน้าตาข้อความรักและหัวใจ. รวมคาโอโมจิความรัก (♥ω♥) และหัวใจให้คัดลอกวาง — หน้าตาข้อความญี่ปุ่นสำหรับความรัก จูบ กอด และหลงรัก คลิกที่ไหนก็คัดลอกได้ทันที. Copy and paste stylish Unicode fonts and symbols for bios, captions, usernames and posts — free, fast and…",https://ultratextgen.com/th/library/love-kaomoji/?utm_source=pinterest&utm_medium=social&utm_campaign=organic_pins&utm_content=th-library-love-kaomoji,,"localized, คาโอโมจิความรัก (♥ω♥): คัดลอกวางหน้าตาข้อความรักและหัวใจ, fancy text generator, copy paste fonts, unicode fonts, copy and paste, ultratextgen"
สัญลักษณ์ Roblox ✦ ⚡ ♡ — ตกแต่งชื่อและไบโอ คัดลอกวางได้เลย (2026) — Copy and Paste Fonts,https://ultratextgen.com/assets/pinterest/th-library-roblox-symbols.png,International Fancy Font Generators,,"สัญลักษณ์ Roblox ✦ ⚡ ♡ — ตกแต่งชื่อและไบโอ คัดลอกวางได้เลย (2026). รวมสัญลักษณ์ Roblox ✦ ⚡ ♡ กว่า 50 แบบสำหรับ Display Name ไบโอ และกลุ่ม ผ่านการทดสอบกับตัวกรองชื่อล่าสุดของ Roblox แล้วว่าไม่ถูกบล็อก…. Copy and paste stylish Unicode fonts and symbols for bios, captions, usernames and posts —…",https://ultratextgen.com/th/library/roblox-symbols/?utm_source=pinterest&utm_medium=social&utm_campaign=organic_pins&utm_content=th-library-roblox-symbols,,"localized, สัญลักษณ์ roblox ✦ ⚡ ♡ — ตกแต่งชื่อและไบโอ คัดลอกวางได้เลย (2026), fancy text generator, copy paste fonts, unicode fonts, copy and paste, ultratextgen"
สัญลักษณ์ & อักขระพิเศษ — รวมสัญลักษณ์น่ารักคัดลอกได้ (ดาว หัวใจ ตัวตกแต่ง) — Copy and,https://ultratextgen.com/assets/pinterest/th-library-special-characters.png,International Fancy Font Generators,,"สัญลักษณ์ & อักขระพิเศษ — รวมสัญลักษณ์น่ารักคัดลอกได้ (ดาว หัวใจ ตัวตกแต่ง). รวมสัญลักษณ์และอักขระพิเศษน่ารักคัดลอกวางได้ทันที ทั้งดาวระยิบระยับ หัวใจ ลูกศร วงเล็บตกแต่ง ไปจนถึงตัวโน้ต จัดหมวดหมู่ให้ครบ…. Copy and paste stylish Unicode fonts and symbols for bios, captions, usernames and posts —…",https://ultratextgen.com/th/library/special-characters/?utm_source=pinterest&utm_medium=social&utm_campaign=organic_pins&utm_content=th-library-special-characters,,"localized, สัญลักษณ์ & อักขระพิเศษ — รวมสัญลักษณ์น่ารักคัดลอกได้ (ดาว หัวใจ ตัวตกแต่ง), fancy text generator, copy paste fonts, unicode fonts, copy and paste, ultratextgen"
สัญลักษณ์ Y2K ✦ รวมสัญลักษณ์สไตล์ Y2K คัดลอกวางได้เลย — Copy and Paste Fonts,https://ultratextgen.com/assets/pinterest/th-library-y2k-symbols.png,International Fancy Font Generators,,"สัญลักษณ์ Y2K ✦ รวมสัญลักษณ์สไตล์ Y2K คัดลอกวางได้เลย. รวมสัญลักษณ์สไตล์ Y2K คัดลอกวางได้ทันที ดาวประกาย ✦ ผีเสื้อ 🦋 กางเขนโกธิค ♱ และลายซีดี 💿 สำหรับไบโอ ชื่อผู้ใช้ และแคปชั่น…. Copy and paste stylish Unicode fonts and symbols for bios, captions, usernames and posts — free, fast and right in…",https://ultratextgen.com/th/library/y2k-symbols/?utm_source=pinterest&utm_medium=social&utm_campaign=organic_pins&utm_content=th-library-y2k-symbols,,"localized, สัญลักษณ์ y2k ✦ รวมสัญลักษณ์สไตล์ y2k คัดลอกวางได้เลย, fancy text generator, copy paste fonts, unicode fonts, copy and paste, ultratextgen"
สัญลักษณ์องศา (°): ความหมาย ที่มา และวิธีพิมพ์ — Copy and Paste Fonts,https://ultratextgen.com/assets/pinterest/th-symbol-degree-symbol.png,International Fancy Font Generators,,"สัญลักษณ์องศา (°): ความหมาย ที่มา และวิธีพิมพ์. สัญลักษณ์องศา ° (U+00B0) — ใช้กับอุณหภูมิและมุม ต่างจาก º อย่างไร และวิธีพิมพ์บน Windows กับ Mac คลิกเพื่อคัดลอกได้เลย. Copy and paste stylish Unicode fonts and symbols for bios, captions, usernames and posts — free, fast and right in your browser…",https://ultratextgen.com/th/symbol/degree-symbol/?utm_source=pinterest&utm_medium=social&utm_campaign=organic_pins&utm_content=th-symbol-degree-symbol,,"localized, สัญลักษณ์องศา (°): ความหมาย ที่มา และวิธีพิมพ์, fancy text generator, copy paste fonts, unicode fonts, copy and paste, ultratextgen"
เครื่องหมายหาร (÷): ความหมาย ที่มา และวิธีพิมพ์ — Copy and Paste Fonts,https://ultratextgen.com/assets/pinterest/th-symbol-division-sign.png,International Fancy Font Generators,,"เครื่องหมายหาร (÷): ความหมาย ที่มา และวิธีพิมพ์. เครื่องหมายหาร ÷ (U+00F7) หรือ 'โอบีลัส' — ที่มาปี 1659 วิธีพิมพ์บน Windows กับ Mac และความต่างจากเส้นแบ่งเศษส่วน คลิกเพื่อคัดลอกได้เลย. Copy and paste stylish Unicode fonts and symbols for bios, captions, usernames and posts — free, fast and…",https://ultratextgen.com/th/symbol/division-sign/?utm_source=pinterest&utm_medium=social&utm_campaign=organic_pins&utm_content=th-symbol-division-sign,,"localized, เครื่องหมายหาร (÷): ความหมาย ที่มา และวิธีพิมพ์, fancy text generator, copy paste fonts, unicode fonts, copy and paste, ultratextgen"
สัญลักษณ์: ค้นหาอักขระ Unicode ทีละตัว — Copy and Paste Fonts,https://ultratextgen.com/assets/pinterest/th-symbol.png,International Fancy Font Generators,,"สัญลักษณ์: ค้นหาอักขระ Unicode ทีละตัว. ค้นหาสัญลักษณ์ทีละตัว — ความหมาย ที่มา วิธีพิมพ์ และใช้ตรงไหนได้ปลอดภัย เปิดดูหน้าสัญลักษณ์รายตัว หรือดูคลังหมวดหมู่ทั้งหมด. Copy and paste stylish Unicode fonts and symbols for bios, captions, usernames and posts — free, fast and right in your browser…",https://ultratextgen.com/th/symbol/?utm_source=pinterest&utm_medium=social&utm_campaign=organic_pins&utm_content=th-symbol,,"localized, สัญลักษณ์: ค้นหาอักขระ unicode ทีละตัว, fancy text generator, copy paste fonts, unicode fonts, copy and paste, ultratextgen"
สัญลักษณ์อินฟินิตี้ (∞): ความหมาย ที่มา และวิธีพิมพ์ — Copy and Paste Fonts,https://ultratextgen.com/assets/pinterest/th-symbol-infinity.png,International Fancy Font Generators,,"สัญลักษณ์อินฟินิตี้ (∞): ความหมาย ที่มา และวิธีพิมพ์. สัญลักษณ์อินฟินิตี้ ∞ (U+221E) แบบละเอียด — ที่มาจากจอห์น วอลลิส ปี 1655 หมายความว่าอะไร วิธีพิมพ์บน Windows กับ Mac…. Copy and paste stylish Unicode fonts and symbols for bios, captions, usernames and posts — free, fast and right in your…",https://ultratextgen.com/th/symbol/infinity/?utm_source=pinterest&utm_medium=social&utm_campaign=organic_pins&utm_content=th-symbol-infinity,,"localized, สัญลักษณ์อินฟินิตี้ (∞): ความหมาย ที่มา และวิธีพิมพ์, fancy text generator, copy paste fonts, unicode fonts, copy and paste, ultratextgen"
เครื่องหมายคูณ (×): คัดลอกวางสัญลักษณ์การคูณ — Copy and Paste Fonts,https://ultratextgen.com/assets/pinterest/th-symbol-multiplication-sign.png,International Fancy Font Generators,,"เครื่องหมายคูณ (×): คัดลอกวางสัญลักษณ์การคูณ. คัดลอกวางเครื่องหมายคูณ (×) — ที่มาปี 1631 ต่างจากตัวอักษร x และตัวดำเนินการจุดยังไง และวิธีพิมพ์ คลิกที่สัญลักษณ์ไหนก็คัดลอกได้ทันที. Copy and paste stylish Unicode fonts and symbols for bios, captions, usernames and posts — free, fast and right in…",https://ultratextgen.com/th/symbol/multiplication-sign/?utm_source=pinterest&utm_medium=social&utm_campaign=organic_pins&utm_content=th-symbol-multiplication-sign,,"localized, เครื่องหมายคูณ (×): คัดลอกวางสัญลักษณ์การคูณ, fancy text generator, copy paste fonts, unicode fonts, copy and paste, ultratextgen"
เครื่องหมายรากที่สอง (√): ความหมาย ที่มา และวิธีพิมพ์ — Copy and Paste Fonts,https://ultratextgen.com/assets/pinterest/th-symbol-square-root.png,International Fancy Font Generators,,"เครื่องหมายรากที่สอง (√): ความหมาย ที่มา และวิธีพิมพ์. เครื่องหมายรากที่สอง √ (U+221A) แบบละเอียด — ที่มาปี 1525 หมายความว่าอะไร วิธีพิมพ์บน Windows กับ Mac และใช้ที่ไหนได้บ้างอย่างปลอดภัย…. Copy and paste stylish Unicode fonts and symbols for bios, captions, usernames and posts — free, fast and…",https://ultratextgen.com/th/symbol/square-root/?utm_source=pinterest&utm_medium=social&utm_campaign=organic_pins&utm_content=th-symbol-square-root,,"localized, เครื่องหมายรากที่สอง (√): ความหมาย ที่มา และวิธีพิมพ์, fancy text generator, copy paste fonts, unicode fonts, copy and paste, ultratextgen"
เลขยกกำลังสอง (²) และสาม (³): คัดลอกวางเลขยกกำลัง — Copy and Paste Fonts,https://ultratextgen.com/assets/pinterest/th-symbol-squared-cubed.png,International Fancy Font Generators,,"เลขยกกำลังสอง (²) และสาม (³): คัดลอกวางเลขยกกำลัง. คัดลอกวางเลขยกกำลังสอง (²) และสาม (³) ที่ใช้กับเลขชี้กำลังและตัวย่อหน่วยอย่าง m² และ cm³ และเหตุที่มันแสดงผลได้เกือบทุกที่ คลิกเพื่อคัดลอก. Copy and paste stylish Unicode fonts and symbols for bios, captions, usernames and posts — free, fast and…",https://ultratextgen.com/th/symbol/squared-cubed/?utm_source=pinterest&utm_medium=social&utm_campaign=organic_pins&utm_content=th-symbol-squared-cubed,,"localized, เลขยกกำลังสอง (²) และสาม (³): คัดลอกวางเลขยกกำลัง, fancy text generator, copy paste fonts, unicode fonts, copy and paste, ultratextgen"
ฟอนต์ไบโอไอจี — Copy and Paste Fonts — UltraTextGen,https://ultratextgen.com/assets/pinterest/th-usecase-bio-font-ig.png,International Fancy Font Generators,,"ฟอนต์ไบโอไอจี. ฟอนต์และสัญลักษณ์สำหรับไบโออินสตาแกรม. Copy and paste stylish Unicode fonts and symbols for bios, captions, usernames and posts — free, fast and right in your browser with UltraTextGen.",https://ultratextgen.com/th/usecase/bio-font-ig/?utm_source=pinterest&utm_medium=social&utm_campaign=organic_pins&utm_content=th-usecase-bio-font-ig,,"localized, ฟอนต์ไบโอไอจี, fancy text generator, copy paste fonts, unicode fonts, copy and paste, ultratextgen"
ชื่อฟีฟายเท่ๆ อักษรพิเศษ ꧁꧂ ตัวสร้างชื่อ Free Fire คัดลอกวางได้เลย — Copy and Paste Fonts,https://ultratextgen.com/assets/pinterest/th-usecase-free-fire-name-generator.png,International Fancy Font Generators,,"ชื่อฟีฟายเท่ๆ อักษรพิเศษ ꧁꧂ ตัวสร้างชื่อ Free Fire คัดลอกวางได้เลย. สร้างชื่อฟีฟายเท่ๆ ด้วยอักษรพิเศษร่ม ꧁༒꧂ มงกุฎ และคาตาคานะ พิมพ์ชื่อ คัดลอก แล้ววางในเกม Free Fire ได้เลย มีชื่อฟีฟายเท่ๆ…. Copy and paste stylish Unicode fonts and symbols for bios, captions, usernames and posts — free, fast…",https://ultratextgen.com/th/usecase/free-fire-name-generator/?utm_source=pinterest&utm_medium=social&utm_campaign=organic_pins&utm_content=th-usecase-free-fire-name-generator,,"localized, ชื่อฟีฟายเท่ๆ อักษรพิเศษ ꧁꧂ ตัวสร้างชื่อ free fire คัดลอกวางได้เลย, fancy text generator, copy paste fonts, unicode fonts, copy and paste, ultratextgen"
ชื่อ Mobile Legends เท่ๆ ꧁꧂ ตัวสร้างนิกเนม MLBB พร้อมเช็กชื่อ — Copy and Paste Fonts,https://ultratextgen.com/assets/pinterest/th-usecase-mobile-legends-name-generator.png,International Fancy Font Generators,,"ชื่อ Mobile Legends เท่ๆ ꧁꧂ ตัวสร้างนิกเนม MLBB พร้อมเช็กชื่อ. สร้างนิกเนม Mobile Legends เท่ๆ ด้วยกรอบ ꧁༒꧂ สัญลักษณ์มังกรและมงกุฎ พิมพ์ชื่อ คัดลอก วางในเกมได้เลย จุดต่างของเราคือตัวเช็กชื่อ MLBB —…. Copy and paste stylish Unicode fonts and symbols for bios, captions, usernames and posts — free,…",https://ultratextgen.com/th/usecase/mobile-legends-name-generator/?utm_source=pinterest&utm_medium=social&utm_campaign=organic_pins&utm_content=th-usecase-mobile-legends-name-generator,,"localized, ชื่อ mobile legends เท่ๆ ꧁꧂ ตัวสร้างนิกเนม mlbb พร้อมเช็กชื่อ, fancy text generator, copy paste fonts, unicode fonts, copy and paste, ultratextgen"
Mag-istayl ng Discord Name na Hindi Ma-filter o Mahirap Basahin — Copy and Paste Fonts,https://ultratextgen.com/assets/pinterest/tl-guide-discord-name-na-safe.png,International Fancy Font Generators,,"Mag-istayl ng Discord Name na Hindi Ma-filter o Mahirap Basahin. Kahit maganda ang itsura ng styled Discord name mo, pwede pa rin itong bumagsak sa tatlong tahimik na test: ang member list, ang…. Copy and paste stylish Unicode fonts and symbols for bios, captions, usernames and posts — free,…",https://ultratextgen.com/tl/guide/discord-name-na-safe/?utm_source=pinterest&utm_medium=social&utm_campaign=organic_pins&utm_content=tl-guide-discord-name-na-safe,,"localized, mag-istayl ng discord name na hindi ma-filter o mahirap basahin, fancy text generator, copy paste fonts, unicode fonts, copy and paste, ultratextgen"
"Discord Fonts at Formatting, Ipinaliwanag: Markdown vs Unicode vs Nitro — Copy and",https://ultratextgen.com/assets/pinterest/tl-guide-discord-text-formatting-paliwanag.png,International Fancy Font Generators,,"Discord Fonts at Formatting, Ipinaliwanag: Markdown vs Unicode vs Nitro. Bakit gumagana ang bold sa Discord chat pero hindi sa username mo — ang tatlong magkaibang text system ng Discord (Markdown, Unicode…. Copy and paste stylish Unicode fonts and symbols for bios, captions, usernames and posts…",https://ultratextgen.com/tl/guide/discord-text-formatting-paliwanag/?utm_source=pinterest&utm_medium=social&utm_campaign=organic_pins&utm_content=tl-guide-discord-text-formatting-paliwanag,,"localized, discord fonts at formatting, ipinaliwanag: markdown vs unicode vs nitro, fancy text generator, copy paste fonts, unicode fonts, copy and paste, ultratextgen"
Mga Gabay ng UltraTextGen — kabisaduhin ang stylish na typography — Copy and Paste Fonts,https://ultratextgen.com/assets/pinterest/tl-guide.png,International Fancy Font Generators,,"Mga Gabay ng UltraTextGen — kabisaduhin ang stylish na typography. Ang mga gabay ng UltraTextGen sa Filipino: unawain at kabisaduhin ang Unicode fonts, i-istayl ang Discord name at server mo, at…. Copy and paste stylish Unicode fonts and symbols for bios, captions, usernames and posts — free,…",https://ultratextgen.com/tl/guide/?utm_source=pinterest&utm_medium=social&utm_campaign=organic_pins&utm_content=tl-guide,,"localized, mga gabay ng ultratextgen — kabisaduhin ang stylish na typography, fancy text generator, copy paste fonts, unicode fonts, copy and paste, ultratextgen"
Saan Gumagana ang Fancy Fonts sa Discord: Field-by-Field na Mapa — Copy and Paste Fonts,https://ultratextgen.com/assets/pinterest/tl-guide-saan-gumagana-ang-font-sa-discord.png,International Fancy Font Generators,,"Saan Gumagana ang Fancy Fonts sa Discord: Field-by-Field na Mapa. Bakit sinasabi ng Discord na invalid ang username mo, bakit nawala ang capital letters ng channel name mo, at kung aling fields…. Copy and paste stylish Unicode fonts and symbols for bios, captions, usernames and posts — free,…",https://ultratextgen.com/tl/guide/saan-gumagana-ang-font-sa-discord/?utm_source=pinterest&utm_medium=social&utm_campaign=organic_pins&utm_content=tl-guide-saan-gumagana-ang-font-sa-discord,,"localized, saan gumagana ang fancy fonts sa discord: field-by-field na mapa, fancy text generator, copy paste fonts, unicode fonts, copy and paste, ultratextgen"
Stylish Text & Fancy Fonts — Cool Font Generator (Copy-Paste) — Copy and Paste Fonts,https://ultratextgen.com/assets/pinterest/tl.png,International Fancy Font Generators,,"Stylish Text & Fancy Fonts — Cool Font Generator (Copy-Paste). Gawing stylish ang text mo — fancy fonts, cool na letra & aesthetic symbols para sa FB & IG bio, TikTok caption, WhatsApp status, at…. Copy and paste stylish Unicode fonts and symbols for bios, captions, usernames and posts — free,…",https://ultratextgen.com/tl/?utm_source=pinterest&utm_medium=social&utm_campaign=organic_pins&utm_content=tl,,"localized, stylish text & fancy fonts — cool (copy-paste), fancy text generator, copy paste fonts, unicode fonts, copy and paste, ultratextgen"
Bio Font Generator — Copy and Paste Fonts,https://ultratextgen.com/assets/pinterest/tl-usecase-bio-font.png,International Fancy Font Generators,,"Bio Font Generator. Fancy fonts at symbols para sa iyong bio. Copy and paste stylish Unicode fonts and symbols for bios, captions, usernames and posts — free, fast and right in your browser with UltraTextGen.",https://ultratextgen.com/tl/usecase/bio-font/?utm_source=pinterest&utm_medium=social&utm_campaign=organic_pins&utm_content=tl-usecase-bio-font,,"localized, bio, fancy text generator, copy paste fonts, unicode fonts, copy and paste, ultratextgen"
Boş (Görünmez) İsim Nasıl Yapılır? — Copy and Paste Fonts,https://ultratextgen.com/assets/pinterest/tr-answers-bos-gorunmez-isim-nasil-yapilir.png,International Fancy Font Generators,,"Boş (Görünmez) İsim Nasıl Yapılır?. Bir oyunda, Discord'da, Steam'de veya WhatsApp'ta boş ya da görünmez bir kullanıcı adı mı istiyorsun? Normal boşluk kırpılır, bu yüzden…. Copy and paste stylish Unicode fonts and symbols for bios, captions, usernames and posts — free, fast and right in your…",https://ultratextgen.com/tr/answers/bos-gorunmez-isim-nasil-yapilir/?utm_source=pinterest&utm_medium=social&utm_campaign=organic_pins&utm_content=tr-answers-bos-gorunmez-isim-nasil-yapilir,,"localized, boş (görünmez) i̇sim nasıl yapılır?, fancy text generator, copy paste fonts, unicode fonts, copy and paste, ultratextgen"
İsmim Neden Kutu veya Soru İşareti Olarak Görünüyor? — Copy and Paste Fonts,https://ultratextgen.com/assets/pinterest/tr-answers-isim-neden-kutu-olarak-gorunuyor.png,International Fancy Font Generators,,"İsmim Neden Kutu veya Soru İşareti Olarak Görünüyor?. Şekilli ismin kaydedildi ama arkadaşlarına ya da oyun içinde □ veya ??? olarak görünüyor. Bu, karşı cihazda eksik karakter (tofu) sorunu…. Copy and paste stylish Unicode fonts and symbols for bios, captions, usernames and posts — free, fast…",https://ultratextgen.com/tr/answers/isim-neden-kutu-olarak-gorunuyor/?utm_source=pinterest&utm_medium=social&utm_campaign=organic_pins&utm_content=tr-answers-isim-neden-kutu-olarak-gorunuyor,,"localized, i̇smim neden kutu veya soru i̇şareti olarak görünüyor?, fancy text generator, copy paste fonts, unicode fonts, copy and paste, ultratextgen"
"Şekilli Yazılar Nerede Çalışır — Kullanıcı Adı mı, Görüntülenen Ad mı? — Copy and Paste",https://ultratextgen.com/assets/pinterest/tr-answers-kullanici-adi-mi-goruntulenen-ad-mi.png,International Fancy Font Generators,,"Şekilli Yazılar Nerede Çalışır — Kullanıcı Adı mı, Görüntülenen Ad mı?. Şekilli bir yazı yapıştırınca «geçersiz karakter» hatası mı alıyorsun? Bu, @kullanıcı adına değil görüntülenen ada gider. İşte kural…. Copy and paste stylish Unicode fonts and symbols for bios, captions, usernames and posts…",https://ultratextgen.com/tr/answers/kullanici-adi-mi-goruntulenen-ad-mi/?utm_source=pinterest&utm_medium=social&utm_campaign=organic_pins&utm_content=tr-answers-kullanici-adi-mi-goruntulenen-ad-mi,,"localized, şekilli yazılar nerede çalışır — kullanıcı adı mı, görüntülenen ad mı?, fancy text generator, copy paste fonts, unicode fonts, copy and paste, ultratextgen"
Oyun İsmim Neden Reddedildi? — Copy and Paste Fonts,https://ultratextgen.com/assets/pinterest/tr-answers-oyun-ismi-neden-reddedildi.png,International Fancy Font Generators,,"Oyun İsmim Neden Reddedildi?. Free Fire, PUBG, Roblox veya Valorant şekilli ismini kaydetmiyor mu? Oyunlar belirli karakterleri filtreler ve şekilli harfleri dar bir…. Copy and paste stylish Unicode fonts and symbols for bios, captions, usernames and posts — free, fast and right in your browser…",https://ultratextgen.com/tr/answers/oyun-ismi-neden-reddedildi/?utm_source=pinterest&utm_medium=social&utm_campaign=organic_pins&utm_content=tr-answers-oyun-ismi-neden-reddedildi,,"localized, oyun i̇smim neden reddedildi?, fancy text generator, copy paste fonts, unicode fonts, copy and paste, ultratextgen"
"Büyük Küçük Harf Dönüştürücü — UPPERCASE, lowercase, Title Case — Copy and Paste Fonts",https://ultratextgen.com/assets/pinterest/tr-buyuk-kucuk-harf.png,International Fancy Font Generators,,"Büyük Küçük Harf Dönüştürücü — UPPERCASE, lowercase, Title Case. Ücretsiz büyük küçük harf dönüştürücü. Metnini anında UPPERCASE, lowercase, Title Case, Sentence case, Capitalized Case, aLtErNaTiNg…. Copy and paste stylish Unicode fonts and symbols for bios, captions, usernames and posts — free,…",https://ultratextgen.com/tr/buyuk-kucuk-harf/?utm_source=pinterest&utm_medium=social&utm_campaign=organic_pins&utm_content=tr-buyuk-kucuk-harf,,"localized, büyük küçük harf dönüştürücü — uppercase, lowercase, title case, fancy text generator, copy paste fonts, unicode fonts, copy and paste, ultratextgen"
Unicode Yazı Tipi Kategorileri — Copy and Paste Fonts,https://ultratextgen.com/assets/pinterest/tr-category.png,International Fancy Font Generators,,"Unicode Yazı Tipi Kategorileri. UltraTextGen'in tüm Unicode yazı tipi kategorileri: kalın, el yazısı, gotik, küçük, üstü çizili ve daha fazlası. Her uygulamaya kopyala…. Copy and paste stylish Unicode fonts and symbols for bios, captions, usernames and posts — free, fast and right in your…",https://ultratextgen.com/tr/category/?utm_source=pinterest&utm_medium=social&utm_campaign=organic_pins&utm_content=tr-category,,"localized, unicode yazı tipi kategorileri, fancy text generator, copy paste fonts, unicode fonts, copy and paste, ultratextgen"
El Yazısı Fontu — Copy and Paste Fonts — UltraTextGen,https://ultratextgen.com/assets/pinterest/tr-el-yazisi-fontu.png,International Fancy Font Generators,,"El Yazısı Fontu. El yazısı alfabesi kopyala yapıştır. Copy and paste stylish Unicode fonts and symbols for bios, captions, usernames and posts — free, fast and right in your browser with UltraTextGen.",https://ultratextgen.com/tr/el-yazisi-fontu/?utm_source=pinterest&utm_medium=social&utm_campaign=organic_pins&utm_content=tr-el-yazisi-fontu,,"localized, el yazısı fontu, fancy text generator, copy paste fonts, unicode fonts, copy and paste, ultratextgen"
100+ Kopyala Yapıştır Emoji Kombinasyonu 🦋✨ Estetik Combo — Copy and Paste Fonts,https://ultratextgen.com/assets/pinterest/tr-emoji-kombinasyonlari.png,International Fancy Font Generators,,"100+ Kopyala Yapıştır Emoji Kombinasyonu 🦋✨ Estetik Combo. 100+ kopyala yapıştır emoji kombinasyonu: coquette, cottagecore, kawaii, Y2K, dark academia, gece gökyüzü, melek, nazar ve daha fazlası…. Copy and paste stylish Unicode fonts and symbols for bios, captions, usernames and posts — free,…",https://ultratextgen.com/tr/emoji-kombinasyonlari/?utm_source=pinterest&utm_medium=social&utm_campaign=organic_pins&utm_content=tr-emoji-kombinasyonlari,,"localized, 100+ kopyala yapıştır emoji kombinasyonu 🦋✨ estetik combo, fancy text generator, copy paste fonts, unicode fonts, copy and paste, ultratextgen"
Görünmez Karakter (Görünmez Yazı) — Boşluk Kopyala Yapıştır — Copy and Paste Fonts,https://ultratextgen.com/assets/pinterest/tr-gorunmez-karakter.png,International Fancy Font Generators,,"Görünmez Karakter (Görünmez Yazı) — Boşluk Kopyala Yapıştır. Free Fire için boş isim, Instagram biyografisi ve boş WhatsApp mesajları için görünmez yazı ve görünmez karakterleri (zero width space…. Copy and paste stylish Unicode fonts and symbols for bios, captions, usernames and posts — free,…",https://ultratextgen.com/tr/gorunmez-karakter/?utm_source=pinterest&utm_medium=social&utm_campaign=organic_pins&utm_content=tr-gorunmez-karakter,,"localized, görünmez karakter (görünmez yazı) — boşluk kopyala yapıştır, fancy text generator, copy paste fonts, unicode fonts, copy and paste, ultratextgen"
Discord'da Şekilli Fontlar Nerede Çalışır: Alan Alan Harita — Copy and Paste Fonts,https://ultratextgen.com/assets/pinterest/tr-guide-discord-fontlari-nerede-calisir.png,International Fancy Font Generators,,"Discord'da Şekilli Fontlar Nerede Çalışır: Alan Alan Harita. Discord kullanıcı adına neden geçersiz diyor, kanal adın neden büyük harflerini kaybetti ve tam olarak hangi alanlar Unicode fontları…. Copy and paste stylish Unicode fonts and symbols for bios, captions, usernames and posts — free,…",https://ultratextgen.com/tr/guide/discord-fontlari-nerede-calisir/?utm_source=pinterest&utm_medium=social&utm_campaign=organic_pins&utm_content=tr-guide-discord-fontlari-nerede-calisir,,"localized, discord'da şekilli fontlar nerede çalışır: alan alan harita, fancy text generator, copy paste fonts, unicode fonts, copy and paste, ultratextgen"
"Discord Fontları ve Biçimlendirme: Markdown, Unicode ve Nitro — Copy and Paste Fonts",https://ultratextgen.com/assets/pinterest/tr-guide-discord-metin-bicimlendirme.png,International Fancy Font Generators,,"Discord Fontları ve Biçimlendirme: Markdown, Unicode ve Nitro. Kalın metin Discord sohbetinde neden çalışır ama kullanıcı adında çalışmaz — Discord'un kullandığı üç farklı metin sistemi (Markdown…. Copy and paste stylish Unicode fonts and symbols for bios, captions, usernames and posts — free,…",https://ultratextgen.com/tr/guide/discord-metin-bicimlendirme/?utm_source=pinterest&utm_medium=social&utm_campaign=organic_pins&utm_content=tr-guide-discord-metin-bicimlendirme,,"localized, discord fontları ve biçimlendirme: markdown, unicode ve nitro, fancy text generator, copy paste fonts, unicode fonts, copy and paste, ultratextgen"
Filtrelenmeden veya Erişilebilirliği Bozmadan Discord İsmi Şekillendirme — Copy and,https://ultratextgen.com/assets/pinterest/tr-guide-guvenli-discord-ismi.png,International Fancy Font Generators,,"Filtrelenmeden veya Erişilebilirliği Bozmadan Discord İsmi Şekillendirme. Şekilli bir Discord ismi yine de üç sessiz testte kalabilir: üye listesi, @bahsetme ve taklit filtresi. Zevkli, okunabilir ve güvenle…. Copy and paste stylish Unicode fonts and symbols for bios, captions, usernames and…",https://ultratextgen.com/tr/guide/guvenli-discord-ismi/?utm_source=pinterest&utm_medium=social&utm_campaign=organic_pins&utm_content=tr-guide-guvenli-discord-ismi,,"localized, filtrelenmeden veya erişilebilirliği bozmadan discord i̇smi şekillendirme, fancy text generator, copy paste fonts, unicode fonts, copy and paste, ultratextgen"
UltraTextGen Rehberleri — Şekilli Tipografide Ustalaş — Copy and Paste Fonts,https://ultratextgen.com/assets/pinterest/tr-guide.png,International Fancy Font Generators,,"UltraTextGen Rehberleri — Şekilli Tipografide Ustalaş. UltraTextGen rehberleri Türkçe: Unicode fontları anlamak ve ustalaşmak, Discord takma adını ve sunucunu şekillendirmek, şekilli…. Copy and paste stylish Unicode fonts and symbols for bios, captions, usernames and posts — free, fast and right…",https://ultratextgen.com/tr/guide/?utm_source=pinterest&utm_medium=social&utm_campaign=organic_pins&utm_content=tr-guide,,"localized, ultratextgen rehberleri — şekilli tipografide ustalaş, fancy text generator, copy paste fonts, unicode fonts, copy and paste, ultratextgen"
Şekilli Yazı Oluşturucu — Copy and Paste Fonts,https://ultratextgen.com/assets/pinterest/tr.png,International Fancy Font Generators,,"Şekilli Yazı Oluşturucu. Havalı yazı tipleri ve sembolleri kopyala. Copy and paste stylish Unicode fonts and symbols for bios, captions, usernames and posts — free, fast and right in your browser with UltraTextGen.",https://ultratextgen.com/tr/?utm_source=pinterest&utm_medium=social&utm_campaign=organic_pins&utm_content=tr,,"localized, şekilli yazı oluşturucu, fancy text generator, copy paste fonts, unicode fonts, copy and paste, ultratextgen"
Instagram Yazı Tipi — Copy and Paste Fonts,https://ultratextgen.com/assets/pinterest/tr-instagram-yazi-tipi.png,International Fancy Font Generators,,"Instagram Yazı Tipi. Bio için şekilli yazı ve semboller. Copy and paste stylish Unicode fonts and symbols for bios, captions, usernames and posts — free, fast and right in your browser with UltraTextGen.",https://ultratextgen.com/tr/instagram-yazi-tipi/?utm_source=pinterest&utm_medium=social&utm_campaign=organic_pins&utm_content=tr-instagram-yazi-tipi,,"localized, instagram yazı tipi, fancy text generator, copy paste fonts, unicode fonts, copy and paste, ultratextgen"
İtalik Yazı Yazma — İtalik Font Kopyala Yapıştır (𝘐𝘵𝘢𝘭𝘪𝘬) — Copy and Paste Fonts,https://ultratextgen.com/assets/pinterest/tr-italik-yazi.png,International Fancy Font Generators,,"İtalik Yazı Yazma — İtalik Font Kopyala Yapıştır (𝘐𝘵𝘢𝘭𝘪𝘬). İtalik yazı yazma aracı: metnini 𝘪𝘵𝘢𝘭𝘪𝘬, 𝑖𝑡𝑎𝑙𝑖𝑘 ve 𝙞𝙩𝙖𝙡𝙞𝙠 stillerine çevir. Instagram bio, WhatsApp ve nick için italik yazı kopyala…. Copy and paste stylish Unicode fonts and symbols for bios, captions, usernames and posts — free, fast…",https://ultratextgen.com/tr/italik-yazi/?utm_source=pinterest&utm_medium=social&utm_campaign=organic_pins&utm_content=tr-italik-yazi,,"localized, i̇talik yazı yazma — i̇talik font kopyala yapıştır (𝘐𝘵𝘢𝘭𝘪𝘬), fancy text generator, copy paste fonts, unicode fonts, copy and paste, ultratextgen"
Kalın Yazı — Copy and Paste Fonts — UltraTextGen,https://ultratextgen.com/assets/pinterest/tr-kalin-yazi.png,International Fancy Font Generators,,"Kalın Yazı. Kalın font kopyala yapıştır. Copy and paste stylish Unicode fonts and symbols for bios, captions, usernames and posts — free, fast and right in your browser with UltraTextGen.",https://ultratextgen.com/tr/kalin-yazi/?utm_source=pinterest&utm_medium=social&utm_campaign=organic_pins&utm_content=tr-kalin-yazi,,"localized, kalın yazı, fancy text generator, copy paste fonts, unicode fonts, copy and paste, ultratextgen"
Karakter Sayacı ve Kelime Sayacı — Ücretsiz Online Araç — Copy and Paste Fonts,https://ultratextgen.com/assets/pinterest/tr-karakter-sayaci.png,International Fancy Font Generators,,"Karakter Sayacı ve Kelime Sayacı — Ücretsiz Online Araç. Ücretsiz karakter sayacı ve kelime sayacı. Yazarken canlı kelime, karakter, cümle, paragraf ve okuma süresi istatistikleri, artı 26…. Copy and paste stylish Unicode fonts and symbols for bios, captions, usernames and posts — free, fast and…",https://ultratextgen.com/tr/karakter-sayaci/?utm_source=pinterest&utm_medium=social&utm_campaign=organic_pins&utm_content=tr-karakter-sayaci,,"localized, karakter sayacı ve kelime sayacı — ücretsiz online araç, fancy text generator, copy paste fonts, unicode fonts, copy and paste, ultratextgen"
Küçük Yazı — Copy and Paste Fonts — UltraTextGen,https://ultratextgen.com/assets/pinterest/tr-kucuk-yazi.png,International Fancy Font Generators,,"Küçük Yazı. Minik harfler kopyala yapıştır. Copy and paste stylish Unicode fonts and symbols for bios, captions, usernames and posts — free, fast and right in your browser with UltraTextGen.",https://ultratextgen.com/tr/kucuk-yazi/?utm_source=pinterest&utm_medium=social&utm_campaign=organic_pins&utm_content=tr-kucuk-yazi,,"localized, küçük yazı, fancy text generator, copy paste fonts, unicode fonts, copy and paste, ultratextgen"
Kedi Kaomoji (=^・ω・^=): Sevimli Kedi Metin Yüzleri Kopyala Yapıştır — Copy and Paste Fonts,https://ultratextgen.com/assets/pinterest/tr-library-cat-kaomoji.png,International Fancy Font Generators,,"Kedi Kaomoji (=^・ω・^=): Sevimli Kedi Metin Yüzleri Kopyala Yapıştır. Kedi kaomoji'ye (=^・ω・^=) göz at ve kopyala — bıyıklı ve patili sevimli Japon kedi metin yüzleri. Mutlu, üzgün ve uykulu kediler…. Copy and paste stylish Unicode fonts and symbols for bios, captions, usernames and posts — free,…",https://ultratextgen.com/tr/library/cat-kaomoji/?utm_source=pinterest&utm_medium=social&utm_campaign=organic_pins&utm_content=tr-library-cat-kaomoji,,"localized, kedi kaomoji (=^・ω・^=): sevimli kedi metin yüzleri kopyala yapıştır, fancy text generator, copy paste fonts, unicode fonts, copy and paste, ultratextgen"
Coquette Sembolleri 🎀 Kopyala Yapıştır — Pembe Fiyonk ve Kurdele Aesthetic — Copy and,https://ultratextgen.com/assets/pinterest/tr-library-coquette-sembolleri.png,International Fancy Font Generators,,"Coquette Sembolleri 🎀 Kopyala Yapıştır — Pembe Fiyonk ve Kurdele Aesthetic. Coquette aesthetic sembolleri: fiyonk 🎀, kurdele, kalp ♡, çiçek ✿ ve pembe süsler. Bio ve nick için yumuşak, feminen, dollette tarzı…. Copy and paste stylish Unicode fonts and symbols for bios, captions, usernames and…",https://ultratextgen.com/tr/library/coquette-sembolleri/?utm_source=pinterest&utm_medium=social&utm_campaign=organic_pins&utm_content=tr-library-coquette-sembolleri,,"localized, coquette sembolleri 🎀 kopyala yapıştır — pembe fiyonk ve kurdele aesthetic, fancy text generator, copy paste fonts, unicode fonts, copy and paste, ultratextgen"
"Cottagecore Sembolleri ✿ Kopyala Yapıştır — Mantar, Çiçek ve Doğa Estetiği — Copy and",https://ultratextgen.com/assets/pinterest/tr-library-cottagecore-sembolleri.png,International Fancy Font Generators,,"Cottagecore Sembolleri ✿ Kopyala Yapıştır — Mantar, Çiçek ve Doğa Estetiği. Cottagecore estetiği sembolleri: mantar 🍄, çiçek, arı 🐝 ve kır motifleri. Bio ve caption için cottage yaşamı süslerini kopyala yapıştır. Copy and paste stylish Unicode fonts and symbols for bios, captions, usernames and…",https://ultratextgen.com/tr/library/cottagecore-sembolleri/?utm_source=pinterest&utm_medium=social&utm_campaign=organic_pins&utm_content=tr-library-cottagecore-sembolleri,,"localized, cottagecore sembolleri ✿ kopyala yapıştır — mantar, çiçek ve doğa estetiği, fancy text generator, copy paste fonts, unicode fonts, copy and paste, ultratextgen"
Sevimli Kaomoji (◕‿◕): Sevimli & Kawaii Metin Yüzleri Kopyala Yapıştır — Copy and Paste,https://ultratextgen.com/assets/pinterest/tr-library-cute-kaomoji.png,International Fancy Font Generators,,"Sevimli Kaomoji (◕‿◕): Sevimli & Kawaii Metin Yüzleri Kopyala Yapıştır. Sevimli kaomoji'ye (◕‿◕) göz at ve kopyala — parıltılı gözler, kızaran yanaklar ve hayvanlarla kawaii Japon metin yüzleri. Kopyalamak…. Copy and paste stylish Unicode fonts and symbols for bios, captions, usernames and posts…",https://ultratextgen.com/tr/library/cute-kaomoji/?utm_source=pinterest&utm_medium=social&utm_campaign=organic_pins&utm_content=tr-library-cute-kaomoji,,"localized, sevimli kaomoji (◕‿◕): sevimli & kawaii metin yüzleri kopyala yapıştır, fancy text generator, copy paste fonts, unicode fonts, copy and paste, ultratextgen"
Derece İşareti — Copy and Paste Fonts — UltraTextGen,https://ultratextgen.com/assets/pinterest/tr-library-derece-isareti.png,International Fancy Font Generators,,"Derece İşareti. Sıcaklık, açı ve geometri sembolleri kopyala. Copy and paste stylish Unicode fonts and symbols for bios, captions, usernames and posts — free, fast and right in your browser with UltraTextGen.",https://ultratextgen.com/tr/library/derece-isareti/?utm_source=pinterest&utm_medium=social&utm_campaign=organic_pins&utm_content=tr-library-derece-isareti,,"localized, derece i̇şareti, fancy text generator, copy paste fonts, unicode fonts, copy and paste, ultratextgen"
"Discord Sembolleri Kopyala Yapıştır — Kanal, Sunucu ve Profil İşaretleri — Copy and",https://ultratextgen.com/assets/pinterest/tr-library-discord-sembolleri.png,International Fancy Font Generators,,"Discord Sembolleri Kopyala Yapıştır — Kanal, Sunucu ve Profil İşaretleri. Discord sembolleri kopyala yapıştır: ▸ ┊ ➤ ꒱ ⟢ kanal adı süsleri, sunucu ve kategori ayraçları, rol ve profil işaretleri. Dokun, anında…. Copy and paste stylish Unicode fonts and symbols for bios, captions, usernames and…",https://ultratextgen.com/tr/library/discord-sembolleri/?utm_source=pinterest&utm_medium=social&utm_campaign=organic_pins&utm_content=tr-library-discord-sembolleri,,"localized, discord sembolleri kopyala yapıştır — kanal, sunucu ve profil i̇şaretleri, fancy text generator, copy paste fonts, unicode fonts, copy and paste, ultratextgen"
Dreamcore & Weirdcore Sembolleri: Kopyala Yapıştır 👁 🌈 ⋆ Sürreal Estetik — Copy and,https://ultratextgen.com/assets/pinterest/tr-library-dreamcore-weirdcore-sembolleri.png,International Fancy Font Generators,,"Dreamcore & Weirdcore Sembolleri: Kopyala Yapıştır 👁 🌈 ⋆ Sürreal Estetik. Dreamcore ve weirdcore sembolleri — sürreal gözler 👁, gökkuşakları 🌈, glitch blokları, kapılar ve sleepcore kombinleri liminal…. Copy and paste stylish Unicode fonts and symbols for bios, captions, usernames and posts —…",https://ultratextgen.com/tr/library/dreamcore-weirdcore-sembolleri/?utm_source=pinterest&utm_medium=social&utm_campaign=organic_pins&utm_content=tr-library-dreamcore-weirdcore-sembolleri,,"localized, dreamcore & weirdcore sembolleri: kopyala yapıştır 👁 🌈 ⋆ sürreal estetik, fancy text generator, copy paste fonts, unicode fonts, copy and paste, ultratextgen"
"Estetik Semboller Kopyala Yapıştır — Bio, Nick ve Aesthetic İşaretler — Copy and Paste",https://ultratextgen.com/assets/pinterest/tr-library-estetik-semboller.png,International Fancy Font Generators,,"Estetik Semboller Kopyala Yapıştır — Bio, Nick ve Aesthetic İşaretler. Estetik semboller kopyala yapıştır: ✦ ♡ ୨୧ ❀ ⋆ coquette, kawaii, y2k, soft, kelebek, kalp, yıldız ve bio ayraçları. Dokun, anında…. Copy and paste stylish Unicode fonts and symbols for bios, captions, usernames and posts —…",https://ultratextgen.com/tr/library/estetik-semboller/?utm_source=pinterest&utm_medium=social&utm_campaign=organic_pins&utm_content=tr-library-estetik-semboller,,"localized, estetik semboller kopyala yapıştır — bio, nick ve aesthetic i̇şaretler, fancy text generator, copy paste fonts, unicode fonts, copy and paste, ultratextgen"
"Facebook Sembolleri ▸ Kopyala — Tepki, Kalp & Emoji Koleksiyonu — Copy and Paste Fonts",https://ultratextgen.com/assets/pinterest/tr-library-facebook-sembolleri.png,International Fancy Font Generators,,"Facebook Sembolleri ▸ Kopyala — Tepki, Kalp & Emoji Koleksiyonu. Facebook sembollerini kopyala yapıştır — gönderiler, yorumlar, bio ve sayfa adları için tepki emojileri, kalpler, yıldızlar ve ayraçlar…. Copy and paste stylish Unicode fonts and symbols for bios, captions, usernames and posts —…",https://ultratextgen.com/tr/library/facebook-sembolleri/?utm_source=pinterest&utm_medium=social&utm_campaign=organic_pins&utm_content=tr-library-facebook-sembolleri,,"localized, facebook sembolleri ▸ kopyala — tepki, kalp & emoji koleksiyonu, fancy text generator, copy paste fonts, unicode fonts, copy and paste, ultratextgen"
Fairycore Sembolleri: Kopyala Yapıştır 🧚 🍄 ✨ Peri Estetiği — Copy and Paste Fonts,https://ultratextgen.com/assets/pinterest/tr-library-fairycore-sembolleri.png,International Fancy Font Generators,,"Fairycore Sembolleri: Kopyala Yapıştır 🧚 🍄 ✨ Peri Estetiği. Fairycore sembolleri ve emoji kombinleri — periler 🧚, mantarlar 🍄, parıltılar ✨ ve zarif çiçek karakterleriyle büyülü bio'lar…. Copy and paste stylish Unicode fonts and symbols for bios, captions, usernames and posts — free, fast and…",https://ultratextgen.com/tr/library/fairycore-sembolleri/?utm_source=pinterest&utm_medium=social&utm_campaign=organic_pins&utm_content=tr-library-fairycore-sembolleri,,"localized, fairycore sembolleri: kopyala yapıştır 🧚 🍄 ✨ peri estetiği, fancy text generator, copy paste fonts, unicode fonts, copy and paste, ultratextgen"
Goth & Grunge Sembolleri ✝ Kopyala Yapıştır — Karanlık Aesthetic Bio İşaretleri — Copy,https://ultratextgen.com/assets/pinterest/tr-library-goth-grunge-sembolleri.png,International Fancy Font Generators,,"Goth & Grunge Sembolleri ✝ Kopyala Yapıştır — Karanlık Aesthetic Bio İşaretleri. Goth ve grunge bio'ları için karanlık aesthetic semboller: haçlar ♱ ✟ †, kurukafalar 💀, örümcekler 🕷, hançerler 🗡 ve alt moda süsleri…. Copy and paste stylish Unicode fonts and symbols for bios, captions, usernames…",https://ultratextgen.com/tr/library/goth-grunge-sembolleri/?utm_source=pinterest&utm_medium=social&utm_campaign=organic_pins&utm_content=tr-library-goth-grunge-sembolleri,,"localized, goth & grunge sembolleri ✝ kopyala yapıştır — karanlık aesthetic bio i̇şaretleri, fancy text generator, copy paste fonts, unicode fonts, copy and paste, ultratextgen"
"Semboller — Estetik Semboller, Kaomoji ve Sembol Kütüphanesi Kopyala Yapıştır — Copy",https://ultratextgen.com/assets/pinterest/tr-library.png,International Fancy Font Generators,,"Semboller — Estetik Semboller, Kaomoji ve Sembol Kütüphanesi Kopyala Yapıştır. Kopyala yapıştır semboller kütüphanesi — estetik semboller, kalp, yıldız, ok, onay işareti, kaomoji ve Yunan harfleri. Sembolleri ara…. Copy and paste stylish Unicode fonts and symbols for bios, captions, usernames…",https://ultratextgen.com/tr/library/?utm_source=pinterest&utm_medium=social&utm_campaign=organic_pins&utm_content=tr-library,,"localized, semboller — estetik semboller, kaomoji ve sembol kütüphanesi kopyala yapıştır, fancy text generator, copy paste fonts, unicode fonts, copy and paste, ultratextgen"
Japon Alfabesi — Copy and Paste Fonts — UltraTextGen,https://ultratextgen.com/assets/pinterest/tr-library-japon-alfabesi.png,International Fancy Font Generators,,"Japon Alfabesi. Hiragana, katakana ve kanji kopyala yapıştır. Copy and paste stylish Unicode fonts and symbols for bios, captions, usernames and posts — free, fast and right in your browser with UltraTextGen.",https://ultratextgen.com/tr/library/japon-alfabesi/?utm_source=pinterest&utm_medium=social&utm_campaign=organic_pins&utm_content=tr-library-japon-alfabesi,,"localized, japon alfabesi, fancy text generator, copy paste fonts, unicode fonts, copy and paste, ultratextgen"
Kalp Sembolleri: Kalp Emojileri ve Karakterleri Kopyala Yapıştır — Copy and Paste Fonts,https://ultratextgen.com/assets/pinterest/tr-library-kalp-sembolleri.png,International Fancy Font Generators,,"Kalp Sembolleri: Kalp Emojileri ve Karakterleri Kopyala Yapıştır. Kalp sembolleri kopyala yapıştır: kalp emojileri, renkli kalpler, Unicode kalp karakterleri ♥ ♡ ❥ ve aşkla ilgili semboller. Herhangi…. Copy and paste stylish Unicode fonts and symbols for bios, captions, usernames and posts —…",https://ultratextgen.com/tr/library/kalp-sembolleri/?utm_source=pinterest&utm_medium=social&utm_campaign=organic_pins&utm_content=tr-library-kalp-sembolleri,,"localized, kalp sembolleri: kalp emojileri ve karakterleri kopyala yapıştır, fancy text generator, copy paste fonts, unicode fonts, copy and paste, ultratextgen"
Kaomoji — Japon Emojileri (Metin Yüzleri) Kopyala Yapıştır — Copy and Paste Fonts,https://ultratextgen.com/assets/pinterest/tr-library-kaomoji.png,International Fancy Font Generators,,"Kaomoji — Japon Emojileri (Metin Yüzleri) Kopyala Yapıştır. Kaomoji kopyala yapıştır: Japon emojileri ve metin yüzleri — mutlu, üzgün, omuz silkme, aşk, hayvanlar ve Lenny yüzleri. Herhangi bir…. Copy and paste stylish Unicode fonts and symbols for bios, captions, usernames and posts — free,…",https://ultratextgen.com/tr/library/kaomoji/?utm_source=pinterest&utm_medium=social&utm_campaign=organic_pins&utm_content=tr-library-kaomoji,,"localized, kaomoji — japon emojileri (metin yüzleri) kopyala yapıştır, fancy text generator, copy paste fonts, unicode fonts, copy and paste, ultratextgen"
Kawaii Sevimli Semboller ♡ Kopyala Yapıştır — Yumuşak Aesthetic Süslemeler — Copy and,https://ultratextgen.com/assets/pinterest/tr-library-kawaii-cute-sembolleri.png,International Fancy Font Generators,,"Kawaii Sevimli Semboller ♡ Kopyala Yapıştır — Yumuşak Aesthetic Süslemeler. Kawaii ve sevimli semboller kopyala yapıştır: yumuşak kalpler ♡, minik yüzler, parıltılar ve pastel süslemeler. Bio, nick ve mesajlar…. Copy and paste stylish Unicode fonts and symbols for bios, captions, usernames and…",https://ultratextgen.com/tr/library/kawaii-cute-sembolleri/?utm_source=pinterest&utm_medium=social&utm_campaign=organic_pins&utm_content=tr-library-kawaii-cute-sembolleri,,"localized, kawaii sevimli semboller ♡ kopyala yapıştır — yumuşak aesthetic süslemeler, fancy text generator, copy paste fonts, unicode fonts, copy and paste, ultratextgen"
Aşk & Kalp Kaomoji (♥ω♥): Sevimli Aşk Metin Yüzleri Kopyala Yapıştır — Copy and Paste,https://ultratextgen.com/assets/pinterest/tr-library-love-kaomoji.png,International Fancy Font Generators,,"Aşk & Kalp Kaomoji (♥ω♥): Sevimli Aşk Metin Yüzleri Kopyala Yapıştır. Aşk ve kalp kaomoji'ye (♥ω♥) göz at ve kopyala — sevgi, öpücük, sarılma ve tutkular için Japon metin yüzleri. Anında kopyalamak için…. Copy and paste stylish Unicode fonts and symbols for bios, captions, usernames and posts —…",https://ultratextgen.com/tr/library/love-kaomoji/?utm_source=pinterest&utm_medium=social&utm_campaign=organic_pins&utm_content=tr-library-love-kaomoji,,"localized, aşk & kalp kaomoji (♥ω♥): sevimli aşk metin yüzleri kopyala yapıştır, fancy text generator, copy paste fonts, unicode fonts, copy and paste, ultratextgen"
Matematik Sembolleri — Copy and Paste Fonts,https://ultratextgen.com/assets/pinterest/tr-library-matematik-sembolleri.png,International Fancy Font Generators,,"Matematik Sembolleri. Artı eksi, eşitsizlik ve küme işaretleri. Copy and paste stylish Unicode fonts and symbols for bios, captions, usernames and posts — free, fast and right in your browser with UltraTextGen.",https://ultratextgen.com/tr/library/matematik-sembolleri/?utm_source=pinterest&utm_medium=social&utm_campaign=organic_pins&utm_content=tr-library-matematik-sembolleri,,"localized, matematik sembolleri, fancy text generator, copy paste fonts, unicode fonts, copy and paste, ultratextgen"
Ok İşaretleri — Copy and Paste Fonts — UltraTextGen,https://ultratextgen.com/assets/pinterest/tr-library-ok-isaretleri.png,International Fancy Font Generators,,"Ok İşaretleri. Yön, çift ve emoji oklar kopyala yapıştır. Copy and paste stylish Unicode fonts and symbols for bios, captions, usernames and posts — free, fast and right in your browser with UltraTextGen.",https://ultratextgen.com/tr/library/ok-isaretleri/?utm_source=pinterest&utm_medium=social&utm_campaign=organic_pins&utm_content=tr-library-ok-isaretleri,,"localized, ok i̇şaretleri, fancy text generator, copy paste fonts, unicode fonts, copy and paste, ultratextgen"
Onay İşaretleri — Copy and Paste Fonts — UltraTextGen,https://ultratextgen.com/assets/pinterest/tr-library-onay-isaretleri.png,International Fancy Font Generators,,"Onay İşaretleri. Tik, çarpı ve durum sembolleri kopyala. Copy and paste stylish Unicode fonts and symbols for bios, captions, usernames and posts — free, fast and right in your browser with UltraTextGen.",https://ultratextgen.com/tr/library/onay-isaretleri/?utm_source=pinterest&utm_medium=social&utm_campaign=organic_pins&utm_content=tr-library-onay-isaretleri,,"localized, onay i̇şaretleri, fancy text generator, copy paste fonts, unicode fonts, copy and paste, ultratextgen"
Para Birimi Sembolleri — Copy and Paste Fonts,https://ultratextgen.com/assets/pinterest/tr-library-para-birimi-sembolleri.png,International Fancy Font Generators,,"Para Birimi Sembolleri. Türk Lirası, euro, dolar ve dünya paraları. Copy and paste stylish Unicode fonts and symbols for bios, captions, usernames and posts — free, fast and right in your browser with UltraTextGen.",https://ultratextgen.com/tr/library/para-birimi-sembolleri/?utm_source=pinterest&utm_medium=social&utm_campaign=organic_pins&utm_content=tr-library-para-birimi-sembolleri,,"localized, para birimi sembolleri, fancy text generator, copy paste fonts, unicode fonts, copy and paste, ultratextgen"
PUBG ve BGMI Sembolleri ★ 彡 乂 — Kopyala Yapıştır İsim İçin (2026) — Copy and Paste Fonts,https://ultratextgen.com/assets/pinterest/tr-library-pubg-sembolleri.png,International Fancy Font Generators,,"PUBG ve BGMI Sembolleri ★ 彡 乂 — Kopyala Yapıştır İsim İçin (2026). PUBG Mobile ve BGMI isim sembolleri ★ 彡 乂 ꧁꧂ kopyala yapıştır — oyunun fontuyla test edildi, artı isim değiştirme kartı harcamadan önce…. Copy and paste stylish Unicode fonts and symbols for bios, captions, usernames and posts —…",https://ultratextgen.com/tr/library/pubg-sembolleri/?utm_source=pinterest&utm_medium=social&utm_campaign=organic_pins&utm_content=tr-library-pubg-sembolleri,,"localized, pubg ve bgmi sembolleri ★ 彡 乂 — kopyala yapıştır i̇sim i̇çin (2026), fancy text generator, copy paste fonts, unicode fonts, copy and paste, ultratextgen"
Roblox Sembolleri ✦ ⚡ ♡ — Görünen Ad İçin Kopyala Yapıştır (2026) — Copy and Paste Fonts,https://ultratextgen.com/assets/pinterest/tr-library-roblox-sembolleri.png,International Fancy Font Generators,,"Roblox Sembolleri ✦ ⚡ ♡ — Görünen Ad İçin Kopyala Yapıştır (2026). 40+ Roblox sembolü ✦ ⚡ ♡ — görünen ad, bio ve grup için kopyala yapıştır. Roblox'un güncel isim filtresine göre test edildi, artı Robux…. Copy and paste stylish Unicode fonts and symbols for bios, captions, usernames and posts —…",https://ultratextgen.com/tr/library/roblox-sembolleri/?utm_source=pinterest&utm_medium=social&utm_campaign=organic_pins&utm_content=tr-library-roblox-sembolleri,,"localized, roblox sembolleri ✦ ⚡ ♡ — görünen ad i̇çin kopyala yapıştır (2026), fancy text generator, copy paste fonts, unicode fonts, copy and paste, ultratextgen"
Şekilli Semboller — Copy and Paste Fonts,https://ultratextgen.com/assets/pinterest/tr-library-semboller.png,International Fancy Font Generators,,"Şekilli Semboller. Nick ve bio için semboller. Copy and paste stylish Unicode fonts and symbols for bios, captions, usernames and posts — free, fast and right in your browser with UltraTextGen.",https://ultratextgen.com/tr/library/semboller/?utm_source=pinterest&utm_medium=social&utm_campaign=organic_pins&utm_content=tr-library-semboller,,"localized, şekilli semboller, fancy text generator, copy paste fonts, unicode fonts, copy and paste, ultratextgen"
Therian Sembolleri: Kopyala Yapıştır Δ Theta-Delta ve Alterhuman İşaretleri — Copy and,https://ultratextgen.com/assets/pinterest/tr-library-therian-sembolleri.png,International Fancy Font Generators,,"Therian Sembolleri: Kopyala Yapıştır Δ Theta-Delta ve Alterhuman İşaretleri. Therian ve alterhuman topluluğunun kullandığı theta-delta (θΔ) işaretleri, pati izleri, ay evreleri ve hayvan sembollerine göz at…. Copy and paste stylish Unicode fonts and symbols for bios, captions, usernames and…",https://ultratextgen.com/tr/library/therian-sembolleri/?utm_source=pinterest&utm_medium=social&utm_campaign=organic_pins&utm_content=tr-library-therian-sembolleri,,"localized, therian sembolleri: kopyala yapıştır δ theta-delta ve alterhuman i̇şaretleri, fancy text generator, copy paste fonts, unicode fonts, copy and paste, ultratextgen"
Witchy & Okült Sembolleri: Kopyala Yapıştır Tüm Okült Karakterler — Copy and Paste Fonts,https://ultratextgen.com/assets/pinterest/tr-library-witchy-occult-sembolleri.png,International Fancy Font Generators,,"Witchy & Okült Sembolleri: Kopyala Yapıştır Tüm Okült Karakterler. Witchy ve okült sembollere göz at ve kopyala — pentagramlar, ay evreleri, gezegen işaretleri, simya sembolleri ve diğer ezoterik…. Copy and paste stylish Unicode fonts and symbols for bios, captions, usernames and posts — free,…",https://ultratextgen.com/tr/library/witchy-occult-sembolleri/?utm_source=pinterest&utm_medium=social&utm_campaign=organic_pins&utm_content=tr-library-witchy-occult-sembolleri,,"localized, witchy & okült sembolleri: kopyala yapıştır tüm okült karakterler, fancy text generator, copy paste fonts, unicode fonts, copy and paste, ultratextgen"
Y2K Sembolleri ✦ Kopyala Yapıştır — Bio ve Aesthetic İşaretler — Copy and Paste Fonts,https://ultratextgen.com/assets/pinterest/tr-library-y2k-sembolleri.png,International Fancy Font Generators,,"Y2K Sembolleri ✦ Kopyala Yapıştır — Bio ve Aesthetic İşaretler. Y2K sembolleri kopyala yapıştır: yıldız ✦ ✮ ⋆, gotik haç ♱ ✟ †, kelebek 🦋, CD 💿 ve parıltı işaretleri. Bio, nick ve caption için dokun…. Copy and paste stylish Unicode fonts and symbols for bios, captions, usernames and posts —…",https://ultratextgen.com/tr/library/y2k-sembolleri/?utm_source=pinterest&utm_medium=social&utm_campaign=organic_pins&utm_content=tr-library-y2k-sembolleri,,"localized, y2k sembolleri ✦ kopyala yapıştır — bio ve aesthetic i̇şaretler, fancy text generator, copy paste fonts, unicode fonts, copy and paste, ultratextgen"
Yıldız Sembolleri ★ — Kopyala Yapıştır Yıldız Karakterleri ve Emojileri — Copy and,https://ultratextgen.com/assets/pinterest/tr-library-yildiz-sembolleri.png,International Fancy Font Generators,,"Yıldız Sembolleri ★ — Kopyala Yapıştır Yıldız Karakterleri ve Emojileri. Yıldız sembolleri kopyala yapıştır: ★ ☆ ✦ ✧ yıldızlar, çok köşeli yıldızlar, parıltı ve yıldız emojileri, yıldızlı puanlama ve bio…. Copy and paste stylish Unicode fonts and symbols for bios, captions, usernames and posts —…",https://ultratextgen.com/tr/library/yildiz-sembolleri/?utm_source=pinterest&utm_medium=social&utm_campaign=organic_pins&utm_content=tr-library-yildiz-sembolleri,,"localized, yıldız sembolleri ★ — kopyala yapıştır yıldız karakterleri ve emojileri, fancy text generator, copy paste fonts, unicode fonts, copy and paste, ultratextgen"
Yunan Alfabesi Sembolleri — Copy and Paste Fonts,https://ultratextgen.com/assets/pinterest/tr-library-yunan-alfabesi-sembolleri.png,International Fancy Font Generators,,"Yunan Alfabesi Sembolleri. Alfa, beta, pi ve tüm Yunan harfleri kopyala. Copy and paste stylish Unicode fonts and symbols for bios, captions, usernames and posts — free, fast and right in your browser with UltraTextGen.",https://ultratextgen.com/tr/library/yunan-alfabesi-sembolleri/?utm_source=pinterest&utm_medium=social&utm_campaign=organic_pins&utm_content=tr-library-yunan-alfabesi-sembolleri,,"localized, yunan alfabesi sembolleri, fancy text generator, copy paste fonts, unicode fonts, copy and paste, ultratextgen"
Metin Süsleme — Sembollü Yazı ve Dekoratif Nick Oluşturucu — Copy and Paste Fonts,https://ultratextgen.com/assets/pinterest/tr-metin-susleme.png,International Fancy Font Generators,,"Metin Süsleme — Sembollü Yazı ve Dekoratif Nick Oluşturucu. Metin süsleme aracı: kelimeni yıldız, kalp, çerçeve, ok, coquette, kawaii ve oyun sembolleriyle süsle. Instagram bio, WhatsApp durum ve…. Copy and paste stylish Unicode fonts and symbols for bios, captions, usernames and posts — free,…",https://ultratextgen.com/tr/metin-susleme/?utm_source=pinterest&utm_medium=social&utm_campaign=organic_pins&utm_content=tr-metin-susleme,,"localized, metin süsleme — sembollü yazı ve dekoratif nick oluşturucu, fancy text generator, copy paste fonts, unicode fonts, copy and paste, ultratextgen"
Şekilli Nick Oluşturucu — Copy and Paste Fonts,https://ultratextgen.com/assets/pinterest/tr-sekilli-nick.png,International Fancy Font Generators,,"Şekilli Nick Oluşturucu. ꧁꧂ çerçeveli nickler kopyala yapıştır. Copy and paste stylish Unicode fonts and symbols for bios, captions, usernames and posts — free, fast and right in your browser with UltraTextGen.",https://ultratextgen.com/tr/sekilli-nick/?utm_source=pinterest&utm_medium=social&utm_campaign=organic_pins&utm_content=tr-sekilli-nick,,"localized, şekilli nick oluşturucu, fancy text generator, copy paste fonts, unicode fonts, copy and paste, ultratextgen"
Şekilli Yazı — Copy and Paste Fonts — UltraTextGen,https://ultratextgen.com/assets/pinterest/tr-sekilli-yazi.png,International Fancy Font Generators,,"Şekilli Yazı. Şekilli harfler kopyala yapıştır. Copy and paste stylish Unicode fonts and symbols for bios, captions, usernames and posts — free, fast and right in your browser with UltraTextGen.",https://ultratextgen.com/tr/sekilli-yazi/?utm_source=pinterest&utm_medium=social&utm_campaign=organic_pins&utm_content=tr-sekilli-yazi,,"localized, şekilli yazı, fancy text generator, copy paste fonts, unicode fonts, copy and paste, ultratextgen"
Snapchat Yazı Tipi — Copy and Paste Fonts,https://ultratextgen.com/assets/pinterest/tr-snapchat-yazi-tipi.png,International Fancy Font Generators,,"Snapchat Yazı Tipi. Snap ve görünen ad için şekilli yazı. Copy and paste stylish Unicode fonts and symbols for bios, captions, usernames and posts — free, fast and right in your browser with UltraTextGen.",https://ultratextgen.com/tr/snapchat-yazi-tipi/?utm_source=pinterest&utm_medium=social&utm_campaign=organic_pins&utm_content=tr-snapchat-yazi-tipi,,"localized, snapchat yazı tipi, fancy text generator, copy paste fonts, unicode fonts, copy and paste, ultratextgen"
"Akrep Burcu Sembolü (♏): Anlamı, Efsanesi ve Nasıl Yazılır — Copy and Paste Fonts",https://ultratextgen.com/assets/pinterest/tr-symbol-akrep-burcu-sembolu.png,International Fancy Font Generators,,"Akrep Burcu Sembolü (♏): Anlamı, Efsanesi ve Nasıl Yazılır. Akrep burcu sembolü ♏ (U+264F) — Orion'u öldüren dev akrep efsanesi, modern yöneticisi Plüton ve Su elementi. Tek tıkla kopyala. Copy and paste stylish Unicode fonts and symbols for bios, captions, usernames and posts — free, fast and…",https://ultratextgen.com/tr/symbol/akrep-burcu-sembolu/?utm_source=pinterest&utm_medium=social&utm_campaign=organic_pins&utm_content=tr-symbol-akrep-burcu-sembolu,,"localized, akrep burcu sembolü (♏): anlamı, efsanesi ve nasıl yazılır, fancy text generator, copy paste fonts, unicode fonts, copy and paste, ultratextgen"
"Alfa Sembolü (Α α): Anlamı, Tarihi ve Nasıl Yazılır — Copy and Paste Fonts",https://ultratextgen.com/assets/pinterest/tr-symbol-alfa-sembolu.png,International Fancy Font Generators,,"Alfa Sembolü (Α α): Anlamı, Tarihi ve Nasıl Yazılır. Alfa sembolü Α α (U+0391 / U+03B1) — Yunan alfabesini açan harf, 'Alfa ve Omega'nın alfası, alfa parçacıklarının ve finanstaki alfanın…. Copy and paste stylish Unicode fonts and symbols for bios, captions, usernames and posts — free, fast and…",https://ultratextgen.com/tr/symbol/alfa-sembolu/?utm_source=pinterest&utm_medium=social&utm_campaign=organic_pins&utm_content=tr-symbol-alfa-sembolu,,"localized, alfa sembolü (α α): anlamı, tarihi ve nasıl yazılır, fancy text generator, copy paste fonts, unicode fonts, copy and paste, ultratextgen"
Anarşi Sembolü (Ⓐ): Daire İçi A ve 1964'teki Kökeni — Copy and Paste Fonts,https://ultratextgen.com/assets/pinterest/tr-symbol-anarsi-sembolu.png,International Fancy Font Generators,,"Anarşi Sembolü (Ⓐ): Daire İçi A ve 1964'teki Kökeni. Anarşi sembolünü (Ⓐ, daire içi A) kopyala-yapıştır; kesin biçimde 1964'e tarihlenen kökenini, tartışmalı 'O içinde A = Düzen' anlamını…. Copy and paste stylish Unicode fonts and symbols for bios, captions, usernames and posts — free, fast and…",https://ultratextgen.com/tr/symbol/anarsi-sembolu/?utm_source=pinterest&utm_medium=social&utm_campaign=organic_pins&utm_content=tr-symbol-anarsi-sembolu,,"localized, anarşi sembolü (ⓐ): daire i̇çi a ve 1964'teki kökeni, fancy text generator, copy paste fonts, unicode fonts, copy and paste, ultratextgen"
"Ankh Sembolü (☥): Anlamı, Tarihi ve Nasıl Yazılır — Copy and Paste Fonts",https://ultratextgen.com/assets/pinterest/tr-symbol-ankh-sembolu.png,International Fancy Font Generators,,"Ankh Sembolü (☥): Anlamı, Tarihi ve Nasıl Yazılır. Ankh sembolü ☥ (U+2625) — 'yaşam' anlamına gelen Antik Mısır hiyeroglifi ve ilk Kıptî Hristiyanların ondan türettiği kulplu haç, crux…. Copy and paste stylish Unicode fonts and symbols for bios, captions, usernames and posts — free, fast and…",https://ultratextgen.com/tr/symbol/ankh-sembolu/?utm_source=pinterest&utm_medium=social&utm_campaign=organic_pins&utm_content=tr-symbol-ankh-sembolu,,"localized, ankh sembolü (☥): anlamı, tarihi ve nasıl yazılır, fancy text generator, copy paste fonts, unicode fonts, copy and paste, ultratextgen"
"Artı Eksi İşareti (±): Anlamı, Tarihi ve Nasıl Yazılır — Copy and Paste Fonts",https://ultratextgen.com/assets/pinterest/tr-symbol-arti-eksi-isareti.png,International Fancy Font Generators,,"Artı Eksi İşareti (±): Anlamı, Tarihi ve Nasıl Yazılır. Artı eksi işareti ± (U+00B1) — ne anlama geldiği, Windows ile Mac'te nasıl yazıldığı ve ± ile aynadaki karşılığı ∓ arasındaki fark…. Copy and paste stylish Unicode fonts and symbols for bios, captions, usernames and posts — free, fast and…",https://ultratextgen.com/tr/symbol/arti-eksi-isareti/?utm_source=pinterest&utm_medium=social&utm_campaign=organic_pins&utm_content=tr-symbol-arti-eksi-isareti,,"localized, artı eksi i̇şareti (±): anlamı, tarihi ve nasıl yazılır, fancy text generator, copy paste fonts, unicode fonts, copy and paste, ultratextgen"
Aşağı Ok İşareti (↓): Anlamı ve Nasıl Yazılır — Copy and Paste Fonts,https://ultratextgen.com/assets/pinterest/tr-symbol-asagi-ok-isareti.png,International Fancy Font Generators,,"Aşağı Ok İşareti (↓): Anlamı ve Nasıl Yazılır. Aşağı ok işareti ↓ (U+2193) — matematikte, yön belirtmede ve gösterimde kullanımı ile Windows ve Mac'te nasıl yazıldığı. Kopyalamak için…. Copy and paste stylish Unicode fonts and symbols for bios, captions, usernames and posts — free, fast and…",https://ultratextgen.com/tr/symbol/asagi-ok-isareti/?utm_source=pinterest&utm_medium=social&utm_campaign=organic_pins&utm_content=tr-symbol-asagi-ok-isareti,,"localized, aşağı ok i̇şareti (↓): anlamı ve nasıl yazılır, fancy text generator, copy paste fonts, unicode fonts, copy and paste, ultratextgen"
"Aslan Burcu Sembolü (♌): Anlamı, Efsanesi ve Nasıl Yazılır — Copy and Paste Fonts",https://ultratextgen.com/assets/pinterest/tr-symbol-aslan-burcu-sembolu.png,International Fancy Font Generators,,"Aslan Burcu Sembolü (♌): Anlamı, Efsanesi ve Nasıl Yazılır. Aslan burcu sembolü ♌ (U+264C) — Nemea Aslanı efsanesi, Güneş tarafından yönetilen Ateş burcu ve nasıl yazıldığı. Tek dokunuşla kopyala. Copy and paste stylish Unicode fonts and symbols for bios, captions, usernames and posts — free,…",https://ultratextgen.com/tr/symbol/aslan-burcu-sembolu/?utm_source=pinterest&utm_medium=social&utm_campaign=organic_pins&utm_content=tr-symbol-aslan-burcu-sembolu,,"localized, aslan burcu sembolü (♌): anlamı, efsanesi ve nasıl yazılır, fancy text generator, copy paste fonts, unicode fonts, copy and paste, ultratextgen"
"At İşareti (@): Anlamı, Tarihi ve Nasıl Yazılır — Copy and Paste Fonts",https://ultratextgen.com/assets/pinterest/tr-symbol-at-isareti.png,International Fancy Font Generators,,"At İşareti (@): Anlamı, Tarihi ve Nasıl Yazılır. At işareti @ (U+0040) — 500 yıllık defter kökeni, Ray Tomlinson'ın 1971'deki e-posta kullanımı, bahsetmeleri nasıl tetiklediği ve nasıl…. Copy and paste stylish Unicode fonts and symbols for bios, captions, usernames and posts — free, fast and…",https://ultratextgen.com/tr/symbol/at-isareti/?utm_source=pinterest&utm_medium=social&utm_campaign=organic_pins&utm_content=tr-symbol-at-isareti,,"localized, at i̇şareti (@): anlamı, tarihi ve nasıl yazılır, fancy text generator, copy paste fonts, unicode fonts, copy and paste, ultratextgen"
"Balık Burcu Sembolü (♓): Anlamı, Efsanesi ve Nasıl Yazılır — Copy and Paste Fonts",https://ultratextgen.com/assets/pinterest/tr-symbol-balik-burcu-sembolu.png,International Fancy Font Generators,,"Balık Burcu Sembolü (♓): Anlamı, Efsanesi ve Nasıl Yazılır. Balık burcu sembolü ♓ (U+2653) — iki yaratığı birbirine bağlayan tek glif, Afrodit ve Eros efsanesi, modern yöneticisi Neptün ve Su…. Copy and paste stylish Unicode fonts and symbols for bios, captions, usernames and posts — free, fast…",https://ultratextgen.com/tr/symbol/balik-burcu-sembolu/?utm_source=pinterest&utm_medium=social&utm_campaign=organic_pins&utm_content=tr-symbol-balik-burcu-sembolu,,"localized, balık burcu sembolü (♓): anlamı, efsanesi ve nasıl yazılır, fancy text generator, copy paste fonts, unicode fonts, copy and paste, ultratextgen"
"Barış İşareti (☮): Anlamı, Tarihi ve Nasıl Yazılır — Copy and Paste Fonts",https://ultratextgen.com/assets/pinterest/tr-symbol-baris-isareti.png,International Fancy Font Generators,,"Barış İşareti (☮): Anlamı, Tarihi ve Nasıl Yazılır. Barış işareti ☮ (U+262E) — Gerald Holtom'un 1958 tarihli semafor harfi tasarımı ve Windows ile Mac'te nasıl yazıldığı. Kopyalamak için…. Copy and paste stylish Unicode fonts and symbols for bios, captions, usernames and posts — free, fast and…",https://ultratextgen.com/tr/symbol/baris-isareti/?utm_source=pinterest&utm_medium=social&utm_campaign=organic_pins&utm_content=tr-symbol-baris-isareti,,"localized, barış i̇şareti (☮): anlamı, tarihi ve nasıl yazılır, fancy text generator, copy paste fonts, unicode fonts, copy and paste, ultratextgen"
"Başak Burcu Sembolü (♍): Anlamı, Mitolojisi ve Nasıl Yazılır — Copy and Paste Fonts",https://ultratextgen.com/assets/pinterest/tr-symbol-basak-burcu-sembolu.png,International Fancy Font Generators,,"Başak Burcu Sembolü (♍): Anlamı, Mitolojisi ve Nasıl Yazılır. Başak burcu sembolü ♍ (U+264D) — bir kadın olarak kişileştirilen tek burç, adalet tanrıçası Astraia, yönetici gezegeni Merkür ve Toprak…. Copy and paste stylish Unicode fonts and symbols for bios, captions, usernames and posts — free,…",https://ultratextgen.com/tr/symbol/basak-burcu-sembolu/?utm_source=pinterest&utm_medium=social&utm_campaign=organic_pins&utm_content=tr-symbol-basak-burcu-sembolu,,"localized, başak burcu sembolü (♍): anlamı, mitolojisi ve nasıl yazılır, fancy text generator, copy paste fonts, unicode fonts, copy and paste, ultratextgen"
Bitcoin Sembolü (₿): Unicode'un 2017'de Eklediği Para Birimi İşareti — Copy and Paste,https://ultratextgen.com/assets/pinterest/tr-symbol-bitcoin-sembolu.png,International Fancy Font Generators,,"Bitcoin Sembolü (₿): Unicode'un 2017'de Eklediği Para Birimi İşareti. Bitcoin sembolü ₿ (U+20BF) — Tayland bahtı ฿ ile BTC kodundan farkı ve Unicode'a 2017'de nasıl eklendiği. Kopyalamak için dokun. Copy and paste stylish Unicode fonts and symbols for bios, captions, usernames and posts — free,…",https://ultratextgen.com/tr/symbol/bitcoin-sembolu/?utm_source=pinterest&utm_medium=social&utm_campaign=organic_pins&utm_content=tr-symbol-bitcoin-sembolu,,"localized, bitcoin sembolü (₿): unicode'un 2017'de eklediği para birimi i̇şareti, fancy text generator, copy paste fonts, unicode fonts, copy and paste, ultratextgen"
"Biyolojik Tehlike Sembolü (☣): 1966'nın ""Akılda Kalıcı ama Anlamsız"" Tasarımı — Copy",https://ultratextgen.com/assets/pinterest/tr-symbol-biyolojik-tehlike-sembolu.png,International Fancy Font Generators,,"Biyolojik Tehlike Sembolü (☣): 1966'nın ""Akılda Kalıcı ama Anlamsız"" Tasarımı. Biyolojik tehlike sembolünü (☣) kopyala-yapıştır ve 1966'da neden bilinçli olarak tek başına hiçbir şey ifade etmeyecek biçimde…. Copy and paste stylish Unicode fonts and symbols for bios, captions, usernames and…",https://ultratextgen.com/tr/symbol/biyolojik-tehlike-sembolu/?utm_source=pinterest&utm_medium=social&utm_campaign=organic_pins&utm_content=tr-symbol-biyolojik-tehlike-sembolu,,"localized, biyolojik tehlike sembolü (☣): 1966'nın ""akılda kalıcı ama anlamsız"" tasarımı, fancy text generator, copy paste fonts, unicode fonts, copy and paste, ultratextgen"
"Boğa Burcu Sembolü (♉): Anlamı, Mitolojisi ve Nasıl Yazılır — Copy and Paste Fonts",https://ultratextgen.com/assets/pinterest/tr-symbol-boga-burcu-sembolu.png,International Fancy Font Generators,,"Boğa Burcu Sembolü (♉): Anlamı, Mitolojisi ve Nasıl Yazılır. Boğa burcu sembolü ♉ (U+2649) — zodyağın en eski izlenen takımyıldızı, Zeus-Europa ve Göğün Boğası efsaneleri, yönetici gezegeni Venüs…. Copy and paste stylish Unicode fonts and symbols for bios, captions, usernames and posts — free,…",https://ultratextgen.com/tr/symbol/boga-burcu-sembolu/?utm_source=pinterest&utm_medium=social&utm_campaign=organic_pins&utm_content=tr-symbol-boga-burcu-sembolu,,"localized, boğa burcu sembolü (♉): anlamı, mitolojisi ve nasıl yazılır, fancy text generator, copy paste fonts, unicode fonts, copy and paste, ultratextgen"
"Bölme İşareti (÷): Anlamı, Tarihi ve Nasıl Yazılır — Copy and Paste Fonts",https://ultratextgen.com/assets/pinterest/tr-symbol-bolme-isareti.png,International Fancy Font Generators,,"Bölme İşareti (÷): Anlamı, Tarihi ve Nasıl Yazılır. Bölme işareti ÷ (U+00F7), yani obelus — 1659 kökeni, Windows ve Mac'te nasıl yazıldığı ve kesir çizgisinden farkı. Kopyalamak için dokun. Copy and paste stylish Unicode fonts and symbols for bios, captions, usernames and posts — free, fast and…",https://ultratextgen.com/tr/symbol/bolme-isareti/?utm_source=pinterest&utm_medium=social&utm_campaign=organic_pins&utm_content=tr-symbol-bolme-isareti,,"localized, bölme i̇şareti (÷): anlamı, tarihi ve nasıl yazılır, fancy text generator, copy paste fonts, unicode fonts, copy and paste, ultratextgen"
"Bölüm İşareti (§): Anlamı, Tarihi ve Nasıl Yazılır — Copy and Paste Fonts",https://ultratextgen.com/assets/pinterest/tr-symbol-bolum-isareti.png,International Fancy Font Generators,,"Bölüm İşareti (§): Anlamı, Tarihi ve Nasıl Yazılır. Bölüm işareti § (U+00A7) — ortaçağ hukukundaki kökeni, kanunlara atıf yapmakta nasıl kullanıldığı ve Windows ile Mac'te nasıl yazıldığı. Copy and paste stylish Unicode fonts and symbols for bios, captions, usernames and posts — free, fast and…",https://ultratextgen.com/tr/symbol/bolum-isareti/?utm_source=pinterest&utm_medium=social&utm_campaign=organic_pins&utm_content=tr-symbol-bolum-isareti,,"localized, bölüm i̇şareti (§): anlamı, tarihi ve nasıl yazılır, fancy text generator, copy paste fonts, unicode fonts, copy and paste, ultratextgen"
Çap İşareti (⌀): Kopyala Yapıştır Mühendislik Çap Sembolü — Copy and Paste Fonts,https://ultratextgen.com/assets/pinterest/tr-symbol-cap-isareti.png,International Fancy Font Generators,,"Çap İşareti (⌀): Kopyala Yapıştır Mühendislik Çap Sembolü. Teknik resimlerde ve işleme spesifikasyonlarında kullanılan çap işaretini (⌀) kopyala yapıştır; ayrıca karıştırıldığı komşuları Ø ve ∅…. Copy and paste stylish Unicode fonts and symbols for bios, captions, usernames and posts — free,…",https://ultratextgen.com/tr/symbol/cap-isareti/?utm_source=pinterest&utm_medium=social&utm_campaign=organic_pins&utm_content=tr-symbol-cap-isareti,,"localized, çap i̇şareti (⌀): kopyala yapıştır mühendislik çap sembolü, fancy text generator, copy paste fonts, unicode fonts, copy and paste, ultratextgen"
Çarpma İşareti (×): Çarpı Sembolü Kopyala Yapıştır — Copy and Paste Fonts,https://ultratextgen.com/assets/pinterest/tr-symbol-carpma-isareti.png,International Fancy Font Generators,,"Çarpma İşareti (×): Çarpı Sembolü Kopyala Yapıştır. Çarpma işaretini (×) kopyala yapıştır — 1631 kökeni, x harfinden ve nokta işlecinden farkı ve nasıl yazıldığı. Kopyalamak için herhangi…. Copy and paste stylish Unicode fonts and symbols for bios, captions, usernames and posts — free, fast and…",https://ultratextgen.com/tr/symbol/carpma-isareti/?utm_source=pinterest&utm_medium=social&utm_campaign=organic_pins&utm_content=tr-symbol-carpma-isareti,,"localized, çarpma i̇şareti (×): çarpı sembolü kopyala yapıştır, fancy text generator, copy paste fonts, unicode fonts, copy and paste, ultratextgen"
"Celsius İşareti (℃): Anlamı, Tarihi ve Nasıl Yazılır — Copy and Paste Fonts",https://ultratextgen.com/assets/pinterest/tr-symbol-celsius-isareti.png,International Fancy Font Generators,,"Celsius İşareti (℃): Anlamı, Tarihi ve Nasıl Yazılır. Santigrat derece işareti ℃ (U+2103) — tek karakterlik sıcaklık ligatürü, Unicode'un neden düz °C önerdiği ve Windows ile Mac'te nasıl…. Copy and paste stylish Unicode fonts and symbols for bios, captions, usernames and posts — free, fast and…",https://ultratextgen.com/tr/symbol/celsius-isareti/?utm_source=pinterest&utm_medium=social&utm_campaign=organic_pins&utm_content=tr-symbol-celsius-isareti,,"localized, celsius i̇şareti (℃): anlamı, tarihi ve nasıl yazılır, fancy text generator, copy paste fonts, unicode fonts, copy and paste, ultratextgen"
"Davut Yıldızı (✡): Tarihi, Anlamı ve Nasıl Yazılır — Copy and Paste Fonts",https://ultratextgen.com/assets/pinterest/tr-symbol-davut-yildizi.png,International Fancy Font Generators,,"Davut Yıldızı (✡): Tarihi, Anlamı ve Nasıl Yazılır. Davut yıldızı ✡ (U+2721) kopyala — katmanlı tarihi: kültürler arasında paylaşılan kadim bir geometrik motiften Yahudiliğin amblemine…. Copy and paste stylish Unicode fonts and symbols for bios, captions, usernames and posts — free, fast and…",https://ultratextgen.com/tr/symbol/davut-yildizi/?utm_source=pinterest&utm_medium=social&utm_campaign=organic_pins&utm_content=tr-symbol-davut-yildizi,,"localized, davut yıldızı (✡): tarihi, anlamı ve nasıl yazılır, fancy text generator, copy paste fonts, unicode fonts, copy and paste, ultratextgen"
"Delta Sembolü (Δ): Anlamı, Tarihi ve Nasıl Yazılır — Copy and Paste Fonts",https://ultratextgen.com/assets/pinterest/tr-symbol-delta-sembolu.png,International Fancy Font Generators,,"Delta Sembolü (Δ): Anlamı, Tarihi ve Nasıl Yazılır. Delta sembolü Δ (U+0394) — matematik, fizik ve kimyada 'değişim' anlamına gelen Yunan harfi, sonsuz küçükler için küçük δ, artış işareti…. Copy and paste stylish Unicode fonts and symbols for bios, captions, usernames and posts — free, fast and…",https://ultratextgen.com/tr/symbol/delta-sembolu/?utm_source=pinterest&utm_medium=social&utm_campaign=organic_pins&utm_content=tr-symbol-delta-sembolu,,"localized, delta sembolü (δ): anlamı, tarihi ve nasıl yazılır, fancy text generator, copy paste fonts, unicode fonts, copy and paste, ultratextgen"
"Derece İşareti (°): Anlamı, Tarihi ve Nasıl Yazılır — Copy and Paste Fonts",https://ultratextgen.com/assets/pinterest/tr-symbol-derece-isareti.png,International Fancy Font Generators,,"Derece İşareti (°): Anlamı, Tarihi ve Nasıl Yazılır. Derece işareti ° (U+00B0) — sıcaklık ve açılarda kullanımı, º ile farkı ve Windows ile Mac'te nasıl yazıldığı. Kopyalamak için dokun. Copy and paste stylish Unicode fonts and symbols for bios, captions, usernames and posts — free, fast and…",https://ultratextgen.com/tr/symbol/derece-isareti/?utm_source=pinterest&utm_medium=social&utm_campaign=organic_pins&utm_content=tr-symbol-derece-isareti,,"localized, derece i̇şareti (°): anlamı, tarihi ve nasıl yazılır, fancy text generator, copy paste fonts, unicode fonts, copy and paste, ultratextgen"
"Dikey Çizgi İşareti (|): Anlamı, Tarihi ve Nasıl Yazılır — Copy and Paste Fonts",https://ultratextgen.com/assets/pinterest/tr-symbol-dikey-cizgi-isareti.png,International Fancy Font Generators,,"Dikey Çizgi İşareti (|): Anlamı, Tarihi ve Nasıl Yazılır. Dikey çizgi işareti | (U+007C) — Unix'teki 'pipe' geçmişi, matematik notasyonundaki kullanımları ve Windows ile Mac'te nasıl yazıldığı…. Copy and paste stylish Unicode fonts and symbols for bios, captions, usernames and posts — free, fast…",https://ultratextgen.com/tr/symbol/dikey-cizgi-isareti/?utm_source=pinterest&utm_medium=social&utm_campaign=organic_pins&utm_content=tr-symbol-dikey-cizgi-isareti,,"localized, dikey çizgi i̇şareti (|): anlamı, tarihi ve nasıl yazılır, fancy text generator, copy paste fonts, unicode fonts, copy and paste, ultratextgen"
"Dolar İşareti ($): Kökeni, Tarihi ve Nasıl Yazılır — Copy and Paste Fonts",https://ultratextgen.com/assets/pinterest/tr-symbol-dolar-isareti.png,International Fancy Font Generators,,"Dolar İşareti ($): Kökeni, Tarihi ve Nasıl Yazılır. Dolar işareti $ (U+0024) — tartışmalı 1770'ler peso kısaltması kökeni, çürütülen ""ABD monogramı"" efsanesi ve nasıl yazıldığı. Kopyalamak…. Copy and paste stylish Unicode fonts and symbols for bios, captions, usernames and posts — free, fast and…",https://ultratextgen.com/tr/symbol/dolar-isareti/?utm_source=pinterest&utm_medium=social&utm_campaign=organic_pins&utm_content=tr-symbol-dolar-isareti,,"localized, dolar i̇şareti ($): kökeni, tarihi ve nasıl yazılır, fancy text generator, copy paste fonts, unicode fonts, copy and paste, ultratextgen"
"Dur İşareti (🛑): Anlamı, Kod Noktası ve Karıştırıldığı İşaret — Copy and Paste Fonts",https://ultratextgen.com/assets/pinterest/tr-symbol-dur-isareti.png,International Fancy Font Generators,,"Dur İşareti (🛑): Anlamı, Kod Noktası ve Karıştırıldığı İşaret. Dur işareti emojisi 🛑 (U+1F6D1) — neden sekizgen olduğu, kod noktası ve 🛑 dur ile ⛔ girilmez arasındaki fark; sürekli karıştırılan iki…. Copy and paste stylish Unicode fonts and symbols for bios, captions, usernames and posts — free,…",https://ultratextgen.com/tr/symbol/dur-isareti/?utm_source=pinterest&utm_medium=social&utm_campaign=organic_pins&utm_content=tr-symbol-dur-isareti,,"localized, dur i̇şareti (🛑): anlamı, kod noktası ve karıştırıldığı i̇şaret, fancy text generator, copy paste fonts, unicode fonts, copy and paste, ultratextgen"
Eşit Değil İşareti (≠): Anlamı ve Nasıl Yazılır — Copy and Paste Fonts,https://ultratextgen.com/assets/pinterest/tr-symbol-esit-degil-isareti.png,International Fancy Font Generators,,"Eşit Değil İşareti (≠): Anlamı ve Nasıl Yazılır. Eşit değil işareti ≠ (U+2260) — matematikteki olumsuzlama işareti, ait olduğu ≁ ≉ ≢ ≮ ≯ ailesi ve kodun neden onun yerine != kullandığı…. Copy and paste stylish Unicode fonts and symbols for bios, captions, usernames and posts — free, fast and…",https://ultratextgen.com/tr/symbol/esit-degil-isareti/?utm_source=pinterest&utm_medium=social&utm_campaign=organic_pins&utm_content=tr-symbol-esit-degil-isareti,,"localized, eşit değil i̇şareti (≠): anlamı ve nasıl yazılır, fancy text generator, copy paste fonts, unicode fonts, copy and paste, ultratextgen"
Eşlik İşareti (≅): Anlamı ve Nasıl Yazılır — Copy and Paste Fonts,https://ultratextgen.com/assets/pinterest/tr-symbol-eslik-isareti.png,International Fancy Font Generators,,"Eşlik İşareti (≅): Anlamı ve Nasıl Yazılır. Eşlik işareti ≅ — geometrideki 'aynı şekil ve boyut' işareti; Unicode onu resmen 'Approximately Equal To' (U+2245) olarak adlandırır. ≈…. Copy and paste stylish Unicode fonts and symbols for bios, captions, usernames and posts — free, fast and right in…",https://ultratextgen.com/tr/symbol/eslik-isareti/?utm_source=pinterest&utm_medium=social&utm_campaign=organic_pins&utm_content=tr-symbol-eslik-isareti,,"localized, eşlik i̇şareti (≅): anlamı ve nasıl yazılır, fancy text generator, copy paste fonts, unicode fonts, copy and paste, ultratextgen"
"Euro İşareti (€): Anlamı, Tarihi ve Nasıl Yazılır — Copy and Paste Fonts",https://ultratextgen.com/assets/pinterest/tr-symbol-euro-isareti.png,International Fancy Font Generators,,"Euro İşareti (€): Anlamı, Tarihi ve Nasıl Yazılır. Euro işareti € (U+20AC) — 1996 tasarım hikâyesi, çaprazlanmış çizgilerin anlamı ve Windows ile Mac'te nasıl yazıldığı. Kopyalamak için…. Copy and paste stylish Unicode fonts and symbols for bios, captions, usernames and posts — free, fast and…",https://ultratextgen.com/tr/symbol/euro-isareti/?utm_source=pinterest&utm_medium=social&utm_campaign=organic_pins&utm_content=tr-symbol-euro-isareti,,"localized, euro i̇şareti (€): anlamı, tarihi ve nasıl yazılır, fancy text generator, copy paste fonts, unicode fonts, copy and paste, ultratextgen"
"Fahrenayt İşareti (℉): Anlamı, Tarihi ve Nasıl Yazılır — Copy and Paste Fonts",https://ultratextgen.com/assets/pinterest/tr-symbol-fahrenheit-isareti.png,International Fancy Font Generators,,"Fahrenayt İşareti (℉): Anlamı, Tarihi ve Nasıl Yazılır. Fahrenayt derecesi işareti ℉ (U+2109) — tek karakterlik sıcaklık ligatürü, Unicode'un neden düz °F önerdiği ve Windows ile Mac'te nasıl…. Copy and paste stylish Unicode fonts and symbols for bios, captions, usernames and posts — free, fast…",https://ultratextgen.com/tr/symbol/fahrenheit-isareti/?utm_source=pinterest&utm_medium=social&utm_campaign=organic_pins&utm_content=tr-symbol-fahrenheit-isareti,,"localized, fahrenayt i̇şareti (℉): anlamı, tarihi ve nasıl yazılır, fancy text generator, copy paste fonts, unicode fonts, copy and paste, ultratextgen"
"Fleur-de-lis Sembolü (⚜): Anlamı, Tarihi ve Nasıl Yazılır — Copy and Paste Fonts",https://ultratextgen.com/assets/pinterest/tr-symbol-fleur-de-lis-sembolu.png,International Fancy Font Generators,,"Fleur-de-lis Sembolü (⚜): Anlamı, Tarihi ve Nasıl Yazılır. Fleur-de-lis sembolünü ⚜ (U+269C) kopyala yapıştır — Fransız krallığının stilize zambağı; bugün Dünya İzcilik amblemi, New Orleans…. Copy and paste stylish Unicode fonts and symbols for bios, captions, usernames and posts — free, fast…",https://ultratextgen.com/tr/symbol/fleur-de-lis-sembolu/?utm_source=pinterest&utm_medium=social&utm_campaign=organic_pins&utm_content=tr-symbol-fleur-de-lis-sembolu,,"localized, fleur-de-lis sembolü (⚜): anlamı, tarihi ve nasıl yazılır, fancy text generator, copy paste fonts, unicode fonts, copy and paste, ultratextgen"
"Geri Dönüşüm Sembolü (♻): Anlamı, Tarihi ve Nasıl Yazılır — Copy and Paste Fonts",https://ultratextgen.com/assets/pinterest/tr-symbol-geri-donusum-sembolu.png,International Fancy Font Generators,,"Geri Dönüşüm Sembolü (♻): Anlamı, Tarihi ve Nasıl Yazılır. Geri dönüşüm sembolünü ♻ (U+267B) kopyala yapıştır — 1970'te USC öğrencisi Gary Anderson'ın ilk Dünya Günü için tasarladığı üç oklu…. Copy and paste stylish Unicode fonts and symbols for bios, captions, usernames and posts — free, fast…",https://ultratextgen.com/tr/symbol/geri-donusum-sembolu/?utm_source=pinterest&utm_medium=social&utm_campaign=organic_pins&utm_content=tr-symbol-geri-donusum-sembolu,,"localized, geri dönüşüm sembolü (♻): anlamı, tarihi ve nasıl yazılır, fancy text generator, copy paste fonts, unicode fonts, copy and paste, ultratextgen"
"Görünmez Yazı Karakteri (⠀): Boş Adlar, Anlamı ve Kullanımı — Copy and Paste Fonts",https://ultratextgen.com/assets/pinterest/tr-symbol-gorunmez-yazi-karakteri.png,International Fancy Font Generators,,"Görünmez Yazı Karakteri (⠀): Boş Adlar, Anlamı ve Kullanımı. Görünmez yazı karakteri ⠀ (U+2800) — diğer görünmez sembollerin ayıklandığı boş-ad doğrulamalarından neden sağ çıktığı ve nasıl yazıldığı. Copy and paste stylish Unicode fonts and symbols for bios, captions, usernames and posts — free,…",https://ultratextgen.com/tr/symbol/gorunmez-yazi-karakteri/?utm_source=pinterest&utm_medium=social&utm_campaign=organic_pins&utm_content=tr-symbol-gorunmez-yazi-karakteri,,"localized, görünmez yazı karakteri (⠀): boş adlar, anlamı ve kullanımı, fancy text generator, copy paste fonts, unicode fonts, copy and paste, ultratextgen"
Haç Sembolü (✝): Latin Haçı (Hristiyan Haçı) Kopyala-Yapıştır — Copy and Paste Fonts,https://ultratextgen.com/assets/pinterest/tr-symbol-hac-sembolu.png,International Fancy Font Generators,,"Haç Sembolü (✝): Latin Haçı (Hristiyan Haçı) Kopyala-Yapıştır. Hristiyanlığın başlıca sembolü Latin haçını (✝, U+271D) kopyala-yapıştır — Ortodoks, Malta ve diğer haçlarla birlikte; hançer † ile ✗ X…. Copy and paste stylish Unicode fonts and symbols for bios, captions, usernames and posts —…",https://ultratextgen.com/tr/symbol/hac-sembolu/?utm_source=pinterest&utm_medium=social&utm_campaign=organic_pins&utm_content=tr-symbol-hac-sembolu,,"localized, haç sembolü (✝): latin haçı (hristiyan haçı) kopyala-yapıştır, fancy text generator, copy paste fonts, unicode fonts, copy and paste, ultratextgen"
Hamsa Sembolü (🪬): Miriam'ın Eli ve Fatıma'nın Eli — Copy and Paste Fonts,https://ultratextgen.com/assets/pinterest/tr-symbol-hamsa-sembolu.png,International Fancy Font Generators,,"Hamsa Sembolü (🪬): Miriam'ın Eli ve Fatıma'nın Eli. Hamsa elini 🪬 (U+1FAAC) kopyala — 2021'de Unicode'a eklendi — Yahudilik ve İslam'dan önce gelen, bugün her iki gelenekçe Miriam'ın eli…. Copy and paste stylish Unicode fonts and symbols for bios, captions, usernames and posts — free, fast and…",https://ultratextgen.com/tr/symbol/hamsa-sembolu/?utm_source=pinterest&utm_medium=social&utm_campaign=organic_pins&utm_content=tr-symbol-hamsa-sembolu,,"localized, hamsa sembolü (🪬): miriam'ın eli ve fatıma'nın eli, fancy text generator, copy paste fonts, unicode fonts, copy and paste, ultratextgen"
"İkizler Burcu Sembolü (♊): Anlamı, Efsanesi ve Kopyala — Copy and Paste Fonts",https://ultratextgen.com/assets/pinterest/tr-symbol-ikizler-burcu-sembolu.png,International Fancy Font Generators,,"İkizler Burcu Sembolü (♊): Anlamı, Efsanesi ve Kopyala. İkizler burcu sembolü ♊ (U+264A) — Kastor ile Polluks efsanesi, yönetici gezegeni Merkür, Hava elementi ve nasıl yazıldığı. Tek tıkla…. Copy and paste stylish Unicode fonts and symbols for bios, captions, usernames and posts — free, fast…",https://ultratextgen.com/tr/symbol/ikizler-burcu-sembolu/?utm_source=pinterest&utm_medium=social&utm_campaign=organic_pins&utm_content=tr-symbol-ikizler-burcu-sembolu,,"localized, i̇kizler burcu sembolü (♊): anlamı, efsanesi ve kopyala, fancy text generator, copy paste fonts, unicode fonts, copy and paste, ultratextgen"
Semboller: Tek Bir Unicode Karakterini Ara — Copy and Paste Fonts,https://ultratextgen.com/assets/pinterest/tr-symbol.png,International Fancy Font Generators,,"Semboller: Tek Bir Unicode Karakterini Ara. Her sayfa tek bir Unicode sembolünü derinlemesine ele alır — anlamı, tarihi, nasıl yazıldığı ve nerede çalıştığı. Tek tek sembol…. Copy and paste stylish Unicode fonts and symbols for bios, captions, usernames and posts — free, fast and right in your…",https://ultratextgen.com/tr/symbol/?utm_source=pinterest&utm_medium=social&utm_campaign=organic_pins&utm_content=tr-symbol,,"localized, semboller: tek bir unicode karakterini ara, fancy text generator, copy paste fonts, unicode fonts, copy and paste, ultratextgen"
Kalp Sembolü (♥ ❤): Kopyala Yapıştır ve Metin Kalpleri — Copy and Paste Fonts,https://ultratextgen.com/assets/pinterest/tr-symbol-kalp-sembolu.png,International Fancy Font Generators,,"Kalp Sembolü (♥ ❤): Kopyala Yapıştır ve Metin Kalpleri. Kalp sembolünü ♥ (U+2665) kopyala yapıştır — iskambil kartlarındaki kalp, ❤ kalın kalp, renkli kalp emojileri ve <3 gibi metin kalpleri…. Copy and paste stylish Unicode fonts and symbols for bios, captions, usernames and posts — free, fast…",https://ultratextgen.com/tr/symbol/kalp-sembolu/?utm_source=pinterest&utm_medium=social&utm_campaign=organic_pins&utm_content=tr-symbol-kalp-sembolu,,"localized, kalp sembolü (♥ ❤): kopyala yapıştır ve metin kalpleri, fancy text generator, copy paste fonts, unicode fonts, copy and paste, ultratextgen"
Kara Ay Lilith Sembolü (⚸): Astrolojideki Anlamı — Copy and Paste Fonts,https://ultratextgen.com/assets/pinterest/tr-symbol-kara-ay-lilith-sembolu.png,International Fancy Font Generators,,"Kara Ay Lilith Sembolü (⚸): Astrolojideki Anlamı. Kara Ay Lilith sembolünü (⚸), bir cisimden çok Ay'ın yörüngesindeki bir noktayı kopyala-yapıştır — ve astroloji haritalarının onunla…. Copy and paste stylish Unicode fonts and symbols for bios, captions, usernames and posts — free, fast and right…",https://ultratextgen.com/tr/symbol/kara-ay-lilith-sembolu/?utm_source=pinterest&utm_medium=social&utm_campaign=organic_pins&utm_content=tr-symbol-kara-ay-lilith-sembolu,,"localized, kara ay lilith sembolü (⚸): astrolojideki anlamı, fancy text generator, copy paste fonts, unicode fonts, copy and paste, ultratextgen"
Kare (²) ve Küp (³) İşaretleri: Üs Sembolleri Kopyala Yapıştır — Copy and Paste Fonts,https://ultratextgen.com/assets/pinterest/tr-symbol-kare-kup-isaretleri.png,International Fancy Font Generators,,"Kare (²) ve Küp (³) İşaretleri: Üs Sembolleri Kopyala Yapıştır. Kare (²) ve küp (³) işaretlerini kopyala yapıştır — üsler ve m² ile cm³ gibi birim kısaltmaları için, hem de neden neredeyse her yerde…. Copy and paste stylish Unicode fonts and symbols for bios, captions, usernames and posts —…",https://ultratextgen.com/tr/symbol/kare-kup-isaretleri/?utm_source=pinterest&utm_medium=social&utm_campaign=organic_pins&utm_content=tr-symbol-kare-kup-isaretleri,,"localized, kare (²) ve küp (³) i̇şaretleri: üs sembolleri kopyala yapıştır, fancy text generator, copy paste fonts, unicode fonts, copy and paste, ultratextgen"
"Karekök İşareti (√): Anlamı, Tarihi ve Nasıl Yazılır — Copy and Paste Fonts",https://ultratextgen.com/assets/pinterest/tr-symbol-karekok-isareti.png,International Fancy Font Generators,,"Karekök İşareti (√): Anlamı, Tarihi ve Nasıl Yazılır. Karekök işareti √ (U+221A) — 1525 kökeni, ne anlama geldiği, Windows ve Mac'te nasıl yazıldığı ve internette nerede güvenle…. Copy and paste stylish Unicode fonts and symbols for bios, captions, usernames and posts — free, fast and right in…",https://ultratextgen.com/tr/symbol/karekok-isareti/?utm_source=pinterest&utm_medium=social&utm_campaign=organic_pins&utm_content=tr-symbol-karekok-isareti,,"localized, karekök i̇şareti (√): anlamı, tarihi ve nasıl yazılır, fancy text generator, copy paste fonts, unicode fonts, copy and paste, ultratextgen"
Khanda Sembolü (☬ 🪯): Sih Amblemi ve Ik Onkar — Copy and Paste Fonts,https://ultratextgen.com/assets/pinterest/tr-symbol-khanda-sembolu.png,International Fancy Font Generators,,"Khanda Sembolü (☬ 🪯): Sih Amblemi ve Ik Onkar. Khanda'yı ☬ 🪯 kopyala — çift ağızlı kılıç, chakkar ve iki kirpandan oluşan Sih amblemi — ve Ik Onkar'dan (ੴ) farkını gör. Kopyalamak…. Copy and paste stylish Unicode fonts and symbols for bios, captions, usernames and posts — free, fast and right in…",https://ultratextgen.com/tr/symbol/khanda-sembolu/?utm_source=pinterest&utm_medium=social&utm_campaign=organic_pins&utm_content=tr-symbol-khanda-sembolu,,"localized, khanda sembolü (☬ 🪯): sih amblemi ve ik onkar, fancy text generator, copy paste fonts, unicode fonts, copy and paste, ultratextgen"
"Koç Burcu Sembolü (♈): Anlamı, Efsanesi ve Nasıl Yazılır — Copy and Paste Fonts",https://ultratextgen.com/assets/pinterest/tr-symbol-koc-burcu-sembolu.png,International Fancy Font Generators,,"Koç Burcu Sembolü (♈): Anlamı, Efsanesi ve Nasıl Yazılır. Koç burcu sembolü ♈ (U+2648) — zodyağın ilk burcu, ardındaki Altın Post efsanesi, yönetici gezegeni Mars ve Ateş elementi, ayrıca…. Copy and paste stylish Unicode fonts and symbols for bios, captions, usernames and posts — free, fast and…",https://ultratextgen.com/tr/symbol/koc-burcu-sembolu/?utm_source=pinterest&utm_medium=social&utm_campaign=organic_pins&utm_content=tr-symbol-koc-burcu-sembolu,,"localized, koç burcu sembolü (♈): anlamı, efsanesi ve nasıl yazılır, fancy text generator, copy paste fonts, unicode fonts, copy and paste, ultratextgen"
"Kova Burcu Sembolü (♒): Anlamı, Kökeni ve Nasıl Yazılır — Copy and Paste Fonts",https://ultratextgen.com/assets/pinterest/tr-symbol-kova-burcu-sembolu.png,International Fancy Font Generators,,"Kova Burcu Sembolü (♒): Anlamı, Kökeni ve Nasıl Yazılır. Kova burcu sembolü ♒ (U+2652) — su-taşıyıcı olmasına rağmen bir Hava burcu, Ganymedes efsanesi ve modern yöneticisi Uranüs. Tek…. Copy and paste stylish Unicode fonts and symbols for bios, captions, usernames and posts — free, fast and…",https://ultratextgen.com/tr/symbol/kova-burcu-sembolu/?utm_source=pinterest&utm_medium=social&utm_campaign=organic_pins&utm_content=tr-symbol-kova-burcu-sembolu,,"localized, kova burcu sembolü (♒): anlamı, kökeni ve nasıl yazılır, fancy text generator, copy paste fonts, unicode fonts, copy and paste, ultratextgen"
Küçüktür ve Büyüktür İşaretleri (< >): Anlamı ve Yazımı — Copy and Paste Fonts,https://ultratextgen.com/assets/pinterest/tr-symbol-kucuktur-buyuktur-isareti.png,International Fancy Font Generators,,"Küçüktür ve Büyüktür İşaretleri (< >): Anlamı ve Yazımı. < ve > işaretleri — karşılaştırma anlamı, kaçırılmadıklarında HTML'yi neden bozdukları, nasıl yazıldıkları ve « » ile ⟨ ⟩'den farkları…. Copy and paste stylish Unicode fonts and symbols for bios, captions, usernames and posts — free, fast…",https://ultratextgen.com/tr/symbol/kucuktur-buyuktur-isareti/?utm_source=pinterest&utm_medium=social&utm_campaign=organic_pins&utm_content=tr-symbol-kucuktur-buyuktur-isareti,,"localized, küçüktür ve büyüktür i̇şaretleri (< >): anlamı ve yazımı, fancy text generator, copy paste fonts, unicode fonts, copy and paste, ultratextgen"
Mikro İşareti (µ): Yunan Mü (μ) ile Farkı ve Nasıl Yazılır — Copy and Paste Fonts,https://ultratextgen.com/assets/pinterest/tr-symbol-mikro-isareti.png,International Fancy Font Generators,,"Mikro İşareti (µ): Yunan Mü (μ) ile Farkı ve Nasıl Yazılır. Mikro işareti µ (U+00B5) — mikron ve mikrogram için kullanımı ve neden birebir aynı görünen Yunan harfi mü'den (μ, U+03BC) farklı bir…. Copy and paste stylish Unicode fonts and symbols for bios, captions, usernames and posts — free,…",https://ultratextgen.com/tr/symbol/mikro-isareti/?utm_source=pinterest&utm_medium=social&utm_campaign=organic_pins&utm_content=tr-symbol-mikro-isareti,,"localized, mikro i̇şareti (µ): yunan mü (μ) ile farkı ve nasıl yazılır, fancy text generator, copy paste fonts, unicode fonts, copy and paste, ultratextgen"
"Öfke Sembolü (💢): Mangadaki Şişmiş Damar İşareti, Açıklaması — Copy and Paste Fonts",https://ultratextgen.com/assets/pinterest/tr-symbol-ofke-sembolu.png,International Fancy Font Generators,,"Öfke Sembolü (💢): Mangadaki Şişmiş Damar İşareti, Açıklaması. Öfke sembolünü (💢) kopyala-yapıştır — Japon mangasından gelen dört köşeli 'patlayan damar' işareti ve en sık eşleştirildiği öfke ile…. Copy and paste stylish Unicode fonts and symbols for bios, captions, usernames and posts — free,…",https://ultratextgen.com/tr/symbol/ofke-sembolu/?utm_source=pinterest&utm_medium=social&utm_campaign=organic_pins&utm_content=tr-symbol-ofke-sembolu,,"localized, öfke sembolü (💢): mangadaki şişmiş damar i̇şareti, açıklaması, fancy text generator, copy paste fonts, unicode fonts, copy and paste, ultratextgen"
"Oğlak Burcu Sembolü (♑): Anlamı, Efsanesi ve Nasıl Yazılır — Copy and Paste Fonts",https://ultratextgen.com/assets/pinterest/tr-symbol-oglak-burcu-sembolu.png,International Fancy Font Generators,,"Oğlak Burcu Sembolü (♑): Anlamı, Efsanesi ve Nasıl Yazılır. Oğlak burcu sembolü ♑ (U+2651) — yarı keçi yarı balık deniz-keçisi efsanesi, yönetici gezegeni Satürn ve Toprak elementi ve nasıl…. Copy and paste stylish Unicode fonts and symbols for bios, captions, usernames and posts — free, fast…",https://ultratextgen.com/tr/symbol/oglak-burcu-sembolu/?utm_source=pinterest&utm_medium=social&utm_campaign=organic_pins&utm_content=tr-symbol-oglak-burcu-sembolu,,"localized, oğlak burcu sembolü (♑): anlamı, efsanesi ve nasıl yazılır, fancy text generator, copy paste fonts, unicode fonts, copy and paste, ultratextgen"
Ohm İşareti (Ω ℧): Elektriksel Direnç Birimi ve V = IR — Copy and Paste Fonts,https://ultratextgen.com/assets/pinterest/tr-symbol-ohm-isareti.png,International Fancy Font Generators,,"Ohm İşareti (Ω ℧): Elektriksel Direnç Birimi ve V = IR. Elektriksel direnç için ohm işaretini Ω (U+2126) kopyala — fizikçi Georg Simon Ohm ve 1827 tarihli V = IR yasasından adını alır — ayrıca…. Copy and paste stylish Unicode fonts and symbols for bios, captions, usernames and posts — free, fast…",https://ultratextgen.com/tr/symbol/ohm-isareti/?utm_source=pinterest&utm_medium=social&utm_campaign=organic_pins&utm_content=tr-symbol-ohm-isareti,,"localized, ohm i̇şareti (ω ℧): elektriksel direnç birimi ve v = ir, fancy text generator, copy paste fonts, unicode fonts, copy and paste, ultratextgen"
"Om Sembolü (ॐ 🕉️): Hinduizm, Budizm ve Jainizmde Anlamı — Copy and Paste Fonts",https://ultratextgen.com/assets/pinterest/tr-symbol-om-sembolu.png,International Fancy Font Generators,,"Om Sembolü (ॐ 🕉️): Hinduizm, Budizm ve Jainizmde Anlamı. Om / Aum sembolünü ॐ (U+0950), 🕉️ (U+1F549) kopyala — Hinduizmde evrenin ilksel sesi, Budizmde 'Om mani padme hum'un başı, Jainizmde beş…. Copy and paste stylish Unicode fonts and symbols for bios, captions, usernames and posts — free,…",https://ultratextgen.com/tr/symbol/om-sembolu/?utm_source=pinterest&utm_medium=social&utm_campaign=organic_pins&utm_content=tr-symbol-om-sembolu,,"localized, om sembolü (ॐ 🕉️): hinduizm, budizm ve jainizmde anlamı, fancy text generator, copy paste fonts, unicode fonts, copy and paste, ultratextgen"
"Omega Sembolü (Ω): Anlamı, Tarihi ve Nasıl Yazılır — Copy and Paste Fonts",https://ultratextgen.com/assets/pinterest/tr-symbol-omega-sembolu.png,International Fancy Font Generators,,"Omega Sembolü (Ω): Anlamı, Tarihi ve Nasıl Yazılır. Omega sembolü Ω (U+03A9) ayrıntılarıyla — Yunan alfabesinin son harfi, elektriksel direncin 'ohm' işaretinin neden ona benzeyip yine de…. Copy and paste stylish Unicode fonts and symbols for bios, captions, usernames and posts — free, fast and…",https://ultratextgen.com/tr/symbol/omega-sembolu/?utm_source=pinterest&utm_medium=social&utm_campaign=organic_pins&utm_content=tr-symbol-omega-sembolu,,"localized, omega sembolü (ω): anlamı, tarihi ve nasıl yazılır, fancy text generator, copy paste fonts, unicode fonts, copy and paste, ultratextgen"
Onay İşareti (✓ ✔) ve Onay Kutusu: Kopyala Yapıştır ve Nasıl Yazılır — Copy and Paste,https://ultratextgen.com/assets/pinterest/tr-symbol-onay-isareti.png,International Fancy Font Generators,,"Onay İşareti (✓ ✔) ve Onay Kutusu: Kopyala Yapıştır ve Nasıl Yazılır. Onay işaretini ✓ (U+2713) ve onay kutusunu ☑ kopyala yapıştır — standart tik, kalın onay ✔, ✅ yeşil onay emojisi ve yanlışlıkla yazılan…. Copy and paste stylish Unicode fonts and symbols for bios, captions, usernames and posts…",https://ultratextgen.com/tr/symbol/onay-isareti/?utm_source=pinterest&utm_medium=social&utm_campaign=organic_pins&utm_content=tr-symbol-onay-isareti,,"localized, onay i̇şareti (✓ ✔) ve onay kutusu: kopyala yapıştır ve nasıl yazılır, fancy text generator, copy paste fonts, unicode fonts, copy and paste, ultratextgen"
Ortodoks Haç (☦): Üç Çubuğunun Anlamı — Copy and Paste Fonts,https://ultratextgen.com/assets/pinterest/tr-symbol-ortodoks-hac-sembolu.png,International Fancy Font Generators,,"Ortodoks Haç (☦): Üç Çubuğunun Anlamı. Ortodoks haçı ☦ (U+2626) kopyala — üç çubuğunun neyi temsil ettiği: titulus, ana çubuk ve İsa'yla birlikte çarmıha gerilen iki hırsıza…. Copy and paste stylish Unicode fonts and symbols for bios, captions, usernames and posts — free, fast and right in your…",https://ultratextgen.com/tr/symbol/ortodoks-hac-sembolu/?utm_source=pinterest&utm_medium=social&utm_campaign=organic_pins&utm_content=tr-symbol-ortodoks-hac-sembolu,,"localized, ortodoks haç (☦): üç çubuğunun anlamı, fancy text generator, copy paste fonts, unicode fonts, copy and paste, ultratextgen"
Otizm Sembolü: Kopyala-Yapıştır ♾️ Sonsuzluk — Yapboz Parçası Değil — Copy and Paste Fonts,https://ultratextgen.com/assets/pinterest/tr-symbol-otizm-sembolu.png,International Fancy Font Generators,,"Otizm Sembolü: Kopyala-Yapıştır ♾️ Sonsuzluk — Yapboz Parçası Değil. Otistik topluluğun otizm ve nöroçeşitlilik için kullandığı sonsuzluk sembolünü (∞ ♾️) kopyala-yapıştır; yapboz parçasının 🧩 neden gözden…. Copy and paste stylish Unicode fonts and symbols for bios, captions, usernames and posts…",https://ultratextgen.com/tr/symbol/otizm-sembolu/?utm_source=pinterest&utm_medium=social&utm_campaign=organic_pins&utm_content=tr-symbol-otizm-sembolu,,"localized, otizm sembolü: kopyala-yapıştır ♾️ sonsuzluk — yapboz parçası değil, fancy text generator, copy paste fonts, unicode fonts, copy and paste, ultratextgen"
"Paragraf İşareti (¶): Anlamı, Tarihi ve Nasıl Yazılır — Copy and Paste Fonts",https://ultratextgen.com/assets/pinterest/tr-symbol-paragraf-isareti.png,International Fancy Font Generators,,"Paragraf İşareti (¶): Anlamı, Tarihi ve Nasıl Yazılır. Paragraf işareti ¶ (U+00B6) — Word'ün Göster/Gizle düğmesinin ardındaki ortaçağ işareti ve Windows ile Mac'te nasıl yazıldığı. Copy and paste stylish Unicode fonts and symbols for bios, captions, usernames and posts — free, fast and right in…",https://ultratextgen.com/tr/symbol/paragraf-isareti/?utm_source=pinterest&utm_medium=social&utm_campaign=organic_pins&utm_content=tr-symbol-paragraf-isareti,,"localized, paragraf i̇şareti (¶): anlamı, tarihi ve nasıl yazılır, fancy text generator, copy paste fonts, unicode fonts, copy and paste, ultratextgen"
Pentagram Sembolü (⛤ ⛧): Yukarı Dönük Wicca Yıldızı ve Aşağı Dönük Şeytani Mühür — Copy,https://ultratextgen.com/assets/pinterest/tr-symbol-pentagram-sembolu.png,International Fancy Font Generators,,"Pentagram Sembolü (⛤ ⛧): Yukarı Dönük Wicca Yıldızı ve Aşağı Dönük Şeytani Mühür. Pentagramı (⛤ U+26E4) ve ters pentagramı (⛧ U+26E7) kopyala-yapıştır; yukarı dönük Wicca yıldızıyla aşağı dönük Şeytani mührün nasıl…. Copy and paste stylish Unicode fonts and symbols for bios, captions, usernames…",https://ultratextgen.com/tr/symbol/pentagram-sembolu/?utm_source=pinterest&utm_medium=social&utm_campaign=organic_pins&utm_content=tr-symbol-pentagram-sembolu,,"localized, pentagram sembolü (⛤ ⛧): yukarı dönük wicca yıldızı ve aşağı dönük şeytani mühür, fancy text generator, copy paste fonts, unicode fonts, copy and paste, ultratextgen"
"Pi Sembolü (π): Anlamı, Tarihi ve Nasıl Yazılır — Copy and Paste Fonts",https://ultratextgen.com/assets/pinterest/tr-symbol-pi-sembolu.png,International Fancy Font Generators,,"Pi Sembolü (π): Anlamı, Tarihi ve Nasıl Yazılır. Pi sembolü π (U+03C0) — çemberin çevresinin çapına oranı olan ≈ 3,14159 sabiti, 1706'da William Jones'un tanıttığı ve Euler'in…. Copy and paste stylish Unicode fonts and symbols for bios, captions, usernames and posts — free, fast and right in…",https://ultratextgen.com/tr/symbol/pi-sembolu/?utm_source=pinterest&utm_medium=social&utm_campaign=organic_pins&utm_content=tr-symbol-pi-sembolu,,"localized, pi sembolü (π): anlamı, tarihi ve nasıl yazılır, fancy text generator, copy paste fonts, unicode fonts, copy and paste, ultratextgen"
"Hint Rupisi İşareti (₹): Anlamı, Tarihi ve Nasıl Yazılır — Copy and Paste Fonts",https://ultratextgen.com/assets/pinterest/tr-symbol-rupi-isareti.png,International Fancy Font Generators,,"Hint Rupisi İşareti (₹): Anlamı, Tarihi ve Nasıl Yazılır. Hint rupisi işareti ₹ (U+20B9) — arkasındaki 2010 kamuya açık tasarım yarışması ve Windows ile Mac'te nasıl yazıldığı. Kopyalamak için…. Copy and paste stylish Unicode fonts and symbols for bios, captions, usernames and posts — free, fast…",https://ultratextgen.com/tr/symbol/rupi-isareti/?utm_source=pinterest&utm_medium=social&utm_campaign=organic_pins&utm_content=tr-symbol-rupi-isareti,,"localized, hint rupisi i̇şareti (₹): anlamı, tarihi ve nasıl yazılır, fancy text generator, copy paste fonts, unicode fonts, copy and paste, ultratextgen"
Sağ Ok İşareti (→): Anlamı ve Nasıl Yazılır — Copy and Paste Fonts,https://ultratextgen.com/assets/pinterest/tr-symbol-sag-ok-isareti.png,International Fancy Font Generators,,"Sağ Ok İşareti (→): Anlamı ve Nasıl Yazılır. Sağ ok işareti → (U+2192) — matematikte ve gösterimde kullanımı ile Windows ve Mac'te nasıl yazıldığı. Kopyalamak için dokun. Copy and paste stylish Unicode fonts and symbols for bios, captions, usernames and posts — free, fast and right in your…",https://ultratextgen.com/tr/symbol/sag-ok-isareti/?utm_source=pinterest&utm_medium=social&utm_campaign=organic_pins&utm_content=tr-symbol-sag-ok-isareti,,"localized, sağ ok i̇şareti (→): anlamı ve nasıl yazılır, fancy text generator, copy paste fonts, unicode fonts, copy and paste, ultratextgen"
"Sent İşareti (¢): Anlamı, Tarihi ve Nasıl Yazılır — Copy and Paste Fonts",https://ultratextgen.com/assets/pinterest/tr-symbol-sent-isareti.png,International Fancy Font Generators,,"Sent İşareti (¢): Anlamı, Tarihi ve Nasıl Yazılır. Sent işareti ¢ (U+00A2) — çoğu klavyede neden bulunmadığı, karıştırıldığı komşuları ve Windows ile Mac'te nasıl yazıldığı. Kopyalamak…. Copy and paste stylish Unicode fonts and symbols for bios, captions, usernames and posts — free, fast and…",https://ultratextgen.com/tr/symbol/sent-isareti/?utm_source=pinterest&utm_medium=social&utm_campaign=organic_pins&utm_content=tr-symbol-sent-isareti,,"localized, sent i̇şareti (¢): anlamı, tarihi ve nasıl yazılır, fancy text generator, copy paste fonts, unicode fonts, copy and paste, ultratextgen"
"Sigma Sembolü (Σ σ): Yunan Harfi, ""Sigma"" Memi ve Matematik — Copy and Paste Fonts",https://ultratextgen.com/assets/pinterest/tr-symbol-sigma-sembolu.png,International Fancy Font Generators,,"Sigma Sembolü (Σ σ): Yunan Harfi, ""Sigma"" Memi ve Matematik. Sigma sembolü Σ σ (U+03A3 / U+03C3) — Yunan harfi, insanların 'sigma' memi için gerçekte yapıştırdığı 🗿 moai emojisi ve matematikteki…. Copy and paste stylish Unicode fonts and symbols for bios, captions, usernames and posts — free,…",https://ultratextgen.com/tr/symbol/sigma-sembolu/?utm_source=pinterest&utm_medium=social&utm_campaign=organic_pins&utm_content=tr-symbol-sigma-sembolu,,"localized, sigma sembolü (σ σ): yunan harfi, ""sigma"" memi ve matematik, fancy text generator, copy paste fonts, unicode fonts, copy and paste, ultratextgen"
Sol Ok İşareti (←): Anlamı ve Nasıl Yazılır — Copy and Paste Fonts,https://ultratextgen.com/assets/pinterest/tr-symbol-sol-ok-isareti.png,International Fancy Font Generators,,"Sol Ok İşareti (←): Anlamı ve Nasıl Yazılır. Sol ok işareti ← (U+2190) — matematikte ve gösterimde kullanımı ile Windows ve Mac'te nasıl yazıldığı. Kopyalamak için dokun. Copy and paste stylish Unicode fonts and symbols for bios, captions, usernames and posts — free, fast and right in your…",https://ultratextgen.com/tr/symbol/sol-ok-isareti/?utm_source=pinterest&utm_medium=social&utm_campaign=organic_pins&utm_content=tr-symbol-sol-ok-isareti,,"localized, sol ok i̇şareti (←): anlamı ve nasıl yazılır, fancy text generator, copy paste fonts, unicode fonts, copy and paste, ultratextgen"
"Sonsuzluk İşareti (∞): Anlamı, Tarihi ve Nasıl Yazılır — Copy and Paste Fonts",https://ultratextgen.com/assets/pinterest/tr-symbol-sonsuzluk-isareti.png,International Fancy Font Generators,,"Sonsuzluk İşareti (∞): Anlamı, Tarihi ve Nasıl Yazılır. Sonsuzluk işareti ∞ (U+221E) — 1655'te John Wallis'in kökeni, ne anlama geldiği, Windows ve Mac'te nasıl yazıldığı ve ♾️ emojisinden…. Copy and paste stylish Unicode fonts and symbols for bios, captions, usernames and posts — free, fast and…",https://ultratextgen.com/tr/symbol/sonsuzluk-isareti/?utm_source=pinterest&utm_medium=social&utm_campaign=organic_pins&utm_content=tr-symbol-sonsuzluk-isareti,,"localized, sonsuzluk i̇şareti (∞): anlamı, tarihi ve nasıl yazılır, fancy text generator, copy paste fonts, unicode fonts, copy and paste, ultratextgen"
"Sterlin İşareti (£): Anlamı, Tarihi ve Nasıl Yazılır — Copy and Paste Fonts",https://ultratextgen.com/assets/pinterest/tr-symbol-sterlin-isareti.png,International Fancy Font Generators,,"Sterlin İşareti (£): Anlamı, Tarihi ve Nasıl Yazılır. Sterlin işareti £ (U+00A3) — Latince libra kökeni, # ""pound"" işaretinden farkı ve Windows ile Mac'te nasıl yazıldığı. Kopyalamak için dokun. Copy and paste stylish Unicode fonts and symbols for bios, captions, usernames and posts — free, fast…",https://ultratextgen.com/tr/symbol/sterlin-isareti/?utm_source=pinterest&utm_medium=social&utm_campaign=organic_pins&utm_content=tr-symbol-sterlin-isareti,,"localized, sterlin i̇şareti (£): anlamı, tarihi ve nasıl yazılır, fancy text generator, copy paste fonts, unicode fonts, copy and paste, ultratextgen"
"Tekerlekli Sandalye Sembolü (♿): Uluslararası Erişim Sembolü, Tarihi ve Yazımı — Copy",https://ultratextgen.com/assets/pinterest/tr-symbol-tekerlekli-sandalye-sembolu.png,International Fancy Font Generators,,"Tekerlekli Sandalye Sembolü (♿): Uluslararası Erişim Sembolü, Tarihi ve Yazımı. Tekerlekli sandalye sembolü ♿ (U+267F) — Uluslararası Erişim Sembolü, 1968 tasarımı ve klasik ile 'dinamik' Accessible Icon yeniden…. Copy and paste stylish Unicode fonts and symbols for bios, captions, usernames and…",https://ultratextgen.com/tr/symbol/tekerlekli-sandalye-sembolu/?utm_source=pinterest&utm_medium=social&utm_campaign=organic_pins&utm_content=tr-symbol-tekerlekli-sandalye-sembolu,,"localized, tekerlekli sandalye sembolü (♿): uluslararası erişim sembolü, tarihi ve yazımı, fancy text generator, copy paste fonts, unicode fonts, copy and paste, ultratextgen"
"Telif Hakkı İşareti (©): Anlamı, Tarihi ve Nasıl Yazılır — Copy and Paste Fonts",https://ultratextgen.com/assets/pinterest/tr-symbol-telif-hakki-isareti.png,International Fancy Font Generators,,"Telif Hakkı İşareti (©): Anlamı, Tarihi ve Nasıl Yazılır. Telif hakkı işareti © (U+00A9) — 1909 tarihli yasal kökeni, otomatik telif hakkı karşısında hâlâ gerekli olup olmadığı ve Windows ile…. Copy and paste stylish Unicode fonts and symbols for bios, captions, usernames and posts — free, fast…",https://ultratextgen.com/tr/symbol/telif-hakki-isareti/?utm_source=pinterest&utm_medium=social&utm_campaign=organic_pins&utm_content=tr-symbol-telif-hakki-isareti,,"localized, telif hakkı i̇şareti (©): anlamı, tarihi ve nasıl yazılır, fancy text generator, copy paste fonts, unicode fonts, copy and paste, ultratextgen"
"Terazi Burcu Sembolü (♎): Anlamı, Kökeni ve Nasıl Yazılır — Copy and Paste Fonts",https://ultratextgen.com/assets/pinterest/tr-symbol-terazi-burcu-sembolu.png,International Fancy Font Generators,,"Terazi Burcu Sembolü (♎): Anlamı, Kökeni ve Nasıl Yazılır. Terazi burcu sembolü ♎ (U+264E) — bir nesneyi betimleyen tek zodyak burcu, adalet terazisi, yönetici gezegeni Venüs ve Hava elementi…. Copy and paste stylish Unicode fonts and symbols for bios, captions, usernames and posts — free, fast…",https://ultratextgen.com/tr/symbol/terazi-burcu-sembolu/?utm_source=pinterest&utm_medium=social&utm_campaign=organic_pins&utm_content=tr-symbol-terazi-burcu-sembolu,,"localized, terazi burcu sembolü (♎): anlamı, kökeni ve nasıl yazılır, fancy text generator, copy paste fonts, unicode fonts, copy and paste, ultratextgen"
"Ters Soru İşareti (⸮): Anlamı, Tarihi ve Nasıl Yazılır — Copy and Paste Fonts",https://ultratextgen.com/assets/pinterest/tr-symbol-ters-soru-isareti.png,International Fancy Font Generators,,"Ters Soru İşareti (⸮): Anlamı, Tarihi ve Nasıl Yazılır. Ters soru işareti ⸮ (U+2E2E) — retorik sorular için 16. yüzyıldan kalma bir işaret ve neden ¿'den farklı olduğu: ¿ döndürülmüştür…. Copy and paste stylish Unicode fonts and symbols for bios, captions, usernames and posts — free, fast and…",https://ultratextgen.com/tr/symbol/ters-soru-isareti/?utm_source=pinterest&utm_medium=social&utm_campaign=organic_pins&utm_content=tr-symbol-ters-soru-isareti,,"localized, ters soru i̇şareti (⸮): anlamı, tarihi ve nasıl yazılır, fancy text generator, copy paste fonts, unicode fonts, copy and paste, ultratextgen"
"Ticari Marka İşareti (™): Anlamı, Tarihi ve Nasıl Yazılır — Copy and Paste Fonts",https://ultratextgen.com/assets/pinterest/tr-symbol-ticari-marka-isareti.png,International Fancy Font Generators,,"Ticari Marka İşareti (™): Anlamı, Tarihi ve Nasıl Yazılır. Ticari marka işareti ™ (U+2122) — yasal olarak ne anlama geldiği, ®'den nasıl ayrıldığı ve Windows ile Mac'te nasıl yazıldığı. Copy and paste stylish Unicode fonts and symbols for bios, captions, usernames and posts — free, fast and…",https://ultratextgen.com/tr/symbol/ticari-marka-isareti/?utm_source=pinterest&utm_medium=social&utm_campaign=organic_pins&utm_content=tr-symbol-ticari-marka-isareti,,"localized, ticari marka i̇şareti (™): anlamı, tarihi ve nasıl yazılır, fancy text generator, copy paste fonts, unicode fonts, copy and paste, ultratextgen"
"Tırnak İşareti — Düz "" ve Kıvrık “ ” Tırnak Kopyala Yapıştır — Copy and Paste Fonts",https://ultratextgen.com/assets/pinterest/tr-symbol-tirnak-isareti.png,International Fancy Font Generators,,"Tırnak İşareti — Düz "" ve Kıvrık “ ” Tırnak Kopyala Yapıştır. Tırnak işareti kopyala yapıştır: düz "" ', kıvrık (akıllı) “ ” tırnaklar ve « » dış tırnaklar (guillemet). Klavyede olmayan tırnak…. Copy and paste stylish Unicode fonts and symbols for bios, captions, usernames and posts — free, fast…",https://ultratextgen.com/tr/symbol/tirnak-isareti/?utm_source=pinterest&utm_medium=social&utm_campaign=organic_pins&utm_content=tr-symbol-tirnak-isareti,,"localized, tırnak i̇şareti — düz "" ve kıvrık “ ” tırnak kopyala yapıştır, fancy text generator, copy paste fonts, unicode fonts, copy and paste, ultratextgen"
"Uzun Tire (—): Anlamı, Kısa Tireden Farkı ve Nasıl Yazılır — Copy and Paste Fonts",https://ultratextgen.com/assets/pinterest/tr-symbol-uzun-tire-isareti.png,International Fancy Font Generators,,"Uzun Tire (—): Anlamı, Kısa Tireden Farkı ve Nasıl Yazılır. Uzun tire — (U+2014) — kısa tire (–), tire ve eksi işaretinden farkı, neden 'yapay zekâ yazısı' damgası hâline geldiği ve nasıl…. Copy and paste stylish Unicode fonts and symbols for bios, captions, usernames and posts — free, fast and…",https://ultratextgen.com/tr/symbol/uzun-tire-isareti/?utm_source=pinterest&utm_medium=social&utm_campaign=organic_pins&utm_content=tr-symbol-uzun-tire-isareti,,"localized, uzun tire (—): anlamı, kısa tireden farkı ve nasıl yazılır, fancy text generator, copy paste fonts, unicode fonts, copy and paste, ultratextgen"
"Ve İşareti (&): Anlamı, Tarihi ve Nasıl Yazılır — Copy and Paste Fonts",https://ultratextgen.com/assets/pinterest/tr-symbol-ve-isareti.png,International Fancy Font Generators,,"Ve İşareti (&): Anlamı, Tarihi ve Nasıl Yazılır. Ve işareti & (U+0026) — Latince 'et' bağlacının ligatüründen doğuşu, 'ampersand' adının nereden geldiği ve nasıl yazıldığı. Kopyalamak…. Copy and paste stylish Unicode fonts and symbols for bios, captions, usernames and posts — free, fast and…",https://ultratextgen.com/tr/symbol/ve-isareti/?utm_source=pinterest&utm_medium=social&utm_campaign=organic_pins&utm_content=tr-symbol-ve-isareti,,"localized, ve i̇şareti (&): anlamı, tarihi ve nasıl yazılır, fancy text generator, copy paste fonts, unicode fonts, copy and paste, ultratextgen"
Won İşareti (₩): İki Rakip Kore'nin Paylaştığı Para Birimi Sembolü — Copy and Paste Fonts,https://ultratextgen.com/assets/pinterest/tr-symbol-won-isareti.png,International Fancy Font Generators,,"Won İşareti (₩): İki Rakip Kore'nin Paylaştığı Para Birimi Sembolü. Won işareti ₩ (U+20A9) — hem Güney Kore wonu (KRW) hem de Kuzey Kore wonu (KPW) için kullanılan tek sembol, ve yen ile yuanın…. Copy and paste stylish Unicode fonts and symbols for bios, captions, usernames and posts — free,…",https://ultratextgen.com/tr/symbol/won-isareti/?utm_source=pinterest&utm_medium=social&utm_campaign=organic_pins&utm_content=tr-symbol-won-isareti,,"localized, won i̇şareti (₩): i̇ki rakip kore'nin paylaştığı para birimi sembolü, fancy text generator, copy paste fonts, unicode fonts, copy and paste, ultratextgen"
"Yay Burcu Sembolü (♐): Anlamı, Mitolojisi ve Nasıl Yazılır — Copy and Paste Fonts",https://ultratextgen.com/assets/pinterest/tr-symbol-yay-burcu-sembolu.png,International Fancy Font Generators,,"Yay Burcu Sembolü (♐): Anlamı, Mitolojisi ve Nasıl Yazılır. Yay burcu sembolü ♐ (U+2650) — kentauros Kheiron efsanesi, galaksinin merkezini işaret eden takımyıldız, yönetici gezegeni Jüpiter ve…. Copy and paste stylish Unicode fonts and symbols for bios, captions, usernames and posts — free,…",https://ultratextgen.com/tr/symbol/yay-burcu-sembolu/?utm_source=pinterest&utm_medium=social&utm_campaign=organic_pins&utm_content=tr-symbol-yay-burcu-sembolu,,"localized, yay burcu sembolü (♐): anlamı, mitolojisi ve nasıl yazılır, fancy text generator, copy paste fonts, unicode fonts, copy and paste, ultratextgen"
"Yen İşareti (¥): Anlamı, Tarihi ve Nasıl Yazılır — Copy and Paste Fonts",https://ultratextgen.com/assets/pinterest/tr-symbol-yen-isareti.png,International Fancy Font Generators,,"Yen İşareti (¥): Anlamı, Tarihi ve Nasıl Yazılır. Yen işareti ¥ (U+00A5) — 1871 kökeni, neden Çin yuanıyla paylaşıldığı ve Windows ile Mac'te nasıl yazıldığı. Kopyalamak için dokun. Copy and paste stylish Unicode fonts and symbols for bios, captions, usernames and posts — free, fast and right in…",https://ultratextgen.com/tr/symbol/yen-isareti/?utm_source=pinterest&utm_medium=social&utm_campaign=organic_pins&utm_content=tr-symbol-yen-isareti,,"localized, yen i̇şareti (¥): anlamı, tarihi ve nasıl yazılır, fancy text generator, copy paste fonts, unicode fonts, copy and paste, ultratextgen"
"Yengeç Burcu Sembolü (♋): Anlamı, Kökeni ve Nasıl Yazılır — Copy and Paste Fonts",https://ultratextgen.com/assets/pinterest/tr-symbol-yengec-burcu-sembolu.png,International Fancy Font Generators,,"Yengeç Burcu Sembolü (♋): Anlamı, Kökeni ve Nasıl Yazılır. Yengeç burcu sembolü ♋ (U+264B) — Ay tarafından yönetilen tek burç, ardındaki dev yengeç efsanesi ve Su elementi. Kopyalamak için dokun. Copy and paste stylish Unicode fonts and symbols for bios, captions, usernames and posts — free,…",https://ultratextgen.com/tr/symbol/yengec-burcu-sembolu/?utm_source=pinterest&utm_medium=social&utm_campaign=organic_pins&utm_content=tr-symbol-yengec-burcu-sembolu,,"localized, yengeç burcu sembolü (♋): anlamı, kökeni ve nasıl yazılır, fancy text generator, copy paste fonts, unicode fonts, copy and paste, ultratextgen"
Yıldız Sembolü (★ ☆): Kopyala Yapıştır ve Yıldız Emojileri — Copy and Paste Fonts,https://ultratextgen.com/assets/pinterest/tr-symbol-yildiz-sembolu.png,International Fancy Font Generators,,"Yıldız Sembolü (★ ☆): Kopyala Yapıştır ve Yıldız Emojileri. Yıldız sembolünü ★ (U+2605) kopyala yapıştır — puan ve favoriler için dolu ve kontur yıldızlar, dekoratif çok köşeli yıldızlar, ⭐ yıldız…. Copy and paste stylish Unicode fonts and symbols for bios, captions, usernames and posts — free,…",https://ultratextgen.com/tr/symbol/yildiz-sembolu/?utm_source=pinterest&utm_medium=social&utm_campaign=organic_pins&utm_content=tr-symbol-yildiz-sembolu,,"localized, yıldız sembolü (★ ☆): kopyala yapıştır ve yıldız emojileri, fancy text generator, copy paste fonts, unicode fonts, copy and paste, ultratextgen"
"Yin Yang Sembolü (☯): Anlamı, Tarihi ve Nasıl Yazılır — Copy and Paste Fonts",https://ultratextgen.com/assets/pinterest/tr-symbol-yin-yang-sembolu.png,International Fancy Font Generators,,"Yin Yang Sembolü (☯): Anlamı, Tarihi ve Nasıl Yazılır. Yin yang sembolü ☯ (U+262F) — antik Çin felsefesindeki kökleri ve Windows ile Mac'te nasıl yazıldığı. Kopyalamak için dokun. Copy and paste stylish Unicode fonts and symbols for bios, captions, usernames and posts — free, fast and right in…",https://ultratextgen.com/tr/symbol/yin-yang-sembolu/?utm_source=pinterest&utm_medium=social&utm_campaign=organic_pins&utm_content=tr-symbol-yin-yang-sembolu,,"localized, yin yang sembolü (☯): anlamı, tarihi ve nasıl yazılır, fancy text generator, copy paste fonts, unicode fonts, copy and paste, ultratextgen"
Yukarı Ok İşareti (↑): Anlamı ve Nasıl Yazılır — Copy and Paste Fonts,https://ultratextgen.com/assets/pinterest/tr-symbol-yukari-ok-isareti.png,International Fancy Font Generators,,"Yukarı Ok İşareti (↑): Anlamı ve Nasıl Yazılır. Yukarı ok işareti ↑ (U+2191) — matematikte, yön belirtmede ve gösterimde kullanımı ile Windows ve Mac'te nasıl yazıldığı. Kopyalamak…. Copy and paste stylish Unicode fonts and symbols for bios, captions, usernames and posts — free, fast and right…",https://ultratextgen.com/tr/symbol/yukari-ok-isareti/?utm_source=pinterest&utm_medium=social&utm_campaign=organic_pins&utm_content=tr-symbol-yukari-ok-isareti,,"localized, yukarı ok i̇şareti (↑): anlamı ve nasıl yazılır, fancy text generator, copy paste fonts, unicode fonts, copy and paste, ultratextgen"
TikTok Yazı Tipi — Bio ve Görünen Ad için Şekilli Yazı — Copy and Paste Fonts,https://ultratextgen.com/assets/pinterest/tr-tiktok-yazi-tipi.png,International Fancy Font Generators,,"TikTok Yazı Tipi — Bio ve Görünen Ad için Şekilli Yazı. TikTok yazı tipi değiştirici: görünen ad, bio, açıklama ve yorum için şekilli yazı stilleri. Yaz, kopyala, TikTok'a yapıştır —…. Copy and paste stylish Unicode fonts and symbols for bios, captions, usernames and posts — free, fast and right…",https://ultratextgen.com/tr/tiktok-yazi-tipi/?utm_source=pinterest&utm_medium=social&utm_campaign=organic_pins&utm_content=tr-tiktok-yazi-tipi,,"localized, tiktok yazı tipi — bio ve görünen ad için şekilli yazı, fancy text generator, copy paste fonts, unicode fonts, copy and paste, ultratextgen"
Biyografi Yazı Tipi — Copy and Paste Fonts,https://ultratextgen.com/assets/pinterest/tr-usecase-biyografi-yazi-tipi.png,International Fancy Font Generators,,"Biyografi Yazı Tipi. Instagram biyografin için fontlar ve semboller. Copy and paste stylish Unicode fonts and symbols for bios, captions, usernames and posts — free, fast and right in your browser with UltraTextGen.",https://ultratextgen.com/tr/usecase/biyografi-yazi-tipi/?utm_source=pinterest&utm_medium=social&utm_campaign=organic_pins&utm_content=tr-usecase-biyografi-yazi-tipi,,"localized, biyografi yazı tipi, fancy text generator, copy paste fonts, unicode fonts, copy and paste, ultratextgen"
COC Nick ♛ — Clash of Clans İsim Oluşturucu ve Sembolleri — Copy and Paste Fonts,https://ultratextgen.com/assets/pinterest/tr-usecase-coc-nick.png,International Fancy Font Generators,,"COC Nick ♛ — Clash of Clans İsim Oluşturucu ve Sembolleri. COC nick oluşturucu: adını yaz, taç ♛ ve ꧁꧂ çerçeveli Clash of Clans isimleri anında hazır. Nick sembolleri, hazır isimler ve isim…. Copy and paste stylish Unicode fonts and symbols for bios, captions, usernames and posts — free, fast…",https://ultratextgen.com/tr/usecase/coc-nick/?utm_source=pinterest&utm_medium=social&utm_campaign=organic_pins&utm_content=tr-usecase-coc-nick,,"localized, coc nick ♛ — clash of clans i̇sim oluşturucu ve sembolleri, fancy text generator, copy paste fonts, unicode fonts, copy and paste, ultratextgen"
Dövme Yazı Fontları — Copy and Paste Fonts,https://ultratextgen.com/assets/pinterest/tr-usecase-dovme-yazi-fontlari.png,International Fancy Font Generators,,"Dövme Yazı Fontları. Mürekkepten önce yazını test et. Copy and paste stylish Unicode fonts and symbols for bios, captions, usernames and posts — free, fast and right in your browser with UltraTextGen.",https://ultratextgen.com/tr/usecase/dovme-yazi-fontlari/?utm_source=pinterest&utm_medium=social&utm_campaign=organic_pins&utm_content=tr-usecase-dovme-yazi-fontlari,,"localized, dövme yazı fontları, fancy text generator, copy paste fonts, unicode fonts, copy and paste, ultratextgen"
Emoji Çevirici — Copy and Paste Fonts — UltraTextGen,https://ultratextgen.com/assets/pinterest/tr-usecase-emoji-ceviri.png,International Fancy Font Generators,,"Emoji Çevirici. Metni emojiye çevir, geri çöz. Copy and paste stylish Unicode fonts and symbols for bios, captions, usernames and posts — free, fast and right in your browser with UltraTextGen.",https://ultratextgen.com/tr/usecase/emoji-ceviri/?utm_source=pinterest&utm_medium=social&utm_campaign=organic_pins&utm_content=tr-usecase-emoji-ceviri,,"localized, emoji çevirici, fancy text generator, copy paste fonts, unicode fonts, copy and paste, ultratextgen"
Emoji Harfleri — Copy and Paste Fonts — UltraTextGen,https://ultratextgen.com/assets/pinterest/tr-usecase-emoji-harfler.png,International Fancy Font Generators,,"Emoji Harfleri. İsmini emoji alfabesiyle yaz. Copy and paste stylish Unicode fonts and symbols for bios, captions, usernames and posts — free, fast and right in your browser with UltraTextGen.",https://ultratextgen.com/tr/usecase/emoji-harfler/?utm_source=pinterest&utm_medium=social&utm_campaign=organic_pins&utm_content=tr-usecase-emoji-harfler,,"localized, emoji harfleri, fancy text generator, copy paste fonts, unicode fonts, copy and paste, ultratextgen"
Free Fire Şekilli Nick — Copy and Paste Fonts,https://ultratextgen.com/assets/pinterest/tr-usecase-free-fire-nick.png,International Fancy Font Generators,,"Free Fire Şekilli Nick. Free Fire isimleri, semboller ve isim kontrolü. Copy and paste stylish Unicode fonts and symbols for bios, captions, usernames and posts — free, fast and right in your browser with UltraTextGen.",https://ultratextgen.com/tr/usecase/free-fire-nick/?utm_source=pinterest&utm_medium=social&utm_campaign=organic_pins&utm_content=tr-usecase-free-fire-nick,,"localized, free fire şekilli nick, fancy text generator, copy paste fonts, unicode fonts, copy and paste, ultratextgen"
Ne Oluşturmak İstiyorsun? — Copy and Paste Fonts,https://ultratextgen.com/assets/pinterest/tr-usecase.png,International Fancy Font Generators,,"Ne Oluşturmak İstiyorsun?. Anına uygun aracı seç: biyografi yazı tipi, dövme yazı fontları, şekilli oyun nickleri ya da emoji çevirici. Copy and paste stylish Unicode fonts and symbols for bios, captions, usernames and posts — free, fast and right in your browser with UltraTextGen.",https://ultratextgen.com/tr/usecase/?utm_source=pinterest&utm_medium=social&utm_campaign=organic_pins&utm_content=tr-usecase,,"localized, ne oluşturmak i̇stiyorsun?, fancy text generator, copy paste fonts, unicode fonts, copy and paste, ultratextgen"
Mobile Legends Şekilli Nick — Copy and Paste Fonts,https://ultratextgen.com/assets/pinterest/tr-usecase-mobile-legends-nick.png,International Fancy Font Generators,,"Mobile Legends Şekilli Nick. MLBB isimleri, semboller ve isim kontrolü. Copy and paste stylish Unicode fonts and symbols for bios, captions, usernames and posts — free, fast and right in your browser with UltraTextGen.",https://ultratextgen.com/tr/usecase/mobile-legends-nick/?utm_source=pinterest&utm_medium=social&utm_campaign=organic_pins&utm_content=tr-usecase-mobile-legends-nick,,"localized, mobile legends şekilli nick, fancy text generator, copy paste fonts, unicode fonts, copy and paste, ultratextgen"
PUBG Şekilli Nick — Copy and Paste Fonts,https://ultratextgen.com/assets/pinterest/tr-usecase-pubg-nick.png,International Fancy Font Generators,,"PUBG Şekilli Nick. PUBG Mobile isimleri ve sembolleri. Copy and paste stylish Unicode fonts and symbols for bios, captions, usernames and posts — free, fast and right in your browser with UltraTextGen.",https://ultratextgen.com/tr/usecase/pubg-nick/?utm_source=pinterest&utm_medium=social&utm_campaign=organic_pins&utm_content=tr-usecase-pubg-nick,,"localized, pubg şekilli nick, fancy text generator, copy paste fonts, unicode fonts, copy and paste, ultratextgen"
Valorant Nick — Copy and Paste Fonts — UltraTextGen,https://ultratextgen.com/assets/pinterest/tr-usecase-valorant-nick.png,International Fancy Font Generators,,"Valorant Nick. Riot ID kontrolü ve stil isimler. Copy and paste stylish Unicode fonts and symbols for bios, captions, usernames and posts — free, fast and right in your browser with UltraTextGen.",https://ultratextgen.com/tr/usecase/valorant-nick/?utm_source=pinterest&utm_medium=social&utm_campaign=organic_pins&utm_content=tr-usecase-valorant-nick,,"localized, valorant nick, fancy text generator, copy paste fonts, unicode fonts, copy and paste, ultratextgen"
Dikey Yazı Oluşturucu — Copy and Paste Fonts,https://ultratextgen.com/assets/pinterest/tr-usecase-vertical-text.png,International Fancy Font Generators,,"Dikey Yazı Oluşturucu. Metni yukarıdan aşağıya dizin. Copy and paste stylish Unicode fonts and symbols for bios, captions, usernames and posts — free, fast and right in your browser with UltraTextGen.",https://ultratextgen.com/tr/usecase/vertical-text/?utm_source=pinterest&utm_medium=social&utm_campaign=organic_pins&utm_content=tr-usecase-vertical-text,,"localized, dikey yazı oluşturucu, fancy text generator, copy paste fonts, unicode fonts, copy and paste, ultratextgen"
Zalgo Metin Oluşturucu — Copy and Paste Fonts,https://ultratextgen.com/assets/pinterest/tr-usecase-zalgo-text.png,International Fancy Font Generators,,"Zalgo Metin Oluşturucu. Ürkütücü bozuk metin oluşturun. Copy and paste stylish Unicode fonts and symbols for bios, captions, usernames and posts — free, fast and right in your browser with UltraTextGen.",https://ultratextgen.com/tr/usecase/zalgo-text/?utm_source=pinterest&utm_medium=social&utm_campaign=organic_pins&utm_content=tr-usecase-zalgo-text,,"localized, zalgo metin oluşturucu, fancy text generator, copy paste fonts, unicode fonts, copy and paste, ultratextgen"
Üstü Çizili Yazı — Üstü Çizili Font Kopyala Yapıştır (m̶e̶t̶i̶n̶) — Copy and Paste Fonts,https://ultratextgen.com/assets/pinterest/tr-ustu-cizili-yazi.png,International Fancy Font Generators,,"Üstü Çizili Yazı — Üstü Çizili Font Kopyala Yapıştır (m̶e̶t̶i̶n̶). Üstü çizili yazı aracı: metnini m̶e̶t̶i̶n̶, m̳e̳t̳i̳n̳ ve m̸e̸t̸i̸n̸ stillerine çevir. Instagram bio, WhatsApp ve nick için üstü çizili…. Copy and paste stylish Unicode fonts and symbols for bios, captions, usernames and posts —…",https://ultratextgen.com/tr/ustu-cizili-yazi/?utm_source=pinterest&utm_medium=social&utm_campaign=organic_pins&utm_content=tr-ustu-cizili-yazi,,"localized, üstü çizili yazı — üstü çizili font kopyala yapıştır (m̶e̶t̶i̶n̶), fancy text generator, copy paste fonts, unicode fonts, copy and paste, ultratextgen"
WhatsApp Yazı Tipi — Mesaj ve Durum için Şekilli Yazı Kopyala — Copy and Paste Fonts,https://ultratextgen.com/assets/pinterest/tr-whatsapp-yazi-tipi.png,International Fancy Font Generators,,"WhatsApp Yazı Tipi — Mesaj ve Durum için Şekilli Yazı Kopyala. WhatsApp yazı tipi değiştirici: mesaj, durum, grup adı ve profil için şekilli yazı stilleri. Yaz, kopyala, WhatsApp'a yapıştır — kalın…. Copy and paste stylish Unicode fonts and symbols for bios, captions, usernames and posts — free,…",https://ultratextgen.com/tr/whatsapp-yazi-tipi/?utm_source=pinterest&utm_medium=social&utm_campaign=organic_pins&utm_content=tr-whatsapp-yazi-tipi,,"localized, whatsapp yazı tipi — mesaj ve durum için şekilli yazı kopyala, fancy text generator, copy paste fonts, unicode fonts, copy and paste, ultratextgen"
Yazı Stilleri — Copy and Paste Fonts — UltraTextGen,https://ultratextgen.com/assets/pinterest/tr-yazi-stilleri.png,International Fancy Font Generators,,"Yazı Stilleri. Değişik yazı tipleri kopyala yapıştır. Copy and paste stylish Unicode fonts and symbols for bios, captions, usernames and posts — free, fast and right in your browser with UltraTextGen.",https://ultratextgen.com/tr/yazi-stilleri/?utm_source=pinterest&utm_medium=social&utm_campaign=organic_pins&utm_content=tr-yazi-stilleri,,"localized, yazı stilleri, fancy text generator, copy paste fonts, unicode fonts, copy and paste, ultratextgen"
Chữ Gạch Ngang — Tạo Chữ Bị Gạch Copy Paste Mọi Nơi — Copy and Paste Fonts,https://ultratextgen.com/assets/pinterest/vi-chu-gach-ngang.png,International Fancy Font Generators,,"Chữ Gạch Ngang — Tạo Chữ Bị Gạch Copy Paste Mọi Nơi. Tạo chữ gạch ngang online: dấu gạch là kí tự Unicode nên dán đâu cũng giữ — bio, tên game, comment, nơi không có nút gạch ngang. Gõ chữ…. Copy and paste stylish Unicode fonts and symbols for bios, captions, usernames and posts — free, fast and…",https://ultratextgen.com/vi/chu-gach-ngang/?utm_source=pinterest&utm_medium=social&utm_campaign=organic_pins&utm_content=vi-chu-gach-ngang,,"localized, chữ gạch ngang — tạo chữ bị gạch copy paste mọi nơi, fancy text generator, copy paste fonts, unicode fonts, copy and paste, ultratextgen"
"Chữ Hoa Chữ Thường — Chuyển Đổi UPPERCASE, lowercase, Title Case — Copy and Paste Fonts",https://ultratextgen.com/assets/pinterest/vi-chu-hoa-chu-thuong.png,International Fancy Font Generators,,"Chữ Hoa Chữ Thường — Chuyển Đổi UPPERCASE, lowercase, Title Case. Công cụ chuyển đổi chữ hoa chữ thường miễn phí. Chuyển văn bản sang UPPERCASE, lowercase, Capitalized Case, Title Case, Sentence case…. Copy and paste stylish Unicode fonts and symbols for bios, captions, usernames and posts —…",https://ultratextgen.com/vi/chu-hoa-chu-thuong/?utm_source=pinterest&utm_medium=social&utm_campaign=organic_pins&utm_content=vi-chu-hoa-chu-thuong,,"localized, chữ hoa chữ thường — chuyển đổi uppercase, lowercase, title case, fancy text generator, copy paste fonts, unicode fonts, copy and paste, ultratextgen"
Chữ In Đậm — Tạo Chữ Đậm Copy Paste (Giữ Dấu Tiếng Việt) — Copy and Paste Fonts,https://ultratextgen.com/assets/pinterest/vi-chu-in-dam.png,International Fancy Font Generators,,"Chữ In Đậm — Tạo Chữ Đậm Copy Paste (Giữ Dấu Tiếng Việt). Tạo chữ in đậm online: gõ một dòng, ra ngay hàng chục kiểu chữ đậm Unicode. Giữ dấu tiếng Việt, copy dán vào Facebook, Zalo, TikTok…. Copy and paste stylish Unicode fonts and symbols for bios, captions, usernames and posts — free, fast…",https://ultratextgen.com/vi/chu-in-dam/?utm_source=pinterest&utm_medium=social&utm_campaign=organic_pins&utm_content=vi-chu-in-dam,,"localized, chữ in đậm — tạo chữ đậm copy paste (giữ dấu tiếng việt), fancy text generator, copy paste fonts, unicode fonts, copy and paste, ultratextgen"
"Chữ Kiểu TikTok — Đổi Font Tên, Bio & Caption TikTok — Copy and Paste Fonts",https://ultratextgen.com/assets/pinterest/vi-chu-kieu-tiktok.png,International Fancy Font Generators,,"Chữ Kiểu TikTok — Đổi Font Tên, Bio & Caption TikTok. Tạo chữ kiểu TikTok online: đổi font tên hiển thị, bio, caption và bình luận. Gõ chữ, copy, dán vào TikTok — kèm mẫu bio đẹp và kí tự…. Copy and paste stylish Unicode fonts and symbols for bios, captions, usernames and posts — free, fast and…",https://ultratextgen.com/vi/chu-kieu-tiktok/?utm_source=pinterest&utm_medium=social&utm_campaign=organic_pins&utm_content=vi-chu-kieu-tiktok,,"localized, chữ kiểu tiktok — đổi font tên, bio & caption tiktok, fancy text generator, copy paste fonts, unicode fonts, copy and paste, ultratextgen"
Chữ Nghiêng — Tạo Font Nghiêng Đẹp (Giữ Dấu Tiếng Việt) — Copy and Paste Fonts,https://ultratextgen.com/assets/pinterest/vi-chu-nghieng.png,International Fancy Font Generators,,"Chữ Nghiêng — Tạo Font Nghiêng Đẹp (Giữ Dấu Tiếng Việt). Tạo chữ nghiêng online: gõ một dòng, ra ngay hàng chục font chữ nghiêng đẹp Unicode. Giữ dấu tiếng Việt, copy dán vào Facebook…. Copy and paste stylish Unicode fonts and symbols for bios, captions, usernames and posts — free, fast and…",https://ultratextgen.com/vi/chu-nghieng/?utm_source=pinterest&utm_medium=social&utm_campaign=organic_pins&utm_content=vi-chu-nghieng,,"localized, chữ nghiêng — tạo font nghiêng đẹp (giữ dấu tiếng việt), fancy text generator, copy paste fonts, unicode fonts, copy and paste, ultratextgen"
"Chữ Ngược — Đảo Ngược, Lộn Ngược 180° Copy Paste — Copy and Paste Fonts",https://ultratextgen.com/assets/pinterest/vi-chu-nguoc.png,International Fancy Font Generators,,"Chữ Ngược — Đảo Ngược, Lộn Ngược 180° Copy Paste. Tạo chữ ngược online: chữ lộn ngược 180° kiểu uʍop ǝpᴉsdn và chữ viết ngược thứ tự. Gõ một dòng, bấm Sao chép rồi dán vào bio, comment…. Copy and paste stylish Unicode fonts and symbols for bios, captions, usernames and posts — free, fast and…",https://ultratextgen.com/vi/chu-nguoc/?utm_source=pinterest&utm_medium=social&utm_campaign=organic_pins&utm_content=vi-chu-nguoc,,"localized, chữ ngược — đảo ngược, lộn ngược 180° copy paste, fancy text generator, copy paste fonts, unicode fonts, copy and paste, ultratextgen"
"Chữ Nhỏ — Tạo Chữ Nhỏ Trên Đầu, Chữ Bé Xíu Copy Paste — Copy and Paste Fonts",https://ultratextgen.com/assets/pinterest/vi-chu-nho.png,International Fancy Font Generators,,"Chữ Nhỏ — Tạo Chữ Nhỏ Trên Đầu, Chữ Bé Xíu Copy Paste. Tạo chữ nhỏ online: chữ nhỏ trên đầu (superscript), chữ nhỏ dưới chân và small caps. Gõ một dòng, bấm Sao chép rồi dán vào bio, comment…. Copy and paste stylish Unicode fonts and symbols for bios, captions, usernames and posts — free, fast…",https://ultratextgen.com/vi/chu-nho/?utm_source=pinterest&utm_medium=social&utm_campaign=organic_pins&utm_content=vi-chu-nho,,"localized, chữ nhỏ — tạo chữ nhỏ trên đầu, chữ bé xíu copy paste, fancy text generator, copy paste fonts, unicode fonts, copy and paste, ultratextgen"
Combo Emoji — Copy and Paste Fonts — UltraTextGen,https://ultratextgen.com/assets/pinterest/vi-combo-emoji.png,International Fancy Font Generators,,"Combo Emoji. Bộ emoji để sao chép và dán. Copy and paste stylish Unicode fonts and symbols for bios, captions, usernames and posts — free, fast and right in your browser with UltraTextGen.",https://ultratextgen.com/vi/combo-emoji/?utm_source=pinterest&utm_medium=social&utm_campaign=organic_pins&utm_content=vi-combo-emoji,,"localized, combo emoji, fancy text generator, copy paste fonts, unicode fonts, copy and paste, ultratextgen"
