doc_id,mode,text_n,line_cr_min_b,line_pass_b,text_cr_min_b,text_pass_b,text_pass_aaa_b
A-H-L-A4-s0,STANDARD,0,2.6792,0.70588,,,
A-H-L-A4-s0,ECO_COLOUR,0,2.6792,0.70588,,,
A-H-L-A4-s0,SUPER_ECO_BW,0,21,1,,,
A-H-L-A4-s0,INT_BG+TINT_FILL_55,0,2.6792,0.70588,,,
A-H-L-A4-s0,INT_REMOVE_ALL,0,2.6792,0.70588,,,
A-H-L-A4-s0,INT_OUTLINE+BW,0,21,1,,,
A-H-L-A4-s0,INT_GRAY+BG,0,2.6792,0.70588,,,
A-H-L-A4-s0,INT_OUTLINE+HALFTONE_M,0,2.6792,0.70588,,,
A-H-L-A4-s0,COPY_SAFE_ECO,0,6.8969,1,,,
A-H-L-A4-s0,COMBINED_REMOVE+TINT_75,0,2.0279,0.70588,,,
A-H-L-A4-s0,COMBINED_ECO+STRUCT_75,0,2.0279,0.70588,,,
A-H-L-A4-s0,OPACITY_GROUP_90,0,2.3779,0.70588,,,
A-H-L-A4-s0,OPACITY_GROUP_75,0,2.0279,0.70588,,,
A-H-L-A4-s0,OPACITY_GROUP_60,0,1.726,0.70588,,,
A-H-L-A4-s0,OPACITY_GROUP_45,0,1.497,0,,,
A-H-L-A4-s0,OPACITY_ELEM_60,0,1.726,0.70588,,,
A-H-L-A4-s0,OPACITY_FILL_60,0,2.6792,0.70588,,,
A-H-L-A4-s0,OPACITY_STROKE_60,0,1.726,0.70588,,,
A-H-L-A4-s0,OPACITY_TEXT_60,0,2.6792,0.70588,,,
A-H-L-A4-s0,TINT_75,0,2.0279,0.70588,,,
A-H-L-A4-s0,TINT_55,0,1.639,0.70588,,,
A-H-L-A4-s0,TINT_30,0,1.2955,0,,,
A-H-L-A4-s0,TINT_FILL_55,0,2.6792,0.70588,,,
A-H-L-A4-s0,TINT_FILL_30,0,2.6792,0.70588,,,
A-H-L-A4-s0,TINT_FILL_15,0,2.6792,0.70588,,,
A-H-L-A4-s0,GRAYSCALE,0,2.6792,0.70588,,,
A-H-L-A4-s0,BW_THRESHOLD,,,,,,
A-H-L-A4-s0,BW_SEMANTIC,0,21,1,,,
A-H-L-A4-s0,OUTLINE_ONLY,0,2.6792,0.70588,,,
A-H-L-A4-s0,OUTLINE_NAIVE,0,2.6792,0.70588,,,
A-H-L-A4-s0,BG_REMOVAL,0,2.6792,0.70588,,,
A-H-L-A4-s0,DECOR_REMOVAL,0,2.6792,0.70588,,,
A-H-L-A4-s0,HALFTONE_H,0,2.6792,0.70588,,,
A-H-L-A4-s0,HALFTONE_M,0,2.6792,0.70588,,,
A-H-L-A4-s0,HALFTONE_L,0,2.6792,0.70588,,,
A-H-L-A4-s0,DITHER_M,0,2.6792,0.70588,,,
A-H-L-A4-s0,HIGH_CONTRAST,0,6.8969,1,,,
A-H-M-A4-s0,STANDARD,0,2.6792,0.68966,,,
A-H-M-A4-s0,ECO_COLOUR,0,2.6792,0.68966,,,
A-H-M-A4-s0,SUPER_ECO_BW,0,21,1,,,
A-H-M-A4-s0,INT_BG+TINT_FILL_55,0,2.6792,0.68966,,,
A-H-M-A4-s0,INT_REMOVE_ALL,0,2.6792,0.68966,,,
A-H-M-A4-s0,INT_OUTLINE+BW,0,21,1,,,
A-H-M-A4-s0,INT_GRAY+BG,0,2.6792,0.68966,,,
A-H-M-A4-s0,INT_OUTLINE+HALFTONE_M,0,2.6792,0.68966,,,
A-H-M-A4-s0,COPY_SAFE_ECO,0,6.8969,1,,,
A-H-M-A4-s0,COMBINED_REMOVE+TINT_75,0,2.0279,0.68966,,,
A-H-M-A4-s0,COMBINED_ECO+STRUCT_75,0,2.0279,0.68966,,,
A-H-M-A4-s0,OPACITY_GROUP_90,0,2.3779,0.68966,,,
A-H-M-A4-s0,OPACITY_GROUP_75,0,2.0279,0.68966,,,
A-H-M-A4-s0,OPACITY_GROUP_60,0,1.726,0.68966,,,
A-H-M-A4-s0,OPACITY_GROUP_45,0,1.497,0,,,
A-H-M-A4-s0,OPACITY_ELEM_60,0,1.726,0.68966,,,
A-H-M-A4-s0,OPACITY_FILL_60,0,2.6792,0.68966,,,
A-H-M-A4-s0,OPACITY_STROKE_60,0,1.726,0.68966,,,
A-H-M-A4-s0,OPACITY_TEXT_60,0,2.6792,0.68966,,,
A-H-M-A4-s0,TINT_75,0,2.0279,0.68966,,,
A-H-M-A4-s0,TINT_55,0,1.639,0.68966,,,
A-H-M-A4-s0,TINT_30,0,1.2955,0,,,
A-H-M-A4-s0,TINT_FILL_55,0,2.6792,0.68966,,,
A-H-M-A4-s0,TINT_FILL_30,0,2.6792,0.68966,,,
A-H-M-A4-s0,TINT_FILL_15,0,2.6792,0.68966,,,
A-H-M-A4-s0,GRAYSCALE,0,2.6792,0.68966,,,
A-H-M-A4-s0,BW_THRESHOLD,,,,,,
A-H-M-A4-s0,BW_SEMANTIC,0,21,1,,,
A-H-M-A4-s0,OUTLINE_ONLY,0,2.6792,0.68966,,,
A-H-M-A4-s0,OUTLINE_NAIVE,0,2.6792,0.68966,,,
A-H-M-A4-s0,BG_REMOVAL,0,2.6792,0.68966,,,
A-H-M-A4-s0,DECOR_REMOVAL,0,2.6792,0.68966,,,
A-H-M-A4-s0,HALFTONE_H,0,2.6792,0.68966,,,
A-H-M-A4-s0,HALFTONE_M,0,2.6792,0.68966,,,
A-H-M-A4-s0,HALFTONE_L,0,2.6792,0.68966,,,
A-H-M-A4-s0,DITHER_M,0,2.6792,0.68966,,,
A-H-M-A4-s0,HIGH_CONTRAST,0,6.8969,1,,,
A-H-M-LETTER-s0,STANDARD,0,2.6792,0.69231,,,
A-H-M-LETTER-s0,ECO_COLOUR,0,2.6792,0.69231,,,
A-H-M-LETTER-s0,SUPER_ECO_BW,0,21,1,,,
A-H-M-LETTER-s0,OPACITY_GROUP_75,0,2.0279,0.69231,,,
A-H-M-LETTER-s0,OPACITY_GROUP_60,0,1.726,0.69231,,,
A-H-M-LETTER-s0,TINT_55,0,1.639,0.69231,,,
A-H-M-LETTER-s0,TINT_FILL_30,0,2.6792,0.69231,,,
A-H-M-LETTER-s0,GRAYSCALE,0,2.6792,0.69231,,,
A-H-M-LETTER-s0,BW_SEMANTIC,0,21,1,,,
A-H-M-LETTER-s0,OUTLINE_ONLY,0,2.6792,0.69231,,,
A-H-M-LETTER-s0,BG_REMOVAL,0,2.6792,0.69231,,,
A-H-M-LETTER-s0,DECOR_REMOVAL,0,2.6792,0.69231,,,
A-H-M-LETTER-s0,HALFTONE_M,0,2.6792,0.69231,,,
A-H-M-LETTER-s0,HIGH_CONTRAST,0,6.8969,1,,,
A-H-S-A4-s0,STANDARD,0,2.6792,0.68293,,,
A-H-S-A4-s0,ECO_COLOUR,0,2.6792,0.68293,,,
A-H-S-A4-s0,SUPER_ECO_BW,0,21,1,,,
A-H-S-A4-s0,INT_BG+TINT_FILL_55,0,2.6792,0.68293,,,
A-H-S-A4-s0,INT_REMOVE_ALL,0,2.6792,0.68293,,,
A-H-S-A4-s0,INT_OUTLINE+BW,0,21,1,,,
A-H-S-A4-s0,INT_GRAY+BG,0,2.6792,0.68293,,,
A-H-S-A4-s0,INT_OUTLINE+HALFTONE_M,0,2.6792,0.68293,,,
A-H-S-A4-s0,COPY_SAFE_ECO,0,6.8969,1,,,
A-H-S-A4-s0,COMBINED_REMOVE+TINT_75,0,2.0279,0.68293,,,
A-H-S-A4-s0,COMBINED_ECO+STRUCT_75,0,2.0279,0.68293,,,
A-H-S-A4-s0,OPACITY_GROUP_90,0,2.3779,0.68293,,,
A-H-S-A4-s0,OPACITY_GROUP_75,0,2.0279,0.68293,,,
A-H-S-A4-s0,OPACITY_GROUP_60,0,1.726,0.68293,,,
A-H-S-A4-s0,OPACITY_GROUP_45,0,1.497,0,,,
A-H-S-A4-s0,OPACITY_ELEM_60,0,1.726,0.68293,,,
A-H-S-A4-s0,OPACITY_FILL_60,0,2.6792,0.68293,,,
A-H-S-A4-s0,OPACITY_STROKE_60,0,1.726,0.68293,,,
A-H-S-A4-s0,OPACITY_TEXT_60,0,2.6792,0.68293,,,
A-H-S-A4-s0,TINT_75,0,2.0279,0.68293,,,
A-H-S-A4-s0,TINT_55,0,1.639,0.68293,,,
A-H-S-A4-s0,TINT_30,0,1.2955,0,,,
A-H-S-A4-s0,TINT_FILL_55,0,2.6792,0.68293,,,
A-H-S-A4-s0,TINT_FILL_30,0,2.6792,0.68293,,,
A-H-S-A4-s0,TINT_FILL_15,0,2.6792,0.68293,,,
A-H-S-A4-s0,GRAYSCALE,0,2.6792,0.68293,,,
A-H-S-A4-s0,BW_THRESHOLD,,,,,,
A-H-S-A4-s0,BW_SEMANTIC,0,21,1,,,
A-H-S-A4-s0,OUTLINE_ONLY,0,2.6792,0.68293,,,
A-H-S-A4-s0,OUTLINE_NAIVE,0,2.6792,0.68293,,,
A-H-S-A4-s0,BG_REMOVAL,0,2.6792,0.68293,,,
A-H-S-A4-s0,DECOR_REMOVAL,0,2.6792,0.68293,,,
A-H-S-A4-s0,HALFTONE_H,0,2.6792,0.68293,,,
A-H-S-A4-s0,HALFTONE_M,0,2.6792,0.68293,,,
A-H-S-A4-s0,HALFTONE_L,0,2.6792,0.68293,,,
A-H-S-A4-s0,DITHER_M,0,2.6792,0.68293,,,
A-H-S-A4-s0,HIGH_CONTRAST,0,6.8969,1,,,
A-L-L-A4-s0,STANDARD,0,2.6792,0.8,,,
A-L-L-A4-s0,ECO_COLOUR,0,2.6792,0.8,,,
A-L-L-A4-s0,SUPER_ECO_BW,0,21,1,,,
A-L-L-A4-s0,INT_BG+TINT_FILL_55,0,2.6792,0.8,,,
A-L-L-A4-s0,INT_REMOVE_ALL,0,2.6792,0.8,,,
A-L-L-A4-s0,INT_OUTLINE+BW,0,21,1,,,
A-L-L-A4-s0,INT_GRAY+BG,0,2.6792,0.8,,,
A-L-L-A4-s0,INT_OUTLINE+HALFTONE_M,0,2.6792,0.8,,,
A-L-L-A4-s0,COPY_SAFE_ECO,0,6.8969,1,,,
A-L-L-A4-s0,COMBINED_REMOVE+TINT_75,0,2.0279,0.8,,,
A-L-L-A4-s0,COMBINED_ECO+STRUCT_75,0,2.0279,0.8,,,
A-L-L-A4-s0,OPACITY_GROUP_90,0,2.3779,0.8,,,
A-L-L-A4-s0,OPACITY_GROUP_75,0,2.0279,0.8,,,
A-L-L-A4-s0,OPACITY_GROUP_60,0,1.726,0.8,,,
A-L-L-A4-s0,OPACITY_GROUP_45,0,1.497,0,,,
A-L-L-A4-s0,OPACITY_ELEM_60,0,1.726,0.8,,,
A-L-L-A4-s0,OPACITY_FILL_60,0,2.6792,0.8,,,
A-L-L-A4-s0,OPACITY_STROKE_60,0,1.726,0.8,,,
A-L-L-A4-s0,OPACITY_TEXT_60,0,2.6792,0.8,,,
A-L-L-A4-s0,TINT_75,0,2.0279,0.8,,,
A-L-L-A4-s0,TINT_55,0,1.639,0.8,,,
A-L-L-A4-s0,TINT_30,0,1.2955,0,,,
A-L-L-A4-s0,TINT_FILL_55,0,2.6792,0.8,,,
A-L-L-A4-s0,TINT_FILL_30,0,2.6792,0.8,,,
A-L-L-A4-s0,TINT_FILL_15,0,2.6792,0.8,,,
A-L-L-A4-s0,GRAYSCALE,0,2.6792,0.8,,,
A-L-L-A4-s0,BW_THRESHOLD,,,,,,
A-L-L-A4-s0,BW_SEMANTIC,0,21,1,,,
A-L-L-A4-s0,OUTLINE_ONLY,0,2.6792,0.8,,,
A-L-L-A4-s0,OUTLINE_NAIVE,0,2.6792,0.8,,,
A-L-L-A4-s0,BG_REMOVAL,0,2.6792,0.8,,,
A-L-L-A4-s0,DECOR_REMOVAL,0,2.6792,0.8,,,
A-L-L-A4-s0,HALFTONE_H,0,2.6792,0.8,,,
A-L-L-A4-s0,HALFTONE_M,0,2.6792,0.8,,,
A-L-L-A4-s0,HALFTONE_L,0,2.6792,0.8,,,
A-L-L-A4-s0,DITHER_M,0,2.6792,0.8,,,
A-L-L-A4-s0,HIGH_CONTRAST,0,6.8969,1,,,
A-L-M-A4-s0,STANDARD,0,2.6792,0.75,,,
A-L-M-A4-s0,ECO_COLOUR,0,2.6792,0.75,,,
A-L-M-A4-s0,SUPER_ECO_BW,0,21,1,,,
A-L-M-A4-s0,INT_BG+TINT_FILL_55,0,2.6792,0.75,,,
A-L-M-A4-s0,INT_REMOVE_ALL,0,2.6792,0.75,,,
A-L-M-A4-s0,INT_OUTLINE+BW,0,21,1,,,
A-L-M-A4-s0,INT_GRAY+BG,0,2.6792,0.75,,,
A-L-M-A4-s0,INT_OUTLINE+HALFTONE_M,0,2.6792,0.75,,,
A-L-M-A4-s0,COPY_SAFE_ECO,0,6.8969,1,,,
A-L-M-A4-s0,COMBINED_REMOVE+TINT_75,0,2.0279,0.75,,,
A-L-M-A4-s0,COMBINED_ECO+STRUCT_75,0,2.0279,0.75,,,
A-L-M-A4-s0,OPACITY_GROUP_90,0,2.3779,0.75,,,
A-L-M-A4-s0,OPACITY_GROUP_75,0,2.0279,0.75,,,
A-L-M-A4-s0,OPACITY_GROUP_60,0,1.726,0.75,,,
A-L-M-A4-s0,OPACITY_GROUP_45,0,1.497,0,,,
A-L-M-A4-s0,OPACITY_ELEM_60,0,1.726,0.75,,,
A-L-M-A4-s0,OPACITY_FILL_60,0,2.6792,0.75,,,
A-L-M-A4-s0,OPACITY_STROKE_60,0,1.726,0.75,,,
A-L-M-A4-s0,OPACITY_TEXT_60,0,2.6792,0.75,,,
A-L-M-A4-s0,TINT_75,0,2.0279,0.75,,,
A-L-M-A4-s0,TINT_55,0,1.639,0.75,,,
A-L-M-A4-s0,TINT_30,0,1.2955,0,,,
A-L-M-A4-s0,TINT_FILL_55,0,2.6792,0.75,,,
A-L-M-A4-s0,TINT_FILL_30,0,2.6792,0.75,,,
A-L-M-A4-s0,TINT_FILL_15,0,2.6792,0.75,,,
A-L-M-A4-s0,GRAYSCALE,0,2.6792,0.75,,,
A-L-M-A4-s0,BW_THRESHOLD,,,,,,
A-L-M-A4-s0,BW_SEMANTIC,0,21,1,,,
A-L-M-A4-s0,OUTLINE_ONLY,0,2.6792,0.75,,,
A-L-M-A4-s0,OUTLINE_NAIVE,0,2.6792,0.75,,,
A-L-M-A4-s0,BG_REMOVAL,0,2.6792,0.75,,,
A-L-M-A4-s0,DECOR_REMOVAL,0,2.6792,0.75,,,
A-L-M-A4-s0,HALFTONE_H,0,2.6792,0.75,,,
A-L-M-A4-s0,HALFTONE_M,0,2.6792,0.75,,,
A-L-M-A4-s0,HALFTONE_L,0,2.6792,0.75,,,
A-L-M-A4-s0,DITHER_M,0,2.6792,0.75,,,
A-L-M-A4-s0,HIGH_CONTRAST,0,6.8969,1,,,
A-L-M-LETTER-s0,STANDARD,0,2.6792,0.75,,,
A-L-M-LETTER-s0,ECO_COLOUR,0,2.6792,0.75,,,
A-L-M-LETTER-s0,SUPER_ECO_BW,0,21,1,,,
A-L-M-LETTER-s0,OPACITY_GROUP_75,0,2.0279,0.75,,,
A-L-M-LETTER-s0,OPACITY_GROUP_60,0,1.726,0.75,,,
A-L-M-LETTER-s0,TINT_55,0,1.639,0.75,,,
A-L-M-LETTER-s0,TINT_FILL_30,0,2.6792,0.75,,,
A-L-M-LETTER-s0,GRAYSCALE,0,2.6792,0.75,,,
A-L-M-LETTER-s0,BW_SEMANTIC,0,21,1,,,
A-L-M-LETTER-s0,OUTLINE_ONLY,0,2.6792,0.75,,,
A-L-M-LETTER-s0,BG_REMOVAL,0,2.6792,0.75,,,
A-L-M-LETTER-s0,DECOR_REMOVAL,0,2.6792,0.75,,,
A-L-M-LETTER-s0,HALFTONE_M,0,2.6792,0.75,,,
A-L-M-LETTER-s0,HIGH_CONTRAST,0,6.8969,1,,,
A-L-S-A4-s0,STANDARD,0,2.6792,0.71429,,,
A-L-S-A4-s0,ECO_COLOUR,0,2.6792,0.71429,,,
A-L-S-A4-s0,SUPER_ECO_BW,0,21,1,,,
A-L-S-A4-s0,INT_BG+TINT_FILL_55,0,2.6792,0.71429,,,
A-L-S-A4-s0,INT_REMOVE_ALL,0,2.6792,0.71429,,,
A-L-S-A4-s0,INT_OUTLINE+BW,0,21,1,,,
A-L-S-A4-s0,INT_GRAY+BG,0,2.6792,0.71429,,,
A-L-S-A4-s0,INT_OUTLINE+HALFTONE_M,0,2.6792,0.71429,,,
A-L-S-A4-s0,COPY_SAFE_ECO,0,6.8969,1,,,
A-L-S-A4-s0,COMBINED_REMOVE+TINT_75,0,2.0279,0.71429,,,
A-L-S-A4-s0,COMBINED_ECO+STRUCT_75,0,2.0279,0.71429,,,
A-L-S-A4-s0,OPACITY_GROUP_90,0,2.3779,0.71429,,,
A-L-S-A4-s0,OPACITY_GROUP_75,0,2.0279,0.71429,,,
A-L-S-A4-s0,OPACITY_GROUP_60,0,1.726,0.71429,,,
A-L-S-A4-s0,OPACITY_GROUP_45,0,1.497,0,,,
A-L-S-A4-s0,OPACITY_ELEM_60,0,1.726,0.71429,,,
A-L-S-A4-s0,OPACITY_FILL_60,0,2.6792,0.71429,,,
A-L-S-A4-s0,OPACITY_STROKE_60,0,1.726,0.71429,,,
A-L-S-A4-s0,OPACITY_TEXT_60,0,2.6792,0.71429,,,
A-L-S-A4-s0,TINT_75,0,2.0279,0.71429,,,
A-L-S-A4-s0,TINT_55,0,1.639,0.71429,,,
A-L-S-A4-s0,TINT_30,0,1.2955,0,,,
A-L-S-A4-s0,TINT_FILL_55,0,2.6792,0.71429,,,
A-L-S-A4-s0,TINT_FILL_30,0,2.6792,0.71429,,,
A-L-S-A4-s0,TINT_FILL_15,0,2.6792,0.71429,,,
A-L-S-A4-s0,GRAYSCALE,0,2.6792,0.71429,,,
A-L-S-A4-s0,BW_THRESHOLD,,,,,,
A-L-S-A4-s0,BW_SEMANTIC,0,21,1,,,
A-L-S-A4-s0,OUTLINE_ONLY,0,2.6792,0.71429,,,
A-L-S-A4-s0,OUTLINE_NAIVE,0,2.6792,0.71429,,,
A-L-S-A4-s0,BG_REMOVAL,0,2.6792,0.71429,,,
A-L-S-A4-s0,DECOR_REMOVAL,0,2.6792,0.71429,,,
A-L-S-A4-s0,HALFTONE_H,0,2.6792,0.71429,,,
A-L-S-A4-s0,HALFTONE_M,0,2.6792,0.71429,,,
A-L-S-A4-s0,HALFTONE_L,0,2.6792,0.71429,,,
A-L-S-A4-s0,DITHER_M,0,2.6792,0.71429,,,
A-L-S-A4-s0,HIGH_CONTRAST,0,6.8969,1,,,
A-M-L-A4-s0,STANDARD,0,2.6792,0.72727,,,
A-M-L-A4-s0,ECO_COLOUR,0,2.6792,0.72727,,,
A-M-L-A4-s0,SUPER_ECO_BW,0,21,1,,,
A-M-L-A4-s0,INT_BG+TINT_FILL_55,0,2.6792,0.72727,,,
A-M-L-A4-s0,INT_REMOVE_ALL,0,2.6792,0.72727,,,
A-M-L-A4-s0,INT_OUTLINE+BW,0,21,1,,,
A-M-L-A4-s0,INT_GRAY+BG,0,2.6792,0.72727,,,
A-M-L-A4-s0,INT_OUTLINE+HALFTONE_M,0,2.6792,0.72727,,,
A-M-L-A4-s0,COPY_SAFE_ECO,0,6.8969,1,,,
A-M-L-A4-s0,COMBINED_REMOVE+TINT_75,0,2.0279,0.72727,,,
A-M-L-A4-s0,COMBINED_ECO+STRUCT_75,0,2.0279,0.72727,,,
A-M-L-A4-s0,OPACITY_GROUP_90,0,2.3779,0.72727,,,
A-M-L-A4-s0,OPACITY_GROUP_75,0,2.0279,0.72727,,,
A-M-L-A4-s0,OPACITY_GROUP_60,0,1.726,0.72727,,,
A-M-L-A4-s0,OPACITY_GROUP_45,0,1.497,0,,,
A-M-L-A4-s0,OPACITY_ELEM_60,0,1.726,0.72727,,,
A-M-L-A4-s0,OPACITY_FILL_60,0,2.6792,0.72727,,,
A-M-L-A4-s0,OPACITY_STROKE_60,0,1.726,0.72727,,,
A-M-L-A4-s0,OPACITY_TEXT_60,0,2.6792,0.72727,,,
A-M-L-A4-s0,TINT_75,0,2.0279,0.72727,,,
A-M-L-A4-s0,TINT_55,0,1.639,0.72727,,,
A-M-L-A4-s0,TINT_30,0,1.2955,0,,,
A-M-L-A4-s0,TINT_FILL_55,0,2.6792,0.72727,,,
A-M-L-A4-s0,TINT_FILL_30,0,2.6792,0.72727,,,
A-M-L-A4-s0,TINT_FILL_15,0,2.6792,0.72727,,,
A-M-L-A4-s0,GRAYSCALE,0,2.6792,0.72727,,,
A-M-L-A4-s0,BW_THRESHOLD,,,,,,
A-M-L-A4-s0,BW_SEMANTIC,0,21,1,,,
A-M-L-A4-s0,OUTLINE_ONLY,0,2.6792,0.72727,,,
A-M-L-A4-s0,OUTLINE_NAIVE,0,2.6792,0.72727,,,
A-M-L-A4-s0,BG_REMOVAL,0,2.6792,0.72727,,,
A-M-L-A4-s0,DECOR_REMOVAL,0,2.6792,0.72727,,,
A-M-L-A4-s0,HALFTONE_H,0,2.6792,0.72727,,,
A-M-L-A4-s0,HALFTONE_M,0,2.6792,0.72727,,,
A-M-L-A4-s0,HALFTONE_L,0,2.6792,0.72727,,,
A-M-L-A4-s0,DITHER_M,0,2.6792,0.72727,,,
A-M-L-A4-s0,HIGH_CONTRAST,0,6.8969,1,,,
A-M-M-A4-s0,STANDARD,0,2.6792,0.70588,,,
A-M-M-A4-s0,ECO_COLOUR,0,2.6792,0.70588,,,
A-M-M-A4-s0,SUPER_ECO_BW,0,21,1,,,
A-M-M-A4-s0,INT_BG+TINT_FILL_55,0,2.6792,0.70588,,,
A-M-M-A4-s0,INT_REMOVE_ALL,0,2.6792,0.70588,,,
A-M-M-A4-s0,INT_OUTLINE+BW,0,21,1,,,
A-M-M-A4-s0,INT_GRAY+BG,0,2.6792,0.70588,,,
A-M-M-A4-s0,INT_OUTLINE+HALFTONE_M,0,2.6792,0.70588,,,
A-M-M-A4-s0,COPY_SAFE_ECO,0,6.8969,1,,,
A-M-M-A4-s0,COMBINED_REMOVE+TINT_75,0,2.0279,0.70588,,,
A-M-M-A4-s0,COMBINED_ECO+STRUCT_75,0,2.0279,0.70588,,,
A-M-M-A4-s0,OPACITY_GROUP_90,0,2.3779,0.70588,,,
A-M-M-A4-s0,OPACITY_GROUP_75,0,2.0279,0.70588,,,
A-M-M-A4-s0,OPACITY_GROUP_60,0,1.726,0.70588,,,
A-M-M-A4-s0,OPACITY_GROUP_45,0,1.497,0,,,
A-M-M-A4-s0,OPACITY_ELEM_60,0,1.726,0.70588,,,
A-M-M-A4-s0,OPACITY_FILL_60,0,2.6792,0.70588,,,
A-M-M-A4-s0,OPACITY_STROKE_60,0,1.726,0.70588,,,
A-M-M-A4-s0,OPACITY_TEXT_60,0,2.6792,0.70588,,,
A-M-M-A4-s0,TINT_75,0,2.0279,0.70588,,,
A-M-M-A4-s0,TINT_55,0,1.639,0.70588,,,
A-M-M-A4-s0,TINT_30,0,1.2955,0,,,
A-M-M-A4-s0,TINT_FILL_55,0,2.6792,0.70588,,,
A-M-M-A4-s0,TINT_FILL_30,0,2.6792,0.70588,,,
A-M-M-A4-s0,TINT_FILL_15,0,2.6792,0.70588,,,
A-M-M-A4-s0,GRAYSCALE,0,2.6792,0.70588,,,
A-M-M-A4-s0,BW_THRESHOLD,,,,,,
A-M-M-A4-s0,BW_SEMANTIC,0,21,1,,,
A-M-M-A4-s0,OUTLINE_ONLY,0,2.6792,0.70588,,,
A-M-M-A4-s0,OUTLINE_NAIVE,0,2.6792,0.70588,,,
A-M-M-A4-s0,BG_REMOVAL,0,2.6792,0.70588,,,
A-M-M-A4-s0,DECOR_REMOVAL,0,2.6792,0.70588,,,
A-M-M-A4-s0,HALFTONE_H,0,2.6792,0.70588,,,
A-M-M-A4-s0,HALFTONE_M,0,2.6792,0.70588,,,
A-M-M-A4-s0,HALFTONE_L,0,2.6792,0.70588,,,
A-M-M-A4-s0,DITHER_M,0,2.6792,0.70588,,,
A-M-M-A4-s0,HIGH_CONTRAST,0,6.8969,1,,,
A-M-M-A4-s1,STANDARD,0,2.6792,0.70588,,,
A-M-M-A4-s1,ECO_COLOUR,0,2.6792,0.70588,,,
A-M-M-A4-s1,SUPER_ECO_BW,0,21,1,,,
A-M-M-A4-s1,OPACITY_GROUP_75,0,2.0279,0.70588,,,
A-M-M-A4-s1,OPACITY_GROUP_60,0,1.726,0.70588,,,
A-M-M-A4-s1,TINT_55,0,1.639,0.70588,,,
A-M-M-A4-s1,TINT_FILL_30,0,2.6792,0.70588,,,
A-M-M-A4-s1,GRAYSCALE,0,2.6792,0.70588,,,
A-M-M-A4-s1,BW_SEMANTIC,0,21,1,,,
A-M-M-A4-s1,OUTLINE_ONLY,0,2.6792,0.70588,,,
A-M-M-A4-s1,BG_REMOVAL,0,2.6792,0.70588,,,
A-M-M-A4-s1,DECOR_REMOVAL,0,2.6792,0.70588,,,
A-M-M-A4-s1,HALFTONE_M,0,2.6792,0.70588,,,
A-M-M-A4-s1,HIGH_CONTRAST,0,6.8969,1,,,
A-M-M-A4-s2,STANDARD,0,2.6792,0.70588,,,
A-M-M-A4-s2,ECO_COLOUR,0,2.6792,0.70588,,,
A-M-M-A4-s2,SUPER_ECO_BW,0,21,1,,,
A-M-M-A4-s2,OPACITY_GROUP_75,0,2.0279,0.70588,,,
A-M-M-A4-s2,OPACITY_GROUP_60,0,1.726,0.70588,,,
A-M-M-A4-s2,TINT_55,0,1.639,0.70588,,,
A-M-M-A4-s2,TINT_FILL_30,0,2.6792,0.70588,,,
A-M-M-A4-s2,GRAYSCALE,0,2.6792,0.70588,,,
A-M-M-A4-s2,BW_SEMANTIC,0,21,1,,,
A-M-M-A4-s2,OUTLINE_ONLY,0,2.6792,0.70588,,,
A-M-M-A4-s2,BG_REMOVAL,0,2.6792,0.70588,,,
A-M-M-A4-s2,DECOR_REMOVAL,0,2.6792,0.70588,,,
A-M-M-A4-s2,HALFTONE_M,0,2.6792,0.70588,,,
A-M-M-A4-s2,HIGH_CONTRAST,0,6.8969,1,,,
A-M-M-A4-s3,STANDARD,0,2.6792,0.70588,,,
A-M-M-A4-s3,ECO_COLOUR,0,2.6792,0.70588,,,
A-M-M-A4-s3,SUPER_ECO_BW,0,21,1,,,
A-M-M-A4-s3,OPACITY_GROUP_75,0,2.0279,0.70588,,,
A-M-M-A4-s3,OPACITY_GROUP_60,0,1.726,0.70588,,,
A-M-M-A4-s3,TINT_55,0,1.639,0.70588,,,
A-M-M-A4-s3,TINT_FILL_30,0,2.6792,0.70588,,,
A-M-M-A4-s3,GRAYSCALE,0,2.6792,0.70588,,,
A-M-M-A4-s3,BW_SEMANTIC,0,21,1,,,
A-M-M-A4-s3,OUTLINE_ONLY,0,2.6792,0.70588,,,
A-M-M-A4-s3,BG_REMOVAL,0,2.6792,0.70588,,,
A-M-M-A4-s3,DECOR_REMOVAL,0,2.6792,0.70588,,,
A-M-M-A4-s3,HALFTONE_M,0,2.6792,0.70588,,,
A-M-M-A4-s3,HIGH_CONTRAST,0,6.8969,1,,,
A-M-M-A4-s4,STANDARD,0,2.6792,0.70588,,,
A-M-M-A4-s4,ECO_COLOUR,0,2.6792,0.70588,,,
A-M-M-A4-s4,SUPER_ECO_BW,0,21,1,,,
A-M-M-A4-s4,OPACITY_GROUP_75,0,2.0279,0.70588,,,
A-M-M-A4-s4,OPACITY_GROUP_60,0,1.726,0.70588,,,
A-M-M-A4-s4,TINT_55,0,1.639,0.70588,,,
A-M-M-A4-s4,TINT_FILL_30,0,2.6792,0.70588,,,
A-M-M-A4-s4,GRAYSCALE,0,2.6792,0.70588,,,
A-M-M-A4-s4,BW_SEMANTIC,0,21,1,,,
A-M-M-A4-s4,OUTLINE_ONLY,0,2.6792,0.70588,,,
A-M-M-A4-s4,BG_REMOVAL,0,2.6792,0.70588,,,
A-M-M-A4-s4,DECOR_REMOVAL,0,2.6792,0.70588,,,
A-M-M-A4-s4,HALFTONE_M,0,2.6792,0.70588,,,
A-M-M-A4-s4,HIGH_CONTRAST,0,6.8969,1,,,
A-M-M-LETTER-s0,STANDARD,0,2.6792,0.70588,,,
A-M-M-LETTER-s0,ECO_COLOUR,0,2.6792,0.70588,,,
A-M-M-LETTER-s0,SUPER_ECO_BW,0,21,1,,,
A-M-M-LETTER-s0,OPACITY_GROUP_75,0,2.0279,0.70588,,,
A-M-M-LETTER-s0,OPACITY_GROUP_60,0,1.726,0.70588,,,
A-M-M-LETTER-s0,TINT_55,0,1.639,0.70588,,,
A-M-M-LETTER-s0,TINT_FILL_30,0,2.6792,0.70588,,,
A-M-M-LETTER-s0,GRAYSCALE,0,2.6792,0.70588,,,
A-M-M-LETTER-s0,BW_SEMANTIC,0,21,1,,,
A-M-M-LETTER-s0,OUTLINE_ONLY,0,2.6792,0.70588,,,
A-M-M-LETTER-s0,BG_REMOVAL,0,2.6792,0.70588,,,
A-M-M-LETTER-s0,DECOR_REMOVAL,0,2.6792,0.70588,,,
A-M-M-LETTER-s0,HALFTONE_M,0,2.6792,0.70588,,,
A-M-M-LETTER-s0,HIGH_CONTRAST,0,6.8969,1,,,
A-M-S-A4-s0,STANDARD,0,2.6792,0.69231,,,
A-M-S-A4-s0,ECO_COLOUR,0,2.6792,0.69231,,,
A-M-S-A4-s0,SUPER_ECO_BW,0,21,1,,,
A-M-S-A4-s0,INT_BG+TINT_FILL_55,0,2.6792,0.69231,,,
A-M-S-A4-s0,INT_REMOVE_ALL,0,2.6792,0.69231,,,
A-M-S-A4-s0,INT_OUTLINE+BW,0,21,1,,,
A-M-S-A4-s0,INT_GRAY+BG,0,2.6792,0.69231,,,
A-M-S-A4-s0,INT_OUTLINE+HALFTONE_M,0,2.6792,0.69231,,,
A-M-S-A4-s0,COPY_SAFE_ECO,0,6.8969,1,,,
A-M-S-A4-s0,COMBINED_REMOVE+TINT_75,0,2.0279,0.69231,,,
A-M-S-A4-s0,COMBINED_ECO+STRUCT_75,0,2.0279,0.69231,,,
A-M-S-A4-s0,OPACITY_GROUP_90,0,2.3779,0.69231,,,
A-M-S-A4-s0,OPACITY_GROUP_75,0,2.0279,0.69231,,,
A-M-S-A4-s0,OPACITY_GROUP_60,0,1.726,0.69231,,,
A-M-S-A4-s0,OPACITY_GROUP_45,0,1.497,0,,,
A-M-S-A4-s0,OPACITY_ELEM_60,0,1.726,0.69231,,,
A-M-S-A4-s0,OPACITY_FILL_60,0,2.6792,0.69231,,,
A-M-S-A4-s0,OPACITY_STROKE_60,0,1.726,0.69231,,,
A-M-S-A4-s0,OPACITY_TEXT_60,0,2.6792,0.69231,,,
A-M-S-A4-s0,TINT_75,0,2.0279,0.69231,,,
A-M-S-A4-s0,TINT_55,0,1.639,0.69231,,,
A-M-S-A4-s0,TINT_30,0,1.2955,0,,,
A-M-S-A4-s0,TINT_FILL_55,0,2.6792,0.69231,,,
A-M-S-A4-s0,TINT_FILL_30,0,2.6792,0.69231,,,
A-M-S-A4-s0,TINT_FILL_15,0,2.6792,0.69231,,,
A-M-S-A4-s0,GRAYSCALE,0,2.6792,0.69231,,,
A-M-S-A4-s0,BW_THRESHOLD,,,,,,
A-M-S-A4-s0,BW_SEMANTIC,0,21,1,,,
A-M-S-A4-s0,OUTLINE_ONLY,0,2.6792,0.69231,,,
A-M-S-A4-s0,OUTLINE_NAIVE,0,2.6792,0.69231,,,
A-M-S-A4-s0,BG_REMOVAL,0,2.6792,0.69231,,,
A-M-S-A4-s0,DECOR_REMOVAL,0,2.6792,0.69231,,,
A-M-S-A4-s0,HALFTONE_H,0,2.6792,0.69231,,,
A-M-S-A4-s0,HALFTONE_M,0,2.6792,0.69231,,,
A-M-S-A4-s0,HALFTONE_L,0,2.6792,0.69231,,,
A-M-S-A4-s0,DITHER_M,0,2.6792,0.69231,,,
A-M-S-A4-s0,HIGH_CONTRAST,0,6.8969,1,,,
B-H-L-A4-s0,STANDARD,169,17.404,1,17.404,1,1
B-H-L-A4-s0,ECO_COLOUR,169,17.404,1,17.404,1,1
B-H-L-A4-s0,SUPER_ECO_BW,169,21,1,21,1,1
B-H-L-A4-s0,INT_BG+TINT_FILL_55,169,17.404,1,17.404,1,1
B-H-L-A4-s0,INT_REMOVE_ALL,169,17.404,1,17.404,1,1
B-H-L-A4-s0,INT_OUTLINE+BW,169,21,1,21,1,1
B-H-L-A4-s0,INT_GRAY+BG,169,17.404,1,17.404,1,1
B-H-L-A4-s0,INT_OUTLINE+HALFTONE_M,169,17.404,1,17.404,1,1
B-H-L-A4-s0,COPY_SAFE_ECO,169,21,1,21,1,1
B-H-L-A4-s0,COMBINED_REMOVE+TINT_75,169,7.6923,1,7.6923,1,1
B-H-L-A4-s0,COMBINED_ECO+STRUCT_75,169,7.6923,1,7.6923,1,1
B-H-L-A4-s0,OPACITY_GROUP_90,169,13.009,1,13.009,1,1
B-H-L-A4-s0,OPACITY_GROUP_75,169,7.6923,1,7.6923,1,1
B-H-L-A4-s0,OPACITY_GROUP_60,169,4.5422,1,4.5422,1,1
B-H-L-A4-s0,OPACITY_GROUP_45,169,2.8847,0,2.8847,0,0
B-H-L-A4-s0,OPACITY_ELEM_60,169,4.5422,1,4.5422,1,1
B-H-L-A4-s0,OPACITY_FILL_60,169,17.404,1,17.404,1,1
B-H-L-A4-s0,OPACITY_STROKE_60,169,4.5422,1,17.404,1,1
B-H-L-A4-s0,OPACITY_TEXT_60,169,17.404,1,4.5422,1,1
B-H-L-A4-s0,TINT_75,169,7.6923,1,7.6923,1,1
B-H-L-A4-s0,TINT_55,169,3.8957,1,3.8957,1,0
B-H-L-A4-s0,TINT_30,169,1.9408,0,1.9408,0,0
B-H-L-A4-s0,TINT_FILL_55,169,17.404,1,17.404,1,1
B-H-L-A4-s0,TINT_FILL_30,169,17.404,1,17.404,1,1
B-H-L-A4-s0,TINT_FILL_15,169,17.404,1,17.404,1,1
B-H-L-A4-s0,GRAYSCALE,169,17.404,1,17.404,1,1
B-H-L-A4-s0,BW_THRESHOLD,,,,,,
B-H-L-A4-s0,BW_SEMANTIC,169,21,1,21,1,1
B-H-L-A4-s0,OUTLINE_ONLY,169,17.404,1,17.404,1,1
B-H-L-A4-s0,OUTLINE_NAIVE,169,17.404,1,17.404,1,1
B-H-L-A4-s0,BG_REMOVAL,169,17.404,1,17.404,1,1
B-H-L-A4-s0,DECOR_REMOVAL,169,17.404,1,17.404,1,1
B-H-L-A4-s0,HALFTONE_H,169,17.404,1,17.404,1,1
B-H-L-A4-s0,HALFTONE_M,169,17.404,1,17.404,1,1
B-H-L-A4-s0,HALFTONE_L,169,17.404,1,17.404,1,1
B-H-L-A4-s0,DITHER_M,169,17.404,1,17.404,1,1
B-H-L-A4-s0,HIGH_CONTRAST,169,21,1,21,1,1
B-H-M-A4-s0,STANDARD,400,17.404,1,17.404,1,1
B-H-M-A4-s0,ECO_COLOUR,400,17.404,1,17.404,1,1
B-H-M-A4-s0,SUPER_ECO_BW,400,21,1,21,1,1
B-H-M-A4-s0,INT_BG+TINT_FILL_55,400,17.404,1,17.404,1,1
B-H-M-A4-s0,INT_REMOVE_ALL,400,17.404,1,17.404,1,1
B-H-M-A4-s0,INT_OUTLINE+BW,400,21,1,21,1,1
B-H-M-A4-s0,INT_GRAY+BG,400,17.404,1,17.404,1,1
B-H-M-A4-s0,INT_OUTLINE+HALFTONE_M,400,17.404,1,17.404,1,1
B-H-M-A4-s0,COPY_SAFE_ECO,400,21,1,21,1,1
B-H-M-A4-s0,COMBINED_REMOVE+TINT_75,400,7.6923,1,7.6923,1,1
B-H-M-A4-s0,COMBINED_ECO+STRUCT_75,400,7.6923,1,7.6923,1,1
B-H-M-A4-s0,OPACITY_GROUP_90,400,13.009,1,13.009,1,1
B-H-M-A4-s0,OPACITY_GROUP_75,400,7.6923,1,7.6923,1,1
B-H-M-A4-s0,OPACITY_GROUP_60,400,4.5422,1,4.5422,1,1
B-H-M-A4-s0,OPACITY_GROUP_45,400,2.8847,0,2.8847,0,0
B-H-M-A4-s0,OPACITY_ELEM_60,400,4.5422,1,4.5422,1,1
B-H-M-A4-s0,OPACITY_FILL_60,400,17.404,1,17.404,1,1
B-H-M-A4-s0,OPACITY_STROKE_60,400,4.5422,1,17.404,1,1
B-H-M-A4-s0,OPACITY_TEXT_60,400,17.404,1,4.5422,1,1
B-H-M-A4-s0,TINT_75,400,7.6923,1,7.6923,1,1
B-H-M-A4-s0,TINT_55,400,3.8957,1,3.8957,1,0
B-H-M-A4-s0,TINT_30,400,1.9408,0,1.9408,0,0
B-H-M-A4-s0,TINT_FILL_55,400,17.404,1,17.404,1,1
B-H-M-A4-s0,TINT_FILL_30,400,17.404,1,17.404,1,1
B-H-M-A4-s0,TINT_FILL_15,400,17.404,1,17.404,1,1
B-H-M-A4-s0,GRAYSCALE,400,17.404,1,17.404,1,1
B-H-M-A4-s0,BW_THRESHOLD,,,,,,
B-H-M-A4-s0,BW_SEMANTIC,400,21,1,21,1,1
B-H-M-A4-s0,OUTLINE_ONLY,400,17.404,1,17.404,1,1
B-H-M-A4-s0,OUTLINE_NAIVE,400,17.404,1,17.404,1,1
B-H-M-A4-s0,BG_REMOVAL,400,17.404,1,17.404,1,1
B-H-M-A4-s0,DECOR_REMOVAL,400,17.404,1,17.404,1,1
B-H-M-A4-s0,HALFTONE_H,400,17.404,1,17.404,1,1
B-H-M-A4-s0,HALFTONE_M,400,17.404,1,17.404,1,1
B-H-M-A4-s0,HALFTONE_L,400,17.404,1,17.404,1,1
B-H-M-A4-s0,DITHER_M,400,17.404,1,17.404,1,1
B-H-M-A4-s0,HIGH_CONTRAST,400,21,1,21,1,1
B-H-M-LETTER-s0,STANDARD,400,17.404,1,17.404,1,1
B-H-M-LETTER-s0,ECO_COLOUR,400,17.404,1,17.404,1,1
B-H-M-LETTER-s0,SUPER_ECO_BW,400,21,1,21,1,1
B-H-M-LETTER-s0,OPACITY_GROUP_75,400,7.6923,1,7.6923,1,1
B-H-M-LETTER-s0,OPACITY_GROUP_60,400,4.5422,1,4.5422,1,1
B-H-M-LETTER-s0,TINT_55,400,3.8957,1,3.8957,1,0
B-H-M-LETTER-s0,TINT_FILL_30,400,17.404,1,17.404,1,1
B-H-M-LETTER-s0,GRAYSCALE,400,17.404,1,17.404,1,1
B-H-M-LETTER-s0,BW_SEMANTIC,400,21,1,21,1,1
B-H-M-LETTER-s0,OUTLINE_ONLY,400,17.404,1,17.404,1,1
B-H-M-LETTER-s0,BG_REMOVAL,400,17.404,1,17.404,1,1
B-H-M-LETTER-s0,DECOR_REMOVAL,400,17.404,1,17.404,1,1
B-H-M-LETTER-s0,HALFTONE_M,400,17.404,1,17.404,1,1
B-H-M-LETTER-s0,HIGH_CONTRAST,400,21,1,21,1,1
B-H-S-A4-s0,STANDARD,900,17.404,1,17.404,1,1
B-H-S-A4-s0,ECO_COLOUR,900,17.404,1,17.404,1,1
B-H-S-A4-s0,SUPER_ECO_BW,900,21,1,21,1,1
B-H-S-A4-s0,INT_BG+TINT_FILL_55,900,17.404,1,17.404,1,1
B-H-S-A4-s0,INT_REMOVE_ALL,900,17.404,1,17.404,1,1
B-H-S-A4-s0,INT_OUTLINE+BW,900,21,1,21,1,1
B-H-S-A4-s0,INT_GRAY+BG,900,17.404,1,17.404,1,1
B-H-S-A4-s0,INT_OUTLINE+HALFTONE_M,900,17.404,1,17.404,1,1
B-H-S-A4-s0,COPY_SAFE_ECO,900,21,1,21,1,1
B-H-S-A4-s0,COMBINED_REMOVE+TINT_75,900,7.6923,1,7.6923,1,1
B-H-S-A4-s0,COMBINED_ECO+STRUCT_75,900,7.6923,1,7.6923,1,1
B-H-S-A4-s0,OPACITY_GROUP_90,900,13.009,1,13.009,1,1
B-H-S-A4-s0,OPACITY_GROUP_75,900,7.6923,1,7.6923,1,1
B-H-S-A4-s0,OPACITY_GROUP_60,900,4.5422,1,4.5422,1,0
B-H-S-A4-s0,OPACITY_GROUP_45,900,2.8847,0,2.8847,0,0
B-H-S-A4-s0,OPACITY_ELEM_60,900,4.5422,1,4.5422,1,0
B-H-S-A4-s0,OPACITY_FILL_60,900,17.404,1,17.404,1,1
B-H-S-A4-s0,OPACITY_STROKE_60,900,4.5422,1,17.404,1,1
B-H-S-A4-s0,OPACITY_TEXT_60,900,17.404,1,4.5422,1,0
B-H-S-A4-s0,TINT_75,900,7.6923,1,7.6923,1,1
B-H-S-A4-s0,TINT_55,900,3.8957,1,3.8957,0,0
B-H-S-A4-s0,TINT_30,900,1.9408,0,1.9408,0,0
B-H-S-A4-s0,TINT_FILL_55,900,17.404,1,17.404,1,1
B-H-S-A4-s0,TINT_FILL_30,900,17.404,1,17.404,1,1
B-H-S-A4-s0,TINT_FILL_15,900,17.404,1,17.404,1,1
B-H-S-A4-s0,GRAYSCALE,900,17.404,1,17.404,1,1
B-H-S-A4-s0,BW_THRESHOLD,,,,,,
B-H-S-A4-s0,BW_SEMANTIC,900,21,1,21,1,1
B-H-S-A4-s0,OUTLINE_ONLY,900,17.404,1,17.404,1,1
B-H-S-A4-s0,OUTLINE_NAIVE,900,17.404,1,17.404,1,1
B-H-S-A4-s0,BG_REMOVAL,900,17.404,1,17.404,1,1
B-H-S-A4-s0,DECOR_REMOVAL,900,17.404,1,17.404,1,1
B-H-S-A4-s0,HALFTONE_H,900,17.404,1,17.404,1,1
B-H-S-A4-s0,HALFTONE_M,900,17.404,1,17.404,1,1
B-H-S-A4-s0,HALFTONE_L,900,17.404,1,17.404,1,1
B-H-S-A4-s0,DITHER_M,900,17.404,1,17.404,1,1
B-H-S-A4-s0,HIGH_CONTRAST,900,21,1,21,1,1
B-L-L-A4-s0,STANDARD,36,17.404,1,17.404,1,1
B-L-L-A4-s0,ECO_COLOUR,36,17.404,1,17.404,1,1
B-L-L-A4-s0,SUPER_ECO_BW,36,21,1,21,1,1
B-L-L-A4-s0,INT_BG+TINT_FILL_55,36,17.404,1,17.404,1,1
B-L-L-A4-s0,INT_REMOVE_ALL,36,17.404,1,17.404,1,1
B-L-L-A4-s0,INT_OUTLINE+BW,36,21,1,21,1,1
B-L-L-A4-s0,INT_GRAY+BG,36,17.404,1,17.404,1,1
B-L-L-A4-s0,INT_OUTLINE+HALFTONE_M,36,17.404,1,17.404,1,1
B-L-L-A4-s0,COPY_SAFE_ECO,36,21,1,21,1,1
B-L-L-A4-s0,COMBINED_REMOVE+TINT_75,36,7.6923,1,7.6923,1,1
B-L-L-A4-s0,COMBINED_ECO+STRUCT_75,36,7.6923,1,7.6923,1,1
B-L-L-A4-s0,OPACITY_GROUP_90,36,13.009,1,13.009,1,1
B-L-L-A4-s0,OPACITY_GROUP_75,36,7.6923,1,7.6923,1,1
B-L-L-A4-s0,OPACITY_GROUP_60,36,4.5422,1,4.5422,1,1
B-L-L-A4-s0,OPACITY_GROUP_45,36,2.8847,0,2.8847,0,0
B-L-L-A4-s0,OPACITY_ELEM_60,36,4.5422,1,4.5422,1,1
B-L-L-A4-s0,OPACITY_FILL_60,36,17.404,1,17.404,1,1
B-L-L-A4-s0,OPACITY_STROKE_60,36,4.5422,1,17.404,1,1
B-L-L-A4-s0,OPACITY_TEXT_60,36,17.404,1,4.5422,1,1
B-L-L-A4-s0,TINT_75,36,7.6923,1,7.6923,1,1
B-L-L-A4-s0,TINT_55,36,3.8957,1,3.8957,1,0
B-L-L-A4-s0,TINT_30,36,1.9408,0,1.9408,0,0
B-L-L-A4-s0,TINT_FILL_55,36,17.404,1,17.404,1,1
B-L-L-A4-s0,TINT_FILL_30,36,17.404,1,17.404,1,1
B-L-L-A4-s0,TINT_FILL_15,36,17.404,1,17.404,1,1
B-L-L-A4-s0,GRAYSCALE,36,17.404,1,17.404,1,1
B-L-L-A4-s0,BW_THRESHOLD,,,,,,
B-L-L-A4-s0,BW_SEMANTIC,36,21,1,21,1,1
B-L-L-A4-s0,OUTLINE_ONLY,36,17.404,1,17.404,1,1
B-L-L-A4-s0,OUTLINE_NAIVE,36,17.404,1,17.404,1,1
B-L-L-A4-s0,BG_REMOVAL,36,17.404,1,17.404,1,1
B-L-L-A4-s0,DECOR_REMOVAL,36,17.404,1,17.404,1,1
B-L-L-A4-s0,HALFTONE_H,36,17.404,1,17.404,1,1
B-L-L-A4-s0,HALFTONE_M,36,17.404,1,17.404,1,1
B-L-L-A4-s0,HALFTONE_L,36,17.404,1,17.404,1,1
B-L-L-A4-s0,DITHER_M,36,17.404,1,17.404,1,1
B-L-L-A4-s0,HIGH_CONTRAST,36,21,1,21,1,1
B-L-M-A4-s0,STANDARD,100,17.404,1,17.404,1,1
B-L-M-A4-s0,ECO_COLOUR,100,17.404,1,17.404,1,1
B-L-M-A4-s0,SUPER_ECO_BW,100,21,1,21,1,1
B-L-M-A4-s0,INT_BG+TINT_FILL_55,100,17.404,1,17.404,1,1
B-L-M-A4-s0,INT_REMOVE_ALL,100,17.404,1,17.404,1,1
B-L-M-A4-s0,INT_OUTLINE+BW,100,21,1,21,1,1
B-L-M-A4-s0,INT_GRAY+BG,100,17.404,1,17.404,1,1
B-L-M-A4-s0,INT_OUTLINE+HALFTONE_M,100,17.404,1,17.404,1,1
B-L-M-A4-s0,COPY_SAFE_ECO,100,21,1,21,1,1
B-L-M-A4-s0,COMBINED_REMOVE+TINT_75,100,7.6923,1,7.6923,1,1
B-L-M-A4-s0,COMBINED_ECO+STRUCT_75,100,7.6923,1,7.6923,1,1
B-L-M-A4-s0,OPACITY_GROUP_90,100,13.009,1,13.009,1,1
B-L-M-A4-s0,OPACITY_GROUP_75,100,7.6923,1,7.6923,1,1
B-L-M-A4-s0,OPACITY_GROUP_60,100,4.5422,1,4.5422,1,1
B-L-M-A4-s0,OPACITY_GROUP_45,100,2.8847,0,2.8847,0,0
B-L-M-A4-s0,OPACITY_ELEM_60,100,4.5422,1,4.5422,1,1
B-L-M-A4-s0,OPACITY_FILL_60,100,17.404,1,17.404,1,1
B-L-M-A4-s0,OPACITY_STROKE_60,100,4.5422,1,17.404,1,1
B-L-M-A4-s0,OPACITY_TEXT_60,100,17.404,1,4.5422,1,1
B-L-M-A4-s0,TINT_75,100,7.6923,1,7.6923,1,1
B-L-M-A4-s0,TINT_55,100,3.8957,1,3.8957,1,0
B-L-M-A4-s0,TINT_30,100,1.9408,0,1.9408,0,0
B-L-M-A4-s0,TINT_FILL_55,100,17.404,1,17.404,1,1
B-L-M-A4-s0,TINT_FILL_30,100,17.404,1,17.404,1,1
B-L-M-A4-s0,TINT_FILL_15,100,17.404,1,17.404,1,1
B-L-M-A4-s0,GRAYSCALE,100,17.404,1,17.404,1,1
B-L-M-A4-s0,BW_THRESHOLD,,,,,,
B-L-M-A4-s0,BW_SEMANTIC,100,21,1,21,1,1
B-L-M-A4-s0,OUTLINE_ONLY,100,17.404,1,17.404,1,1
B-L-M-A4-s0,OUTLINE_NAIVE,100,17.404,1,17.404,1,1
B-L-M-A4-s0,BG_REMOVAL,100,17.404,1,17.404,1,1
B-L-M-A4-s0,DECOR_REMOVAL,100,17.404,1,17.404,1,1
B-L-M-A4-s0,HALFTONE_H,100,17.404,1,17.404,1,1
B-L-M-A4-s0,HALFTONE_M,100,17.404,1,17.404,1,1
B-L-M-A4-s0,HALFTONE_L,100,17.404,1,17.404,1,1
B-L-M-A4-s0,DITHER_M,100,17.404,1,17.404,1,1
B-L-M-A4-s0,HIGH_CONTRAST,100,21,1,21,1,1
B-L-M-LETTER-s0,STANDARD,100,17.404,1,17.404,1,1
B-L-M-LETTER-s0,ECO_COLOUR,100,17.404,1,17.404,1,1
B-L-M-LETTER-s0,SUPER_ECO_BW,100,21,1,21,1,1
B-L-M-LETTER-s0,OPACITY_GROUP_75,100,7.6923,1,7.6923,1,1
B-L-M-LETTER-s0,OPACITY_GROUP_60,100,4.5422,1,4.5422,1,1
B-L-M-LETTER-s0,TINT_55,100,3.8957,1,3.8957,1,0
B-L-M-LETTER-s0,TINT_FILL_30,100,17.404,1,17.404,1,1
B-L-M-LETTER-s0,GRAYSCALE,100,17.404,1,17.404,1,1
B-L-M-LETTER-s0,BW_SEMANTIC,100,21,1,21,1,1
B-L-M-LETTER-s0,OUTLINE_ONLY,100,17.404,1,17.404,1,1
B-L-M-LETTER-s0,BG_REMOVAL,100,17.404,1,17.404,1,1
B-L-M-LETTER-s0,DECOR_REMOVAL,100,17.404,1,17.404,1,1
B-L-M-LETTER-s0,HALFTONE_M,100,17.404,1,17.404,1,1
B-L-M-LETTER-s0,HIGH_CONTRAST,100,21,1,21,1,1
B-L-S-A4-s0,STANDARD,225,17.404,1,17.404,1,1
B-L-S-A4-s0,ECO_COLOUR,225,17.404,1,17.404,1,1
B-L-S-A4-s0,SUPER_ECO_BW,225,21,1,21,1,1
B-L-S-A4-s0,INT_BG+TINT_FILL_55,225,17.404,1,17.404,1,1
B-L-S-A4-s0,INT_REMOVE_ALL,225,17.404,1,17.404,1,1
B-L-S-A4-s0,INT_OUTLINE+BW,225,21,1,21,1,1
B-L-S-A4-s0,INT_GRAY+BG,225,17.404,1,17.404,1,1
B-L-S-A4-s0,INT_OUTLINE+HALFTONE_M,225,17.404,1,17.404,1,1
B-L-S-A4-s0,COPY_SAFE_ECO,225,21,1,21,1,1
B-L-S-A4-s0,COMBINED_REMOVE+TINT_75,225,7.6923,1,7.6923,1,1
B-L-S-A4-s0,COMBINED_ECO+STRUCT_75,225,7.6923,1,7.6923,1,1
B-L-S-A4-s0,OPACITY_GROUP_90,225,13.009,1,13.009,1,1
B-L-S-A4-s0,OPACITY_GROUP_75,225,7.6923,1,7.6923,1,1
B-L-S-A4-s0,OPACITY_GROUP_60,225,4.5422,1,4.5422,1,0
B-L-S-A4-s0,OPACITY_GROUP_45,225,2.8847,0,2.8847,0,0
B-L-S-A4-s0,OPACITY_ELEM_60,225,4.5422,1,4.5422,1,0
B-L-S-A4-s0,OPACITY_FILL_60,225,17.404,1,17.404,1,1
B-L-S-A4-s0,OPACITY_STROKE_60,225,4.5422,1,17.404,1,1
B-L-S-A4-s0,OPACITY_TEXT_60,225,17.404,1,4.5422,1,0
B-L-S-A4-s0,TINT_75,225,7.6923,1,7.6923,1,1
B-L-S-A4-s0,TINT_55,225,3.8957,1,3.8957,0,0
B-L-S-A4-s0,TINT_30,225,1.9408,0,1.9408,0,0
B-L-S-A4-s0,TINT_FILL_55,225,17.404,1,17.404,1,1
B-L-S-A4-s0,TINT_FILL_30,225,17.404,1,17.404,1,1
B-L-S-A4-s0,TINT_FILL_15,225,17.404,1,17.404,1,1
B-L-S-A4-s0,GRAYSCALE,225,17.404,1,17.404,1,1
B-L-S-A4-s0,BW_THRESHOLD,,,,,,
B-L-S-A4-s0,BW_SEMANTIC,225,21,1,21,1,1
B-L-S-A4-s0,OUTLINE_ONLY,225,17.404,1,17.404,1,1
B-L-S-A4-s0,OUTLINE_NAIVE,225,17.404,1,17.404,1,1
B-L-S-A4-s0,BG_REMOVAL,225,17.404,1,17.404,1,1
B-L-S-A4-s0,DECOR_REMOVAL,225,17.404,1,17.404,1,1
B-L-S-A4-s0,HALFTONE_H,225,17.404,1,17.404,1,1
B-L-S-A4-s0,HALFTONE_M,225,17.404,1,17.404,1,1
B-L-S-A4-s0,HALFTONE_L,225,17.404,1,17.404,1,1
B-L-S-A4-s0,DITHER_M,225,17.404,1,17.404,1,1
B-L-S-A4-s0,HIGH_CONTRAST,225,21,1,21,1,1
B-M-L-A4-s0,STANDARD,100,17.404,1,17.404,1,1
B-M-L-A4-s0,ECO_COLOUR,100,17.404,1,17.404,1,1
B-M-L-A4-s0,SUPER_ECO_BW,100,21,1,21,1,1
B-M-L-A4-s0,INT_BG+TINT_FILL_55,100,17.404,1,17.404,1,1
B-M-L-A4-s0,INT_REMOVE_ALL,100,17.404,1,17.404,1,1
B-M-L-A4-s0,INT_OUTLINE+BW,100,21,1,21,1,1
B-M-L-A4-s0,INT_GRAY+BG,100,17.404,1,17.404,1,1
B-M-L-A4-s0,INT_OUTLINE+HALFTONE_M,100,17.404,1,17.404,1,1
B-M-L-A4-s0,COPY_SAFE_ECO,100,21,1,21,1,1
B-M-L-A4-s0,COMBINED_REMOVE+TINT_75,100,7.6923,1,7.6923,1,1
B-M-L-A4-s0,COMBINED_ECO+STRUCT_75,100,7.6923,1,7.6923,1,1
B-M-L-A4-s0,OPACITY_GROUP_90,100,13.009,1,13.009,1,1
B-M-L-A4-s0,OPACITY_GROUP_75,100,7.6923,1,7.6923,1,1
B-M-L-A4-s0,OPACITY_GROUP_60,100,4.5422,1,4.5422,1,1
B-M-L-A4-s0,OPACITY_GROUP_45,100,2.8847,0,2.8847,0,0
B-M-L-A4-s0,OPACITY_ELEM_60,100,4.5422,1,4.5422,1,1
B-M-L-A4-s0,OPACITY_FILL_60,100,17.404,1,17.404,1,1
B-M-L-A4-s0,OPACITY_STROKE_60,100,4.5422,1,17.404,1,1
B-M-L-A4-s0,OPACITY_TEXT_60,100,17.404,1,4.5422,1,1
B-M-L-A4-s0,TINT_75,100,7.6923,1,7.6923,1,1
B-M-L-A4-s0,TINT_55,100,3.8957,1,3.8957,1,0
B-M-L-A4-s0,TINT_30,100,1.9408,0,1.9408,0,0
B-M-L-A4-s0,TINT_FILL_55,100,17.404,1,17.404,1,1
B-M-L-A4-s0,TINT_FILL_30,100,17.404,1,17.404,1,1
B-M-L-A4-s0,TINT_FILL_15,100,17.404,1,17.404,1,1
B-M-L-A4-s0,GRAYSCALE,100,17.404,1,17.404,1,1
B-M-L-A4-s0,BW_THRESHOLD,,,,,,
B-M-L-A4-s0,BW_SEMANTIC,100,21,1,21,1,1
B-M-L-A4-s0,OUTLINE_ONLY,100,17.404,1,17.404,1,1
B-M-L-A4-s0,OUTLINE_NAIVE,100,17.404,1,17.404,1,1
B-M-L-A4-s0,BG_REMOVAL,100,17.404,1,17.404,1,1
B-M-L-A4-s0,DECOR_REMOVAL,100,17.404,1,17.404,1,1
B-M-L-A4-s0,HALFTONE_H,100,17.404,1,17.404,1,1
B-M-L-A4-s0,HALFTONE_M,100,17.404,1,17.404,1,1
B-M-L-A4-s0,HALFTONE_L,100,17.404,1,17.404,1,1
B-M-L-A4-s0,DITHER_M,100,17.404,1,17.404,1,1
B-M-L-A4-s0,HIGH_CONTRAST,100,21,1,21,1,1
B-M-M-A4-s0,STANDARD,225,17.404,1,17.404,1,1
B-M-M-A4-s0,ECO_COLOUR,225,17.404,1,17.404,1,1
B-M-M-A4-s0,SUPER_ECO_BW,225,21,1,21,1,1
B-M-M-A4-s0,INT_BG+TINT_FILL_55,225,17.404,1,17.404,1,1
B-M-M-A4-s0,INT_REMOVE_ALL,225,17.404,1,17.404,1,1
B-M-M-A4-s0,INT_OUTLINE+BW,225,21,1,21,1,1
B-M-M-A4-s0,INT_GRAY+BG,225,17.404,1,17.404,1,1
B-M-M-A4-s0,INT_OUTLINE+HALFTONE_M,225,17.404,1,17.404,1,1
B-M-M-A4-s0,COPY_SAFE_ECO,225,21,1,21,1,1
B-M-M-A4-s0,COMBINED_REMOVE+TINT_75,225,7.6923,1,7.6923,1,1
B-M-M-A4-s0,COMBINED_ECO+STRUCT_75,225,7.6923,1,7.6923,1,1
B-M-M-A4-s0,OPACITY_GROUP_90,225,13.009,1,13.009,1,1
B-M-M-A4-s0,OPACITY_GROUP_75,225,7.6923,1,7.6923,1,1
B-M-M-A4-s0,OPACITY_GROUP_60,225,4.5422,1,4.5422,1,1
B-M-M-A4-s0,OPACITY_GROUP_45,225,2.8847,0,2.8847,0,0
B-M-M-A4-s0,OPACITY_ELEM_60,225,4.5422,1,4.5422,1,1
B-M-M-A4-s0,OPACITY_FILL_60,225,17.404,1,17.404,1,1
B-M-M-A4-s0,OPACITY_STROKE_60,225,4.5422,1,17.404,1,1
B-M-M-A4-s0,OPACITY_TEXT_60,225,17.404,1,4.5422,1,1
B-M-M-A4-s0,TINT_75,225,7.6923,1,7.6923,1,1
B-M-M-A4-s0,TINT_55,225,3.8957,1,3.8957,1,0
B-M-M-A4-s0,TINT_30,225,1.9408,0,1.9408,0,0
B-M-M-A4-s0,TINT_FILL_55,225,17.404,1,17.404,1,1
B-M-M-A4-s0,TINT_FILL_30,225,17.404,1,17.404,1,1
B-M-M-A4-s0,TINT_FILL_15,225,17.404,1,17.404,1,1
B-M-M-A4-s0,GRAYSCALE,225,17.404,1,17.404,1,1
B-M-M-A4-s0,BW_THRESHOLD,,,,,,
B-M-M-A4-s0,BW_SEMANTIC,225,21,1,21,1,1
B-M-M-A4-s0,OUTLINE_ONLY,225,17.404,1,17.404,1,1
B-M-M-A4-s0,OUTLINE_NAIVE,225,17.404,1,17.404,1,1
B-M-M-A4-s0,BG_REMOVAL,225,17.404,1,17.404,1,1
B-M-M-A4-s0,DECOR_REMOVAL,225,17.404,1,17.404,1,1
B-M-M-A4-s0,HALFTONE_H,225,17.404,1,17.404,1,1
B-M-M-A4-s0,HALFTONE_M,225,17.404,1,17.404,1,1
B-M-M-A4-s0,HALFTONE_L,225,17.404,1,17.404,1,1
B-M-M-A4-s0,DITHER_M,225,17.404,1,17.404,1,1
B-M-M-A4-s0,HIGH_CONTRAST,225,21,1,21,1,1
B-M-M-A4-s1,STANDARD,225,17.404,1,17.404,1,1
B-M-M-A4-s1,ECO_COLOUR,225,17.404,1,17.404,1,1
B-M-M-A4-s1,SUPER_ECO_BW,225,21,1,21,1,1
B-M-M-A4-s1,OPACITY_GROUP_75,225,7.6923,1,7.6923,1,1
B-M-M-A4-s1,OPACITY_GROUP_60,225,4.5422,1,4.5422,1,1
B-M-M-A4-s1,TINT_55,225,3.8957,1,3.8957,1,0
B-M-M-A4-s1,TINT_FILL_30,225,17.404,1,17.404,1,1
B-M-M-A4-s1,GRAYSCALE,225,17.404,1,17.404,1,1
B-M-M-A4-s1,BW_SEMANTIC,225,21,1,21,1,1
B-M-M-A4-s1,OUTLINE_ONLY,225,17.404,1,17.404,1,1
B-M-M-A4-s1,BG_REMOVAL,225,17.404,1,17.404,1,1
B-M-M-A4-s1,DECOR_REMOVAL,225,17.404,1,17.404,1,1
B-M-M-A4-s1,HALFTONE_M,225,17.404,1,17.404,1,1
B-M-M-A4-s1,HIGH_CONTRAST,225,21,1,21,1,1
B-M-M-A4-s2,STANDARD,225,17.404,1,17.404,1,1
B-M-M-A4-s2,ECO_COLOUR,225,17.404,1,17.404,1,1
B-M-M-A4-s2,SUPER_ECO_BW,225,21,1,21,1,1
B-M-M-A4-s2,OPACITY_GROUP_75,225,7.6923,1,7.6923,1,1
B-M-M-A4-s2,OPACITY_GROUP_60,225,4.5422,1,4.5422,1,1
B-M-M-A4-s2,TINT_55,225,3.8957,1,3.8957,1,0
B-M-M-A4-s2,TINT_FILL_30,225,17.404,1,17.404,1,1
B-M-M-A4-s2,GRAYSCALE,225,17.404,1,17.404,1,1
B-M-M-A4-s2,BW_SEMANTIC,225,21,1,21,1,1
B-M-M-A4-s2,OUTLINE_ONLY,225,17.404,1,17.404,1,1
B-M-M-A4-s2,BG_REMOVAL,225,17.404,1,17.404,1,1
B-M-M-A4-s2,DECOR_REMOVAL,225,17.404,1,17.404,1,1
B-M-M-A4-s2,HALFTONE_M,225,17.404,1,17.404,1,1
B-M-M-A4-s2,HIGH_CONTRAST,225,21,1,21,1,1
B-M-M-A4-s3,STANDARD,225,17.404,1,17.404,1,1
B-M-M-A4-s3,ECO_COLOUR,225,17.404,1,17.404,1,1
B-M-M-A4-s3,SUPER_ECO_BW,225,21,1,21,1,1
B-M-M-A4-s3,OPACITY_GROUP_75,225,7.6923,1,7.6923,1,1
B-M-M-A4-s3,OPACITY_GROUP_60,225,4.5422,1,4.5422,1,1
B-M-M-A4-s3,TINT_55,225,3.8957,1,3.8957,1,0
B-M-M-A4-s3,TINT_FILL_30,225,17.404,1,17.404,1,1
B-M-M-A4-s3,GRAYSCALE,225,17.404,1,17.404,1,1
B-M-M-A4-s3,BW_SEMANTIC,225,21,1,21,1,1
B-M-M-A4-s3,OUTLINE_ONLY,225,17.404,1,17.404,1,1
B-M-M-A4-s3,BG_REMOVAL,225,17.404,1,17.404,1,1
B-M-M-A4-s3,DECOR_REMOVAL,225,17.404,1,17.404,1,1
B-M-M-A4-s3,HALFTONE_M,225,17.404,1,17.404,1,1
B-M-M-A4-s3,HIGH_CONTRAST,225,21,1,21,1,1
B-M-M-A4-s4,STANDARD,225,17.404,1,17.404,1,1
B-M-M-A4-s4,ECO_COLOUR,225,17.404,1,17.404,1,1
B-M-M-A4-s4,SUPER_ECO_BW,225,21,1,21,1,1
B-M-M-A4-s4,OPACITY_GROUP_75,225,7.6923,1,7.6923,1,1
B-M-M-A4-s4,OPACITY_GROUP_60,225,4.5422,1,4.5422,1,1
B-M-M-A4-s4,TINT_55,225,3.8957,1,3.8957,1,0
B-M-M-A4-s4,TINT_FILL_30,225,17.404,1,17.404,1,1
B-M-M-A4-s4,GRAYSCALE,225,17.404,1,17.404,1,1
B-M-M-A4-s4,BW_SEMANTIC,225,21,1,21,1,1
B-M-M-A4-s4,OUTLINE_ONLY,225,17.404,1,17.404,1,1
B-M-M-A4-s4,BG_REMOVAL,225,17.404,1,17.404,1,1
B-M-M-A4-s4,DECOR_REMOVAL,225,17.404,1,17.404,1,1
B-M-M-A4-s4,HALFTONE_M,225,17.404,1,17.404,1,1
B-M-M-A4-s4,HIGH_CONTRAST,225,21,1,21,1,1
B-M-M-LETTER-s0,STANDARD,256,17.404,1,17.404,1,1
B-M-M-LETTER-s0,ECO_COLOUR,256,17.404,1,17.404,1,1
B-M-M-LETTER-s0,SUPER_ECO_BW,256,21,1,21,1,1
B-M-M-LETTER-s0,OPACITY_GROUP_75,256,7.6923,1,7.6923,1,1
B-M-M-LETTER-s0,OPACITY_GROUP_60,256,4.5422,1,4.5422,1,1
B-M-M-LETTER-s0,TINT_55,256,3.8957,1,3.8957,1,0
B-M-M-LETTER-s0,TINT_FILL_30,256,17.404,1,17.404,1,1
B-M-M-LETTER-s0,GRAYSCALE,256,17.404,1,17.404,1,1
B-M-M-LETTER-s0,BW_SEMANTIC,256,21,1,21,1,1
B-M-M-LETTER-s0,OUTLINE_ONLY,256,17.404,1,17.404,1,1
B-M-M-LETTER-s0,BG_REMOVAL,256,17.404,1,17.404,1,1
B-M-M-LETTER-s0,DECOR_REMOVAL,256,17.404,1,17.404,1,1
B-M-M-LETTER-s0,HALFTONE_M,256,17.404,1,17.404,1,1
B-M-M-LETTER-s0,HIGH_CONTRAST,256,21,1,21,1,1
B-M-S-A4-s0,STANDARD,529,17.404,1,17.404,1,1
B-M-S-A4-s0,ECO_COLOUR,529,17.404,1,17.404,1,1
B-M-S-A4-s0,SUPER_ECO_BW,529,21,1,21,1,1
B-M-S-A4-s0,INT_BG+TINT_FILL_55,529,17.404,1,17.404,1,1
B-M-S-A4-s0,INT_REMOVE_ALL,529,17.404,1,17.404,1,1
B-M-S-A4-s0,INT_OUTLINE+BW,529,21,1,21,1,1
B-M-S-A4-s0,INT_GRAY+BG,529,17.404,1,17.404,1,1
B-M-S-A4-s0,INT_OUTLINE+HALFTONE_M,529,17.404,1,17.404,1,1
B-M-S-A4-s0,COPY_SAFE_ECO,529,21,1,21,1,1
B-M-S-A4-s0,COMBINED_REMOVE+TINT_75,529,7.6923,1,7.6923,1,1
B-M-S-A4-s0,COMBINED_ECO+STRUCT_75,529,7.6923,1,7.6923,1,1
B-M-S-A4-s0,OPACITY_GROUP_90,529,13.009,1,13.009,1,1
B-M-S-A4-s0,OPACITY_GROUP_75,529,7.6923,1,7.6923,1,1
B-M-S-A4-s0,OPACITY_GROUP_60,529,4.5422,1,4.5422,1,0
B-M-S-A4-s0,OPACITY_GROUP_45,529,2.8847,0,2.8847,0,0
B-M-S-A4-s0,OPACITY_ELEM_60,529,4.5422,1,4.5422,1,0
B-M-S-A4-s0,OPACITY_FILL_60,529,17.404,1,17.404,1,1
B-M-S-A4-s0,OPACITY_STROKE_60,529,4.5422,1,17.404,1,1
B-M-S-A4-s0,OPACITY_TEXT_60,529,17.404,1,4.5422,1,0
B-M-S-A4-s0,TINT_75,529,7.6923,1,7.6923,1,1
B-M-S-A4-s0,TINT_55,529,3.8957,1,3.8957,0,0
B-M-S-A4-s0,TINT_30,529,1.9408,0,1.9408,0,0
B-M-S-A4-s0,TINT_FILL_55,529,17.404,1,17.404,1,1
B-M-S-A4-s0,TINT_FILL_30,529,17.404,1,17.404,1,1
B-M-S-A4-s0,TINT_FILL_15,529,17.404,1,17.404,1,1
B-M-S-A4-s0,GRAYSCALE,529,17.404,1,17.404,1,1
B-M-S-A4-s0,BW_THRESHOLD,,,,,,
B-M-S-A4-s0,BW_SEMANTIC,529,21,1,21,1,1
B-M-S-A4-s0,OUTLINE_ONLY,529,17.404,1,17.404,1,1
B-M-S-A4-s0,OUTLINE_NAIVE,529,17.404,1,17.404,1,1
B-M-S-A4-s0,BG_REMOVAL,529,17.404,1,17.404,1,1
B-M-S-A4-s0,DECOR_REMOVAL,529,17.404,1,17.404,1,1
B-M-S-A4-s0,HALFTONE_H,529,17.404,1,17.404,1,1
B-M-S-A4-s0,HALFTONE_M,529,17.404,1,17.404,1,1
B-M-S-A4-s0,HALFTONE_L,529,17.404,1,17.404,1,1
B-M-S-A4-s0,DITHER_M,529,17.404,1,17.404,1,1
B-M-S-A4-s0,HIGH_CONTRAST,529,21,1,21,1,1
C-H-L-A4-s0,STANDARD,24,,,17.404,1,1
C-H-L-A4-s0,ECO_COLOUR,24,,,17.404,1,1
C-H-L-A4-s0,SUPER_ECO_BW,24,,,21,1,1
C-H-L-A4-s0,INT_BG+TINT_FILL_55,24,,,17.404,1,1
C-H-L-A4-s0,INT_REMOVE_ALL,24,,,17.404,1,1
C-H-L-A4-s0,INT_OUTLINE+BW,24,,,21,1,1
C-H-L-A4-s0,INT_GRAY+BG,24,,,17.404,1,1
C-H-L-A4-s0,INT_OUTLINE+HALFTONE_M,24,,,17.404,1,1
C-H-L-A4-s0,COPY_SAFE_ECO,24,,,21,1,1
C-H-L-A4-s0,COMBINED_REMOVE+TINT_75,24,,,7.6923,1,1
C-H-L-A4-s0,COMBINED_ECO+STRUCT_75,24,,,7.6923,1,1
C-H-L-A4-s0,OPACITY_GROUP_90,24,,,13.009,1,1
C-H-L-A4-s0,OPACITY_GROUP_75,24,,,7.6923,1,1
C-H-L-A4-s0,OPACITY_GROUP_60,24,,,4.5422,1,0.083333
C-H-L-A4-s0,OPACITY_GROUP_45,24,,,2.8847,0,0
C-H-L-A4-s0,OPACITY_ELEM_60,24,,,4.5422,1,0.083333
C-H-L-A4-s0,OPACITY_FILL_60,24,,,17.404,1,1
C-H-L-A4-s0,OPACITY_STROKE_60,24,,,17.404,1,1
C-H-L-A4-s0,OPACITY_TEXT_60,24,,,4.5422,1,0.083333
C-H-L-A4-s0,TINT_75,24,,,7.6923,1,1
C-H-L-A4-s0,TINT_55,24,,,3.8957,0.083333,0
C-H-L-A4-s0,TINT_30,24,,,1.9408,0,0
C-H-L-A4-s0,TINT_FILL_55,24,,,17.404,1,1
C-H-L-A4-s0,TINT_FILL_30,24,,,17.404,1,1
C-H-L-A4-s0,TINT_FILL_15,24,,,17.404,1,1
C-H-L-A4-s0,GRAYSCALE,24,,,17.404,1,1
C-H-L-A4-s0,BW_THRESHOLD,,,,,,
C-H-L-A4-s0,BW_SEMANTIC,24,,,21,1,1
C-H-L-A4-s0,OUTLINE_ONLY,24,,,17.404,1,1
C-H-L-A4-s0,OUTLINE_NAIVE,24,,,17.404,1,1
C-H-L-A4-s0,BG_REMOVAL,24,,,17.404,1,1
C-H-L-A4-s0,DECOR_REMOVAL,24,,,17.404,1,1
C-H-L-A4-s0,HALFTONE_H,24,,,17.404,1,1
C-H-L-A4-s0,HALFTONE_M,24,,,17.404,1,1
C-H-L-A4-s0,HALFTONE_L,24,,,17.404,1,1
C-H-L-A4-s0,DITHER_M,24,,,17.404,1,1
C-H-L-A4-s0,HIGH_CONTRAST,24,,,21,1,1
C-H-M-A4-s0,STANDARD,28,,,17.404,1,1
C-H-M-A4-s0,ECO_COLOUR,28,,,17.404,1,1
C-H-M-A4-s0,SUPER_ECO_BW,28,,,21,1,1
C-H-M-A4-s0,INT_BG+TINT_FILL_55,28,,,17.404,1,1
C-H-M-A4-s0,INT_REMOVE_ALL,28,,,17.404,1,1
C-H-M-A4-s0,INT_OUTLINE+BW,28,,,21,1,1
C-H-M-A4-s0,INT_GRAY+BG,28,,,17.404,1,1
C-H-M-A4-s0,INT_OUTLINE+HALFTONE_M,28,,,17.404,1,1
C-H-M-A4-s0,COPY_SAFE_ECO,28,,,21,1,1
C-H-M-A4-s0,COMBINED_REMOVE+TINT_75,28,,,7.6923,1,1
C-H-M-A4-s0,COMBINED_ECO+STRUCT_75,28,,,7.6923,1,1
C-H-M-A4-s0,OPACITY_GROUP_90,28,,,13.009,1,1
C-H-M-A4-s0,OPACITY_GROUP_75,28,,,7.6923,1,1
C-H-M-A4-s0,OPACITY_GROUP_60,28,,,4.5422,1,0.035714
C-H-M-A4-s0,OPACITY_GROUP_45,28,,,2.8847,0,0
C-H-M-A4-s0,OPACITY_ELEM_60,28,,,4.5422,1,0.035714
C-H-M-A4-s0,OPACITY_FILL_60,28,,,17.404,1,1
C-H-M-A4-s0,OPACITY_STROKE_60,28,,,17.404,1,1
C-H-M-A4-s0,OPACITY_TEXT_60,28,,,4.5422,1,0.035714
C-H-M-A4-s0,TINT_75,28,,,7.6923,1,1
C-H-M-A4-s0,TINT_55,28,,,3.8957,0.035714,0
C-H-M-A4-s0,TINT_30,28,,,1.9408,0,0
C-H-M-A4-s0,TINT_FILL_55,28,,,17.404,1,1
C-H-M-A4-s0,TINT_FILL_30,28,,,17.404,1,1
C-H-M-A4-s0,TINT_FILL_15,28,,,17.404,1,1
C-H-M-A4-s0,GRAYSCALE,28,,,17.404,1,1
C-H-M-A4-s0,BW_THRESHOLD,,,,,,
C-H-M-A4-s0,BW_SEMANTIC,28,,,21,1,1
C-H-M-A4-s0,OUTLINE_ONLY,28,,,17.404,1,1
C-H-M-A4-s0,OUTLINE_NAIVE,28,,,17.404,1,1
C-H-M-A4-s0,BG_REMOVAL,28,,,17.404,1,1
C-H-M-A4-s0,DECOR_REMOVAL,28,,,17.404,1,1
C-H-M-A4-s0,HALFTONE_H,28,,,17.404,1,1
C-H-M-A4-s0,HALFTONE_M,28,,,17.404,1,1
C-H-M-A4-s0,HALFTONE_L,28,,,17.404,1,1
C-H-M-A4-s0,DITHER_M,28,,,17.404,1,1
C-H-M-A4-s0,HIGH_CONTRAST,28,,,21,1,1
C-H-M-LETTER-s0,STANDARD,27,,,17.404,1,1
C-H-M-LETTER-s0,ECO_COLOUR,27,,,17.404,1,1
C-H-M-LETTER-s0,SUPER_ECO_BW,27,,,21,1,1
C-H-M-LETTER-s0,OPACITY_GROUP_75,27,,,7.6923,1,1
C-H-M-LETTER-s0,OPACITY_GROUP_60,27,,,4.5422,1,0.037037
C-H-M-LETTER-s0,TINT_55,27,,,3.8957,0.037037,0
C-H-M-LETTER-s0,TINT_FILL_30,27,,,17.404,1,1
C-H-M-LETTER-s0,GRAYSCALE,27,,,17.404,1,1
C-H-M-LETTER-s0,BW_SEMANTIC,27,,,21,1,1
C-H-M-LETTER-s0,OUTLINE_ONLY,27,,,17.404,1,1
C-H-M-LETTER-s0,BG_REMOVAL,27,,,17.404,1,1
C-H-M-LETTER-s0,DECOR_REMOVAL,27,,,17.404,1,1
C-H-M-LETTER-s0,HALFTONE_M,27,,,17.404,1,1
C-H-M-LETTER-s0,HIGH_CONTRAST,27,,,21,1,1
C-H-S-A4-s0,STANDARD,35,,,17.404,1,1
C-H-S-A4-s0,ECO_COLOUR,35,,,17.404,1,1
C-H-S-A4-s0,SUPER_ECO_BW,35,,,21,1,1
C-H-S-A4-s0,INT_BG+TINT_FILL_55,35,,,17.404,1,1
C-H-S-A4-s0,INT_REMOVE_ALL,35,,,17.404,1,1
C-H-S-A4-s0,INT_OUTLINE+BW,35,,,21,1,1
C-H-S-A4-s0,INT_GRAY+BG,35,,,17.404,1,1
C-H-S-A4-s0,INT_OUTLINE+HALFTONE_M,35,,,17.404,1,1
C-H-S-A4-s0,COPY_SAFE_ECO,35,,,21,1,1
C-H-S-A4-s0,COMBINED_REMOVE+TINT_75,35,,,7.6923,1,1
C-H-S-A4-s0,COMBINED_ECO+STRUCT_75,35,,,7.6923,1,1
C-H-S-A4-s0,OPACITY_GROUP_90,35,,,13.009,1,1
C-H-S-A4-s0,OPACITY_GROUP_75,35,,,7.6923,1,1
C-H-S-A4-s0,OPACITY_GROUP_60,35,,,4.5422,1,0.028571
C-H-S-A4-s0,OPACITY_GROUP_45,35,,,2.8847,0,0
C-H-S-A4-s0,OPACITY_ELEM_60,35,,,4.5422,1,0.028571
C-H-S-A4-s0,OPACITY_FILL_60,35,,,17.404,1,1
C-H-S-A4-s0,OPACITY_STROKE_60,35,,,17.404,1,1
C-H-S-A4-s0,OPACITY_TEXT_60,35,,,4.5422,1,0.028571
C-H-S-A4-s0,TINT_75,35,,,7.6923,1,1
C-H-S-A4-s0,TINT_55,35,,,3.8957,0.028571,0
C-H-S-A4-s0,TINT_30,35,,,1.9408,0,0
C-H-S-A4-s0,TINT_FILL_55,35,,,17.404,1,1
C-H-S-A4-s0,TINT_FILL_30,35,,,17.404,1,1
C-H-S-A4-s0,TINT_FILL_15,35,,,17.404,1,1
C-H-S-A4-s0,GRAYSCALE,35,,,17.404,1,1
C-H-S-A4-s0,BW_THRESHOLD,,,,,,
C-H-S-A4-s0,BW_SEMANTIC,35,,,21,1,1
C-H-S-A4-s0,OUTLINE_ONLY,35,,,17.404,1,1
C-H-S-A4-s0,OUTLINE_NAIVE,35,,,17.404,1,1
C-H-S-A4-s0,BG_REMOVAL,35,,,17.404,1,1
C-H-S-A4-s0,DECOR_REMOVAL,35,,,17.404,1,1
C-H-S-A4-s0,HALFTONE_H,35,,,17.404,1,1
C-H-S-A4-s0,HALFTONE_M,35,,,17.404,1,1
C-H-S-A4-s0,HALFTONE_L,35,,,17.404,1,1
C-H-S-A4-s0,DITHER_M,35,,,17.404,1,1
C-H-S-A4-s0,HIGH_CONTRAST,35,,,21,1,1
C-L-L-A4-s0,STANDARD,9,,,17.404,1,1
C-L-L-A4-s0,ECO_COLOUR,9,,,17.404,1,1
C-L-L-A4-s0,SUPER_ECO_BW,9,,,21,1,1
C-L-L-A4-s0,INT_BG+TINT_FILL_55,9,,,17.404,1,1
C-L-L-A4-s0,INT_REMOVE_ALL,9,,,17.404,1,1
C-L-L-A4-s0,INT_OUTLINE+BW,9,,,21,1,1
C-L-L-A4-s0,INT_GRAY+BG,9,,,17.404,1,1
C-L-L-A4-s0,INT_OUTLINE+HALFTONE_M,9,,,17.404,1,1
C-L-L-A4-s0,COPY_SAFE_ECO,9,,,21,1,1
C-L-L-A4-s0,COMBINED_REMOVE+TINT_75,9,,,7.6923,1,1
C-L-L-A4-s0,COMBINED_ECO+STRUCT_75,9,,,7.6923,1,1
C-L-L-A4-s0,OPACITY_GROUP_90,9,,,13.009,1,1
C-L-L-A4-s0,OPACITY_GROUP_75,9,,,7.6923,1,1
C-L-L-A4-s0,OPACITY_GROUP_60,9,,,4.5422,1,0.22222
C-L-L-A4-s0,OPACITY_GROUP_45,9,,,2.8847,0,0
C-L-L-A4-s0,OPACITY_ELEM_60,9,,,4.5422,1,0.22222
C-L-L-A4-s0,OPACITY_FILL_60,9,,,17.404,1,1
C-L-L-A4-s0,OPACITY_STROKE_60,9,,,17.404,1,1
C-L-L-A4-s0,OPACITY_TEXT_60,9,,,4.5422,1,0.22222
C-L-L-A4-s0,TINT_75,9,,,7.6923,1,1
C-L-L-A4-s0,TINT_55,9,,,3.8957,0.22222,0
C-L-L-A4-s0,TINT_30,9,,,1.9408,0,0
C-L-L-A4-s0,TINT_FILL_55,9,,,17.404,1,1
C-L-L-A4-s0,TINT_FILL_30,9,,,17.404,1,1
C-L-L-A4-s0,TINT_FILL_15,9,,,17.404,1,1
C-L-L-A4-s0,GRAYSCALE,9,,,17.404,1,1
C-L-L-A4-s0,BW_THRESHOLD,,,,,,
C-L-L-A4-s0,BW_SEMANTIC,9,,,21,1,1
C-L-L-A4-s0,OUTLINE_ONLY,9,,,17.404,1,1
C-L-L-A4-s0,OUTLINE_NAIVE,9,,,17.404,1,1
C-L-L-A4-s0,BG_REMOVAL,9,,,17.404,1,1
C-L-L-A4-s0,DECOR_REMOVAL,9,,,17.404,1,1
C-L-L-A4-s0,HALFTONE_H,9,,,17.404,1,1
C-L-L-A4-s0,HALFTONE_M,9,,,17.404,1,1
C-L-L-A4-s0,HALFTONE_L,9,,,17.404,1,1
C-L-L-A4-s0,DITHER_M,9,,,17.404,1,1
C-L-L-A4-s0,HIGH_CONTRAST,9,,,21,1,1
C-L-M-A4-s0,STANDARD,10,,,17.404,1,1
C-L-M-A4-s0,ECO_COLOUR,10,,,17.404,1,1
C-L-M-A4-s0,SUPER_ECO_BW,10,,,21,1,1
C-L-M-A4-s0,INT_BG+TINT_FILL_55,10,,,17.404,1,1
C-L-M-A4-s0,INT_REMOVE_ALL,10,,,17.404,1,1
C-L-M-A4-s0,INT_OUTLINE+BW,10,,,21,1,1
C-L-M-A4-s0,INT_GRAY+BG,10,,,17.404,1,1
C-L-M-A4-s0,INT_OUTLINE+HALFTONE_M,10,,,17.404,1,1
C-L-M-A4-s0,COPY_SAFE_ECO,10,,,21,1,1
C-L-M-A4-s0,COMBINED_REMOVE+TINT_75,10,,,7.6923,1,1
C-L-M-A4-s0,COMBINED_ECO+STRUCT_75,10,,,7.6923,1,1
C-L-M-A4-s0,OPACITY_GROUP_90,10,,,13.009,1,1
C-L-M-A4-s0,OPACITY_GROUP_75,10,,,7.6923,1,1
C-L-M-A4-s0,OPACITY_GROUP_60,10,,,4.5422,1,0.1
C-L-M-A4-s0,OPACITY_GROUP_45,10,,,2.8847,0,0
C-L-M-A4-s0,OPACITY_ELEM_60,10,,,4.5422,1,0.1
C-L-M-A4-s0,OPACITY_FILL_60,10,,,17.404,1,1
C-L-M-A4-s0,OPACITY_STROKE_60,10,,,17.404,1,1
C-L-M-A4-s0,OPACITY_TEXT_60,10,,,4.5422,1,0.1
C-L-M-A4-s0,TINT_75,10,,,7.6923,1,1
C-L-M-A4-s0,TINT_55,10,,,3.8957,0.1,0
C-L-M-A4-s0,TINT_30,10,,,1.9408,0,0
C-L-M-A4-s0,TINT_FILL_55,10,,,17.404,1,1
C-L-M-A4-s0,TINT_FILL_30,10,,,17.404,1,1
C-L-M-A4-s0,TINT_FILL_15,10,,,17.404,1,1
C-L-M-A4-s0,GRAYSCALE,10,,,17.404,1,1
C-L-M-A4-s0,BW_THRESHOLD,,,,,,
C-L-M-A4-s0,BW_SEMANTIC,10,,,21,1,1
C-L-M-A4-s0,OUTLINE_ONLY,10,,,17.404,1,1
C-L-M-A4-s0,OUTLINE_NAIVE,10,,,17.404,1,1
C-L-M-A4-s0,BG_REMOVAL,10,,,17.404,1,1
C-L-M-A4-s0,DECOR_REMOVAL,10,,,17.404,1,1
C-L-M-A4-s0,HALFTONE_H,10,,,17.404,1,1
C-L-M-A4-s0,HALFTONE_M,10,,,17.404,1,1
C-L-M-A4-s0,HALFTONE_L,10,,,17.404,1,1
C-L-M-A4-s0,DITHER_M,10,,,17.404,1,1
C-L-M-A4-s0,HIGH_CONTRAST,10,,,21,1,1
C-L-M-LETTER-s0,STANDARD,10,,,17.404,1,1
C-L-M-LETTER-s0,ECO_COLOUR,10,,,17.404,1,1
C-L-M-LETTER-s0,SUPER_ECO_BW,10,,,21,1,1
C-L-M-LETTER-s0,OPACITY_GROUP_75,10,,,7.6923,1,1
C-L-M-LETTER-s0,OPACITY_GROUP_60,10,,,4.5422,1,0.1
C-L-M-LETTER-s0,TINT_55,10,,,3.8957,0.1,0
C-L-M-LETTER-s0,TINT_FILL_30,10,,,17.404,1,1
C-L-M-LETTER-s0,GRAYSCALE,10,,,17.404,1,1
C-L-M-LETTER-s0,BW_SEMANTIC,10,,,21,1,1
C-L-M-LETTER-s0,OUTLINE_ONLY,10,,,17.404,1,1
C-L-M-LETTER-s0,BG_REMOVAL,10,,,17.404,1,1
C-L-M-LETTER-s0,DECOR_REMOVAL,10,,,17.404,1,1
C-L-M-LETTER-s0,HALFTONE_M,10,,,17.404,1,1
C-L-M-LETTER-s0,HIGH_CONTRAST,10,,,21,1,1
C-L-S-A4-s0,STANDARD,13,,,17.404,1,1
C-L-S-A4-s0,ECO_COLOUR,13,,,17.404,1,1
C-L-S-A4-s0,SUPER_ECO_BW,13,,,21,1,1
C-L-S-A4-s0,INT_BG+TINT_FILL_55,13,,,17.404,1,1
C-L-S-A4-s0,INT_REMOVE_ALL,13,,,17.404,1,1
C-L-S-A4-s0,INT_OUTLINE+BW,13,,,21,1,1
C-L-S-A4-s0,INT_GRAY+BG,13,,,17.404,1,1
C-L-S-A4-s0,INT_OUTLINE+HALFTONE_M,13,,,17.404,1,1
C-L-S-A4-s0,COPY_SAFE_ECO,13,,,21,1,1
C-L-S-A4-s0,COMBINED_REMOVE+TINT_75,13,,,7.6923,1,1
C-L-S-A4-s0,COMBINED_ECO+STRUCT_75,13,,,7.6923,1,1
C-L-S-A4-s0,OPACITY_GROUP_90,13,,,13.009,1,1
C-L-S-A4-s0,OPACITY_GROUP_75,13,,,7.6923,1,1
C-L-S-A4-s0,OPACITY_GROUP_60,13,,,4.5422,1,0.076923
C-L-S-A4-s0,OPACITY_GROUP_45,13,,,2.8847,0,0
C-L-S-A4-s0,OPACITY_ELEM_60,13,,,4.5422,1,0.076923
C-L-S-A4-s0,OPACITY_FILL_60,13,,,17.404,1,1
C-L-S-A4-s0,OPACITY_STROKE_60,13,,,17.404,1,1
C-L-S-A4-s0,OPACITY_TEXT_60,13,,,4.5422,1,0.076923
C-L-S-A4-s0,TINT_75,13,,,7.6923,1,1
C-L-S-A4-s0,TINT_55,13,,,3.8957,0.076923,0
C-L-S-A4-s0,TINT_30,13,,,1.9408,0,0
C-L-S-A4-s0,TINT_FILL_55,13,,,17.404,1,1
C-L-S-A4-s0,TINT_FILL_30,13,,,17.404,1,1
C-L-S-A4-s0,TINT_FILL_15,13,,,17.404,1,1
C-L-S-A4-s0,GRAYSCALE,13,,,17.404,1,1
C-L-S-A4-s0,BW_THRESHOLD,,,,,,
C-L-S-A4-s0,BW_SEMANTIC,13,,,21,1,1
C-L-S-A4-s0,OUTLINE_ONLY,13,,,17.404,1,1
C-L-S-A4-s0,OUTLINE_NAIVE,13,,,17.404,1,1
C-L-S-A4-s0,BG_REMOVAL,13,,,17.404,1,1
C-L-S-A4-s0,DECOR_REMOVAL,13,,,17.404,1,1
C-L-S-A4-s0,HALFTONE_H,13,,,17.404,1,1
C-L-S-A4-s0,HALFTONE_M,13,,,17.404,1,1
C-L-S-A4-s0,HALFTONE_L,13,,,17.404,1,1
C-L-S-A4-s0,DITHER_M,13,,,17.404,1,1
C-L-S-A4-s0,HIGH_CONTRAST,13,,,21,1,1
C-M-L-A4-s0,STANDARD,16,,,17.404,1,1
C-M-L-A4-s0,ECO_COLOUR,16,,,17.404,1,1
C-M-L-A4-s0,SUPER_ECO_BW,16,,,21,1,1
C-M-L-A4-s0,INT_BG+TINT_FILL_55,16,,,17.404,1,1
C-M-L-A4-s0,INT_REMOVE_ALL,16,,,17.404,1,1
C-M-L-A4-s0,INT_OUTLINE+BW,16,,,21,1,1
C-M-L-A4-s0,INT_GRAY+BG,16,,,17.404,1,1
C-M-L-A4-s0,INT_OUTLINE+HALFTONE_M,16,,,17.404,1,1
C-M-L-A4-s0,COPY_SAFE_ECO,16,,,21,1,1
C-M-L-A4-s0,COMBINED_REMOVE+TINT_75,16,,,7.6923,1,1
C-M-L-A4-s0,COMBINED_ECO+STRUCT_75,16,,,7.6923,1,1
C-M-L-A4-s0,OPACITY_GROUP_90,16,,,13.009,1,1
C-M-L-A4-s0,OPACITY_GROUP_75,16,,,7.6923,1,1
C-M-L-A4-s0,OPACITY_GROUP_60,16,,,4.5422,1,0.125
C-M-L-A4-s0,OPACITY_GROUP_45,16,,,2.8847,0,0
C-M-L-A4-s0,OPACITY_ELEM_60,16,,,4.5422,1,0.125
C-M-L-A4-s0,OPACITY_FILL_60,16,,,17.404,1,1
C-M-L-A4-s0,OPACITY_STROKE_60,16,,,17.404,1,1
C-M-L-A4-s0,OPACITY_TEXT_60,16,,,4.5422,1,0.125
C-M-L-A4-s0,TINT_75,16,,,7.6923,1,1
C-M-L-A4-s0,TINT_55,16,,,3.8957,0.125,0
C-M-L-A4-s0,TINT_30,16,,,1.9408,0,0
C-M-L-A4-s0,TINT_FILL_55,16,,,17.404,1,1
C-M-L-A4-s0,TINT_FILL_30,16,,,17.404,1,1
C-M-L-A4-s0,TINT_FILL_15,16,,,17.404,1,1
C-M-L-A4-s0,GRAYSCALE,16,,,17.404,1,1
C-M-L-A4-s0,BW_THRESHOLD,,,,,,
C-M-L-A4-s0,BW_SEMANTIC,16,,,21,1,1
C-M-L-A4-s0,OUTLINE_ONLY,16,,,17.404,1,1
C-M-L-A4-s0,OUTLINE_NAIVE,16,,,17.404,1,1
C-M-L-A4-s0,BG_REMOVAL,16,,,17.404,1,1
C-M-L-A4-s0,DECOR_REMOVAL,16,,,17.404,1,1
C-M-L-A4-s0,HALFTONE_H,16,,,17.404,1,1
C-M-L-A4-s0,HALFTONE_M,16,,,17.404,1,1
C-M-L-A4-s0,HALFTONE_L,16,,,17.404,1,1
C-M-L-A4-s0,DITHER_M,16,,,17.404,1,1
C-M-L-A4-s0,HIGH_CONTRAST,16,,,21,1,1
C-M-M-A4-s0,STANDARD,19,,,17.404,1,1
C-M-M-A4-s0,ECO_COLOUR,19,,,17.404,1,1
C-M-M-A4-s0,SUPER_ECO_BW,19,,,21,1,1
C-M-M-A4-s0,INT_BG+TINT_FILL_55,19,,,17.404,1,1
C-M-M-A4-s0,INT_REMOVE_ALL,19,,,17.404,1,1
C-M-M-A4-s0,INT_OUTLINE+BW,19,,,21,1,1
C-M-M-A4-s0,INT_GRAY+BG,19,,,17.404,1,1
C-M-M-A4-s0,INT_OUTLINE+HALFTONE_M,19,,,17.404,1,1
C-M-M-A4-s0,COPY_SAFE_ECO,19,,,21,1,1
C-M-M-A4-s0,COMBINED_REMOVE+TINT_75,19,,,7.6923,1,1
C-M-M-A4-s0,COMBINED_ECO+STRUCT_75,19,,,7.6923,1,1
C-M-M-A4-s0,OPACITY_GROUP_90,19,,,13.009,1,1
C-M-M-A4-s0,OPACITY_GROUP_75,19,,,7.6923,1,1
C-M-M-A4-s0,OPACITY_GROUP_60,19,,,4.5422,1,0.052632
C-M-M-A4-s0,OPACITY_GROUP_45,19,,,2.8847,0,0
C-M-M-A4-s0,OPACITY_ELEM_60,19,,,4.5422,1,0.052632
C-M-M-A4-s0,OPACITY_FILL_60,19,,,17.404,1,1
C-M-M-A4-s0,OPACITY_STROKE_60,19,,,17.404,1,1
C-M-M-A4-s0,OPACITY_TEXT_60,19,,,4.5422,1,0.052632
C-M-M-A4-s0,TINT_75,19,,,7.6923,1,1
C-M-M-A4-s0,TINT_55,19,,,3.8957,0.052632,0
C-M-M-A4-s0,TINT_30,19,,,1.9408,0,0
C-M-M-A4-s0,TINT_FILL_55,19,,,17.404,1,1
C-M-M-A4-s0,TINT_FILL_30,19,,,17.404,1,1
C-M-M-A4-s0,TINT_FILL_15,19,,,17.404,1,1
C-M-M-A4-s0,GRAYSCALE,19,,,17.404,1,1
C-M-M-A4-s0,BW_THRESHOLD,,,,,,
C-M-M-A4-s0,BW_SEMANTIC,19,,,21,1,1
C-M-M-A4-s0,OUTLINE_ONLY,19,,,17.404,1,1
C-M-M-A4-s0,OUTLINE_NAIVE,19,,,17.404,1,1
C-M-M-A4-s0,BG_REMOVAL,19,,,17.404,1,1
C-M-M-A4-s0,DECOR_REMOVAL,19,,,17.404,1,1
C-M-M-A4-s0,HALFTONE_H,19,,,17.404,1,1
C-M-M-A4-s0,HALFTONE_M,19,,,17.404,1,1
C-M-M-A4-s0,HALFTONE_L,19,,,17.404,1,1
C-M-M-A4-s0,DITHER_M,19,,,17.404,1,1
C-M-M-A4-s0,HIGH_CONTRAST,19,,,21,1,1
C-M-M-A4-s1,STANDARD,19,,,17.404,1,1
C-M-M-A4-s1,ECO_COLOUR,19,,,17.404,1,1
C-M-M-A4-s1,SUPER_ECO_BW,19,,,21,1,1
C-M-M-A4-s1,OPACITY_GROUP_75,19,,,7.6923,1,1
C-M-M-A4-s1,OPACITY_GROUP_60,19,,,4.5422,1,0.052632
C-M-M-A4-s1,TINT_55,19,,,3.8957,0.052632,0
C-M-M-A4-s1,TINT_FILL_30,19,,,17.404,1,1
C-M-M-A4-s1,GRAYSCALE,19,,,17.404,1,1
C-M-M-A4-s1,BW_SEMANTIC,19,,,21,1,1
C-M-M-A4-s1,OUTLINE_ONLY,19,,,17.404,1,1
C-M-M-A4-s1,BG_REMOVAL,19,,,17.404,1,1
C-M-M-A4-s1,DECOR_REMOVAL,19,,,17.404,1,1
C-M-M-A4-s1,HALFTONE_M,19,,,17.404,1,1
C-M-M-A4-s1,HIGH_CONTRAST,19,,,21,1,1
C-M-M-A4-s2,STANDARD,19,,,17.404,1,1
C-M-M-A4-s2,ECO_COLOUR,19,,,17.404,1,1
C-M-M-A4-s2,SUPER_ECO_BW,19,,,21,1,1
C-M-M-A4-s2,OPACITY_GROUP_75,19,,,7.6923,1,1
C-M-M-A4-s2,OPACITY_GROUP_60,19,,,4.5422,1,0.052632
C-M-M-A4-s2,TINT_55,19,,,3.8957,0.052632,0
C-M-M-A4-s2,TINT_FILL_30,19,,,17.404,1,1
C-M-M-A4-s2,GRAYSCALE,19,,,17.404,1,1
C-M-M-A4-s2,BW_SEMANTIC,19,,,21,1,1
C-M-M-A4-s2,OUTLINE_ONLY,19,,,17.404,1,1
C-M-M-A4-s2,BG_REMOVAL,19,,,17.404,1,1
C-M-M-A4-s2,DECOR_REMOVAL,19,,,17.404,1,1
C-M-M-A4-s2,HALFTONE_M,19,,,17.404,1,1
C-M-M-A4-s2,HIGH_CONTRAST,19,,,21,1,1
C-M-M-A4-s3,STANDARD,19,,,17.404,1,1
C-M-M-A4-s3,ECO_COLOUR,19,,,17.404,1,1
C-M-M-A4-s3,SUPER_ECO_BW,19,,,21,1,1
C-M-M-A4-s3,OPACITY_GROUP_75,19,,,7.6923,1,1
C-M-M-A4-s3,OPACITY_GROUP_60,19,,,4.5422,1,0.052632
C-M-M-A4-s3,TINT_55,19,,,3.8957,0.052632,0
C-M-M-A4-s3,TINT_FILL_30,19,,,17.404,1,1
C-M-M-A4-s3,GRAYSCALE,19,,,17.404,1,1
C-M-M-A4-s3,BW_SEMANTIC,19,,,21,1,1
C-M-M-A4-s3,OUTLINE_ONLY,19,,,17.404,1,1
C-M-M-A4-s3,BG_REMOVAL,19,,,17.404,1,1
C-M-M-A4-s3,DECOR_REMOVAL,19,,,17.404,1,1
C-M-M-A4-s3,HALFTONE_M,19,,,17.404,1,1
C-M-M-A4-s3,HIGH_CONTRAST,19,,,21,1,1
C-M-M-A4-s4,STANDARD,19,,,17.404,1,1
C-M-M-A4-s4,ECO_COLOUR,19,,,17.404,1,1
C-M-M-A4-s4,SUPER_ECO_BW,19,,,21,1,1
C-M-M-A4-s4,OPACITY_GROUP_75,19,,,7.6923,1,1
C-M-M-A4-s4,OPACITY_GROUP_60,19,,,4.5422,1,0.052632
C-M-M-A4-s4,TINT_55,19,,,3.8957,0.052632,0
C-M-M-A4-s4,TINT_FILL_30,19,,,17.404,1,1
C-M-M-A4-s4,GRAYSCALE,19,,,17.404,1,1
C-M-M-A4-s4,BW_SEMANTIC,19,,,21,1,1
C-M-M-A4-s4,OUTLINE_ONLY,19,,,17.404,1,1
C-M-M-A4-s4,BG_REMOVAL,19,,,17.404,1,1
C-M-M-A4-s4,DECOR_REMOVAL,19,,,17.404,1,1
C-M-M-A4-s4,HALFTONE_M,19,,,17.404,1,1
C-M-M-A4-s4,HIGH_CONTRAST,19,,,21,1,1
C-M-M-LETTER-s0,STANDARD,18,,,17.404,1,1
C-M-M-LETTER-s0,ECO_COLOUR,18,,,17.404,1,1
C-M-M-LETTER-s0,SUPER_ECO_BW,18,,,21,1,1
C-M-M-LETTER-s0,OPACITY_GROUP_75,18,,,7.6923,1,1
C-M-M-LETTER-s0,OPACITY_GROUP_60,18,,,4.5422,1,0.055556
C-M-M-LETTER-s0,TINT_55,18,,,3.8957,0.055556,0
C-M-M-LETTER-s0,TINT_FILL_30,18,,,17.404,1,1
C-M-M-LETTER-s0,GRAYSCALE,18,,,17.404,1,1
C-M-M-LETTER-s0,BW_SEMANTIC,18,,,21,1,1
C-M-M-LETTER-s0,OUTLINE_ONLY,18,,,17.404,1,1
C-M-M-LETTER-s0,BG_REMOVAL,18,,,17.404,1,1
C-M-M-LETTER-s0,DECOR_REMOVAL,18,,,17.404,1,1
C-M-M-LETTER-s0,HALFTONE_M,18,,,17.404,1,1
C-M-M-LETTER-s0,HIGH_CONTRAST,18,,,21,1,1
C-M-S-A4-s0,STANDARD,23,,,17.404,1,1
C-M-S-A4-s0,ECO_COLOUR,23,,,17.404,1,1
C-M-S-A4-s0,SUPER_ECO_BW,23,,,21,1,1
C-M-S-A4-s0,INT_BG+TINT_FILL_55,23,,,17.404,1,1
C-M-S-A4-s0,INT_REMOVE_ALL,23,,,17.404,1,1
C-M-S-A4-s0,INT_OUTLINE+BW,23,,,21,1,1
C-M-S-A4-s0,INT_GRAY+BG,23,,,17.404,1,1
C-M-S-A4-s0,INT_OUTLINE+HALFTONE_M,23,,,17.404,1,1
C-M-S-A4-s0,COPY_SAFE_ECO,23,,,21,1,1
C-M-S-A4-s0,COMBINED_REMOVE+TINT_75,23,,,7.6923,1,1
C-M-S-A4-s0,COMBINED_ECO+STRUCT_75,23,,,7.6923,1,1
C-M-S-A4-s0,OPACITY_GROUP_90,23,,,13.009,1,1
C-M-S-A4-s0,OPACITY_GROUP_75,23,,,7.6923,1,1
C-M-S-A4-s0,OPACITY_GROUP_60,23,,,4.5422,1,0.043478
C-M-S-A4-s0,OPACITY_GROUP_45,23,,,2.8847,0,0
C-M-S-A4-s0,OPACITY_ELEM_60,23,,,4.5422,1,0.043478
C-M-S-A4-s0,OPACITY_FILL_60,23,,,17.404,1,1
C-M-S-A4-s0,OPACITY_STROKE_60,23,,,17.404,1,1
C-M-S-A4-s0,OPACITY_TEXT_60,23,,,4.5422,1,0.043478
C-M-S-A4-s0,TINT_75,23,,,7.6923,1,1
C-M-S-A4-s0,TINT_55,23,,,3.8957,0.043478,0
C-M-S-A4-s0,TINT_30,23,,,1.9408,0,0
C-M-S-A4-s0,TINT_FILL_55,23,,,17.404,1,1
C-M-S-A4-s0,TINT_FILL_30,23,,,17.404,1,1
C-M-S-A4-s0,TINT_FILL_15,23,,,17.404,1,1
C-M-S-A4-s0,GRAYSCALE,23,,,17.404,1,1
C-M-S-A4-s0,BW_THRESHOLD,,,,,,
C-M-S-A4-s0,BW_SEMANTIC,23,,,21,1,1
C-M-S-A4-s0,OUTLINE_ONLY,23,,,17.404,1,1
C-M-S-A4-s0,OUTLINE_NAIVE,23,,,17.404,1,1
C-M-S-A4-s0,BG_REMOVAL,23,,,17.404,1,1
C-M-S-A4-s0,DECOR_REMOVAL,23,,,17.404,1,1
C-M-S-A4-s0,HALFTONE_H,23,,,17.404,1,1
C-M-S-A4-s0,HALFTONE_M,23,,,17.404,1,1
C-M-S-A4-s0,HALFTONE_L,23,,,17.404,1,1
C-M-S-A4-s0,DITHER_M,23,,,17.404,1,1
C-M-S-A4-s0,HIGH_CONTRAST,23,,,21,1,1
D-H-L-A4-s0,STANDARD,8,17.404,1,15.237,1,1
D-H-L-A4-s0,OPACITY_GROUP_90,8,13.009,1,11.524,1,1
D-H-L-A4-s0,OPACITY_GROUP_75,8,7.6923,1,6.9562,1,1
D-H-L-A4-s0,OPACITY_GROUP_60,8,4.5422,1,4.1899,1,0.125
D-H-L-A4-s0,OPACITY_GROUP_45,8,2.8847,0,2.7139,0,0
D-H-L-A4-s0,OPACITY_ELEM_60,8,4.5422,1,4.4636,1,0.125
D-H-L-A4-s0,OPACITY_FILL_60,8,17.404,1,16.054,1,1
D-H-L-A4-s0,OPACITY_STROKE_60,8,4.5422,1,15.237,1,1
D-H-L-A4-s0,OPACITY_TEXT_60,8,17.404,1,4.3907,1,0.125
D-H-L-A4-s0,TINT_75,8,7.6923,1,6.9562,1,1
D-H-L-A4-s0,TINT_55,8,3.8957,1,3.6292,0.25,0
D-H-L-A4-s0,TINT_30,8,1.9408,0,1.8654,0,0
D-H-L-A4-s0,TINT_FILL_55,8,17.404,1,16.214,1,1
D-H-L-A4-s0,TINT_FILL_30,8,17.404,1,16.729,1,1
D-H-L-A4-s0,TINT_FILL_15,8,17.404,1,17.069,1,1
D-H-L-A4-s0,GRAYSCALE,8,17.404,1,15.272,1,1
D-H-L-A4-s0,BW_THRESHOLD,,,,,,
D-H-L-A4-s0,BW_SEMANTIC,8,21,1,21,1,1
D-H-L-A4-s0,OUTLINE_ONLY,8,17.404,1,17.404,1,1
D-H-L-A4-s0,OUTLINE_NAIVE,8,17.404,1,17.404,1,1
D-H-L-A4-s0,BG_REMOVAL,8,17.404,1,15.237,1,1
D-H-L-A4-s0,DECOR_REMOVAL,8,17.404,1,17.404,1,1
D-H-L-A4-s0,HALFTONE_H,8,17.404,1,16.214,1,1
D-H-L-A4-s0,HALFTONE_M,8,17.404,1,16.729,1,1
D-H-L-A4-s0,HALFTONE_L,8,17.404,1,17.069,1,1
D-H-L-A4-s0,DITHER_M,8,17.404,1,16.729,1,1
D-H-L-A4-s0,HIGH_CONTRAST,8,21,1,18.385,1,1
D-H-L-A4-s0,ECO_COLOUR,8,17.404,1,17.404,1,1
D-H-L-A4-s0,SUPER_ECO_BW,8,21,1,21,1,1
D-H-L-A4-s0,INT_BG+TINT_FILL_55,8,17.404,1,16.214,1,1
D-H-L-A4-s0,INT_REMOVE_ALL,8,17.404,1,17.404,1,1
D-H-L-A4-s0,INT_OUTLINE+BW,8,21,1,21,1,1
D-H-L-A4-s0,INT_GRAY+BG,8,17.404,1,15.272,1,1
D-H-L-A4-s0,INT_OUTLINE+HALFTONE_M,8,17.404,1,17.404,1,1
D-H-L-A4-s0,COPY_SAFE_ECO,8,21,1,21,1,1
D-H-L-A4-s0,COMBINED_REMOVE+TINT_75,8,7.6923,1,7.6923,1,1
D-H-L-A4-s0,COMBINED_ECO+STRUCT_75,8,7.6923,1,7.6923,1,1
D-H-M-A4-s0,STANDARD,10,17.404,1,15.237,1,1
D-H-M-A4-s0,OPACITY_GROUP_90,10,13.009,1,11.524,1,1
D-H-M-A4-s0,OPACITY_GROUP_75,10,7.6923,1,6.9562,1,1
D-H-M-A4-s0,OPACITY_GROUP_60,10,4.5422,1,4.1899,1,0
D-H-M-A4-s0,OPACITY_GROUP_45,10,2.8847,0,2.7139,0,0
D-H-M-A4-s0,OPACITY_ELEM_60,10,4.5422,1,4.4636,1,0
D-H-M-A4-s0,OPACITY_FILL_60,10,17.404,1,16.054,1,1
D-H-M-A4-s0,OPACITY_STROKE_60,10,4.5422,1,15.237,1,1
D-H-M-A4-s0,OPACITY_TEXT_60,10,17.404,1,4.3907,1,0
D-H-M-A4-s0,TINT_75,10,7.6923,1,6.9562,1,1
D-H-M-A4-s0,TINT_55,10,3.8957,1,3.6292,0.1,0
D-H-M-A4-s0,TINT_30,10,1.9408,0,1.8654,0,0
D-H-M-A4-s0,TINT_FILL_55,10,17.404,1,16.214,1,1
D-H-M-A4-s0,TINT_FILL_30,10,17.404,1,16.729,1,1
D-H-M-A4-s0,TINT_FILL_15,10,17.404,1,17.069,1,1
D-H-M-A4-s0,GRAYSCALE,10,17.404,1,15.272,1,1
D-H-M-A4-s0,BW_THRESHOLD,,,,,,
D-H-M-A4-s0,BW_SEMANTIC,10,21,1,21,1,1
D-H-M-A4-s0,OUTLINE_ONLY,10,17.404,1,17.404,1,1
D-H-M-A4-s0,OUTLINE_NAIVE,10,17.404,1,17.404,1,1
D-H-M-A4-s0,BG_REMOVAL,10,17.404,1,15.237,1,1
D-H-M-A4-s0,DECOR_REMOVAL,10,17.404,1,17.404,1,1
D-H-M-A4-s0,HALFTONE_H,10,17.404,1,16.214,1,1
D-H-M-A4-s0,HALFTONE_M,10,17.404,1,16.729,1,1
D-H-M-A4-s0,HALFTONE_L,10,17.404,1,17.069,1,1
D-H-M-A4-s0,DITHER_M,10,17.404,1,16.729,1,1
D-H-M-A4-s0,HIGH_CONTRAST,10,21,1,18.385,1,1
D-H-M-A4-s0,ECO_COLOUR,10,17.404,1,17.404,1,1
D-H-M-A4-s0,SUPER_ECO_BW,10,21,1,21,1,1
D-H-M-A4-s0,INT_BG+TINT_FILL_55,10,17.404,1,16.214,1,1
D-H-M-A4-s0,INT_REMOVE_ALL,10,17.404,1,17.404,1,1
D-H-M-A4-s0,INT_OUTLINE+BW,10,21,1,21,1,1
D-H-M-A4-s0,INT_GRAY+BG,10,17.404,1,15.272,1,1
D-H-M-A4-s0,INT_OUTLINE+HALFTONE_M,10,17.404,1,17.404,1,1
D-H-M-A4-s0,COPY_SAFE_ECO,10,21,1,21,1,1
D-H-M-A4-s0,COMBINED_REMOVE+TINT_75,10,7.6923,1,7.6923,1,1
D-H-M-A4-s0,COMBINED_ECO+STRUCT_75,10,7.6923,1,7.6923,1,1
D-H-M-LETTER-s0,STANDARD,9,17.404,1,15.237,1,1
D-H-M-LETTER-s0,OPACITY_GROUP_75,9,7.6923,1,6.9562,1,1
D-H-M-LETTER-s0,OPACITY_GROUP_60,9,4.5422,1,4.1899,1,0
D-H-M-LETTER-s0,TINT_55,9,3.8957,1,3.6292,0.11111,0
D-H-M-LETTER-s0,TINT_FILL_30,9,17.404,1,16.729,1,1
D-H-M-LETTER-s0,GRAYSCALE,9,17.404,1,15.272,1,1
D-H-M-LETTER-s0,BW_SEMANTIC,9,21,1,21,1,1
D-H-M-LETTER-s0,OUTLINE_ONLY,9,17.404,1,17.404,1,1
D-H-M-LETTER-s0,BG_REMOVAL,9,17.404,1,15.237,1,1
D-H-M-LETTER-s0,DECOR_REMOVAL,9,17.404,1,17.404,1,1
D-H-M-LETTER-s0,HALFTONE_M,9,17.404,1,16.729,1,1
D-H-M-LETTER-s0,HIGH_CONTRAST,9,21,1,18.385,1,1
D-H-M-LETTER-s0,ECO_COLOUR,9,17.404,1,17.404,1,1
D-H-M-LETTER-s0,SUPER_ECO_BW,9,21,1,21,1,1
D-H-S-A4-s0,STANDARD,12,17.404,1,15.237,1,1
D-H-S-A4-s0,OPACITY_GROUP_90,12,13.009,1,11.524,1,1
D-H-S-A4-s0,OPACITY_GROUP_75,12,7.6923,1,6.9562,1,1
D-H-S-A4-s0,OPACITY_GROUP_60,12,4.5422,1,4.1899,1,0
D-H-S-A4-s0,OPACITY_GROUP_45,12,2.8847,0,2.7139,0,0
D-H-S-A4-s0,OPACITY_ELEM_60,12,4.5422,1,4.4636,1,0
D-H-S-A4-s0,OPACITY_FILL_60,12,17.404,1,16.054,1,1
D-H-S-A4-s0,OPACITY_STROKE_60,12,4.5422,1,15.237,1,1
D-H-S-A4-s0,OPACITY_TEXT_60,12,17.404,1,4.3907,1,0
D-H-S-A4-s0,TINT_75,12,7.6923,1,6.9562,1,1
D-H-S-A4-s0,TINT_55,12,3.8957,1,3.6292,0.083333,0
D-H-S-A4-s0,TINT_30,12,1.9408,0,1.8654,0,0
D-H-S-A4-s0,TINT_FILL_55,12,17.404,1,16.214,1,1
D-H-S-A4-s0,TINT_FILL_30,12,17.404,1,16.729,1,1
D-H-S-A4-s0,TINT_FILL_15,12,17.404,1,17.069,1,1
D-H-S-A4-s0,GRAYSCALE,12,17.404,1,15.272,1,1
D-H-S-A4-s0,BW_THRESHOLD,,,,,,
D-H-S-A4-s0,BW_SEMANTIC,12,21,1,21,1,1
D-H-S-A4-s0,OUTLINE_ONLY,12,17.404,1,17.404,1,1
D-H-S-A4-s0,OUTLINE_NAIVE,12,17.404,1,17.404,1,1
D-H-S-A4-s0,BG_REMOVAL,12,17.404,1,15.237,1,1
D-H-S-A4-s0,DECOR_REMOVAL,12,17.404,1,17.404,1,1
D-H-S-A4-s0,HALFTONE_H,12,17.404,1,16.214,1,1
D-H-S-A4-s0,HALFTONE_M,12,17.404,1,16.729,1,1
D-H-S-A4-s0,HALFTONE_L,12,17.404,1,17.069,1,1
D-H-S-A4-s0,DITHER_M,12,17.404,1,16.729,1,1
D-H-S-A4-s0,HIGH_CONTRAST,12,21,1,18.385,1,1
D-H-S-A4-s0,ECO_COLOUR,12,17.404,1,17.404,1,1
D-H-S-A4-s0,SUPER_ECO_BW,12,21,1,21,1,1
D-H-S-A4-s0,INT_BG+TINT_FILL_55,12,17.404,1,16.214,1,1
D-H-S-A4-s0,INT_REMOVE_ALL,12,17.404,1,17.404,1,1
D-H-S-A4-s0,INT_OUTLINE+BW,12,21,1,21,1,1
D-H-S-A4-s0,INT_GRAY+BG,12,17.404,1,15.272,1,1
D-H-S-A4-s0,INT_OUTLINE+HALFTONE_M,12,17.404,1,17.404,1,1
D-H-S-A4-s0,COPY_SAFE_ECO,12,21,1,21,1,1
D-H-S-A4-s0,COMBINED_REMOVE+TINT_75,12,7.6923,1,7.6923,1,1
D-H-S-A4-s0,COMBINED_ECO+STRUCT_75,12,7.6923,1,7.6923,1,1
D-L-L-A4-s0,STANDARD,5,17.404,1,15.237,1,1
D-L-L-A4-s0,OPACITY_GROUP_90,5,13.009,1,11.524,1,1
D-L-L-A4-s0,OPACITY_GROUP_75,5,7.6923,1,6.9562,1,1
D-L-L-A4-s0,OPACITY_GROUP_60,5,4.5422,1,4.1899,1,0.2
D-L-L-A4-s0,OPACITY_GROUP_45,5,2.8847,0,2.7139,0,0
D-L-L-A4-s0,OPACITY_ELEM_60,5,4.5422,1,4.4636,1,0.2
D-L-L-A4-s0,OPACITY_FILL_60,5,17.404,1,16.054,1,1
D-L-L-A4-s0,OPACITY_STROKE_60,5,4.5422,1,15.237,1,1
D-L-L-A4-s0,OPACITY_TEXT_60,5,17.404,1,4.3907,1,0.2
D-L-L-A4-s0,TINT_75,5,7.6923,1,6.9562,1,1
D-L-L-A4-s0,TINT_55,5,3.8957,1,3.6292,0.4,0
D-L-L-A4-s0,TINT_30,5,1.9408,0,1.8654,0,0
D-L-L-A4-s0,TINT_FILL_55,5,17.404,1,16.214,1,1
D-L-L-A4-s0,TINT_FILL_30,5,17.404,1,16.729,1,1
D-L-L-A4-s0,TINT_FILL_15,5,17.404,1,17.069,1,1
D-L-L-A4-s0,GRAYSCALE,5,17.404,1,15.272,1,1
D-L-L-A4-s0,BW_THRESHOLD,,,,,,
D-L-L-A4-s0,BW_SEMANTIC,5,21,1,21,1,1
D-L-L-A4-s0,OUTLINE_ONLY,5,17.404,1,17.404,1,1
D-L-L-A4-s0,OUTLINE_NAIVE,5,17.404,1,17.404,1,1
D-L-L-A4-s0,BG_REMOVAL,5,17.404,1,15.237,1,1
D-L-L-A4-s0,DECOR_REMOVAL,5,17.404,1,17.404,1,1
D-L-L-A4-s0,HALFTONE_H,5,17.404,1,16.214,1,1
D-L-L-A4-s0,HALFTONE_M,5,17.404,1,16.729,1,1
D-L-L-A4-s0,HALFTONE_L,5,17.404,1,17.069,1,1
D-L-L-A4-s0,DITHER_M,5,17.404,1,16.729,1,1
D-L-L-A4-s0,HIGH_CONTRAST,5,21,1,18.385,1,1
D-L-L-A4-s0,ECO_COLOUR,5,17.404,1,17.404,1,1
D-L-L-A4-s0,SUPER_ECO_BW,5,21,1,21,1,1
D-L-L-A4-s0,INT_BG+TINT_FILL_55,5,17.404,1,16.214,1,1
D-L-L-A4-s0,INT_REMOVE_ALL,5,17.404,1,17.404,1,1
D-L-L-A4-s0,INT_OUTLINE+BW,5,21,1,21,1,1
D-L-L-A4-s0,INT_GRAY+BG,5,17.404,1,15.272,1,1
D-L-L-A4-s0,INT_OUTLINE+HALFTONE_M,5,17.404,1,17.404,1,1
D-L-L-A4-s0,COPY_SAFE_ECO,5,21,1,21,1,1
D-L-L-A4-s0,COMBINED_REMOVE+TINT_75,5,7.6923,1,7.6923,1,1
D-L-L-A4-s0,COMBINED_ECO+STRUCT_75,5,7.6923,1,7.6923,1,1
D-L-M-A4-s0,STANDARD,6,17.404,1,15.237,1,1
D-L-M-A4-s0,OPACITY_GROUP_90,6,13.009,1,11.524,1,1
D-L-M-A4-s0,OPACITY_GROUP_75,6,7.6923,1,6.9562,1,1
D-L-M-A4-s0,OPACITY_GROUP_60,6,4.5422,1,4.1899,1,0
D-L-M-A4-s0,OPACITY_GROUP_45,6,2.8847,0,2.7139,0,0
D-L-M-A4-s0,OPACITY_ELEM_60,6,4.5422,1,4.4636,1,0
D-L-M-A4-s0,OPACITY_FILL_60,6,17.404,1,16.054,1,1
D-L-M-A4-s0,OPACITY_STROKE_60,6,4.5422,1,15.237,1,1
D-L-M-A4-s0,OPACITY_TEXT_60,6,17.404,1,4.3907,1,0
D-L-M-A4-s0,TINT_75,6,7.6923,1,6.9562,1,1
D-L-M-A4-s0,TINT_55,6,3.8957,1,3.6292,0.16667,0
D-L-M-A4-s0,TINT_30,6,1.9408,0,1.8654,0,0
D-L-M-A4-s0,TINT_FILL_55,6,17.404,1,16.214,1,1
D-L-M-A4-s0,TINT_FILL_30,6,17.404,1,16.729,1,1
D-L-M-A4-s0,TINT_FILL_15,6,17.404,1,17.069,1,1
D-L-M-A4-s0,GRAYSCALE,6,17.404,1,15.272,1,1
D-L-M-A4-s0,BW_THRESHOLD,,,,,,
D-L-M-A4-s0,BW_SEMANTIC,6,21,1,21,1,1
D-L-M-A4-s0,OUTLINE_ONLY,6,17.404,1,17.404,1,1
D-L-M-A4-s0,OUTLINE_NAIVE,6,17.404,1,17.404,1,1
D-L-M-A4-s0,BG_REMOVAL,6,17.404,1,15.237,1,1
D-L-M-A4-s0,DECOR_REMOVAL,6,17.404,1,17.404,1,1
D-L-M-A4-s0,HALFTONE_H,6,17.404,1,16.214,1,1
D-L-M-A4-s0,HALFTONE_M,6,17.404,1,16.729,1,1
D-L-M-A4-s0,HALFTONE_L,6,17.404,1,17.069,1,1
D-L-M-A4-s0,DITHER_M,6,17.404,1,16.729,1,1
D-L-M-A4-s0,HIGH_CONTRAST,6,21,1,18.385,1,1
D-L-M-A4-s0,ECO_COLOUR,6,17.404,1,17.404,1,1
D-L-M-A4-s0,SUPER_ECO_BW,6,21,1,21,1,1
D-L-M-A4-s0,INT_BG+TINT_FILL_55,6,17.404,1,16.214,1,1
D-L-M-A4-s0,INT_REMOVE_ALL,6,17.404,1,17.404,1,1
D-L-M-A4-s0,INT_OUTLINE+BW,6,21,1,21,1,1
D-L-M-A4-s0,INT_GRAY+BG,6,17.404,1,15.272,1,1
D-L-M-A4-s0,INT_OUTLINE+HALFTONE_M,6,17.404,1,17.404,1,1
D-L-M-A4-s0,COPY_SAFE_ECO,6,21,1,21,1,1
D-L-M-A4-s0,COMBINED_REMOVE+TINT_75,6,7.6923,1,7.6923,1,1
D-L-M-A4-s0,COMBINED_ECO+STRUCT_75,6,7.6923,1,7.6923,1,1
D-L-M-LETTER-s0,STANDARD,5,17.404,1,15.237,1,1
D-L-M-LETTER-s0,OPACITY_GROUP_75,5,7.6923,1,6.9562,1,1
D-L-M-LETTER-s0,OPACITY_GROUP_60,5,4.5422,1,4.1899,1,0
D-L-M-LETTER-s0,TINT_55,5,3.8957,1,3.6292,0.2,0
D-L-M-LETTER-s0,TINT_FILL_30,5,17.404,1,16.729,1,1
D-L-M-LETTER-s0,GRAYSCALE,5,17.404,1,15.272,1,1
D-L-M-LETTER-s0,BW_SEMANTIC,5,21,1,21,1,1
D-L-M-LETTER-s0,OUTLINE_ONLY,5,17.404,1,17.404,1,1
D-L-M-LETTER-s0,BG_REMOVAL,5,17.404,1,15.237,1,1
D-L-M-LETTER-s0,DECOR_REMOVAL,5,17.404,1,17.404,1,1
D-L-M-LETTER-s0,HALFTONE_M,5,17.404,1,16.729,1,1
D-L-M-LETTER-s0,HIGH_CONTRAST,5,21,1,18.385,1,1
D-L-M-LETTER-s0,ECO_COLOUR,5,17.404,1,17.404,1,1
D-L-M-LETTER-s0,SUPER_ECO_BW,5,21,1,21,1,1
D-L-S-A4-s0,STANDARD,6,17.404,1,15.237,1,1
D-L-S-A4-s0,OPACITY_GROUP_90,6,13.009,1,11.524,1,1
D-L-S-A4-s0,OPACITY_GROUP_75,6,7.6923,1,6.9562,1,1
D-L-S-A4-s0,OPACITY_GROUP_60,6,4.5422,1,4.1899,1,0
D-L-S-A4-s0,OPACITY_GROUP_45,6,2.8847,0,2.7139,0,0
D-L-S-A4-s0,OPACITY_ELEM_60,6,4.5422,1,4.4636,1,0
D-L-S-A4-s0,OPACITY_FILL_60,6,17.404,1,16.054,1,1
D-L-S-A4-s0,OPACITY_STROKE_60,6,4.5422,1,15.237,1,1
D-L-S-A4-s0,OPACITY_TEXT_60,6,17.404,1,4.3907,1,0
D-L-S-A4-s0,TINT_75,6,7.6923,1,6.9562,1,1
D-L-S-A4-s0,TINT_55,6,3.8957,1,3.6292,0.16667,0
D-L-S-A4-s0,TINT_30,6,1.9408,0,1.8654,0,0
D-L-S-A4-s0,TINT_FILL_55,6,17.404,1,16.214,1,1
D-L-S-A4-s0,TINT_FILL_30,6,17.404,1,16.729,1,1
D-L-S-A4-s0,TINT_FILL_15,6,17.404,1,17.069,1,1
D-L-S-A4-s0,GRAYSCALE,6,17.404,1,15.272,1,1
D-L-S-A4-s0,BW_THRESHOLD,,,,,,
D-L-S-A4-s0,BW_SEMANTIC,6,21,1,21,1,1
D-L-S-A4-s0,OUTLINE_ONLY,6,17.404,1,17.404,1,1
D-L-S-A4-s0,OUTLINE_NAIVE,6,17.404,1,17.404,1,1
D-L-S-A4-s0,BG_REMOVAL,6,17.404,1,15.237,1,1
D-L-S-A4-s0,DECOR_REMOVAL,6,17.404,1,17.404,1,1
D-L-S-A4-s0,HALFTONE_H,6,17.404,1,16.214,1,1
D-L-S-A4-s0,HALFTONE_M,6,17.404,1,16.729,1,1
D-L-S-A4-s0,HALFTONE_L,6,17.404,1,17.069,1,1
D-L-S-A4-s0,DITHER_M,6,17.404,1,16.729,1,1
D-L-S-A4-s0,HIGH_CONTRAST,6,21,1,18.385,1,1
D-L-S-A4-s0,ECO_COLOUR,6,17.404,1,17.404,1,1
D-L-S-A4-s0,SUPER_ECO_BW,6,21,1,21,1,1
D-L-S-A4-s0,INT_BG+TINT_FILL_55,6,17.404,1,16.214,1,1
D-L-S-A4-s0,INT_REMOVE_ALL,6,17.404,1,17.404,1,1
D-L-S-A4-s0,INT_OUTLINE+BW,6,21,1,21,1,1
D-L-S-A4-s0,INT_GRAY+BG,6,17.404,1,15.272,1,1
D-L-S-A4-s0,INT_OUTLINE+HALFTONE_M,6,17.404,1,17.404,1,1
D-L-S-A4-s0,COPY_SAFE_ECO,6,21,1,21,1,1
D-L-S-A4-s0,COMBINED_REMOVE+TINT_75,6,7.6923,1,7.6923,1,1
D-L-S-A4-s0,COMBINED_ECO+STRUCT_75,6,7.6923,1,7.6923,1,1
D-M-L-A4-s0,STANDARD,6,17.404,1,15.237,1,1
D-M-L-A4-s0,OPACITY_GROUP_90,6,13.009,1,11.524,1,1
D-M-L-A4-s0,OPACITY_GROUP_75,6,7.6923,1,6.9562,1,1
D-M-L-A4-s0,OPACITY_GROUP_60,6,4.5422,1,4.1899,1,0.16667
D-M-L-A4-s0,OPACITY_GROUP_45,6,2.8847,0,2.7139,0,0
D-M-L-A4-s0,OPACITY_ELEM_60,6,4.5422,1,4.4636,1,0.16667
D-M-L-A4-s0,OPACITY_FILL_60,6,17.404,1,16.054,1,1
D-M-L-A4-s0,OPACITY_STROKE_60,6,4.5422,1,15.237,1,1
D-M-L-A4-s0,OPACITY_TEXT_60,6,17.404,1,4.3907,1,0.16667
D-M-L-A4-s0,TINT_75,6,7.6923,1,6.9562,1,1
D-M-L-A4-s0,TINT_55,6,3.8957,1,3.6292,0.33333,0
D-M-L-A4-s0,TINT_30,6,1.9408,0,1.8654,0,0
D-M-L-A4-s0,TINT_FILL_55,6,17.404,1,16.214,1,1
D-M-L-A4-s0,TINT_FILL_30,6,17.404,1,16.729,1,1
D-M-L-A4-s0,TINT_FILL_15,6,17.404,1,17.069,1,1
D-M-L-A4-s0,GRAYSCALE,6,17.404,1,15.272,1,1
D-M-L-A4-s0,BW_THRESHOLD,,,,,,
D-M-L-A4-s0,BW_SEMANTIC,6,21,1,21,1,1
D-M-L-A4-s0,OUTLINE_ONLY,6,17.404,1,17.404,1,1
D-M-L-A4-s0,OUTLINE_NAIVE,6,17.404,1,17.404,1,1
D-M-L-A4-s0,BG_REMOVAL,6,17.404,1,15.237,1,1
D-M-L-A4-s0,DECOR_REMOVAL,6,17.404,1,17.404,1,1
D-M-L-A4-s0,HALFTONE_H,6,17.404,1,16.214,1,1
D-M-L-A4-s0,HALFTONE_M,6,17.404,1,16.729,1,1
D-M-L-A4-s0,HALFTONE_L,6,17.404,1,17.069,1,1
D-M-L-A4-s0,DITHER_M,6,17.404,1,16.729,1,1
D-M-L-A4-s0,HIGH_CONTRAST,6,21,1,18.385,1,1
D-M-L-A4-s0,ECO_COLOUR,6,17.404,1,17.404,1,1
D-M-L-A4-s0,SUPER_ECO_BW,6,21,1,21,1,1
D-M-L-A4-s0,INT_BG+TINT_FILL_55,6,17.404,1,16.214,1,1
D-M-L-A4-s0,INT_REMOVE_ALL,6,17.404,1,17.404,1,1
D-M-L-A4-s0,INT_OUTLINE+BW,6,21,1,21,1,1
D-M-L-A4-s0,INT_GRAY+BG,6,17.404,1,15.272,1,1
D-M-L-A4-s0,INT_OUTLINE+HALFTONE_M,6,17.404,1,17.404,1,1
D-M-L-A4-s0,COPY_SAFE_ECO,6,21,1,21,1,1
D-M-L-A4-s0,COMBINED_REMOVE+TINT_75,6,7.6923,1,7.6923,1,1
D-M-L-A4-s0,COMBINED_ECO+STRUCT_75,6,7.6923,1,7.6923,1,1
D-M-M-A4-s0,STANDARD,8,17.404,1,15.237,1,1
D-M-M-A4-s0,OPACITY_GROUP_90,8,13.009,1,11.524,1,1
D-M-M-A4-s0,OPACITY_GROUP_75,8,7.6923,1,6.9562,1,1
D-M-M-A4-s0,OPACITY_GROUP_60,8,4.5422,1,4.1899,1,0
D-M-M-A4-s0,OPACITY_GROUP_45,8,2.8847,0,2.7139,0,0
D-M-M-A4-s0,OPACITY_ELEM_60,8,4.5422,1,4.4636,1,0
D-M-M-A4-s0,OPACITY_FILL_60,8,17.404,1,16.054,1,1
D-M-M-A4-s0,OPACITY_STROKE_60,8,4.5422,1,15.237,1,1
D-M-M-A4-s0,OPACITY_TEXT_60,8,17.404,1,4.3907,1,0
D-M-M-A4-s0,TINT_75,8,7.6923,1,6.9562,1,1
D-M-M-A4-s0,TINT_55,8,3.8957,1,3.6292,0.125,0
D-M-M-A4-s0,TINT_30,8,1.9408,0,1.8654,0,0
D-M-M-A4-s0,TINT_FILL_55,8,17.404,1,16.214,1,1
D-M-M-A4-s0,TINT_FILL_30,8,17.404,1,16.729,1,1
D-M-M-A4-s0,TINT_FILL_15,8,17.404,1,17.069,1,1
D-M-M-A4-s0,GRAYSCALE,8,17.404,1,15.272,1,1
D-M-M-A4-s0,BW_THRESHOLD,,,,,,
D-M-M-A4-s0,BW_SEMANTIC,8,21,1,21,1,1
D-M-M-A4-s0,OUTLINE_ONLY,8,17.404,1,17.404,1,1
D-M-M-A4-s0,OUTLINE_NAIVE,8,17.404,1,17.404,1,1
D-M-M-A4-s0,BG_REMOVAL,8,17.404,1,15.237,1,1
D-M-M-A4-s0,DECOR_REMOVAL,8,17.404,1,17.404,1,1
D-M-M-A4-s0,HALFTONE_H,8,17.404,1,16.214,1,1
D-M-M-A4-s0,HALFTONE_M,8,17.404,1,16.729,1,1
D-M-M-A4-s0,HALFTONE_L,8,17.404,1,17.069,1,1
D-M-M-A4-s0,DITHER_M,8,17.404,1,16.729,1,1
D-M-M-A4-s0,HIGH_CONTRAST,8,21,1,18.385,1,1
D-M-M-A4-s0,ECO_COLOUR,8,17.404,1,17.404,1,1
D-M-M-A4-s0,SUPER_ECO_BW,8,21,1,21,1,1
D-M-M-A4-s0,INT_BG+TINT_FILL_55,8,17.404,1,16.214,1,1
D-M-M-A4-s0,INT_REMOVE_ALL,8,17.404,1,17.404,1,1
D-M-M-A4-s0,INT_OUTLINE+BW,8,21,1,21,1,1
D-M-M-A4-s0,INT_GRAY+BG,8,17.404,1,15.272,1,1
D-M-M-A4-s0,INT_OUTLINE+HALFTONE_M,8,17.404,1,17.404,1,1
D-M-M-A4-s0,COPY_SAFE_ECO,8,21,1,21,1,1
D-M-M-A4-s0,COMBINED_REMOVE+TINT_75,8,7.6923,1,7.6923,1,1
D-M-M-A4-s0,COMBINED_ECO+STRUCT_75,8,7.6923,1,7.6923,1,1
D-M-M-A4-s1,STANDARD,8,17.404,1,15.237,1,1
D-M-M-A4-s1,OPACITY_GROUP_75,8,7.6923,1,6.9562,1,1
D-M-M-A4-s1,OPACITY_GROUP_60,8,4.5422,1,4.1899,1,0
D-M-M-A4-s1,TINT_55,8,3.8957,1,3.6292,0.125,0
D-M-M-A4-s1,TINT_FILL_30,8,17.404,1,16.729,1,1
D-M-M-A4-s1,GRAYSCALE,8,17.404,1,15.272,1,1
D-M-M-A4-s1,BW_SEMANTIC,8,21,1,21,1,1
D-M-M-A4-s1,OUTLINE_ONLY,8,17.404,1,17.404,1,1
D-M-M-A4-s1,BG_REMOVAL,8,17.404,1,15.237,1,1
D-M-M-A4-s1,DECOR_REMOVAL,8,17.404,1,17.404,1,1
D-M-M-A4-s1,HALFTONE_M,8,17.404,1,16.729,1,1
D-M-M-A4-s1,HIGH_CONTRAST,8,21,1,18.385,1,1
D-M-M-A4-s1,ECO_COLOUR,8,17.404,1,17.404,1,1
D-M-M-A4-s1,SUPER_ECO_BW,8,21,1,21,1,1
D-M-M-A4-s2,STANDARD,8,17.404,1,15.237,1,1
D-M-M-A4-s2,OPACITY_GROUP_75,8,7.6923,1,6.9562,1,1
D-M-M-A4-s2,OPACITY_GROUP_60,8,4.5422,1,4.1899,1,0
D-M-M-A4-s2,TINT_55,8,3.8957,1,3.6292,0.125,0
D-M-M-A4-s2,TINT_FILL_30,8,17.404,1,16.729,1,1
D-M-M-A4-s2,GRAYSCALE,8,17.404,1,15.272,1,1
D-M-M-A4-s2,BW_SEMANTIC,8,21,1,21,1,1
D-M-M-A4-s2,OUTLINE_ONLY,8,17.404,1,17.404,1,1
D-M-M-A4-s2,BG_REMOVAL,8,17.404,1,15.237,1,1
D-M-M-A4-s2,DECOR_REMOVAL,8,17.404,1,17.404,1,1
D-M-M-A4-s2,HALFTONE_M,8,17.404,1,16.729,1,1
D-M-M-A4-s2,HIGH_CONTRAST,8,21,1,18.385,1,1
D-M-M-A4-s2,ECO_COLOUR,8,17.404,1,17.404,1,1
D-M-M-A4-s2,SUPER_ECO_BW,8,21,1,21,1,1
D-M-M-A4-s3,STANDARD,8,17.404,1,15.237,1,1
D-M-M-A4-s3,OPACITY_GROUP_75,8,7.6923,1,6.9562,1,1
D-M-M-A4-s3,OPACITY_GROUP_60,8,4.5422,1,4.1899,1,0
D-M-M-A4-s3,TINT_55,8,3.8957,1,3.6292,0.125,0
D-M-M-A4-s3,TINT_FILL_30,8,17.404,1,16.729,1,1
D-M-M-A4-s3,GRAYSCALE,8,17.404,1,15.272,1,1
D-M-M-A4-s3,BW_SEMANTIC,8,21,1,21,1,1
D-M-M-A4-s3,OUTLINE_ONLY,8,17.404,1,17.404,1,1
D-M-M-A4-s3,BG_REMOVAL,8,17.404,1,15.237,1,1
D-M-M-A4-s3,DECOR_REMOVAL,8,17.404,1,17.404,1,1
D-M-M-A4-s3,HALFTONE_M,8,17.404,1,16.729,1,1
D-M-M-A4-s3,HIGH_CONTRAST,8,21,1,18.385,1,1
D-M-M-A4-s3,ECO_COLOUR,8,17.404,1,17.404,1,1
D-M-M-A4-s3,SUPER_ECO_BW,8,21,1,21,1,1
D-M-M-A4-s4,STANDARD,8,17.404,1,15.237,1,1
D-M-M-A4-s4,OPACITY_GROUP_75,8,7.6923,1,6.9562,1,1
D-M-M-A4-s4,OPACITY_GROUP_60,8,4.5422,1,4.1899,1,0
D-M-M-A4-s4,TINT_55,8,3.8957,1,3.6292,0.125,0
D-M-M-A4-s4,TINT_FILL_30,8,17.404,1,16.729,1,1
D-M-M-A4-s4,GRAYSCALE,8,17.404,1,15.272,1,1
D-M-M-A4-s4,BW_SEMANTIC,8,21,1,21,1,1
D-M-M-A4-s4,OUTLINE_ONLY,8,17.404,1,17.404,1,1
D-M-M-A4-s4,BG_REMOVAL,8,17.404,1,15.237,1,1
D-M-M-A4-s4,DECOR_REMOVAL,8,17.404,1,17.404,1,1
D-M-M-A4-s4,HALFTONE_M,8,17.404,1,16.729,1,1
D-M-M-A4-s4,HIGH_CONTRAST,8,21,1,18.385,1,1
D-M-M-A4-s4,ECO_COLOUR,8,17.404,1,17.404,1,1
D-M-M-A4-s4,SUPER_ECO_BW,8,21,1,21,1,1
D-M-M-LETTER-s0,STANDARD,7,17.404,1,15.237,1,1
D-M-M-LETTER-s0,OPACITY_GROUP_75,7,7.6923,1,6.9562,1,1
D-M-M-LETTER-s0,OPACITY_GROUP_60,7,4.5422,1,4.1899,1,0
D-M-M-LETTER-s0,TINT_55,7,3.8957,1,3.6292,0.14286,0
D-M-M-LETTER-s0,TINT_FILL_30,7,17.404,1,16.729,1,1
D-M-M-LETTER-s0,GRAYSCALE,7,17.404,1,15.272,1,1
D-M-M-LETTER-s0,BW_SEMANTIC,7,21,1,21,1,1
D-M-M-LETTER-s0,OUTLINE_ONLY,7,17.404,1,17.404,1,1
D-M-M-LETTER-s0,BG_REMOVAL,7,17.404,1,15.237,1,1
D-M-M-LETTER-s0,DECOR_REMOVAL,7,17.404,1,17.404,1,1
D-M-M-LETTER-s0,HALFTONE_M,7,17.404,1,16.729,1,1
D-M-M-LETTER-s0,HIGH_CONTRAST,7,21,1,18.385,1,1
D-M-M-LETTER-s0,ECO_COLOUR,7,17.404,1,17.404,1,1
D-M-M-LETTER-s0,SUPER_ECO_BW,7,21,1,21,1,1
D-M-S-A4-s0,STANDARD,9,17.404,1,15.237,1,1
D-M-S-A4-s0,OPACITY_GROUP_90,9,13.009,1,11.524,1,1
D-M-S-A4-s0,OPACITY_GROUP_75,9,7.6923,1,6.9562,1,1
D-M-S-A4-s0,OPACITY_GROUP_60,9,4.5422,1,4.1899,1,0
D-M-S-A4-s0,OPACITY_GROUP_45,9,2.8847,0,2.7139,0,0
D-M-S-A4-s0,OPACITY_ELEM_60,9,4.5422,1,4.4636,1,0
D-M-S-A4-s0,OPACITY_FILL_60,9,17.404,1,16.054,1,1
D-M-S-A4-s0,OPACITY_STROKE_60,9,4.5422,1,15.237,1,1
D-M-S-A4-s0,OPACITY_TEXT_60,9,17.404,1,4.3907,1,0
D-M-S-A4-s0,TINT_75,9,7.6923,1,6.9562,1,1
D-M-S-A4-s0,TINT_55,9,3.8957,1,3.6292,0.11111,0
D-M-S-A4-s0,TINT_30,9,1.9408,0,1.8654,0,0
D-M-S-A4-s0,TINT_FILL_55,9,17.404,1,16.214,1,1
D-M-S-A4-s0,TINT_FILL_30,9,17.404,1,16.729,1,1
D-M-S-A4-s0,TINT_FILL_15,9,17.404,1,17.069,1,1
D-M-S-A4-s0,GRAYSCALE,9,17.404,1,15.272,1,1
D-M-S-A4-s0,BW_THRESHOLD,,,,,,
D-M-S-A4-s0,BW_SEMANTIC,9,21,1,21,1,1
D-M-S-A4-s0,OUTLINE_ONLY,9,17.404,1,17.404,1,1
D-M-S-A4-s0,OUTLINE_NAIVE,9,17.404,1,17.404,1,1
D-M-S-A4-s0,BG_REMOVAL,9,17.404,1,15.237,1,1
D-M-S-A4-s0,DECOR_REMOVAL,9,17.404,1,17.404,1,1
D-M-S-A4-s0,HALFTONE_H,9,17.404,1,16.214,1,1
D-M-S-A4-s0,HALFTONE_M,9,17.404,1,16.729,1,1
D-M-S-A4-s0,HALFTONE_L,9,17.404,1,17.069,1,1
D-M-S-A4-s0,DITHER_M,9,17.404,1,16.729,1,1
D-M-S-A4-s0,HIGH_CONTRAST,9,21,1,18.385,1,1
D-M-S-A4-s0,ECO_COLOUR,9,17.404,1,17.404,1,1
D-M-S-A4-s0,SUPER_ECO_BW,9,21,1,21,1,1
D-M-S-A4-s0,INT_BG+TINT_FILL_55,9,17.404,1,16.214,1,1
D-M-S-A4-s0,INT_REMOVE_ALL,9,17.404,1,17.404,1,1
D-M-S-A4-s0,INT_OUTLINE+BW,9,21,1,21,1,1
D-M-S-A4-s0,INT_GRAY+BG,9,17.404,1,15.272,1,1
D-M-S-A4-s0,INT_OUTLINE+HALFTONE_M,9,17.404,1,17.404,1,1
D-M-S-A4-s0,COPY_SAFE_ECO,9,21,1,21,1,1
D-M-S-A4-s0,COMBINED_REMOVE+TINT_75,9,7.6923,1,7.6923,1,1
D-M-S-A4-s0,COMBINED_ECO+STRUCT_75,9,7.6923,1,7.6923,1,1
E-H-L-A4-s0,STANDARD,6,,,17.404,1,1
E-H-L-A4-s0,OPACITY_GROUP_90,6,,,13.009,1,1
E-H-L-A4-s0,OPACITY_GROUP_75,6,,,7.6923,1,1
E-H-L-A4-s0,OPACITY_GROUP_60,6,,,4.5422,1,1
E-H-L-A4-s0,OPACITY_GROUP_45,6,,,2.8847,0,0
E-H-L-A4-s0,OPACITY_ELEM_60,6,,,4.5422,1,1
E-H-L-A4-s0,OPACITY_FILL_60,6,,,17.404,1,1
E-H-L-A4-s0,OPACITY_STROKE_60,6,,,17.404,1,1
E-H-L-A4-s0,OPACITY_TEXT_60,6,,,4.5422,1,1
E-H-L-A4-s0,TINT_75,6,,,7.6923,1,1
E-H-L-A4-s0,TINT_55,6,,,3.8957,1,0
E-H-L-A4-s0,TINT_30,6,,,1.9408,0,0
E-H-L-A4-s0,TINT_FILL_55,6,,,17.404,1,1
E-H-L-A4-s0,TINT_FILL_30,6,,,17.404,1,1
E-H-L-A4-s0,TINT_FILL_15,6,,,17.404,1,1
E-H-L-A4-s0,GRAYSCALE,6,,,17.404,1,1
E-H-L-A4-s0,BW_THRESHOLD,,,,,,
E-H-L-A4-s0,BW_SEMANTIC,6,,,21,1,1
E-H-L-A4-s0,OUTLINE_ONLY,6,,,17.404,1,1
E-H-L-A4-s0,OUTLINE_NAIVE,6,,,17.404,1,1
E-H-L-A4-s0,BG_REMOVAL,6,,,17.404,1,1
E-H-L-A4-s0,DECOR_REMOVAL,6,,,17.404,1,1
E-H-L-A4-s0,HALFTONE_H,6,,,17.404,1,1
E-H-L-A4-s0,HALFTONE_M,6,,,17.404,1,1
E-H-L-A4-s0,HALFTONE_L,6,,,17.404,1,1
E-H-L-A4-s0,DITHER_M,6,,,17.404,1,1
E-H-L-A4-s0,HIGH_CONTRAST,6,,,21,1,1
E-H-L-A4-s0,ECO_COLOUR,6,,,17.404,1,1
E-H-L-A4-s0,SUPER_ECO_BW,6,,,21,1,1
E-H-L-A4-s0,INT_BG+TINT_FILL_55,6,,,17.404,1,1
E-H-L-A4-s0,INT_REMOVE_ALL,6,,,17.404,1,1
E-H-L-A4-s0,INT_OUTLINE+BW,6,,,21,1,1
E-H-L-A4-s0,INT_GRAY+BG,6,,,17.404,1,1
E-H-L-A4-s0,INT_OUTLINE+HALFTONE_M,6,,,17.404,1,1
E-H-L-A4-s0,COPY_SAFE_ECO,6,,,21,1,1
E-H-L-A4-s0,COMBINED_REMOVE+TINT_75,6,,,7.6923,1,1
E-H-L-A4-s0,COMBINED_ECO+STRUCT_75,6,,,7.6923,1,1
E-H-M-A4-s0,STANDARD,11,,,17.404,1,1
E-H-M-A4-s0,OPACITY_GROUP_90,11,,,13.009,1,1
E-H-M-A4-s0,OPACITY_GROUP_75,11,,,7.6923,1,1
E-H-M-A4-s0,OPACITY_GROUP_60,11,,,4.5422,1,0
E-H-M-A4-s0,OPACITY_GROUP_45,11,,,2.8847,0,0
E-H-M-A4-s0,OPACITY_ELEM_60,11,,,4.5422,1,0
E-H-M-A4-s0,OPACITY_FILL_60,11,,,17.404,1,1
E-H-M-A4-s0,OPACITY_STROKE_60,11,,,17.404,1,1
E-H-M-A4-s0,OPACITY_TEXT_60,11,,,4.5422,1,0
E-H-M-A4-s0,TINT_75,11,,,7.6923,1,1
E-H-M-A4-s0,TINT_55,11,,,3.8957,0,0
E-H-M-A4-s0,TINT_30,11,,,1.9408,0,0
E-H-M-A4-s0,TINT_FILL_55,11,,,17.404,1,1
E-H-M-A4-s0,TINT_FILL_30,11,,,17.404,1,1
E-H-M-A4-s0,TINT_FILL_15,11,,,17.404,1,1
E-H-M-A4-s0,GRAYSCALE,11,,,17.404,1,1
E-H-M-A4-s0,BW_THRESHOLD,,,,,,
E-H-M-A4-s0,BW_SEMANTIC,11,,,21,1,1
E-H-M-A4-s0,OUTLINE_ONLY,11,,,17.404,1,1
E-H-M-A4-s0,OUTLINE_NAIVE,11,,,17.404,1,1
E-H-M-A4-s0,BG_REMOVAL,11,,,17.404,1,1
E-H-M-A4-s0,DECOR_REMOVAL,11,,,17.404,1,1
E-H-M-A4-s0,HALFTONE_H,11,,,17.404,1,1
E-H-M-A4-s0,HALFTONE_M,11,,,17.404,1,1
E-H-M-A4-s0,HALFTONE_L,11,,,17.404,1,1
E-H-M-A4-s0,DITHER_M,11,,,17.404,1,1
E-H-M-A4-s0,HIGH_CONTRAST,11,,,21,1,1
E-H-M-A4-s0,ECO_COLOUR,11,,,17.404,1,1
E-H-M-A4-s0,SUPER_ECO_BW,11,,,21,1,1
E-H-M-A4-s0,INT_BG+TINT_FILL_55,11,,,17.404,1,1
E-H-M-A4-s0,INT_REMOVE_ALL,11,,,17.404,1,1
E-H-M-A4-s0,INT_OUTLINE+BW,11,,,21,1,1
E-H-M-A4-s0,INT_GRAY+BG,11,,,17.404,1,1
E-H-M-A4-s0,INT_OUTLINE+HALFTONE_M,11,,,17.404,1,1
E-H-M-A4-s0,COPY_SAFE_ECO,11,,,21,1,1
E-H-M-A4-s0,COMBINED_REMOVE+TINT_75,11,,,7.6923,1,1
E-H-M-A4-s0,COMBINED_ECO+STRUCT_75,11,,,7.6923,1,1
E-H-M-LETTER-s0,STANDARD,15,,,17.404,1,1
E-H-M-LETTER-s0,OPACITY_GROUP_75,15,,,7.6923,1,1
E-H-M-LETTER-s0,OPACITY_GROUP_60,15,,,4.5422,1,0
E-H-M-LETTER-s0,TINT_55,15,,,3.8957,0,0
E-H-M-LETTER-s0,TINT_FILL_30,15,,,17.404,1,1
E-H-M-LETTER-s0,GRAYSCALE,15,,,17.404,1,1
E-H-M-LETTER-s0,BW_SEMANTIC,15,,,21,1,1
E-H-M-LETTER-s0,OUTLINE_ONLY,15,,,17.404,1,1
E-H-M-LETTER-s0,BG_REMOVAL,15,,,17.404,1,1
E-H-M-LETTER-s0,DECOR_REMOVAL,15,,,17.404,1,1
E-H-M-LETTER-s0,HALFTONE_M,15,,,17.404,1,1
E-H-M-LETTER-s0,HIGH_CONTRAST,15,,,21,1,1
E-H-M-LETTER-s0,ECO_COLOUR,15,,,17.404,1,1
E-H-M-LETTER-s0,SUPER_ECO_BW,15,,,21,1,1
E-H-S-A4-s0,STANDARD,32,,,17.404,1,1
E-H-S-A4-s0,OPACITY_GROUP_90,32,,,13.009,1,1
E-H-S-A4-s0,OPACITY_GROUP_75,32,,,7.6923,1,1
E-H-S-A4-s0,OPACITY_GROUP_60,32,,,4.5422,1,0
E-H-S-A4-s0,OPACITY_GROUP_45,32,,,2.8847,0,0
E-H-S-A4-s0,OPACITY_ELEM_60,32,,,4.5422,1,0
E-H-S-A4-s0,OPACITY_FILL_60,32,,,17.404,1,1
E-H-S-A4-s0,OPACITY_STROKE_60,32,,,17.404,1,1
E-H-S-A4-s0,OPACITY_TEXT_60,32,,,4.5422,1,0
E-H-S-A4-s0,TINT_75,32,,,7.6923,1,1
E-H-S-A4-s0,TINT_55,32,,,3.8957,0,0
E-H-S-A4-s0,TINT_30,32,,,1.9408,0,0
E-H-S-A4-s0,TINT_FILL_55,32,,,17.404,1,1
E-H-S-A4-s0,TINT_FILL_30,32,,,17.404,1,1
E-H-S-A4-s0,TINT_FILL_15,32,,,17.404,1,1
E-H-S-A4-s0,GRAYSCALE,32,,,17.404,1,1
E-H-S-A4-s0,BW_THRESHOLD,,,,,,
E-H-S-A4-s0,BW_SEMANTIC,32,,,21,1,1
E-H-S-A4-s0,OUTLINE_ONLY,32,,,17.404,1,1
E-H-S-A4-s0,OUTLINE_NAIVE,32,,,17.404,1,1
E-H-S-A4-s0,BG_REMOVAL,32,,,17.404,1,1
E-H-S-A4-s0,DECOR_REMOVAL,32,,,17.404,1,1
E-H-S-A4-s0,HALFTONE_H,32,,,17.404,1,1
E-H-S-A4-s0,HALFTONE_M,32,,,17.404,1,1
E-H-S-A4-s0,HALFTONE_L,32,,,17.404,1,1
E-H-S-A4-s0,DITHER_M,32,,,17.404,1,1
E-H-S-A4-s0,HIGH_CONTRAST,32,,,21,1,1
E-H-S-A4-s0,ECO_COLOUR,32,,,17.404,1,1
E-H-S-A4-s0,SUPER_ECO_BW,32,,,21,1,1
E-H-S-A4-s0,INT_BG+TINT_FILL_55,32,,,17.404,1,1
E-H-S-A4-s0,INT_REMOVE_ALL,32,,,17.404,1,1
E-H-S-A4-s0,INT_OUTLINE+BW,32,,,21,1,1
E-H-S-A4-s0,INT_GRAY+BG,32,,,17.404,1,1
E-H-S-A4-s0,INT_OUTLINE+HALFTONE_M,32,,,17.404,1,1
E-H-S-A4-s0,COPY_SAFE_ECO,32,,,21,1,1
E-H-S-A4-s0,COMBINED_REMOVE+TINT_75,32,,,7.6923,1,1
E-H-S-A4-s0,COMBINED_ECO+STRUCT_75,32,,,7.6923,1,1
E-L-L-A4-s0,STANDARD,2,,,17.404,1,1
E-L-L-A4-s0,OPACITY_GROUP_90,2,,,13.009,1,1
E-L-L-A4-s0,OPACITY_GROUP_75,2,,,7.6923,1,1
E-L-L-A4-s0,OPACITY_GROUP_60,2,,,4.5422,1,1
E-L-L-A4-s0,OPACITY_GROUP_45,2,,,2.8847,0,0
E-L-L-A4-s0,OPACITY_ELEM_60,2,,,4.5422,1,1
E-L-L-A4-s0,OPACITY_FILL_60,2,,,17.404,1,1
E-L-L-A4-s0,OPACITY_STROKE_60,2,,,17.404,1,1
E-L-L-A4-s0,OPACITY_TEXT_60,2,,,4.5422,1,1
E-L-L-A4-s0,TINT_75,2,,,7.6923,1,1
E-L-L-A4-s0,TINT_55,2,,,3.8957,1,0
E-L-L-A4-s0,TINT_30,2,,,1.9408,0,0
E-L-L-A4-s0,TINT_FILL_55,2,,,17.404,1,1
E-L-L-A4-s0,TINT_FILL_30,2,,,17.404,1,1
E-L-L-A4-s0,TINT_FILL_15,2,,,17.404,1,1
E-L-L-A4-s0,GRAYSCALE,2,,,17.404,1,1
E-L-L-A4-s0,BW_THRESHOLD,,,,,,
E-L-L-A4-s0,BW_SEMANTIC,2,,,21,1,1
E-L-L-A4-s0,OUTLINE_ONLY,2,,,17.404,1,1
E-L-L-A4-s0,OUTLINE_NAIVE,2,,,17.404,1,1
E-L-L-A4-s0,BG_REMOVAL,2,,,17.404,1,1
E-L-L-A4-s0,DECOR_REMOVAL,2,,,17.404,1,1
E-L-L-A4-s0,HALFTONE_H,2,,,17.404,1,1
E-L-L-A4-s0,HALFTONE_M,2,,,17.404,1,1
E-L-L-A4-s0,HALFTONE_L,2,,,17.404,1,1
E-L-L-A4-s0,DITHER_M,2,,,17.404,1,1
E-L-L-A4-s0,HIGH_CONTRAST,2,,,21,1,1
E-L-L-A4-s0,ECO_COLOUR,2,,,17.404,1,1
E-L-L-A4-s0,SUPER_ECO_BW,2,,,21,1,1
E-L-L-A4-s0,INT_BG+TINT_FILL_55,2,,,17.404,1,1
E-L-L-A4-s0,INT_REMOVE_ALL,2,,,17.404,1,1
E-L-L-A4-s0,INT_OUTLINE+BW,2,,,21,1,1
E-L-L-A4-s0,INT_GRAY+BG,2,,,17.404,1,1
E-L-L-A4-s0,INT_OUTLINE+HALFTONE_M,2,,,17.404,1,1
E-L-L-A4-s0,COPY_SAFE_ECO,2,,,21,1,1
E-L-L-A4-s0,COMBINED_REMOVE+TINT_75,2,,,7.6923,1,1
E-L-L-A4-s0,COMBINED_ECO+STRUCT_75,2,,,7.6923,1,1
E-L-M-A4-s0,STANDARD,4,,,17.404,1,1
E-L-M-A4-s0,OPACITY_GROUP_90,4,,,13.009,1,1
E-L-M-A4-s0,OPACITY_GROUP_75,4,,,7.6923,1,1
E-L-M-A4-s0,OPACITY_GROUP_60,4,,,4.5422,1,0
E-L-M-A4-s0,OPACITY_GROUP_45,4,,,2.8847,0,0
E-L-M-A4-s0,OPACITY_ELEM_60,4,,,4.5422,1,0
E-L-M-A4-s0,OPACITY_FILL_60,4,,,17.404,1,1
E-L-M-A4-s0,OPACITY_STROKE_60,4,,,17.404,1,1
E-L-M-A4-s0,OPACITY_TEXT_60,4,,,4.5422,1,0
E-L-M-A4-s0,TINT_75,4,,,7.6923,1,1
E-L-M-A4-s0,TINT_55,4,,,3.8957,0,0
E-L-M-A4-s0,TINT_30,4,,,1.9408,0,0
E-L-M-A4-s0,TINT_FILL_55,4,,,17.404,1,1
E-L-M-A4-s0,TINT_FILL_30,4,,,17.404,1,1
E-L-M-A4-s0,TINT_FILL_15,4,,,17.404,1,1
E-L-M-A4-s0,GRAYSCALE,4,,,17.404,1,1
E-L-M-A4-s0,BW_THRESHOLD,,,,,,
E-L-M-A4-s0,BW_SEMANTIC,4,,,21,1,1
E-L-M-A4-s0,OUTLINE_ONLY,4,,,17.404,1,1
E-L-M-A4-s0,OUTLINE_NAIVE,4,,,17.404,1,1
E-L-M-A4-s0,BG_REMOVAL,4,,,17.404,1,1
E-L-M-A4-s0,DECOR_REMOVAL,4,,,17.404,1,1
E-L-M-A4-s0,HALFTONE_H,4,,,17.404,1,1
E-L-M-A4-s0,HALFTONE_M,4,,,17.404,1,1
E-L-M-A4-s0,HALFTONE_L,4,,,17.404,1,1
E-L-M-A4-s0,DITHER_M,4,,,17.404,1,1
E-L-M-A4-s0,HIGH_CONTRAST,4,,,21,1,1
E-L-M-A4-s0,ECO_COLOUR,4,,,17.404,1,1
E-L-M-A4-s0,SUPER_ECO_BW,4,,,21,1,1
E-L-M-A4-s0,INT_BG+TINT_FILL_55,4,,,17.404,1,1
E-L-M-A4-s0,INT_REMOVE_ALL,4,,,17.404,1,1
E-L-M-A4-s0,INT_OUTLINE+BW,4,,,21,1,1
E-L-M-A4-s0,INT_GRAY+BG,4,,,17.404,1,1
E-L-M-A4-s0,INT_OUTLINE+HALFTONE_M,4,,,17.404,1,1
E-L-M-A4-s0,COPY_SAFE_ECO,4,,,21,1,1
E-L-M-A4-s0,COMBINED_REMOVE+TINT_75,4,,,7.6923,1,1
E-L-M-A4-s0,COMBINED_ECO+STRUCT_75,4,,,7.6923,1,1
E-L-M-LETTER-s0,STANDARD,5,,,17.404,1,1
E-L-M-LETTER-s0,OPACITY_GROUP_75,5,,,7.6923,1,1
E-L-M-LETTER-s0,OPACITY_GROUP_60,5,,,4.5422,1,0
E-L-M-LETTER-s0,TINT_55,5,,,3.8957,0,0
E-L-M-LETTER-s0,TINT_FILL_30,5,,,17.404,1,1
E-L-M-LETTER-s0,GRAYSCALE,5,,,17.404,1,1
E-L-M-LETTER-s0,BW_SEMANTIC,5,,,21,1,1
E-L-M-LETTER-s0,OUTLINE_ONLY,5,,,17.404,1,1
E-L-M-LETTER-s0,BG_REMOVAL,5,,,17.404,1,1
E-L-M-LETTER-s0,DECOR_REMOVAL,5,,,17.404,1,1
E-L-M-LETTER-s0,HALFTONE_M,5,,,17.404,1,1
E-L-M-LETTER-s0,HIGH_CONTRAST,5,,,21,1,1
E-L-M-LETTER-s0,ECO_COLOUR,5,,,17.404,1,1
E-L-M-LETTER-s0,SUPER_ECO_BW,5,,,21,1,1
E-L-S-A4-s0,STANDARD,10,,,17.404,1,1
E-L-S-A4-s0,OPACITY_GROUP_90,10,,,13.009,1,1
E-L-S-A4-s0,OPACITY_GROUP_75,10,,,7.6923,1,1
E-L-S-A4-s0,OPACITY_GROUP_60,10,,,4.5422,1,0
E-L-S-A4-s0,OPACITY_GROUP_45,10,,,2.8847,0,0
E-L-S-A4-s0,OPACITY_ELEM_60,10,,,4.5422,1,0
E-L-S-A4-s0,OPACITY_FILL_60,10,,,17.404,1,1
E-L-S-A4-s0,OPACITY_STROKE_60,10,,,17.404,1,1
E-L-S-A4-s0,OPACITY_TEXT_60,10,,,4.5422,1,0
E-L-S-A4-s0,TINT_75,10,,,7.6923,1,1
E-L-S-A4-s0,TINT_55,10,,,3.8957,0,0
E-L-S-A4-s0,TINT_30,10,,,1.9408,0,0
E-L-S-A4-s0,TINT_FILL_55,10,,,17.404,1,1
E-L-S-A4-s0,TINT_FILL_30,10,,,17.404,1,1
E-L-S-A4-s0,TINT_FILL_15,10,,,17.404,1,1
E-L-S-A4-s0,GRAYSCALE,10,,,17.404,1,1
E-L-S-A4-s0,BW_THRESHOLD,,,,,,
E-L-S-A4-s0,BW_SEMANTIC,10,,,21,1,1
E-L-S-A4-s0,OUTLINE_ONLY,10,,,17.404,1,1
E-L-S-A4-s0,OUTLINE_NAIVE,10,,,17.404,1,1
E-L-S-A4-s0,BG_REMOVAL,10,,,17.404,1,1
E-L-S-A4-s0,DECOR_REMOVAL,10,,,17.404,1,1
E-L-S-A4-s0,HALFTONE_H,10,,,17.404,1,1
E-L-S-A4-s0,HALFTONE_M,10,,,17.404,1,1
E-L-S-A4-s0,HALFTONE_L,10,,,17.404,1,1
E-L-S-A4-s0,DITHER_M,10,,,17.404,1,1
E-L-S-A4-s0,HIGH_CONTRAST,10,,,21,1,1
E-L-S-A4-s0,ECO_COLOUR,10,,,17.404,1,1
E-L-S-A4-s0,SUPER_ECO_BW,10,,,21,1,1
E-L-S-A4-s0,INT_BG+TINT_FILL_55,10,,,17.404,1,1
E-L-S-A4-s0,INT_REMOVE_ALL,10,,,17.404,1,1
E-L-S-A4-s0,INT_OUTLINE+BW,10,,,21,1,1
E-L-S-A4-s0,INT_GRAY+BG,10,,,17.404,1,1
E-L-S-A4-s0,INT_OUTLINE+HALFTONE_M,10,,,17.404,1,1
E-L-S-A4-s0,COPY_SAFE_ECO,10,,,21,1,1
E-L-S-A4-s0,COMBINED_REMOVE+TINT_75,10,,,7.6923,1,1
E-L-S-A4-s0,COMBINED_ECO+STRUCT_75,10,,,7.6923,1,1
E-M-L-A4-s0,STANDARD,4,,,17.404,1,1
E-M-L-A4-s0,OPACITY_GROUP_90,4,,,13.009,1,1
E-M-L-A4-s0,OPACITY_GROUP_75,4,,,7.6923,1,1
E-M-L-A4-s0,OPACITY_GROUP_60,4,,,4.5422,1,1
E-M-L-A4-s0,OPACITY_GROUP_45,4,,,2.8847,0,0
E-M-L-A4-s0,OPACITY_ELEM_60,4,,,4.5422,1,1
E-M-L-A4-s0,OPACITY_FILL_60,4,,,17.404,1,1
E-M-L-A4-s0,OPACITY_STROKE_60,4,,,17.404,1,1
E-M-L-A4-s0,OPACITY_TEXT_60,4,,,4.5422,1,1
E-M-L-A4-s0,TINT_75,4,,,7.6923,1,1
E-M-L-A4-s0,TINT_55,4,,,3.8957,1,0
E-M-L-A4-s0,TINT_30,4,,,1.9408,0,0
E-M-L-A4-s0,TINT_FILL_55,4,,,17.404,1,1
E-M-L-A4-s0,TINT_FILL_30,4,,,17.404,1,1
E-M-L-A4-s0,TINT_FILL_15,4,,,17.404,1,1
E-M-L-A4-s0,GRAYSCALE,4,,,17.404,1,1
E-M-L-A4-s0,BW_THRESHOLD,,,,,,
E-M-L-A4-s0,BW_SEMANTIC,4,,,21,1,1
E-M-L-A4-s0,OUTLINE_ONLY,4,,,17.404,1,1
E-M-L-A4-s0,OUTLINE_NAIVE,4,,,17.404,1,1
E-M-L-A4-s0,BG_REMOVAL,4,,,17.404,1,1
E-M-L-A4-s0,DECOR_REMOVAL,4,,,17.404,1,1
E-M-L-A4-s0,HALFTONE_H,4,,,17.404,1,1
E-M-L-A4-s0,HALFTONE_M,4,,,17.404,1,1
E-M-L-A4-s0,HALFTONE_L,4,,,17.404,1,1
E-M-L-A4-s0,DITHER_M,4,,,17.404,1,1
E-M-L-A4-s0,HIGH_CONTRAST,4,,,21,1,1
E-M-L-A4-s0,ECO_COLOUR,4,,,17.404,1,1
E-M-L-A4-s0,SUPER_ECO_BW,4,,,21,1,1
E-M-L-A4-s0,INT_BG+TINT_FILL_55,4,,,17.404,1,1
E-M-L-A4-s0,INT_REMOVE_ALL,4,,,17.404,1,1
E-M-L-A4-s0,INT_OUTLINE+BW,4,,,21,1,1
E-M-L-A4-s0,INT_GRAY+BG,4,,,17.404,1,1
E-M-L-A4-s0,INT_OUTLINE+HALFTONE_M,4,,,17.404,1,1
E-M-L-A4-s0,COPY_SAFE_ECO,4,,,21,1,1
E-M-L-A4-s0,COMBINED_REMOVE+TINT_75,4,,,7.6923,1,1
E-M-L-A4-s0,COMBINED_ECO+STRUCT_75,4,,,7.6923,1,1
E-M-M-A4-s0,STANDARD,7,,,17.404,1,1
E-M-M-A4-s0,OPACITY_GROUP_90,7,,,13.009,1,1
E-M-M-A4-s0,OPACITY_GROUP_75,7,,,7.6923,1,1
E-M-M-A4-s0,OPACITY_GROUP_60,7,,,4.5422,1,0
E-M-M-A4-s0,OPACITY_GROUP_45,7,,,2.8847,0,0
E-M-M-A4-s0,OPACITY_ELEM_60,7,,,4.5422,1,0
E-M-M-A4-s0,OPACITY_FILL_60,7,,,17.404,1,1
E-M-M-A4-s0,OPACITY_STROKE_60,7,,,17.404,1,1
E-M-M-A4-s0,OPACITY_TEXT_60,7,,,4.5422,1,0
E-M-M-A4-s0,TINT_75,7,,,7.6923,1,1
E-M-M-A4-s0,TINT_55,7,,,3.8957,0,0
E-M-M-A4-s0,TINT_30,7,,,1.9408,0,0
E-M-M-A4-s0,TINT_FILL_55,7,,,17.404,1,1
E-M-M-A4-s0,TINT_FILL_30,7,,,17.404,1,1
E-M-M-A4-s0,TINT_FILL_15,7,,,17.404,1,1
E-M-M-A4-s0,GRAYSCALE,7,,,17.404,1,1
E-M-M-A4-s0,BW_THRESHOLD,,,,,,
E-M-M-A4-s0,BW_SEMANTIC,7,,,21,1,1
E-M-M-A4-s0,OUTLINE_ONLY,7,,,17.404,1,1
E-M-M-A4-s0,OUTLINE_NAIVE,7,,,17.404,1,1
E-M-M-A4-s0,BG_REMOVAL,7,,,17.404,1,1
E-M-M-A4-s0,DECOR_REMOVAL,7,,,17.404,1,1
E-M-M-A4-s0,HALFTONE_H,7,,,17.404,1,1
E-M-M-A4-s0,HALFTONE_M,7,,,17.404,1,1
E-M-M-A4-s0,HALFTONE_L,7,,,17.404,1,1
E-M-M-A4-s0,DITHER_M,7,,,17.404,1,1
E-M-M-A4-s0,HIGH_CONTRAST,7,,,21,1,1
E-M-M-A4-s0,ECO_COLOUR,7,,,17.404,1,1
E-M-M-A4-s0,SUPER_ECO_BW,7,,,21,1,1
E-M-M-A4-s0,INT_BG+TINT_FILL_55,7,,,17.404,1,1
E-M-M-A4-s0,INT_REMOVE_ALL,7,,,17.404,1,1
E-M-M-A4-s0,INT_OUTLINE+BW,7,,,21,1,1
E-M-M-A4-s0,INT_GRAY+BG,7,,,17.404,1,1
E-M-M-A4-s0,INT_OUTLINE+HALFTONE_M,7,,,17.404,1,1
E-M-M-A4-s0,COPY_SAFE_ECO,7,,,21,1,1
E-M-M-A4-s0,COMBINED_REMOVE+TINT_75,7,,,7.6923,1,1
E-M-M-A4-s0,COMBINED_ECO+STRUCT_75,7,,,7.6923,1,1
E-M-M-A4-s1,STANDARD,7,,,17.404,1,1
E-M-M-A4-s1,OPACITY_GROUP_75,7,,,7.6923,1,1
E-M-M-A4-s1,OPACITY_GROUP_60,7,,,4.5422,1,0
E-M-M-A4-s1,TINT_55,7,,,3.8957,0,0
E-M-M-A4-s1,TINT_FILL_30,7,,,17.404,1,1
E-M-M-A4-s1,GRAYSCALE,7,,,17.404,1,1
E-M-M-A4-s1,BW_SEMANTIC,7,,,21,1,1
E-M-M-A4-s1,OUTLINE_ONLY,7,,,17.404,1,1
E-M-M-A4-s1,BG_REMOVAL,7,,,17.404,1,1
E-M-M-A4-s1,DECOR_REMOVAL,7,,,17.404,1,1
E-M-M-A4-s1,HALFTONE_M,7,,,17.404,1,1
E-M-M-A4-s1,HIGH_CONTRAST,7,,,21,1,1
E-M-M-A4-s1,ECO_COLOUR,7,,,17.404,1,1
E-M-M-A4-s1,SUPER_ECO_BW,7,,,21,1,1
E-M-M-A4-s2,STANDARD,7,,,17.404,1,1
E-M-M-A4-s2,OPACITY_GROUP_75,7,,,7.6923,1,1
E-M-M-A4-s2,OPACITY_GROUP_60,7,,,4.5422,1,0
E-M-M-A4-s2,TINT_55,7,,,3.8957,0,0
E-M-M-A4-s2,TINT_FILL_30,7,,,17.404,1,1
E-M-M-A4-s2,GRAYSCALE,7,,,17.404,1,1
E-M-M-A4-s2,BW_SEMANTIC,7,,,21,1,1
E-M-M-A4-s2,OUTLINE_ONLY,7,,,17.404,1,1
E-M-M-A4-s2,BG_REMOVAL,7,,,17.404,1,1
E-M-M-A4-s2,DECOR_REMOVAL,7,,,17.404,1,1
E-M-M-A4-s2,HALFTONE_M,7,,,17.404,1,1
E-M-M-A4-s2,HIGH_CONTRAST,7,,,21,1,1
E-M-M-A4-s2,ECO_COLOUR,7,,,17.404,1,1
E-M-M-A4-s2,SUPER_ECO_BW,7,,,21,1,1
E-M-M-A4-s3,STANDARD,7,,,17.404,1,1
E-M-M-A4-s3,OPACITY_GROUP_75,7,,,7.6923,1,1
E-M-M-A4-s3,OPACITY_GROUP_60,7,,,4.5422,1,0
E-M-M-A4-s3,TINT_55,7,,,3.8957,0,0
E-M-M-A4-s3,TINT_FILL_30,7,,,17.404,1,1
E-M-M-A4-s3,GRAYSCALE,7,,,17.404,1,1
E-M-M-A4-s3,BW_SEMANTIC,7,,,21,1,1
E-M-M-A4-s3,OUTLINE_ONLY,7,,,17.404,1,1
E-M-M-A4-s3,BG_REMOVAL,7,,,17.404,1,1
E-M-M-A4-s3,DECOR_REMOVAL,7,,,17.404,1,1
E-M-M-A4-s3,HALFTONE_M,7,,,17.404,1,1
E-M-M-A4-s3,HIGH_CONTRAST,7,,,21,1,1
E-M-M-A4-s3,ECO_COLOUR,7,,,17.404,1,1
E-M-M-A4-s3,SUPER_ECO_BW,7,,,21,1,1
E-M-M-A4-s4,STANDARD,7,,,17.404,1,1
E-M-M-A4-s4,OPACITY_GROUP_75,7,,,7.6923,1,1
E-M-M-A4-s4,OPACITY_GROUP_60,7,,,4.5422,1,0
E-M-M-A4-s4,TINT_55,7,,,3.8957,0,0
E-M-M-A4-s4,TINT_FILL_30,7,,,17.404,1,1
E-M-M-A4-s4,GRAYSCALE,7,,,17.404,1,1
E-M-M-A4-s4,BW_SEMANTIC,7,,,21,1,1
E-M-M-A4-s4,OUTLINE_ONLY,7,,,17.404,1,1
E-M-M-A4-s4,BG_REMOVAL,7,,,17.404,1,1
E-M-M-A4-s4,DECOR_REMOVAL,7,,,17.404,1,1
E-M-M-A4-s4,HALFTONE_M,7,,,17.404,1,1
E-M-M-A4-s4,HIGH_CONTRAST,7,,,21,1,1
E-M-M-A4-s4,ECO_COLOUR,7,,,17.404,1,1
E-M-M-A4-s4,SUPER_ECO_BW,7,,,21,1,1
E-M-M-LETTER-s0,STANDARD,10,,,17.404,1,1
E-M-M-LETTER-s0,OPACITY_GROUP_75,10,,,7.6923,1,1
E-M-M-LETTER-s0,OPACITY_GROUP_60,10,,,4.5422,1,0
E-M-M-LETTER-s0,TINT_55,10,,,3.8957,0,0
E-M-M-LETTER-s0,TINT_FILL_30,10,,,17.404,1,1
E-M-M-LETTER-s0,GRAYSCALE,10,,,17.404,1,1
E-M-M-LETTER-s0,BW_SEMANTIC,10,,,21,1,1
E-M-M-LETTER-s0,OUTLINE_ONLY,10,,,17.404,1,1
E-M-M-LETTER-s0,BG_REMOVAL,10,,,17.404,1,1
E-M-M-LETTER-s0,DECOR_REMOVAL,10,,,17.404,1,1
E-M-M-LETTER-s0,HALFTONE_M,10,,,17.404,1,1
E-M-M-LETTER-s0,HIGH_CONTRAST,10,,,21,1,1
E-M-M-LETTER-s0,ECO_COLOUR,10,,,17.404,1,1
E-M-M-LETTER-s0,SUPER_ECO_BW,10,,,21,1,1
E-M-S-A4-s0,STANDARD,21,,,17.404,1,1
E-M-S-A4-s0,OPACITY_GROUP_90,21,,,13.009,1,1
E-M-S-A4-s0,OPACITY_GROUP_75,21,,,7.6923,1,1
E-M-S-A4-s0,OPACITY_GROUP_60,21,,,4.5422,1,0
E-M-S-A4-s0,OPACITY_GROUP_45,21,,,2.8847,0,0
E-M-S-A4-s0,OPACITY_ELEM_60,21,,,4.5422,1,0
E-M-S-A4-s0,OPACITY_FILL_60,21,,,17.404,1,1
E-M-S-A4-s0,OPACITY_STROKE_60,21,,,17.404,1,1
E-M-S-A4-s0,OPACITY_TEXT_60,21,,,4.5422,1,0
E-M-S-A4-s0,TINT_75,21,,,7.6923,1,1
E-M-S-A4-s0,TINT_55,21,,,3.8957,0,0
E-M-S-A4-s0,TINT_30,21,,,1.9408,0,0
E-M-S-A4-s0,TINT_FILL_55,21,,,17.404,1,1
E-M-S-A4-s0,TINT_FILL_30,21,,,17.404,1,1
E-M-S-A4-s0,TINT_FILL_15,21,,,17.404,1,1
E-M-S-A4-s0,GRAYSCALE,21,,,17.404,1,1
E-M-S-A4-s0,BW_THRESHOLD,,,,,,
E-M-S-A4-s0,BW_SEMANTIC,21,,,21,1,1
E-M-S-A4-s0,OUTLINE_ONLY,21,,,17.404,1,1
E-M-S-A4-s0,OUTLINE_NAIVE,21,,,17.404,1,1
E-M-S-A4-s0,BG_REMOVAL,21,,,17.404,1,1
E-M-S-A4-s0,DECOR_REMOVAL,21,,,17.404,1,1
E-M-S-A4-s0,HALFTONE_H,21,,,17.404,1,1
E-M-S-A4-s0,HALFTONE_M,21,,,17.404,1,1
E-M-S-A4-s0,HALFTONE_L,21,,,17.404,1,1
E-M-S-A4-s0,DITHER_M,21,,,17.404,1,1
E-M-S-A4-s0,HIGH_CONTRAST,21,,,21,1,1
E-M-S-A4-s0,ECO_COLOUR,21,,,17.404,1,1
E-M-S-A4-s0,SUPER_ECO_BW,21,,,21,1,1
E-M-S-A4-s0,INT_BG+TINT_FILL_55,21,,,17.404,1,1
E-M-S-A4-s0,INT_REMOVE_ALL,21,,,17.404,1,1
E-M-S-A4-s0,INT_OUTLINE+BW,21,,,21,1,1
E-M-S-A4-s0,INT_GRAY+BG,21,,,17.404,1,1
E-M-S-A4-s0,INT_OUTLINE+HALFTONE_M,21,,,17.404,1,1
E-M-S-A4-s0,COPY_SAFE_ECO,21,,,21,1,1
E-M-S-A4-s0,COMBINED_REMOVE+TINT_75,21,,,7.6923,1,1
E-M-S-A4-s0,COMBINED_ECO+STRUCT_75,21,,,7.6923,1,1
F-H-L-A4-s0,STANDARD,5,,,2.3721,0.8,0.4
F-H-L-A4-s0,ECO_COLOUR,5,,,6.3351,1,1
F-H-L-A4-s0,SUPER_ECO_BW,5,,,21,1,1
F-H-L-A4-s0,INT_BG+TINT_FILL_55,5,,,6.3351,1,1
F-H-L-A4-s0,INT_REMOVE_ALL,5,,,2.3721,0.8,0.4
F-H-L-A4-s0,INT_OUTLINE+BW,5,,,21,1,1
F-H-L-A4-s0,INT_GRAY+BG,5,,,3.6408,1,0.8
F-H-L-A4-s0,INT_OUTLINE+HALFTONE_M,5,,,17.404,1,1
F-H-L-A4-s0,COPY_SAFE_ECO,5,,,3.3029,1,0.6
F-H-L-A4-s0,COMBINED_REMOVE+TINT_75,5,,,3.0755,1,0.4
F-H-L-A4-s0,COMBINED_ECO+STRUCT_75,5,,,6.3351,1,1
F-H-L-A4-s0,OPACITY_GROUP_90,5,,,2.1859,0.6,0.4
F-H-L-A4-s0,OPACITY_GROUP_75,5,,,1.9287,0.6,0
F-H-L-A4-s0,OPACITY_GROUP_60,5,,,1.6946,0.2,0
F-H-L-A4-s0,OPACITY_GROUP_45,5,,,1.4896,0,0
F-H-L-A4-s0,OPACITY_ELEM_60,5,,,1.6101,0,0
F-H-L-A4-s0,OPACITY_FILL_60,5,,,2.1373,0.6,0
F-H-L-A4-s0,OPACITY_STROKE_60,5,,,2.3721,0.8,0.4
F-H-L-A4-s0,OPACITY_TEXT_60,5,,,1.6668,0.4,0
F-H-L-A4-s0,TINT_75,5,,,3.0755,1,0.4
F-H-L-A4-s0,TINT_55,5,,,6.3351,1,1
F-H-L-A4-s0,TINT_30,5,,,10.356,1,1
F-H-L-A4-s0,TINT_FILL_55,5,,,6.3351,1,1
F-H-L-A4-s0,TINT_FILL_30,5,,,10.356,1,1
F-H-L-A4-s0,TINT_FILL_15,5,,,13.564,1,1
F-H-L-A4-s0,GRAYSCALE,5,,,3.6408,1,0.8
F-H-L-A4-s0,BW_THRESHOLD,,,,,,
F-H-L-A4-s0,BW_SEMANTIC,5,,,17.404,1,1
F-H-L-A4-s0,OUTLINE_ONLY,5,,,17.404,1,1
F-H-L-A4-s0,OUTLINE_NAIVE,5,,,1,0,0
F-H-L-A4-s0,BG_REMOVAL,5,,,2.3721,0.8,0.4
F-H-L-A4-s0,DECOR_REMOVAL,5,,,2.3721,0.8,0.4
F-H-L-A4-s0,HALFTONE_H,5,,,6.3351,1,1
F-H-L-A4-s0,HALFTONE_M,5,,,10.356,1,1
F-H-L-A4-s0,HALFTONE_L,5,,,13.564,1,1
F-H-L-A4-s0,DITHER_M,5,,,10.356,1,1
F-H-L-A4-s0,HIGH_CONTRAST,5,,,3.3029,1,0.6
F-H-M-A4-s0,STANDARD,10,,,2.3721,0.2,0.2
F-H-M-A4-s0,ECO_COLOUR,10,,,6.3351,1,0.9
F-H-M-A4-s0,SUPER_ECO_BW,10,,,21,1,1
F-H-M-A4-s0,INT_BG+TINT_FILL_55,10,,,6.3351,1,0.9
F-H-M-A4-s0,INT_REMOVE_ALL,10,,,2.3721,0.2,0.2
F-H-M-A4-s0,INT_OUTLINE+BW,10,,,21,1,1
F-H-M-A4-s0,INT_GRAY+BG,10,,,3.6408,0.8,0.2
F-H-M-A4-s0,INT_OUTLINE+HALFTONE_M,10,,,17.404,1,1
F-H-M-A4-s0,COPY_SAFE_ECO,10,,,3.3029,0.4,0.4
F-H-M-A4-s0,COMBINED_REMOVE+TINT_75,10,,,3.0755,0.7,0.4
F-H-M-A4-s0,COMBINED_ECO+STRUCT_75,10,,,6.3351,1,0.9
F-H-M-A4-s0,OPACITY_GROUP_90,10,,,2.1859,0.2,0.1
F-H-M-A4-s0,OPACITY_GROUP_75,10,,,1.9287,0.1,0
F-H-M-A4-s0,OPACITY_GROUP_60,10,,,1.6946,0,0
F-H-M-A4-s0,OPACITY_GROUP_45,10,,,1.4896,0,0
F-H-M-A4-s0,OPACITY_ELEM_60,10,,,1.6101,0,0
F-H-M-A4-s0,OPACITY_FILL_60,10,,,2.1373,0.1,0
F-H-M-A4-s0,OPACITY_STROKE_60,10,,,2.3721,0.2,0.2
F-H-M-A4-s0,OPACITY_TEXT_60,10,,,1.6668,0.1,0
F-H-M-A4-s0,TINT_75,10,,,3.0755,0.7,0.4
F-H-M-A4-s0,TINT_55,10,,,6.3351,1,0.9
F-H-M-A4-s0,TINT_30,10,,,10.356,1,1
F-H-M-A4-s0,TINT_FILL_55,10,,,6.3351,1,0.9
F-H-M-A4-s0,TINT_FILL_30,10,,,10.356,1,1
F-H-M-A4-s0,TINT_FILL_15,10,,,13.564,1,1
F-H-M-A4-s0,GRAYSCALE,10,,,3.6408,0.8,0.2
F-H-M-A4-s0,BW_THRESHOLD,,,,,,
F-H-M-A4-s0,BW_SEMANTIC,10,,,17.404,1,1
F-H-M-A4-s0,OUTLINE_ONLY,10,,,17.404,1,1
F-H-M-A4-s0,OUTLINE_NAIVE,10,,,1,0,0
F-H-M-A4-s0,BG_REMOVAL,10,,,2.3721,0.2,0.2
F-H-M-A4-s0,DECOR_REMOVAL,10,,,2.3721,0.2,0.2
F-H-M-A4-s0,HALFTONE_H,10,,,6.3351,1,0.9
F-H-M-A4-s0,HALFTONE_M,10,,,10.356,1,1
F-H-M-A4-s0,HALFTONE_L,10,,,13.564,1,1
F-H-M-A4-s0,DITHER_M,10,,,10.356,1,1
F-H-M-A4-s0,HIGH_CONTRAST,10,,,3.3029,0.4,0.4
F-H-M-LETTER-s0,STANDARD,10,,,2.3721,0.2,0.2
F-H-M-LETTER-s0,ECO_COLOUR,10,,,6.3351,1,0.9
F-H-M-LETTER-s0,SUPER_ECO_BW,10,,,21,1,1
F-H-M-LETTER-s0,INT_BG+TINT_FILL_55,10,,,6.3351,1,0.9
F-H-M-LETTER-s0,INT_REMOVE_ALL,10,,,2.3721,0.2,0.2
F-H-M-LETTER-s0,INT_OUTLINE+BW,10,,,21,1,1
F-H-M-LETTER-s0,INT_GRAY+BG,10,,,3.6408,0.8,0.2
F-H-M-LETTER-s0,INT_OUTLINE+HALFTONE_M,10,,,17.404,1,1
F-H-M-LETTER-s0,COPY_SAFE_ECO,10,,,3.3029,0.4,0.4
F-H-M-LETTER-s0,COMBINED_REMOVE+TINT_75,10,,,3.0755,0.7,0.4
F-H-M-LETTER-s0,COMBINED_ECO+STRUCT_75,10,,,6.3351,1,0.9
F-H-M-LETTER-s0,OPACITY_GROUP_75,10,,,1.9287,0.1,0
F-H-M-LETTER-s0,OPACITY_GROUP_60,10,,,1.6946,0,0
F-H-M-LETTER-s0,TINT_55,10,,,6.3351,1,0.9
F-H-M-LETTER-s0,TINT_FILL_30,10,,,10.356,1,1
F-H-M-LETTER-s0,GRAYSCALE,10,,,3.6408,0.8,0.2
F-H-M-LETTER-s0,BW_SEMANTIC,10,,,17.404,1,1
F-H-M-LETTER-s0,OUTLINE_ONLY,10,,,17.404,1,1
F-H-M-LETTER-s0,BG_REMOVAL,10,,,2.3721,0.2,0.2
F-H-M-LETTER-s0,DECOR_REMOVAL,10,,,2.3721,0.2,0.2
F-H-M-LETTER-s0,HALFTONE_M,10,,,10.356,1,1
F-H-M-LETTER-s0,HIGH_CONTRAST,10,,,3.3029,0.4,0.4
F-H-S-A4-s0,STANDARD,21,,,2.3721,0.19048,0.19048
F-H-S-A4-s0,ECO_COLOUR,21,,,6.3351,1,0.85714
F-H-S-A4-s0,SUPER_ECO_BW,21,,,21,1,1
F-H-S-A4-s0,INT_BG+TINT_FILL_55,21,,,6.3351,1,0.85714
F-H-S-A4-s0,INT_REMOVE_ALL,21,,,2.3721,0.19048,0.19048
F-H-S-A4-s0,INT_OUTLINE+BW,21,,,21,1,1
F-H-S-A4-s0,INT_GRAY+BG,21,,,3.6408,0.80952,0.19048
F-H-S-A4-s0,INT_OUTLINE+HALFTONE_M,21,,,17.404,1,1
F-H-S-A4-s0,COPY_SAFE_ECO,21,,,3.3029,0.33333,0.33333
F-H-S-A4-s0,COMBINED_REMOVE+TINT_75,21,,,3.0755,0.66667,0.33333
F-H-S-A4-s0,COMBINED_ECO+STRUCT_75,21,,,6.3351,1,0.85714
F-H-S-A4-s0,OPACITY_GROUP_90,21,,,2.1859,0.19048,0.047619
F-H-S-A4-s0,OPACITY_GROUP_75,21,,,1.9287,0.047619,0
F-H-S-A4-s0,OPACITY_GROUP_60,21,,,1.6946,0,0
F-H-S-A4-s0,OPACITY_GROUP_45,21,,,1.4896,0,0
F-H-S-A4-s0,OPACITY_ELEM_60,21,,,1.6101,0,0
F-H-S-A4-s0,OPACITY_FILL_60,21,,,2.1373,0.047619,0
F-H-S-A4-s0,OPACITY_STROKE_60,21,,,2.3721,0.19048,0.19048
F-H-S-A4-s0,OPACITY_TEXT_60,21,,,1.6668,0.047619,0
F-H-S-A4-s0,TINT_75,21,,,3.0755,0.66667,0.33333
F-H-S-A4-s0,TINT_55,21,,,6.3351,1,0.85714
F-H-S-A4-s0,TINT_30,21,,,10.356,1,1
F-H-S-A4-s0,TINT_FILL_55,21,,,6.3351,1,0.85714
F-H-S-A4-s0,TINT_FILL_30,21,,,10.356,1,1
F-H-S-A4-s0,TINT_FILL_15,21,,,13.564,1,1
F-H-S-A4-s0,GRAYSCALE,21,,,3.6408,0.80952,0.19048
F-H-S-A4-s0,BW_THRESHOLD,,,,,,
F-H-S-A4-s0,BW_SEMANTIC,21,,,17.404,1,1
F-H-S-A4-s0,OUTLINE_ONLY,21,,,17.404,1,1
F-H-S-A4-s0,OUTLINE_NAIVE,21,,,1,0,0
F-H-S-A4-s0,BG_REMOVAL,21,,,2.3721,0.19048,0.19048
F-H-S-A4-s0,DECOR_REMOVAL,21,,,2.3721,0.19048,0.19048
F-H-S-A4-s0,HALFTONE_H,21,,,6.3351,1,0.85714
F-H-S-A4-s0,HALFTONE_M,21,,,10.356,1,1
F-H-S-A4-s0,HALFTONE_L,21,,,13.564,1,1
F-H-S-A4-s0,DITHER_M,21,,,10.356,1,1
F-H-S-A4-s0,HIGH_CONTRAST,21,,,3.3029,0.33333,0.33333
F-L-L-A4-s0,STANDARD,5,,,2.3721,0.8,0.4
F-L-L-A4-s0,ECO_COLOUR,5,,,6.3351,1,1
F-L-L-A4-s0,SUPER_ECO_BW,5,,,21,1,1
F-L-L-A4-s0,INT_BG+TINT_FILL_55,5,,,6.3351,1,1
F-L-L-A4-s0,INT_REMOVE_ALL,5,,,2.3721,0.8,0.4
F-L-L-A4-s0,INT_OUTLINE+BW,5,,,21,1,1
F-L-L-A4-s0,INT_GRAY+BG,5,,,3.6408,1,0.8
F-L-L-A4-s0,INT_OUTLINE+HALFTONE_M,5,,,17.404,1,1
F-L-L-A4-s0,COPY_SAFE_ECO,5,,,3.3029,1,0.6
F-L-L-A4-s0,COMBINED_REMOVE+TINT_75,5,,,3.0755,1,0.4
F-L-L-A4-s0,COMBINED_ECO+STRUCT_75,5,,,6.3351,1,1
F-L-L-A4-s0,OPACITY_GROUP_90,5,,,2.1859,0.6,0.4
F-L-L-A4-s0,OPACITY_GROUP_75,5,,,1.9287,0.6,0
F-L-L-A4-s0,OPACITY_GROUP_60,5,,,1.6946,0.2,0
F-L-L-A4-s0,OPACITY_GROUP_45,5,,,1.4896,0,0
F-L-L-A4-s0,OPACITY_ELEM_60,5,,,1.3703,0,0
F-L-L-A4-s0,OPACITY_FILL_60,5,,,1.6946,0.2,0
F-L-L-A4-s0,OPACITY_STROKE_60,5,,,2.3721,0.8,0.4
F-L-L-A4-s0,OPACITY_TEXT_60,5,,,1.6668,0.4,0
F-L-L-A4-s0,TINT_75,5,,,3.0755,1,0.4
F-L-L-A4-s0,TINT_55,5,,,6.3351,1,1
F-L-L-A4-s0,TINT_30,5,,,10.356,1,1
F-L-L-A4-s0,TINT_FILL_55,5,,,6.3351,1,1
F-L-L-A4-s0,TINT_FILL_30,5,,,10.356,1,1
F-L-L-A4-s0,TINT_FILL_15,5,,,13.564,1,1
F-L-L-A4-s0,GRAYSCALE,5,,,3.6408,1,0.8
F-L-L-A4-s0,BW_THRESHOLD,,,,,,
F-L-L-A4-s0,BW_SEMANTIC,5,,,17.404,1,1
F-L-L-A4-s0,OUTLINE_ONLY,5,,,17.404,1,1
F-L-L-A4-s0,OUTLINE_NAIVE,5,,,1,0,0
F-L-L-A4-s0,BG_REMOVAL,5,,,2.3721,0.8,0.4
F-L-L-A4-s0,DECOR_REMOVAL,5,,,2.3721,0.8,0.4
F-L-L-A4-s0,HALFTONE_H,5,,,6.3351,1,1
F-L-L-A4-s0,HALFTONE_M,5,,,10.356,1,1
F-L-L-A4-s0,HALFTONE_L,5,,,13.564,1,1
F-L-L-A4-s0,DITHER_M,5,,,10.356,1,1
F-L-L-A4-s0,HIGH_CONTRAST,5,,,3.3029,1,0.6
F-L-M-A4-s0,STANDARD,8,,,2.3721,0.25,0.25
F-L-M-A4-s0,ECO_COLOUR,8,,,6.3351,1,0.875
F-L-M-A4-s0,SUPER_ECO_BW,8,,,21,1,1
F-L-M-A4-s0,INT_BG+TINT_FILL_55,8,,,6.3351,1,0.875
F-L-M-A4-s0,INT_REMOVE_ALL,8,,,2.3721,0.25,0.25
F-L-M-A4-s0,INT_OUTLINE+BW,8,,,21,1,1
F-L-M-A4-s0,INT_GRAY+BG,8,,,3.6408,0.875,0.25
F-L-M-A4-s0,INT_OUTLINE+HALFTONE_M,8,,,17.404,1,1
F-L-M-A4-s0,COPY_SAFE_ECO,8,,,3.3029,0.375,0.375
F-L-M-A4-s0,COMBINED_REMOVE+TINT_75,8,,,3.0755,0.625,0.25
F-L-M-A4-s0,COMBINED_ECO+STRUCT_75,8,,,6.3351,1,0.875
F-L-M-A4-s0,OPACITY_GROUP_90,8,,,2.1859,0.25,0.125
F-L-M-A4-s0,OPACITY_GROUP_75,8,,,1.9287,0.125,0
F-L-M-A4-s0,OPACITY_GROUP_60,8,,,1.6946,0,0
F-L-M-A4-s0,OPACITY_GROUP_45,8,,,1.4896,0,0
F-L-M-A4-s0,OPACITY_ELEM_60,8,,,1.3703,0,0
F-L-M-A4-s0,OPACITY_FILL_60,8,,,1.6946,0,0
F-L-M-A4-s0,OPACITY_STROKE_60,8,,,2.3721,0.25,0.25
F-L-M-A4-s0,OPACITY_TEXT_60,8,,,1.6668,0.125,0
F-L-M-A4-s0,TINT_75,8,,,3.0755,0.625,0.25
F-L-M-A4-s0,TINT_55,8,,,6.3351,1,0.875
F-L-M-A4-s0,TINT_30,8,,,10.356,1,1
F-L-M-A4-s0,TINT_FILL_55,8,,,6.3351,1,0.875
F-L-M-A4-s0,TINT_FILL_30,8,,,10.356,1,1
F-L-M-A4-s0,TINT_FILL_15,8,,,13.564,1,1
F-L-M-A4-s0,GRAYSCALE,8,,,3.6408,0.875,0.25
F-L-M-A4-s0,BW_THRESHOLD,,,,,,
F-L-M-A4-s0,BW_SEMANTIC,8,,,17.404,1,1
F-L-M-A4-s0,OUTLINE_ONLY,8,,,17.404,1,1
F-L-M-A4-s0,OUTLINE_NAIVE,8,,,1,0,0
F-L-M-A4-s0,BG_REMOVAL,8,,,2.3721,0.25,0.25
F-L-M-A4-s0,DECOR_REMOVAL,8,,,2.3721,0.25,0.25
F-L-M-A4-s0,HALFTONE_H,8,,,6.3351,1,0.875
F-L-M-A4-s0,HALFTONE_M,8,,,10.356,1,1
F-L-M-A4-s0,HALFTONE_L,8,,,13.564,1,1
F-L-M-A4-s0,DITHER_M,8,,,10.356,1,1
F-L-M-A4-s0,HIGH_CONTRAST,8,,,3.3029,0.375,0.375
F-L-M-LETTER-s0,STANDARD,8,,,2.3721,0.25,0.25
F-L-M-LETTER-s0,ECO_COLOUR,8,,,6.3351,1,0.875
F-L-M-LETTER-s0,SUPER_ECO_BW,8,,,21,1,1
F-L-M-LETTER-s0,INT_BG+TINT_FILL_55,8,,,6.3351,1,0.875
F-L-M-LETTER-s0,INT_REMOVE_ALL,8,,,2.3721,0.25,0.25
F-L-M-LETTER-s0,INT_OUTLINE+BW,8,,,21,1,1
F-L-M-LETTER-s0,INT_GRAY+BG,8,,,3.6408,0.875,0.25
F-L-M-LETTER-s0,INT_OUTLINE+HALFTONE_M,8,,,17.404,1,1
F-L-M-LETTER-s0,COPY_SAFE_ECO,8,,,3.3029,0.375,0.375
F-L-M-LETTER-s0,COMBINED_REMOVE+TINT_75,8,,,3.0755,0.625,0.25
F-L-M-LETTER-s0,COMBINED_ECO+STRUCT_75,8,,,6.3351,1,0.875
F-L-M-LETTER-s0,OPACITY_GROUP_75,8,,,1.9287,0.125,0
F-L-M-LETTER-s0,OPACITY_GROUP_60,8,,,1.6946,0,0
F-L-M-LETTER-s0,TINT_55,8,,,6.3351,1,0.875
F-L-M-LETTER-s0,TINT_FILL_30,8,,,10.356,1,1
F-L-M-LETTER-s0,GRAYSCALE,8,,,3.6408,0.875,0.25
F-L-M-LETTER-s0,BW_SEMANTIC,8,,,17.404,1,1
F-L-M-LETTER-s0,OUTLINE_ONLY,8,,,17.404,1,1
F-L-M-LETTER-s0,BG_REMOVAL,8,,,2.3721,0.25,0.25
F-L-M-LETTER-s0,DECOR_REMOVAL,8,,,2.3721,0.25,0.25
F-L-M-LETTER-s0,HALFTONE_M,8,,,10.356,1,1
F-L-M-LETTER-s0,HIGH_CONTRAST,8,,,3.3029,0.375,0.375
F-L-S-A4-s0,STANDARD,15,,,2.3721,0.2,0.2
F-L-S-A4-s0,ECO_COLOUR,15,,,6.3351,1,0.86667
F-L-S-A4-s0,SUPER_ECO_BW,15,,,21,1,1
F-L-S-A4-s0,INT_BG+TINT_FILL_55,15,,,6.3351,1,0.86667
F-L-S-A4-s0,INT_REMOVE_ALL,15,,,2.3721,0.2,0.2
F-L-S-A4-s0,INT_OUTLINE+BW,15,,,21,1,1
F-L-S-A4-s0,INT_GRAY+BG,15,,,3.6408,0.8,0.2
F-L-S-A4-s0,INT_OUTLINE+HALFTONE_M,15,,,17.404,1,1
F-L-S-A4-s0,COPY_SAFE_ECO,15,,,3.3029,0.33333,0.33333
F-L-S-A4-s0,COMBINED_REMOVE+TINT_75,15,,,3.0755,0.66667,0.33333
F-L-S-A4-s0,COMBINED_ECO+STRUCT_75,15,,,6.3351,1,0.86667
F-L-S-A4-s0,OPACITY_GROUP_90,15,,,2.1859,0.2,0.066667
F-L-S-A4-s0,OPACITY_GROUP_75,15,,,1.9287,0.066667,0
F-L-S-A4-s0,OPACITY_GROUP_60,15,,,1.6946,0,0
F-L-S-A4-s0,OPACITY_GROUP_45,15,,,1.4896,0,0
F-L-S-A4-s0,OPACITY_ELEM_60,15,,,1.3703,0,0
F-L-S-A4-s0,OPACITY_FILL_60,15,,,1.6946,0,0
F-L-S-A4-s0,OPACITY_STROKE_60,15,,,2.3721,0.2,0.2
F-L-S-A4-s0,OPACITY_TEXT_60,15,,,1.6668,0.066667,0
F-L-S-A4-s0,TINT_75,15,,,3.0755,0.66667,0.33333
F-L-S-A4-s0,TINT_55,15,,,6.3351,1,0.86667
F-L-S-A4-s0,TINT_30,15,,,10.356,1,1
F-L-S-A4-s0,TINT_FILL_55,15,,,6.3351,1,0.86667
F-L-S-A4-s0,TINT_FILL_30,15,,,10.356,1,1
F-L-S-A4-s0,TINT_FILL_15,15,,,13.564,1,1
F-L-S-A4-s0,GRAYSCALE,15,,,3.6408,0.8,0.2
F-L-S-A4-s0,BW_THRESHOLD,,,,,,
F-L-S-A4-s0,BW_SEMANTIC,15,,,17.404,1,1
F-L-S-A4-s0,OUTLINE_ONLY,15,,,17.404,1,1
F-L-S-A4-s0,OUTLINE_NAIVE,15,,,1,0,0
F-L-S-A4-s0,BG_REMOVAL,15,,,2.3721,0.2,0.2
F-L-S-A4-s0,DECOR_REMOVAL,15,,,2.3721,0.2,0.2
F-L-S-A4-s0,HALFTONE_H,15,,,6.3351,1,0.86667
F-L-S-A4-s0,HALFTONE_M,15,,,10.356,1,1
F-L-S-A4-s0,HALFTONE_L,15,,,13.564,1,1
F-L-S-A4-s0,DITHER_M,15,,,10.356,1,1
F-L-S-A4-s0,HIGH_CONTRAST,15,,,3.3029,0.33333,0.33333
F-M-L-A4-s0,STANDARD,5,,,2.3721,0.8,0.4
F-M-L-A4-s0,ECO_COLOUR,5,,,6.3351,1,1
F-M-L-A4-s0,SUPER_ECO_BW,5,,,21,1,1
F-M-L-A4-s0,INT_BG+TINT_FILL_55,5,,,6.3351,1,1
F-M-L-A4-s0,INT_REMOVE_ALL,5,,,2.3721,0.8,0.4
F-M-L-A4-s0,INT_OUTLINE+BW,5,,,21,1,1
F-M-L-A4-s0,INT_GRAY+BG,5,,,3.6408,1,0.8
F-M-L-A4-s0,INT_OUTLINE+HALFTONE_M,5,,,17.404,1,1
F-M-L-A4-s0,COPY_SAFE_ECO,5,,,3.3029,1,0.6
F-M-L-A4-s0,COMBINED_REMOVE+TINT_75,5,,,3.0755,1,0.4
F-M-L-A4-s0,COMBINED_ECO+STRUCT_75,5,,,6.3351,1,1
F-M-L-A4-s0,OPACITY_GROUP_90,5,,,2.1859,0.6,0.4
F-M-L-A4-s0,OPACITY_GROUP_75,5,,,1.9287,0.6,0
F-M-L-A4-s0,OPACITY_GROUP_60,5,,,1.6946,0.2,0
F-M-L-A4-s0,OPACITY_GROUP_45,5,,,1.4896,0,0
F-M-L-A4-s0,OPACITY_ELEM_60,5,,,1.391,0,0
F-M-L-A4-s0,OPACITY_FILL_60,5,,,1.7369,0.2,0
F-M-L-A4-s0,OPACITY_STROKE_60,5,,,2.3721,0.8,0.4
F-M-L-A4-s0,OPACITY_TEXT_60,5,,,1.6668,0.4,0
F-M-L-A4-s0,TINT_75,5,,,3.0755,1,0.4
F-M-L-A4-s0,TINT_55,5,,,6.3351,1,1
F-M-L-A4-s0,TINT_30,5,,,10.356,1,1
F-M-L-A4-s0,TINT_FILL_55,5,,,6.3351,1,1
F-M-L-A4-s0,TINT_FILL_30,5,,,10.356,1,1
F-M-L-A4-s0,TINT_FILL_15,5,,,13.564,1,1
F-M-L-A4-s0,GRAYSCALE,5,,,3.6408,1,0.8
F-M-L-A4-s0,BW_THRESHOLD,,,,,,
F-M-L-A4-s0,BW_SEMANTIC,5,,,17.404,1,1
F-M-L-A4-s0,OUTLINE_ONLY,5,,,17.404,1,1
F-M-L-A4-s0,OUTLINE_NAIVE,5,,,1,0,0
F-M-L-A4-s0,BG_REMOVAL,5,,,2.3721,0.8,0.4
F-M-L-A4-s0,DECOR_REMOVAL,5,,,2.3721,0.8,0.4
F-M-L-A4-s0,HALFTONE_H,5,,,6.3351,1,1
F-M-L-A4-s0,HALFTONE_M,5,,,10.356,1,1
F-M-L-A4-s0,HALFTONE_L,5,,,13.564,1,1
F-M-L-A4-s0,DITHER_M,5,,,10.356,1,1
F-M-L-A4-s0,HIGH_CONTRAST,5,,,3.3029,1,0.6
F-M-M-A4-s0,STANDARD,10,,,2.3721,0.2,0.2
F-M-M-A4-s0,ECO_COLOUR,10,,,6.3351,1,0.9
F-M-M-A4-s0,SUPER_ECO_BW,10,,,21,1,1
F-M-M-A4-s0,INT_BG+TINT_FILL_55,10,,,6.3351,1,0.9
F-M-M-A4-s0,INT_REMOVE_ALL,10,,,2.3721,0.2,0.2
F-M-M-A4-s0,INT_OUTLINE+BW,10,,,21,1,1
F-M-M-A4-s0,INT_GRAY+BG,10,,,3.6408,0.8,0.2
F-M-M-A4-s0,INT_OUTLINE+HALFTONE_M,10,,,17.404,1,1
F-M-M-A4-s0,COPY_SAFE_ECO,10,,,3.3029,0.4,0.4
F-M-M-A4-s0,COMBINED_REMOVE+TINT_75,10,,,3.0755,0.7,0.4
F-M-M-A4-s0,COMBINED_ECO+STRUCT_75,10,,,6.3351,1,0.9
F-M-M-A4-s0,OPACITY_GROUP_90,10,,,2.1859,0.2,0.1
F-M-M-A4-s0,OPACITY_GROUP_75,10,,,1.9287,0.1,0
F-M-M-A4-s0,OPACITY_GROUP_60,10,,,1.6946,0,0
F-M-M-A4-s0,OPACITY_GROUP_45,10,,,1.4896,0,0
F-M-M-A4-s0,OPACITY_ELEM_60,10,,,1.391,0,0
F-M-M-A4-s0,OPACITY_FILL_60,10,,,1.7369,0,0
F-M-M-A4-s0,OPACITY_STROKE_60,10,,,2.3721,0.2,0.2
F-M-M-A4-s0,OPACITY_TEXT_60,10,,,1.6668,0.1,0
F-M-M-A4-s0,TINT_75,10,,,3.0755,0.7,0.4
F-M-M-A4-s0,TINT_55,10,,,6.3351,1,0.9
F-M-M-A4-s0,TINT_30,10,,,10.356,1,1
F-M-M-A4-s0,TINT_FILL_55,10,,,6.3351,1,0.9
F-M-M-A4-s0,TINT_FILL_30,10,,,10.356,1,1
F-M-M-A4-s0,TINT_FILL_15,10,,,13.564,1,1
F-M-M-A4-s0,GRAYSCALE,10,,,3.6408,0.8,0.2
F-M-M-A4-s0,BW_THRESHOLD,,,,,,
F-M-M-A4-s0,BW_SEMANTIC,10,,,17.404,1,1
F-M-M-A4-s0,OUTLINE_ONLY,10,,,17.404,1,1
F-M-M-A4-s0,OUTLINE_NAIVE,10,,,1,0,0
F-M-M-A4-s0,BG_REMOVAL,10,,,2.3721,0.2,0.2
F-M-M-A4-s0,DECOR_REMOVAL,10,,,2.3721,0.2,0.2
F-M-M-A4-s0,HALFTONE_H,10,,,6.3351,1,0.9
F-M-M-A4-s0,HALFTONE_M,10,,,10.356,1,1
F-M-M-A4-s0,HALFTONE_L,10,,,13.564,1,1
F-M-M-A4-s0,DITHER_M,10,,,10.356,1,1
F-M-M-A4-s0,HIGH_CONTRAST,10,,,3.3029,0.4,0.4
F-M-M-A4-s1,STANDARD,10,,,2.3721,0.2,0.2
F-M-M-A4-s1,ECO_COLOUR,10,,,6.3351,1,0.9
F-M-M-A4-s1,SUPER_ECO_BW,10,,,21,1,1
F-M-M-A4-s1,INT_BG+TINT_FILL_55,10,,,6.3351,1,0.9
F-M-M-A4-s1,INT_REMOVE_ALL,10,,,2.3721,0.2,0.2
F-M-M-A4-s1,INT_OUTLINE+BW,10,,,21,1,1
F-M-M-A4-s1,INT_GRAY+BG,10,,,3.6408,0.8,0.2
F-M-M-A4-s1,INT_OUTLINE+HALFTONE_M,10,,,17.404,1,1
F-M-M-A4-s1,COPY_SAFE_ECO,10,,,3.3029,0.4,0.4
F-M-M-A4-s1,COMBINED_REMOVE+TINT_75,10,,,3.0755,0.7,0.4
F-M-M-A4-s1,COMBINED_ECO+STRUCT_75,10,,,6.3351,1,0.9
F-M-M-A4-s1,OPACITY_GROUP_75,10,,,1.9287,0.1,0
F-M-M-A4-s1,OPACITY_GROUP_60,10,,,1.6946,0,0
F-M-M-A4-s1,TINT_55,10,,,6.3351,1,0.9
F-M-M-A4-s1,TINT_FILL_30,10,,,10.356,1,1
F-M-M-A4-s1,GRAYSCALE,10,,,3.6408,0.8,0.2
F-M-M-A4-s1,BW_SEMANTIC,10,,,17.404,1,1
F-M-M-A4-s1,OUTLINE_ONLY,10,,,17.404,1,1
F-M-M-A4-s1,BG_REMOVAL,10,,,2.3721,0.2,0.2
F-M-M-A4-s1,DECOR_REMOVAL,10,,,2.3721,0.2,0.2
F-M-M-A4-s1,HALFTONE_M,10,,,10.356,1,1
F-M-M-A4-s1,HIGH_CONTRAST,10,,,3.3029,0.4,0.4
F-M-M-A4-s2,STANDARD,10,,,2.3721,0.2,0.2
F-M-M-A4-s2,ECO_COLOUR,10,,,6.3351,1,0.9
F-M-M-A4-s2,SUPER_ECO_BW,10,,,21,1,1
F-M-M-A4-s2,INT_BG+TINT_FILL_55,10,,,6.3351,1,0.9
F-M-M-A4-s2,INT_REMOVE_ALL,10,,,2.3721,0.2,0.2
F-M-M-A4-s2,INT_OUTLINE+BW,10,,,21,1,1
F-M-M-A4-s2,INT_GRAY+BG,10,,,3.6408,0.8,0.2
F-M-M-A4-s2,INT_OUTLINE+HALFTONE_M,10,,,17.404,1,1
F-M-M-A4-s2,COPY_SAFE_ECO,10,,,3.3029,0.4,0.4
F-M-M-A4-s2,COMBINED_REMOVE+TINT_75,10,,,3.0755,0.7,0.4
F-M-M-A4-s2,COMBINED_ECO+STRUCT_75,10,,,6.3351,1,0.9
F-M-M-A4-s2,OPACITY_GROUP_75,10,,,1.9287,0.1,0
F-M-M-A4-s2,OPACITY_GROUP_60,10,,,1.6946,0,0
F-M-M-A4-s2,TINT_55,10,,,6.3351,1,0.9
F-M-M-A4-s2,TINT_FILL_30,10,,,10.356,1,1
F-M-M-A4-s2,GRAYSCALE,10,,,3.6408,0.8,0.2
F-M-M-A4-s2,BW_SEMANTIC,10,,,17.404,1,1
F-M-M-A4-s2,OUTLINE_ONLY,10,,,17.404,1,1
F-M-M-A4-s2,BG_REMOVAL,10,,,2.3721,0.2,0.2
F-M-M-A4-s2,DECOR_REMOVAL,10,,,2.3721,0.2,0.2
F-M-M-A4-s2,HALFTONE_M,10,,,10.356,1,1
F-M-M-A4-s2,HIGH_CONTRAST,10,,,3.3029,0.4,0.4
F-M-M-A4-s3,STANDARD,10,,,2.3721,0.2,0.2
F-M-M-A4-s3,ECO_COLOUR,10,,,6.3351,1,0.9
F-M-M-A4-s3,SUPER_ECO_BW,10,,,21,1,1
F-M-M-A4-s3,INT_BG+TINT_FILL_55,10,,,6.3351,1,0.9
F-M-M-A4-s3,INT_REMOVE_ALL,10,,,2.3721,0.2,0.2
F-M-M-A4-s3,INT_OUTLINE+BW,10,,,21,1,1
F-M-M-A4-s3,INT_GRAY+BG,10,,,3.6408,0.8,0.2
F-M-M-A4-s3,INT_OUTLINE+HALFTONE_M,10,,,17.404,1,1
F-M-M-A4-s3,COPY_SAFE_ECO,10,,,3.3029,0.4,0.4
F-M-M-A4-s3,COMBINED_REMOVE+TINT_75,10,,,3.0755,0.7,0.4
F-M-M-A4-s3,COMBINED_ECO+STRUCT_75,10,,,6.3351,1,0.9
F-M-M-A4-s3,OPACITY_GROUP_75,10,,,1.9287,0.1,0
F-M-M-A4-s3,OPACITY_GROUP_60,10,,,1.6946,0,0
F-M-M-A4-s3,TINT_55,10,,,6.3351,1,0.9
F-M-M-A4-s3,TINT_FILL_30,10,,,10.356,1,1
F-M-M-A4-s3,GRAYSCALE,10,,,3.6408,0.8,0.2
F-M-M-A4-s3,BW_SEMANTIC,10,,,17.404,1,1
F-M-M-A4-s3,OUTLINE_ONLY,10,,,17.404,1,1
F-M-M-A4-s3,BG_REMOVAL,10,,,2.3721,0.2,0.2
F-M-M-A4-s3,DECOR_REMOVAL,10,,,2.3721,0.2,0.2
F-M-M-A4-s3,HALFTONE_M,10,,,10.356,1,1
F-M-M-A4-s3,HIGH_CONTRAST,10,,,3.3029,0.4,0.4
F-M-M-A4-s4,STANDARD,10,,,2.3721,0.2,0.2
F-M-M-A4-s4,ECO_COLOUR,10,,,6.3351,1,0.9
F-M-M-A4-s4,SUPER_ECO_BW,10,,,21,1,1
F-M-M-A4-s4,INT_BG+TINT_FILL_55,10,,,6.3351,1,0.9
F-M-M-A4-s4,INT_REMOVE_ALL,10,,,2.3721,0.2,0.2
F-M-M-A4-s4,INT_OUTLINE+BW,10,,,21,1,1
F-M-M-A4-s4,INT_GRAY+BG,10,,,3.6408,0.8,0.2
F-M-M-A4-s4,INT_OUTLINE+HALFTONE_M,10,,,17.404,1,1
F-M-M-A4-s4,COPY_SAFE_ECO,10,,,3.3029,0.4,0.4
F-M-M-A4-s4,COMBINED_REMOVE+TINT_75,10,,,3.0755,0.7,0.4
F-M-M-A4-s4,COMBINED_ECO+STRUCT_75,10,,,6.3351,1,0.9
F-M-M-A4-s4,OPACITY_GROUP_75,10,,,1.9287,0.1,0
F-M-M-A4-s4,OPACITY_GROUP_60,10,,,1.6946,0,0
F-M-M-A4-s4,TINT_55,10,,,6.3351,1,0.9
F-M-M-A4-s4,TINT_FILL_30,10,,,10.356,1,1
F-M-M-A4-s4,GRAYSCALE,10,,,3.6408,0.8,0.2
F-M-M-A4-s4,BW_SEMANTIC,10,,,17.404,1,1
F-M-M-A4-s4,OUTLINE_ONLY,10,,,17.404,1,1
F-M-M-A4-s4,BG_REMOVAL,10,,,2.3721,0.2,0.2
F-M-M-A4-s4,DECOR_REMOVAL,10,,,2.3721,0.2,0.2
F-M-M-A4-s4,HALFTONE_M,10,,,10.356,1,1
F-M-M-A4-s4,HIGH_CONTRAST,10,,,3.3029,0.4,0.4
F-M-M-LETTER-s0,STANDARD,10,,,2.3721,0.2,0.2
F-M-M-LETTER-s0,ECO_COLOUR,10,,,6.3351,1,0.9
F-M-M-LETTER-s0,SUPER_ECO_BW,10,,,21,1,1
F-M-M-LETTER-s0,INT_BG+TINT_FILL_55,10,,,6.3351,1,0.9
F-M-M-LETTER-s0,INT_REMOVE_ALL,10,,,2.3721,0.2,0.2
F-M-M-LETTER-s0,INT_OUTLINE+BW,10,,,21,1,1
F-M-M-LETTER-s0,INT_GRAY+BG,10,,,3.6408,0.8,0.2
F-M-M-LETTER-s0,INT_OUTLINE+HALFTONE_M,10,,,17.404,1,1
F-M-M-LETTER-s0,COPY_SAFE_ECO,10,,,3.3029,0.4,0.4
F-M-M-LETTER-s0,COMBINED_REMOVE+TINT_75,10,,,3.0755,0.7,0.4
F-M-M-LETTER-s0,COMBINED_ECO+STRUCT_75,10,,,6.3351,1,0.9
F-M-M-LETTER-s0,OPACITY_GROUP_75,10,,,1.9287,0.1,0
F-M-M-LETTER-s0,OPACITY_GROUP_60,10,,,1.6946,0,0
F-M-M-LETTER-s0,TINT_55,10,,,6.3351,1,0.9
F-M-M-LETTER-s0,TINT_FILL_30,10,,,10.356,1,1
F-M-M-LETTER-s0,GRAYSCALE,10,,,3.6408,0.8,0.2
F-M-M-LETTER-s0,BW_SEMANTIC,10,,,17.404,1,1
F-M-M-LETTER-s0,OUTLINE_ONLY,10,,,17.404,1,1
F-M-M-LETTER-s0,BG_REMOVAL,10,,,2.3721,0.2,0.2
F-M-M-LETTER-s0,DECOR_REMOVAL,10,,,2.3721,0.2,0.2
F-M-M-LETTER-s0,HALFTONE_M,10,,,10.356,1,1
F-M-M-LETTER-s0,HIGH_CONTRAST,10,,,3.3029,0.4,0.4
F-M-S-A4-s0,STANDARD,21,,,2.3721,0.19048,0.19048
F-M-S-A4-s0,ECO_COLOUR,21,,,6.3351,1,0.85714
F-M-S-A4-s0,SUPER_ECO_BW,21,,,21,1,1
F-M-S-A4-s0,INT_BG+TINT_FILL_55,21,,,6.3351,1,0.85714
F-M-S-A4-s0,INT_REMOVE_ALL,21,,,2.3721,0.19048,0.19048
F-M-S-A4-s0,INT_OUTLINE+BW,21,,,21,1,1
F-M-S-A4-s0,INT_GRAY+BG,21,,,3.6408,0.80952,0.19048
F-M-S-A4-s0,INT_OUTLINE+HALFTONE_M,21,,,17.404,1,1
F-M-S-A4-s0,COPY_SAFE_ECO,21,,,3.3029,0.33333,0.33333
F-M-S-A4-s0,COMBINED_REMOVE+TINT_75,21,,,3.0755,0.66667,0.33333
F-M-S-A4-s0,COMBINED_ECO+STRUCT_75,21,,,6.3351,1,0.85714
F-M-S-A4-s0,OPACITY_GROUP_90,21,,,2.1859,0.19048,0.047619
F-M-S-A4-s0,OPACITY_GROUP_75,21,,,1.9287,0.047619,0
F-M-S-A4-s0,OPACITY_GROUP_60,21,,,1.6946,0,0
F-M-S-A4-s0,OPACITY_GROUP_45,21,,,1.4896,0,0
F-M-S-A4-s0,OPACITY_ELEM_60,21,,,1.391,0,0
F-M-S-A4-s0,OPACITY_FILL_60,21,,,1.7369,0,0
F-M-S-A4-s0,OPACITY_STROKE_60,21,,,2.3721,0.19048,0.19048
F-M-S-A4-s0,OPACITY_TEXT_60,21,,,1.6668,0.047619,0
F-M-S-A4-s0,TINT_75,21,,,3.0755,0.66667,0.33333
F-M-S-A4-s0,TINT_55,21,,,6.3351,1,0.85714
F-M-S-A4-s0,TINT_30,21,,,10.356,1,1
F-M-S-A4-s0,TINT_FILL_55,21,,,6.3351,1,0.85714
F-M-S-A4-s0,TINT_FILL_30,21,,,10.356,1,1
F-M-S-A4-s0,TINT_FILL_15,21,,,13.564,1,1
F-M-S-A4-s0,GRAYSCALE,21,,,3.6408,0.80952,0.19048
F-M-S-A4-s0,BW_THRESHOLD,,,,,,
F-M-S-A4-s0,BW_SEMANTIC,21,,,17.404,1,1
F-M-S-A4-s0,OUTLINE_ONLY,21,,,17.404,1,1
F-M-S-A4-s0,OUTLINE_NAIVE,21,,,1,0,0
F-M-S-A4-s0,BG_REMOVAL,21,,,2.3721,0.19048,0.19048
F-M-S-A4-s0,DECOR_REMOVAL,21,,,2.3721,0.19048,0.19048
F-M-S-A4-s0,HALFTONE_H,21,,,6.3351,1,0.85714
F-M-S-A4-s0,HALFTONE_M,21,,,10.356,1,1
F-M-S-A4-s0,HALFTONE_L,21,,,13.564,1,1
F-M-S-A4-s0,DITHER_M,21,,,10.356,1,1
F-M-S-A4-s0,HIGH_CONTRAST,21,,,3.3029,0.33333,0.33333
G-H-L-A4-s0,STANDARD,0,17.404,1,,,
G-H-L-A4-s0,ECO_COLOUR,0,17.404,1,,,
G-H-L-A4-s0,SUPER_ECO_BW,0,21,1,,,
G-H-L-A4-s0,INT_BG+TINT_FILL_55,0,17.404,1,,,
G-H-L-A4-s0,INT_REMOVE_ALL,0,17.404,1,,,
G-H-L-A4-s0,INT_OUTLINE+BW,0,21,1,,,
G-H-L-A4-s0,INT_GRAY+BG,0,17.404,1,,,
G-H-L-A4-s0,INT_OUTLINE+HALFTONE_M,0,17.404,1,,,
G-H-L-A4-s0,COPY_SAFE_ECO,0,21,1,,,
G-H-L-A4-s0,COMBINED_REMOVE+TINT_75,0,7.6923,1,,,
G-H-L-A4-s0,COMBINED_ECO+STRUCT_75,0,7.6923,1,,,
G-H-L-A4-s0,OPACITY_GROUP_90,0,13.009,1,,,
G-H-L-A4-s0,OPACITY_GROUP_75,0,7.6923,1,,,
G-H-L-A4-s0,OPACITY_GROUP_60,0,4.5422,1,,,
G-H-L-A4-s0,OPACITY_GROUP_45,0,2.8847,0,,,
G-H-L-A4-s0,OPACITY_ELEM_60,0,4.5422,1,,,
G-H-L-A4-s0,OPACITY_FILL_60,0,17.404,1,,,
G-H-L-A4-s0,OPACITY_STROKE_60,0,4.5422,1,,,
G-H-L-A4-s0,OPACITY_TEXT_60,0,17.404,1,,,
G-H-L-A4-s0,TINT_75,0,7.6923,1,,,
G-H-L-A4-s0,TINT_55,0,3.8957,1,,,
G-H-L-A4-s0,TINT_30,0,1.9408,0,,,
G-H-L-A4-s0,TINT_FILL_55,0,17.404,1,,,
G-H-L-A4-s0,TINT_FILL_30,0,17.404,1,,,
G-H-L-A4-s0,TINT_FILL_15,0,17.404,1,,,
G-H-L-A4-s0,GRAYSCALE,0,17.404,1,,,
G-H-L-A4-s0,BW_THRESHOLD,,,,,,
G-H-L-A4-s0,BW_SEMANTIC,0,21,1,,,
G-H-L-A4-s0,OUTLINE_ONLY,0,17.404,1,,,
G-H-L-A4-s0,OUTLINE_NAIVE,0,17.404,1,,,
G-H-L-A4-s0,BG_REMOVAL,0,17.404,1,,,
G-H-L-A4-s0,DECOR_REMOVAL,0,17.404,1,,,
G-H-L-A4-s0,HALFTONE_H,0,17.404,1,,,
G-H-L-A4-s0,HALFTONE_M,0,17.404,1,,,
G-H-L-A4-s0,HALFTONE_L,0,17.404,1,,,
G-H-L-A4-s0,DITHER_M,0,17.404,1,,,
G-H-L-A4-s0,HIGH_CONTRAST,0,21,1,,,
G-H-M-A4-s0,STANDARD,0,17.404,1,,,
G-H-M-A4-s0,ECO_COLOUR,0,17.404,1,,,
G-H-M-A4-s0,SUPER_ECO_BW,0,21,1,,,
G-H-M-A4-s0,INT_BG+TINT_FILL_55,0,17.404,1,,,
G-H-M-A4-s0,INT_REMOVE_ALL,0,17.404,1,,,
G-H-M-A4-s0,INT_OUTLINE+BW,0,21,1,,,
G-H-M-A4-s0,INT_GRAY+BG,0,17.404,1,,,
G-H-M-A4-s0,INT_OUTLINE+HALFTONE_M,0,17.404,1,,,
G-H-M-A4-s0,COPY_SAFE_ECO,0,21,1,,,
G-H-M-A4-s0,COMBINED_REMOVE+TINT_75,0,7.6923,1,,,
G-H-M-A4-s0,COMBINED_ECO+STRUCT_75,0,7.6923,1,,,
G-H-M-A4-s0,OPACITY_GROUP_90,0,13.009,1,,,
G-H-M-A4-s0,OPACITY_GROUP_75,0,7.6923,1,,,
G-H-M-A4-s0,OPACITY_GROUP_60,0,4.5422,1,,,
G-H-M-A4-s0,OPACITY_GROUP_45,0,2.8847,0,,,
G-H-M-A4-s0,OPACITY_ELEM_60,0,4.5422,1,,,
G-H-M-A4-s0,OPACITY_FILL_60,0,17.404,1,,,
G-H-M-A4-s0,OPACITY_STROKE_60,0,4.5422,1,,,
G-H-M-A4-s0,OPACITY_TEXT_60,0,17.404,1,,,
G-H-M-A4-s0,TINT_75,0,7.6923,1,,,
G-H-M-A4-s0,TINT_55,0,3.8957,1,,,
G-H-M-A4-s0,TINT_30,0,1.9408,0,,,
G-H-M-A4-s0,TINT_FILL_55,0,17.404,1,,,
G-H-M-A4-s0,TINT_FILL_30,0,17.404,1,,,
G-H-M-A4-s0,TINT_FILL_15,0,17.404,1,,,
G-H-M-A4-s0,GRAYSCALE,0,17.404,1,,,
G-H-M-A4-s0,BW_THRESHOLD,,,,,,
G-H-M-A4-s0,BW_SEMANTIC,0,21,1,,,
G-H-M-A4-s0,OUTLINE_ONLY,0,17.404,1,,,
G-H-M-A4-s0,OUTLINE_NAIVE,0,17.404,1,,,
G-H-M-A4-s0,BG_REMOVAL,0,17.404,1,,,
G-H-M-A4-s0,DECOR_REMOVAL,0,17.404,1,,,
G-H-M-A4-s0,HALFTONE_H,0,17.404,1,,,
G-H-M-A4-s0,HALFTONE_M,0,17.404,1,,,
G-H-M-A4-s0,HALFTONE_L,0,17.404,1,,,
G-H-M-A4-s0,DITHER_M,0,17.404,1,,,
G-H-M-A4-s0,HIGH_CONTRAST,0,21,1,,,
G-H-M-LETTER-s0,STANDARD,0,17.404,1,,,
G-H-M-LETTER-s0,ECO_COLOUR,0,17.404,1,,,
G-H-M-LETTER-s0,SUPER_ECO_BW,0,21,1,,,
G-H-M-LETTER-s0,OPACITY_GROUP_75,0,7.6923,1,,,
G-H-M-LETTER-s0,OPACITY_GROUP_60,0,4.5422,1,,,
G-H-M-LETTER-s0,TINT_55,0,3.8957,1,,,
G-H-M-LETTER-s0,TINT_FILL_30,0,17.404,1,,,
G-H-M-LETTER-s0,GRAYSCALE,0,17.404,1,,,
G-H-M-LETTER-s0,BW_SEMANTIC,0,21,1,,,
G-H-M-LETTER-s0,OUTLINE_ONLY,0,17.404,1,,,
G-H-M-LETTER-s0,BG_REMOVAL,0,17.404,1,,,
G-H-M-LETTER-s0,DECOR_REMOVAL,0,17.404,1,,,
G-H-M-LETTER-s0,HALFTONE_M,0,17.404,1,,,
G-H-M-LETTER-s0,HIGH_CONTRAST,0,21,1,,,
G-H-S-A4-s0,STANDARD,0,17.404,1,,,
G-H-S-A4-s0,ECO_COLOUR,0,17.404,1,,,
G-H-S-A4-s0,SUPER_ECO_BW,0,21,1,,,
G-H-S-A4-s0,INT_BG+TINT_FILL_55,0,17.404,1,,,
G-H-S-A4-s0,INT_REMOVE_ALL,0,17.404,1,,,
G-H-S-A4-s0,INT_OUTLINE+BW,0,21,1,,,
G-H-S-A4-s0,INT_GRAY+BG,0,17.404,1,,,
G-H-S-A4-s0,INT_OUTLINE+HALFTONE_M,0,17.404,1,,,
G-H-S-A4-s0,COPY_SAFE_ECO,0,21,1,,,
G-H-S-A4-s0,COMBINED_REMOVE+TINT_75,0,7.6923,1,,,
G-H-S-A4-s0,COMBINED_ECO+STRUCT_75,0,7.6923,1,,,
G-H-S-A4-s0,OPACITY_GROUP_90,0,13.009,1,,,
G-H-S-A4-s0,OPACITY_GROUP_75,0,7.6923,1,,,
G-H-S-A4-s0,OPACITY_GROUP_60,0,4.5422,1,,,
G-H-S-A4-s0,OPACITY_GROUP_45,0,2.8847,0,,,
G-H-S-A4-s0,OPACITY_ELEM_60,0,4.5422,1,,,
G-H-S-A4-s0,OPACITY_FILL_60,0,17.404,1,,,
G-H-S-A4-s0,OPACITY_STROKE_60,0,4.5422,1,,,
G-H-S-A4-s0,OPACITY_TEXT_60,0,17.404,1,,,
G-H-S-A4-s0,TINT_75,0,7.6923,1,,,
G-H-S-A4-s0,TINT_55,0,3.8957,1,,,
G-H-S-A4-s0,TINT_30,0,1.9408,0,,,
G-H-S-A4-s0,TINT_FILL_55,0,17.404,1,,,
G-H-S-A4-s0,TINT_FILL_30,0,17.404,1,,,
G-H-S-A4-s0,TINT_FILL_15,0,17.404,1,,,
G-H-S-A4-s0,GRAYSCALE,0,17.404,1,,,
G-H-S-A4-s0,BW_THRESHOLD,,,,,,
G-H-S-A4-s0,BW_SEMANTIC,0,21,1,,,
G-H-S-A4-s0,OUTLINE_ONLY,0,17.404,1,,,
G-H-S-A4-s0,OUTLINE_NAIVE,0,17.404,1,,,
G-H-S-A4-s0,BG_REMOVAL,0,17.404,1,,,
G-H-S-A4-s0,DECOR_REMOVAL,0,17.404,1,,,
G-H-S-A4-s0,HALFTONE_H,0,17.404,1,,,
G-H-S-A4-s0,HALFTONE_M,0,17.404,1,,,
G-H-S-A4-s0,HALFTONE_L,0,17.404,1,,,
G-H-S-A4-s0,DITHER_M,0,17.404,1,,,
G-H-S-A4-s0,HIGH_CONTRAST,0,21,1,,,
G-L-L-A4-s0,STANDARD,0,17.404,1,,,
G-L-L-A4-s0,ECO_COLOUR,0,17.404,1,,,
G-L-L-A4-s0,SUPER_ECO_BW,0,21,1,,,
G-L-L-A4-s0,INT_BG+TINT_FILL_55,0,17.404,1,,,
G-L-L-A4-s0,INT_REMOVE_ALL,0,17.404,1,,,
G-L-L-A4-s0,INT_OUTLINE+BW,0,21,1,,,
G-L-L-A4-s0,INT_GRAY+BG,0,17.404,1,,,
G-L-L-A4-s0,INT_OUTLINE+HALFTONE_M,0,17.404,1,,,
G-L-L-A4-s0,COPY_SAFE_ECO,0,21,1,,,
G-L-L-A4-s0,COMBINED_REMOVE+TINT_75,0,7.6923,1,,,
G-L-L-A4-s0,COMBINED_ECO+STRUCT_75,0,7.6923,1,,,
G-L-L-A4-s0,OPACITY_GROUP_90,0,13.009,1,,,
G-L-L-A4-s0,OPACITY_GROUP_75,0,7.6923,1,,,
G-L-L-A4-s0,OPACITY_GROUP_60,0,4.5422,1,,,
G-L-L-A4-s0,OPACITY_GROUP_45,0,2.8847,0,,,
G-L-L-A4-s0,OPACITY_ELEM_60,0,4.5422,1,,,
G-L-L-A4-s0,OPACITY_FILL_60,0,17.404,1,,,
G-L-L-A4-s0,OPACITY_STROKE_60,0,4.5422,1,,,
G-L-L-A4-s0,OPACITY_TEXT_60,0,17.404,1,,,
G-L-L-A4-s0,TINT_75,0,7.6923,1,,,
G-L-L-A4-s0,TINT_55,0,3.8957,1,,,
G-L-L-A4-s0,TINT_30,0,1.9408,0,,,
G-L-L-A4-s0,TINT_FILL_55,0,17.404,1,,,
G-L-L-A4-s0,TINT_FILL_30,0,17.404,1,,,
G-L-L-A4-s0,TINT_FILL_15,0,17.404,1,,,
G-L-L-A4-s0,GRAYSCALE,0,17.404,1,,,
G-L-L-A4-s0,BW_THRESHOLD,,,,,,
G-L-L-A4-s0,BW_SEMANTIC,0,21,1,,,
G-L-L-A4-s0,OUTLINE_ONLY,0,17.404,1,,,
G-L-L-A4-s0,OUTLINE_NAIVE,0,17.404,1,,,
G-L-L-A4-s0,BG_REMOVAL,0,17.404,1,,,
G-L-L-A4-s0,DECOR_REMOVAL,0,17.404,1,,,
G-L-L-A4-s0,HALFTONE_H,0,17.404,1,,,
G-L-L-A4-s0,HALFTONE_M,0,17.404,1,,,
G-L-L-A4-s0,HALFTONE_L,0,17.404,1,,,
G-L-L-A4-s0,DITHER_M,0,17.404,1,,,
G-L-L-A4-s0,HIGH_CONTRAST,0,21,1,,,
G-L-M-A4-s0,STANDARD,0,17.404,1,,,
G-L-M-A4-s0,ECO_COLOUR,0,17.404,1,,,
G-L-M-A4-s0,SUPER_ECO_BW,0,21,1,,,
G-L-M-A4-s0,INT_BG+TINT_FILL_55,0,17.404,1,,,
G-L-M-A4-s0,INT_REMOVE_ALL,0,17.404,1,,,
G-L-M-A4-s0,INT_OUTLINE+BW,0,21,1,,,
G-L-M-A4-s0,INT_GRAY+BG,0,17.404,1,,,
G-L-M-A4-s0,INT_OUTLINE+HALFTONE_M,0,17.404,1,,,
G-L-M-A4-s0,COPY_SAFE_ECO,0,21,1,,,
G-L-M-A4-s0,COMBINED_REMOVE+TINT_75,0,7.6923,1,,,
G-L-M-A4-s0,COMBINED_ECO+STRUCT_75,0,7.6923,1,,,
G-L-M-A4-s0,OPACITY_GROUP_90,0,13.009,1,,,
G-L-M-A4-s0,OPACITY_GROUP_75,0,7.6923,1,,,
G-L-M-A4-s0,OPACITY_GROUP_60,0,4.5422,1,,,
G-L-M-A4-s0,OPACITY_GROUP_45,0,2.8847,0,,,
G-L-M-A4-s0,OPACITY_ELEM_60,0,4.5422,1,,,
G-L-M-A4-s0,OPACITY_FILL_60,0,17.404,1,,,
G-L-M-A4-s0,OPACITY_STROKE_60,0,4.5422,1,,,
G-L-M-A4-s0,OPACITY_TEXT_60,0,17.404,1,,,
G-L-M-A4-s0,TINT_75,0,7.6923,1,,,
G-L-M-A4-s0,TINT_55,0,3.8957,1,,,
G-L-M-A4-s0,TINT_30,0,1.9408,0,,,
G-L-M-A4-s0,TINT_FILL_55,0,17.404,1,,,
G-L-M-A4-s0,TINT_FILL_30,0,17.404,1,,,
G-L-M-A4-s0,TINT_FILL_15,0,17.404,1,,,
G-L-M-A4-s0,GRAYSCALE,0,17.404,1,,,
G-L-M-A4-s0,BW_THRESHOLD,,,,,,
G-L-M-A4-s0,BW_SEMANTIC,0,21,1,,,
G-L-M-A4-s0,OUTLINE_ONLY,0,17.404,1,,,
G-L-M-A4-s0,OUTLINE_NAIVE,0,17.404,1,,,
G-L-M-A4-s0,BG_REMOVAL,0,17.404,1,,,
G-L-M-A4-s0,DECOR_REMOVAL,0,17.404,1,,,
G-L-M-A4-s0,HALFTONE_H,0,17.404,1,,,
G-L-M-A4-s0,HALFTONE_M,0,17.404,1,,,
G-L-M-A4-s0,HALFTONE_L,0,17.404,1,,,
G-L-M-A4-s0,DITHER_M,0,17.404,1,,,
G-L-M-A4-s0,HIGH_CONTRAST,0,21,1,,,
G-L-M-LETTER-s0,STANDARD,0,17.404,1,,,
G-L-M-LETTER-s0,ECO_COLOUR,0,17.404,1,,,
G-L-M-LETTER-s0,SUPER_ECO_BW,0,21,1,,,
G-L-M-LETTER-s0,OPACITY_GROUP_75,0,7.6923,1,,,
G-L-M-LETTER-s0,OPACITY_GROUP_60,0,4.5422,1,,,
G-L-M-LETTER-s0,TINT_55,0,3.8957,1,,,
G-L-M-LETTER-s0,TINT_FILL_30,0,17.404,1,,,
G-L-M-LETTER-s0,GRAYSCALE,0,17.404,1,,,
G-L-M-LETTER-s0,BW_SEMANTIC,0,21,1,,,
G-L-M-LETTER-s0,OUTLINE_ONLY,0,17.404,1,,,
G-L-M-LETTER-s0,BG_REMOVAL,0,17.404,1,,,
G-L-M-LETTER-s0,DECOR_REMOVAL,0,17.404,1,,,
G-L-M-LETTER-s0,HALFTONE_M,0,17.404,1,,,
G-L-M-LETTER-s0,HIGH_CONTRAST,0,21,1,,,
G-L-S-A4-s0,STANDARD,0,17.404,1,,,
G-L-S-A4-s0,ECO_COLOUR,0,17.404,1,,,
G-L-S-A4-s0,SUPER_ECO_BW,0,21,1,,,
G-L-S-A4-s0,INT_BG+TINT_FILL_55,0,17.404,1,,,
G-L-S-A4-s0,INT_REMOVE_ALL,0,17.404,1,,,
G-L-S-A4-s0,INT_OUTLINE+BW,0,21,1,,,
G-L-S-A4-s0,INT_GRAY+BG,0,17.404,1,,,
G-L-S-A4-s0,INT_OUTLINE+HALFTONE_M,0,17.404,1,,,
G-L-S-A4-s0,COPY_SAFE_ECO,0,21,1,,,
G-L-S-A4-s0,COMBINED_REMOVE+TINT_75,0,7.6923,1,,,
G-L-S-A4-s0,COMBINED_ECO+STRUCT_75,0,7.6923,1,,,
G-L-S-A4-s0,OPACITY_GROUP_90,0,13.009,1,,,
G-L-S-A4-s0,OPACITY_GROUP_75,0,7.6923,1,,,
G-L-S-A4-s0,OPACITY_GROUP_60,0,4.5422,1,,,
G-L-S-A4-s0,OPACITY_GROUP_45,0,2.8847,0,,,
G-L-S-A4-s0,OPACITY_ELEM_60,0,4.5422,1,,,
G-L-S-A4-s0,OPACITY_FILL_60,0,17.404,1,,,
G-L-S-A4-s0,OPACITY_STROKE_60,0,4.5422,1,,,
G-L-S-A4-s0,OPACITY_TEXT_60,0,17.404,1,,,
G-L-S-A4-s0,TINT_75,0,7.6923,1,,,
G-L-S-A4-s0,TINT_55,0,3.8957,1,,,
G-L-S-A4-s0,TINT_30,0,1.9408,0,,,
G-L-S-A4-s0,TINT_FILL_55,0,17.404,1,,,
G-L-S-A4-s0,TINT_FILL_30,0,17.404,1,,,
G-L-S-A4-s0,TINT_FILL_15,0,17.404,1,,,
G-L-S-A4-s0,GRAYSCALE,0,17.404,1,,,
G-L-S-A4-s0,BW_THRESHOLD,,,,,,
G-L-S-A4-s0,BW_SEMANTIC,0,21,1,,,
G-L-S-A4-s0,OUTLINE_ONLY,0,17.404,1,,,
G-L-S-A4-s0,OUTLINE_NAIVE,0,17.404,1,,,
G-L-S-A4-s0,BG_REMOVAL,0,17.404,1,,,
G-L-S-A4-s0,DECOR_REMOVAL,0,17.404,1,,,
G-L-S-A4-s0,HALFTONE_H,0,17.404,1,,,
G-L-S-A4-s0,HALFTONE_M,0,17.404,1,,,
G-L-S-A4-s0,HALFTONE_L,0,17.404,1,,,
G-L-S-A4-s0,DITHER_M,0,17.404,1,,,
G-L-S-A4-s0,HIGH_CONTRAST,0,21,1,,,
G-M-L-A4-s0,STANDARD,0,17.404,1,,,
G-M-L-A4-s0,ECO_COLOUR,0,17.404,1,,,
G-M-L-A4-s0,SUPER_ECO_BW,0,21,1,,,
G-M-L-A4-s0,INT_BG+TINT_FILL_55,0,17.404,1,,,
G-M-L-A4-s0,INT_REMOVE_ALL,0,17.404,1,,,
G-M-L-A4-s0,INT_OUTLINE+BW,0,21,1,,,
G-M-L-A4-s0,INT_GRAY+BG,0,17.404,1,,,
G-M-L-A4-s0,INT_OUTLINE+HALFTONE_M,0,17.404,1,,,
G-M-L-A4-s0,COPY_SAFE_ECO,0,21,1,,,
G-M-L-A4-s0,COMBINED_REMOVE+TINT_75,0,7.6923,1,,,
G-M-L-A4-s0,COMBINED_ECO+STRUCT_75,0,7.6923,1,,,
G-M-L-A4-s0,OPACITY_GROUP_90,0,13.009,1,,,
G-M-L-A4-s0,OPACITY_GROUP_75,0,7.6923,1,,,
G-M-L-A4-s0,OPACITY_GROUP_60,0,4.5422,1,,,
G-M-L-A4-s0,OPACITY_GROUP_45,0,2.8847,0,,,
G-M-L-A4-s0,OPACITY_ELEM_60,0,4.5422,1,,,
G-M-L-A4-s0,OPACITY_FILL_60,0,17.404,1,,,
G-M-L-A4-s0,OPACITY_STROKE_60,0,4.5422,1,,,
G-M-L-A4-s0,OPACITY_TEXT_60,0,17.404,1,,,
G-M-L-A4-s0,TINT_75,0,7.6923,1,,,
G-M-L-A4-s0,TINT_55,0,3.8957,1,,,
G-M-L-A4-s0,TINT_30,0,1.9408,0,,,
G-M-L-A4-s0,TINT_FILL_55,0,17.404,1,,,
G-M-L-A4-s0,TINT_FILL_30,0,17.404,1,,,
G-M-L-A4-s0,TINT_FILL_15,0,17.404,1,,,
G-M-L-A4-s0,GRAYSCALE,0,17.404,1,,,
G-M-L-A4-s0,BW_THRESHOLD,,,,,,
G-M-L-A4-s0,BW_SEMANTIC,0,21,1,,,
G-M-L-A4-s0,OUTLINE_ONLY,0,17.404,1,,,
G-M-L-A4-s0,OUTLINE_NAIVE,0,17.404,1,,,
G-M-L-A4-s0,BG_REMOVAL,0,17.404,1,,,
G-M-L-A4-s0,DECOR_REMOVAL,0,17.404,1,,,
G-M-L-A4-s0,HALFTONE_H,0,17.404,1,,,
G-M-L-A4-s0,HALFTONE_M,0,17.404,1,,,
G-M-L-A4-s0,HALFTONE_L,0,17.404,1,,,
G-M-L-A4-s0,DITHER_M,0,17.404,1,,,
G-M-L-A4-s0,HIGH_CONTRAST,0,21,1,,,
G-M-M-A4-s0,STANDARD,0,17.404,1,,,
G-M-M-A4-s0,ECO_COLOUR,0,17.404,1,,,
G-M-M-A4-s0,SUPER_ECO_BW,0,21,1,,,
G-M-M-A4-s0,INT_BG+TINT_FILL_55,0,17.404,1,,,
G-M-M-A4-s0,INT_REMOVE_ALL,0,17.404,1,,,
G-M-M-A4-s0,INT_OUTLINE+BW,0,21,1,,,
G-M-M-A4-s0,INT_GRAY+BG,0,17.404,1,,,
G-M-M-A4-s0,INT_OUTLINE+HALFTONE_M,0,17.404,1,,,
G-M-M-A4-s0,COPY_SAFE_ECO,0,21,1,,,
G-M-M-A4-s0,COMBINED_REMOVE+TINT_75,0,7.6923,1,,,
G-M-M-A4-s0,COMBINED_ECO+STRUCT_75,0,7.6923,1,,,
G-M-M-A4-s0,OPACITY_GROUP_90,0,13.009,1,,,
G-M-M-A4-s0,OPACITY_GROUP_75,0,7.6923,1,,,
G-M-M-A4-s0,OPACITY_GROUP_60,0,4.5422,1,,,
G-M-M-A4-s0,OPACITY_GROUP_45,0,2.8847,0,,,
G-M-M-A4-s0,OPACITY_ELEM_60,0,4.5422,1,,,
G-M-M-A4-s0,OPACITY_FILL_60,0,17.404,1,,,
G-M-M-A4-s0,OPACITY_STROKE_60,0,4.5422,1,,,
G-M-M-A4-s0,OPACITY_TEXT_60,0,17.404,1,,,
G-M-M-A4-s0,TINT_75,0,7.6923,1,,,
G-M-M-A4-s0,TINT_55,0,3.8957,1,,,
G-M-M-A4-s0,TINT_30,0,1.9408,0,,,
G-M-M-A4-s0,TINT_FILL_55,0,17.404,1,,,
G-M-M-A4-s0,TINT_FILL_30,0,17.404,1,,,
G-M-M-A4-s0,TINT_FILL_15,0,17.404,1,,,
G-M-M-A4-s0,GRAYSCALE,0,17.404,1,,,
G-M-M-A4-s0,BW_THRESHOLD,,,,,,
G-M-M-A4-s0,BW_SEMANTIC,0,21,1,,,
G-M-M-A4-s0,OUTLINE_ONLY,0,17.404,1,,,
G-M-M-A4-s0,OUTLINE_NAIVE,0,17.404,1,,,
G-M-M-A4-s0,BG_REMOVAL,0,17.404,1,,,
G-M-M-A4-s0,DECOR_REMOVAL,0,17.404,1,,,
G-M-M-A4-s0,HALFTONE_H,0,17.404,1,,,
G-M-M-A4-s0,HALFTONE_M,0,17.404,1,,,
G-M-M-A4-s0,HALFTONE_L,0,17.404,1,,,
G-M-M-A4-s0,DITHER_M,0,17.404,1,,,
G-M-M-A4-s0,HIGH_CONTRAST,0,21,1,,,
G-M-M-A4-s1,STANDARD,0,17.404,1,,,
G-M-M-A4-s1,ECO_COLOUR,0,17.404,1,,,
G-M-M-A4-s1,SUPER_ECO_BW,0,21,1,,,
G-M-M-A4-s1,OPACITY_GROUP_75,0,7.6923,1,,,
G-M-M-A4-s1,OPACITY_GROUP_60,0,4.5422,1,,,
G-M-M-A4-s1,TINT_55,0,3.8957,1,,,
G-M-M-A4-s1,TINT_FILL_30,0,17.404,1,,,
G-M-M-A4-s1,GRAYSCALE,0,17.404,1,,,
G-M-M-A4-s1,BW_SEMANTIC,0,21,1,,,
G-M-M-A4-s1,OUTLINE_ONLY,0,17.404,1,,,
G-M-M-A4-s1,BG_REMOVAL,0,17.404,1,,,
G-M-M-A4-s1,DECOR_REMOVAL,0,17.404,1,,,
G-M-M-A4-s1,HALFTONE_M,0,17.404,1,,,
G-M-M-A4-s1,HIGH_CONTRAST,0,21,1,,,
G-M-M-A4-s2,STANDARD,0,17.404,1,,,
G-M-M-A4-s2,ECO_COLOUR,0,17.404,1,,,
G-M-M-A4-s2,SUPER_ECO_BW,0,21,1,,,
G-M-M-A4-s2,OPACITY_GROUP_75,0,7.6923,1,,,
G-M-M-A4-s2,OPACITY_GROUP_60,0,4.5422,1,,,
G-M-M-A4-s2,TINT_55,0,3.8957,1,,,
G-M-M-A4-s2,TINT_FILL_30,0,17.404,1,,,
G-M-M-A4-s2,GRAYSCALE,0,17.404,1,,,
G-M-M-A4-s2,BW_SEMANTIC,0,21,1,,,
G-M-M-A4-s2,OUTLINE_ONLY,0,17.404,1,,,
G-M-M-A4-s2,BG_REMOVAL,0,17.404,1,,,
G-M-M-A4-s2,DECOR_REMOVAL,0,17.404,1,,,
G-M-M-A4-s2,HALFTONE_M,0,17.404,1,,,
G-M-M-A4-s2,HIGH_CONTRAST,0,21,1,,,
G-M-M-A4-s3,STANDARD,0,17.404,1,,,
G-M-M-A4-s3,ECO_COLOUR,0,17.404,1,,,
G-M-M-A4-s3,SUPER_ECO_BW,0,21,1,,,
G-M-M-A4-s3,OPACITY_GROUP_75,0,7.6923,1,,,
G-M-M-A4-s3,OPACITY_GROUP_60,0,4.5422,1,,,
G-M-M-A4-s3,TINT_55,0,3.8957,1,,,
G-M-M-A4-s3,TINT_FILL_30,0,17.404,1,,,
G-M-M-A4-s3,GRAYSCALE,0,17.404,1,,,
G-M-M-A4-s3,BW_SEMANTIC,0,21,1,,,
G-M-M-A4-s3,OUTLINE_ONLY,0,17.404,1,,,
G-M-M-A4-s3,BG_REMOVAL,0,17.404,1,,,
G-M-M-A4-s3,DECOR_REMOVAL,0,17.404,1,,,
G-M-M-A4-s3,HALFTONE_M,0,17.404,1,,,
G-M-M-A4-s3,HIGH_CONTRAST,0,21,1,,,
G-M-M-A4-s4,STANDARD,0,17.404,1,,,
G-M-M-A4-s4,ECO_COLOUR,0,17.404,1,,,
G-M-M-A4-s4,SUPER_ECO_BW,0,21,1,,,
G-M-M-A4-s4,OPACITY_GROUP_75,0,7.6923,1,,,
G-M-M-A4-s4,OPACITY_GROUP_60,0,4.5422,1,,,
G-M-M-A4-s4,TINT_55,0,3.8957,1,,,
G-M-M-A4-s4,TINT_FILL_30,0,17.404,1,,,
G-M-M-A4-s4,GRAYSCALE,0,17.404,1,,,
G-M-M-A4-s4,BW_SEMANTIC,0,21,1,,,
G-M-M-A4-s4,OUTLINE_ONLY,0,17.404,1,,,
G-M-M-A4-s4,BG_REMOVAL,0,17.404,1,,,
G-M-M-A4-s4,DECOR_REMOVAL,0,17.404,1,,,
G-M-M-A4-s4,HALFTONE_M,0,17.404,1,,,
G-M-M-A4-s4,HIGH_CONTRAST,0,21,1,,,
G-M-M-LETTER-s0,STANDARD,0,17.404,1,,,
G-M-M-LETTER-s0,ECO_COLOUR,0,17.404,1,,,
G-M-M-LETTER-s0,SUPER_ECO_BW,0,21,1,,,
G-M-M-LETTER-s0,OPACITY_GROUP_75,0,7.6923,1,,,
G-M-M-LETTER-s0,OPACITY_GROUP_60,0,4.5422,1,,,
G-M-M-LETTER-s0,TINT_55,0,3.8957,1,,,
G-M-M-LETTER-s0,TINT_FILL_30,0,17.404,1,,,
G-M-M-LETTER-s0,GRAYSCALE,0,17.404,1,,,
G-M-M-LETTER-s0,BW_SEMANTIC,0,21,1,,,
G-M-M-LETTER-s0,OUTLINE_ONLY,0,17.404,1,,,
G-M-M-LETTER-s0,BG_REMOVAL,0,17.404,1,,,
G-M-M-LETTER-s0,DECOR_REMOVAL,0,17.404,1,,,
G-M-M-LETTER-s0,HALFTONE_M,0,17.404,1,,,
G-M-M-LETTER-s0,HIGH_CONTRAST,0,21,1,,,
G-M-S-A4-s0,STANDARD,0,17.404,1,,,
G-M-S-A4-s0,ECO_COLOUR,0,17.404,1,,,
G-M-S-A4-s0,SUPER_ECO_BW,0,21,1,,,
G-M-S-A4-s0,INT_BG+TINT_FILL_55,0,17.404,1,,,
G-M-S-A4-s0,INT_REMOVE_ALL,0,17.404,1,,,
G-M-S-A4-s0,INT_OUTLINE+BW,0,21,1,,,
G-M-S-A4-s0,INT_GRAY+BG,0,17.404,1,,,
G-M-S-A4-s0,INT_OUTLINE+HALFTONE_M,0,17.404,1,,,
G-M-S-A4-s0,COPY_SAFE_ECO,0,21,1,,,
G-M-S-A4-s0,COMBINED_REMOVE+TINT_75,0,7.6923,1,,,
G-M-S-A4-s0,COMBINED_ECO+STRUCT_75,0,7.6923,1,,,
G-M-S-A4-s0,OPACITY_GROUP_90,0,13.009,1,,,
G-M-S-A4-s0,OPACITY_GROUP_75,0,7.6923,1,,,
G-M-S-A4-s0,OPACITY_GROUP_60,0,4.5422,1,,,
G-M-S-A4-s0,OPACITY_GROUP_45,0,2.8847,0,,,
G-M-S-A4-s0,OPACITY_ELEM_60,0,4.5422,1,,,
G-M-S-A4-s0,OPACITY_FILL_60,0,17.404,1,,,
G-M-S-A4-s0,OPACITY_STROKE_60,0,4.5422,1,,,
G-M-S-A4-s0,OPACITY_TEXT_60,0,17.404,1,,,
G-M-S-A4-s0,TINT_75,0,7.6923,1,,,
G-M-S-A4-s0,TINT_55,0,3.8957,1,,,
G-M-S-A4-s0,TINT_30,0,1.9408,0,,,
G-M-S-A4-s0,TINT_FILL_55,0,17.404,1,,,
G-M-S-A4-s0,TINT_FILL_30,0,17.404,1,,,
G-M-S-A4-s0,TINT_FILL_15,0,17.404,1,,,
G-M-S-A4-s0,GRAYSCALE,0,17.404,1,,,
G-M-S-A4-s0,BW_THRESHOLD,,,,,,
G-M-S-A4-s0,BW_SEMANTIC,0,21,1,,,
G-M-S-A4-s0,OUTLINE_ONLY,0,17.404,1,,,
G-M-S-A4-s0,OUTLINE_NAIVE,0,17.404,1,,,
G-M-S-A4-s0,BG_REMOVAL,0,17.404,1,,,
G-M-S-A4-s0,DECOR_REMOVAL,0,17.404,1,,,
G-M-S-A4-s0,HALFTONE_H,0,17.404,1,,,
G-M-S-A4-s0,HALFTONE_M,0,17.404,1,,,
G-M-S-A4-s0,HALFTONE_L,0,17.404,1,,,
G-M-S-A4-s0,DITHER_M,0,17.404,1,,,
G-M-S-A4-s0,HIGH_CONTRAST,0,21,1,,,
H-H-L-A4-s0,STANDARD,38,13.184,1,13.184,1,1
H-H-L-A4-s0,ECO_COLOUR,38,17.404,1,17.404,1,1
H-H-L-A4-s0,SUPER_ECO_BW,38,21,1,21,1,1
H-H-L-A4-s0,INT_BG+TINT_FILL_55,38,15.001,1,15.001,1,1
H-H-L-A4-s0,INT_REMOVE_ALL,38,17.404,1,17.404,1,1
H-H-L-A4-s0,INT_OUTLINE+BW,38,21,1,21,1,1
H-H-L-A4-s0,INT_GRAY+BG,38,13.184,1,13.184,1,1
H-H-L-A4-s0,INT_OUTLINE+HALFTONE_M,38,17.404,1,17.404,1,1
H-H-L-A4-s0,COPY_SAFE_ECO,38,21,1,21,1,1
H-H-L-A4-s0,COMBINED_REMOVE+TINT_75,38,7.6923,1,7.6923,1,1
H-H-L-A4-s0,COMBINED_ECO+STRUCT_75,38,7.6923,1,7.6923,1,1
H-H-L-A4-s0,OPACITY_GROUP_90,38,10.136,1,10.136,1,1
H-H-L-A4-s0,OPACITY_GROUP_75,38,6.278,1,6.278,1,0.89474
H-H-L-A4-s0,OPACITY_GROUP_60,38,3.8449,1,3.8449,0.89474,0.026316
H-H-L-A4-s0,OPACITY_GROUP_45,38,2.554,0,2.554,0,0
H-H-L-A4-s0,OPACITY_ELEM_60,38,4.3161,1,4.3161,0.89474,0.026316
H-H-L-A4-s0,OPACITY_FILL_60,38,14.732,1,14.732,1,1
H-H-L-A4-s0,OPACITY_STROKE_60,38,4.1587,1,13.184,1,1
H-H-L-A4-s0,OPACITY_TEXT_60,38,13.184,1,4.1587,0.89474,0.026316
H-H-L-A4-s0,TINT_75,38,6.278,1,6.278,1,0.89474
H-H-L-A4-s0,TINT_55,38,3.3577,1,3.3577,0.026316,0
H-H-L-A4-s0,TINT_30,38,1.7958,0,1.7958,0,0
H-H-L-A4-s0,TINT_FILL_55,38,15.001,1,15.001,1,1
H-H-L-A4-s0,TINT_FILL_30,38,16.105,1,16.105,1,1
H-H-L-A4-s0,TINT_FILL_15,38,16.675,1,16.675,1,1
H-H-L-A4-s0,GRAYSCALE,38,13.184,1,13.184,1,1
H-H-L-A4-s0,BW_THRESHOLD,,,,,,
H-H-L-A4-s0,BW_SEMANTIC,38,21,1,21,1,1
H-H-L-A4-s0,OUTLINE_ONLY,38,17.404,1,17.404,1,1
H-H-L-A4-s0,OUTLINE_NAIVE,38,17.404,1,17.404,1,1
H-H-L-A4-s0,BG_REMOVAL,38,13.184,1,13.184,1,1
H-H-L-A4-s0,DECOR_REMOVAL,38,17.404,1,17.404,1,1
H-H-L-A4-s0,HALFTONE_H,38,15.001,1,15.001,1,1
H-H-L-A4-s0,HALFTONE_M,38,16.105,1,16.105,1,1
H-H-L-A4-s0,HALFTONE_L,38,16.675,1,16.675,1,1
H-H-L-A4-s0,DITHER_M,38,16.105,1,16.105,1,1
H-H-L-A4-s0,HIGH_CONTRAST,38,15.908,1,15.908,1,1
H-H-M-A4-s0,STANDARD,81,13.184,1,13.184,1,1
H-H-M-A4-s0,ECO_COLOUR,81,17.404,1,17.404,1,1
H-H-M-A4-s0,SUPER_ECO_BW,81,21,1,21,1,1
H-H-M-A4-s0,INT_BG+TINT_FILL_55,81,15.001,1,15.001,1,1
H-H-M-A4-s0,INT_REMOVE_ALL,81,17.404,1,17.404,1,1
H-H-M-A4-s0,INT_OUTLINE+BW,81,21,1,21,1,1
H-H-M-A4-s0,INT_GRAY+BG,81,13.184,1,13.184,1,1
H-H-M-A4-s0,INT_OUTLINE+HALFTONE_M,81,17.404,1,17.404,1,1
H-H-M-A4-s0,COPY_SAFE_ECO,81,21,1,21,1,1
H-H-M-A4-s0,COMBINED_REMOVE+TINT_75,81,7.6923,1,7.6923,1,1
H-H-M-A4-s0,COMBINED_ECO+STRUCT_75,81,7.6923,1,7.6923,1,1
H-H-M-A4-s0,OPACITY_GROUP_90,81,10.136,1,10.136,1,1
H-H-M-A4-s0,OPACITY_GROUP_75,81,6.278,1,6.278,1,0.92593
H-H-M-A4-s0,OPACITY_GROUP_60,81,3.8449,1,3.8449,0.92593,0.012346
H-H-M-A4-s0,OPACITY_GROUP_45,81,2.554,0,2.554,0,0
H-H-M-A4-s0,OPACITY_ELEM_60,81,4.3161,1,4.3161,0.92593,0.012346
H-H-M-A4-s0,OPACITY_FILL_60,81,14.732,1,14.732,1,1
H-H-M-A4-s0,OPACITY_STROKE_60,81,4.1587,1,13.184,1,1
H-H-M-A4-s0,OPACITY_TEXT_60,81,13.184,1,4.1587,0.92593,0.012346
H-H-M-A4-s0,TINT_75,81,6.278,1,6.278,1,0.92593
H-H-M-A4-s0,TINT_55,81,3.3577,1,3.3577,0.012346,0
H-H-M-A4-s0,TINT_30,81,1.7958,0,1.7958,0,0
H-H-M-A4-s0,TINT_FILL_55,81,15.001,1,15.001,1,1
H-H-M-A4-s0,TINT_FILL_30,81,16.105,1,16.105,1,1
H-H-M-A4-s0,TINT_FILL_15,81,16.675,1,16.675,1,1
H-H-M-A4-s0,GRAYSCALE,81,13.184,1,13.184,1,1
H-H-M-A4-s0,BW_THRESHOLD,,,,,,
H-H-M-A4-s0,BW_SEMANTIC,81,21,1,21,1,1
H-H-M-A4-s0,OUTLINE_ONLY,81,17.404,1,17.404,1,1
H-H-M-A4-s0,OUTLINE_NAIVE,81,17.404,1,17.404,1,1
H-H-M-A4-s0,BG_REMOVAL,81,13.184,1,13.184,1,1
H-H-M-A4-s0,DECOR_REMOVAL,81,17.404,1,17.404,1,1
H-H-M-A4-s0,HALFTONE_H,81,15.001,1,15.001,1,1
H-H-M-A4-s0,HALFTONE_M,81,16.105,1,16.105,1,1
H-H-M-A4-s0,HALFTONE_L,81,16.675,1,16.675,1,1
H-H-M-A4-s0,DITHER_M,81,16.105,1,16.105,1,1
H-H-M-A4-s0,HIGH_CONTRAST,81,15.908,1,15.908,1,1
H-H-M-LETTER-s0,STANDARD,79,13.184,1,13.184,1,1
H-H-M-LETTER-s0,ECO_COLOUR,79,17.404,1,17.404,1,1
H-H-M-LETTER-s0,SUPER_ECO_BW,79,21,1,21,1,1
H-H-M-LETTER-s0,OPACITY_GROUP_75,79,6.278,1,6.278,1,0.92405
H-H-M-LETTER-s0,OPACITY_GROUP_60,79,3.8449,1,3.8449,0.92405,0.012658
H-H-M-LETTER-s0,TINT_55,79,3.3577,1,3.3577,0.012658,0
H-H-M-LETTER-s0,TINT_FILL_30,79,16.105,1,16.105,1,1
H-H-M-LETTER-s0,GRAYSCALE,79,13.184,1,13.184,1,1
H-H-M-LETTER-s0,BW_SEMANTIC,79,21,1,21,1,1
H-H-M-LETTER-s0,OUTLINE_ONLY,79,17.404,1,17.404,1,1
H-H-M-LETTER-s0,BG_REMOVAL,79,13.184,1,13.184,1,1
H-H-M-LETTER-s0,DECOR_REMOVAL,79,17.404,1,17.404,1,1
H-H-M-LETTER-s0,HALFTONE_M,79,16.105,1,16.105,1,1
H-H-M-LETTER-s0,HIGH_CONTRAST,79,15.908,1,15.908,1,1
H-H-S-A4-s0,STANDARD,196,13.184,1,13.184,1,1
H-H-S-A4-s0,ECO_COLOUR,196,17.404,1,17.404,1,1
H-H-S-A4-s0,SUPER_ECO_BW,196,21,1,21,1,1
H-H-S-A4-s0,INT_BG+TINT_FILL_55,196,15.001,1,15.001,1,1
H-H-S-A4-s0,INT_REMOVE_ALL,196,17.404,1,17.404,1,1
H-H-S-A4-s0,INT_OUTLINE+BW,196,21,1,21,1,1
H-H-S-A4-s0,INT_GRAY+BG,196,13.184,1,13.184,1,1
H-H-S-A4-s0,INT_OUTLINE+HALFTONE_M,196,17.404,1,17.404,1,1
H-H-S-A4-s0,COPY_SAFE_ECO,196,21,1,21,1,1
H-H-S-A4-s0,COMBINED_REMOVE+TINT_75,196,7.6923,1,7.6923,1,1
H-H-S-A4-s0,COMBINED_ECO+STRUCT_75,196,7.6923,1,7.6923,1,1
H-H-S-A4-s0,OPACITY_GROUP_90,196,10.136,1,10.136,1,1
H-H-S-A4-s0,OPACITY_GROUP_75,196,6.278,1,6.278,1,0.95408
H-H-S-A4-s0,OPACITY_GROUP_60,196,3.8449,1,3.8449,0.95408,0.005102
H-H-S-A4-s0,OPACITY_GROUP_45,196,2.554,0,2.554,0,0
H-H-S-A4-s0,OPACITY_ELEM_60,196,4.3161,1,4.3161,0.95408,0.005102
H-H-S-A4-s0,OPACITY_FILL_60,196,14.732,1,14.732,1,1
H-H-S-A4-s0,OPACITY_STROKE_60,196,4.1587,1,13.184,1,1
H-H-S-A4-s0,OPACITY_TEXT_60,196,13.184,1,4.1587,0.95408,0.005102
H-H-S-A4-s0,TINT_75,196,6.278,1,6.278,1,0.95408
H-H-S-A4-s0,TINT_55,196,3.3577,1,3.3577,0.005102,0
H-H-S-A4-s0,TINT_30,196,1.7958,0,1.7958,0,0
H-H-S-A4-s0,TINT_FILL_55,196,15.001,1,15.001,1,1
H-H-S-A4-s0,TINT_FILL_30,196,16.105,1,16.105,1,1
H-H-S-A4-s0,TINT_FILL_15,196,16.675,1,16.675,1,1
H-H-S-A4-s0,GRAYSCALE,196,13.184,1,13.184,1,1
H-H-S-A4-s0,BW_THRESHOLD,,,,,,
H-H-S-A4-s0,BW_SEMANTIC,196,21,1,21,1,1
H-H-S-A4-s0,OUTLINE_ONLY,196,17.404,1,17.404,1,1
H-H-S-A4-s0,OUTLINE_NAIVE,196,17.404,1,17.404,1,1
H-H-S-A4-s0,BG_REMOVAL,196,13.184,1,13.184,1,1
H-H-S-A4-s0,DECOR_REMOVAL,196,17.404,1,17.404,1,1
H-H-S-A4-s0,HALFTONE_H,196,15.001,1,15.001,1,1
H-H-S-A4-s0,HALFTONE_M,196,16.105,1,16.105,1,1
H-H-S-A4-s0,HALFTONE_L,196,16.675,1,16.675,1,1
H-H-S-A4-s0,DITHER_M,196,16.105,1,16.105,1,1
H-H-S-A4-s0,HIGH_CONTRAST,196,15.908,1,15.908,1,1
H-L-L-A4-s0,STANDARD,13,13.184,1,13.184,1,1
H-L-L-A4-s0,ECO_COLOUR,13,17.404,1,17.404,1,1
H-L-L-A4-s0,SUPER_ECO_BW,13,21,1,21,1,1
H-L-L-A4-s0,INT_BG+TINT_FILL_55,13,15.001,1,15.001,1,1
H-L-L-A4-s0,INT_REMOVE_ALL,13,17.404,1,17.404,1,1
H-L-L-A4-s0,INT_OUTLINE+BW,13,21,1,21,1,1
H-L-L-A4-s0,INT_GRAY+BG,13,13.184,1,13.184,1,1
H-L-L-A4-s0,INT_OUTLINE+HALFTONE_M,13,17.404,1,17.404,1,1
H-L-L-A4-s0,COPY_SAFE_ECO,13,21,1,21,1,1
H-L-L-A4-s0,COMBINED_REMOVE+TINT_75,13,7.6923,1,7.6923,1,1
H-L-L-A4-s0,COMBINED_ECO+STRUCT_75,13,7.6923,1,7.6923,1,1
H-L-L-A4-s0,OPACITY_GROUP_90,13,10.136,1,10.136,1,1
H-L-L-A4-s0,OPACITY_GROUP_75,13,6.278,1,6.278,1,0.69231
H-L-L-A4-s0,OPACITY_GROUP_60,13,3.8449,1,3.8449,0.69231,0.076923
H-L-L-A4-s0,OPACITY_GROUP_45,13,2.554,0,2.554,0,0
H-L-L-A4-s0,OPACITY_ELEM_60,13,4.3161,1,4.3161,0.69231,0.076923
H-L-L-A4-s0,OPACITY_FILL_60,13,14.732,1,14.732,1,1
H-L-L-A4-s0,OPACITY_STROKE_60,13,4.1587,1,13.184,1,1
H-L-L-A4-s0,OPACITY_TEXT_60,13,13.184,1,4.1587,0.69231,0.076923
H-L-L-A4-s0,TINT_75,13,6.278,1,6.278,1,0.69231
H-L-L-A4-s0,TINT_55,13,3.3577,1,3.3577,0.076923,0
H-L-L-A4-s0,TINT_30,13,1.7958,0,1.7958,0,0
H-L-L-A4-s0,TINT_FILL_55,13,15.001,1,15.001,1,1
H-L-L-A4-s0,TINT_FILL_30,13,16.105,1,16.105,1,1
H-L-L-A4-s0,TINT_FILL_15,13,16.675,1,16.675,1,1
H-L-L-A4-s0,GRAYSCALE,13,13.184,1,13.184,1,1
H-L-L-A4-s0,BW_THRESHOLD,,,,,,
H-L-L-A4-s0,BW_SEMANTIC,13,21,1,21,1,1
H-L-L-A4-s0,OUTLINE_ONLY,13,17.404,1,17.404,1,1
H-L-L-A4-s0,OUTLINE_NAIVE,13,17.404,1,17.404,1,1
H-L-L-A4-s0,BG_REMOVAL,13,13.184,1,13.184,1,1
H-L-L-A4-s0,DECOR_REMOVAL,13,17.404,1,17.404,1,1
H-L-L-A4-s0,HALFTONE_H,13,15.001,1,15.001,1,1
H-L-L-A4-s0,HALFTONE_M,13,16.105,1,16.105,1,1
H-L-L-A4-s0,HALFTONE_L,13,16.675,1,16.675,1,1
H-L-L-A4-s0,DITHER_M,13,16.105,1,16.105,1,1
H-L-L-A4-s0,HIGH_CONTRAST,13,15.908,1,15.908,1,1
H-L-M-A4-s0,STANDARD,26,13.184,1,13.184,1,1
H-L-M-A4-s0,ECO_COLOUR,26,17.404,1,17.404,1,1
H-L-M-A4-s0,SUPER_ECO_BW,26,21,1,21,1,1
H-L-M-A4-s0,INT_BG+TINT_FILL_55,26,15.001,1,15.001,1,1
H-L-M-A4-s0,INT_REMOVE_ALL,26,17.404,1,17.404,1,1
H-L-M-A4-s0,INT_OUTLINE+BW,26,21,1,21,1,1
H-L-M-A4-s0,INT_GRAY+BG,26,13.184,1,13.184,1,1
H-L-M-A4-s0,INT_OUTLINE+HALFTONE_M,26,17.404,1,17.404,1,1
H-L-M-A4-s0,COPY_SAFE_ECO,26,21,1,21,1,1
H-L-M-A4-s0,COMBINED_REMOVE+TINT_75,26,7.6923,1,7.6923,1,1
H-L-M-A4-s0,COMBINED_ECO+STRUCT_75,26,7.6923,1,7.6923,1,1
H-L-M-A4-s0,OPACITY_GROUP_90,26,10.136,1,10.136,1,1
H-L-M-A4-s0,OPACITY_GROUP_75,26,6.278,1,6.278,1,0.76923
H-L-M-A4-s0,OPACITY_GROUP_60,26,3.8449,1,3.8449,0.76923,0.038462
H-L-M-A4-s0,OPACITY_GROUP_45,26,2.554,0,2.554,0,0
H-L-M-A4-s0,OPACITY_ELEM_60,26,4.3161,1,4.3161,0.76923,0.038462
H-L-M-A4-s0,OPACITY_FILL_60,26,14.732,1,14.732,1,1
H-L-M-A4-s0,OPACITY_STROKE_60,26,4.1587,1,13.184,1,1
H-L-M-A4-s0,OPACITY_TEXT_60,26,13.184,1,4.1587,0.76923,0.038462
H-L-M-A4-s0,TINT_75,26,6.278,1,6.278,1,0.76923
H-L-M-A4-s0,TINT_55,26,3.3577,1,3.3577,0.038462,0
H-L-M-A4-s0,TINT_30,26,1.7958,0,1.7958,0,0
H-L-M-A4-s0,TINT_FILL_55,26,15.001,1,15.001,1,1
H-L-M-A4-s0,TINT_FILL_30,26,16.105,1,16.105,1,1
H-L-M-A4-s0,TINT_FILL_15,26,16.675,1,16.675,1,1
H-L-M-A4-s0,GRAYSCALE,26,13.184,1,13.184,1,1
H-L-M-A4-s0,BW_THRESHOLD,,,,,,
H-L-M-A4-s0,BW_SEMANTIC,26,21,1,21,1,1
H-L-M-A4-s0,OUTLINE_ONLY,26,17.404,1,17.404,1,1
H-L-M-A4-s0,OUTLINE_NAIVE,26,17.404,1,17.404,1,1
H-L-M-A4-s0,BG_REMOVAL,26,13.184,1,13.184,1,1
H-L-M-A4-s0,DECOR_REMOVAL,26,17.404,1,17.404,1,1
H-L-M-A4-s0,HALFTONE_H,26,15.001,1,15.001,1,1
H-L-M-A4-s0,HALFTONE_M,26,16.105,1,16.105,1,1
H-L-M-A4-s0,HALFTONE_L,26,16.675,1,16.675,1,1
H-L-M-A4-s0,DITHER_M,26,16.105,1,16.105,1,1
H-L-M-A4-s0,HIGH_CONTRAST,26,15.908,1,15.908,1,1
H-L-M-LETTER-s0,STANDARD,26,13.184,1,13.184,1,1
H-L-M-LETTER-s0,ECO_COLOUR,26,17.404,1,17.404,1,1
H-L-M-LETTER-s0,SUPER_ECO_BW,26,21,1,21,1,1
H-L-M-LETTER-s0,OPACITY_GROUP_75,26,6.278,1,6.278,1,0.76923
H-L-M-LETTER-s0,OPACITY_GROUP_60,26,3.8449,1,3.8449,0.76923,0.038462
H-L-M-LETTER-s0,TINT_55,26,3.3577,1,3.3577,0.038462,0
H-L-M-LETTER-s0,TINT_FILL_30,26,16.105,1,16.105,1,1
H-L-M-LETTER-s0,GRAYSCALE,26,13.184,1,13.184,1,1
H-L-M-LETTER-s0,BW_SEMANTIC,26,21,1,21,1,1
H-L-M-LETTER-s0,OUTLINE_ONLY,26,17.404,1,17.404,1,1
H-L-M-LETTER-s0,BG_REMOVAL,26,13.184,1,13.184,1,1
H-L-M-LETTER-s0,DECOR_REMOVAL,26,17.404,1,17.404,1,1
H-L-M-LETTER-s0,HALFTONE_M,26,16.105,1,16.105,1,1
H-L-M-LETTER-s0,HIGH_CONTRAST,26,15.908,1,15.908,1,1
H-L-S-A4-s0,STANDARD,63,13.184,1,13.184,1,1
H-L-S-A4-s0,ECO_COLOUR,63,17.404,1,17.404,1,1
H-L-S-A4-s0,SUPER_ECO_BW,63,21,1,21,1,1
H-L-S-A4-s0,INT_BG+TINT_FILL_55,63,15.001,1,15.001,1,1
H-L-S-A4-s0,INT_REMOVE_ALL,63,17.404,1,17.404,1,1
H-L-S-A4-s0,INT_OUTLINE+BW,63,21,1,21,1,1
H-L-S-A4-s0,INT_GRAY+BG,63,13.184,1,13.184,1,1
H-L-S-A4-s0,INT_OUTLINE+HALFTONE_M,63,17.404,1,17.404,1,1
H-L-S-A4-s0,COPY_SAFE_ECO,63,21,1,21,1,1
H-L-S-A4-s0,COMBINED_REMOVE+TINT_75,63,7.6923,1,7.6923,1,1
H-L-S-A4-s0,COMBINED_ECO+STRUCT_75,63,7.6923,1,7.6923,1,1
H-L-S-A4-s0,OPACITY_GROUP_90,63,10.136,1,10.136,1,1
H-L-S-A4-s0,OPACITY_GROUP_75,63,6.278,1,6.278,1,0.85714
H-L-S-A4-s0,OPACITY_GROUP_60,63,3.8449,1,3.8449,0.85714,0.015873
H-L-S-A4-s0,OPACITY_GROUP_45,63,2.554,0,2.554,0,0
H-L-S-A4-s0,OPACITY_ELEM_60,63,4.3161,1,4.3161,0.85714,0.015873
H-L-S-A4-s0,OPACITY_FILL_60,63,14.732,1,14.732,1,1
H-L-S-A4-s0,OPACITY_STROKE_60,63,4.1587,1,13.184,1,1
H-L-S-A4-s0,OPACITY_TEXT_60,63,13.184,1,4.1587,0.85714,0.015873
H-L-S-A4-s0,TINT_75,63,6.278,1,6.278,1,0.85714
H-L-S-A4-s0,TINT_55,63,3.3577,1,3.3577,0.015873,0
H-L-S-A4-s0,TINT_30,63,1.7958,0,1.7958,0,0
H-L-S-A4-s0,TINT_FILL_55,63,15.001,1,15.001,1,1
H-L-S-A4-s0,TINT_FILL_30,63,16.105,1,16.105,1,1
H-L-S-A4-s0,TINT_FILL_15,63,16.675,1,16.675,1,1
H-L-S-A4-s0,GRAYSCALE,63,13.184,1,13.184,1,1
H-L-S-A4-s0,BW_THRESHOLD,,,,,,
H-L-S-A4-s0,BW_SEMANTIC,63,21,1,21,1,1
H-L-S-A4-s0,OUTLINE_ONLY,63,17.404,1,17.404,1,1
H-L-S-A4-s0,OUTLINE_NAIVE,63,17.404,1,17.404,1,1
H-L-S-A4-s0,BG_REMOVAL,63,13.184,1,13.184,1,1
H-L-S-A4-s0,DECOR_REMOVAL,63,17.404,1,17.404,1,1
H-L-S-A4-s0,HALFTONE_H,63,15.001,1,15.001,1,1
H-L-S-A4-s0,HALFTONE_M,63,16.105,1,16.105,1,1
H-L-S-A4-s0,HALFTONE_L,63,16.675,1,16.675,1,1
H-L-S-A4-s0,DITHER_M,63,16.105,1,16.105,1,1
H-L-S-A4-s0,HIGH_CONTRAST,63,15.908,1,15.908,1,1
H-M-L-A4-s0,STANDARD,24,13.184,1,13.184,1,1
H-M-L-A4-s0,ECO_COLOUR,24,17.404,1,17.404,1,1
H-M-L-A4-s0,SUPER_ECO_BW,24,21,1,21,1,1
H-M-L-A4-s0,INT_BG+TINT_FILL_55,24,15.001,1,15.001,1,1
H-M-L-A4-s0,INT_REMOVE_ALL,24,17.404,1,17.404,1,1
H-M-L-A4-s0,INT_OUTLINE+BW,24,21,1,21,1,1
H-M-L-A4-s0,INT_GRAY+BG,24,13.184,1,13.184,1,1
H-M-L-A4-s0,INT_OUTLINE+HALFTONE_M,24,17.404,1,17.404,1,1
H-M-L-A4-s0,COPY_SAFE_ECO,24,21,1,21,1,1
H-M-L-A4-s0,COMBINED_REMOVE+TINT_75,24,7.6923,1,7.6923,1,1
H-M-L-A4-s0,COMBINED_ECO+STRUCT_75,24,7.6923,1,7.6923,1,1
H-M-L-A4-s0,OPACITY_GROUP_90,24,10.136,1,10.136,1,1
H-M-L-A4-s0,OPACITY_GROUP_75,24,6.278,1,6.278,1,0.83333
H-M-L-A4-s0,OPACITY_GROUP_60,24,3.8449,1,3.8449,0.83333,0.041667
H-M-L-A4-s0,OPACITY_GROUP_45,24,2.554,0,2.554,0,0
H-M-L-A4-s0,OPACITY_ELEM_60,24,4.3161,1,4.3161,0.83333,0.041667
H-M-L-A4-s0,OPACITY_FILL_60,24,14.732,1,14.732,1,1
H-M-L-A4-s0,OPACITY_STROKE_60,24,4.1587,1,13.184,1,1
H-M-L-A4-s0,OPACITY_TEXT_60,24,13.184,1,4.1587,0.83333,0.041667
H-M-L-A4-s0,TINT_75,24,6.278,1,6.278,1,0.83333
H-M-L-A4-s0,TINT_55,24,3.3577,1,3.3577,0.041667,0
H-M-L-A4-s0,TINT_30,24,1.7958,0,1.7958,0,0
H-M-L-A4-s0,TINT_FILL_55,24,15.001,1,15.001,1,1
H-M-L-A4-s0,TINT_FILL_30,24,16.105,1,16.105,1,1
H-M-L-A4-s0,TINT_FILL_15,24,16.675,1,16.675,1,1
H-M-L-A4-s0,GRAYSCALE,24,13.184,1,13.184,1,1
H-M-L-A4-s0,BW_THRESHOLD,,,,,,
H-M-L-A4-s0,BW_SEMANTIC,24,21,1,21,1,1
H-M-L-A4-s0,OUTLINE_ONLY,24,17.404,1,17.404,1,1
H-M-L-A4-s0,OUTLINE_NAIVE,24,17.404,1,17.404,1,1
H-M-L-A4-s0,BG_REMOVAL,24,13.184,1,13.184,1,1
H-M-L-A4-s0,DECOR_REMOVAL,24,17.404,1,17.404,1,1
H-M-L-A4-s0,HALFTONE_H,24,15.001,1,15.001,1,1
H-M-L-A4-s0,HALFTONE_M,24,16.105,1,16.105,1,1
H-M-L-A4-s0,HALFTONE_L,24,16.675,1,16.675,1,1
H-M-L-A4-s0,DITHER_M,24,16.105,1,16.105,1,1
H-M-L-A4-s0,HIGH_CONTRAST,24,15.908,1,15.908,1,1
H-M-M-A4-s0,STANDARD,54,13.184,1,13.184,1,1
H-M-M-A4-s0,ECO_COLOUR,54,17.404,1,17.404,1,1
H-M-M-A4-s0,SUPER_ECO_BW,54,21,1,21,1,1
H-M-M-A4-s0,INT_BG+TINT_FILL_55,54,15.001,1,15.001,1,1
H-M-M-A4-s0,INT_REMOVE_ALL,54,17.404,1,17.404,1,1
H-M-M-A4-s0,INT_OUTLINE+BW,54,21,1,21,1,1
H-M-M-A4-s0,INT_GRAY+BG,54,13.184,1,13.184,1,1
H-M-M-A4-s0,INT_OUTLINE+HALFTONE_M,54,17.404,1,17.404,1,1
H-M-M-A4-s0,COPY_SAFE_ECO,54,21,1,21,1,1
H-M-M-A4-s0,COMBINED_REMOVE+TINT_75,54,7.6923,1,7.6923,1,1
H-M-M-A4-s0,COMBINED_ECO+STRUCT_75,54,7.6923,1,7.6923,1,1
H-M-M-A4-s0,OPACITY_GROUP_90,54,10.136,1,10.136,1,1
H-M-M-A4-s0,OPACITY_GROUP_75,54,6.278,1,6.278,1,0.88889
H-M-M-A4-s0,OPACITY_GROUP_60,54,3.8449,1,3.8449,0.88889,0.018519
H-M-M-A4-s0,OPACITY_GROUP_45,54,2.554,0,2.554,0,0
H-M-M-A4-s0,OPACITY_ELEM_60,54,4.3161,1,4.3161,0.88889,0.018519
H-M-M-A4-s0,OPACITY_FILL_60,54,14.732,1,14.732,1,1
H-M-M-A4-s0,OPACITY_STROKE_60,54,4.1587,1,13.184,1,1
H-M-M-A4-s0,OPACITY_TEXT_60,54,13.184,1,4.1587,0.88889,0.018519
H-M-M-A4-s0,TINT_75,54,6.278,1,6.278,1,0.88889
H-M-M-A4-s0,TINT_55,54,3.3577,1,3.3577,0.018519,0
H-M-M-A4-s0,TINT_30,54,1.7958,0,1.7958,0,0
H-M-M-A4-s0,TINT_FILL_55,54,15.001,1,15.001,1,1
H-M-M-A4-s0,TINT_FILL_30,54,16.105,1,16.105,1,1
H-M-M-A4-s0,TINT_FILL_15,54,16.675,1,16.675,1,1
H-M-M-A4-s0,GRAYSCALE,54,13.184,1,13.184,1,1
H-M-M-A4-s0,BW_THRESHOLD,,,,,,
H-M-M-A4-s0,BW_SEMANTIC,54,21,1,21,1,1
H-M-M-A4-s0,OUTLINE_ONLY,54,17.404,1,17.404,1,1
H-M-M-A4-s0,OUTLINE_NAIVE,54,17.404,1,17.404,1,1
H-M-M-A4-s0,BG_REMOVAL,54,13.184,1,13.184,1,1
H-M-M-A4-s0,DECOR_REMOVAL,54,17.404,1,17.404,1,1
H-M-M-A4-s0,HALFTONE_H,54,15.001,1,15.001,1,1
H-M-M-A4-s0,HALFTONE_M,54,16.105,1,16.105,1,1
H-M-M-A4-s0,HALFTONE_L,54,16.675,1,16.675,1,1
H-M-M-A4-s0,DITHER_M,54,16.105,1,16.105,1,1
H-M-M-A4-s0,HIGH_CONTRAST,54,15.908,1,15.908,1,1
H-M-M-A4-s1,STANDARD,57,13.184,1,13.184,1,1
H-M-M-A4-s1,ECO_COLOUR,57,17.404,1,17.404,1,1
H-M-M-A4-s1,SUPER_ECO_BW,57,21,1,21,1,1
H-M-M-A4-s1,OPACITY_GROUP_75,57,6.278,1,6.278,1,0.89474
H-M-M-A4-s1,OPACITY_GROUP_60,57,3.8449,1,3.8449,0.89474,0.017544
H-M-M-A4-s1,TINT_55,57,3.3577,1,3.3577,0.017544,0
H-M-M-A4-s1,TINT_FILL_30,57,16.105,1,16.105,1,1
H-M-M-A4-s1,GRAYSCALE,57,13.184,1,13.184,1,1
H-M-M-A4-s1,BW_SEMANTIC,57,21,1,21,1,1
H-M-M-A4-s1,OUTLINE_ONLY,57,17.404,1,17.404,1,1
H-M-M-A4-s1,BG_REMOVAL,57,13.184,1,13.184,1,1
H-M-M-A4-s1,DECOR_REMOVAL,57,17.404,1,17.404,1,1
H-M-M-A4-s1,HALFTONE_M,57,16.105,1,16.105,1,1
H-M-M-A4-s1,HIGH_CONTRAST,57,15.908,1,15.908,1,1
H-M-M-A4-s2,STANDARD,61,13.184,1,13.184,1,1
H-M-M-A4-s2,ECO_COLOUR,61,17.404,1,17.404,1,1
H-M-M-A4-s2,SUPER_ECO_BW,61,21,1,21,1,1
H-M-M-A4-s2,OPACITY_GROUP_75,61,6.278,1,6.278,1,0.90164
H-M-M-A4-s2,OPACITY_GROUP_60,61,3.8449,1,3.8449,0.90164,0.016393
H-M-M-A4-s2,TINT_55,61,3.3577,1,3.3577,0.016393,0
H-M-M-A4-s2,TINT_FILL_30,61,16.105,1,16.105,1,1
H-M-M-A4-s2,GRAYSCALE,61,13.184,1,13.184,1,1
H-M-M-A4-s2,BW_SEMANTIC,61,21,1,21,1,1
H-M-M-A4-s2,OUTLINE_ONLY,61,17.404,1,17.404,1,1
H-M-M-A4-s2,BG_REMOVAL,61,13.184,1,13.184,1,1
H-M-M-A4-s2,DECOR_REMOVAL,61,17.404,1,17.404,1,1
H-M-M-A4-s2,HALFTONE_M,61,16.105,1,16.105,1,1
H-M-M-A4-s2,HIGH_CONTRAST,61,15.908,1,15.908,1,1
H-M-M-A4-s3,STANDARD,49,13.184,1,13.184,1,1
H-M-M-A4-s3,ECO_COLOUR,49,17.404,1,17.404,1,1
H-M-M-A4-s3,SUPER_ECO_BW,49,21,1,21,1,1
H-M-M-A4-s3,OPACITY_GROUP_75,49,6.278,1,6.278,1,0.87755
H-M-M-A4-s3,OPACITY_GROUP_60,49,3.8449,1,3.8449,0.87755,0.020408
H-M-M-A4-s3,TINT_55,49,3.3577,1,3.3577,0.020408,0
H-M-M-A4-s3,TINT_FILL_30,49,16.105,1,16.105,1,1
H-M-M-A4-s3,GRAYSCALE,49,13.184,1,13.184,1,1
H-M-M-A4-s3,BW_SEMANTIC,49,21,1,21,1,1
H-M-M-A4-s3,OUTLINE_ONLY,49,17.404,1,17.404,1,1
H-M-M-A4-s3,BG_REMOVAL,49,13.184,1,13.184,1,1
H-M-M-A4-s3,DECOR_REMOVAL,49,17.404,1,17.404,1,1
H-M-M-A4-s3,HALFTONE_M,49,16.105,1,16.105,1,1
H-M-M-A4-s3,HIGH_CONTRAST,49,15.908,1,15.908,1,1
H-M-M-A4-s4,STANDARD,56,13.184,1,13.184,1,1
H-M-M-A4-s4,ECO_COLOUR,56,17.404,1,17.404,1,1
H-M-M-A4-s4,SUPER_ECO_BW,56,21,1,21,1,1
H-M-M-A4-s4,OPACITY_GROUP_75,56,6.278,1,6.278,1,0.89286
H-M-M-A4-s4,OPACITY_GROUP_60,56,3.8449,1,3.8449,0.89286,0.017857
H-M-M-A4-s4,TINT_55,56,3.3577,1,3.3577,0.017857,0
H-M-M-A4-s4,TINT_FILL_30,56,16.105,1,16.105,1,1
H-M-M-A4-s4,GRAYSCALE,56,13.184,1,13.184,1,1
H-M-M-A4-s4,BW_SEMANTIC,56,21,1,21,1,1
H-M-M-A4-s4,OUTLINE_ONLY,56,17.404,1,17.404,1,1
H-M-M-A4-s4,BG_REMOVAL,56,13.184,1,13.184,1,1
H-M-M-A4-s4,DECOR_REMOVAL,56,17.404,1,17.404,1,1
H-M-M-A4-s4,HALFTONE_M,56,16.105,1,16.105,1,1
H-M-M-A4-s4,HIGH_CONTRAST,56,15.908,1,15.908,1,1
H-M-M-LETTER-s0,STANDARD,54,13.184,1,13.184,1,1
H-M-M-LETTER-s0,ECO_COLOUR,54,17.404,1,17.404,1,1
H-M-M-LETTER-s0,SUPER_ECO_BW,54,21,1,21,1,1
H-M-M-LETTER-s0,OPACITY_GROUP_75,54,6.278,1,6.278,1,0.88889
H-M-M-LETTER-s0,OPACITY_GROUP_60,54,3.8449,1,3.8449,0.88889,0.018519
H-M-M-LETTER-s0,TINT_55,54,3.3577,1,3.3577,0.018519,0
H-M-M-LETTER-s0,TINT_FILL_30,54,16.105,1,16.105,1,1
H-M-M-LETTER-s0,GRAYSCALE,54,13.184,1,13.184,1,1
H-M-M-LETTER-s0,BW_SEMANTIC,54,21,1,21,1,1
H-M-M-LETTER-s0,OUTLINE_ONLY,54,17.404,1,17.404,1,1
H-M-M-LETTER-s0,BG_REMOVAL,54,13.184,1,13.184,1,1
H-M-M-LETTER-s0,DECOR_REMOVAL,54,17.404,1,17.404,1,1
H-M-M-LETTER-s0,HALFTONE_M,54,16.105,1,16.105,1,1
H-M-M-LETTER-s0,HIGH_CONTRAST,54,15.908,1,15.908,1,1
H-M-S-A4-s0,STANDARD,123,13.184,1,13.184,1,1
H-M-S-A4-s0,ECO_COLOUR,123,17.404,1,17.404,1,1
H-M-S-A4-s0,SUPER_ECO_BW,123,21,1,21,1,1
H-M-S-A4-s0,INT_BG+TINT_FILL_55,123,15.001,1,15.001,1,1
H-M-S-A4-s0,INT_REMOVE_ALL,123,17.404,1,17.404,1,1
H-M-S-A4-s0,INT_OUTLINE+BW,123,21,1,21,1,1
H-M-S-A4-s0,INT_GRAY+BG,123,13.184,1,13.184,1,1
H-M-S-A4-s0,INT_OUTLINE+HALFTONE_M,123,17.404,1,17.404,1,1
H-M-S-A4-s0,COPY_SAFE_ECO,123,21,1,21,1,1
H-M-S-A4-s0,COMBINED_REMOVE+TINT_75,123,7.6923,1,7.6923,1,1
H-M-S-A4-s0,COMBINED_ECO+STRUCT_75,123,7.6923,1,7.6923,1,1
H-M-S-A4-s0,OPACITY_GROUP_90,123,10.136,1,10.136,1,1
H-M-S-A4-s0,OPACITY_GROUP_75,123,6.278,1,6.278,1,0.92683
H-M-S-A4-s0,OPACITY_GROUP_60,123,3.8449,1,3.8449,0.92683,0.0081301
H-M-S-A4-s0,OPACITY_GROUP_45,123,2.554,0,2.554,0,0
H-M-S-A4-s0,OPACITY_ELEM_60,123,4.3161,1,4.3161,0.92683,0.0081301
H-M-S-A4-s0,OPACITY_FILL_60,123,14.732,1,14.732,1,1
H-M-S-A4-s0,OPACITY_STROKE_60,123,4.1587,1,13.184,1,1
H-M-S-A4-s0,OPACITY_TEXT_60,123,13.184,1,4.1587,0.92683,0.0081301
H-M-S-A4-s0,TINT_75,123,6.278,1,6.278,1,0.92683
H-M-S-A4-s0,TINT_55,123,3.3577,1,3.3577,0.0081301,0
H-M-S-A4-s0,TINT_30,123,1.7958,0,1.7958,0,0
H-M-S-A4-s0,TINT_FILL_55,123,15.001,1,15.001,1,1
H-M-S-A4-s0,TINT_FILL_30,123,16.105,1,16.105,1,1
H-M-S-A4-s0,TINT_FILL_15,123,16.675,1,16.675,1,1
H-M-S-A4-s0,GRAYSCALE,123,13.184,1,13.184,1,1
H-M-S-A4-s0,BW_THRESHOLD,,,,,,
H-M-S-A4-s0,BW_SEMANTIC,123,21,1,21,1,1
H-M-S-A4-s0,OUTLINE_ONLY,123,17.404,1,17.404,1,1
H-M-S-A4-s0,OUTLINE_NAIVE,123,17.404,1,17.404,1,1
H-M-S-A4-s0,BG_REMOVAL,123,13.184,1,13.184,1,1
H-M-S-A4-s0,DECOR_REMOVAL,123,17.404,1,17.404,1,1
H-M-S-A4-s0,HALFTONE_H,123,15.001,1,15.001,1,1
H-M-S-A4-s0,HALFTONE_M,123,16.105,1,16.105,1,1
H-M-S-A4-s0,HALFTONE_L,123,16.675,1,16.675,1,1
H-M-S-A4-s0,DITHER_M,123,16.105,1,16.105,1,1
H-M-S-A4-s0,HIGH_CONTRAST,123,15.908,1,15.908,1,1
I-H-L-A4-s0,STANDARD,6,,,17.404,1,1
I-H-L-A4-s0,ECO_COLOUR,6,,,17.404,1,1
I-H-L-A4-s0,SUPER_ECO_BW,6,,,21,1,1
I-H-L-A4-s0,INT_BG+TINT_FILL_55,6,,,17.404,1,1
I-H-L-A4-s0,INT_REMOVE_ALL,6,,,17.404,1,1
I-H-L-A4-s0,INT_OUTLINE+BW,6,,,21,1,1
I-H-L-A4-s0,INT_GRAY+BG,6,,,17.404,1,1
I-H-L-A4-s0,INT_OUTLINE+HALFTONE_M,6,,,17.404,1,1
I-H-L-A4-s0,COPY_SAFE_ECO,6,,,21,1,1
I-H-L-A4-s0,COMBINED_REMOVE+TINT_75,6,,,7.6923,1,1
I-H-L-A4-s0,COMBINED_ECO+STRUCT_75,6,,,7.6923,1,1
I-H-L-A4-s0,OPACITY_GROUP_90,6,,,13.009,1,1
I-H-L-A4-s0,OPACITY_GROUP_75,6,,,7.6923,1,1
I-H-L-A4-s0,OPACITY_GROUP_60,6,,,4.5422,1,0
I-H-L-A4-s0,OPACITY_GROUP_45,6,,,2.8847,0,0
I-H-L-A4-s0,OPACITY_ELEM_60,6,,,4.5422,1,0
I-H-L-A4-s0,OPACITY_FILL_60,6,,,17.404,1,1
I-H-L-A4-s0,OPACITY_STROKE_60,6,,,17.404,1,1
I-H-L-A4-s0,OPACITY_TEXT_60,6,,,4.5422,1,0
I-H-L-A4-s0,TINT_75,6,,,7.6923,1,1
I-H-L-A4-s0,TINT_55,6,,,3.8957,0,0
I-H-L-A4-s0,TINT_30,6,,,1.9408,0,0
I-H-L-A4-s0,TINT_FILL_55,6,,,17.404,1,1
I-H-L-A4-s0,TINT_FILL_30,6,,,17.404,1,1
I-H-L-A4-s0,TINT_FILL_15,6,,,17.404,1,1
I-H-L-A4-s0,GRAYSCALE,6,,,17.404,1,1
I-H-L-A4-s0,BW_THRESHOLD,,,,,,
I-H-L-A4-s0,BW_SEMANTIC,6,,,21,1,1
I-H-L-A4-s0,OUTLINE_ONLY,6,,,17.404,1,1
I-H-L-A4-s0,OUTLINE_NAIVE,6,,,17.404,1,1
I-H-L-A4-s0,BG_REMOVAL,6,,,17.404,1,1
I-H-L-A4-s0,DECOR_REMOVAL,6,,,17.404,1,1
I-H-L-A4-s0,HALFTONE_H,6,,,17.404,1,1
I-H-L-A4-s0,HALFTONE_M,6,,,17.404,1,1
I-H-L-A4-s0,HALFTONE_L,6,,,17.404,1,1
I-H-L-A4-s0,DITHER_M,6,,,17.404,1,1
I-H-L-A4-s0,HIGH_CONTRAST,6,,,21,1,1
I-H-M-A4-s0,STANDARD,6,,,17.404,1,1
I-H-M-A4-s0,ECO_COLOUR,6,,,17.404,1,1
I-H-M-A4-s0,SUPER_ECO_BW,6,,,21,1,1
I-H-M-A4-s0,INT_BG+TINT_FILL_55,6,,,17.404,1,1
I-H-M-A4-s0,INT_REMOVE_ALL,6,,,17.404,1,1
I-H-M-A4-s0,INT_OUTLINE+BW,6,,,21,1,1
I-H-M-A4-s0,INT_GRAY+BG,6,,,17.404,1,1
I-H-M-A4-s0,INT_OUTLINE+HALFTONE_M,6,,,17.404,1,1
I-H-M-A4-s0,COPY_SAFE_ECO,6,,,21,1,1
I-H-M-A4-s0,COMBINED_REMOVE+TINT_75,6,,,7.6923,1,1
I-H-M-A4-s0,COMBINED_ECO+STRUCT_75,6,,,7.6923,1,1
I-H-M-A4-s0,OPACITY_GROUP_90,6,,,13.009,1,1
I-H-M-A4-s0,OPACITY_GROUP_75,6,,,7.6923,1,1
I-H-M-A4-s0,OPACITY_GROUP_60,6,,,4.5422,1,0
I-H-M-A4-s0,OPACITY_GROUP_45,6,,,2.8847,0,0
I-H-M-A4-s0,OPACITY_ELEM_60,6,,,4.5422,1,0
I-H-M-A4-s0,OPACITY_FILL_60,6,,,17.404,1,1
I-H-M-A4-s0,OPACITY_STROKE_60,6,,,17.404,1,1
I-H-M-A4-s0,OPACITY_TEXT_60,6,,,4.5422,1,0
I-H-M-A4-s0,TINT_75,6,,,7.6923,1,1
I-H-M-A4-s0,TINT_55,6,,,3.8957,0,0
I-H-M-A4-s0,TINT_30,6,,,1.9408,0,0
I-H-M-A4-s0,TINT_FILL_55,6,,,17.404,1,1
I-H-M-A4-s0,TINT_FILL_30,6,,,17.404,1,1
I-H-M-A4-s0,TINT_FILL_15,6,,,17.404,1,1
I-H-M-A4-s0,GRAYSCALE,6,,,17.404,1,1
I-H-M-A4-s0,BW_THRESHOLD,,,,,,
I-H-M-A4-s0,BW_SEMANTIC,6,,,21,1,1
I-H-M-A4-s0,OUTLINE_ONLY,6,,,17.404,1,1
I-H-M-A4-s0,OUTLINE_NAIVE,6,,,17.404,1,1
I-H-M-A4-s0,BG_REMOVAL,6,,,17.404,1,1
I-H-M-A4-s0,DECOR_REMOVAL,6,,,17.404,1,1
I-H-M-A4-s0,HALFTONE_H,6,,,17.404,1,1
I-H-M-A4-s0,HALFTONE_M,6,,,17.404,1,1
I-H-M-A4-s0,HALFTONE_L,6,,,17.404,1,1
I-H-M-A4-s0,DITHER_M,6,,,17.404,1,1
I-H-M-A4-s0,HIGH_CONTRAST,6,,,21,1,1
I-H-M-LETTER-s0,STANDARD,6,,,17.404,1,1
I-H-M-LETTER-s0,ECO_COLOUR,6,,,17.404,1,1
I-H-M-LETTER-s0,SUPER_ECO_BW,6,,,21,1,1
I-H-M-LETTER-s0,OPACITY_GROUP_75,6,,,7.6923,1,1
I-H-M-LETTER-s0,OPACITY_GROUP_60,6,,,4.5422,1,0
I-H-M-LETTER-s0,TINT_55,6,,,3.8957,0,0
I-H-M-LETTER-s0,TINT_FILL_30,6,,,17.404,1,1
I-H-M-LETTER-s0,GRAYSCALE,6,,,17.404,1,1
I-H-M-LETTER-s0,BW_SEMANTIC,6,,,21,1,1
I-H-M-LETTER-s0,OUTLINE_ONLY,6,,,17.404,1,1
I-H-M-LETTER-s0,BG_REMOVAL,6,,,17.404,1,1
I-H-M-LETTER-s0,DECOR_REMOVAL,6,,,17.404,1,1
I-H-M-LETTER-s0,HALFTONE_M,6,,,17.404,1,1
I-H-M-LETTER-s0,HIGH_CONTRAST,6,,,21,1,1
I-H-S-A4-s0,STANDARD,6,,,17.404,1,1
I-H-S-A4-s0,ECO_COLOUR,6,,,17.404,1,1
I-H-S-A4-s0,SUPER_ECO_BW,6,,,21,1,1
I-H-S-A4-s0,INT_BG+TINT_FILL_55,6,,,17.404,1,1
I-H-S-A4-s0,INT_REMOVE_ALL,6,,,17.404,1,1
I-H-S-A4-s0,INT_OUTLINE+BW,6,,,21,1,1
I-H-S-A4-s0,INT_GRAY+BG,6,,,17.404,1,1
I-H-S-A4-s0,INT_OUTLINE+HALFTONE_M,6,,,17.404,1,1
I-H-S-A4-s0,COPY_SAFE_ECO,6,,,21,1,1
I-H-S-A4-s0,COMBINED_REMOVE+TINT_75,6,,,7.6923,1,1
I-H-S-A4-s0,COMBINED_ECO+STRUCT_75,6,,,7.6923,1,1
I-H-S-A4-s0,OPACITY_GROUP_90,6,,,13.009,1,1
I-H-S-A4-s0,OPACITY_GROUP_75,6,,,7.6923,1,1
I-H-S-A4-s0,OPACITY_GROUP_60,6,,,4.5422,1,0
I-H-S-A4-s0,OPACITY_GROUP_45,6,,,2.8847,0,0
I-H-S-A4-s0,OPACITY_ELEM_60,6,,,4.5422,1,0
I-H-S-A4-s0,OPACITY_FILL_60,6,,,17.404,1,1
I-H-S-A4-s0,OPACITY_STROKE_60,6,,,17.404,1,1
I-H-S-A4-s0,OPACITY_TEXT_60,6,,,4.5422,1,0
I-H-S-A4-s0,TINT_75,6,,,7.6923,1,1
I-H-S-A4-s0,TINT_55,6,,,3.8957,0,0
I-H-S-A4-s0,TINT_30,6,,,1.9408,0,0
I-H-S-A4-s0,TINT_FILL_55,6,,,17.404,1,1
I-H-S-A4-s0,TINT_FILL_30,6,,,17.404,1,1
I-H-S-A4-s0,TINT_FILL_15,6,,,17.404,1,1
I-H-S-A4-s0,GRAYSCALE,6,,,17.404,1,1
I-H-S-A4-s0,BW_THRESHOLD,,,,,,
I-H-S-A4-s0,BW_SEMANTIC,6,,,21,1,1
I-H-S-A4-s0,OUTLINE_ONLY,6,,,17.404,1,1
I-H-S-A4-s0,OUTLINE_NAIVE,6,,,17.404,1,1
I-H-S-A4-s0,BG_REMOVAL,6,,,17.404,1,1
I-H-S-A4-s0,DECOR_REMOVAL,6,,,17.404,1,1
I-H-S-A4-s0,HALFTONE_H,6,,,17.404,1,1
I-H-S-A4-s0,HALFTONE_M,6,,,17.404,1,1
I-H-S-A4-s0,HALFTONE_L,6,,,17.404,1,1
I-H-S-A4-s0,DITHER_M,6,,,17.404,1,1
I-H-S-A4-s0,HIGH_CONTRAST,6,,,21,1,1
I-L-L-A4-s0,STANDARD,5,,,17.404,1,1
I-L-L-A4-s0,ECO_COLOUR,5,,,17.404,1,1
I-L-L-A4-s0,SUPER_ECO_BW,5,,,21,1,1
I-L-L-A4-s0,INT_BG+TINT_FILL_55,5,,,17.404,1,1
I-L-L-A4-s0,INT_REMOVE_ALL,5,,,17.404,1,1
I-L-L-A4-s0,INT_OUTLINE+BW,5,,,21,1,1
I-L-L-A4-s0,INT_GRAY+BG,5,,,17.404,1,1
I-L-L-A4-s0,INT_OUTLINE+HALFTONE_M,5,,,17.404,1,1
I-L-L-A4-s0,COPY_SAFE_ECO,5,,,21,1,1
I-L-L-A4-s0,COMBINED_REMOVE+TINT_75,5,,,7.6923,1,1
I-L-L-A4-s0,COMBINED_ECO+STRUCT_75,5,,,7.6923,1,1
I-L-L-A4-s0,OPACITY_GROUP_90,5,,,13.009,1,1
I-L-L-A4-s0,OPACITY_GROUP_75,5,,,7.6923,1,1
I-L-L-A4-s0,OPACITY_GROUP_60,5,,,4.5422,1,0
I-L-L-A4-s0,OPACITY_GROUP_45,5,,,2.8847,0,0
I-L-L-A4-s0,OPACITY_ELEM_60,5,,,4.5422,1,0
I-L-L-A4-s0,OPACITY_FILL_60,5,,,17.404,1,1
I-L-L-A4-s0,OPACITY_STROKE_60,5,,,17.404,1,1
I-L-L-A4-s0,OPACITY_TEXT_60,5,,,4.5422,1,0
I-L-L-A4-s0,TINT_75,5,,,7.6923,1,1
I-L-L-A4-s0,TINT_55,5,,,3.8957,0,0
I-L-L-A4-s0,TINT_30,5,,,1.9408,0,0
I-L-L-A4-s0,TINT_FILL_55,5,,,17.404,1,1
I-L-L-A4-s0,TINT_FILL_30,5,,,17.404,1,1
I-L-L-A4-s0,TINT_FILL_15,5,,,17.404,1,1
I-L-L-A4-s0,GRAYSCALE,5,,,17.404,1,1
I-L-L-A4-s0,BW_THRESHOLD,,,,,,
I-L-L-A4-s0,BW_SEMANTIC,5,,,21,1,1
I-L-L-A4-s0,OUTLINE_ONLY,5,,,17.404,1,1
I-L-L-A4-s0,OUTLINE_NAIVE,5,,,17.404,1,1
I-L-L-A4-s0,BG_REMOVAL,5,,,17.404,1,1
I-L-L-A4-s0,DECOR_REMOVAL,5,,,17.404,1,1
I-L-L-A4-s0,HALFTONE_H,5,,,17.404,1,1
I-L-L-A4-s0,HALFTONE_M,5,,,17.404,1,1
I-L-L-A4-s0,HALFTONE_L,5,,,17.404,1,1
I-L-L-A4-s0,DITHER_M,5,,,17.404,1,1
I-L-L-A4-s0,HIGH_CONTRAST,5,,,21,1,1
I-L-M-A4-s0,STANDARD,5,,,17.404,1,1
I-L-M-A4-s0,ECO_COLOUR,5,,,17.404,1,1
I-L-M-A4-s0,SUPER_ECO_BW,5,,,21,1,1
I-L-M-A4-s0,INT_BG+TINT_FILL_55,5,,,17.404,1,1
I-L-M-A4-s0,INT_REMOVE_ALL,5,,,17.404,1,1
I-L-M-A4-s0,INT_OUTLINE+BW,5,,,21,1,1
I-L-M-A4-s0,INT_GRAY+BG,5,,,17.404,1,1
I-L-M-A4-s0,INT_OUTLINE+HALFTONE_M,5,,,17.404,1,1
I-L-M-A4-s0,COPY_SAFE_ECO,5,,,21,1,1
I-L-M-A4-s0,COMBINED_REMOVE+TINT_75,5,,,7.6923,1,1
I-L-M-A4-s0,COMBINED_ECO+STRUCT_75,5,,,7.6923,1,1
I-L-M-A4-s0,OPACITY_GROUP_90,5,,,13.009,1,1
I-L-M-A4-s0,OPACITY_GROUP_75,5,,,7.6923,1,1
I-L-M-A4-s0,OPACITY_GROUP_60,5,,,4.5422,1,0
I-L-M-A4-s0,OPACITY_GROUP_45,5,,,2.8847,0,0
I-L-M-A4-s0,OPACITY_ELEM_60,5,,,4.5422,1,0
I-L-M-A4-s0,OPACITY_FILL_60,5,,,17.404,1,1
I-L-M-A4-s0,OPACITY_STROKE_60,5,,,17.404,1,1
I-L-M-A4-s0,OPACITY_TEXT_60,5,,,4.5422,1,0
I-L-M-A4-s0,TINT_75,5,,,7.6923,1,1
I-L-M-A4-s0,TINT_55,5,,,3.8957,0,0
I-L-M-A4-s0,TINT_30,5,,,1.9408,0,0
I-L-M-A4-s0,TINT_FILL_55,5,,,17.404,1,1
I-L-M-A4-s0,TINT_FILL_30,5,,,17.404,1,1
I-L-M-A4-s0,TINT_FILL_15,5,,,17.404,1,1
I-L-M-A4-s0,GRAYSCALE,5,,,17.404,1,1
I-L-M-A4-s0,BW_THRESHOLD,,,,,,
I-L-M-A4-s0,BW_SEMANTIC,5,,,21,1,1
I-L-M-A4-s0,OUTLINE_ONLY,5,,,17.404,1,1
I-L-M-A4-s0,OUTLINE_NAIVE,5,,,17.404,1,1
I-L-M-A4-s0,BG_REMOVAL,5,,,17.404,1,1
I-L-M-A4-s0,DECOR_REMOVAL,5,,,17.404,1,1
I-L-M-A4-s0,HALFTONE_H,5,,,17.404,1,1
I-L-M-A4-s0,HALFTONE_M,5,,,17.404,1,1
I-L-M-A4-s0,HALFTONE_L,5,,,17.404,1,1
I-L-M-A4-s0,DITHER_M,5,,,17.404,1,1
I-L-M-A4-s0,HIGH_CONTRAST,5,,,21,1,1
I-L-M-LETTER-s0,STANDARD,5,,,17.404,1,1
I-L-M-LETTER-s0,ECO_COLOUR,5,,,17.404,1,1
I-L-M-LETTER-s0,SUPER_ECO_BW,5,,,21,1,1
I-L-M-LETTER-s0,OPACITY_GROUP_75,5,,,7.6923,1,1
I-L-M-LETTER-s0,OPACITY_GROUP_60,5,,,4.5422,1,0
I-L-M-LETTER-s0,TINT_55,5,,,3.8957,0,0
I-L-M-LETTER-s0,TINT_FILL_30,5,,,17.404,1,1
I-L-M-LETTER-s0,GRAYSCALE,5,,,17.404,1,1
I-L-M-LETTER-s0,BW_SEMANTIC,5,,,21,1,1
I-L-M-LETTER-s0,OUTLINE_ONLY,5,,,17.404,1,1
I-L-M-LETTER-s0,BG_REMOVAL,5,,,17.404,1,1
I-L-M-LETTER-s0,DECOR_REMOVAL,5,,,17.404,1,1
I-L-M-LETTER-s0,HALFTONE_M,5,,,17.404,1,1
I-L-M-LETTER-s0,HIGH_CONTRAST,5,,,21,1,1
I-L-S-A4-s0,STANDARD,5,,,17.404,1,1
I-L-S-A4-s0,ECO_COLOUR,5,,,17.404,1,1
I-L-S-A4-s0,SUPER_ECO_BW,5,,,21,1,1
I-L-S-A4-s0,INT_BG+TINT_FILL_55,5,,,17.404,1,1
I-L-S-A4-s0,INT_REMOVE_ALL,5,,,17.404,1,1
I-L-S-A4-s0,INT_OUTLINE+BW,5,,,21,1,1
I-L-S-A4-s0,INT_GRAY+BG,5,,,17.404,1,1
I-L-S-A4-s0,INT_OUTLINE+HALFTONE_M,5,,,17.404,1,1
I-L-S-A4-s0,COPY_SAFE_ECO,5,,,21,1,1
I-L-S-A4-s0,COMBINED_REMOVE+TINT_75,5,,,7.6923,1,1
I-L-S-A4-s0,COMBINED_ECO+STRUCT_75,5,,,7.6923,1,1
I-L-S-A4-s0,OPACITY_GROUP_90,5,,,13.009,1,1
I-L-S-A4-s0,OPACITY_GROUP_75,5,,,7.6923,1,1
I-L-S-A4-s0,OPACITY_GROUP_60,5,,,4.5422,1,0
I-L-S-A4-s0,OPACITY_GROUP_45,5,,,2.8847,0,0
I-L-S-A4-s0,OPACITY_ELEM_60,5,,,4.5422,1,0
I-L-S-A4-s0,OPACITY_FILL_60,5,,,17.404,1,1
I-L-S-A4-s0,OPACITY_STROKE_60,5,,,17.404,1,1
I-L-S-A4-s0,OPACITY_TEXT_60,5,,,4.5422,1,0
I-L-S-A4-s0,TINT_75,5,,,7.6923,1,1
I-L-S-A4-s0,TINT_55,5,,,3.8957,0,0
I-L-S-A4-s0,TINT_30,5,,,1.9408,0,0
I-L-S-A4-s0,TINT_FILL_55,5,,,17.404,1,1
I-L-S-A4-s0,TINT_FILL_30,5,,,17.404,1,1
I-L-S-A4-s0,TINT_FILL_15,5,,,17.404,1,1
I-L-S-A4-s0,GRAYSCALE,5,,,17.404,1,1
I-L-S-A4-s0,BW_THRESHOLD,,,,,,
I-L-S-A4-s0,BW_SEMANTIC,5,,,21,1,1
I-L-S-A4-s0,OUTLINE_ONLY,5,,,17.404,1,1
I-L-S-A4-s0,OUTLINE_NAIVE,5,,,17.404,1,1
I-L-S-A4-s0,BG_REMOVAL,5,,,17.404,1,1
I-L-S-A4-s0,DECOR_REMOVAL,5,,,17.404,1,1
I-L-S-A4-s0,HALFTONE_H,5,,,17.404,1,1
I-L-S-A4-s0,HALFTONE_M,5,,,17.404,1,1
I-L-S-A4-s0,HALFTONE_L,5,,,17.404,1,1
I-L-S-A4-s0,DITHER_M,5,,,17.404,1,1
I-L-S-A4-s0,HIGH_CONTRAST,5,,,21,1,1
I-M-L-A4-s0,STANDARD,5,,,17.404,1,1
I-M-L-A4-s0,ECO_COLOUR,5,,,17.404,1,1
I-M-L-A4-s0,SUPER_ECO_BW,5,,,21,1,1
I-M-L-A4-s0,INT_BG+TINT_FILL_55,5,,,17.404,1,1
I-M-L-A4-s0,INT_REMOVE_ALL,5,,,17.404,1,1
I-M-L-A4-s0,INT_OUTLINE+BW,5,,,21,1,1
I-M-L-A4-s0,INT_GRAY+BG,5,,,17.404,1,1
I-M-L-A4-s0,INT_OUTLINE+HALFTONE_M,5,,,17.404,1,1
I-M-L-A4-s0,COPY_SAFE_ECO,5,,,21,1,1
I-M-L-A4-s0,COMBINED_REMOVE+TINT_75,5,,,7.6923,1,1
I-M-L-A4-s0,COMBINED_ECO+STRUCT_75,5,,,7.6923,1,1
I-M-L-A4-s0,OPACITY_GROUP_90,5,,,13.009,1,1
I-M-L-A4-s0,OPACITY_GROUP_75,5,,,7.6923,1,1
I-M-L-A4-s0,OPACITY_GROUP_60,5,,,4.5422,1,0
I-M-L-A4-s0,OPACITY_GROUP_45,5,,,2.8847,0,0
I-M-L-A4-s0,OPACITY_ELEM_60,5,,,4.5422,1,0
I-M-L-A4-s0,OPACITY_FILL_60,5,,,17.404,1,1
I-M-L-A4-s0,OPACITY_STROKE_60,5,,,17.404,1,1
I-M-L-A4-s0,OPACITY_TEXT_60,5,,,4.5422,1,0
I-M-L-A4-s0,TINT_75,5,,,7.6923,1,1
I-M-L-A4-s0,TINT_55,5,,,3.8957,0,0
I-M-L-A4-s0,TINT_30,5,,,1.9408,0,0
I-M-L-A4-s0,TINT_FILL_55,5,,,17.404,1,1
I-M-L-A4-s0,TINT_FILL_30,5,,,17.404,1,1
I-M-L-A4-s0,TINT_FILL_15,5,,,17.404,1,1
I-M-L-A4-s0,GRAYSCALE,5,,,17.404,1,1
I-M-L-A4-s0,BW_THRESHOLD,,,,,,
I-M-L-A4-s0,BW_SEMANTIC,5,,,21,1,1
I-M-L-A4-s0,OUTLINE_ONLY,5,,,17.404,1,1
I-M-L-A4-s0,OUTLINE_NAIVE,5,,,17.404,1,1
I-M-L-A4-s0,BG_REMOVAL,5,,,17.404,1,1
I-M-L-A4-s0,DECOR_REMOVAL,5,,,17.404,1,1
I-M-L-A4-s0,HALFTONE_H,5,,,17.404,1,1
I-M-L-A4-s0,HALFTONE_M,5,,,17.404,1,1
I-M-L-A4-s0,HALFTONE_L,5,,,17.404,1,1
I-M-L-A4-s0,DITHER_M,5,,,17.404,1,1
I-M-L-A4-s0,HIGH_CONTRAST,5,,,21,1,1
I-M-M-A4-s0,STANDARD,5,,,17.404,1,1
I-M-M-A4-s0,ECO_COLOUR,5,,,17.404,1,1
I-M-M-A4-s0,SUPER_ECO_BW,5,,,21,1,1
I-M-M-A4-s0,INT_BG+TINT_FILL_55,5,,,17.404,1,1
I-M-M-A4-s0,INT_REMOVE_ALL,5,,,17.404,1,1
I-M-M-A4-s0,INT_OUTLINE+BW,5,,,21,1,1
I-M-M-A4-s0,INT_GRAY+BG,5,,,17.404,1,1
I-M-M-A4-s0,INT_OUTLINE+HALFTONE_M,5,,,17.404,1,1
I-M-M-A4-s0,COPY_SAFE_ECO,5,,,21,1,1
I-M-M-A4-s0,COMBINED_REMOVE+TINT_75,5,,,7.6923,1,1
I-M-M-A4-s0,COMBINED_ECO+STRUCT_75,5,,,7.6923,1,1
I-M-M-A4-s0,OPACITY_GROUP_90,5,,,13.009,1,1
I-M-M-A4-s0,OPACITY_GROUP_75,5,,,7.6923,1,1
I-M-M-A4-s0,OPACITY_GROUP_60,5,,,4.5422,1,0
I-M-M-A4-s0,OPACITY_GROUP_45,5,,,2.8847,0,0
I-M-M-A4-s0,OPACITY_ELEM_60,5,,,4.5422,1,0
I-M-M-A4-s0,OPACITY_FILL_60,5,,,17.404,1,1
I-M-M-A4-s0,OPACITY_STROKE_60,5,,,17.404,1,1
I-M-M-A4-s0,OPACITY_TEXT_60,5,,,4.5422,1,0
I-M-M-A4-s0,TINT_75,5,,,7.6923,1,1
I-M-M-A4-s0,TINT_55,5,,,3.8957,0,0
I-M-M-A4-s0,TINT_30,5,,,1.9408,0,0
I-M-M-A4-s0,TINT_FILL_55,5,,,17.404,1,1
I-M-M-A4-s0,TINT_FILL_30,5,,,17.404,1,1
I-M-M-A4-s0,TINT_FILL_15,5,,,17.404,1,1
I-M-M-A4-s0,GRAYSCALE,5,,,17.404,1,1
I-M-M-A4-s0,BW_THRESHOLD,,,,,,
I-M-M-A4-s0,BW_SEMANTIC,5,,,21,1,1
I-M-M-A4-s0,OUTLINE_ONLY,5,,,17.404,1,1
I-M-M-A4-s0,OUTLINE_NAIVE,5,,,17.404,1,1
I-M-M-A4-s0,BG_REMOVAL,5,,,17.404,1,1
I-M-M-A4-s0,DECOR_REMOVAL,5,,,17.404,1,1
I-M-M-A4-s0,HALFTONE_H,5,,,17.404,1,1
I-M-M-A4-s0,HALFTONE_M,5,,,17.404,1,1
I-M-M-A4-s0,HALFTONE_L,5,,,17.404,1,1
I-M-M-A4-s0,DITHER_M,5,,,17.404,1,1
I-M-M-A4-s0,HIGH_CONTRAST,5,,,21,1,1
I-M-M-A4-s1,STANDARD,5,,,17.404,1,1
I-M-M-A4-s1,ECO_COLOUR,5,,,17.404,1,1
I-M-M-A4-s1,SUPER_ECO_BW,5,,,21,1,1
I-M-M-A4-s1,OPACITY_GROUP_75,5,,,7.6923,1,1
I-M-M-A4-s1,OPACITY_GROUP_60,5,,,4.5422,1,0
I-M-M-A4-s1,TINT_55,5,,,3.8957,0,0
I-M-M-A4-s1,TINT_FILL_30,5,,,17.404,1,1
I-M-M-A4-s1,GRAYSCALE,5,,,17.404,1,1
I-M-M-A4-s1,BW_SEMANTIC,5,,,21,1,1
I-M-M-A4-s1,OUTLINE_ONLY,5,,,17.404,1,1
I-M-M-A4-s1,BG_REMOVAL,5,,,17.404,1,1
I-M-M-A4-s1,DECOR_REMOVAL,5,,,17.404,1,1
I-M-M-A4-s1,HALFTONE_M,5,,,17.404,1,1
I-M-M-A4-s1,HIGH_CONTRAST,5,,,21,1,1
I-M-M-A4-s2,STANDARD,5,,,17.404,1,1
I-M-M-A4-s2,ECO_COLOUR,5,,,17.404,1,1
I-M-M-A4-s2,SUPER_ECO_BW,5,,,21,1,1
I-M-M-A4-s2,OPACITY_GROUP_75,5,,,7.6923,1,1
I-M-M-A4-s2,OPACITY_GROUP_60,5,,,4.5422,1,0
I-M-M-A4-s2,TINT_55,5,,,3.8957,0,0
I-M-M-A4-s2,TINT_FILL_30,5,,,17.404,1,1
I-M-M-A4-s2,GRAYSCALE,5,,,17.404,1,1
I-M-M-A4-s2,BW_SEMANTIC,5,,,21,1,1
I-M-M-A4-s2,OUTLINE_ONLY,5,,,17.404,1,1
I-M-M-A4-s2,BG_REMOVAL,5,,,17.404,1,1
I-M-M-A4-s2,DECOR_REMOVAL,5,,,17.404,1,1
I-M-M-A4-s2,HALFTONE_M,5,,,17.404,1,1
I-M-M-A4-s2,HIGH_CONTRAST,5,,,21,1,1
I-M-M-A4-s3,STANDARD,5,,,17.404,1,1
I-M-M-A4-s3,ECO_COLOUR,5,,,17.404,1,1
I-M-M-A4-s3,SUPER_ECO_BW,5,,,21,1,1
I-M-M-A4-s3,OPACITY_GROUP_75,5,,,7.6923,1,1
I-M-M-A4-s3,OPACITY_GROUP_60,5,,,4.5422,1,0
I-M-M-A4-s3,TINT_55,5,,,3.8957,0,0
I-M-M-A4-s3,TINT_FILL_30,5,,,17.404,1,1
I-M-M-A4-s3,GRAYSCALE,5,,,17.404,1,1
I-M-M-A4-s3,BW_SEMANTIC,5,,,21,1,1
I-M-M-A4-s3,OUTLINE_ONLY,5,,,17.404,1,1
I-M-M-A4-s3,BG_REMOVAL,5,,,17.404,1,1
I-M-M-A4-s3,DECOR_REMOVAL,5,,,17.404,1,1
I-M-M-A4-s3,HALFTONE_M,5,,,17.404,1,1
I-M-M-A4-s3,HIGH_CONTRAST,5,,,21,1,1
I-M-M-A4-s4,STANDARD,5,,,17.404,1,1
I-M-M-A4-s4,ECO_COLOUR,5,,,17.404,1,1
I-M-M-A4-s4,SUPER_ECO_BW,5,,,21,1,1
I-M-M-A4-s4,OPACITY_GROUP_75,5,,,7.6923,1,1
I-M-M-A4-s4,OPACITY_GROUP_60,5,,,4.5422,1,0
I-M-M-A4-s4,TINT_55,5,,,3.8957,0,0
I-M-M-A4-s4,TINT_FILL_30,5,,,17.404,1,1
I-M-M-A4-s4,GRAYSCALE,5,,,17.404,1,1
I-M-M-A4-s4,BW_SEMANTIC,5,,,21,1,1
I-M-M-A4-s4,OUTLINE_ONLY,5,,,17.404,1,1
I-M-M-A4-s4,BG_REMOVAL,5,,,17.404,1,1
I-M-M-A4-s4,DECOR_REMOVAL,5,,,17.404,1,1
I-M-M-A4-s4,HALFTONE_M,5,,,17.404,1,1
I-M-M-A4-s4,HIGH_CONTRAST,5,,,21,1,1
I-M-M-LETTER-s0,STANDARD,5,,,17.404,1,1
I-M-M-LETTER-s0,ECO_COLOUR,5,,,17.404,1,1
I-M-M-LETTER-s0,SUPER_ECO_BW,5,,,21,1,1
I-M-M-LETTER-s0,OPACITY_GROUP_75,5,,,7.6923,1,1
I-M-M-LETTER-s0,OPACITY_GROUP_60,5,,,4.5422,1,0
I-M-M-LETTER-s0,TINT_55,5,,,3.8957,0,0
I-M-M-LETTER-s0,TINT_FILL_30,5,,,17.404,1,1
I-M-M-LETTER-s0,GRAYSCALE,5,,,17.404,1,1
I-M-M-LETTER-s0,BW_SEMANTIC,5,,,21,1,1
I-M-M-LETTER-s0,OUTLINE_ONLY,5,,,17.404,1,1
I-M-M-LETTER-s0,BG_REMOVAL,5,,,17.404,1,1
I-M-M-LETTER-s0,DECOR_REMOVAL,5,,,17.404,1,1
I-M-M-LETTER-s0,HALFTONE_M,5,,,17.404,1,1
I-M-M-LETTER-s0,HIGH_CONTRAST,5,,,21,1,1
I-M-S-A4-s0,STANDARD,5,,,17.404,1,1
I-M-S-A4-s0,ECO_COLOUR,5,,,17.404,1,1
I-M-S-A4-s0,SUPER_ECO_BW,5,,,21,1,1
I-M-S-A4-s0,INT_BG+TINT_FILL_55,5,,,17.404,1,1
I-M-S-A4-s0,INT_REMOVE_ALL,5,,,17.404,1,1
I-M-S-A4-s0,INT_OUTLINE+BW,5,,,21,1,1
I-M-S-A4-s0,INT_GRAY+BG,5,,,17.404,1,1
I-M-S-A4-s0,INT_OUTLINE+HALFTONE_M,5,,,17.404,1,1
I-M-S-A4-s0,COPY_SAFE_ECO,5,,,21,1,1
I-M-S-A4-s0,COMBINED_REMOVE+TINT_75,5,,,7.6923,1,1
I-M-S-A4-s0,COMBINED_ECO+STRUCT_75,5,,,7.6923,1,1
I-M-S-A4-s0,OPACITY_GROUP_90,5,,,13.009,1,1
I-M-S-A4-s0,OPACITY_GROUP_75,5,,,7.6923,1,1
I-M-S-A4-s0,OPACITY_GROUP_60,5,,,4.5422,1,0
I-M-S-A4-s0,OPACITY_GROUP_45,5,,,2.8847,0,0
I-M-S-A4-s0,OPACITY_ELEM_60,5,,,4.5422,1,0
I-M-S-A4-s0,OPACITY_FILL_60,5,,,17.404,1,1
I-M-S-A4-s0,OPACITY_STROKE_60,5,,,17.404,1,1
I-M-S-A4-s0,OPACITY_TEXT_60,5,,,4.5422,1,0
I-M-S-A4-s0,TINT_75,5,,,7.6923,1,1
I-M-S-A4-s0,TINT_55,5,,,3.8957,0,0
I-M-S-A4-s0,TINT_30,5,,,1.9408,0,0
I-M-S-A4-s0,TINT_FILL_55,5,,,17.404,1,1
I-M-S-A4-s0,TINT_FILL_30,5,,,17.404,1,1
I-M-S-A4-s0,TINT_FILL_15,5,,,17.404,1,1
I-M-S-A4-s0,GRAYSCALE,5,,,17.404,1,1
I-M-S-A4-s0,BW_THRESHOLD,,,,,,
I-M-S-A4-s0,BW_SEMANTIC,5,,,21,1,1
I-M-S-A4-s0,OUTLINE_ONLY,5,,,17.404,1,1
I-M-S-A4-s0,OUTLINE_NAIVE,5,,,17.404,1,1
I-M-S-A4-s0,BG_REMOVAL,5,,,17.404,1,1
I-M-S-A4-s0,DECOR_REMOVAL,5,,,17.404,1,1
I-M-S-A4-s0,HALFTONE_H,5,,,17.404,1,1
I-M-S-A4-s0,HALFTONE_M,5,,,17.404,1,1
I-M-S-A4-s0,HALFTONE_L,5,,,17.404,1,1
I-M-S-A4-s0,DITHER_M,5,,,17.404,1,1
I-M-S-A4-s0,HIGH_CONTRAST,5,,,21,1,1
J-H-L-A4-s0,STANDARD,24,2.6792,0.91667,17.404,1,1
J-H-L-A4-s0,ECO_COLOUR,24,2.6792,0.91667,17.404,1,1
J-H-L-A4-s0,SUPER_ECO_BW,24,21,1,21,1,1
J-H-L-A4-s0,INT_BG+TINT_FILL_55,24,2.6792,0.91667,17.404,1,1
J-H-L-A4-s0,INT_REMOVE_ALL,24,2.6792,0.91667,17.404,1,1
J-H-L-A4-s0,INT_OUTLINE+BW,24,21,1,21,1,1
J-H-L-A4-s0,INT_GRAY+BG,24,2.6792,0.91667,17.404,1,1
J-H-L-A4-s0,INT_OUTLINE+HALFTONE_M,24,2.6792,0.91667,17.404,1,1
J-H-L-A4-s0,COPY_SAFE_ECO,24,6.8969,1,21,1,1
J-H-L-A4-s0,COMBINED_REMOVE+TINT_75,24,2.0279,0.91667,7.6923,1,1
J-H-L-A4-s0,COMBINED_ECO+STRUCT_75,24,2.0279,0.91667,7.6923,1,1
J-H-L-A4-s0,OPACITY_GROUP_90,24,2.3779,0.91667,13.009,1,1
J-H-L-A4-s0,OPACITY_GROUP_75,24,2.0279,0.91667,7.6923,1,1
J-H-L-A4-s0,OPACITY_GROUP_60,24,1.726,0.91667,4.5422,1,0.041667
J-H-L-A4-s0,OPACITY_GROUP_45,24,1.497,0,2.8847,0,0
J-H-L-A4-s0,OPACITY_ELEM_60,24,1.726,0.91667,4.5422,1,0.041667
J-H-L-A4-s0,OPACITY_FILL_60,24,2.6792,0.91667,17.404,1,1
J-H-L-A4-s0,OPACITY_STROKE_60,24,1.726,0.91667,17.404,1,1
J-H-L-A4-s0,OPACITY_TEXT_60,24,2.6792,0.91667,4.5422,1,0.041667
J-H-L-A4-s0,TINT_75,24,2.0279,0.91667,7.6923,1,1
J-H-L-A4-s0,TINT_55,24,1.639,0.91667,3.8957,0.041667,0
J-H-L-A4-s0,TINT_30,24,1.2955,0,1.9408,0,0
J-H-L-A4-s0,TINT_FILL_55,24,2.6792,0.91667,17.404,1,1
J-H-L-A4-s0,TINT_FILL_30,24,2.6792,0.91667,17.404,1,1
J-H-L-A4-s0,TINT_FILL_15,24,2.6792,0.91667,17.404,1,1
J-H-L-A4-s0,GRAYSCALE,24,2.6792,0.91667,17.404,1,1
J-H-L-A4-s0,BW_THRESHOLD,,,,,,
J-H-L-A4-s0,BW_SEMANTIC,24,21,1,21,1,1
J-H-L-A4-s0,OUTLINE_ONLY,24,2.6792,0.91667,17.404,1,1
J-H-L-A4-s0,OUTLINE_NAIVE,24,2.6792,0.91667,17.404,1,1
J-H-L-A4-s0,BG_REMOVAL,24,2.6792,0.91667,17.404,1,1
J-H-L-A4-s0,DECOR_REMOVAL,24,2.6792,0.91667,17.404,1,1
J-H-L-A4-s0,HALFTONE_H,24,2.6792,0.91667,17.404,1,1
J-H-L-A4-s0,HALFTONE_M,24,2.6792,0.91667,17.404,1,1
J-H-L-A4-s0,HALFTONE_L,24,2.6792,0.91667,17.404,1,1
J-H-L-A4-s0,DITHER_M,24,2.6792,0.91667,17.404,1,1
J-H-L-A4-s0,HIGH_CONTRAST,24,6.8969,1,21,1,1
J-H-M-A4-s0,STANDARD,36,2.6792,0.89474,17.404,1,1
J-H-M-A4-s0,ECO_COLOUR,36,2.6792,0.89474,17.404,1,1
J-H-M-A4-s0,SUPER_ECO_BW,36,21,1,21,1,1
J-H-M-A4-s0,INT_BG+TINT_FILL_55,36,2.6792,0.89474,17.404,1,1
J-H-M-A4-s0,INT_REMOVE_ALL,36,2.6792,0.89474,17.404,1,1
J-H-M-A4-s0,INT_OUTLINE+BW,36,21,1,21,1,1
J-H-M-A4-s0,INT_GRAY+BG,36,2.6792,0.89474,17.404,1,1
J-H-M-A4-s0,INT_OUTLINE+HALFTONE_M,36,2.6792,0.89474,17.404,1,1
J-H-M-A4-s0,COPY_SAFE_ECO,36,6.8969,1,21,1,1
J-H-M-A4-s0,COMBINED_REMOVE+TINT_75,36,2.0279,0.89474,7.6923,1,1
J-H-M-A4-s0,COMBINED_ECO+STRUCT_75,36,2.0279,0.89474,7.6923,1,1
J-H-M-A4-s0,OPACITY_GROUP_90,36,2.3779,0.89474,13.009,1,1
J-H-M-A4-s0,OPACITY_GROUP_75,36,2.0279,0.89474,7.6923,1,1
J-H-M-A4-s0,OPACITY_GROUP_60,36,1.726,0.89474,4.5422,1,0.027778
J-H-M-A4-s0,OPACITY_GROUP_45,36,1.497,0,2.8847,0,0
J-H-M-A4-s0,OPACITY_ELEM_60,36,1.726,0.89474,4.5422,1,0.027778
J-H-M-A4-s0,OPACITY_FILL_60,36,2.6792,0.89474,17.404,1,1
J-H-M-A4-s0,OPACITY_STROKE_60,36,1.726,0.89474,17.404,1,1
J-H-M-A4-s0,OPACITY_TEXT_60,36,2.6792,0.89474,4.5422,1,0.027778
J-H-M-A4-s0,TINT_75,36,2.0279,0.89474,7.6923,1,1
J-H-M-A4-s0,TINT_55,36,1.639,0.89474,3.8957,0.027778,0
J-H-M-A4-s0,TINT_30,36,1.2955,0,1.9408,0,0
J-H-M-A4-s0,TINT_FILL_55,36,2.6792,0.89474,17.404,1,1
J-H-M-A4-s0,TINT_FILL_30,36,2.6792,0.89474,17.404,1,1
J-H-M-A4-s0,TINT_FILL_15,36,2.6792,0.89474,17.404,1,1
J-H-M-A4-s0,GRAYSCALE,36,2.6792,0.89474,17.404,1,1
J-H-M-A4-s0,BW_THRESHOLD,,,,,,
J-H-M-A4-s0,BW_SEMANTIC,36,21,1,21,1,1
J-H-M-A4-s0,OUTLINE_ONLY,36,2.6792,0.89474,17.404,1,1
J-H-M-A4-s0,OUTLINE_NAIVE,36,2.6792,0.89474,17.404,1,1
J-H-M-A4-s0,BG_REMOVAL,36,2.6792,0.89474,17.404,1,1
J-H-M-A4-s0,DECOR_REMOVAL,36,2.6792,0.89474,17.404,1,1
J-H-M-A4-s0,HALFTONE_H,36,2.6792,0.89474,17.404,1,1
J-H-M-A4-s0,HALFTONE_M,36,2.6792,0.89474,17.404,1,1
J-H-M-A4-s0,HALFTONE_L,36,2.6792,0.89474,17.404,1,1
J-H-M-A4-s0,DITHER_M,36,2.6792,0.89474,17.404,1,1
J-H-M-A4-s0,HIGH_CONTRAST,36,6.8969,1,21,1,1
J-H-M-LETTER-s0,STANDARD,32,2.6792,0.90909,17.404,1,1
J-H-M-LETTER-s0,ECO_COLOUR,32,2.6792,0.90909,17.404,1,1
J-H-M-LETTER-s0,SUPER_ECO_BW,32,21,1,21,1,1
J-H-M-LETTER-s0,OPACITY_GROUP_75,32,2.0279,0.90909,7.6923,1,1
J-H-M-LETTER-s0,OPACITY_GROUP_60,32,1.726,0.90909,4.5422,1,0.03125
J-H-M-LETTER-s0,TINT_55,32,1.639,0.90909,3.8957,0.03125,0
J-H-M-LETTER-s0,TINT_FILL_30,32,2.6792,0.90909,17.404,1,1
J-H-M-LETTER-s0,GRAYSCALE,32,2.6792,0.90909,17.404,1,1
J-H-M-LETTER-s0,BW_SEMANTIC,32,21,1,21,1,1
J-H-M-LETTER-s0,OUTLINE_ONLY,32,2.6792,0.90909,17.404,1,1
J-H-M-LETTER-s0,BG_REMOVAL,32,2.6792,0.90909,17.404,1,1
J-H-M-LETTER-s0,DECOR_REMOVAL,32,2.6792,0.90909,17.404,1,1
J-H-M-LETTER-s0,HALFTONE_M,32,2.6792,0.90909,17.404,1,1
J-H-M-LETTER-s0,HIGH_CONTRAST,32,6.8969,1,21,1,1
J-H-S-A4-s0,STANDARD,44,2.6792,0.89362,17.404,1,1
J-H-S-A4-s0,ECO_COLOUR,44,2.6792,0.89362,17.404,1,1
J-H-S-A4-s0,SUPER_ECO_BW,44,21,1,21,1,1
J-H-S-A4-s0,INT_BG+TINT_FILL_55,44,2.6792,0.89362,17.404,1,1
J-H-S-A4-s0,INT_REMOVE_ALL,44,2.6792,0.89362,17.404,1,1
J-H-S-A4-s0,INT_OUTLINE+BW,44,21,1,21,1,1
J-H-S-A4-s0,INT_GRAY+BG,44,2.6792,0.89362,17.404,1,1
J-H-S-A4-s0,INT_OUTLINE+HALFTONE_M,44,2.6792,0.89362,17.404,1,1
J-H-S-A4-s0,COPY_SAFE_ECO,44,6.8969,1,21,1,1
J-H-S-A4-s0,COMBINED_REMOVE+TINT_75,44,2.0279,0.89362,7.6923,1,1
J-H-S-A4-s0,COMBINED_ECO+STRUCT_75,44,2.0279,0.89362,7.6923,1,1
J-H-S-A4-s0,OPACITY_GROUP_90,44,2.3779,0.89362,13.009,1,1
J-H-S-A4-s0,OPACITY_GROUP_75,44,2.0279,0.89362,7.6923,1,1
J-H-S-A4-s0,OPACITY_GROUP_60,44,1.726,0.89362,4.5422,1,0.022727
J-H-S-A4-s0,OPACITY_GROUP_45,44,1.497,0,2.8847,0,0
J-H-S-A4-s0,OPACITY_ELEM_60,44,1.726,0.89362,4.5422,1,0.022727
J-H-S-A4-s0,OPACITY_FILL_60,44,2.6792,0.89362,17.404,1,1
J-H-S-A4-s0,OPACITY_STROKE_60,44,1.726,0.89362,17.404,1,1
J-H-S-A4-s0,OPACITY_TEXT_60,44,2.6792,0.89362,4.5422,1,0.022727
J-H-S-A4-s0,TINT_75,44,2.0279,0.89362,7.6923,1,1
J-H-S-A4-s0,TINT_55,44,1.639,0.89362,3.8957,0.022727,0
J-H-S-A4-s0,TINT_30,44,1.2955,0,1.9408,0,0
J-H-S-A4-s0,TINT_FILL_55,44,2.6792,0.89362,17.404,1,1
J-H-S-A4-s0,TINT_FILL_30,44,2.6792,0.89362,17.404,1,1
J-H-S-A4-s0,TINT_FILL_15,44,2.6792,0.89362,17.404,1,1
J-H-S-A4-s0,GRAYSCALE,44,2.6792,0.89362,17.404,1,1
J-H-S-A4-s0,BW_THRESHOLD,,,,,,
J-H-S-A4-s0,BW_SEMANTIC,44,21,1,21,1,1
J-H-S-A4-s0,OUTLINE_ONLY,44,2.6792,0.89362,17.404,1,1
J-H-S-A4-s0,OUTLINE_NAIVE,44,2.6792,0.89362,17.404,1,1
J-H-S-A4-s0,BG_REMOVAL,44,2.6792,0.89362,17.404,1,1
J-H-S-A4-s0,DECOR_REMOVAL,44,2.6792,0.89362,17.404,1,1
J-H-S-A4-s0,HALFTONE_H,44,2.6792,0.89362,17.404,1,1
J-H-S-A4-s0,HALFTONE_M,44,2.6792,0.89362,17.404,1,1
J-H-S-A4-s0,HALFTONE_L,44,2.6792,0.89362,17.404,1,1
J-H-S-A4-s0,DITHER_M,44,2.6792,0.89362,17.404,1,1
J-H-S-A4-s0,HIGH_CONTRAST,44,6.8969,1,21,1,1
J-L-L-A4-s0,STANDARD,8,17.404,1,17.404,1,1
J-L-L-A4-s0,ECO_COLOUR,8,17.404,1,17.404,1,1
J-L-L-A4-s0,SUPER_ECO_BW,8,21,1,21,1,1
J-L-L-A4-s0,INT_BG+TINT_FILL_55,8,17.404,1,17.404,1,1
J-L-L-A4-s0,INT_REMOVE_ALL,8,17.404,1,17.404,1,1
J-L-L-A4-s0,INT_OUTLINE+BW,8,21,1,21,1,1
J-L-L-A4-s0,INT_GRAY+BG,8,17.404,1,17.404,1,1
J-L-L-A4-s0,INT_OUTLINE+HALFTONE_M,8,17.404,1,17.404,1,1
J-L-L-A4-s0,COPY_SAFE_ECO,8,21,1,21,1,1
J-L-L-A4-s0,COMBINED_REMOVE+TINT_75,8,7.6923,1,7.6923,1,1
J-L-L-A4-s0,COMBINED_ECO+STRUCT_75,8,7.6923,1,7.6923,1,1
J-L-L-A4-s0,OPACITY_GROUP_90,8,13.009,1,13.009,1,1
J-L-L-A4-s0,OPACITY_GROUP_75,8,7.6923,1,7.6923,1,1
J-L-L-A4-s0,OPACITY_GROUP_60,8,4.5422,1,4.5422,1,0.125
J-L-L-A4-s0,OPACITY_GROUP_45,8,2.8847,0,2.8847,0,0
J-L-L-A4-s0,OPACITY_ELEM_60,8,4.5422,1,4.5422,1,0.125
J-L-L-A4-s0,OPACITY_FILL_60,8,17.404,1,17.404,1,1
J-L-L-A4-s0,OPACITY_STROKE_60,8,4.5422,1,17.404,1,1
J-L-L-A4-s0,OPACITY_TEXT_60,8,17.404,1,4.5422,1,0.125
J-L-L-A4-s0,TINT_75,8,7.6923,1,7.6923,1,1
J-L-L-A4-s0,TINT_55,8,3.8957,1,3.8957,0.125,0
J-L-L-A4-s0,TINT_30,8,1.9408,0,1.9408,0,0
J-L-L-A4-s0,TINT_FILL_55,8,17.404,1,17.404,1,1
J-L-L-A4-s0,TINT_FILL_30,8,17.404,1,17.404,1,1
J-L-L-A4-s0,TINT_FILL_15,8,17.404,1,17.404,1,1
J-L-L-A4-s0,GRAYSCALE,8,17.404,1,17.404,1,1
J-L-L-A4-s0,BW_THRESHOLD,,,,,,
J-L-L-A4-s0,BW_SEMANTIC,8,21,1,21,1,1
J-L-L-A4-s0,OUTLINE_ONLY,8,17.404,1,17.404,1,1
J-L-L-A4-s0,OUTLINE_NAIVE,8,17.404,1,17.404,1,1
J-L-L-A4-s0,BG_REMOVAL,8,17.404,1,17.404,1,1
J-L-L-A4-s0,DECOR_REMOVAL,8,17.404,1,17.404,1,1
J-L-L-A4-s0,HALFTONE_H,8,17.404,1,17.404,1,1
J-L-L-A4-s0,HALFTONE_M,8,17.404,1,17.404,1,1
J-L-L-A4-s0,HALFTONE_L,8,17.404,1,17.404,1,1
J-L-L-A4-s0,DITHER_M,8,17.404,1,17.404,1,1
J-L-L-A4-s0,HIGH_CONTRAST,8,21,1,21,1,1
J-L-M-A4-s0,STANDARD,12,2.6792,0.90909,17.404,1,1
J-L-M-A4-s0,ECO_COLOUR,12,2.6792,0.90909,17.404,1,1
J-L-M-A4-s0,SUPER_ECO_BW,12,21,1,21,1,1
J-L-M-A4-s0,INT_BG+TINT_FILL_55,12,2.6792,0.90909,17.404,1,1
J-L-M-A4-s0,INT_REMOVE_ALL,12,2.6792,0.90909,17.404,1,1
J-L-M-A4-s0,INT_OUTLINE+BW,12,21,1,21,1,1
J-L-M-A4-s0,INT_GRAY+BG,12,2.6792,0.90909,17.404,1,1
J-L-M-A4-s0,INT_OUTLINE+HALFTONE_M,12,2.6792,0.90909,17.404,1,1
J-L-M-A4-s0,COPY_SAFE_ECO,12,6.8969,1,21,1,1
J-L-M-A4-s0,COMBINED_REMOVE+TINT_75,12,2.0279,0.90909,7.6923,1,1
J-L-M-A4-s0,COMBINED_ECO+STRUCT_75,12,2.0279,0.90909,7.6923,1,1
J-L-M-A4-s0,OPACITY_GROUP_90,12,2.3779,0.90909,13.009,1,1
J-L-M-A4-s0,OPACITY_GROUP_75,12,2.0279,0.90909,7.6923,1,1
J-L-M-A4-s0,OPACITY_GROUP_60,12,1.726,0.90909,4.5422,1,0.083333
J-L-M-A4-s0,OPACITY_GROUP_45,12,1.497,0,2.8847,0,0
J-L-M-A4-s0,OPACITY_ELEM_60,12,1.726,0.90909,4.5422,1,0.083333
J-L-M-A4-s0,OPACITY_FILL_60,12,2.6792,0.90909,17.404,1,1
J-L-M-A4-s0,OPACITY_STROKE_60,12,1.726,0.90909,17.404,1,1
J-L-M-A4-s0,OPACITY_TEXT_60,12,2.6792,0.90909,4.5422,1,0.083333
J-L-M-A4-s0,TINT_75,12,2.0279,0.90909,7.6923,1,1
J-L-M-A4-s0,TINT_55,12,1.639,0.90909,3.8957,0.083333,0
J-L-M-A4-s0,TINT_30,12,1.2955,0,1.9408,0,0
J-L-M-A4-s0,TINT_FILL_55,12,2.6792,0.90909,17.404,1,1
J-L-M-A4-s0,TINT_FILL_30,12,2.6792,0.90909,17.404,1,1
J-L-M-A4-s0,TINT_FILL_15,12,2.6792,0.90909,17.404,1,1
J-L-M-A4-s0,GRAYSCALE,12,2.6792,0.90909,17.404,1,1
J-L-M-A4-s0,BW_THRESHOLD,,,,,,
J-L-M-A4-s0,BW_SEMANTIC,12,21,1,21,1,1
J-L-M-A4-s0,OUTLINE_ONLY,12,2.6792,0.90909,17.404,1,1
J-L-M-A4-s0,OUTLINE_NAIVE,12,2.6792,0.90909,17.404,1,1
J-L-M-A4-s0,BG_REMOVAL,12,2.6792,0.90909,17.404,1,1
J-L-M-A4-s0,DECOR_REMOVAL,12,2.6792,0.90909,17.404,1,1
J-L-M-A4-s0,HALFTONE_H,12,2.6792,0.90909,17.404,1,1
J-L-M-A4-s0,HALFTONE_M,12,2.6792,0.90909,17.404,1,1
J-L-M-A4-s0,HALFTONE_L,12,2.6792,0.90909,17.404,1,1
J-L-M-A4-s0,DITHER_M,12,2.6792,0.90909,17.404,1,1
J-L-M-A4-s0,HIGH_CONTRAST,12,6.8969,1,21,1,1
J-L-M-LETTER-s0,STANDARD,12,2.6792,0.90909,17.404,1,1
J-L-M-LETTER-s0,ECO_COLOUR,12,2.6792,0.90909,17.404,1,1
J-L-M-LETTER-s0,SUPER_ECO_BW,12,21,1,21,1,1
J-L-M-LETTER-s0,OPACITY_GROUP_75,12,2.0279,0.90909,7.6923,1,1
J-L-M-LETTER-s0,OPACITY_GROUP_60,12,1.726,0.90909,4.5422,1,0.083333
J-L-M-LETTER-s0,TINT_55,12,1.639,0.90909,3.8957,0.083333,0
J-L-M-LETTER-s0,TINT_FILL_30,12,2.6792,0.90909,17.404,1,1
J-L-M-LETTER-s0,GRAYSCALE,12,2.6792,0.90909,17.404,1,1
J-L-M-LETTER-s0,BW_SEMANTIC,12,21,1,21,1,1
J-L-M-LETTER-s0,OUTLINE_ONLY,12,2.6792,0.90909,17.404,1,1
J-L-M-LETTER-s0,BG_REMOVAL,12,2.6792,0.90909,17.404,1,1
J-L-M-LETTER-s0,DECOR_REMOVAL,12,2.6792,0.90909,17.404,1,1
J-L-M-LETTER-s0,HALFTONE_M,12,2.6792,0.90909,17.404,1,1
J-L-M-LETTER-s0,HIGH_CONTRAST,12,6.8969,1,21,1,1
J-L-S-A4-s0,STANDARD,16,2.6792,0.93333,17.404,1,1
J-L-S-A4-s0,ECO_COLOUR,16,2.6792,0.93333,17.404,1,1
J-L-S-A4-s0,SUPER_ECO_BW,16,21,1,21,1,1
J-L-S-A4-s0,INT_BG+TINT_FILL_55,16,2.6792,0.93333,17.404,1,1
J-L-S-A4-s0,INT_REMOVE_ALL,16,2.6792,0.93333,17.404,1,1
J-L-S-A4-s0,INT_OUTLINE+BW,16,21,1,21,1,1
J-L-S-A4-s0,INT_GRAY+BG,16,2.6792,0.93333,17.404,1,1
J-L-S-A4-s0,INT_OUTLINE+HALFTONE_M,16,2.6792,0.93333,17.404,1,1
J-L-S-A4-s0,COPY_SAFE_ECO,16,6.8969,1,21,1,1
J-L-S-A4-s0,COMBINED_REMOVE+TINT_75,16,2.0279,0.93333,7.6923,1,1
J-L-S-A4-s0,COMBINED_ECO+STRUCT_75,16,2.0279,0.93333,7.6923,1,1
J-L-S-A4-s0,OPACITY_GROUP_90,16,2.3779,0.93333,13.009,1,1
J-L-S-A4-s0,OPACITY_GROUP_75,16,2.0279,0.93333,7.6923,1,1
J-L-S-A4-s0,OPACITY_GROUP_60,16,1.726,0.93333,4.5422,1,0.0625
J-L-S-A4-s0,OPACITY_GROUP_45,16,1.497,0,2.8847,0,0
J-L-S-A4-s0,OPACITY_ELEM_60,16,1.726,0.93333,4.5422,1,0.0625
J-L-S-A4-s0,OPACITY_FILL_60,16,2.6792,0.93333,17.404,1,1
J-L-S-A4-s0,OPACITY_STROKE_60,16,1.726,0.93333,17.404,1,1
J-L-S-A4-s0,OPACITY_TEXT_60,16,2.6792,0.93333,4.5422,1,0.0625
J-L-S-A4-s0,TINT_75,16,2.0279,0.93333,7.6923,1,1
J-L-S-A4-s0,TINT_55,16,1.639,0.93333,3.8957,0.0625,0
J-L-S-A4-s0,TINT_30,16,1.2955,0,1.9408,0,0
J-L-S-A4-s0,TINT_FILL_55,16,2.6792,0.93333,17.404,1,1
J-L-S-A4-s0,TINT_FILL_30,16,2.6792,0.93333,17.404,1,1
J-L-S-A4-s0,TINT_FILL_15,16,2.6792,0.93333,17.404,1,1
J-L-S-A4-s0,GRAYSCALE,16,2.6792,0.93333,17.404,1,1
J-L-S-A4-s0,BW_THRESHOLD,,,,,,
J-L-S-A4-s0,BW_SEMANTIC,16,21,1,21,1,1
J-L-S-A4-s0,OUTLINE_ONLY,16,2.6792,0.93333,17.404,1,1
J-L-S-A4-s0,OUTLINE_NAIVE,16,2.6792,0.93333,17.404,1,1
J-L-S-A4-s0,BG_REMOVAL,16,2.6792,0.93333,17.404,1,1
J-L-S-A4-s0,DECOR_REMOVAL,16,2.6792,0.93333,17.404,1,1
J-L-S-A4-s0,HALFTONE_H,16,2.6792,0.93333,17.404,1,1
J-L-S-A4-s0,HALFTONE_M,16,2.6792,0.93333,17.404,1,1
J-L-S-A4-s0,HALFTONE_L,16,2.6792,0.93333,17.404,1,1
J-L-S-A4-s0,DITHER_M,16,2.6792,0.93333,17.404,1,1
J-L-S-A4-s0,HIGH_CONTRAST,16,6.8969,1,21,1,1
J-M-L-A4-s0,STANDARD,16,2.6792,0.93333,17.404,1,1
J-M-L-A4-s0,ECO_COLOUR,16,2.6792,0.93333,17.404,1,1
J-M-L-A4-s0,SUPER_ECO_BW,16,21,1,21,1,1
J-M-L-A4-s0,INT_BG+TINT_FILL_55,16,2.6792,0.93333,17.404,1,1
J-M-L-A4-s0,INT_REMOVE_ALL,16,2.6792,0.93333,17.404,1,1
J-M-L-A4-s0,INT_OUTLINE+BW,16,21,1,21,1,1
J-M-L-A4-s0,INT_GRAY+BG,16,2.6792,0.93333,17.404,1,1
J-M-L-A4-s0,INT_OUTLINE+HALFTONE_M,16,2.6792,0.93333,17.404,1,1
J-M-L-A4-s0,COPY_SAFE_ECO,16,6.8969,1,21,1,1
J-M-L-A4-s0,COMBINED_REMOVE+TINT_75,16,2.0279,0.93333,7.6923,1,1
J-M-L-A4-s0,COMBINED_ECO+STRUCT_75,16,2.0279,0.93333,7.6923,1,1
J-M-L-A4-s0,OPACITY_GROUP_90,16,2.3779,0.93333,13.009,1,1
J-M-L-A4-s0,OPACITY_GROUP_75,16,2.0279,0.93333,7.6923,1,1
J-M-L-A4-s0,OPACITY_GROUP_60,16,1.726,0.93333,4.5422,1,0.0625
J-M-L-A4-s0,OPACITY_GROUP_45,16,1.497,0,2.8847,0,0
J-M-L-A4-s0,OPACITY_ELEM_60,16,1.726,0.93333,4.5422,1,0.0625
J-M-L-A4-s0,OPACITY_FILL_60,16,2.6792,0.93333,17.404,1,1
J-M-L-A4-s0,OPACITY_STROKE_60,16,1.726,0.93333,17.404,1,1
J-M-L-A4-s0,OPACITY_TEXT_60,16,2.6792,0.93333,4.5422,1,0.0625
J-M-L-A4-s0,TINT_75,16,2.0279,0.93333,7.6923,1,1
J-M-L-A4-s0,TINT_55,16,1.639,0.93333,3.8957,0.0625,0
J-M-L-A4-s0,TINT_30,16,1.2955,0,1.9408,0,0
J-M-L-A4-s0,TINT_FILL_55,16,2.6792,0.93333,17.404,1,1
J-M-L-A4-s0,TINT_FILL_30,16,2.6792,0.93333,17.404,1,1
J-M-L-A4-s0,TINT_FILL_15,16,2.6792,0.93333,17.404,1,1
J-M-L-A4-s0,GRAYSCALE,16,2.6792,0.93333,17.404,1,1
J-M-L-A4-s0,BW_THRESHOLD,,,,,,
J-M-L-A4-s0,BW_SEMANTIC,16,21,1,21,1,1
J-M-L-A4-s0,OUTLINE_ONLY,16,2.6792,0.93333,17.404,1,1
J-M-L-A4-s0,OUTLINE_NAIVE,16,2.6792,0.93333,17.404,1,1
J-M-L-A4-s0,BG_REMOVAL,16,2.6792,0.93333,17.404,1,1
J-M-L-A4-s0,DECOR_REMOVAL,16,2.6792,0.93333,17.404,1,1
J-M-L-A4-s0,HALFTONE_H,16,2.6792,0.93333,17.404,1,1
J-M-L-A4-s0,HALFTONE_M,16,2.6792,0.93333,17.404,1,1
J-M-L-A4-s0,HALFTONE_L,16,2.6792,0.93333,17.404,1,1
J-M-L-A4-s0,DITHER_M,16,2.6792,0.93333,17.404,1,1
J-M-L-A4-s0,HIGH_CONTRAST,16,6.8969,1,21,1,1
J-M-M-A4-s0,STANDARD,24,2.6792,0.91667,17.404,1,1
J-M-M-A4-s0,ECO_COLOUR,24,2.6792,0.91667,17.404,1,1
J-M-M-A4-s0,SUPER_ECO_BW,24,21,1,21,1,1
J-M-M-A4-s0,INT_BG+TINT_FILL_55,24,2.6792,0.91667,17.404,1,1
J-M-M-A4-s0,INT_REMOVE_ALL,24,2.6792,0.91667,17.404,1,1
J-M-M-A4-s0,INT_OUTLINE+BW,24,21,1,21,1,1
J-M-M-A4-s0,INT_GRAY+BG,24,2.6792,0.91667,17.404,1,1
J-M-M-A4-s0,INT_OUTLINE+HALFTONE_M,24,2.6792,0.91667,17.404,1,1
J-M-M-A4-s0,COPY_SAFE_ECO,24,6.8969,1,21,1,1
J-M-M-A4-s0,COMBINED_REMOVE+TINT_75,24,2.0279,0.91667,7.6923,1,1
J-M-M-A4-s0,COMBINED_ECO+STRUCT_75,24,2.0279,0.91667,7.6923,1,1
J-M-M-A4-s0,OPACITY_GROUP_90,24,2.3779,0.91667,13.009,1,1
J-M-M-A4-s0,OPACITY_GROUP_75,24,2.0279,0.91667,7.6923,1,1
J-M-M-A4-s0,OPACITY_GROUP_60,24,1.726,0.91667,4.5422,1,0.041667
J-M-M-A4-s0,OPACITY_GROUP_45,24,1.497,0,2.8847,0,0
J-M-M-A4-s0,OPACITY_ELEM_60,24,1.726,0.91667,4.5422,1,0.041667
J-M-M-A4-s0,OPACITY_FILL_60,24,2.6792,0.91667,17.404,1,1
J-M-M-A4-s0,OPACITY_STROKE_60,24,1.726,0.91667,17.404,1,1
J-M-M-A4-s0,OPACITY_TEXT_60,24,2.6792,0.91667,4.5422,1,0.041667
J-M-M-A4-s0,TINT_75,24,2.0279,0.91667,7.6923,1,1
J-M-M-A4-s0,TINT_55,24,1.639,0.91667,3.8957,0.041667,0
J-M-M-A4-s0,TINT_30,24,1.2955,0,1.9408,0,0
J-M-M-A4-s0,TINT_FILL_55,24,2.6792,0.91667,17.404,1,1
J-M-M-A4-s0,TINT_FILL_30,24,2.6792,0.91667,17.404,1,1
J-M-M-A4-s0,TINT_FILL_15,24,2.6792,0.91667,17.404,1,1
J-M-M-A4-s0,GRAYSCALE,24,2.6792,0.91667,17.404,1,1
J-M-M-A4-s0,BW_THRESHOLD,,,,,,
J-M-M-A4-s0,BW_SEMANTIC,24,21,1,21,1,1
J-M-M-A4-s0,OUTLINE_ONLY,24,2.6792,0.91667,17.404,1,1
J-M-M-A4-s0,OUTLINE_NAIVE,24,2.6792,0.91667,17.404,1,1
J-M-M-A4-s0,BG_REMOVAL,24,2.6792,0.91667,17.404,1,1
J-M-M-A4-s0,DECOR_REMOVAL,24,2.6792,0.91667,17.404,1,1
J-M-M-A4-s0,HALFTONE_H,24,2.6792,0.91667,17.404,1,1
J-M-M-A4-s0,HALFTONE_M,24,2.6792,0.91667,17.404,1,1
J-M-M-A4-s0,HALFTONE_L,24,2.6792,0.91667,17.404,1,1
J-M-M-A4-s0,DITHER_M,24,2.6792,0.91667,17.404,1,1
J-M-M-A4-s0,HIGH_CONTRAST,24,6.8969,1,21,1,1
J-M-M-A4-s1,STANDARD,24,2.6792,0.91667,17.404,1,1
J-M-M-A4-s1,ECO_COLOUR,24,2.6792,0.91667,17.404,1,1
J-M-M-A4-s1,SUPER_ECO_BW,24,21,1,21,1,1
J-M-M-A4-s1,OPACITY_GROUP_75,24,2.0279,0.91667,7.6923,1,1
J-M-M-A4-s1,OPACITY_GROUP_60,24,1.726,0.91667,4.5422,1,0.041667
J-M-M-A4-s1,TINT_55,24,1.639,0.91667,3.8957,0.041667,0
J-M-M-A4-s1,TINT_FILL_30,24,2.6792,0.91667,17.404,1,1
J-M-M-A4-s1,GRAYSCALE,24,2.6792,0.91667,17.404,1,1
J-M-M-A4-s1,BW_SEMANTIC,24,21,1,21,1,1
J-M-M-A4-s1,OUTLINE_ONLY,24,2.6792,0.91667,17.404,1,1
J-M-M-A4-s1,BG_REMOVAL,24,2.6792,0.91667,17.404,1,1
J-M-M-A4-s1,DECOR_REMOVAL,24,2.6792,0.91667,17.404,1,1
J-M-M-A4-s1,HALFTONE_M,24,2.6792,0.91667,17.404,1,1
J-M-M-A4-s1,HIGH_CONTRAST,24,6.8969,1,21,1,1
J-M-M-A4-s2,STANDARD,24,2.6792,0.91667,17.404,1,1
J-M-M-A4-s2,ECO_COLOUR,24,2.6792,0.91667,17.404,1,1
J-M-M-A4-s2,SUPER_ECO_BW,24,21,1,21,1,1
J-M-M-A4-s2,OPACITY_GROUP_75,24,2.0279,0.91667,7.6923,1,1
J-M-M-A4-s2,OPACITY_GROUP_60,24,1.726,0.91667,4.5422,1,0.041667
J-M-M-A4-s2,TINT_55,24,1.639,0.91667,3.8957,0.041667,0
J-M-M-A4-s2,TINT_FILL_30,24,2.6792,0.91667,17.404,1,1
J-M-M-A4-s2,GRAYSCALE,24,2.6792,0.91667,17.404,1,1
J-M-M-A4-s2,BW_SEMANTIC,24,21,1,21,1,1
J-M-M-A4-s2,OUTLINE_ONLY,24,2.6792,0.91667,17.404,1,1
J-M-M-A4-s2,BG_REMOVAL,24,2.6792,0.91667,17.404,1,1
J-M-M-A4-s2,DECOR_REMOVAL,24,2.6792,0.91667,17.404,1,1
J-M-M-A4-s2,HALFTONE_M,24,2.6792,0.91667,17.404,1,1
J-M-M-A4-s2,HIGH_CONTRAST,24,6.8969,1,21,1,1
J-M-M-A4-s3,STANDARD,24,2.6792,0.91667,17.404,1,1
J-M-M-A4-s3,ECO_COLOUR,24,2.6792,0.91667,17.404,1,1
J-M-M-A4-s3,SUPER_ECO_BW,24,21,1,21,1,1
J-M-M-A4-s3,OPACITY_GROUP_75,24,2.0279,0.91667,7.6923,1,1
J-M-M-A4-s3,OPACITY_GROUP_60,24,1.726,0.91667,4.5422,1,0.041667
J-M-M-A4-s3,TINT_55,24,1.639,0.91667,3.8957,0.041667,0
J-M-M-A4-s3,TINT_FILL_30,24,2.6792,0.91667,17.404,1,1
J-M-M-A4-s3,GRAYSCALE,24,2.6792,0.91667,17.404,1,1
J-M-M-A4-s3,BW_SEMANTIC,24,21,1,21,1,1
J-M-M-A4-s3,OUTLINE_ONLY,24,2.6792,0.91667,17.404,1,1
J-M-M-A4-s3,BG_REMOVAL,24,2.6792,0.91667,17.404,1,1
J-M-M-A4-s3,DECOR_REMOVAL,24,2.6792,0.91667,17.404,1,1
J-M-M-A4-s3,HALFTONE_M,24,2.6792,0.91667,17.404,1,1
J-M-M-A4-s3,HIGH_CONTRAST,24,6.8969,1,21,1,1
J-M-M-A4-s4,STANDARD,24,2.6792,0.91667,17.404,1,1
J-M-M-A4-s4,ECO_COLOUR,24,2.6792,0.91667,17.404,1,1
J-M-M-A4-s4,SUPER_ECO_BW,24,21,1,21,1,1
J-M-M-A4-s4,OPACITY_GROUP_75,24,2.0279,0.91667,7.6923,1,1
J-M-M-A4-s4,OPACITY_GROUP_60,24,1.726,0.91667,4.5422,1,0.041667
J-M-M-A4-s4,TINT_55,24,1.639,0.91667,3.8957,0.041667,0
J-M-M-A4-s4,TINT_FILL_30,24,2.6792,0.91667,17.404,1,1
J-M-M-A4-s4,GRAYSCALE,24,2.6792,0.91667,17.404,1,1
J-M-M-A4-s4,BW_SEMANTIC,24,21,1,21,1,1
J-M-M-A4-s4,OUTLINE_ONLY,24,2.6792,0.91667,17.404,1,1
J-M-M-A4-s4,BG_REMOVAL,24,2.6792,0.91667,17.404,1,1
J-M-M-A4-s4,DECOR_REMOVAL,24,2.6792,0.91667,17.404,1,1
J-M-M-A4-s4,HALFTONE_M,24,2.6792,0.91667,17.404,1,1
J-M-M-A4-s4,HIGH_CONTRAST,24,6.8969,1,21,1,1
J-M-M-LETTER-s0,STANDARD,20,2.6792,0.9,17.404,1,1
J-M-M-LETTER-s0,ECO_COLOUR,20,2.6792,0.9,17.404,1,1
J-M-M-LETTER-s0,SUPER_ECO_BW,20,21,1,21,1,1
J-M-M-LETTER-s0,OPACITY_GROUP_75,20,2.0279,0.9,7.6923,1,1
J-M-M-LETTER-s0,OPACITY_GROUP_60,20,1.726,0.9,4.5422,1,0.05
J-M-M-LETTER-s0,TINT_55,20,1.639,0.9,3.8957,0.05,0
J-M-M-LETTER-s0,TINT_FILL_30,20,2.6792,0.9,17.404,1,1
J-M-M-LETTER-s0,GRAYSCALE,20,2.6792,0.9,17.404,1,1
J-M-M-LETTER-s0,BW_SEMANTIC,20,21,1,21,1,1
J-M-M-LETTER-s0,OUTLINE_ONLY,20,2.6792,0.9,17.404,1,1
J-M-M-LETTER-s0,BG_REMOVAL,20,2.6792,0.9,17.404,1,1
J-M-M-LETTER-s0,DECOR_REMOVAL,20,2.6792,0.9,17.404,1,1
J-M-M-LETTER-s0,HALFTONE_M,20,2.6792,0.9,17.404,1,1
J-M-M-LETTER-s0,HIGH_CONTRAST,20,6.8969,1,21,1,1
J-M-S-A4-s0,STANDARD,28,2.6792,0.89655,17.404,1,1
J-M-S-A4-s0,ECO_COLOUR,28,2.6792,0.89655,17.404,1,1
J-M-S-A4-s0,SUPER_ECO_BW,28,21,1,21,1,1
J-M-S-A4-s0,INT_BG+TINT_FILL_55,28,2.6792,0.89655,17.404,1,1
J-M-S-A4-s0,INT_REMOVE_ALL,28,2.6792,0.89655,17.404,1,1
J-M-S-A4-s0,INT_OUTLINE+BW,28,21,1,21,1,1
J-M-S-A4-s0,INT_GRAY+BG,28,2.6792,0.89655,17.404,1,1
J-M-S-A4-s0,INT_OUTLINE+HALFTONE_M,28,2.6792,0.89655,17.404,1,1
J-M-S-A4-s0,COPY_SAFE_ECO,28,6.8969,1,21,1,1
J-M-S-A4-s0,COMBINED_REMOVE+TINT_75,28,2.0279,0.89655,7.6923,1,1
J-M-S-A4-s0,COMBINED_ECO+STRUCT_75,28,2.0279,0.89655,7.6923,1,1
J-M-S-A4-s0,OPACITY_GROUP_90,28,2.3779,0.89655,13.009,1,1
J-M-S-A4-s0,OPACITY_GROUP_75,28,2.0279,0.89655,7.6923,1,1
J-M-S-A4-s0,OPACITY_GROUP_60,28,1.726,0.89655,4.5422,1,0.035714
J-M-S-A4-s0,OPACITY_GROUP_45,28,1.497,0,2.8847,0,0
J-M-S-A4-s0,OPACITY_ELEM_60,28,1.726,0.89655,4.5422,1,0.035714
J-M-S-A4-s0,OPACITY_FILL_60,28,2.6792,0.89655,17.404,1,1
J-M-S-A4-s0,OPACITY_STROKE_60,28,1.726,0.89655,17.404,1,1
J-M-S-A4-s0,OPACITY_TEXT_60,28,2.6792,0.89655,4.5422,1,0.035714
J-M-S-A4-s0,TINT_75,28,2.0279,0.89655,7.6923,1,1
J-M-S-A4-s0,TINT_55,28,1.639,0.89655,3.8957,0.035714,0
J-M-S-A4-s0,TINT_30,28,1.2955,0,1.9408,0,0
J-M-S-A4-s0,TINT_FILL_55,28,2.6792,0.89655,17.404,1,1
J-M-S-A4-s0,TINT_FILL_30,28,2.6792,0.89655,17.404,1,1
J-M-S-A4-s0,TINT_FILL_15,28,2.6792,0.89655,17.404,1,1
J-M-S-A4-s0,GRAYSCALE,28,2.6792,0.89655,17.404,1,1
J-M-S-A4-s0,BW_THRESHOLD,,,,,,
J-M-S-A4-s0,BW_SEMANTIC,28,21,1,21,1,1
J-M-S-A4-s0,OUTLINE_ONLY,28,2.6792,0.89655,17.404,1,1
J-M-S-A4-s0,OUTLINE_NAIVE,28,2.6792,0.89655,17.404,1,1
J-M-S-A4-s0,BG_REMOVAL,28,2.6792,0.89655,17.404,1,1
J-M-S-A4-s0,DECOR_REMOVAL,28,2.6792,0.89655,17.404,1,1
J-M-S-A4-s0,HALFTONE_H,28,2.6792,0.89655,17.404,1,1
J-M-S-A4-s0,HALFTONE_M,28,2.6792,0.89655,17.404,1,1
J-M-S-A4-s0,HALFTONE_L,28,2.6792,0.89655,17.404,1,1
J-M-S-A4-s0,DITHER_M,28,2.6792,0.89655,17.404,1,1
J-M-S-A4-s0,HIGH_CONTRAST,28,6.8969,1,21,1,1
K-H-L-A4-s0,STANDARD,8,15.638,1,3.7628,1,0.875
K-H-L-A4-s0,ECO_COLOUR,8,17.404,1,17.404,1,1
K-H-L-A4-s0,SUPER_ECO_BW,8,21,1,21,1,1
K-H-L-A4-s0,INT_BG+TINT_FILL_55,8,17.404,1,8.2219,1,1
K-H-L-A4-s0,INT_REMOVE_ALL,8,17.404,1,17.404,1,1
K-H-L-A4-s0,INT_OUTLINE+BW,8,21,1,21,1,1
K-H-L-A4-s0,INT_GRAY+BG,8,17.404,1,5.4898,1,1
K-H-L-A4-s0,INT_OUTLINE+HALFTONE_M,8,17.404,1,17.404,1,1
K-H-L-A4-s0,COPY_SAFE_ECO,8,21,1,21,1,1
K-H-L-A4-s0,COMBINED_REMOVE+TINT_75,8,7.6923,1,7.6923,1,1
K-H-L-A4-s0,COMBINED_ECO+STRUCT_75,8,7.6923,1,7.6923,1,1
K-H-L-A4-s0,OPACITY_GROUP_90,8,11.798,1,3.3748,1,0.875
K-H-L-A4-s0,OPACITY_GROUP_75,8,7.097,1,2.7884,0.875,0.875
K-H-L-A4-s0,OPACITY_GROUP_60,8,4.2637,1,2.2784,0.125,0
K-H-L-A4-s0,OPACITY_GROUP_45,8,2.7537,0,1.8451,0,0
K-H-L-A4-s0,OPACITY_ELEM_60,8,4.4573,1,1.6813,0.125,0
K-H-L-A4-s0,OPACITY_FILL_60,8,16.337,1,2.3342,0.875,0.875
K-H-L-A4-s0,OPACITY_STROKE_60,8,4.3944,1,3.7628,1,0.875
K-H-L-A4-s0,OPACITY_TEXT_60,8,15.638,1,2.196,0.125,0
K-H-L-A4-s0,TINT_75,8,7.097,1,6.2416,1,1
K-H-L-A4-s0,TINT_55,8,3.6628,1,3.6628,0.25,0.125
K-H-L-A4-s0,TINT_30,8,1.8737,0,1.8737,0.125,0.125
K-H-L-A4-s0,TINT_FILL_55,8,16.364,1,8.2219,1,1
K-H-L-A4-s0,TINT_FILL_30,8,16.802,1,11.675,1,1
K-H-L-A4-s0,TINT_FILL_15,8,17.1,1,14.269,1,1
K-H-L-A4-s0,GRAYSCALE,8,15.547,1,5.4898,1,1
K-H-L-A4-s0,BW_THRESHOLD,,,,,,
K-H-L-A4-s0,BW_SEMANTIC,8,21,1,21,1,1
K-H-L-A4-s0,OUTLINE_ONLY,8,17.404,1,17.404,1,1
K-H-L-A4-s0,OUTLINE_NAIVE,8,17.404,1,1,0.875,0.875
K-H-L-A4-s0,BG_REMOVAL,8,17.404,1,3.7628,1,0.875
K-H-L-A4-s0,DECOR_REMOVAL,8,15.638,1,15.638,1,1
K-H-L-A4-s0,HALFTONE_H,8,16.364,1,8.2219,1,1
K-H-L-A4-s0,HALFTONE_M,8,16.802,1,11.675,1,1
K-H-L-A4-s0,HALFTONE_L,8,17.1,1,14.269,1,1
K-H-L-A4-s0,DITHER_M,8,16.802,1,11.675,1,1
K-H-L-A4-s0,HIGH_CONTRAST,8,21,1,3.7628,1,0.875
K-H-M-A4-s0,STANDARD,10,15.638,1,3.7628,1,0.9
K-H-M-A4-s0,ECO_COLOUR,10,17.404,1,17.404,1,1
K-H-M-A4-s0,SUPER_ECO_BW,10,21,1,21,1,1
K-H-M-A4-s0,INT_BG+TINT_FILL_55,10,17.404,1,8.2219,1,1
K-H-M-A4-s0,INT_REMOVE_ALL,10,17.404,1,17.404,1,1
K-H-M-A4-s0,INT_OUTLINE+BW,10,21,1,21,1,1
K-H-M-A4-s0,INT_GRAY+BG,10,17.404,1,5.4898,1,1
K-H-M-A4-s0,INT_OUTLINE+HALFTONE_M,10,17.404,1,17.404,1,1
K-H-M-A4-s0,COPY_SAFE_ECO,10,21,1,21,1,1
K-H-M-A4-s0,COMBINED_REMOVE+TINT_75,10,7.6923,1,7.6923,1,1
K-H-M-A4-s0,COMBINED_ECO+STRUCT_75,10,7.6923,1,7.6923,1,1
K-H-M-A4-s0,OPACITY_GROUP_90,10,11.798,1,3.3748,1,0.9
K-H-M-A4-s0,OPACITY_GROUP_75,10,7.097,1,2.7884,0.9,0.9
K-H-M-A4-s0,OPACITY_GROUP_60,10,4.2637,1,2.2784,0,0
K-H-M-A4-s0,OPACITY_GROUP_45,10,2.7537,0,1.8451,0,0
K-H-M-A4-s0,OPACITY_ELEM_60,10,4.4573,1,1.6813,0,0
K-H-M-A4-s0,OPACITY_FILL_60,10,16.337,1,2.3342,0.9,0.9
K-H-M-A4-s0,OPACITY_STROKE_60,10,4.3944,1,3.7628,1,0.9
K-H-M-A4-s0,OPACITY_TEXT_60,10,15.638,1,2.196,0,0
K-H-M-A4-s0,TINT_75,10,7.097,1,6.2416,1,1
K-H-M-A4-s0,TINT_55,10,3.6628,1,3.6628,0.1,0.1
K-H-M-A4-s0,TINT_30,10,1.8737,0,1.8737,0.1,0.1
K-H-M-A4-s0,TINT_FILL_55,10,16.364,1,8.2219,1,1
K-H-M-A4-s0,TINT_FILL_30,10,16.802,1,11.675,1,1
K-H-M-A4-s0,TINT_FILL_15,10,17.1,1,14.269,1,1
K-H-M-A4-s0,GRAYSCALE,10,15.547,1,5.4898,1,1
K-H-M-A4-s0,BW_THRESHOLD,,,,,,
K-H-M-A4-s0,BW_SEMANTIC,10,21,1,21,1,1
K-H-M-A4-s0,OUTLINE_ONLY,10,17.404,1,17.404,1,1
K-H-M-A4-s0,OUTLINE_NAIVE,10,17.404,1,1,0.9,0.9
K-H-M-A4-s0,BG_REMOVAL,10,17.404,1,3.7628,1,0.9
K-H-M-A4-s0,DECOR_REMOVAL,10,15.638,1,15.638,1,1
K-H-M-A4-s0,HALFTONE_H,10,16.364,1,8.2219,1,1
K-H-M-A4-s0,HALFTONE_M,10,16.802,1,11.675,1,1
K-H-M-A4-s0,HALFTONE_L,10,17.1,1,14.269,1,1
K-H-M-A4-s0,DITHER_M,10,16.802,1,11.675,1,1
K-H-M-A4-s0,HIGH_CONTRAST,10,21,1,3.7628,1,0.9
K-H-M-LETTER-s0,STANDARD,9,15.638,1,3.7628,1,0.88889
K-H-M-LETTER-s0,ECO_COLOUR,9,17.404,1,17.404,1,1
K-H-M-LETTER-s0,SUPER_ECO_BW,9,21,1,21,1,1
K-H-M-LETTER-s0,INT_BG+TINT_FILL_55,9,17.404,1,8.2219,1,1
K-H-M-LETTER-s0,INT_REMOVE_ALL,9,17.404,1,17.404,1,1
K-H-M-LETTER-s0,INT_OUTLINE+BW,9,21,1,21,1,1
K-H-M-LETTER-s0,INT_GRAY+BG,9,17.404,1,5.4898,1,1
K-H-M-LETTER-s0,INT_OUTLINE+HALFTONE_M,9,17.404,1,17.404,1,1
K-H-M-LETTER-s0,COPY_SAFE_ECO,9,21,1,21,1,1
K-H-M-LETTER-s0,COMBINED_REMOVE+TINT_75,9,7.6923,1,7.6923,1,1
K-H-M-LETTER-s0,COMBINED_ECO+STRUCT_75,9,7.6923,1,7.6923,1,1
K-H-M-LETTER-s0,OPACITY_GROUP_75,9,7.097,1,2.7884,0.88889,0.88889
K-H-M-LETTER-s0,OPACITY_GROUP_60,9,4.2637,1,2.2784,0,0
K-H-M-LETTER-s0,TINT_55,9,3.6628,1,3.6628,0.11111,0.11111
K-H-M-LETTER-s0,TINT_FILL_30,9,16.802,1,11.675,1,1
K-H-M-LETTER-s0,GRAYSCALE,9,15.547,1,5.4898,1,1
K-H-M-LETTER-s0,BW_SEMANTIC,9,21,1,21,1,1
K-H-M-LETTER-s0,OUTLINE_ONLY,9,17.404,1,17.404,1,1
K-H-M-LETTER-s0,BG_REMOVAL,9,17.404,1,3.7628,1,0.88889
K-H-M-LETTER-s0,DECOR_REMOVAL,9,15.638,1,15.638,1,1
K-H-M-LETTER-s0,HALFTONE_M,9,16.802,1,11.675,1,1
K-H-M-LETTER-s0,HIGH_CONTRAST,9,21,1,3.7628,1,0.88889
K-H-S-A4-s0,STANDARD,12,15.638,1,3.7628,1,0.91667
K-H-S-A4-s0,ECO_COLOUR,12,17.404,1,17.404,1,1
K-H-S-A4-s0,SUPER_ECO_BW,12,21,1,21,1,1
K-H-S-A4-s0,INT_BG+TINT_FILL_55,12,17.404,1,8.2219,1,1
K-H-S-A4-s0,INT_REMOVE_ALL,12,17.404,1,17.404,1,1
K-H-S-A4-s0,INT_OUTLINE+BW,12,21,1,21,1,1
K-H-S-A4-s0,INT_GRAY+BG,12,17.404,1,5.4898,1,1
K-H-S-A4-s0,INT_OUTLINE+HALFTONE_M,12,17.404,1,17.404,1,1
K-H-S-A4-s0,COPY_SAFE_ECO,12,21,1,21,1,1
K-H-S-A4-s0,COMBINED_REMOVE+TINT_75,12,7.6923,1,7.6923,1,1
K-H-S-A4-s0,COMBINED_ECO+STRUCT_75,12,7.6923,1,7.6923,1,1
K-H-S-A4-s0,OPACITY_GROUP_90,12,11.798,1,3.3748,1,0.91667
K-H-S-A4-s0,OPACITY_GROUP_75,12,7.097,1,2.7884,0.91667,0.91667
K-H-S-A4-s0,OPACITY_GROUP_60,12,4.2637,1,2.2784,0,0
K-H-S-A4-s0,OPACITY_GROUP_45,12,2.7537,0,1.8451,0,0
K-H-S-A4-s0,OPACITY_ELEM_60,12,4.4573,1,1.6813,0,0
K-H-S-A4-s0,OPACITY_FILL_60,12,16.337,1,2.3342,0.91667,0.91667
K-H-S-A4-s0,OPACITY_STROKE_60,12,4.3944,1,3.7628,1,0.91667
K-H-S-A4-s0,OPACITY_TEXT_60,12,15.638,1,2.196,0,0
K-H-S-A4-s0,TINT_75,12,7.097,1,6.2416,1,1
K-H-S-A4-s0,TINT_55,12,3.6628,1,3.6628,0.083333,0.083333
K-H-S-A4-s0,TINT_30,12,1.8737,0,1.8737,0.083333,0.083333
K-H-S-A4-s0,TINT_FILL_55,12,16.364,1,8.2219,1,1
K-H-S-A4-s0,TINT_FILL_30,12,16.802,1,11.675,1,1
K-H-S-A4-s0,TINT_FILL_15,12,17.1,1,14.269,1,1
K-H-S-A4-s0,GRAYSCALE,12,15.547,1,5.4898,1,1
K-H-S-A4-s0,BW_THRESHOLD,,,,,,
K-H-S-A4-s0,BW_SEMANTIC,12,21,1,21,1,1
K-H-S-A4-s0,OUTLINE_ONLY,12,17.404,1,17.404,1,1
K-H-S-A4-s0,OUTLINE_NAIVE,12,17.404,1,1,0.91667,0.91667
K-H-S-A4-s0,BG_REMOVAL,12,17.404,1,3.7628,1,0.91667
K-H-S-A4-s0,DECOR_REMOVAL,12,15.638,1,15.638,1,1
K-H-S-A4-s0,HALFTONE_H,12,16.364,1,8.2219,1,1
K-H-S-A4-s0,HALFTONE_M,12,16.802,1,11.675,1,1
K-H-S-A4-s0,HALFTONE_L,12,17.1,1,14.269,1,1
K-H-S-A4-s0,DITHER_M,12,16.802,1,11.675,1,1
K-H-S-A4-s0,HIGH_CONTRAST,12,21,1,3.7628,1,0.91667
K-L-L-A4-s0,STANDARD,5,15.638,1,3.7628,1,0.8
K-L-L-A4-s0,ECO_COLOUR,5,17.404,1,17.404,1,1
K-L-L-A4-s0,SUPER_ECO_BW,5,21,1,21,1,1
K-L-L-A4-s0,INT_BG+TINT_FILL_55,5,17.404,1,8.2219,1,1
K-L-L-A4-s0,INT_REMOVE_ALL,5,17.404,1,17.404,1,1
K-L-L-A4-s0,INT_OUTLINE+BW,5,21,1,21,1,1
K-L-L-A4-s0,INT_GRAY+BG,5,17.404,1,5.4898,1,1
K-L-L-A4-s0,INT_OUTLINE+HALFTONE_M,5,17.404,1,17.404,1,1
K-L-L-A4-s0,COPY_SAFE_ECO,5,21,1,21,1,1
K-L-L-A4-s0,COMBINED_REMOVE+TINT_75,5,7.6923,1,7.6923,1,1
K-L-L-A4-s0,COMBINED_ECO+STRUCT_75,5,7.6923,1,7.6923,1,1
K-L-L-A4-s0,OPACITY_GROUP_90,5,11.798,1,3.3748,1,0.8
K-L-L-A4-s0,OPACITY_GROUP_75,5,7.097,1,2.7884,0.8,0.8
K-L-L-A4-s0,OPACITY_GROUP_60,5,4.2637,1,2.2784,0.2,0
K-L-L-A4-s0,OPACITY_GROUP_45,5,2.7537,0,1.8451,0,0
K-L-L-A4-s0,OPACITY_ELEM_60,5,4.4573,1,1.6813,0.2,0
K-L-L-A4-s0,OPACITY_FILL_60,5,16.337,1,2.3342,0.8,0.8
K-L-L-A4-s0,OPACITY_STROKE_60,5,4.3944,1,3.7628,1,0.8
K-L-L-A4-s0,OPACITY_TEXT_60,5,15.638,1,2.196,0.2,0
K-L-L-A4-s0,TINT_75,5,7.097,1,6.2416,1,1
K-L-L-A4-s0,TINT_55,5,3.6628,1,3.6628,0.4,0.2
K-L-L-A4-s0,TINT_30,5,1.8737,0,1.8737,0.2,0.2
K-L-L-A4-s0,TINT_FILL_55,5,16.364,1,8.2219,1,1
K-L-L-A4-s0,TINT_FILL_30,5,16.802,1,11.675,1,1
K-L-L-A4-s0,TINT_FILL_15,5,17.1,1,14.269,1,1
K-L-L-A4-s0,GRAYSCALE,5,15.547,1,5.4898,1,1
K-L-L-A4-s0,BW_THRESHOLD,,,,,,
K-L-L-A4-s0,BW_SEMANTIC,5,21,1,21,1,1
K-L-L-A4-s0,OUTLINE_ONLY,5,17.404,1,17.404,1,1
K-L-L-A4-s0,OUTLINE_NAIVE,5,17.404,1,1,0.8,0.8
K-L-L-A4-s0,BG_REMOVAL,5,17.404,1,3.7628,1,0.8
K-L-L-A4-s0,DECOR_REMOVAL,5,15.638,1,15.638,1,1
K-L-L-A4-s0,HALFTONE_H,5,16.364,1,8.2219,1,1
K-L-L-A4-s0,HALFTONE_M,5,16.802,1,11.675,1,1
K-L-L-A4-s0,HALFTONE_L,5,17.1,1,14.269,1,1
K-L-L-A4-s0,DITHER_M,5,16.802,1,11.675,1,1
K-L-L-A4-s0,HIGH_CONTRAST,5,21,1,3.7628,1,0.8
K-L-M-A4-s0,STANDARD,5,15.638,1,3.7628,1,0.8
K-L-M-A4-s0,ECO_COLOUR,5,17.404,1,17.404,1,1
K-L-M-A4-s0,SUPER_ECO_BW,5,21,1,21,1,1
K-L-M-A4-s0,INT_BG+TINT_FILL_55,5,17.404,1,8.2219,1,1
K-L-M-A4-s0,INT_REMOVE_ALL,5,17.404,1,17.404,1,1
K-L-M-A4-s0,INT_OUTLINE+BW,5,21,1,21,1,1
K-L-M-A4-s0,INT_GRAY+BG,5,17.404,1,5.4898,1,1
K-L-M-A4-s0,INT_OUTLINE+HALFTONE_M,5,17.404,1,17.404,1,1
K-L-M-A4-s0,COPY_SAFE_ECO,5,21,1,21,1,1
K-L-M-A4-s0,COMBINED_REMOVE+TINT_75,5,7.6923,1,7.6923,1,1
K-L-M-A4-s0,COMBINED_ECO+STRUCT_75,5,7.6923,1,7.6923,1,1
K-L-M-A4-s0,OPACITY_GROUP_90,5,11.798,1,3.3748,1,0.8
K-L-M-A4-s0,OPACITY_GROUP_75,5,7.097,1,2.7884,0.8,0.8
K-L-M-A4-s0,OPACITY_GROUP_60,5,4.2637,1,2.2784,0,0
K-L-M-A4-s0,OPACITY_GROUP_45,5,2.7537,0,1.8451,0,0
K-L-M-A4-s0,OPACITY_ELEM_60,5,4.4573,1,1.6813,0,0
K-L-M-A4-s0,OPACITY_FILL_60,5,16.337,1,2.3342,0.8,0.8
K-L-M-A4-s0,OPACITY_STROKE_60,5,4.3944,1,3.7628,1,0.8
K-L-M-A4-s0,OPACITY_TEXT_60,5,15.638,1,2.196,0,0
K-L-M-A4-s0,TINT_75,5,7.097,1,6.2416,1,1
K-L-M-A4-s0,TINT_55,5,3.6628,1,3.6628,0.2,0.2
K-L-M-A4-s0,TINT_30,5,1.8737,0,1.8737,0.2,0.2
K-L-M-A4-s0,TINT_FILL_55,5,16.364,1,8.2219,1,1
K-L-M-A4-s0,TINT_FILL_30,5,16.802,1,11.675,1,1
K-L-M-A4-s0,TINT_FILL_15,5,17.1,1,14.269,1,1
K-L-M-A4-s0,GRAYSCALE,5,15.547,1,5.4898,1,1
K-L-M-A4-s0,BW_THRESHOLD,,,,,,
K-L-M-A4-s0,BW_SEMANTIC,5,21,1,21,1,1
K-L-M-A4-s0,OUTLINE_ONLY,5,17.404,1,17.404,1,1
K-L-M-A4-s0,OUTLINE_NAIVE,5,17.404,1,1,0.8,0.8
K-L-M-A4-s0,BG_REMOVAL,5,17.404,1,3.7628,1,0.8
K-L-M-A4-s0,DECOR_REMOVAL,5,15.638,1,15.638,1,1
K-L-M-A4-s0,HALFTONE_H,5,16.364,1,8.2219,1,1
K-L-M-A4-s0,HALFTONE_M,5,16.802,1,11.675,1,1
K-L-M-A4-s0,HALFTONE_L,5,17.1,1,14.269,1,1
K-L-M-A4-s0,DITHER_M,5,16.802,1,11.675,1,1
K-L-M-A4-s0,HIGH_CONTRAST,5,21,1,3.7628,1,0.8
K-L-M-LETTER-s0,STANDARD,5,15.638,1,3.7628,1,0.8
K-L-M-LETTER-s0,ECO_COLOUR,5,17.404,1,17.404,1,1
K-L-M-LETTER-s0,SUPER_ECO_BW,5,21,1,21,1,1
K-L-M-LETTER-s0,INT_BG+TINT_FILL_55,5,17.404,1,8.2219,1,1
K-L-M-LETTER-s0,INT_REMOVE_ALL,5,17.404,1,17.404,1,1
K-L-M-LETTER-s0,INT_OUTLINE+BW,5,21,1,21,1,1
K-L-M-LETTER-s0,INT_GRAY+BG,5,17.404,1,5.4898,1,1
K-L-M-LETTER-s0,INT_OUTLINE+HALFTONE_M,5,17.404,1,17.404,1,1
K-L-M-LETTER-s0,COPY_SAFE_ECO,5,21,1,21,1,1
K-L-M-LETTER-s0,COMBINED_REMOVE+TINT_75,5,7.6923,1,7.6923,1,1
K-L-M-LETTER-s0,COMBINED_ECO+STRUCT_75,5,7.6923,1,7.6923,1,1
K-L-M-LETTER-s0,OPACITY_GROUP_75,5,7.097,1,2.7884,0.8,0.8
K-L-M-LETTER-s0,OPACITY_GROUP_60,5,4.2637,1,2.2784,0,0
K-L-M-LETTER-s0,TINT_55,5,3.6628,1,3.6628,0.2,0.2
K-L-M-LETTER-s0,TINT_FILL_30,5,16.802,1,11.675,1,1
K-L-M-LETTER-s0,GRAYSCALE,5,15.547,1,5.4898,1,1
K-L-M-LETTER-s0,BW_SEMANTIC,5,21,1,21,1,1
K-L-M-LETTER-s0,OUTLINE_ONLY,5,17.404,1,17.404,1,1
K-L-M-LETTER-s0,BG_REMOVAL,5,17.404,1,3.7628,1,0.8
K-L-M-LETTER-s0,DECOR_REMOVAL,5,15.638,1,15.638,1,1
K-L-M-LETTER-s0,HALFTONE_M,5,16.802,1,11.675,1,1
K-L-M-LETTER-s0,HIGH_CONTRAST,5,21,1,3.7628,1,0.8
K-L-S-A4-s0,STANDARD,6,15.638,1,3.7628,1,0.83333
K-L-S-A4-s0,ECO_COLOUR,6,17.404,1,17.404,1,1
K-L-S-A4-s0,SUPER_ECO_BW,6,21,1,21,1,1
K-L-S-A4-s0,INT_BG+TINT_FILL_55,6,17.404,1,8.2219,1,1
K-L-S-A4-s0,INT_REMOVE_ALL,6,17.404,1,17.404,1,1
K-L-S-A4-s0,INT_OUTLINE+BW,6,21,1,21,1,1
K-L-S-A4-s0,INT_GRAY+BG,6,17.404,1,5.4898,1,1
K-L-S-A4-s0,INT_OUTLINE+HALFTONE_M,6,17.404,1,17.404,1,1
K-L-S-A4-s0,COPY_SAFE_ECO,6,21,1,21,1,1
K-L-S-A4-s0,COMBINED_REMOVE+TINT_75,6,7.6923,1,7.6923,1,1
K-L-S-A4-s0,COMBINED_ECO+STRUCT_75,6,7.6923,1,7.6923,1,1
K-L-S-A4-s0,OPACITY_GROUP_90,6,11.798,1,3.3748,1,0.83333
K-L-S-A4-s0,OPACITY_GROUP_75,6,7.097,1,2.7884,0.83333,0.83333
K-L-S-A4-s0,OPACITY_GROUP_60,6,4.2637,1,2.2784,0,0
K-L-S-A4-s0,OPACITY_GROUP_45,6,2.7537,0,1.8451,0,0
K-L-S-A4-s0,OPACITY_ELEM_60,6,4.4573,1,1.6813,0,0
K-L-S-A4-s0,OPACITY_FILL_60,6,16.337,1,2.3342,0.83333,0.83333
K-L-S-A4-s0,OPACITY_STROKE_60,6,4.3944,1,3.7628,1,0.83333
K-L-S-A4-s0,OPACITY_TEXT_60,6,15.638,1,2.196,0,0
K-L-S-A4-s0,TINT_75,6,7.097,1,6.2416,1,1
K-L-S-A4-s0,TINT_55,6,3.6628,1,3.6628,0.16667,0.16667
K-L-S-A4-s0,TINT_30,6,1.8737,0,1.8737,0.16667,0.16667
K-L-S-A4-s0,TINT_FILL_55,6,16.364,1,8.2219,1,1
K-L-S-A4-s0,TINT_FILL_30,6,16.802,1,11.675,1,1
K-L-S-A4-s0,TINT_FILL_15,6,17.1,1,14.269,1,1
K-L-S-A4-s0,GRAYSCALE,6,15.547,1,5.4898,1,1
K-L-S-A4-s0,BW_THRESHOLD,,,,,,
K-L-S-A4-s0,BW_SEMANTIC,6,21,1,21,1,1
K-L-S-A4-s0,OUTLINE_ONLY,6,17.404,1,17.404,1,1
K-L-S-A4-s0,OUTLINE_NAIVE,6,17.404,1,1,0.83333,0.83333
K-L-S-A4-s0,BG_REMOVAL,6,17.404,1,3.7628,1,0.83333
K-L-S-A4-s0,DECOR_REMOVAL,6,15.638,1,15.638,1,1
K-L-S-A4-s0,HALFTONE_H,6,16.364,1,8.2219,1,1
K-L-S-A4-s0,HALFTONE_M,6,16.802,1,11.675,1,1
K-L-S-A4-s0,HALFTONE_L,6,17.1,1,14.269,1,1
K-L-S-A4-s0,DITHER_M,6,16.802,1,11.675,1,1
K-L-S-A4-s0,HIGH_CONTRAST,6,21,1,3.7628,1,0.83333
K-M-L-A4-s0,STANDARD,6,15.638,1,3.7628,1,0.83333
K-M-L-A4-s0,ECO_COLOUR,6,17.404,1,17.404,1,1
K-M-L-A4-s0,SUPER_ECO_BW,6,21,1,21,1,1
K-M-L-A4-s0,INT_BG+TINT_FILL_55,6,17.404,1,8.2219,1,1
K-M-L-A4-s0,INT_REMOVE_ALL,6,17.404,1,17.404,1,1
K-M-L-A4-s0,INT_OUTLINE+BW,6,21,1,21,1,1
K-M-L-A4-s0,INT_GRAY+BG,6,17.404,1,5.4898,1,1
K-M-L-A4-s0,INT_OUTLINE+HALFTONE_M,6,17.404,1,17.404,1,1
K-M-L-A4-s0,COPY_SAFE_ECO,6,21,1,21,1,1
K-M-L-A4-s0,COMBINED_REMOVE+TINT_75,6,7.6923,1,7.6923,1,1
K-M-L-A4-s0,COMBINED_ECO+STRUCT_75,6,7.6923,1,7.6923,1,1
K-M-L-A4-s0,OPACITY_GROUP_90,6,11.798,1,3.3748,1,0.83333
K-M-L-A4-s0,OPACITY_GROUP_75,6,7.097,1,2.7884,0.83333,0.83333
K-M-L-A4-s0,OPACITY_GROUP_60,6,4.2637,1,2.2784,0.16667,0
K-M-L-A4-s0,OPACITY_GROUP_45,6,2.7537,0,1.8451,0,0
K-M-L-A4-s0,OPACITY_ELEM_60,6,4.4573,1,1.6813,0.16667,0
K-M-L-A4-s0,OPACITY_FILL_60,6,16.337,1,2.3342,0.83333,0.83333
K-M-L-A4-s0,OPACITY_STROKE_60,6,4.3944,1,3.7628,1,0.83333
K-M-L-A4-s0,OPACITY_TEXT_60,6,15.638,1,2.196,0.16667,0
K-M-L-A4-s0,TINT_75,6,7.097,1,6.2416,1,1
K-M-L-A4-s0,TINT_55,6,3.6628,1,3.6628,0.33333,0.16667
K-M-L-A4-s0,TINT_30,6,1.8737,0,1.8737,0.16667,0.16667
K-M-L-A4-s0,TINT_FILL_55,6,16.364,1,8.2219,1,1
K-M-L-A4-s0,TINT_FILL_30,6,16.802,1,11.675,1,1
K-M-L-A4-s0,TINT_FILL_15,6,17.1,1,14.269,1,1
K-M-L-A4-s0,GRAYSCALE,6,15.547,1,5.4898,1,1
K-M-L-A4-s0,BW_THRESHOLD,,,,,,
K-M-L-A4-s0,BW_SEMANTIC,6,21,1,21,1,1
K-M-L-A4-s0,OUTLINE_ONLY,6,17.404,1,17.404,1,1
K-M-L-A4-s0,OUTLINE_NAIVE,6,17.404,1,1,0.83333,0.83333
K-M-L-A4-s0,BG_REMOVAL,6,17.404,1,3.7628,1,0.83333
K-M-L-A4-s0,DECOR_REMOVAL,6,15.638,1,15.638,1,1
K-M-L-A4-s0,HALFTONE_H,6,16.364,1,8.2219,1,1
K-M-L-A4-s0,HALFTONE_M,6,16.802,1,11.675,1,1
K-M-L-A4-s0,HALFTONE_L,6,17.1,1,14.269,1,1
K-M-L-A4-s0,DITHER_M,6,16.802,1,11.675,1,1
K-M-L-A4-s0,HIGH_CONTRAST,6,21,1,3.7628,1,0.83333
K-M-M-A4-s0,STANDARD,7,15.638,1,3.7628,1,0.85714
K-M-M-A4-s0,ECO_COLOUR,7,17.404,1,17.404,1,1
K-M-M-A4-s0,SUPER_ECO_BW,7,21,1,21,1,1
K-M-M-A4-s0,INT_BG+TINT_FILL_55,7,17.404,1,8.2219,1,1
K-M-M-A4-s0,INT_REMOVE_ALL,7,17.404,1,17.404,1,1
K-M-M-A4-s0,INT_OUTLINE+BW,7,21,1,21,1,1
K-M-M-A4-s0,INT_GRAY+BG,7,17.404,1,5.4898,1,1
K-M-M-A4-s0,INT_OUTLINE+HALFTONE_M,7,17.404,1,17.404,1,1
K-M-M-A4-s0,COPY_SAFE_ECO,7,21,1,21,1,1
K-M-M-A4-s0,COMBINED_REMOVE+TINT_75,7,7.6923,1,7.6923,1,1
K-M-M-A4-s0,COMBINED_ECO+STRUCT_75,7,7.6923,1,7.6923,1,1
K-M-M-A4-s0,OPACITY_GROUP_90,7,11.798,1,3.3748,1,0.85714
K-M-M-A4-s0,OPACITY_GROUP_75,7,7.097,1,2.7884,0.85714,0.85714
K-M-M-A4-s0,OPACITY_GROUP_60,7,4.2637,1,2.2784,0,0
K-M-M-A4-s0,OPACITY_GROUP_45,7,2.7537,0,1.8451,0,0
K-M-M-A4-s0,OPACITY_ELEM_60,7,4.4573,1,1.6813,0,0
K-M-M-A4-s0,OPACITY_FILL_60,7,16.337,1,2.3342,0.85714,0.85714
K-M-M-A4-s0,OPACITY_STROKE_60,7,4.3944,1,3.7628,1,0.85714
K-M-M-A4-s0,OPACITY_TEXT_60,7,15.638,1,2.196,0,0
K-M-M-A4-s0,TINT_75,7,7.097,1,6.2416,1,1
K-M-M-A4-s0,TINT_55,7,3.6628,1,3.6628,0.14286,0.14286
K-M-M-A4-s0,TINT_30,7,1.8737,0,1.8737,0.14286,0.14286
K-M-M-A4-s0,TINT_FILL_55,7,16.364,1,8.2219,1,1
K-M-M-A4-s0,TINT_FILL_30,7,16.802,1,11.675,1,1
K-M-M-A4-s0,TINT_FILL_15,7,17.1,1,14.269,1,1
K-M-M-A4-s0,GRAYSCALE,7,15.547,1,5.4898,1,1
K-M-M-A4-s0,BW_THRESHOLD,,,,,,
K-M-M-A4-s0,BW_SEMANTIC,7,21,1,21,1,1
K-M-M-A4-s0,OUTLINE_ONLY,7,17.404,1,17.404,1,1
K-M-M-A4-s0,OUTLINE_NAIVE,7,17.404,1,1,0.85714,0.85714
K-M-M-A4-s0,BG_REMOVAL,7,17.404,1,3.7628,1,0.85714
K-M-M-A4-s0,DECOR_REMOVAL,7,15.638,1,15.638,1,1
K-M-M-A4-s0,HALFTONE_H,7,16.364,1,8.2219,1,1
K-M-M-A4-s0,HALFTONE_M,7,16.802,1,11.675,1,1
K-M-M-A4-s0,HALFTONE_L,7,17.1,1,14.269,1,1
K-M-M-A4-s0,DITHER_M,7,16.802,1,11.675,1,1
K-M-M-A4-s0,HIGH_CONTRAST,7,21,1,3.7628,1,0.85714
K-M-M-A4-s1,STANDARD,7,15.638,1,3.7628,1,0.85714
K-M-M-A4-s1,ECO_COLOUR,7,17.404,1,17.404,1,1
K-M-M-A4-s1,SUPER_ECO_BW,7,21,1,21,1,1
K-M-M-A4-s1,INT_BG+TINT_FILL_55,7,17.404,1,8.2219,1,1
K-M-M-A4-s1,INT_REMOVE_ALL,7,17.404,1,17.404,1,1
K-M-M-A4-s1,INT_OUTLINE+BW,7,21,1,21,1,1
K-M-M-A4-s1,INT_GRAY+BG,7,17.404,1,5.4898,1,1
K-M-M-A4-s1,INT_OUTLINE+HALFTONE_M,7,17.404,1,17.404,1,1
K-M-M-A4-s1,COPY_SAFE_ECO,7,21,1,21,1,1
K-M-M-A4-s1,COMBINED_REMOVE+TINT_75,7,7.6923,1,7.6923,1,1
K-M-M-A4-s1,COMBINED_ECO+STRUCT_75,7,7.6923,1,7.6923,1,1
K-M-M-A4-s1,OPACITY_GROUP_75,7,7.097,1,2.7884,0.85714,0.85714
K-M-M-A4-s1,OPACITY_GROUP_60,7,4.2637,1,2.2784,0,0
K-M-M-A4-s1,TINT_55,7,3.6628,1,3.6628,0.14286,0.14286
K-M-M-A4-s1,TINT_FILL_30,7,16.802,1,11.675,1,1
K-M-M-A4-s1,GRAYSCALE,7,15.547,1,5.4898,1,1
K-M-M-A4-s1,BW_SEMANTIC,7,21,1,21,1,1
K-M-M-A4-s1,OUTLINE_ONLY,7,17.404,1,17.404,1,1
K-M-M-A4-s1,BG_REMOVAL,7,17.404,1,3.7628,1,0.85714
K-M-M-A4-s1,DECOR_REMOVAL,7,15.638,1,15.638,1,1
K-M-M-A4-s1,HALFTONE_M,7,16.802,1,11.675,1,1
K-M-M-A4-s1,HIGH_CONTRAST,7,21,1,3.7628,1,0.85714
K-M-M-A4-s2,STANDARD,7,15.638,1,3.7628,1,0.85714
K-M-M-A4-s2,ECO_COLOUR,7,17.404,1,17.404,1,1
K-M-M-A4-s2,SUPER_ECO_BW,7,21,1,21,1,1
K-M-M-A4-s2,INT_BG+TINT_FILL_55,7,17.404,1,8.2219,1,1
K-M-M-A4-s2,INT_REMOVE_ALL,7,17.404,1,17.404,1,1
K-M-M-A4-s2,INT_OUTLINE+BW,7,21,1,21,1,1
K-M-M-A4-s2,INT_GRAY+BG,7,17.404,1,5.4898,1,1
K-M-M-A4-s2,INT_OUTLINE+HALFTONE_M,7,17.404,1,17.404,1,1
K-M-M-A4-s2,COPY_SAFE_ECO,7,21,1,21,1,1
K-M-M-A4-s2,COMBINED_REMOVE+TINT_75,7,7.6923,1,7.6923,1,1
K-M-M-A4-s2,COMBINED_ECO+STRUCT_75,7,7.6923,1,7.6923,1,1
K-M-M-A4-s2,OPACITY_GROUP_75,7,7.097,1,2.7884,0.85714,0.85714
K-M-M-A4-s2,OPACITY_GROUP_60,7,4.2637,1,2.2784,0,0
K-M-M-A4-s2,TINT_55,7,3.6628,1,3.6628,0.14286,0.14286
K-M-M-A4-s2,TINT_FILL_30,7,16.802,1,11.675,1,1
K-M-M-A4-s2,GRAYSCALE,7,15.547,1,5.4898,1,1
K-M-M-A4-s2,BW_SEMANTIC,7,21,1,21,1,1
K-M-M-A4-s2,OUTLINE_ONLY,7,17.404,1,17.404,1,1
K-M-M-A4-s2,BG_REMOVAL,7,17.404,1,3.7628,1,0.85714
K-M-M-A4-s2,DECOR_REMOVAL,7,15.638,1,15.638,1,1
K-M-M-A4-s2,HALFTONE_M,7,16.802,1,11.675,1,1
K-M-M-A4-s2,HIGH_CONTRAST,7,21,1,3.7628,1,0.85714
K-M-M-A4-s3,STANDARD,7,15.638,1,3.7628,1,0.85714
K-M-M-A4-s3,ECO_COLOUR,7,17.404,1,17.404,1,1
K-M-M-A4-s3,SUPER_ECO_BW,7,21,1,21,1,1
K-M-M-A4-s3,INT_BG+TINT_FILL_55,7,17.404,1,8.2219,1,1
K-M-M-A4-s3,INT_REMOVE_ALL,7,17.404,1,17.404,1,1
K-M-M-A4-s3,INT_OUTLINE+BW,7,21,1,21,1,1
K-M-M-A4-s3,INT_GRAY+BG,7,17.404,1,5.4898,1,1
K-M-M-A4-s3,INT_OUTLINE+HALFTONE_M,7,17.404,1,17.404,1,1
K-M-M-A4-s3,COPY_SAFE_ECO,7,21,1,21,1,1
K-M-M-A4-s3,COMBINED_REMOVE+TINT_75,7,7.6923,1,7.6923,1,1
K-M-M-A4-s3,COMBINED_ECO+STRUCT_75,7,7.6923,1,7.6923,1,1
K-M-M-A4-s3,OPACITY_GROUP_75,7,7.097,1,2.7884,0.85714,0.85714
K-M-M-A4-s3,OPACITY_GROUP_60,7,4.2637,1,2.2784,0,0
K-M-M-A4-s3,TINT_55,7,3.6628,1,3.6628,0.14286,0.14286
K-M-M-A4-s3,TINT_FILL_30,7,16.802,1,11.675,1,1
K-M-M-A4-s3,GRAYSCALE,7,15.547,1,5.4898,1,1
K-M-M-A4-s3,BW_SEMANTIC,7,21,1,21,1,1
K-M-M-A4-s3,OUTLINE_ONLY,7,17.404,1,17.404,1,1
K-M-M-A4-s3,BG_REMOVAL,7,17.404,1,3.7628,1,0.85714
K-M-M-A4-s3,DECOR_REMOVAL,7,15.638,1,15.638,1,1
K-M-M-A4-s3,HALFTONE_M,7,16.802,1,11.675,1,1
K-M-M-A4-s3,HIGH_CONTRAST,7,21,1,3.7628,1,0.85714
K-M-M-A4-s4,STANDARD,7,15.638,1,3.7628,1,0.85714
K-M-M-A4-s4,ECO_COLOUR,7,17.404,1,17.404,1,1
K-M-M-A4-s4,SUPER_ECO_BW,7,21,1,21,1,1
K-M-M-A4-s4,INT_BG+TINT_FILL_55,7,17.404,1,8.2219,1,1
K-M-M-A4-s4,INT_REMOVE_ALL,7,17.404,1,17.404,1,1
K-M-M-A4-s4,INT_OUTLINE+BW,7,21,1,21,1,1
K-M-M-A4-s4,INT_GRAY+BG,7,17.404,1,5.4898,1,1
K-M-M-A4-s4,INT_OUTLINE+HALFTONE_M,7,17.404,1,17.404,1,1
K-M-M-A4-s4,COPY_SAFE_ECO,7,21,1,21,1,1
K-M-M-A4-s4,COMBINED_REMOVE+TINT_75,7,7.6923,1,7.6923,1,1
K-M-M-A4-s4,COMBINED_ECO+STRUCT_75,7,7.6923,1,7.6923,1,1
K-M-M-A4-s4,OPACITY_GROUP_75,7,7.097,1,2.7884,0.85714,0.85714
K-M-M-A4-s4,OPACITY_GROUP_60,7,4.2637,1,2.2784,0,0
K-M-M-A4-s4,TINT_55,7,3.6628,1,3.6628,0.14286,0.14286
K-M-M-A4-s4,TINT_FILL_30,7,16.802,1,11.675,1,1
K-M-M-A4-s4,GRAYSCALE,7,15.547,1,5.4898,1,1
K-M-M-A4-s4,BW_SEMANTIC,7,21,1,21,1,1
K-M-M-A4-s4,OUTLINE_ONLY,7,17.404,1,17.404,1,1
K-M-M-A4-s4,BG_REMOVAL,7,17.404,1,3.7628,1,0.85714
K-M-M-A4-s4,DECOR_REMOVAL,7,15.638,1,15.638,1,1
K-M-M-A4-s4,HALFTONE_M,7,16.802,1,11.675,1,1
K-M-M-A4-s4,HIGH_CONTRAST,7,21,1,3.7628,1,0.85714
K-M-M-LETTER-s0,STANDARD,7,15.638,1,3.7628,1,0.85714
K-M-M-LETTER-s0,ECO_COLOUR,7,17.404,1,17.404,1,1
K-M-M-LETTER-s0,SUPER_ECO_BW,7,21,1,21,1,1
K-M-M-LETTER-s0,INT_BG+TINT_FILL_55,7,17.404,1,8.2219,1,1
K-M-M-LETTER-s0,INT_REMOVE_ALL,7,17.404,1,17.404,1,1
K-M-M-LETTER-s0,INT_OUTLINE+BW,7,21,1,21,1,1
K-M-M-LETTER-s0,INT_GRAY+BG,7,17.404,1,5.4898,1,1
K-M-M-LETTER-s0,INT_OUTLINE+HALFTONE_M,7,17.404,1,17.404,1,1
K-M-M-LETTER-s0,COPY_SAFE_ECO,7,21,1,21,1,1
K-M-M-LETTER-s0,COMBINED_REMOVE+TINT_75,7,7.6923,1,7.6923,1,1
K-M-M-LETTER-s0,COMBINED_ECO+STRUCT_75,7,7.6923,1,7.6923,1,1
K-M-M-LETTER-s0,OPACITY_GROUP_75,7,7.097,1,2.7884,0.85714,0.85714
K-M-M-LETTER-s0,OPACITY_GROUP_60,7,4.2637,1,2.2784,0,0
K-M-M-LETTER-s0,TINT_55,7,3.6628,1,3.6628,0.14286,0.14286
K-M-M-LETTER-s0,TINT_FILL_30,7,16.802,1,11.675,1,1
K-M-M-LETTER-s0,GRAYSCALE,7,15.547,1,5.4898,1,1
K-M-M-LETTER-s0,BW_SEMANTIC,7,21,1,21,1,1
K-M-M-LETTER-s0,OUTLINE_ONLY,7,17.404,1,17.404,1,1
K-M-M-LETTER-s0,BG_REMOVAL,7,17.404,1,3.7628,1,0.85714
K-M-M-LETTER-s0,DECOR_REMOVAL,7,15.638,1,15.638,1,1
K-M-M-LETTER-s0,HALFTONE_M,7,16.802,1,11.675,1,1
K-M-M-LETTER-s0,HIGH_CONTRAST,7,21,1,3.7628,1,0.85714
K-M-S-A4-s0,STANDARD,9,15.638,1,3.7628,1,0.88889
K-M-S-A4-s0,ECO_COLOUR,9,17.404,1,17.404,1,1
K-M-S-A4-s0,SUPER_ECO_BW,9,21,1,21,1,1
K-M-S-A4-s0,INT_BG+TINT_FILL_55,9,17.404,1,8.2219,1,1
K-M-S-A4-s0,INT_REMOVE_ALL,9,17.404,1,17.404,1,1
K-M-S-A4-s0,INT_OUTLINE+BW,9,21,1,21,1,1
K-M-S-A4-s0,INT_GRAY+BG,9,17.404,1,5.4898,1,1
K-M-S-A4-s0,INT_OUTLINE+HALFTONE_M,9,17.404,1,17.404,1,1
K-M-S-A4-s0,COPY_SAFE_ECO,9,21,1,21,1,1
K-M-S-A4-s0,COMBINED_REMOVE+TINT_75,9,7.6923,1,7.6923,1,1
K-M-S-A4-s0,COMBINED_ECO+STRUCT_75,9,7.6923,1,7.6923,1,1
K-M-S-A4-s0,OPACITY_GROUP_90,9,11.798,1,3.3748,1,0.88889
K-M-S-A4-s0,OPACITY_GROUP_75,9,7.097,1,2.7884,0.88889,0.88889
K-M-S-A4-s0,OPACITY_GROUP_60,9,4.2637,1,2.2784,0,0
K-M-S-A4-s0,OPACITY_GROUP_45,9,2.7537,0,1.8451,0,0
K-M-S-A4-s0,OPACITY_ELEM_60,9,4.4573,1,1.6813,0,0
K-M-S-A4-s0,OPACITY_FILL_60,9,16.337,1,2.3342,0.88889,0.88889
K-M-S-A4-s0,OPACITY_STROKE_60,9,4.3944,1,3.7628,1,0.88889
K-M-S-A4-s0,OPACITY_TEXT_60,9,15.638,1,2.196,0,0
K-M-S-A4-s0,TINT_75,9,7.097,1,6.2416,1,1
K-M-S-A4-s0,TINT_55,9,3.6628,1,3.6628,0.11111,0.11111
K-M-S-A4-s0,TINT_30,9,1.8737,0,1.8737,0.11111,0.11111
K-M-S-A4-s0,TINT_FILL_55,9,16.364,1,8.2219,1,1
K-M-S-A4-s0,TINT_FILL_30,9,16.802,1,11.675,1,1
K-M-S-A4-s0,TINT_FILL_15,9,17.1,1,14.269,1,1
K-M-S-A4-s0,GRAYSCALE,9,15.547,1,5.4898,1,1
K-M-S-A4-s0,BW_THRESHOLD,,,,,,
K-M-S-A4-s0,BW_SEMANTIC,9,21,1,21,1,1
K-M-S-A4-s0,OUTLINE_ONLY,9,17.404,1,17.404,1,1
K-M-S-A4-s0,OUTLINE_NAIVE,9,17.404,1,1,0.88889,0.88889
K-M-S-A4-s0,BG_REMOVAL,9,17.404,1,3.7628,1,0.88889
K-M-S-A4-s0,DECOR_REMOVAL,9,15.638,1,15.638,1,1
K-M-S-A4-s0,HALFTONE_H,9,16.364,1,8.2219,1,1
K-M-S-A4-s0,HALFTONE_M,9,16.802,1,11.675,1,1
K-M-S-A4-s0,HALFTONE_L,9,17.1,1,14.269,1,1
K-M-S-A4-s0,DITHER_M,9,16.802,1,11.675,1,1
K-M-S-A4-s0,HIGH_CONTRAST,9,21,1,3.7628,1,0.88889
L-H-L-A4-s0,STANDARD,6,7.4552,1,4.6254,1,1
L-H-L-A4-s0,OPACITY_GROUP_90,6,5.7418,1,3.8547,1,0.66667
L-H-L-A4-s0,OPACITY_GROUP_75,6,3.9494,1,2.7586,0.66667,0.33333
L-H-L-A4-s0,OPACITY_GROUP_60,6,2.849,0,1.9936,0,0
L-H-L-A4-s0,OPACITY_GROUP_45,6,2.0967,0,1.5635,0,0
L-H-L-A4-s0,OPACITY_ELEM_60,6,2.849,0,3.3353,1,0
L-H-L-A4-s0,OPACITY_FILL_60,6,7.4552,1,7.6387,1,1
L-H-L-A4-s0,OPACITY_STROKE_60,6,2.849,0,4.6254,1,1
L-H-L-A4-s0,OPACITY_TEXT_60,6,7.4552,1,2.7168,0.5,0
L-H-L-A4-s0,TINT_75,6,3.9494,1,2.7586,0.66667,0.33333
L-H-L-A4-s0,TINT_55,6,2.5528,0,1.8404,0,0
L-H-L-A4-s0,TINT_30,6,1.6059,0,1.3019,0,0
L-H-L-A4-s0,TINT_FILL_55,6,7.4552,1,8.2219,1,1
L-H-L-A4-s0,TINT_FILL_30,6,7.4552,1,11.675,1,1
L-H-L-A4-s0,TINT_FILL_15,6,7.4552,1,14.269,1,1
L-H-L-A4-s0,GRAYSCALE,6,7.4552,1,3.1703,1,0.66667
L-H-L-A4-s0,BW_THRESHOLD,,,,,,
L-H-L-A4-s0,BW_SEMANTIC,6,21,1,1,0.66667,0.66667
L-H-L-A4-s0,OUTLINE_ONLY,6,7.4552,1,17.404,1,1
L-H-L-A4-s0,OUTLINE_NAIVE,6,7.4552,1,17.404,1,1
L-H-L-A4-s0,BG_REMOVAL,6,7.4552,1,4.6254,1,1
L-H-L-A4-s0,DECOR_REMOVAL,6,7.4552,1,17.404,1,1
L-H-L-A4-s0,HALFTONE_H,6,7.4552,1,8.2219,1,1
L-H-L-A4-s0,HALFTONE_M,6,7.4552,1,11.675,1,1
L-H-L-A4-s0,HALFTONE_L,6,7.4552,1,14.269,1,1
L-H-L-A4-s0,DITHER_M,6,7.4552,1,11.675,1,1
L-H-L-A4-s0,HIGH_CONTRAST,6,21,1,5.581,1,1
L-H-L-A4-s0,ECO_COLOUR,6,7.4552,1,17.404,1,1
L-H-L-A4-s0,SUPER_ECO_BW,6,21,1,21,1,1
L-H-L-A4-s0,INT_BG+TINT_FILL_55,6,7.4552,1,8.2219,1,1
L-H-L-A4-s0,INT_REMOVE_ALL,6,7.4552,1,17.404,1,1
L-H-L-A4-s0,INT_OUTLINE+BW,6,21,1,21,1,1
L-H-L-A4-s0,INT_GRAY+BG,6,7.4552,1,3.1703,1,0.66667
L-H-L-A4-s0,INT_OUTLINE+HALFTONE_M,6,7.4552,1,17.404,1,1
L-H-L-A4-s0,COPY_SAFE_ECO,6,21,1,21,1,1
L-H-L-A4-s0,COMBINED_REMOVE+TINT_75,6,3.9494,1,7.6923,1,1
L-H-L-A4-s0,COMBINED_ECO+STRUCT_75,6,3.9494,1,7.6923,1,1
L-H-M-A4-s0,STANDARD,15,7.4552,1,4.6254,1,0.46667
L-H-M-A4-s0,OPACITY_GROUP_90,15,5.7418,1,3.8547,0.73333,0
L-H-M-A4-s0,OPACITY_GROUP_75,15,3.9494,1,2.7586,0.26667,0
L-H-M-A4-s0,OPACITY_GROUP_60,15,2.849,0,1.9936,0,0
L-H-M-A4-s0,OPACITY_GROUP_45,15,2.0967,0,1.5635,0,0
L-H-M-A4-s0,OPACITY_ELEM_60,15,2.849,0,3.3353,0,0
L-H-M-A4-s0,OPACITY_FILL_60,15,7.4552,1,7.6387,1,1
L-H-M-A4-s0,OPACITY_STROKE_60,15,2.849,0,4.6254,1,0.46667
L-H-M-A4-s0,OPACITY_TEXT_60,15,7.4552,1,2.7168,0,0
L-H-M-A4-s0,TINT_75,15,3.9494,1,2.7586,0.26667,0
L-H-M-A4-s0,TINT_55,15,2.5528,0,1.8404,0,0
L-H-M-A4-s0,TINT_30,15,1.6059,0,1.3019,0,0
L-H-M-A4-s0,TINT_FILL_55,15,7.4552,1,8.2219,1,1
L-H-M-A4-s0,TINT_FILL_30,15,7.4552,1,11.675,1,1
L-H-M-A4-s0,TINT_FILL_15,15,7.4552,1,14.269,1,1
L-H-M-A4-s0,GRAYSCALE,15,7.4552,1,3.1703,0.73333,0.26667
L-H-M-A4-s0,BW_THRESHOLD,,,,,,
L-H-M-A4-s0,BW_SEMANTIC,15,21,1,1,0.73333,0.73333
L-H-M-A4-s0,OUTLINE_ONLY,15,7.4552,1,17.404,1,1
L-H-M-A4-s0,OUTLINE_NAIVE,15,7.4552,1,17.404,1,1
L-H-M-A4-s0,BG_REMOVAL,15,7.4552,1,4.6254,1,0.46667
L-H-M-A4-s0,DECOR_REMOVAL,15,7.4552,1,17.404,1,1
L-H-M-A4-s0,HALFTONE_H,15,7.4552,1,8.2219,1,1
L-H-M-A4-s0,HALFTONE_M,15,7.4552,1,11.675,1,1
L-H-M-A4-s0,HALFTONE_L,15,7.4552,1,14.269,1,1
L-H-M-A4-s0,DITHER_M,15,7.4552,1,11.675,1,1
L-H-M-A4-s0,HIGH_CONTRAST,15,21,1,5.581,1,0.46667
L-H-M-A4-s0,ECO_COLOUR,15,7.4552,1,17.404,1,1
L-H-M-A4-s0,SUPER_ECO_BW,15,21,1,21,1,1
L-H-M-A4-s0,INT_BG+TINT_FILL_55,15,7.4552,1,8.2219,1,1
L-H-M-A4-s0,INT_REMOVE_ALL,15,7.4552,1,17.404,1,1
L-H-M-A4-s0,INT_OUTLINE+BW,15,21,1,21,1,1
L-H-M-A4-s0,INT_GRAY+BG,15,7.4552,1,3.1703,0.73333,0.26667
L-H-M-A4-s0,INT_OUTLINE+HALFTONE_M,15,7.4552,1,17.404,1,1
L-H-M-A4-s0,COPY_SAFE_ECO,15,21,1,21,1,1
L-H-M-A4-s0,COMBINED_REMOVE+TINT_75,15,3.9494,1,7.6923,1,1
L-H-M-A4-s0,COMBINED_ECO+STRUCT_75,15,3.9494,1,7.6923,1,1
L-H-M-LETTER-s0,STANDARD,15,7.4552,1,4.6254,1,0.46667
L-H-M-LETTER-s0,OPACITY_GROUP_75,15,3.9494,1,2.7586,0.26667,0
L-H-M-LETTER-s0,OPACITY_GROUP_60,15,2.849,0,1.9936,0,0
L-H-M-LETTER-s0,TINT_55,15,2.5528,0,1.8404,0,0
L-H-M-LETTER-s0,TINT_FILL_30,15,7.4552,1,11.675,1,1
L-H-M-LETTER-s0,GRAYSCALE,15,7.4552,1,3.1703,0.73333,0.26667
L-H-M-LETTER-s0,BW_SEMANTIC,15,21,1,1,0.73333,0.73333
L-H-M-LETTER-s0,OUTLINE_ONLY,15,7.4552,1,17.404,1,1
L-H-M-LETTER-s0,BG_REMOVAL,15,7.4552,1,4.6254,1,0.46667
L-H-M-LETTER-s0,DECOR_REMOVAL,15,7.4552,1,17.404,1,1
L-H-M-LETTER-s0,HALFTONE_M,15,7.4552,1,11.675,1,1
L-H-M-LETTER-s0,HIGH_CONTRAST,15,21,1,5.581,1,0.46667
L-H-M-LETTER-s0,ECO_COLOUR,15,7.4552,1,17.404,1,1
L-H-M-LETTER-s0,SUPER_ECO_BW,15,21,1,21,1,1
L-H-S-A4-s0,STANDARD,39,7.4552,1,4.6254,1,0.48718
L-H-S-A4-s0,OPACITY_GROUP_90,39,5.7418,1,3.8547,0.74359,0
L-H-S-A4-s0,OPACITY_GROUP_75,39,3.9494,1,2.7586,0.25641,0
L-H-S-A4-s0,OPACITY_GROUP_60,39,2.849,0,1.9936,0,0
L-H-S-A4-s0,OPACITY_GROUP_45,39,2.0967,0,1.5635,0,0
L-H-S-A4-s0,OPACITY_ELEM_60,39,2.849,0,3.3353,0,0
L-H-S-A4-s0,OPACITY_FILL_60,39,7.4552,1,7.6387,1,1
L-H-S-A4-s0,OPACITY_STROKE_60,39,2.849,0,4.6254,1,0.48718
L-H-S-A4-s0,OPACITY_TEXT_60,39,7.4552,1,2.7168,0,0
L-H-S-A4-s0,TINT_75,39,3.9494,1,2.7586,0.25641,0
L-H-S-A4-s0,TINT_55,39,2.5528,0,1.8404,0,0
L-H-S-A4-s0,TINT_30,39,1.6059,0,1.3019,0,0
L-H-S-A4-s0,TINT_FILL_55,39,7.4552,1,8.2219,1,1
L-H-S-A4-s0,TINT_FILL_30,39,7.4552,1,11.675,1,1
L-H-S-A4-s0,TINT_FILL_15,39,7.4552,1,14.269,1,1
L-H-S-A4-s0,GRAYSCALE,39,7.4552,1,3.1703,0.74359,0.25641
L-H-S-A4-s0,BW_THRESHOLD,,,,,,
L-H-S-A4-s0,BW_SEMANTIC,39,21,1,1,0.74359,0.74359
L-H-S-A4-s0,OUTLINE_ONLY,39,7.4552,1,17.404,1,1
L-H-S-A4-s0,OUTLINE_NAIVE,39,7.4552,1,17.404,1,1
L-H-S-A4-s0,BG_REMOVAL,39,7.4552,1,4.6254,1,0.48718
L-H-S-A4-s0,DECOR_REMOVAL,39,7.4552,1,17.404,1,1
L-H-S-A4-s0,HALFTONE_H,39,7.4552,1,8.2219,1,1
L-H-S-A4-s0,HALFTONE_M,39,7.4552,1,11.675,1,1
L-H-S-A4-s0,HALFTONE_L,39,7.4552,1,14.269,1,1
L-H-S-A4-s0,DITHER_M,39,7.4552,1,11.675,1,1
L-H-S-A4-s0,HIGH_CONTRAST,39,21,1,5.581,1,0.48718
L-H-S-A4-s0,ECO_COLOUR,39,7.4552,1,17.404,1,1
L-H-S-A4-s0,SUPER_ECO_BW,39,21,1,21,1,1
L-H-S-A4-s0,INT_BG+TINT_FILL_55,39,7.4552,1,8.2219,1,1
L-H-S-A4-s0,INT_REMOVE_ALL,39,7.4552,1,17.404,1,1
L-H-S-A4-s0,INT_OUTLINE+BW,39,21,1,21,1,1
L-H-S-A4-s0,INT_GRAY+BG,39,7.4552,1,3.1703,0.74359,0.25641
L-H-S-A4-s0,INT_OUTLINE+HALFTONE_M,39,7.4552,1,17.404,1,1
L-H-S-A4-s0,COPY_SAFE_ECO,39,21,1,21,1,1
L-H-S-A4-s0,COMBINED_REMOVE+TINT_75,39,3.9494,1,7.6923,1,1
L-H-S-A4-s0,COMBINED_ECO+STRUCT_75,39,3.9494,1,7.6923,1,1
L-L-L-A4-s0,STANDARD,2,7.4552,1,14.46,1,1
L-L-L-A4-s0,OPACITY_GROUP_90,2,5.7418,1,11.029,1,1
L-L-L-A4-s0,OPACITY_GROUP_75,2,3.9494,1,6.7143,1,1
L-L-L-A4-s0,OPACITY_GROUP_60,2,2.849,0,4.0727,1,0
L-L-L-A4-s0,OPACITY_GROUP_45,2,2.0967,0,2.6601,0,0
L-L-L-A4-s0,OPACITY_ELEM_60,2,2.849,0,4.4111,1,0
L-L-L-A4-s0,OPACITY_FILL_60,2,7.4552,1,15.605,1,1
L-L-L-A4-s0,OPACITY_STROKE_60,2,2.849,0,14.46,1,1
L-L-L-A4-s0,OPACITY_TEXT_60,2,7.4552,1,4.286,1,0
L-L-L-A4-s0,TINT_75,2,3.9494,1,6.7143,1,1
L-L-L-A4-s0,TINT_55,2,2.5528,0,3.5171,1,0
L-L-L-A4-s0,TINT_30,2,1.6059,0,1.8379,0,0
L-L-L-A4-s0,TINT_FILL_55,2,7.4552,1,15.713,1,1
L-L-L-A4-s0,TINT_FILL_30,2,7.4552,1,16.481,1,1
L-L-L-A4-s0,TINT_FILL_15,2,7.4552,1,16.954,1,1
L-L-L-A4-s0,GRAYSCALE,2,7.4552,1,14.467,1,1
L-L-L-A4-s0,BW_THRESHOLD,,,,,,
L-L-L-A4-s0,BW_SEMANTIC,2,21,1,21,1,1
L-L-L-A4-s0,OUTLINE_ONLY,2,7.4552,1,17.404,1,1
L-L-L-A4-s0,OUTLINE_NAIVE,2,7.4552,1,17.404,1,1
L-L-L-A4-s0,BG_REMOVAL,2,7.4552,1,14.46,1,1
L-L-L-A4-s0,DECOR_REMOVAL,2,7.4552,1,17.404,1,1
L-L-L-A4-s0,HALFTONE_H,2,7.4552,1,15.713,1,1
L-L-L-A4-s0,HALFTONE_M,2,7.4552,1,16.481,1,1
L-L-L-A4-s0,HALFTONE_L,2,7.4552,1,16.954,1,1
L-L-L-A4-s0,DITHER_M,2,7.4552,1,16.481,1,1
L-L-L-A4-s0,HIGH_CONTRAST,2,21,1,17.448,1,1
L-L-L-A4-s0,ECO_COLOUR,2,7.4552,1,17.404,1,1
L-L-L-A4-s0,SUPER_ECO_BW,2,21,1,21,1,1
L-L-L-A4-s0,INT_BG+TINT_FILL_55,2,7.4552,1,15.713,1,1
L-L-L-A4-s0,INT_REMOVE_ALL,2,7.4552,1,17.404,1,1
L-L-L-A4-s0,INT_OUTLINE+BW,2,21,1,21,1,1
L-L-L-A4-s0,INT_GRAY+BG,2,7.4552,1,14.467,1,1
L-L-L-A4-s0,INT_OUTLINE+HALFTONE_M,2,7.4552,1,17.404,1,1
L-L-L-A4-s0,COPY_SAFE_ECO,2,21,1,21,1,1
L-L-L-A4-s0,COMBINED_REMOVE+TINT_75,2,3.9494,1,7.6923,1,1
L-L-L-A4-s0,COMBINED_ECO+STRUCT_75,2,3.9494,1,7.6923,1,1
L-L-M-A4-s0,STANDARD,5,7.4552,1,14.46,1,1
L-L-M-A4-s0,OPACITY_GROUP_90,5,5.7418,1,11.029,1,1
L-L-M-A4-s0,OPACITY_GROUP_75,5,3.9494,1,6.7143,1,0.4
L-L-M-A4-s0,OPACITY_GROUP_60,5,2.849,0,4.0727,0,0
L-L-M-A4-s0,OPACITY_GROUP_45,5,2.0967,0,2.6601,0,0
L-L-M-A4-s0,OPACITY_ELEM_60,5,2.849,0,4.4111,0,0
L-L-M-A4-s0,OPACITY_FILL_60,5,7.4552,1,15.605,1,1
L-L-M-A4-s0,OPACITY_STROKE_60,5,2.849,0,14.46,1,1
L-L-M-A4-s0,OPACITY_TEXT_60,5,7.4552,1,4.286,0,0
L-L-M-A4-s0,TINT_75,5,3.9494,1,6.7143,1,0.4
L-L-M-A4-s0,TINT_55,5,2.5528,0,3.5171,0,0
L-L-M-A4-s0,TINT_30,5,1.6059,0,1.8379,0,0
L-L-M-A4-s0,TINT_FILL_55,5,7.4552,1,15.713,1,1
L-L-M-A4-s0,TINT_FILL_30,5,7.4552,1,16.481,1,1
L-L-M-A4-s0,TINT_FILL_15,5,7.4552,1,16.954,1,1
L-L-M-A4-s0,GRAYSCALE,5,7.4552,1,14.467,1,1
L-L-M-A4-s0,BW_THRESHOLD,,,,,,
L-L-M-A4-s0,BW_SEMANTIC,5,21,1,21,1,1
L-L-M-A4-s0,OUTLINE_ONLY,5,7.4552,1,17.404,1,1
L-L-M-A4-s0,OUTLINE_NAIVE,5,7.4552,1,17.404,1,1
L-L-M-A4-s0,BG_REMOVAL,5,7.4552,1,14.46,1,1
L-L-M-A4-s0,DECOR_REMOVAL,5,7.4552,1,17.404,1,1
L-L-M-A4-s0,HALFTONE_H,5,7.4552,1,15.713,1,1
L-L-M-A4-s0,HALFTONE_M,5,7.4552,1,16.481,1,1
L-L-M-A4-s0,HALFTONE_L,5,7.4552,1,16.954,1,1
L-L-M-A4-s0,DITHER_M,5,7.4552,1,16.481,1,1
L-L-M-A4-s0,HIGH_CONTRAST,5,21,1,17.448,1,1
L-L-M-A4-s0,ECO_COLOUR,5,7.4552,1,17.404,1,1
L-L-M-A4-s0,SUPER_ECO_BW,5,21,1,21,1,1
L-L-M-A4-s0,INT_BG+TINT_FILL_55,5,7.4552,1,15.713,1,1
L-L-M-A4-s0,INT_REMOVE_ALL,5,7.4552,1,17.404,1,1
L-L-M-A4-s0,INT_OUTLINE+BW,5,21,1,21,1,1
L-L-M-A4-s0,INT_GRAY+BG,5,7.4552,1,14.467,1,1
L-L-M-A4-s0,INT_OUTLINE+HALFTONE_M,5,7.4552,1,17.404,1,1
L-L-M-A4-s0,COPY_SAFE_ECO,5,21,1,21,1,1
L-L-M-A4-s0,COMBINED_REMOVE+TINT_75,5,3.9494,1,7.6923,1,1
L-L-M-A4-s0,COMBINED_ECO+STRUCT_75,5,3.9494,1,7.6923,1,1
L-L-M-LETTER-s0,STANDARD,5,7.4552,1,14.46,1,1
L-L-M-LETTER-s0,OPACITY_GROUP_75,5,3.9494,1,6.7143,1,0.4
L-L-M-LETTER-s0,OPACITY_GROUP_60,5,2.849,0,4.0727,0,0
L-L-M-LETTER-s0,TINT_55,5,2.5528,0,3.5171,0,0
L-L-M-LETTER-s0,TINT_FILL_30,5,7.4552,1,16.481,1,1
L-L-M-LETTER-s0,GRAYSCALE,5,7.4552,1,14.467,1,1
L-L-M-LETTER-s0,BW_SEMANTIC,5,21,1,21,1,1
L-L-M-LETTER-s0,OUTLINE_ONLY,5,7.4552,1,17.404,1,1
L-L-M-LETTER-s0,BG_REMOVAL,5,7.4552,1,14.46,1,1
L-L-M-LETTER-s0,DECOR_REMOVAL,5,7.4552,1,17.404,1,1
L-L-M-LETTER-s0,HALFTONE_M,5,7.4552,1,16.481,1,1
L-L-M-LETTER-s0,HIGH_CONTRAST,5,21,1,17.448,1,1
L-L-M-LETTER-s0,ECO_COLOUR,5,7.4552,1,17.404,1,1
L-L-M-LETTER-s0,SUPER_ECO_BW,5,21,1,21,1,1
L-L-S-A4-s0,STANDARD,13,7.4552,1,14.46,1,1
L-L-S-A4-s0,OPACITY_GROUP_90,13,5.7418,1,11.029,1,1
L-L-S-A4-s0,OPACITY_GROUP_75,13,3.9494,1,6.7143,1,0.46154
L-L-S-A4-s0,OPACITY_GROUP_60,13,2.849,0,4.0727,0,0
L-L-S-A4-s0,OPACITY_GROUP_45,13,2.0967,0,2.6601,0,0
L-L-S-A4-s0,OPACITY_ELEM_60,13,2.849,0,4.4111,0,0
L-L-S-A4-s0,OPACITY_FILL_60,13,7.4552,1,15.605,1,1
L-L-S-A4-s0,OPACITY_STROKE_60,13,2.849,0,14.46,1,1
L-L-S-A4-s0,OPACITY_TEXT_60,13,7.4552,1,4.286,0,0
L-L-S-A4-s0,TINT_75,13,3.9494,1,6.7143,1,0.46154
L-L-S-A4-s0,TINT_55,13,2.5528,0,3.5171,0,0
L-L-S-A4-s0,TINT_30,13,1.6059,0,1.8379,0,0
L-L-S-A4-s0,TINT_FILL_55,13,7.4552,1,15.713,1,1
L-L-S-A4-s0,TINT_FILL_30,13,7.4552,1,16.481,1,1
L-L-S-A4-s0,TINT_FILL_15,13,7.4552,1,16.954,1,1
L-L-S-A4-s0,GRAYSCALE,13,7.4552,1,14.467,1,1
L-L-S-A4-s0,BW_THRESHOLD,,,,,,
L-L-S-A4-s0,BW_SEMANTIC,13,21,1,21,1,1
L-L-S-A4-s0,OUTLINE_ONLY,13,7.4552,1,17.404,1,1
L-L-S-A4-s0,OUTLINE_NAIVE,13,7.4552,1,17.404,1,1
L-L-S-A4-s0,BG_REMOVAL,13,7.4552,1,14.46,1,1
L-L-S-A4-s0,DECOR_REMOVAL,13,7.4552,1,17.404,1,1
L-L-S-A4-s0,HALFTONE_H,13,7.4552,1,15.713,1,1
L-L-S-A4-s0,HALFTONE_M,13,7.4552,1,16.481,1,1
L-L-S-A4-s0,HALFTONE_L,13,7.4552,1,16.954,1,1
L-L-S-A4-s0,DITHER_M,13,7.4552,1,16.481,1,1
L-L-S-A4-s0,HIGH_CONTRAST,13,21,1,17.448,1,1
L-L-S-A4-s0,ECO_COLOUR,13,7.4552,1,17.404,1,1
L-L-S-A4-s0,SUPER_ECO_BW,13,21,1,21,1,1
L-L-S-A4-s0,INT_BG+TINT_FILL_55,13,7.4552,1,15.713,1,1
L-L-S-A4-s0,INT_REMOVE_ALL,13,7.4552,1,17.404,1,1
L-L-S-A4-s0,INT_OUTLINE+BW,13,21,1,21,1,1
L-L-S-A4-s0,INT_GRAY+BG,13,7.4552,1,14.467,1,1
L-L-S-A4-s0,INT_OUTLINE+HALFTONE_M,13,7.4552,1,17.404,1,1
L-L-S-A4-s0,COPY_SAFE_ECO,13,21,1,21,1,1
L-L-S-A4-s0,COMBINED_REMOVE+TINT_75,13,3.9494,1,7.6923,1,1
L-L-S-A4-s0,COMBINED_ECO+STRUCT_75,13,3.9494,1,7.6923,1,1
L-M-L-A4-s0,STANDARD,4,7.4552,1,14.46,1,1
L-M-L-A4-s0,OPACITY_GROUP_90,4,5.7418,1,11.029,1,1
L-M-L-A4-s0,OPACITY_GROUP_75,4,3.9494,1,6.7143,1,1
L-M-L-A4-s0,OPACITY_GROUP_60,4,2.849,0,4.0727,1,0
L-M-L-A4-s0,OPACITY_GROUP_45,4,2.0967,0,2.6601,0,0
L-M-L-A4-s0,OPACITY_ELEM_60,4,2.849,0,4.4111,1,0
L-M-L-A4-s0,OPACITY_FILL_60,4,7.4552,1,15.605,1,1
L-M-L-A4-s0,OPACITY_STROKE_60,4,2.849,0,14.46,1,1
L-M-L-A4-s0,OPACITY_TEXT_60,4,7.4552,1,4.286,1,0
L-M-L-A4-s0,TINT_75,4,3.9494,1,6.7143,1,1
L-M-L-A4-s0,TINT_55,4,2.5528,0,3.5171,1,0
L-M-L-A4-s0,TINT_30,4,1.6059,0,1.8379,0,0
L-M-L-A4-s0,TINT_FILL_55,4,7.4552,1,15.713,1,1
L-M-L-A4-s0,TINT_FILL_30,4,7.4552,1,16.481,1,1
L-M-L-A4-s0,TINT_FILL_15,4,7.4552,1,16.954,1,1
L-M-L-A4-s0,GRAYSCALE,4,7.4552,1,14.467,1,1
L-M-L-A4-s0,BW_THRESHOLD,,,,,,
L-M-L-A4-s0,BW_SEMANTIC,4,21,1,21,1,1
L-M-L-A4-s0,OUTLINE_ONLY,4,7.4552,1,17.404,1,1
L-M-L-A4-s0,OUTLINE_NAIVE,4,7.4552,1,17.404,1,1
L-M-L-A4-s0,BG_REMOVAL,4,7.4552,1,14.46,1,1
L-M-L-A4-s0,DECOR_REMOVAL,4,7.4552,1,17.404,1,1
L-M-L-A4-s0,HALFTONE_H,4,7.4552,1,15.713,1,1
L-M-L-A4-s0,HALFTONE_M,4,7.4552,1,16.481,1,1
L-M-L-A4-s0,HALFTONE_L,4,7.4552,1,16.954,1,1
L-M-L-A4-s0,DITHER_M,4,7.4552,1,16.481,1,1
L-M-L-A4-s0,HIGH_CONTRAST,4,21,1,17.448,1,1
L-M-L-A4-s0,ECO_COLOUR,4,7.4552,1,17.404,1,1
L-M-L-A4-s0,SUPER_ECO_BW,4,21,1,21,1,1
L-M-L-A4-s0,INT_BG+TINT_FILL_55,4,7.4552,1,15.713,1,1
L-M-L-A4-s0,INT_REMOVE_ALL,4,7.4552,1,17.404,1,1
L-M-L-A4-s0,INT_OUTLINE+BW,4,21,1,21,1,1
L-M-L-A4-s0,INT_GRAY+BG,4,7.4552,1,14.467,1,1
L-M-L-A4-s0,INT_OUTLINE+HALFTONE_M,4,7.4552,1,17.404,1,1
L-M-L-A4-s0,COPY_SAFE_ECO,4,21,1,21,1,1
L-M-L-A4-s0,COMBINED_REMOVE+TINT_75,4,3.9494,1,7.6923,1,1
L-M-L-A4-s0,COMBINED_ECO+STRUCT_75,4,3.9494,1,7.6923,1,1
L-M-M-A4-s0,STANDARD,10,7.4552,1,14.46,1,1
L-M-M-A4-s0,OPACITY_GROUP_90,10,5.7418,1,11.029,1,1
L-M-M-A4-s0,OPACITY_GROUP_75,10,3.9494,1,6.7143,1,0.4
L-M-M-A4-s0,OPACITY_GROUP_60,10,2.849,0,4.0727,0,0
L-M-M-A4-s0,OPACITY_GROUP_45,10,2.0967,0,2.6601,0,0
L-M-M-A4-s0,OPACITY_ELEM_60,10,2.849,0,4.4111,0,0
L-M-M-A4-s0,OPACITY_FILL_60,10,7.4552,1,15.605,1,1
L-M-M-A4-s0,OPACITY_STROKE_60,10,2.849,0,14.46,1,1
L-M-M-A4-s0,OPACITY_TEXT_60,10,7.4552,1,4.286,0,0
L-M-M-A4-s0,TINT_75,10,3.9494,1,6.7143,1,0.4
L-M-M-A4-s0,TINT_55,10,2.5528,0,3.5171,0,0
L-M-M-A4-s0,TINT_30,10,1.6059,0,1.8379,0,0
L-M-M-A4-s0,TINT_FILL_55,10,7.4552,1,15.713,1,1
L-M-M-A4-s0,TINT_FILL_30,10,7.4552,1,16.481,1,1
L-M-M-A4-s0,TINT_FILL_15,10,7.4552,1,16.954,1,1
L-M-M-A4-s0,GRAYSCALE,10,7.4552,1,14.467,1,1
L-M-M-A4-s0,BW_THRESHOLD,,,,,,
L-M-M-A4-s0,BW_SEMANTIC,10,21,1,21,1,1
L-M-M-A4-s0,OUTLINE_ONLY,10,7.4552,1,17.404,1,1
L-M-M-A4-s0,OUTLINE_NAIVE,10,7.4552,1,17.404,1,1
L-M-M-A4-s0,BG_REMOVAL,10,7.4552,1,14.46,1,1
L-M-M-A4-s0,DECOR_REMOVAL,10,7.4552,1,17.404,1,1
L-M-M-A4-s0,HALFTONE_H,10,7.4552,1,15.713,1,1
L-M-M-A4-s0,HALFTONE_M,10,7.4552,1,16.481,1,1
L-M-M-A4-s0,HALFTONE_L,10,7.4552,1,16.954,1,1
L-M-M-A4-s0,DITHER_M,10,7.4552,1,16.481,1,1
L-M-M-A4-s0,HIGH_CONTRAST,10,21,1,17.448,1,1
L-M-M-A4-s0,ECO_COLOUR,10,7.4552,1,17.404,1,1
L-M-M-A4-s0,SUPER_ECO_BW,10,21,1,21,1,1
L-M-M-A4-s0,INT_BG+TINT_FILL_55,10,7.4552,1,15.713,1,1
L-M-M-A4-s0,INT_REMOVE_ALL,10,7.4552,1,17.404,1,1
L-M-M-A4-s0,INT_OUTLINE+BW,10,21,1,21,1,1
L-M-M-A4-s0,INT_GRAY+BG,10,7.4552,1,14.467,1,1
L-M-M-A4-s0,INT_OUTLINE+HALFTONE_M,10,7.4552,1,17.404,1,1
L-M-M-A4-s0,COPY_SAFE_ECO,10,21,1,21,1,1
L-M-M-A4-s0,COMBINED_REMOVE+TINT_75,10,3.9494,1,7.6923,1,1
L-M-M-A4-s0,COMBINED_ECO+STRUCT_75,10,3.9494,1,7.6923,1,1
L-M-M-A4-s1,STANDARD,10,7.4552,1,14.46,1,1
L-M-M-A4-s1,OPACITY_GROUP_75,10,3.9494,1,6.7143,1,0.4
L-M-M-A4-s1,OPACITY_GROUP_60,10,2.849,0,4.0727,0,0
L-M-M-A4-s1,TINT_55,10,2.5528,0,3.5171,0,0
L-M-M-A4-s1,TINT_FILL_30,10,7.4552,1,16.481,1,1
L-M-M-A4-s1,GRAYSCALE,10,7.4552,1,14.467,1,1
L-M-M-A4-s1,BW_SEMANTIC,10,21,1,21,1,1
L-M-M-A4-s1,OUTLINE_ONLY,10,7.4552,1,17.404,1,1
L-M-M-A4-s1,BG_REMOVAL,10,7.4552,1,14.46,1,1
L-M-M-A4-s1,DECOR_REMOVAL,10,7.4552,1,17.404,1,1
L-M-M-A4-s1,HALFTONE_M,10,7.4552,1,16.481,1,1
L-M-M-A4-s1,HIGH_CONTRAST,10,21,1,17.448,1,1
L-M-M-A4-s1,ECO_COLOUR,10,7.4552,1,17.404,1,1
L-M-M-A4-s1,SUPER_ECO_BW,10,21,1,21,1,1
L-M-M-A4-s2,STANDARD,10,7.4552,1,14.46,1,1
L-M-M-A4-s2,OPACITY_GROUP_75,10,3.9494,1,6.7143,1,0.4
L-M-M-A4-s2,OPACITY_GROUP_60,10,2.849,0,4.0727,0,0
L-M-M-A4-s2,TINT_55,10,2.5528,0,3.5171,0,0
L-M-M-A4-s2,TINT_FILL_30,10,7.4552,1,16.481,1,1
L-M-M-A4-s2,GRAYSCALE,10,7.4552,1,14.467,1,1
L-M-M-A4-s2,BW_SEMANTIC,10,21,1,21,1,1
L-M-M-A4-s2,OUTLINE_ONLY,10,7.4552,1,17.404,1,1
L-M-M-A4-s2,BG_REMOVAL,10,7.4552,1,14.46,1,1
L-M-M-A4-s2,DECOR_REMOVAL,10,7.4552,1,17.404,1,1
L-M-M-A4-s2,HALFTONE_M,10,7.4552,1,16.481,1,1
L-M-M-A4-s2,HIGH_CONTRAST,10,21,1,17.448,1,1
L-M-M-A4-s2,ECO_COLOUR,10,7.4552,1,17.404,1,1
L-M-M-A4-s2,SUPER_ECO_BW,10,21,1,21,1,1
L-M-M-A4-s3,STANDARD,10,7.4552,1,14.46,1,1
L-M-M-A4-s3,OPACITY_GROUP_75,10,3.9494,1,6.7143,1,0.4
L-M-M-A4-s3,OPACITY_GROUP_60,10,2.849,0,4.0727,0,0
L-M-M-A4-s3,TINT_55,10,2.5528,0,3.5171,0,0
L-M-M-A4-s3,TINT_FILL_30,10,7.4552,1,16.481,1,1
L-M-M-A4-s3,GRAYSCALE,10,7.4552,1,14.467,1,1
L-M-M-A4-s3,BW_SEMANTIC,10,21,1,21,1,1
L-M-M-A4-s3,OUTLINE_ONLY,10,7.4552,1,17.404,1,1
L-M-M-A4-s3,BG_REMOVAL,10,7.4552,1,14.46,1,1
L-M-M-A4-s3,DECOR_REMOVAL,10,7.4552,1,17.404,1,1
L-M-M-A4-s3,HALFTONE_M,10,7.4552,1,16.481,1,1
L-M-M-A4-s3,HIGH_CONTRAST,10,21,1,17.448,1,1
L-M-M-A4-s3,ECO_COLOUR,10,7.4552,1,17.404,1,1
L-M-M-A4-s3,SUPER_ECO_BW,10,21,1,21,1,1
L-M-M-A4-s4,STANDARD,10,7.4552,1,14.46,1,1
L-M-M-A4-s4,OPACITY_GROUP_75,10,3.9494,1,6.7143,1,0.4
L-M-M-A4-s4,OPACITY_GROUP_60,10,2.849,0,4.0727,0,0
L-M-M-A4-s4,TINT_55,10,2.5528,0,3.5171,0,0
L-M-M-A4-s4,TINT_FILL_30,10,7.4552,1,16.481,1,1
L-M-M-A4-s4,GRAYSCALE,10,7.4552,1,14.467,1,1
L-M-M-A4-s4,BW_SEMANTIC,10,21,1,21,1,1
L-M-M-A4-s4,OUTLINE_ONLY,10,7.4552,1,17.404,1,1
L-M-M-A4-s4,BG_REMOVAL,10,7.4552,1,14.46,1,1
L-M-M-A4-s4,DECOR_REMOVAL,10,7.4552,1,17.404,1,1
L-M-M-A4-s4,HALFTONE_M,10,7.4552,1,16.481,1,1
L-M-M-A4-s4,HIGH_CONTRAST,10,21,1,17.448,1,1
L-M-M-A4-s4,ECO_COLOUR,10,7.4552,1,17.404,1,1
L-M-M-A4-s4,SUPER_ECO_BW,10,21,1,21,1,1
L-M-M-LETTER-s0,STANDARD,10,7.4552,1,14.46,1,1
L-M-M-LETTER-s0,OPACITY_GROUP_75,10,3.9494,1,6.7143,1,0.4
L-M-M-LETTER-s0,OPACITY_GROUP_60,10,2.849,0,4.0727,0,0
L-M-M-LETTER-s0,TINT_55,10,2.5528,0,3.5171,0,0
L-M-M-LETTER-s0,TINT_FILL_30,10,7.4552,1,16.481,1,1
L-M-M-LETTER-s0,GRAYSCALE,10,7.4552,1,14.467,1,1
L-M-M-LETTER-s0,BW_SEMANTIC,10,21,1,21,1,1
L-M-M-LETTER-s0,OUTLINE_ONLY,10,7.4552,1,17.404,1,1
L-M-M-LETTER-s0,BG_REMOVAL,10,7.4552,1,14.46,1,1
L-M-M-LETTER-s0,DECOR_REMOVAL,10,7.4552,1,17.404,1,1
L-M-M-LETTER-s0,HALFTONE_M,10,7.4552,1,16.481,1,1
L-M-M-LETTER-s0,HIGH_CONTRAST,10,21,1,17.448,1,1
L-M-M-LETTER-s0,ECO_COLOUR,10,7.4552,1,17.404,1,1
L-M-M-LETTER-s0,SUPER_ECO_BW,10,21,1,21,1,1
L-M-S-A4-s0,STANDARD,25,7.4552,1,14.46,1,1
L-M-S-A4-s0,OPACITY_GROUP_90,25,5.7418,1,11.029,1,1
L-M-S-A4-s0,OPACITY_GROUP_75,25,3.9494,1,6.7143,1,0.48
L-M-S-A4-s0,OPACITY_GROUP_60,25,2.849,0,4.0727,0,0
L-M-S-A4-s0,OPACITY_GROUP_45,25,2.0967,0,2.6601,0,0
L-M-S-A4-s0,OPACITY_ELEM_60,25,2.849,0,4.4111,0,0
L-M-S-A4-s0,OPACITY_FILL_60,25,7.4552,1,15.605,1,1
L-M-S-A4-s0,OPACITY_STROKE_60,25,2.849,0,14.46,1,1
L-M-S-A4-s0,OPACITY_TEXT_60,25,7.4552,1,4.286,0,0
L-M-S-A4-s0,TINT_75,25,3.9494,1,6.7143,1,0.48
L-M-S-A4-s0,TINT_55,25,2.5528,0,3.5171,0,0
L-M-S-A4-s0,TINT_30,25,1.6059,0,1.8379,0,0
L-M-S-A4-s0,TINT_FILL_55,25,7.4552,1,15.713,1,1
L-M-S-A4-s0,TINT_FILL_30,25,7.4552,1,16.481,1,1
L-M-S-A4-s0,TINT_FILL_15,25,7.4552,1,16.954,1,1
L-M-S-A4-s0,GRAYSCALE,25,7.4552,1,14.467,1,1
L-M-S-A4-s0,BW_THRESHOLD,,,,,,
L-M-S-A4-s0,BW_SEMANTIC,25,21,1,21,1,1
L-M-S-A4-s0,OUTLINE_ONLY,25,7.4552,1,17.404,1,1
L-M-S-A4-s0,OUTLINE_NAIVE,25,7.4552,1,17.404,1,1
L-M-S-A4-s0,BG_REMOVAL,25,7.4552,1,14.46,1,1
L-M-S-A4-s0,DECOR_REMOVAL,25,7.4552,1,17.404,1,1
L-M-S-A4-s0,HALFTONE_H,25,7.4552,1,15.713,1,1
L-M-S-A4-s0,HALFTONE_M,25,7.4552,1,16.481,1,1
L-M-S-A4-s0,HALFTONE_L,25,7.4552,1,16.954,1,1
L-M-S-A4-s0,DITHER_M,25,7.4552,1,16.481,1,1
L-M-S-A4-s0,HIGH_CONTRAST,25,21,1,17.448,1,1
L-M-S-A4-s0,ECO_COLOUR,25,7.4552,1,17.404,1,1
L-M-S-A4-s0,SUPER_ECO_BW,25,21,1,21,1,1
L-M-S-A4-s0,INT_BG+TINT_FILL_55,25,7.4552,1,15.713,1,1
L-M-S-A4-s0,INT_REMOVE_ALL,25,7.4552,1,17.404,1,1
L-M-S-A4-s0,INT_OUTLINE+BW,25,21,1,21,1,1
L-M-S-A4-s0,INT_GRAY+BG,25,7.4552,1,14.467,1,1
L-M-S-A4-s0,INT_OUTLINE+HALFTONE_M,25,7.4552,1,17.404,1,1
L-M-S-A4-s0,COPY_SAFE_ECO,25,21,1,21,1,1
L-M-S-A4-s0,COMBINED_REMOVE+TINT_75,25,3.9494,1,7.6923,1,1
L-M-S-A4-s0,COMBINED_ECO+STRUCT_75,25,3.9494,1,7.6923,1,1
M-H-L-A4-s0,STANDARD,10,15.745,1,5.1986,1,1
M-H-L-A4-s0,OPACITY_GROUP_90,10,11.864,1,4.3322,1,0.9
M-H-L-A4-s0,OPACITY_GROUP_75,10,7.1379,1,3.2461,1,0.9
M-H-L-A4-s0,OPACITY_GROUP_60,10,4.2859,1,2.4862,0,0
M-H-L-A4-s0,OPACITY_GROUP_45,10,2.764,0,1.9292,0,0
M-H-L-A4-s0,OPACITY_ELEM_60,10,4.469,1,2.5819,0,0
M-H-L-A4-s0,OPACITY_FILL_60,10,16.422,1,5.422,1,1
M-H-L-A4-s0,OPACITY_STROKE_60,10,4.4094,1,5.1986,1,1
M-H-L-A4-s0,OPACITY_TEXT_60,10,15.745,1,2.5418,0,0
M-H-L-A4-s0,TINT_75,10,7.1379,1,3.2778,1,0.9
M-H-L-A4-s0,TINT_55,10,3.6802,1,2.288,0,0
M-H-L-A4-s0,TINT_30,10,1.8801,0,1.5188,0,0
M-H-L-A4-s0,TINT_FILL_55,10,16.441,1,5.4284,1,1
M-H-L-A4-s0,TINT_FILL_30,10,16.86,1,5.5668,1,1
M-H-L-A4-s0,TINT_FILL_15,10,17.11,1,5.6491,1,1
M-H-L-A4-s0,GRAYSCALE,10,15.685,1,6.1201,1,1
M-H-L-A4-s0,BW_THRESHOLD,,,,,,
M-H-L-A4-s0,BW_SEMANTIC,10,21,1,21,1,1
M-H-L-A4-s0,OUTLINE_ONLY,10,17.404,1,5.7463,1,1
M-H-L-A4-s0,OUTLINE_NAIVE,10,17.404,1,5.7463,1,1
M-H-L-A4-s0,BG_REMOVAL,10,17.404,1,5.7463,1,1
M-H-L-A4-s0,DECOR_REMOVAL,10,15.745,1,5.1986,1,1
M-H-L-A4-s0,HALFTONE_H,10,16.441,1,5.4284,1,1
M-H-L-A4-s0,HALFTONE_M,10,16.86,1,5.5668,1,1
M-H-L-A4-s0,HALFTONE_L,10,17.11,1,5.6491,1,1
M-H-L-A4-s0,DITHER_M,10,16.86,1,5.5668,1,1
M-H-L-A4-s0,HIGH_CONTRAST,10,21,1,21,1,1
M-H-L-A4-s0,ECO_COLOUR,10,17.404,1,5.7463,1,1
M-H-L-A4-s0,SUPER_ECO_BW,10,21,1,21,1,1
M-H-L-A4-s0,INT_BG+TINT_FILL_55,10,17.404,1,5.7463,1,1
M-H-L-A4-s0,INT_REMOVE_ALL,10,17.404,1,5.7463,1,1
M-H-L-A4-s0,INT_OUTLINE+BW,10,21,1,21,1,1
M-H-L-A4-s0,INT_GRAY+BG,10,17.404,1,6.791,1,1
M-H-L-A4-s0,INT_OUTLINE+HALFTONE_M,10,17.404,1,5.7463,1,1
M-H-L-A4-s0,COPY_SAFE_ECO,10,21,1,21,1,1
M-H-L-A4-s0,COMBINED_REMOVE+TINT_75,10,7.6923,1,3.5324,1,0.9
M-H-L-A4-s0,COMBINED_ECO+STRUCT_75,10,7.6923,1,3.5324,1,0.9
M-H-M-A4-s0,STANDARD,10,15.745,1,5.1986,1,1
M-H-M-A4-s0,OPACITY_GROUP_90,10,11.864,1,4.3322,1,0.9
M-H-M-A4-s0,OPACITY_GROUP_75,10,7.1379,1,3.2461,1,0.9
M-H-M-A4-s0,OPACITY_GROUP_60,10,4.2859,1,2.4862,0,0
M-H-M-A4-s0,OPACITY_GROUP_45,10,2.764,0,1.9292,0,0
M-H-M-A4-s0,OPACITY_ELEM_60,10,4.469,1,2.5819,0,0
M-H-M-A4-s0,OPACITY_FILL_60,10,16.422,1,5.422,1,1
M-H-M-A4-s0,OPACITY_STROKE_60,10,4.4094,1,5.1986,1,1
M-H-M-A4-s0,OPACITY_TEXT_60,10,15.745,1,2.5418,0,0
M-H-M-A4-s0,TINT_75,10,7.1379,1,3.2778,1,0.9
M-H-M-A4-s0,TINT_55,10,3.6802,1,2.288,0,0
M-H-M-A4-s0,TINT_30,10,1.8801,0,1.5188,0,0
M-H-M-A4-s0,TINT_FILL_55,10,16.441,1,5.4284,1,1
M-H-M-A4-s0,TINT_FILL_30,10,16.86,1,5.5668,1,1
M-H-M-A4-s0,TINT_FILL_15,10,17.11,1,5.6491,1,1
M-H-M-A4-s0,GRAYSCALE,10,15.685,1,6.1201,1,1
M-H-M-A4-s0,BW_THRESHOLD,,,,,,
M-H-M-A4-s0,BW_SEMANTIC,10,21,1,21,1,1
M-H-M-A4-s0,OUTLINE_ONLY,10,17.404,1,5.7463,1,1
M-H-M-A4-s0,OUTLINE_NAIVE,10,17.404,1,5.7463,1,1
M-H-M-A4-s0,BG_REMOVAL,10,17.404,1,5.7463,1,1
M-H-M-A4-s0,DECOR_REMOVAL,10,15.745,1,5.1986,1,1
M-H-M-A4-s0,HALFTONE_H,10,16.441,1,5.4284,1,1
M-H-M-A4-s0,HALFTONE_M,10,16.86,1,5.5668,1,1
M-H-M-A4-s0,HALFTONE_L,10,17.11,1,5.6491,1,1
M-H-M-A4-s0,DITHER_M,10,16.86,1,5.5668,1,1
M-H-M-A4-s0,HIGH_CONTRAST,10,21,1,21,1,1
M-H-M-A4-s0,ECO_COLOUR,10,17.404,1,5.7463,1,1
M-H-M-A4-s0,SUPER_ECO_BW,10,21,1,21,1,1
M-H-M-A4-s0,INT_BG+TINT_FILL_55,10,17.404,1,5.7463,1,1
M-H-M-A4-s0,INT_REMOVE_ALL,10,17.404,1,5.7463,1,1
M-H-M-A4-s0,INT_OUTLINE+BW,10,21,1,21,1,1
M-H-M-A4-s0,INT_GRAY+BG,10,17.404,1,6.791,1,1
M-H-M-A4-s0,INT_OUTLINE+HALFTONE_M,10,17.404,1,5.7463,1,1
M-H-M-A4-s0,COPY_SAFE_ECO,10,21,1,21,1,1
M-H-M-A4-s0,COMBINED_REMOVE+TINT_75,10,7.6923,1,3.5324,1,0.9
M-H-M-A4-s0,COMBINED_ECO+STRUCT_75,10,7.6923,1,3.5324,1,0.9
M-H-S-A4-s0,STANDARD,10,15.745,1,5.1986,1,1
M-H-S-A4-s0,OPACITY_GROUP_90,10,11.864,1,4.3322,1,0.9
M-H-S-A4-s0,OPACITY_GROUP_75,10,7.1379,1,3.2461,1,0.9
M-H-S-A4-s0,OPACITY_GROUP_60,10,4.2859,1,2.4862,0,0
M-H-S-A4-s0,OPACITY_GROUP_45,10,2.764,0,1.9292,0,0
M-H-S-A4-s0,OPACITY_ELEM_60,10,4.469,1,2.5819,0,0
M-H-S-A4-s0,OPACITY_FILL_60,10,16.422,1,5.422,1,1
M-H-S-A4-s0,OPACITY_STROKE_60,10,4.4094,1,5.1986,1,1
M-H-S-A4-s0,OPACITY_TEXT_60,10,15.745,1,2.5418,0,0
M-H-S-A4-s0,TINT_75,10,7.1379,1,3.2778,1,0.9
M-H-S-A4-s0,TINT_55,10,3.6802,1,2.288,0,0
M-H-S-A4-s0,TINT_30,10,1.8801,0,1.5188,0,0
M-H-S-A4-s0,TINT_FILL_55,10,16.441,1,5.4284,1,1
M-H-S-A4-s0,TINT_FILL_30,10,16.86,1,5.5668,1,1
M-H-S-A4-s0,TINT_FILL_15,10,17.11,1,5.6491,1,1
M-H-S-A4-s0,GRAYSCALE,10,15.685,1,6.1201,1,1
M-H-S-A4-s0,BW_THRESHOLD,,,,,,
M-H-S-A4-s0,BW_SEMANTIC,10,21,1,21,1,1
M-H-S-A4-s0,OUTLINE_ONLY,10,17.404,1,5.7463,1,1
M-H-S-A4-s0,OUTLINE_NAIVE,10,17.404,1,5.7463,1,1
M-H-S-A4-s0,BG_REMOVAL,10,17.404,1,5.7463,1,1
M-H-S-A4-s0,DECOR_REMOVAL,10,15.745,1,5.1986,1,1
M-H-S-A4-s0,HALFTONE_H,10,16.441,1,5.4284,1,1
M-H-S-A4-s0,HALFTONE_M,10,16.86,1,5.5668,1,1
M-H-S-A4-s0,HALFTONE_L,10,17.11,1,5.6491,1,1
M-H-S-A4-s0,DITHER_M,10,16.86,1,5.5668,1,1
M-H-S-A4-s0,HIGH_CONTRAST,10,21,1,21,1,1
M-H-S-A4-s0,ECO_COLOUR,10,17.404,1,5.7463,1,1
M-H-S-A4-s0,SUPER_ECO_BW,10,21,1,21,1,1
M-H-S-A4-s0,INT_BG+TINT_FILL_55,10,17.404,1,5.7463,1,1
M-H-S-A4-s0,INT_REMOVE_ALL,10,17.404,1,5.7463,1,1
M-H-S-A4-s0,INT_OUTLINE+BW,10,21,1,21,1,1
M-H-S-A4-s0,INT_GRAY+BG,10,17.404,1,6.791,1,1
M-H-S-A4-s0,INT_OUTLINE+HALFTONE_M,10,17.404,1,5.7463,1,1
M-H-S-A4-s0,COPY_SAFE_ECO,10,21,1,21,1,1
M-H-S-A4-s0,COMBINED_REMOVE+TINT_75,10,7.6923,1,3.5324,1,0.9
M-H-S-A4-s0,COMBINED_ECO+STRUCT_75,10,7.6923,1,3.5324,1,0.9
M-L-L-A4-s0,STANDARD,5,15.745,1,5.1986,1,1
M-L-L-A4-s0,OPACITY_GROUP_90,5,11.864,1,4.3322,1,0.8
M-L-L-A4-s0,OPACITY_GROUP_75,5,7.1379,1,3.2461,1,0.8
M-L-L-A4-s0,OPACITY_GROUP_60,5,4.2859,1,2.4862,0,0
M-L-L-A4-s0,OPACITY_GROUP_45,5,2.764,0,1.9292,0,0
M-L-L-A4-s0,OPACITY_ELEM_60,5,4.469,1,2.5819,0,0
M-L-L-A4-s0,OPACITY_FILL_60,5,16.422,1,5.422,1,1
M-L-L-A4-s0,OPACITY_STROKE_60,5,4.4094,1,5.1986,1,1
M-L-L-A4-s0,OPACITY_TEXT_60,5,15.745,1,2.5418,0,0
M-L-L-A4-s0,TINT_75,5,7.1379,1,3.2778,1,0.8
M-L-L-A4-s0,TINT_55,5,3.6802,1,2.288,0,0
M-L-L-A4-s0,TINT_30,5,1.8801,0,1.5188,0,0
M-L-L-A4-s0,TINT_FILL_55,5,16.441,1,5.4284,1,1
M-L-L-A4-s0,TINT_FILL_30,5,16.86,1,5.5668,1,1
M-L-L-A4-s0,TINT_FILL_15,5,17.11,1,5.6491,1,1
M-L-L-A4-s0,GRAYSCALE,5,15.685,1,6.1201,1,1
M-L-L-A4-s0,BW_THRESHOLD,,,,,,
M-L-L-A4-s0,BW_SEMANTIC,5,21,1,21,1,1
M-L-L-A4-s0,OUTLINE_ONLY,5,17.404,1,5.7463,1,1
M-L-L-A4-s0,OUTLINE_NAIVE,5,17.404,1,5.7463,1,1
M-L-L-A4-s0,BG_REMOVAL,5,17.404,1,5.7463,1,1
M-L-L-A4-s0,DECOR_REMOVAL,5,15.745,1,5.1986,1,1
M-L-L-A4-s0,HALFTONE_H,5,16.441,1,5.4284,1,1
M-L-L-A4-s0,HALFTONE_M,5,16.86,1,5.5668,1,1
M-L-L-A4-s0,HALFTONE_L,5,17.11,1,5.6491,1,1
M-L-L-A4-s0,DITHER_M,5,16.86,1,5.5668,1,1
M-L-L-A4-s0,HIGH_CONTRAST,5,21,1,21,1,1
M-L-L-A4-s0,ECO_COLOUR,5,17.404,1,5.7463,1,1
M-L-L-A4-s0,SUPER_ECO_BW,5,21,1,21,1,1
M-L-L-A4-s0,INT_BG+TINT_FILL_55,5,17.404,1,5.7463,1,1
M-L-L-A4-s0,INT_REMOVE_ALL,5,17.404,1,5.7463,1,1
M-L-L-A4-s0,INT_OUTLINE+BW,5,21,1,21,1,1
M-L-L-A4-s0,INT_GRAY+BG,5,17.404,1,6.791,1,1
M-L-L-A4-s0,INT_OUTLINE+HALFTONE_M,5,17.404,1,5.7463,1,1
M-L-L-A4-s0,COPY_SAFE_ECO,5,21,1,21,1,1
M-L-L-A4-s0,COMBINED_REMOVE+TINT_75,5,7.6923,1,3.5324,1,0.8
M-L-L-A4-s0,COMBINED_ECO+STRUCT_75,5,7.6923,1,3.5324,1,0.8
M-L-M-A4-s0,STANDARD,5,15.745,1,5.1986,1,1
M-L-M-A4-s0,OPACITY_GROUP_90,5,11.864,1,4.3322,1,0.8
M-L-M-A4-s0,OPACITY_GROUP_75,5,7.1379,1,3.2461,1,0.8
M-L-M-A4-s0,OPACITY_GROUP_60,5,4.2859,1,2.4862,0,0
M-L-M-A4-s0,OPACITY_GROUP_45,5,2.764,0,1.9292,0,0
M-L-M-A4-s0,OPACITY_ELEM_60,5,4.469,1,2.5819,0,0
M-L-M-A4-s0,OPACITY_FILL_60,5,16.422,1,5.422,1,1
M-L-M-A4-s0,OPACITY_STROKE_60,5,4.4094,1,5.1986,1,1
M-L-M-A4-s0,OPACITY_TEXT_60,5,15.745,1,2.5418,0,0
M-L-M-A4-s0,TINT_75,5,7.1379,1,3.2778,1,0.8
M-L-M-A4-s0,TINT_55,5,3.6802,1,2.288,0,0
M-L-M-A4-s0,TINT_30,5,1.8801,0,1.5188,0,0
M-L-M-A4-s0,TINT_FILL_55,5,16.441,1,5.4284,1,1
M-L-M-A4-s0,TINT_FILL_30,5,16.86,1,5.5668,1,1
M-L-M-A4-s0,TINT_FILL_15,5,17.11,1,5.6491,1,1
M-L-M-A4-s0,GRAYSCALE,5,15.685,1,6.1201,1,1
M-L-M-A4-s0,BW_THRESHOLD,,,,,,
M-L-M-A4-s0,BW_SEMANTIC,5,21,1,21,1,1
M-L-M-A4-s0,OUTLINE_ONLY,5,17.404,1,5.7463,1,1
M-L-M-A4-s0,OUTLINE_NAIVE,5,17.404,1,5.7463,1,1
M-L-M-A4-s0,BG_REMOVAL,5,17.404,1,5.7463,1,1
M-L-M-A4-s0,DECOR_REMOVAL,5,15.745,1,5.1986,1,1
M-L-M-A4-s0,HALFTONE_H,5,16.441,1,5.4284,1,1
M-L-M-A4-s0,HALFTONE_M,5,16.86,1,5.5668,1,1
M-L-M-A4-s0,HALFTONE_L,5,17.11,1,5.6491,1,1
M-L-M-A4-s0,DITHER_M,5,16.86,1,5.5668,1,1
M-L-M-A4-s0,HIGH_CONTRAST,5,21,1,21,1,1
M-L-M-A4-s0,ECO_COLOUR,5,17.404,1,5.7463,1,1
M-L-M-A4-s0,SUPER_ECO_BW,5,21,1,21,1,1
M-L-M-A4-s0,INT_BG+TINT_FILL_55,5,17.404,1,5.7463,1,1
M-L-M-A4-s0,INT_REMOVE_ALL,5,17.404,1,5.7463,1,1
M-L-M-A4-s0,INT_OUTLINE+BW,5,21,1,21,1,1
M-L-M-A4-s0,INT_GRAY+BG,5,17.404,1,6.791,1,1
M-L-M-A4-s0,INT_OUTLINE+HALFTONE_M,5,17.404,1,5.7463,1,1
M-L-M-A4-s0,COPY_SAFE_ECO,5,21,1,21,1,1
M-L-M-A4-s0,COMBINED_REMOVE+TINT_75,5,7.6923,1,3.5324,1,0.8
M-L-M-A4-s0,COMBINED_ECO+STRUCT_75,5,7.6923,1,3.5324,1,0.8
M-L-S-A4-s0,STANDARD,5,15.745,1,5.1986,1,1
M-L-S-A4-s0,OPACITY_GROUP_90,5,11.864,1,4.3322,1,0.8
M-L-S-A4-s0,OPACITY_GROUP_75,5,7.1379,1,3.2461,1,0.8
M-L-S-A4-s0,OPACITY_GROUP_60,5,4.2859,1,2.4862,0,0
M-L-S-A4-s0,OPACITY_GROUP_45,5,2.764,0,1.9292,0,0
M-L-S-A4-s0,OPACITY_ELEM_60,5,4.469,1,2.5819,0,0
M-L-S-A4-s0,OPACITY_FILL_60,5,16.422,1,5.422,1,1
M-L-S-A4-s0,OPACITY_STROKE_60,5,4.4094,1,5.1986,1,1
M-L-S-A4-s0,OPACITY_TEXT_60,5,15.745,1,2.5418,0,0
M-L-S-A4-s0,TINT_75,5,7.1379,1,3.2778,1,0.8
M-L-S-A4-s0,TINT_55,5,3.6802,1,2.288,0,0
M-L-S-A4-s0,TINT_30,5,1.8801,0,1.5188,0,0
M-L-S-A4-s0,TINT_FILL_55,5,16.441,1,5.4284,1,1
M-L-S-A4-s0,TINT_FILL_30,5,16.86,1,5.5668,1,1
M-L-S-A4-s0,TINT_FILL_15,5,17.11,1,5.6491,1,1
M-L-S-A4-s0,GRAYSCALE,5,15.685,1,6.1201,1,1
M-L-S-A4-s0,BW_THRESHOLD,,,,,,
M-L-S-A4-s0,BW_SEMANTIC,5,21,1,21,1,1
M-L-S-A4-s0,OUTLINE_ONLY,5,17.404,1,5.7463,1,1
M-L-S-A4-s0,OUTLINE_NAIVE,5,17.404,1,5.7463,1,1
M-L-S-A4-s0,BG_REMOVAL,5,17.404,1,5.7463,1,1
M-L-S-A4-s0,DECOR_REMOVAL,5,15.745,1,5.1986,1,1
M-L-S-A4-s0,HALFTONE_H,5,16.441,1,5.4284,1,1
M-L-S-A4-s0,HALFTONE_M,5,16.86,1,5.5668,1,1
M-L-S-A4-s0,HALFTONE_L,5,17.11,1,5.6491,1,1
M-L-S-A4-s0,DITHER_M,5,16.86,1,5.5668,1,1
M-L-S-A4-s0,HIGH_CONTRAST,5,21,1,21,1,1
M-L-S-A4-s0,ECO_COLOUR,5,17.404,1,5.7463,1,1
M-L-S-A4-s0,SUPER_ECO_BW,5,21,1,21,1,1
M-L-S-A4-s0,INT_BG+TINT_FILL_55,5,17.404,1,5.7463,1,1
M-L-S-A4-s0,INT_REMOVE_ALL,5,17.404,1,5.7463,1,1
M-L-S-A4-s0,INT_OUTLINE+BW,5,21,1,21,1,1
M-L-S-A4-s0,INT_GRAY+BG,5,17.404,1,6.791,1,1
M-L-S-A4-s0,INT_OUTLINE+HALFTONE_M,5,17.404,1,5.7463,1,1
M-L-S-A4-s0,COPY_SAFE_ECO,5,21,1,21,1,1
M-L-S-A4-s0,COMBINED_REMOVE+TINT_75,5,7.6923,1,3.5324,1,0.8
M-L-S-A4-s0,COMBINED_ECO+STRUCT_75,5,7.6923,1,3.5324,1,0.8
M-M-L-A4-s0,STANDARD,7,15.745,1,5.1986,1,1
M-M-L-A4-s0,OPACITY_GROUP_90,7,11.864,1,4.3322,1,0.85714
M-M-L-A4-s0,OPACITY_GROUP_75,7,7.1379,1,3.2461,1,0.85714
M-M-L-A4-s0,OPACITY_GROUP_60,7,4.2859,1,2.4862,0,0
M-M-L-A4-s0,OPACITY_GROUP_45,7,2.764,0,1.9292,0,0
M-M-L-A4-s0,OPACITY_ELEM_60,7,4.469,1,2.5819,0,0
M-M-L-A4-s0,OPACITY_FILL_60,7,16.422,1,5.422,1,1
M-M-L-A4-s0,OPACITY_STROKE_60,7,4.4094,1,5.1986,1,1
M-M-L-A4-s0,OPACITY_TEXT_60,7,15.745,1,2.5418,0,0
M-M-L-A4-s0,TINT_75,7,7.1379,1,3.2778,1,0.85714
M-M-L-A4-s0,TINT_55,7,3.6802,1,2.288,0,0
M-M-L-A4-s0,TINT_30,7,1.8801,0,1.5188,0,0
M-M-L-A4-s0,TINT_FILL_55,7,16.441,1,5.4284,1,1
M-M-L-A4-s0,TINT_FILL_30,7,16.86,1,5.5668,1,1
M-M-L-A4-s0,TINT_FILL_15,7,17.11,1,5.6491,1,1
M-M-L-A4-s0,GRAYSCALE,7,15.685,1,6.1201,1,1
M-M-L-A4-s0,BW_THRESHOLD,,,,,,
M-M-L-A4-s0,BW_SEMANTIC,7,21,1,21,1,1
M-M-L-A4-s0,OUTLINE_ONLY,7,17.404,1,5.7463,1,1
M-M-L-A4-s0,OUTLINE_NAIVE,7,17.404,1,5.7463,1,1
M-M-L-A4-s0,BG_REMOVAL,7,17.404,1,5.7463,1,1
M-M-L-A4-s0,DECOR_REMOVAL,7,15.745,1,5.1986,1,1
M-M-L-A4-s0,HALFTONE_H,7,16.441,1,5.4284,1,1
M-M-L-A4-s0,HALFTONE_M,7,16.86,1,5.5668,1,1
M-M-L-A4-s0,HALFTONE_L,7,17.11,1,5.6491,1,1
M-M-L-A4-s0,DITHER_M,7,16.86,1,5.5668,1,1
M-M-L-A4-s0,HIGH_CONTRAST,7,21,1,21,1,1
M-M-L-A4-s0,ECO_COLOUR,7,17.404,1,5.7463,1,1
M-M-L-A4-s0,SUPER_ECO_BW,7,21,1,21,1,1
M-M-L-A4-s0,INT_BG+TINT_FILL_55,7,17.404,1,5.7463,1,1
M-M-L-A4-s0,INT_REMOVE_ALL,7,17.404,1,5.7463,1,1
M-M-L-A4-s0,INT_OUTLINE+BW,7,21,1,21,1,1
M-M-L-A4-s0,INT_GRAY+BG,7,17.404,1,6.791,1,1
M-M-L-A4-s0,INT_OUTLINE+HALFTONE_M,7,17.404,1,5.7463,1,1
M-M-L-A4-s0,COPY_SAFE_ECO,7,21,1,21,1,1
M-M-L-A4-s0,COMBINED_REMOVE+TINT_75,7,7.6923,1,3.5324,1,0.85714
M-M-L-A4-s0,COMBINED_ECO+STRUCT_75,7,7.6923,1,3.5324,1,0.85714
M-M-M-A4-s0,STANDARD,7,15.745,1,5.1986,1,1
M-M-M-A4-s0,OPACITY_GROUP_90,7,11.864,1,4.3322,1,0.85714
M-M-M-A4-s0,OPACITY_GROUP_75,7,7.1379,1,3.2461,1,0.85714
M-M-M-A4-s0,OPACITY_GROUP_60,7,4.2859,1,2.4862,0,0
M-M-M-A4-s0,OPACITY_GROUP_45,7,2.764,0,1.9292,0,0
M-M-M-A4-s0,OPACITY_ELEM_60,7,4.469,1,2.5819,0,0
M-M-M-A4-s0,OPACITY_FILL_60,7,16.422,1,5.422,1,1
M-M-M-A4-s0,OPACITY_STROKE_60,7,4.4094,1,5.1986,1,1
M-M-M-A4-s0,OPACITY_TEXT_60,7,15.745,1,2.5418,0,0
M-M-M-A4-s0,TINT_75,7,7.1379,1,3.2778,1,0.85714
M-M-M-A4-s0,TINT_55,7,3.6802,1,2.288,0,0
M-M-M-A4-s0,TINT_30,7,1.8801,0,1.5188,0,0
M-M-M-A4-s0,TINT_FILL_55,7,16.441,1,5.4284,1,1
M-M-M-A4-s0,TINT_FILL_30,7,16.86,1,5.5668,1,1
M-M-M-A4-s0,TINT_FILL_15,7,17.11,1,5.6491,1,1
M-M-M-A4-s0,GRAYSCALE,7,15.685,1,6.1201,1,1
M-M-M-A4-s0,BW_THRESHOLD,,,,,,
M-M-M-A4-s0,BW_SEMANTIC,7,21,1,21,1,1
M-M-M-A4-s0,OUTLINE_ONLY,7,17.404,1,5.7463,1,1
M-M-M-A4-s0,OUTLINE_NAIVE,7,17.404,1,5.7463,1,1
M-M-M-A4-s0,BG_REMOVAL,7,17.404,1,5.7463,1,1
M-M-M-A4-s0,DECOR_REMOVAL,7,15.745,1,5.1986,1,1
M-M-M-A4-s0,HALFTONE_H,7,16.441,1,5.4284,1,1
M-M-M-A4-s0,HALFTONE_M,7,16.86,1,5.5668,1,1
M-M-M-A4-s0,HALFTONE_L,7,17.11,1,5.6491,1,1
M-M-M-A4-s0,DITHER_M,7,16.86,1,5.5668,1,1
M-M-M-A4-s0,HIGH_CONTRAST,7,21,1,21,1,1
M-M-M-A4-s0,ECO_COLOUR,7,17.404,1,5.7463,1,1
M-M-M-A4-s0,SUPER_ECO_BW,7,21,1,21,1,1
M-M-M-A4-s0,INT_BG+TINT_FILL_55,7,17.404,1,5.7463,1,1
M-M-M-A4-s0,INT_REMOVE_ALL,7,17.404,1,5.7463,1,1
M-M-M-A4-s0,INT_OUTLINE+BW,7,21,1,21,1,1
M-M-M-A4-s0,INT_GRAY+BG,7,17.404,1,6.791,1,1
M-M-M-A4-s0,INT_OUTLINE+HALFTONE_M,7,17.404,1,5.7463,1,1
M-M-M-A4-s0,COPY_SAFE_ECO,7,21,1,21,1,1
M-M-M-A4-s0,COMBINED_REMOVE+TINT_75,7,7.6923,1,3.5324,1,0.85714
M-M-M-A4-s0,COMBINED_ECO+STRUCT_75,7,7.6923,1,3.5324,1,0.85714
M-M-S-A4-s0,STANDARD,7,15.745,1,5.1986,1,1
M-M-S-A4-s0,OPACITY_GROUP_90,7,11.864,1,4.3322,1,0.85714
M-M-S-A4-s0,OPACITY_GROUP_75,7,7.1379,1,3.2461,1,0.85714
M-M-S-A4-s0,OPACITY_GROUP_60,7,4.2859,1,2.4862,0,0
M-M-S-A4-s0,OPACITY_GROUP_45,7,2.764,0,1.9292,0,0
M-M-S-A4-s0,OPACITY_ELEM_60,7,4.469,1,2.5819,0,0
M-M-S-A4-s0,OPACITY_FILL_60,7,16.422,1,5.422,1,1
M-M-S-A4-s0,OPACITY_STROKE_60,7,4.4094,1,5.1986,1,1
M-M-S-A4-s0,OPACITY_TEXT_60,7,15.745,1,2.5418,0,0
M-M-S-A4-s0,TINT_75,7,7.1379,1,3.2778,1,0.85714
M-M-S-A4-s0,TINT_55,7,3.6802,1,2.288,0,0
M-M-S-A4-s0,TINT_30,7,1.8801,0,1.5188,0,0
M-M-S-A4-s0,TINT_FILL_55,7,16.441,1,5.4284,1,1
M-M-S-A4-s0,TINT_FILL_30,7,16.86,1,5.5668,1,1
M-M-S-A4-s0,TINT_FILL_15,7,17.11,1,5.6491,1,1
M-M-S-A4-s0,GRAYSCALE,7,15.685,1,6.1201,1,1
M-M-S-A4-s0,BW_THRESHOLD,,,,,,
M-M-S-A4-s0,BW_SEMANTIC,7,21,1,21,1,1
M-M-S-A4-s0,OUTLINE_ONLY,7,17.404,1,5.7463,1,1
M-M-S-A4-s0,OUTLINE_NAIVE,7,17.404,1,5.7463,1,1
M-M-S-A4-s0,BG_REMOVAL,7,17.404,1,5.7463,1,1
M-M-S-A4-s0,DECOR_REMOVAL,7,15.745,1,5.1986,1,1
M-M-S-A4-s0,HALFTONE_H,7,16.441,1,5.4284,1,1
M-M-S-A4-s0,HALFTONE_M,7,16.86,1,5.5668,1,1
M-M-S-A4-s0,HALFTONE_L,7,17.11,1,5.6491,1,1
M-M-S-A4-s0,DITHER_M,7,16.86,1,5.5668,1,1
M-M-S-A4-s0,HIGH_CONTRAST,7,21,1,21,1,1
M-M-S-A4-s0,ECO_COLOUR,7,17.404,1,5.7463,1,1
M-M-S-A4-s0,SUPER_ECO_BW,7,21,1,21,1,1
M-M-S-A4-s0,INT_BG+TINT_FILL_55,7,17.404,1,5.7463,1,1
M-M-S-A4-s0,INT_REMOVE_ALL,7,17.404,1,5.7463,1,1
M-M-S-A4-s0,INT_OUTLINE+BW,7,21,1,21,1,1
M-M-S-A4-s0,INT_GRAY+BG,7,17.404,1,6.791,1,1
M-M-S-A4-s0,INT_OUTLINE+HALFTONE_M,7,17.404,1,5.7463,1,1
M-M-S-A4-s0,COPY_SAFE_ECO,7,21,1,21,1,1
M-M-S-A4-s0,COMBINED_REMOVE+TINT_75,7,7.6923,1,3.5324,1,0.85714
M-M-S-A4-s0,COMBINED_ECO+STRUCT_75,7,7.6923,1,3.5324,1,0.85714
N-H-L-A4-s0,STANDARD,0,17.404,1,,,
N-H-L-A4-s0,OPACITY_GROUP_90,0,13.009,1,,,
N-H-L-A4-s0,OPACITY_GROUP_75,0,7.6923,1,,,
N-H-L-A4-s0,OPACITY_GROUP_60,0,4.5422,1,,,
N-H-L-A4-s0,OPACITY_GROUP_45,0,2.8847,0,,,
N-H-L-A4-s0,OPACITY_ELEM_60,0,4.5422,1,,,
N-H-L-A4-s0,OPACITY_FILL_60,0,17.404,1,,,
N-H-L-A4-s0,OPACITY_STROKE_60,0,4.5422,1,,,
N-H-L-A4-s0,OPACITY_TEXT_60,0,17.404,1,,,
N-H-L-A4-s0,TINT_75,0,7.6923,1,,,
N-H-L-A4-s0,TINT_55,0,3.8957,1,,,
N-H-L-A4-s0,TINT_30,0,1.9408,0,,,
N-H-L-A4-s0,TINT_FILL_55,0,17.404,1,,,
N-H-L-A4-s0,TINT_FILL_30,0,17.404,1,,,
N-H-L-A4-s0,TINT_FILL_15,0,17.404,1,,,
N-H-L-A4-s0,GRAYSCALE,0,17.404,1,,,
N-H-L-A4-s0,BW_THRESHOLD,,,,,,
N-H-L-A4-s0,BW_SEMANTIC,0,21,1,,,
N-H-L-A4-s0,OUTLINE_ONLY,0,17.404,1,,,
N-H-L-A4-s0,OUTLINE_NAIVE,0,17.404,1,,,
N-H-L-A4-s0,BG_REMOVAL,0,17.404,1,,,
N-H-L-A4-s0,DECOR_REMOVAL,0,17.404,1,,,
N-H-L-A4-s0,HALFTONE_H,0,17.404,1,,,
N-H-L-A4-s0,HALFTONE_M,0,17.404,1,,,
N-H-L-A4-s0,HALFTONE_L,0,17.404,1,,,
N-H-L-A4-s0,DITHER_M,0,17.404,1,,,
N-H-L-A4-s0,HIGH_CONTRAST,0,21,1,,,
N-H-L-A4-s0,ECO_COLOUR,0,17.404,1,,,
N-H-L-A4-s0,SUPER_ECO_BW,0,21,1,,,
N-H-L-A4-s0,INT_BG+TINT_FILL_55,0,17.404,1,,,
N-H-L-A4-s0,INT_REMOVE_ALL,0,17.404,1,,,
N-H-L-A4-s0,INT_OUTLINE+BW,0,21,1,,,
N-H-L-A4-s0,INT_GRAY+BG,0,17.404,1,,,
N-H-L-A4-s0,INT_OUTLINE+HALFTONE_M,0,17.404,1,,,
N-H-L-A4-s0,COPY_SAFE_ECO,0,21,1,,,
N-H-L-A4-s0,COMBINED_REMOVE+TINT_75,0,7.6923,1,,,
N-H-L-A4-s0,COMBINED_ECO+STRUCT_75,0,7.6923,1,,,
N-H-M-A4-s0,STANDARD,0,17.404,1,,,
N-H-M-A4-s0,OPACITY_GROUP_90,0,13.009,1,,,
N-H-M-A4-s0,OPACITY_GROUP_75,0,7.6923,1,,,
N-H-M-A4-s0,OPACITY_GROUP_60,0,4.5422,1,,,
N-H-M-A4-s0,OPACITY_GROUP_45,0,2.8847,0,,,
N-H-M-A4-s0,OPACITY_ELEM_60,0,4.5422,1,,,
N-H-M-A4-s0,OPACITY_FILL_60,0,17.404,1,,,
N-H-M-A4-s0,OPACITY_STROKE_60,0,4.5422,1,,,
N-H-M-A4-s0,OPACITY_TEXT_60,0,17.404,1,,,
N-H-M-A4-s0,TINT_75,0,7.6923,1,,,
N-H-M-A4-s0,TINT_55,0,3.8957,1,,,
N-H-M-A4-s0,TINT_30,0,1.9408,0,,,
N-H-M-A4-s0,TINT_FILL_55,0,17.404,1,,,
N-H-M-A4-s0,TINT_FILL_30,0,17.404,1,,,
N-H-M-A4-s0,TINT_FILL_15,0,17.404,1,,,
N-H-M-A4-s0,GRAYSCALE,0,17.404,1,,,
N-H-M-A4-s0,BW_THRESHOLD,,,,,,
N-H-M-A4-s0,BW_SEMANTIC,0,21,1,,,
N-H-M-A4-s0,OUTLINE_ONLY,0,17.404,1,,,
N-H-M-A4-s0,OUTLINE_NAIVE,0,17.404,1,,,
N-H-M-A4-s0,BG_REMOVAL,0,17.404,1,,,
N-H-M-A4-s0,DECOR_REMOVAL,0,17.404,1,,,
N-H-M-A4-s0,HALFTONE_H,0,17.404,1,,,
N-H-M-A4-s0,HALFTONE_M,0,17.404,1,,,
N-H-M-A4-s0,HALFTONE_L,0,17.404,1,,,
N-H-M-A4-s0,DITHER_M,0,17.404,1,,,
N-H-M-A4-s0,HIGH_CONTRAST,0,21,1,,,
N-H-M-A4-s0,ECO_COLOUR,0,17.404,1,,,
N-H-M-A4-s0,SUPER_ECO_BW,0,21,1,,,
N-H-M-A4-s0,INT_BG+TINT_FILL_55,0,17.404,1,,,
N-H-M-A4-s0,INT_REMOVE_ALL,0,17.404,1,,,
N-H-M-A4-s0,INT_OUTLINE+BW,0,21,1,,,
N-H-M-A4-s0,INT_GRAY+BG,0,17.404,1,,,
N-H-M-A4-s0,INT_OUTLINE+HALFTONE_M,0,17.404,1,,,
N-H-M-A4-s0,COPY_SAFE_ECO,0,21,1,,,
N-H-M-A4-s0,COMBINED_REMOVE+TINT_75,0,7.6923,1,,,
N-H-M-A4-s0,COMBINED_ECO+STRUCT_75,0,7.6923,1,,,
N-H-S-A4-s0,STANDARD,0,17.404,1,,,
N-H-S-A4-s0,OPACITY_GROUP_90,0,13.009,1,,,
N-H-S-A4-s0,OPACITY_GROUP_75,0,7.6923,1,,,
N-H-S-A4-s0,OPACITY_GROUP_60,0,4.5422,1,,,
N-H-S-A4-s0,OPACITY_GROUP_45,0,2.8847,0,,,
N-H-S-A4-s0,OPACITY_ELEM_60,0,4.5422,1,,,
N-H-S-A4-s0,OPACITY_FILL_60,0,17.404,1,,,
N-H-S-A4-s0,OPACITY_STROKE_60,0,4.5422,1,,,
N-H-S-A4-s0,OPACITY_TEXT_60,0,17.404,1,,,
N-H-S-A4-s0,TINT_75,0,7.6923,1,,,
N-H-S-A4-s0,TINT_55,0,3.8957,1,,,
N-H-S-A4-s0,TINT_30,0,1.9408,0,,,
N-H-S-A4-s0,TINT_FILL_55,0,17.404,1,,,
N-H-S-A4-s0,TINT_FILL_30,0,17.404,1,,,
N-H-S-A4-s0,TINT_FILL_15,0,17.404,1,,,
N-H-S-A4-s0,GRAYSCALE,0,17.404,1,,,
N-H-S-A4-s0,BW_THRESHOLD,,,,,,
N-H-S-A4-s0,BW_SEMANTIC,0,21,1,,,
N-H-S-A4-s0,OUTLINE_ONLY,0,17.404,1,,,
N-H-S-A4-s0,OUTLINE_NAIVE,0,17.404,1,,,
N-H-S-A4-s0,BG_REMOVAL,0,17.404,1,,,
N-H-S-A4-s0,DECOR_REMOVAL,0,17.404,1,,,
N-H-S-A4-s0,HALFTONE_H,0,17.404,1,,,
N-H-S-A4-s0,HALFTONE_M,0,17.404,1,,,
N-H-S-A4-s0,HALFTONE_L,0,17.404,1,,,
N-H-S-A4-s0,DITHER_M,0,17.404,1,,,
N-H-S-A4-s0,HIGH_CONTRAST,0,21,1,,,
N-H-S-A4-s0,ECO_COLOUR,0,17.404,1,,,
N-H-S-A4-s0,SUPER_ECO_BW,0,21,1,,,
N-H-S-A4-s0,INT_BG+TINT_FILL_55,0,17.404,1,,,
N-H-S-A4-s0,INT_REMOVE_ALL,0,17.404,1,,,
N-H-S-A4-s0,INT_OUTLINE+BW,0,21,1,,,
N-H-S-A4-s0,INT_GRAY+BG,0,17.404,1,,,
N-H-S-A4-s0,INT_OUTLINE+HALFTONE_M,0,17.404,1,,,
N-H-S-A4-s0,COPY_SAFE_ECO,0,21,1,,,
N-H-S-A4-s0,COMBINED_REMOVE+TINT_75,0,7.6923,1,,,
N-H-S-A4-s0,COMBINED_ECO+STRUCT_75,0,7.6923,1,,,
N-L-L-A4-s0,STANDARD,0,17.404,1,,,
N-L-L-A4-s0,OPACITY_GROUP_90,0,13.009,1,,,
N-L-L-A4-s0,OPACITY_GROUP_75,0,7.6923,1,,,
N-L-L-A4-s0,OPACITY_GROUP_60,0,4.5422,1,,,
N-L-L-A4-s0,OPACITY_GROUP_45,0,2.8847,0,,,
N-L-L-A4-s0,OPACITY_ELEM_60,0,4.5422,1,,,
N-L-L-A4-s0,OPACITY_FILL_60,0,17.404,1,,,
N-L-L-A4-s0,OPACITY_STROKE_60,0,4.5422,1,,,
N-L-L-A4-s0,OPACITY_TEXT_60,0,17.404,1,,,
N-L-L-A4-s0,TINT_75,0,7.6923,1,,,
N-L-L-A4-s0,TINT_55,0,3.8957,1,,,
N-L-L-A4-s0,TINT_30,0,1.9408,0,,,
N-L-L-A4-s0,TINT_FILL_55,0,17.404,1,,,
N-L-L-A4-s0,TINT_FILL_30,0,17.404,1,,,
N-L-L-A4-s0,TINT_FILL_15,0,17.404,1,,,
N-L-L-A4-s0,GRAYSCALE,0,17.404,1,,,
N-L-L-A4-s0,BW_THRESHOLD,,,,,,
N-L-L-A4-s0,BW_SEMANTIC,0,21,1,,,
N-L-L-A4-s0,OUTLINE_ONLY,0,17.404,1,,,
N-L-L-A4-s0,OUTLINE_NAIVE,0,17.404,1,,,
N-L-L-A4-s0,BG_REMOVAL,0,17.404,1,,,
N-L-L-A4-s0,DECOR_REMOVAL,0,17.404,1,,,
N-L-L-A4-s0,HALFTONE_H,0,17.404,1,,,
N-L-L-A4-s0,HALFTONE_M,0,17.404,1,,,
N-L-L-A4-s0,HALFTONE_L,0,17.404,1,,,
N-L-L-A4-s0,DITHER_M,0,17.404,1,,,
N-L-L-A4-s0,HIGH_CONTRAST,0,21,1,,,
N-L-L-A4-s0,ECO_COLOUR,0,17.404,1,,,
N-L-L-A4-s0,SUPER_ECO_BW,0,21,1,,,
N-L-L-A4-s0,INT_BG+TINT_FILL_55,0,17.404,1,,,
N-L-L-A4-s0,INT_REMOVE_ALL,0,17.404,1,,,
N-L-L-A4-s0,INT_OUTLINE+BW,0,21,1,,,
N-L-L-A4-s0,INT_GRAY+BG,0,17.404,1,,,
N-L-L-A4-s0,INT_OUTLINE+HALFTONE_M,0,17.404,1,,,
N-L-L-A4-s0,COPY_SAFE_ECO,0,21,1,,,
N-L-L-A4-s0,COMBINED_REMOVE+TINT_75,0,7.6923,1,,,
N-L-L-A4-s0,COMBINED_ECO+STRUCT_75,0,7.6923,1,,,
N-L-M-A4-s0,STANDARD,0,17.404,1,,,
N-L-M-A4-s0,OPACITY_GROUP_90,0,13.009,1,,,
N-L-M-A4-s0,OPACITY_GROUP_75,0,7.6923,1,,,
N-L-M-A4-s0,OPACITY_GROUP_60,0,4.5422,1,,,
N-L-M-A4-s0,OPACITY_GROUP_45,0,2.8847,0,,,
N-L-M-A4-s0,OPACITY_ELEM_60,0,4.5422,1,,,
N-L-M-A4-s0,OPACITY_FILL_60,0,17.404,1,,,
N-L-M-A4-s0,OPACITY_STROKE_60,0,4.5422,1,,,
N-L-M-A4-s0,OPACITY_TEXT_60,0,17.404,1,,,
N-L-M-A4-s0,TINT_75,0,7.6923,1,,,
N-L-M-A4-s0,TINT_55,0,3.8957,1,,,
N-L-M-A4-s0,TINT_30,0,1.9408,0,,,
N-L-M-A4-s0,TINT_FILL_55,0,17.404,1,,,
N-L-M-A4-s0,TINT_FILL_30,0,17.404,1,,,
N-L-M-A4-s0,TINT_FILL_15,0,17.404,1,,,
N-L-M-A4-s0,GRAYSCALE,0,17.404,1,,,
N-L-M-A4-s0,BW_THRESHOLD,,,,,,
N-L-M-A4-s0,BW_SEMANTIC,0,21,1,,,
N-L-M-A4-s0,OUTLINE_ONLY,0,17.404,1,,,
N-L-M-A4-s0,OUTLINE_NAIVE,0,17.404,1,,,
N-L-M-A4-s0,BG_REMOVAL,0,17.404,1,,,
N-L-M-A4-s0,DECOR_REMOVAL,0,17.404,1,,,
N-L-M-A4-s0,HALFTONE_H,0,17.404,1,,,
N-L-M-A4-s0,HALFTONE_M,0,17.404,1,,,
N-L-M-A4-s0,HALFTONE_L,0,17.404,1,,,
N-L-M-A4-s0,DITHER_M,0,17.404,1,,,
N-L-M-A4-s0,HIGH_CONTRAST,0,21,1,,,
N-L-M-A4-s0,ECO_COLOUR,0,17.404,1,,,
N-L-M-A4-s0,SUPER_ECO_BW,0,21,1,,,
N-L-M-A4-s0,INT_BG+TINT_FILL_55,0,17.404,1,,,
N-L-M-A4-s0,INT_REMOVE_ALL,0,17.404,1,,,
N-L-M-A4-s0,INT_OUTLINE+BW,0,21,1,,,
N-L-M-A4-s0,INT_GRAY+BG,0,17.404,1,,,
N-L-M-A4-s0,INT_OUTLINE+HALFTONE_M,0,17.404,1,,,
N-L-M-A4-s0,COPY_SAFE_ECO,0,21,1,,,
N-L-M-A4-s0,COMBINED_REMOVE+TINT_75,0,7.6923,1,,,
N-L-M-A4-s0,COMBINED_ECO+STRUCT_75,0,7.6923,1,,,
N-L-S-A4-s0,STANDARD,0,17.404,1,,,
N-L-S-A4-s0,OPACITY_GROUP_90,0,13.009,1,,,
N-L-S-A4-s0,OPACITY_GROUP_75,0,7.6923,1,,,
N-L-S-A4-s0,OPACITY_GROUP_60,0,4.5422,1,,,
N-L-S-A4-s0,OPACITY_GROUP_45,0,2.8847,0,,,
N-L-S-A4-s0,OPACITY_ELEM_60,0,4.5422,1,,,
N-L-S-A4-s0,OPACITY_FILL_60,0,17.404,1,,,
N-L-S-A4-s0,OPACITY_STROKE_60,0,4.5422,1,,,
N-L-S-A4-s0,OPACITY_TEXT_60,0,17.404,1,,,
N-L-S-A4-s0,TINT_75,0,7.6923,1,,,
N-L-S-A4-s0,TINT_55,0,3.8957,1,,,
N-L-S-A4-s0,TINT_30,0,1.9408,0,,,
N-L-S-A4-s0,TINT_FILL_55,0,17.404,1,,,
N-L-S-A4-s0,TINT_FILL_30,0,17.404,1,,,
N-L-S-A4-s0,TINT_FILL_15,0,17.404,1,,,
N-L-S-A4-s0,GRAYSCALE,0,17.404,1,,,
N-L-S-A4-s0,BW_THRESHOLD,,,,,,
N-L-S-A4-s0,BW_SEMANTIC,0,21,1,,,
N-L-S-A4-s0,OUTLINE_ONLY,0,17.404,1,,,
N-L-S-A4-s0,OUTLINE_NAIVE,0,17.404,1,,,
N-L-S-A4-s0,BG_REMOVAL,0,17.404,1,,,
N-L-S-A4-s0,DECOR_REMOVAL,0,17.404,1,,,
N-L-S-A4-s0,HALFTONE_H,0,17.404,1,,,
N-L-S-A4-s0,HALFTONE_M,0,17.404,1,,,
N-L-S-A4-s0,HALFTONE_L,0,17.404,1,,,
N-L-S-A4-s0,DITHER_M,0,17.404,1,,,
N-L-S-A4-s0,HIGH_CONTRAST,0,21,1,,,
N-L-S-A4-s0,ECO_COLOUR,0,17.404,1,,,
N-L-S-A4-s0,SUPER_ECO_BW,0,21,1,,,
N-L-S-A4-s0,INT_BG+TINT_FILL_55,0,17.404,1,,,
N-L-S-A4-s0,INT_REMOVE_ALL,0,17.404,1,,,
N-L-S-A4-s0,INT_OUTLINE+BW,0,21,1,,,
N-L-S-A4-s0,INT_GRAY+BG,0,17.404,1,,,
N-L-S-A4-s0,INT_OUTLINE+HALFTONE_M,0,17.404,1,,,
N-L-S-A4-s0,COPY_SAFE_ECO,0,21,1,,,
N-L-S-A4-s0,COMBINED_REMOVE+TINT_75,0,7.6923,1,,,
N-L-S-A4-s0,COMBINED_ECO+STRUCT_75,0,7.6923,1,,,
N-M-L-A4-s0,STANDARD,0,17.404,1,,,
N-M-L-A4-s0,OPACITY_GROUP_90,0,13.009,1,,,
N-M-L-A4-s0,OPACITY_GROUP_75,0,7.6923,1,,,
N-M-L-A4-s0,OPACITY_GROUP_60,0,4.5422,1,,,
N-M-L-A4-s0,OPACITY_GROUP_45,0,2.8847,0,,,
N-M-L-A4-s0,OPACITY_ELEM_60,0,4.5422,1,,,
N-M-L-A4-s0,OPACITY_FILL_60,0,17.404,1,,,
N-M-L-A4-s0,OPACITY_STROKE_60,0,4.5422,1,,,
N-M-L-A4-s0,OPACITY_TEXT_60,0,17.404,1,,,
N-M-L-A4-s0,TINT_75,0,7.6923,1,,,
N-M-L-A4-s0,TINT_55,0,3.8957,1,,,
N-M-L-A4-s0,TINT_30,0,1.9408,0,,,
N-M-L-A4-s0,TINT_FILL_55,0,17.404,1,,,
N-M-L-A4-s0,TINT_FILL_30,0,17.404,1,,,
N-M-L-A4-s0,TINT_FILL_15,0,17.404,1,,,
N-M-L-A4-s0,GRAYSCALE,0,17.404,1,,,
N-M-L-A4-s0,BW_THRESHOLD,,,,,,
N-M-L-A4-s0,BW_SEMANTIC,0,21,1,,,
N-M-L-A4-s0,OUTLINE_ONLY,0,17.404,1,,,
N-M-L-A4-s0,OUTLINE_NAIVE,0,17.404,1,,,
N-M-L-A4-s0,BG_REMOVAL,0,17.404,1,,,
N-M-L-A4-s0,DECOR_REMOVAL,0,17.404,1,,,
N-M-L-A4-s0,HALFTONE_H,0,17.404,1,,,
N-M-L-A4-s0,HALFTONE_M,0,17.404,1,,,
N-M-L-A4-s0,HALFTONE_L,0,17.404,1,,,
N-M-L-A4-s0,DITHER_M,0,17.404,1,,,
N-M-L-A4-s0,HIGH_CONTRAST,0,21,1,,,
N-M-L-A4-s0,ECO_COLOUR,0,17.404,1,,,
N-M-L-A4-s0,SUPER_ECO_BW,0,21,1,,,
N-M-L-A4-s0,INT_BG+TINT_FILL_55,0,17.404,1,,,
N-M-L-A4-s0,INT_REMOVE_ALL,0,17.404,1,,,
N-M-L-A4-s0,INT_OUTLINE+BW,0,21,1,,,
N-M-L-A4-s0,INT_GRAY+BG,0,17.404,1,,,
N-M-L-A4-s0,INT_OUTLINE+HALFTONE_M,0,17.404,1,,,
N-M-L-A4-s0,COPY_SAFE_ECO,0,21,1,,,
N-M-L-A4-s0,COMBINED_REMOVE+TINT_75,0,7.6923,1,,,
N-M-L-A4-s0,COMBINED_ECO+STRUCT_75,0,7.6923,1,,,
N-M-M-A4-s0,STANDARD,0,17.404,1,,,
N-M-M-A4-s0,OPACITY_GROUP_90,0,13.009,1,,,
N-M-M-A4-s0,OPACITY_GROUP_75,0,7.6923,1,,,
N-M-M-A4-s0,OPACITY_GROUP_60,0,4.5422,1,,,
N-M-M-A4-s0,OPACITY_GROUP_45,0,2.8847,0,,,
N-M-M-A4-s0,OPACITY_ELEM_60,0,4.5422,1,,,
N-M-M-A4-s0,OPACITY_FILL_60,0,17.404,1,,,
N-M-M-A4-s0,OPACITY_STROKE_60,0,4.5422,1,,,
N-M-M-A4-s0,OPACITY_TEXT_60,0,17.404,1,,,
N-M-M-A4-s0,TINT_75,0,7.6923,1,,,
N-M-M-A4-s0,TINT_55,0,3.8957,1,,,
N-M-M-A4-s0,TINT_30,0,1.9408,0,,,
N-M-M-A4-s0,TINT_FILL_55,0,17.404,1,,,
N-M-M-A4-s0,TINT_FILL_30,0,17.404,1,,,
N-M-M-A4-s0,TINT_FILL_15,0,17.404,1,,,
N-M-M-A4-s0,GRAYSCALE,0,17.404,1,,,
N-M-M-A4-s0,BW_THRESHOLD,,,,,,
N-M-M-A4-s0,BW_SEMANTIC,0,21,1,,,
N-M-M-A4-s0,OUTLINE_ONLY,0,17.404,1,,,
N-M-M-A4-s0,OUTLINE_NAIVE,0,17.404,1,,,
N-M-M-A4-s0,BG_REMOVAL,0,17.404,1,,,
N-M-M-A4-s0,DECOR_REMOVAL,0,17.404,1,,,
N-M-M-A4-s0,HALFTONE_H,0,17.404,1,,,
N-M-M-A4-s0,HALFTONE_M,0,17.404,1,,,
N-M-M-A4-s0,HALFTONE_L,0,17.404,1,,,
N-M-M-A4-s0,DITHER_M,0,17.404,1,,,
N-M-M-A4-s0,HIGH_CONTRAST,0,21,1,,,
N-M-M-A4-s0,ECO_COLOUR,0,17.404,1,,,
N-M-M-A4-s0,SUPER_ECO_BW,0,21,1,,,
N-M-M-A4-s0,INT_BG+TINT_FILL_55,0,17.404,1,,,
N-M-M-A4-s0,INT_REMOVE_ALL,0,17.404,1,,,
N-M-M-A4-s0,INT_OUTLINE+BW,0,21,1,,,
N-M-M-A4-s0,INT_GRAY+BG,0,17.404,1,,,
N-M-M-A4-s0,INT_OUTLINE+HALFTONE_M,0,17.404,1,,,
N-M-M-A4-s0,COPY_SAFE_ECO,0,21,1,,,
N-M-M-A4-s0,COMBINED_REMOVE+TINT_75,0,7.6923,1,,,
N-M-M-A4-s0,COMBINED_ECO+STRUCT_75,0,7.6923,1,,,
N-M-S-A4-s0,STANDARD,0,17.404,1,,,
N-M-S-A4-s0,OPACITY_GROUP_90,0,13.009,1,,,
N-M-S-A4-s0,OPACITY_GROUP_75,0,7.6923,1,,,
N-M-S-A4-s0,OPACITY_GROUP_60,0,4.5422,1,,,
N-M-S-A4-s0,OPACITY_GROUP_45,0,2.8847,0,,,
N-M-S-A4-s0,OPACITY_ELEM_60,0,4.5422,1,,,
N-M-S-A4-s0,OPACITY_FILL_60,0,17.404,1,,,
N-M-S-A4-s0,OPACITY_STROKE_60,0,4.5422,1,,,
N-M-S-A4-s0,OPACITY_TEXT_60,0,17.404,1,,,
N-M-S-A4-s0,TINT_75,0,7.6923,1,,,
N-M-S-A4-s0,TINT_55,0,3.8957,1,,,
N-M-S-A4-s0,TINT_30,0,1.9408,0,,,
N-M-S-A4-s0,TINT_FILL_55,0,17.404,1,,,
N-M-S-A4-s0,TINT_FILL_30,0,17.404,1,,,
N-M-S-A4-s0,TINT_FILL_15,0,17.404,1,,,
N-M-S-A4-s0,GRAYSCALE,0,17.404,1,,,
N-M-S-A4-s0,BW_THRESHOLD,,,,,,
N-M-S-A4-s0,BW_SEMANTIC,0,21,1,,,
N-M-S-A4-s0,OUTLINE_ONLY,0,17.404,1,,,
N-M-S-A4-s0,OUTLINE_NAIVE,0,17.404,1,,,
N-M-S-A4-s0,BG_REMOVAL,0,17.404,1,,,
N-M-S-A4-s0,DECOR_REMOVAL,0,17.404,1,,,
N-M-S-A4-s0,HALFTONE_H,0,17.404,1,,,
N-M-S-A4-s0,HALFTONE_M,0,17.404,1,,,
N-M-S-A4-s0,HALFTONE_L,0,17.404,1,,,
N-M-S-A4-s0,DITHER_M,0,17.404,1,,,
N-M-S-A4-s0,HIGH_CONTRAST,0,21,1,,,
N-M-S-A4-s0,ECO_COLOUR,0,17.404,1,,,
N-M-S-A4-s0,SUPER_ECO_BW,0,21,1,,,
N-M-S-A4-s0,INT_BG+TINT_FILL_55,0,17.404,1,,,
N-M-S-A4-s0,INT_REMOVE_ALL,0,17.404,1,,,
N-M-S-A4-s0,INT_OUTLINE+BW,0,21,1,,,
N-M-S-A4-s0,INT_GRAY+BG,0,17.404,1,,,
N-M-S-A4-s0,INT_OUTLINE+HALFTONE_M,0,17.404,1,,,
N-M-S-A4-s0,COPY_SAFE_ECO,0,21,1,,,
N-M-S-A4-s0,COMBINED_REMOVE+TINT_75,0,7.6923,1,,,
N-M-S-A4-s0,COMBINED_ECO+STRUCT_75,0,7.6923,1,,,
O-H-L-A4-s0,STANDARD,49,5.2693,1,2.4722,0.95918,0.89796
O-H-L-A4-s0,OPACITY_GROUP_90,49,4.5159,1,2.2317,0.91837,0.87755
O-H-L-A4-s0,OPACITY_GROUP_75,49,3.2339,1,1.8161,0.87755,0.85714
O-H-L-A4-s0,OPACITY_GROUP_60,49,2.3007,0.93333,1.4855,0.85714,0
O-H-L-A4-s0,OPACITY_GROUP_45,49,1.7476,0,1.2809,0,0
O-H-L-A4-s0,OPACITY_ELEM_60,49,3.5322,1,2.9059,0.85714,0
O-H-L-A4-s0,OPACITY_FILL_60,49,8.8154,1,5.692,1,0.97959
O-H-L-A4-s0,OPACITY_STROKE_60,49,2.7858,0.93333,2.4722,0.95918,0.89796
O-H-L-A4-s0,OPACITY_TEXT_60,49,5.2693,1,1.8769,0.85714,0
O-H-L-A4-s0,TINT_75,49,3.2339,1,1.8161,0.87755,0.85714
O-H-L-A4-s0,TINT_55,49,2.1044,0.93333,1.418,0,0
O-H-L-A4-s0,TINT_30,49,1.3993,0,1.1549,0,0
O-H-L-A4-s0,TINT_FILL_55,49,9.4017,1,6.3351,1,0.97959
O-H-L-A4-s0,TINT_FILL_30,49,12.549,1,10.356,1,1
O-H-L-A4-s0,TINT_FILL_15,49,14.883,1,13.564,1,1
O-H-L-A4-s0,GRAYSCALE,49,4.7803,1,1.7869,0.91837,0.87755
O-H-L-A4-s0,BW_THRESHOLD,,,,,,
O-H-L-A4-s0,BW_SEMANTIC,49,21,1,1,0.91837,0.91837
O-H-L-A4-s0,OUTLINE_ONLY,49,17.404,1,17.404,1,1
O-H-L-A4-s0,OUTLINE_NAIVE,49,17.404,1,17.404,1,1
O-H-L-A4-s0,BG_REMOVAL,49,5.2693,1,2.4722,0.95918,0.89796
O-H-L-A4-s0,DECOR_REMOVAL,49,17.404,1,17.404,1,1
O-H-L-A4-s0,HALFTONE_H,49,9.4017,1,6.3351,1,0.97959
O-H-L-A4-s0,HALFTONE_M,49,12.549,1,10.356,1,1
O-H-L-A4-s0,HALFTONE_L,49,14.883,1,13.564,1,1
O-H-L-A4-s0,DITHER_M,49,12.549,1,10.356,1,1
O-H-L-A4-s0,HIGH_CONTRAST,49,6.358,1,2.983,0.97959,0.89796
O-H-L-A4-s0,ECO_COLOUR,49,17.404,1,17.404,1,1
O-H-L-A4-s0,SUPER_ECO_BW,49,21,1,21,1,1
O-H-L-A4-s0,INT_BG+TINT_FILL_55,49,9.4017,1,6.3351,1,0.97959
O-H-L-A4-s0,INT_REMOVE_ALL,49,17.404,1,17.404,1,1
O-H-L-A4-s0,INT_OUTLINE+BW,49,21,1,21,1,1
O-H-L-A4-s0,INT_GRAY+BG,49,4.7803,1,1.7869,0.91837,0.87755
O-H-L-A4-s0,INT_OUTLINE+HALFTONE_M,49,17.404,1,17.404,1,1
O-H-L-A4-s0,COPY_SAFE_ECO,49,21,1,21,1,1
O-H-L-A4-s0,COMBINED_REMOVE+TINT_75,49,7.6923,1,7.6923,1,1
O-H-L-A4-s0,COMBINED_ECO+STRUCT_75,49,7.6923,1,7.6923,1,1
O-H-M-A4-s0,STANDARD,49,5.2693,1,2.4722,0.95918,0.89796
O-H-M-A4-s0,OPACITY_GROUP_90,49,4.5159,1,2.2317,0.91837,0.87755
O-H-M-A4-s0,OPACITY_GROUP_75,49,3.2339,1,1.8161,0.87755,0.85714
O-H-M-A4-s0,OPACITY_GROUP_60,49,2.3007,0.93333,1.4855,0.85714,0
O-H-M-A4-s0,OPACITY_GROUP_45,49,1.7476,0,1.2809,0,0
O-H-M-A4-s0,OPACITY_ELEM_60,49,3.5322,1,2.9059,0.85714,0
O-H-M-A4-s0,OPACITY_FILL_60,49,8.8154,1,5.692,1,0.97959
O-H-M-A4-s0,OPACITY_STROKE_60,49,2.7858,0.93333,2.4722,0.95918,0.89796
O-H-M-A4-s0,OPACITY_TEXT_60,49,5.2693,1,1.8769,0.85714,0
O-H-M-A4-s0,TINT_75,49,3.2339,1,1.8161,0.87755,0.85714
O-H-M-A4-s0,TINT_55,49,2.1044,0.93333,1.418,0,0
O-H-M-A4-s0,TINT_30,49,1.3993,0,1.1549,0,0
O-H-M-A4-s0,TINT_FILL_55,49,9.4017,1,6.3351,1,0.97959
O-H-M-A4-s0,TINT_FILL_30,49,12.549,1,10.356,1,1
O-H-M-A4-s0,TINT_FILL_15,49,14.883,1,13.564,1,1
O-H-M-A4-s0,GRAYSCALE,49,4.7803,1,1.7869,0.91837,0.87755
O-H-M-A4-s0,BW_THRESHOLD,,,,,,
O-H-M-A4-s0,BW_SEMANTIC,49,21,1,1,0.91837,0.91837
O-H-M-A4-s0,OUTLINE_ONLY,49,17.404,1,17.404,1,1
O-H-M-A4-s0,OUTLINE_NAIVE,49,17.404,1,17.404,1,1
O-H-M-A4-s0,BG_REMOVAL,49,5.2693,1,2.4722,0.95918,0.89796
O-H-M-A4-s0,DECOR_REMOVAL,49,17.404,1,17.404,1,1
O-H-M-A4-s0,HALFTONE_H,49,9.4017,1,6.3351,1,0.97959
O-H-M-A4-s0,HALFTONE_M,49,12.549,1,10.356,1,1
O-H-M-A4-s0,HALFTONE_L,49,14.883,1,13.564,1,1
O-H-M-A4-s0,DITHER_M,49,12.549,1,10.356,1,1
O-H-M-A4-s0,HIGH_CONTRAST,49,6.358,1,2.983,0.97959,0.89796
O-H-M-A4-s0,ECO_COLOUR,49,17.404,1,17.404,1,1
O-H-M-A4-s0,SUPER_ECO_BW,49,21,1,21,1,1
O-H-M-A4-s0,INT_BG+TINT_FILL_55,49,9.4017,1,6.3351,1,0.97959
O-H-M-A4-s0,INT_REMOVE_ALL,49,17.404,1,17.404,1,1
O-H-M-A4-s0,INT_OUTLINE+BW,49,21,1,21,1,1
O-H-M-A4-s0,INT_GRAY+BG,49,4.7803,1,1.7869,0.91837,0.87755
O-H-M-A4-s0,INT_OUTLINE+HALFTONE_M,49,17.404,1,17.404,1,1
O-H-M-A4-s0,COPY_SAFE_ECO,49,21,1,21,1,1
O-H-M-A4-s0,COMBINED_REMOVE+TINT_75,49,7.6923,1,7.6923,1,1
O-H-M-A4-s0,COMBINED_ECO+STRUCT_75,49,7.6923,1,7.6923,1,1
O-H-S-A4-s0,STANDARD,49,5.2693,1,2.4722,0.95918,0.89796
O-H-S-A4-s0,OPACITY_GROUP_90,49,4.5159,1,2.2317,0.91837,0.87755
O-H-S-A4-s0,OPACITY_GROUP_75,49,3.2339,1,1.8161,0.87755,0.85714
O-H-S-A4-s0,OPACITY_GROUP_60,49,2.3007,0.93333,1.4855,0.85714,0
O-H-S-A4-s0,OPACITY_GROUP_45,49,1.7476,0,1.2809,0,0
O-H-S-A4-s0,OPACITY_ELEM_60,49,3.5322,1,2.9059,0.85714,0
O-H-S-A4-s0,OPACITY_FILL_60,49,8.8154,1,5.692,1,0.97959
O-H-S-A4-s0,OPACITY_STROKE_60,49,2.7858,0.93333,2.4722,0.95918,0.89796
O-H-S-A4-s0,OPACITY_TEXT_60,49,5.2693,1,1.8769,0.85714,0
O-H-S-A4-s0,TINT_75,49,3.2339,1,1.8161,0.87755,0.85714
O-H-S-A4-s0,TINT_55,49,2.1044,0.93333,1.418,0,0
O-H-S-A4-s0,TINT_30,49,1.3993,0,1.1549,0,0
O-H-S-A4-s0,TINT_FILL_55,49,9.4017,1,6.3351,1,0.97959
O-H-S-A4-s0,TINT_FILL_30,49,12.549,1,10.356,1,1
O-H-S-A4-s0,TINT_FILL_15,49,14.883,1,13.564,1,1
O-H-S-A4-s0,GRAYSCALE,49,4.7803,1,1.7869,0.91837,0.87755
O-H-S-A4-s0,BW_THRESHOLD,,,,,,
O-H-S-A4-s0,BW_SEMANTIC,49,21,1,1,0.91837,0.91837
O-H-S-A4-s0,OUTLINE_ONLY,49,17.404,1,17.404,1,1
O-H-S-A4-s0,OUTLINE_NAIVE,49,17.404,1,17.404,1,1
O-H-S-A4-s0,BG_REMOVAL,49,5.2693,1,2.4722,0.95918,0.89796
O-H-S-A4-s0,DECOR_REMOVAL,49,17.404,1,17.404,1,1
O-H-S-A4-s0,HALFTONE_H,49,9.4017,1,6.3351,1,0.97959
O-H-S-A4-s0,HALFTONE_M,49,12.549,1,10.356,1,1
O-H-S-A4-s0,HALFTONE_L,49,14.883,1,13.564,1,1
O-H-S-A4-s0,DITHER_M,49,12.549,1,10.356,1,1
O-H-S-A4-s0,HIGH_CONTRAST,49,6.358,1,2.983,0.97959,0.89796
O-H-S-A4-s0,ECO_COLOUR,49,17.404,1,17.404,1,1
O-H-S-A4-s0,SUPER_ECO_BW,49,21,1,21,1,1
O-H-S-A4-s0,INT_BG+TINT_FILL_55,49,9.4017,1,6.3351,1,0.97959
O-H-S-A4-s0,INT_REMOVE_ALL,49,17.404,1,17.404,1,1
O-H-S-A4-s0,INT_OUTLINE+BW,49,21,1,21,1,1
O-H-S-A4-s0,INT_GRAY+BG,49,4.7803,1,1.7869,0.91837,0.87755
O-H-S-A4-s0,INT_OUTLINE+HALFTONE_M,49,17.404,1,17.404,1,1
O-H-S-A4-s0,COPY_SAFE_ECO,49,21,1,21,1,1
O-H-S-A4-s0,COMBINED_REMOVE+TINT_75,49,7.6923,1,7.6923,1,1
O-H-S-A4-s0,COMBINED_ECO+STRUCT_75,49,7.6923,1,7.6923,1,1
O-L-L-A4-s0,STANDARD,35,5.2693,1,2.4722,0.94286,0.85714
O-L-L-A4-s0,OPACITY_GROUP_90,35,4.5159,1,2.2317,0.88571,0.82857
O-L-L-A4-s0,OPACITY_GROUP_75,35,3.2339,1,1.8161,0.82857,0.8
O-L-L-A4-s0,OPACITY_GROUP_60,35,2.3007,0.92308,1.4855,0.8,0
O-L-L-A4-s0,OPACITY_GROUP_45,35,1.7476,0,1.2809,0,0
O-L-L-A4-s0,OPACITY_ELEM_60,35,3.5322,1,2.9059,0.8,0
O-L-L-A4-s0,OPACITY_FILL_60,35,8.8154,1,5.692,1,0.97143
O-L-L-A4-s0,OPACITY_STROKE_60,35,2.7858,0.92308,2.4722,0.94286,0.85714
O-L-L-A4-s0,OPACITY_TEXT_60,35,5.2693,1,1.8769,0.8,0
O-L-L-A4-s0,TINT_75,35,3.2339,1,1.8161,0.82857,0.8
O-L-L-A4-s0,TINT_55,35,2.1044,0.92308,1.418,0,0
O-L-L-A4-s0,TINT_30,35,1.3993,0,1.1549,0,0
O-L-L-A4-s0,TINT_FILL_55,35,9.4017,1,6.3351,1,0.97143
O-L-L-A4-s0,TINT_FILL_30,35,12.549,1,10.356,1,1
O-L-L-A4-s0,TINT_FILL_15,35,14.883,1,13.564,1,1
O-L-L-A4-s0,GRAYSCALE,35,4.7803,1,1.7869,0.88571,0.82857
O-L-L-A4-s0,BW_THRESHOLD,,,,,,
O-L-L-A4-s0,BW_SEMANTIC,35,21,1,1,0.88571,0.88571
O-L-L-A4-s0,OUTLINE_ONLY,35,17.404,1,17.404,1,1
O-L-L-A4-s0,OUTLINE_NAIVE,35,17.404,1,17.404,1,1
O-L-L-A4-s0,BG_REMOVAL,35,5.2693,1,2.4722,0.94286,0.85714
O-L-L-A4-s0,DECOR_REMOVAL,35,17.404,1,17.404,1,1
O-L-L-A4-s0,HALFTONE_H,35,9.4017,1,6.3351,1,0.97143
O-L-L-A4-s0,HALFTONE_M,35,12.549,1,10.356,1,1
O-L-L-A4-s0,HALFTONE_L,35,14.883,1,13.564,1,1
O-L-L-A4-s0,DITHER_M,35,12.549,1,10.356,1,1
O-L-L-A4-s0,HIGH_CONTRAST,35,6.358,1,2.983,0.97143,0.85714
O-L-L-A4-s0,ECO_COLOUR,35,17.404,1,17.404,1,1
O-L-L-A4-s0,SUPER_ECO_BW,35,21,1,21,1,1
O-L-L-A4-s0,INT_BG+TINT_FILL_55,35,9.4017,1,6.3351,1,0.97143
O-L-L-A4-s0,INT_REMOVE_ALL,35,17.404,1,17.404,1,1
O-L-L-A4-s0,INT_OUTLINE+BW,35,21,1,21,1,1
O-L-L-A4-s0,INT_GRAY+BG,35,4.7803,1,1.7869,0.88571,0.82857
O-L-L-A4-s0,INT_OUTLINE+HALFTONE_M,35,17.404,1,17.404,1,1
O-L-L-A4-s0,COPY_SAFE_ECO,35,21,1,21,1,1
O-L-L-A4-s0,COMBINED_REMOVE+TINT_75,35,7.6923,1,7.6923,1,1
O-L-L-A4-s0,COMBINED_ECO+STRUCT_75,35,7.6923,1,7.6923,1,1
O-L-M-A4-s0,STANDARD,35,5.2693,1,2.4722,0.94286,0.85714
O-L-M-A4-s0,OPACITY_GROUP_90,35,4.5159,1,2.2317,0.88571,0.82857
O-L-M-A4-s0,OPACITY_GROUP_75,35,3.2339,1,1.8161,0.82857,0.8
O-L-M-A4-s0,OPACITY_GROUP_60,35,2.3007,0.92308,1.4855,0.8,0
O-L-M-A4-s0,OPACITY_GROUP_45,35,1.7476,0,1.2809,0,0
O-L-M-A4-s0,OPACITY_ELEM_60,35,3.5322,1,2.9059,0.8,0
O-L-M-A4-s0,OPACITY_FILL_60,35,8.8154,1,5.692,1,0.97143
O-L-M-A4-s0,OPACITY_STROKE_60,35,2.7858,0.92308,2.4722,0.94286,0.85714
O-L-M-A4-s0,OPACITY_TEXT_60,35,5.2693,1,1.8769,0.8,0
O-L-M-A4-s0,TINT_75,35,3.2339,1,1.8161,0.82857,0.8
O-L-M-A4-s0,TINT_55,35,2.1044,0.92308,1.418,0,0
O-L-M-A4-s0,TINT_30,35,1.3993,0,1.1549,0,0
O-L-M-A4-s0,TINT_FILL_55,35,9.4017,1,6.3351,1,0.97143
O-L-M-A4-s0,TINT_FILL_30,35,12.549,1,10.356,1,1
O-L-M-A4-s0,TINT_FILL_15,35,14.883,1,13.564,1,1
O-L-M-A4-s0,GRAYSCALE,35,4.7803,1,1.7869,0.88571,0.82857
O-L-M-A4-s0,BW_THRESHOLD,,,,,,
O-L-M-A4-s0,BW_SEMANTIC,35,21,1,1,0.88571,0.88571
O-L-M-A4-s0,OUTLINE_ONLY,35,17.404,1,17.404,1,1
O-L-M-A4-s0,OUTLINE_NAIVE,35,17.404,1,17.404,1,1
O-L-M-A4-s0,BG_REMOVAL,35,5.2693,1,2.4722,0.94286,0.85714
O-L-M-A4-s0,DECOR_REMOVAL,35,17.404,1,17.404,1,1
O-L-M-A4-s0,HALFTONE_H,35,9.4017,1,6.3351,1,0.97143
O-L-M-A4-s0,HALFTONE_M,35,12.549,1,10.356,1,1
O-L-M-A4-s0,HALFTONE_L,35,14.883,1,13.564,1,1
O-L-M-A4-s0,DITHER_M,35,12.549,1,10.356,1,1
O-L-M-A4-s0,HIGH_CONTRAST,35,6.358,1,2.983,0.97143,0.85714
O-L-M-A4-s0,ECO_COLOUR,35,17.404,1,17.404,1,1
O-L-M-A4-s0,SUPER_ECO_BW,35,21,1,21,1,1
O-L-M-A4-s0,INT_BG+TINT_FILL_55,35,9.4017,1,6.3351,1,0.97143
O-L-M-A4-s0,INT_REMOVE_ALL,35,17.404,1,17.404,1,1
O-L-M-A4-s0,INT_OUTLINE+BW,35,21,1,21,1,1
O-L-M-A4-s0,INT_GRAY+BG,35,4.7803,1,1.7869,0.88571,0.82857
O-L-M-A4-s0,INT_OUTLINE+HALFTONE_M,35,17.404,1,17.404,1,1
O-L-M-A4-s0,COPY_SAFE_ECO,35,21,1,21,1,1
O-L-M-A4-s0,COMBINED_REMOVE+TINT_75,35,7.6923,1,7.6923,1,1
O-L-M-A4-s0,COMBINED_ECO+STRUCT_75,35,7.6923,1,7.6923,1,1
O-L-S-A4-s0,STANDARD,35,5.2693,1,2.4722,0.94286,0.85714
O-L-S-A4-s0,OPACITY_GROUP_90,35,4.5159,1,2.2317,0.88571,0.82857
O-L-S-A4-s0,OPACITY_GROUP_75,35,3.2339,1,1.8161,0.82857,0.8
O-L-S-A4-s0,OPACITY_GROUP_60,35,2.3007,0.92308,1.4855,0.8,0
O-L-S-A4-s0,OPACITY_GROUP_45,35,1.7476,0,1.2809,0,0
O-L-S-A4-s0,OPACITY_ELEM_60,35,3.5322,1,2.9059,0.8,0
O-L-S-A4-s0,OPACITY_FILL_60,35,8.8154,1,5.692,1,0.97143
O-L-S-A4-s0,OPACITY_STROKE_60,35,2.7858,0.92308,2.4722,0.94286,0.85714
O-L-S-A4-s0,OPACITY_TEXT_60,35,5.2693,1,1.8769,0.8,0
O-L-S-A4-s0,TINT_75,35,3.2339,1,1.8161,0.82857,0.8
O-L-S-A4-s0,TINT_55,35,2.1044,0.92308,1.418,0,0
O-L-S-A4-s0,TINT_30,35,1.3993,0,1.1549,0,0
O-L-S-A4-s0,TINT_FILL_55,35,9.4017,1,6.3351,1,0.97143
O-L-S-A4-s0,TINT_FILL_30,35,12.549,1,10.356,1,1
O-L-S-A4-s0,TINT_FILL_15,35,14.883,1,13.564,1,1
O-L-S-A4-s0,GRAYSCALE,35,4.7803,1,1.7869,0.88571,0.82857
O-L-S-A4-s0,BW_THRESHOLD,,,,,,
O-L-S-A4-s0,BW_SEMANTIC,35,21,1,1,0.88571,0.88571
O-L-S-A4-s0,OUTLINE_ONLY,35,17.404,1,17.404,1,1
O-L-S-A4-s0,OUTLINE_NAIVE,35,17.404,1,17.404,1,1
O-L-S-A4-s0,BG_REMOVAL,35,5.2693,1,2.4722,0.94286,0.85714
O-L-S-A4-s0,DECOR_REMOVAL,35,17.404,1,17.404,1,1
O-L-S-A4-s0,HALFTONE_H,35,9.4017,1,6.3351,1,0.97143
O-L-S-A4-s0,HALFTONE_M,35,12.549,1,10.356,1,1
O-L-S-A4-s0,HALFTONE_L,35,14.883,1,13.564,1,1
O-L-S-A4-s0,DITHER_M,35,12.549,1,10.356,1,1
O-L-S-A4-s0,HIGH_CONTRAST,35,6.358,1,2.983,0.97143,0.85714
O-L-S-A4-s0,ECO_COLOUR,35,17.404,1,17.404,1,1
O-L-S-A4-s0,SUPER_ECO_BW,35,21,1,21,1,1
O-L-S-A4-s0,INT_BG+TINT_FILL_55,35,9.4017,1,6.3351,1,0.97143
O-L-S-A4-s0,INT_REMOVE_ALL,35,17.404,1,17.404,1,1
O-L-S-A4-s0,INT_OUTLINE+BW,35,21,1,21,1,1
O-L-S-A4-s0,INT_GRAY+BG,35,4.7803,1,1.7869,0.88571,0.82857
O-L-S-A4-s0,INT_OUTLINE+HALFTONE_M,35,17.404,1,17.404,1,1
O-L-S-A4-s0,COPY_SAFE_ECO,35,21,1,21,1,1
O-L-S-A4-s0,COMBINED_REMOVE+TINT_75,35,7.6923,1,7.6923,1,1
O-L-S-A4-s0,COMBINED_ECO+STRUCT_75,35,7.6923,1,7.6923,1,1
O-M-L-A4-s0,STANDARD,42,5.2693,1,2.4722,0.95238,0.88095
O-M-L-A4-s0,OPACITY_GROUP_90,42,4.5159,1,2.2317,0.90476,0.85714
O-M-L-A4-s0,OPACITY_GROUP_75,42,3.2339,1,1.8161,0.85714,0.83333
O-M-L-A4-s0,OPACITY_GROUP_60,42,2.3007,0.92857,1.4855,0.83333,0
O-M-L-A4-s0,OPACITY_GROUP_45,42,1.7476,0,1.2809,0,0
O-M-L-A4-s0,OPACITY_ELEM_60,42,3.5322,1,2.9059,0.83333,0
O-M-L-A4-s0,OPACITY_FILL_60,42,8.8154,1,5.692,1,0.97619
O-M-L-A4-s0,OPACITY_STROKE_60,42,2.7858,0.92857,2.4722,0.95238,0.88095
O-M-L-A4-s0,OPACITY_TEXT_60,42,5.2693,1,1.8769,0.83333,0
O-M-L-A4-s0,TINT_75,42,3.2339,1,1.8161,0.85714,0.83333
O-M-L-A4-s0,TINT_55,42,2.1044,0.92857,1.418,0,0
O-M-L-A4-s0,TINT_30,42,1.3993,0,1.1549,0,0
O-M-L-A4-s0,TINT_FILL_55,42,9.4017,1,6.3351,1,0.97619
O-M-L-A4-s0,TINT_FILL_30,42,12.549,1,10.356,1,1
O-M-L-A4-s0,TINT_FILL_15,42,14.883,1,13.564,1,1
O-M-L-A4-s0,GRAYSCALE,42,4.7803,1,1.7869,0.90476,0.85714
O-M-L-A4-s0,BW_THRESHOLD,,,,,,
O-M-L-A4-s0,BW_SEMANTIC,42,21,1,1,0.90476,0.90476
O-M-L-A4-s0,OUTLINE_ONLY,42,17.404,1,17.404,1,1
O-M-L-A4-s0,OUTLINE_NAIVE,42,17.404,1,17.404,1,1
O-M-L-A4-s0,BG_REMOVAL,42,5.2693,1,2.4722,0.95238,0.88095
O-M-L-A4-s0,DECOR_REMOVAL,42,17.404,1,17.404,1,1
O-M-L-A4-s0,HALFTONE_H,42,9.4017,1,6.3351,1,0.97619
O-M-L-A4-s0,HALFTONE_M,42,12.549,1,10.356,1,1
O-M-L-A4-s0,HALFTONE_L,42,14.883,1,13.564,1,1
O-M-L-A4-s0,DITHER_M,42,12.549,1,10.356,1,1
O-M-L-A4-s0,HIGH_CONTRAST,42,6.358,1,2.983,0.97619,0.88095
O-M-L-A4-s0,ECO_COLOUR,42,17.404,1,17.404,1,1
O-M-L-A4-s0,SUPER_ECO_BW,42,21,1,21,1,1
O-M-L-A4-s0,INT_BG+TINT_FILL_55,42,9.4017,1,6.3351,1,0.97619
O-M-L-A4-s0,INT_REMOVE_ALL,42,17.404,1,17.404,1,1
O-M-L-A4-s0,INT_OUTLINE+BW,42,21,1,21,1,1
O-M-L-A4-s0,INT_GRAY+BG,42,4.7803,1,1.7869,0.90476,0.85714
O-M-L-A4-s0,INT_OUTLINE+HALFTONE_M,42,17.404,1,17.404,1,1
O-M-L-A4-s0,COPY_SAFE_ECO,42,21,1,21,1,1
O-M-L-A4-s0,COMBINED_REMOVE+TINT_75,42,7.6923,1,7.6923,1,1
O-M-L-A4-s0,COMBINED_ECO+STRUCT_75,42,7.6923,1,7.6923,1,1
O-M-M-A4-s0,STANDARD,42,5.2693,1,2.4722,0.95238,0.88095
O-M-M-A4-s0,OPACITY_GROUP_90,42,4.5159,1,2.2317,0.90476,0.85714
O-M-M-A4-s0,OPACITY_GROUP_75,42,3.2339,1,1.8161,0.85714,0.83333
O-M-M-A4-s0,OPACITY_GROUP_60,42,2.3007,0.92857,1.4855,0.83333,0
O-M-M-A4-s0,OPACITY_GROUP_45,42,1.7476,0,1.2809,0,0
O-M-M-A4-s0,OPACITY_ELEM_60,42,3.5322,1,2.9059,0.83333,0
O-M-M-A4-s0,OPACITY_FILL_60,42,8.8154,1,5.692,1,0.97619
O-M-M-A4-s0,OPACITY_STROKE_60,42,2.7858,0.92857,2.4722,0.95238,0.88095
O-M-M-A4-s0,OPACITY_TEXT_60,42,5.2693,1,1.8769,0.83333,0
O-M-M-A4-s0,TINT_75,42,3.2339,1,1.8161,0.85714,0.83333
O-M-M-A4-s0,TINT_55,42,2.1044,0.92857,1.418,0,0
O-M-M-A4-s0,TINT_30,42,1.3993,0,1.1549,0,0
O-M-M-A4-s0,TINT_FILL_55,42,9.4017,1,6.3351,1,0.97619
O-M-M-A4-s0,TINT_FILL_30,42,12.549,1,10.356,1,1
O-M-M-A4-s0,TINT_FILL_15,42,14.883,1,13.564,1,1
O-M-M-A4-s0,GRAYSCALE,42,4.7803,1,1.7869,0.90476,0.85714
O-M-M-A4-s0,BW_THRESHOLD,,,,,,
O-M-M-A4-s0,BW_SEMANTIC,42,21,1,1,0.90476,0.90476
O-M-M-A4-s0,OUTLINE_ONLY,42,17.404,1,17.404,1,1
O-M-M-A4-s0,OUTLINE_NAIVE,42,17.404,1,17.404,1,1
O-M-M-A4-s0,BG_REMOVAL,42,5.2693,1,2.4722,0.95238,0.88095
O-M-M-A4-s0,DECOR_REMOVAL,42,17.404,1,17.404,1,1
O-M-M-A4-s0,HALFTONE_H,42,9.4017,1,6.3351,1,0.97619
O-M-M-A4-s0,HALFTONE_M,42,12.549,1,10.356,1,1
O-M-M-A4-s0,HALFTONE_L,42,14.883,1,13.564,1,1
O-M-M-A4-s0,DITHER_M,42,12.549,1,10.356,1,1
O-M-M-A4-s0,HIGH_CONTRAST,42,6.358,1,2.983,0.97619,0.88095
O-M-M-A4-s0,ECO_COLOUR,42,17.404,1,17.404,1,1
O-M-M-A4-s0,SUPER_ECO_BW,42,21,1,21,1,1
O-M-M-A4-s0,INT_BG+TINT_FILL_55,42,9.4017,1,6.3351,1,0.97619
O-M-M-A4-s0,INT_REMOVE_ALL,42,17.404,1,17.404,1,1
O-M-M-A4-s0,INT_OUTLINE+BW,42,21,1,21,1,1
O-M-M-A4-s0,INT_GRAY+BG,42,4.7803,1,1.7869,0.90476,0.85714
O-M-M-A4-s0,INT_OUTLINE+HALFTONE_M,42,17.404,1,17.404,1,1
O-M-M-A4-s0,COPY_SAFE_ECO,42,21,1,21,1,1
O-M-M-A4-s0,COMBINED_REMOVE+TINT_75,42,7.6923,1,7.6923,1,1
O-M-M-A4-s0,COMBINED_ECO+STRUCT_75,42,7.6923,1,7.6923,1,1
O-M-S-A4-s0,STANDARD,42,5.2693,1,2.4722,0.95238,0.88095
O-M-S-A4-s0,OPACITY_GROUP_90,42,4.5159,1,2.2317,0.90476,0.85714
O-M-S-A4-s0,OPACITY_GROUP_75,42,3.2339,1,1.8161,0.85714,0.83333
O-M-S-A4-s0,OPACITY_GROUP_60,42,2.3007,0.92857,1.4855,0.83333,0
O-M-S-A4-s0,OPACITY_GROUP_45,42,1.7476,0,1.2809,0,0
O-M-S-A4-s0,OPACITY_ELEM_60,42,3.5322,1,2.9059,0.83333,0
O-M-S-A4-s0,OPACITY_FILL_60,42,8.8154,1,5.692,1,0.97619
O-M-S-A4-s0,OPACITY_STROKE_60,42,2.7858,0.92857,2.4722,0.95238,0.88095
O-M-S-A4-s0,OPACITY_TEXT_60,42,5.2693,1,1.8769,0.83333,0
O-M-S-A4-s0,TINT_75,42,3.2339,1,1.8161,0.85714,0.83333
O-M-S-A4-s0,TINT_55,42,2.1044,0.92857,1.418,0,0
O-M-S-A4-s0,TINT_30,42,1.3993,0,1.1549,0,0
O-M-S-A4-s0,TINT_FILL_55,42,9.4017,1,6.3351,1,0.97619
O-M-S-A4-s0,TINT_FILL_30,42,12.549,1,10.356,1,1
O-M-S-A4-s0,TINT_FILL_15,42,14.883,1,13.564,1,1
O-M-S-A4-s0,GRAYSCALE,42,4.7803,1,1.7869,0.90476,0.85714
O-M-S-A4-s0,BW_THRESHOLD,,,,,,
O-M-S-A4-s0,BW_SEMANTIC,42,21,1,1,0.90476,0.90476
O-M-S-A4-s0,OUTLINE_ONLY,42,17.404,1,17.404,1,1
O-M-S-A4-s0,OUTLINE_NAIVE,42,17.404,1,17.404,1,1
O-M-S-A4-s0,BG_REMOVAL,42,5.2693,1,2.4722,0.95238,0.88095
O-M-S-A4-s0,DECOR_REMOVAL,42,17.404,1,17.404,1,1
O-M-S-A4-s0,HALFTONE_H,42,9.4017,1,6.3351,1,0.97619
O-M-S-A4-s0,HALFTONE_M,42,12.549,1,10.356,1,1
O-M-S-A4-s0,HALFTONE_L,42,14.883,1,13.564,1,1
O-M-S-A4-s0,DITHER_M,42,12.549,1,10.356,1,1
O-M-S-A4-s0,HIGH_CONTRAST,42,6.358,1,2.983,0.97619,0.88095
O-M-S-A4-s0,ECO_COLOUR,42,17.404,1,17.404,1,1
O-M-S-A4-s0,SUPER_ECO_BW,42,21,1,21,1,1
O-M-S-A4-s0,INT_BG+TINT_FILL_55,42,9.4017,1,6.3351,1,0.97619
O-M-S-A4-s0,INT_REMOVE_ALL,42,17.404,1,17.404,1,1
O-M-S-A4-s0,INT_OUTLINE+BW,42,21,1,21,1,1
O-M-S-A4-s0,INT_GRAY+BG,42,4.7803,1,1.7869,0.90476,0.85714
O-M-S-A4-s0,INT_OUTLINE+HALFTONE_M,42,17.404,1,17.404,1,1
O-M-S-A4-s0,COPY_SAFE_ECO,42,21,1,21,1,1
O-M-S-A4-s0,COMBINED_REMOVE+TINT_75,42,7.6923,1,7.6923,1,1
O-M-S-A4-s0,COMBINED_ECO+STRUCT_75,42,7.6923,1,7.6923,1,1
P-H-L-A4-s0,STANDARD,5,2.4722,0.8,17.404,1,1
P-H-L-A4-s0,OPACITY_GROUP_90,5,2.2317,0.8,13.009,1,1
P-H-L-A4-s0,OPACITY_GROUP_75,5,1.8161,0.4,7.6923,1,1
P-H-L-A4-s0,OPACITY_GROUP_60,5,1.4855,0,4.5422,1,0
P-H-L-A4-s0,OPACITY_GROUP_45,5,1.2809,0,2.8847,0,0
P-H-L-A4-s0,OPACITY_ELEM_60,5,2.9059,0.8,4.5422,1,0
P-H-L-A4-s0,OPACITY_FILL_60,5,5.692,1,17.404,1,1
P-H-L-A4-s0,OPACITY_STROKE_60,5,1.8769,0.2,17.404,1,1
P-H-L-A4-s0,OPACITY_TEXT_60,5,2.4722,0.8,4.5422,1,0
P-H-L-A4-s0,TINT_75,5,1.8161,0.4,7.6923,1,1
P-H-L-A4-s0,TINT_55,5,1.418,0,3.8957,0,0
P-H-L-A4-s0,TINT_30,5,1.1549,0,1.9408,0,0
P-H-L-A4-s0,TINT_FILL_55,5,6.3351,1,17.404,1,1
P-H-L-A4-s0,TINT_FILL_30,5,10.356,1,17.404,1,1
P-H-L-A4-s0,TINT_FILL_15,5,13.564,1,17.404,1,1
P-H-L-A4-s0,GRAYSCALE,5,1.7869,0.6,17.404,1,1
P-H-L-A4-s0,BW_THRESHOLD,,,,,,
P-H-L-A4-s0,BW_SEMANTIC,5,1,0.4,21,1,1
P-H-L-A4-s0,OUTLINE_ONLY,5,2.4722,0.8,17.404,1,1
P-H-L-A4-s0,OUTLINE_NAIVE,5,2.4722,0.8,17.404,1,1
P-H-L-A4-s0,BG_REMOVAL,5,2.4722,0.8,17.404,1,1
P-H-L-A4-s0,DECOR_REMOVAL,5,2.4722,0.8,17.404,1,1
P-H-L-A4-s0,HALFTONE_H,5,6.3351,1,17.404,1,1
P-H-L-A4-s0,HALFTONE_M,5,10.356,1,17.404,1,1
P-H-L-A4-s0,HALFTONE_L,5,13.564,1,17.404,1,1
P-H-L-A4-s0,DITHER_M,5,10.356,1,17.404,1,1
P-H-L-A4-s0,HIGH_CONTRAST,5,2.983,0.8,21,1,1
P-H-L-A4-s0,ECO_COLOUR,5,6.3351,1,17.404,1,1
P-H-L-A4-s0,SUPER_ECO_BW,5,1,0.4,21,1,1
P-H-L-A4-s0,INT_BG+TINT_FILL_55,5,6.3351,1,17.404,1,1
P-H-L-A4-s0,INT_REMOVE_ALL,5,2.4722,0.8,17.404,1,1
P-H-L-A4-s0,INT_OUTLINE+BW,5,1,0.4,21,1,1
P-H-L-A4-s0,INT_GRAY+BG,5,1.7869,0.6,17.404,1,1
P-H-L-A4-s0,INT_OUTLINE+HALFTONE_M,5,10.356,1,17.404,1,1
P-H-L-A4-s0,COPY_SAFE_ECO,5,2.983,0.8,21,1,1
P-H-L-A4-s0,COMBINED_REMOVE+TINT_75,5,1.8161,0.4,7.6923,1,1
P-H-L-A4-s0,COMBINED_ECO+STRUCT_75,5,2.8,0.8,7.6923,1,1
P-H-M-A4-s0,STANDARD,5,2.4722,0.8,17.404,1,1
P-H-M-A4-s0,OPACITY_GROUP_90,5,2.2317,0.8,13.009,1,1
P-H-M-A4-s0,OPACITY_GROUP_75,5,1.8161,0.4,7.6923,1,1
P-H-M-A4-s0,OPACITY_GROUP_60,5,1.4855,0,4.5422,1,0
P-H-M-A4-s0,OPACITY_GROUP_45,5,1.2809,0,2.8847,0,0
P-H-M-A4-s0,OPACITY_ELEM_60,5,2.9059,0.8,4.5422,1,0
P-H-M-A4-s0,OPACITY_FILL_60,5,5.692,1,17.404,1,1
P-H-M-A4-s0,OPACITY_STROKE_60,5,1.8769,0.2,17.404,1,1
P-H-M-A4-s0,OPACITY_TEXT_60,5,2.4722,0.8,4.5422,1,0
P-H-M-A4-s0,TINT_75,5,1.8161,0.4,7.6923,1,1
P-H-M-A4-s0,TINT_55,5,1.418,0,3.8957,0,0
P-H-M-A4-s0,TINT_30,5,1.1549,0,1.9408,0,0
P-H-M-A4-s0,TINT_FILL_55,5,6.3351,1,17.404,1,1
P-H-M-A4-s0,TINT_FILL_30,5,10.356,1,17.404,1,1
P-H-M-A4-s0,TINT_FILL_15,5,13.564,1,17.404,1,1
P-H-M-A4-s0,GRAYSCALE,5,1.7869,0.6,17.404,1,1
P-H-M-A4-s0,BW_THRESHOLD,,,,,,
P-H-M-A4-s0,BW_SEMANTIC,5,1,0.4,21,1,1
P-H-M-A4-s0,OUTLINE_ONLY,5,2.4722,0.8,17.404,1,1
P-H-M-A4-s0,OUTLINE_NAIVE,5,2.4722,0.8,17.404,1,1
P-H-M-A4-s0,BG_REMOVAL,5,2.4722,0.8,17.404,1,1
P-H-M-A4-s0,DECOR_REMOVAL,5,2.4722,0.8,17.404,1,1
P-H-M-A4-s0,HALFTONE_H,5,6.3351,1,17.404,1,1
P-H-M-A4-s0,HALFTONE_M,5,10.356,1,17.404,1,1
P-H-M-A4-s0,HALFTONE_L,5,13.564,1,17.404,1,1
P-H-M-A4-s0,DITHER_M,5,10.356,1,17.404,1,1
P-H-M-A4-s0,HIGH_CONTRAST,5,2.983,0.8,21,1,1
P-H-M-A4-s0,ECO_COLOUR,5,6.3351,1,17.404,1,1
P-H-M-A4-s0,SUPER_ECO_BW,5,1,0.4,21,1,1
P-H-M-A4-s0,INT_BG+TINT_FILL_55,5,6.3351,1,17.404,1,1
P-H-M-A4-s0,INT_REMOVE_ALL,5,2.4722,0.8,17.404,1,1
P-H-M-A4-s0,INT_OUTLINE+BW,5,1,0.4,21,1,1
P-H-M-A4-s0,INT_GRAY+BG,5,1.7869,0.6,17.404,1,1
P-H-M-A4-s0,INT_OUTLINE+HALFTONE_M,5,10.356,1,17.404,1,1
P-H-M-A4-s0,COPY_SAFE_ECO,5,2.983,0.8,21,1,1
P-H-M-A4-s0,COMBINED_REMOVE+TINT_75,5,1.8161,0.4,7.6923,1,1
P-H-M-A4-s0,COMBINED_ECO+STRUCT_75,5,2.8,0.8,7.6923,1,1
P-H-S-A4-s0,STANDARD,5,17.404,1,17.404,1,1
P-H-S-A4-s0,OPACITY_GROUP_90,5,13.009,1,13.009,1,1
P-H-S-A4-s0,OPACITY_GROUP_75,5,7.6923,1,7.6923,1,1
P-H-S-A4-s0,OPACITY_GROUP_60,5,4.5422,1,4.5422,1,0
P-H-S-A4-s0,OPACITY_GROUP_45,5,2.8847,0,2.8847,0,0
P-H-S-A4-s0,OPACITY_ELEM_60,5,4.5422,1,4.5422,1,0
P-H-S-A4-s0,OPACITY_FILL_60,5,17.404,1,17.404,1,1
P-H-S-A4-s0,OPACITY_STROKE_60,5,4.5422,1,17.404,1,1
P-H-S-A4-s0,OPACITY_TEXT_60,5,17.404,1,4.5422,1,0
P-H-S-A4-s0,TINT_75,5,7.6923,1,7.6923,1,1
P-H-S-A4-s0,TINT_55,5,3.8957,1,3.8957,0,0
P-H-S-A4-s0,TINT_30,5,1.9408,0,1.9408,0,0
P-H-S-A4-s0,TINT_FILL_55,5,17.404,1,17.404,1,1
P-H-S-A4-s0,TINT_FILL_30,5,17.404,1,17.404,1,1
P-H-S-A4-s0,TINT_FILL_15,5,17.404,1,17.404,1,1
P-H-S-A4-s0,GRAYSCALE,5,17.404,1,17.404,1,1
P-H-S-A4-s0,BW_THRESHOLD,,,,,,
P-H-S-A4-s0,BW_SEMANTIC,5,21,1,21,1,1
P-H-S-A4-s0,OUTLINE_ONLY,5,17.404,1,17.404,1,1
P-H-S-A4-s0,OUTLINE_NAIVE,5,17.404,1,17.404,1,1
P-H-S-A4-s0,BG_REMOVAL,5,17.404,1,17.404,1,1
P-H-S-A4-s0,DECOR_REMOVAL,5,17.404,1,17.404,1,1
P-H-S-A4-s0,HALFTONE_H,5,17.404,1,17.404,1,1
P-H-S-A4-s0,HALFTONE_M,5,17.404,1,17.404,1,1
P-H-S-A4-s0,HALFTONE_L,5,17.404,1,17.404,1,1
P-H-S-A4-s0,DITHER_M,5,17.404,1,17.404,1,1
P-H-S-A4-s0,HIGH_CONTRAST,5,21,1,21,1,1
P-H-S-A4-s0,ECO_COLOUR,5,17.404,1,17.404,1,1
P-H-S-A4-s0,SUPER_ECO_BW,5,21,1,21,1,1
P-H-S-A4-s0,INT_BG+TINT_FILL_55,5,17.404,1,17.404,1,1
P-H-S-A4-s0,INT_REMOVE_ALL,5,17.404,1,17.404,1,1
P-H-S-A4-s0,INT_OUTLINE+BW,5,21,1,21,1,1
P-H-S-A4-s0,INT_GRAY+BG,5,17.404,1,17.404,1,1
P-H-S-A4-s0,INT_OUTLINE+HALFTONE_M,5,17.404,1,17.404,1,1
P-H-S-A4-s0,COPY_SAFE_ECO,5,21,1,21,1,1
P-H-S-A4-s0,COMBINED_REMOVE+TINT_75,5,7.6923,1,7.6923,1,1
P-H-S-A4-s0,COMBINED_ECO+STRUCT_75,5,7.6923,1,7.6923,1,1
P-L-L-A4-s0,STANDARD,3,4.1176,1,17.404,1,1
P-L-L-A4-s0,OPACITY_GROUP_90,3,3.4622,1,13.009,1,1
P-L-L-A4-s0,OPACITY_GROUP_75,3,2.5011,0.33333,7.6923,1,1
P-L-L-A4-s0,OPACITY_GROUP_60,3,1.8463,0,4.5422,1,0
P-L-L-A4-s0,OPACITY_GROUP_45,3,1.4838,0,2.8847,0,0
P-L-L-A4-s0,OPACITY_ELEM_60,3,3.2359,1,4.5422,1,0
P-L-L-A4-s0,OPACITY_FILL_60,3,7.0745,1,17.404,1,1
P-L-L-A4-s0,OPACITY_STROKE_60,3,2.5754,0,17.404,1,1
P-L-L-A4-s0,OPACITY_TEXT_60,3,4.1176,1,4.5422,1,0
P-L-L-A4-s0,TINT_75,3,2.5011,0.33333,7.6923,1,1
P-L-L-A4-s0,TINT_55,3,1.7168,0,3.8957,0,0
P-L-L-A4-s0,TINT_30,3,1.2596,0,1.9408,0,0
P-L-L-A4-s0,TINT_FILL_55,3,7.6699,1,17.404,1,1
P-L-L-A4-s0,TINT_FILL_30,3,11.296,1,17.404,1,1
P-L-L-A4-s0,TINT_FILL_15,3,14.055,1,17.404,1,1
P-L-L-A4-s0,GRAYSCALE,3,2.6432,0.66667,17.404,1,1
P-L-L-A4-s0,BW_THRESHOLD,,,,,,
P-L-L-A4-s0,BW_SEMANTIC,3,1,0.33333,21,1,1
P-L-L-A4-s0,OUTLINE_ONLY,3,4.1176,1,17.404,1,1
P-L-L-A4-s0,OUTLINE_NAIVE,3,4.1176,1,17.404,1,1
P-L-L-A4-s0,BG_REMOVAL,3,4.1176,1,17.404,1,1
P-L-L-A4-s0,DECOR_REMOVAL,3,4.1176,1,17.404,1,1
P-L-L-A4-s0,HALFTONE_H,3,7.6699,1,17.404,1,1
P-L-L-A4-s0,HALFTONE_M,3,11.296,1,17.404,1,1
P-L-L-A4-s0,HALFTONE_L,3,14.055,1,17.404,1,1
P-L-L-A4-s0,DITHER_M,3,11.296,1,17.404,1,1
P-L-L-A4-s0,HIGH_CONTRAST,3,4.9683,1,21,1,1
P-L-L-A4-s0,ECO_COLOUR,3,7.6699,1,17.404,1,1
P-L-L-A4-s0,SUPER_ECO_BW,3,1,0.33333,21,1,1
P-L-L-A4-s0,INT_BG+TINT_FILL_55,3,7.6699,1,17.404,1,1
P-L-L-A4-s0,INT_REMOVE_ALL,3,4.1176,1,17.404,1,1
P-L-L-A4-s0,INT_OUTLINE+BW,3,1,0.33333,21,1,1
P-L-L-A4-s0,INT_GRAY+BG,3,2.6432,0.66667,17.404,1,1
P-L-L-A4-s0,INT_OUTLINE+HALFTONE_M,3,11.296,1,17.404,1,1
P-L-L-A4-s0,COPY_SAFE_ECO,3,4.9683,1,21,1,1
P-L-L-A4-s0,COMBINED_REMOVE+TINT_75,3,2.5011,0.33333,7.6923,1,1
P-L-L-A4-s0,COMBINED_ECO+STRUCT_75,3,3.3899,1,7.6923,1,1
P-L-M-A4-s0,STANDARD,3,4.1176,1,17.404,1,1
P-L-M-A4-s0,OPACITY_GROUP_90,3,3.4622,1,13.009,1,1
P-L-M-A4-s0,OPACITY_GROUP_75,3,2.5011,0.33333,7.6923,1,1
P-L-M-A4-s0,OPACITY_GROUP_60,3,1.8463,0,4.5422,1,0
P-L-M-A4-s0,OPACITY_GROUP_45,3,1.4838,0,2.8847,0,0
P-L-M-A4-s0,OPACITY_ELEM_60,3,3.2359,1,4.5422,1,0
P-L-M-A4-s0,OPACITY_FILL_60,3,7.0745,1,17.404,1,1
P-L-M-A4-s0,OPACITY_STROKE_60,3,2.5754,0,17.404,1,1
P-L-M-A4-s0,OPACITY_TEXT_60,3,4.1176,1,4.5422,1,0
P-L-M-A4-s0,TINT_75,3,2.5011,0.33333,7.6923,1,1
P-L-M-A4-s0,TINT_55,3,1.7168,0,3.8957,0,0
P-L-M-A4-s0,TINT_30,3,1.2596,0,1.9408,0,0
P-L-M-A4-s0,TINT_FILL_55,3,7.6699,1,17.404,1,1
P-L-M-A4-s0,TINT_FILL_30,3,11.296,1,17.404,1,1
P-L-M-A4-s0,TINT_FILL_15,3,14.055,1,17.404,1,1
P-L-M-A4-s0,GRAYSCALE,3,2.6432,0.66667,17.404,1,1
P-L-M-A4-s0,BW_THRESHOLD,,,,,,
P-L-M-A4-s0,BW_SEMANTIC,3,1,0.33333,21,1,1
P-L-M-A4-s0,OUTLINE_ONLY,3,4.1176,1,17.404,1,1
P-L-M-A4-s0,OUTLINE_NAIVE,3,4.1176,1,17.404,1,1
P-L-M-A4-s0,BG_REMOVAL,3,4.1176,1,17.404,1,1
P-L-M-A4-s0,DECOR_REMOVAL,3,4.1176,1,17.404,1,1
P-L-M-A4-s0,HALFTONE_H,3,7.6699,1,17.404,1,1
P-L-M-A4-s0,HALFTONE_M,3,11.296,1,17.404,1,1
P-L-M-A4-s0,HALFTONE_L,3,14.055,1,17.404,1,1
P-L-M-A4-s0,DITHER_M,3,11.296,1,17.404,1,1
P-L-M-A4-s0,HIGH_CONTRAST,3,4.9683,1,21,1,1
P-L-M-A4-s0,ECO_COLOUR,3,7.6699,1,17.404,1,1
P-L-M-A4-s0,SUPER_ECO_BW,3,1,0.33333,21,1,1
P-L-M-A4-s0,INT_BG+TINT_FILL_55,3,7.6699,1,17.404,1,1
P-L-M-A4-s0,INT_REMOVE_ALL,3,4.1176,1,17.404,1,1
P-L-M-A4-s0,INT_OUTLINE+BW,3,1,0.33333,21,1,1
P-L-M-A4-s0,INT_GRAY+BG,3,2.6432,0.66667,17.404,1,1
P-L-M-A4-s0,INT_OUTLINE+HALFTONE_M,3,11.296,1,17.404,1,1
P-L-M-A4-s0,COPY_SAFE_ECO,3,4.9683,1,21,1,1
P-L-M-A4-s0,COMBINED_REMOVE+TINT_75,3,2.5011,0.33333,7.6923,1,1
P-L-M-A4-s0,COMBINED_ECO+STRUCT_75,3,3.3899,1,7.6923,1,1
P-L-S-A4-s0,STANDARD,3,17.404,1,17.404,1,1
P-L-S-A4-s0,OPACITY_GROUP_90,3,13.009,1,13.009,1,1
P-L-S-A4-s0,OPACITY_GROUP_75,3,7.6923,1,7.6923,1,1
P-L-S-A4-s0,OPACITY_GROUP_60,3,4.5422,1,4.5422,1,0
P-L-S-A4-s0,OPACITY_GROUP_45,3,2.8847,0,2.8847,0,0
P-L-S-A4-s0,OPACITY_ELEM_60,3,4.5422,1,4.5422,1,0
P-L-S-A4-s0,OPACITY_FILL_60,3,17.404,1,17.404,1,1
P-L-S-A4-s0,OPACITY_STROKE_60,3,4.5422,1,17.404,1,1
P-L-S-A4-s0,OPACITY_TEXT_60,3,17.404,1,4.5422,1,0
P-L-S-A4-s0,TINT_75,3,7.6923,1,7.6923,1,1
P-L-S-A4-s0,TINT_55,3,3.8957,1,3.8957,0,0
P-L-S-A4-s0,TINT_30,3,1.9408,0,1.9408,0,0
P-L-S-A4-s0,TINT_FILL_55,3,17.404,1,17.404,1,1
P-L-S-A4-s0,TINT_FILL_30,3,17.404,1,17.404,1,1
P-L-S-A4-s0,TINT_FILL_15,3,17.404,1,17.404,1,1
P-L-S-A4-s0,GRAYSCALE,3,17.404,1,17.404,1,1
P-L-S-A4-s0,BW_THRESHOLD,,,,,,
P-L-S-A4-s0,BW_SEMANTIC,3,21,1,21,1,1
P-L-S-A4-s0,OUTLINE_ONLY,3,17.404,1,17.404,1,1
P-L-S-A4-s0,OUTLINE_NAIVE,3,17.404,1,17.404,1,1
P-L-S-A4-s0,BG_REMOVAL,3,17.404,1,17.404,1,1
P-L-S-A4-s0,DECOR_REMOVAL,3,17.404,1,17.404,1,1
P-L-S-A4-s0,HALFTONE_H,3,17.404,1,17.404,1,1
P-L-S-A4-s0,HALFTONE_M,3,17.404,1,17.404,1,1
P-L-S-A4-s0,HALFTONE_L,3,17.404,1,17.404,1,1
P-L-S-A4-s0,DITHER_M,3,17.404,1,17.404,1,1
P-L-S-A4-s0,HIGH_CONTRAST,3,21,1,21,1,1
P-L-S-A4-s0,ECO_COLOUR,3,17.404,1,17.404,1,1
P-L-S-A4-s0,SUPER_ECO_BW,3,21,1,21,1,1
P-L-S-A4-s0,INT_BG+TINT_FILL_55,3,17.404,1,17.404,1,1
P-L-S-A4-s0,INT_REMOVE_ALL,3,17.404,1,17.404,1,1
P-L-S-A4-s0,INT_OUTLINE+BW,3,21,1,21,1,1
P-L-S-A4-s0,INT_GRAY+BG,3,17.404,1,17.404,1,1
P-L-S-A4-s0,INT_OUTLINE+HALFTONE_M,3,17.404,1,17.404,1,1
P-L-S-A4-s0,COPY_SAFE_ECO,3,21,1,21,1,1
P-L-S-A4-s0,COMBINED_REMOVE+TINT_75,3,7.6923,1,7.6923,1,1
P-L-S-A4-s0,COMBINED_ECO+STRUCT_75,3,7.6923,1,7.6923,1,1
P-M-L-A4-s0,STANDARD,4,4.1176,1,17.404,1,1
P-M-L-A4-s0,OPACITY_GROUP_90,4,3.4622,1,13.009,1,1
P-M-L-A4-s0,OPACITY_GROUP_75,4,2.5011,0.5,7.6923,1,1
P-M-L-A4-s0,OPACITY_GROUP_60,4,1.8463,0,4.5422,1,0
P-M-L-A4-s0,OPACITY_GROUP_45,4,1.4838,0,2.8847,0,0
P-M-L-A4-s0,OPACITY_ELEM_60,4,3.2359,1,4.5422,1,0
P-M-L-A4-s0,OPACITY_FILL_60,4,7.0745,1,17.404,1,1
P-M-L-A4-s0,OPACITY_STROKE_60,4,2.5754,0.25,17.404,1,1
P-M-L-A4-s0,OPACITY_TEXT_60,4,4.1176,1,4.5422,1,0
P-M-L-A4-s0,TINT_75,4,2.5011,0.5,7.6923,1,1
P-M-L-A4-s0,TINT_55,4,1.7168,0,3.8957,0,0
P-M-L-A4-s0,TINT_30,4,1.2596,0,1.9408,0,0
P-M-L-A4-s0,TINT_FILL_55,4,7.6699,1,17.404,1,1
P-M-L-A4-s0,TINT_FILL_30,4,11.296,1,17.404,1,1
P-M-L-A4-s0,TINT_FILL_15,4,14.055,1,17.404,1,1
P-M-L-A4-s0,GRAYSCALE,4,2.6432,0.75,17.404,1,1
P-M-L-A4-s0,BW_THRESHOLD,,,,,,
P-M-L-A4-s0,BW_SEMANTIC,4,1,0.5,21,1,1
P-M-L-A4-s0,OUTLINE_ONLY,4,4.1176,1,17.404,1,1
P-M-L-A4-s0,OUTLINE_NAIVE,4,4.1176,1,17.404,1,1
P-M-L-A4-s0,BG_REMOVAL,4,4.1176,1,17.404,1,1
P-M-L-A4-s0,DECOR_REMOVAL,4,4.1176,1,17.404,1,1
P-M-L-A4-s0,HALFTONE_H,4,7.6699,1,17.404,1,1
P-M-L-A4-s0,HALFTONE_M,4,11.296,1,17.404,1,1
P-M-L-A4-s0,HALFTONE_L,4,14.055,1,17.404,1,1
P-M-L-A4-s0,DITHER_M,4,11.296,1,17.404,1,1
P-M-L-A4-s0,HIGH_CONTRAST,4,4.9683,1,21,1,1
P-M-L-A4-s0,ECO_COLOUR,4,7.6699,1,17.404,1,1
P-M-L-A4-s0,SUPER_ECO_BW,4,1,0.5,21,1,1
P-M-L-A4-s0,INT_BG+TINT_FILL_55,4,7.6699,1,17.404,1,1
P-M-L-A4-s0,INT_REMOVE_ALL,4,4.1176,1,17.404,1,1
P-M-L-A4-s0,INT_OUTLINE+BW,4,1,0.5,21,1,1
P-M-L-A4-s0,INT_GRAY+BG,4,2.6432,0.75,17.404,1,1
P-M-L-A4-s0,INT_OUTLINE+HALFTONE_M,4,11.296,1,17.404,1,1
P-M-L-A4-s0,COPY_SAFE_ECO,4,4.9683,1,21,1,1
P-M-L-A4-s0,COMBINED_REMOVE+TINT_75,4,2.5011,0.5,7.6923,1,1
P-M-L-A4-s0,COMBINED_ECO+STRUCT_75,4,3.3899,1,7.6923,1,1
P-M-M-A4-s0,STANDARD,4,4.1176,1,17.404,1,1
P-M-M-A4-s0,OPACITY_GROUP_90,4,3.4622,1,13.009,1,1
P-M-M-A4-s0,OPACITY_GROUP_75,4,2.5011,0.5,7.6923,1,1
P-M-M-A4-s0,OPACITY_GROUP_60,4,1.8463,0,4.5422,1,0
P-M-M-A4-s0,OPACITY_GROUP_45,4,1.4838,0,2.8847,0,0
P-M-M-A4-s0,OPACITY_ELEM_60,4,3.2359,1,4.5422,1,0
P-M-M-A4-s0,OPACITY_FILL_60,4,7.0745,1,17.404,1,1
P-M-M-A4-s0,OPACITY_STROKE_60,4,2.5754,0.25,17.404,1,1
P-M-M-A4-s0,OPACITY_TEXT_60,4,4.1176,1,4.5422,1,0
P-M-M-A4-s0,TINT_75,4,2.5011,0.5,7.6923,1,1
P-M-M-A4-s0,TINT_55,4,1.7168,0,3.8957,0,0
P-M-M-A4-s0,TINT_30,4,1.2596,0,1.9408,0,0
P-M-M-A4-s0,TINT_FILL_55,4,7.6699,1,17.404,1,1
P-M-M-A4-s0,TINT_FILL_30,4,11.296,1,17.404,1,1
P-M-M-A4-s0,TINT_FILL_15,4,14.055,1,17.404,1,1
P-M-M-A4-s0,GRAYSCALE,4,2.6432,0.75,17.404,1,1
P-M-M-A4-s0,BW_THRESHOLD,,,,,,
P-M-M-A4-s0,BW_SEMANTIC,4,1,0.5,21,1,1
P-M-M-A4-s0,OUTLINE_ONLY,4,4.1176,1,17.404,1,1
P-M-M-A4-s0,OUTLINE_NAIVE,4,4.1176,1,17.404,1,1
P-M-M-A4-s0,BG_REMOVAL,4,4.1176,1,17.404,1,1
P-M-M-A4-s0,DECOR_REMOVAL,4,4.1176,1,17.404,1,1
P-M-M-A4-s0,HALFTONE_H,4,7.6699,1,17.404,1,1
P-M-M-A4-s0,HALFTONE_M,4,11.296,1,17.404,1,1
P-M-M-A4-s0,HALFTONE_L,4,14.055,1,17.404,1,1
P-M-M-A4-s0,DITHER_M,4,11.296,1,17.404,1,1
P-M-M-A4-s0,HIGH_CONTRAST,4,4.9683,1,21,1,1
P-M-M-A4-s0,ECO_COLOUR,4,7.6699,1,17.404,1,1
P-M-M-A4-s0,SUPER_ECO_BW,4,1,0.5,21,1,1
P-M-M-A4-s0,INT_BG+TINT_FILL_55,4,7.6699,1,17.404,1,1
P-M-M-A4-s0,INT_REMOVE_ALL,4,4.1176,1,17.404,1,1
P-M-M-A4-s0,INT_OUTLINE+BW,4,1,0.5,21,1,1
P-M-M-A4-s0,INT_GRAY+BG,4,2.6432,0.75,17.404,1,1
P-M-M-A4-s0,INT_OUTLINE+HALFTONE_M,4,11.296,1,17.404,1,1
P-M-M-A4-s0,COPY_SAFE_ECO,4,4.9683,1,21,1,1
P-M-M-A4-s0,COMBINED_REMOVE+TINT_75,4,2.5011,0.5,7.6923,1,1
P-M-M-A4-s0,COMBINED_ECO+STRUCT_75,4,3.3899,1,7.6923,1,1
P-M-S-A4-s0,STANDARD,4,17.404,1,17.404,1,1
P-M-S-A4-s0,OPACITY_GROUP_90,4,13.009,1,13.009,1,1
P-M-S-A4-s0,OPACITY_GROUP_75,4,7.6923,1,7.6923,1,1
P-M-S-A4-s0,OPACITY_GROUP_60,4,4.5422,1,4.5422,1,0
P-M-S-A4-s0,OPACITY_GROUP_45,4,2.8847,0,2.8847,0,0
P-M-S-A4-s0,OPACITY_ELEM_60,4,4.5422,1,4.5422,1,0
P-M-S-A4-s0,OPACITY_FILL_60,4,17.404,1,17.404,1,1
P-M-S-A4-s0,OPACITY_STROKE_60,4,4.5422,1,17.404,1,1
P-M-S-A4-s0,OPACITY_TEXT_60,4,17.404,1,4.5422,1,0
P-M-S-A4-s0,TINT_75,4,7.6923,1,7.6923,1,1
P-M-S-A4-s0,TINT_55,4,3.8957,1,3.8957,0,0
P-M-S-A4-s0,TINT_30,4,1.9408,0,1.9408,0,0
P-M-S-A4-s0,TINT_FILL_55,4,17.404,1,17.404,1,1
P-M-S-A4-s0,TINT_FILL_30,4,17.404,1,17.404,1,1
P-M-S-A4-s0,TINT_FILL_15,4,17.404,1,17.404,1,1
P-M-S-A4-s0,GRAYSCALE,4,17.404,1,17.404,1,1
P-M-S-A4-s0,BW_THRESHOLD,,,,,,
P-M-S-A4-s0,BW_SEMANTIC,4,21,1,21,1,1
P-M-S-A4-s0,OUTLINE_ONLY,4,17.404,1,17.404,1,1
P-M-S-A4-s0,OUTLINE_NAIVE,4,17.404,1,17.404,1,1
P-M-S-A4-s0,BG_REMOVAL,4,17.404,1,17.404,1,1
P-M-S-A4-s0,DECOR_REMOVAL,4,17.404,1,17.404,1,1
P-M-S-A4-s0,HALFTONE_H,4,17.404,1,17.404,1,1
P-M-S-A4-s0,HALFTONE_M,4,17.404,1,17.404,1,1
P-M-S-A4-s0,HALFTONE_L,4,17.404,1,17.404,1,1
P-M-S-A4-s0,DITHER_M,4,17.404,1,17.404,1,1
P-M-S-A4-s0,HIGH_CONTRAST,4,21,1,21,1,1
P-M-S-A4-s0,ECO_COLOUR,4,17.404,1,17.404,1,1
P-M-S-A4-s0,SUPER_ECO_BW,4,21,1,21,1,1
P-M-S-A4-s0,INT_BG+TINT_FILL_55,4,17.404,1,17.404,1,1
P-M-S-A4-s0,INT_REMOVE_ALL,4,17.404,1,17.404,1,1
P-M-S-A4-s0,INT_OUTLINE+BW,4,21,1,21,1,1
P-M-S-A4-s0,INT_GRAY+BG,4,17.404,1,17.404,1,1
P-M-S-A4-s0,INT_OUTLINE+HALFTONE_M,4,17.404,1,17.404,1,1
P-M-S-A4-s0,COPY_SAFE_ECO,4,21,1,21,1,1
P-M-S-A4-s0,COMBINED_REMOVE+TINT_75,4,7.6923,1,7.6923,1,1
P-M-S-A4-s0,COMBINED_ECO+STRUCT_75,4,7.6923,1,7.6923,1,1
