combo,a,b,metric,doc_id,archetype,combined,a_alone,b_alone,additive_prediction,interaction,multiplicative_prediction,interaction_vs_multiplicative,q_combined
INT_REMOVE_ALL,BG_REMOVAL,DECOR_REMOVAL,ttc,A-H-L-A4-s0,A,0,0,0,0,0,0,0,1
INT_REMOVE_ALL,BG_REMOVAL,DECOR_REMOVAL,wd,A-H-L-A4-s0,A,0,0,0,0,0,0,0,1
INT_REMOVE_ALL,BG_REMOVAL,DECOR_REMOVAL,ttc,A-H-M-A4-s0,A,0,0,0,0,0,0,0,1
INT_REMOVE_ALL,BG_REMOVAL,DECOR_REMOVAL,wd,A-H-M-A4-s0,A,0,0,0,0,0,0,0,1
INT_REMOVE_ALL,BG_REMOVAL,DECOR_REMOVAL,ttc,A-H-S-A4-s0,A,0,0,0,0,0,0,0,1
INT_REMOVE_ALL,BG_REMOVAL,DECOR_REMOVAL,wd,A-H-S-A4-s0,A,0,0,0,0,0,0,0,1
INT_REMOVE_ALL,BG_REMOVAL,DECOR_REMOVAL,ttc,A-L-L-A4-s0,A,0,0,0,0,0,0,0,1
INT_REMOVE_ALL,BG_REMOVAL,DECOR_REMOVAL,wd,A-L-L-A4-s0,A,0,0,0,0,0,0,0,1
INT_REMOVE_ALL,BG_REMOVAL,DECOR_REMOVAL,ttc,A-L-M-A4-s0,A,0,0,0,0,0,0,0,1
INT_REMOVE_ALL,BG_REMOVAL,DECOR_REMOVAL,wd,A-L-M-A4-s0,A,0,0,0,0,0,0,0,1
INT_REMOVE_ALL,BG_REMOVAL,DECOR_REMOVAL,ttc,A-L-S-A4-s0,A,0,0,0,0,0,0,0,1
INT_REMOVE_ALL,BG_REMOVAL,DECOR_REMOVAL,wd,A-L-S-A4-s0,A,0,0,0,0,0,0,0,1
INT_REMOVE_ALL,BG_REMOVAL,DECOR_REMOVAL,ttc,A-M-L-A4-s0,A,0,0,0,0,0,0,0,1
INT_REMOVE_ALL,BG_REMOVAL,DECOR_REMOVAL,wd,A-M-L-A4-s0,A,0,0,0,0,0,0,0,1
INT_REMOVE_ALL,BG_REMOVAL,DECOR_REMOVAL,ttc,A-M-M-A4-s0,A,0,0,0,0,0,0,0,1
INT_REMOVE_ALL,BG_REMOVAL,DECOR_REMOVAL,wd,A-M-M-A4-s0,A,0,0,0,0,0,0,0,1
INT_REMOVE_ALL,BG_REMOVAL,DECOR_REMOVAL,ttc,A-M-S-A4-s0,A,0,0,0,0,0,0,0,1
INT_REMOVE_ALL,BG_REMOVAL,DECOR_REMOVAL,wd,A-M-S-A4-s0,A,0,0,0,0,0,0,0,1
INT_REMOVE_ALL,BG_REMOVAL,DECOR_REMOVAL,ttc,B-H-L-A4-s0,B,0,0,0,0,0,0,0,1
INT_REMOVE_ALL,BG_REMOVAL,DECOR_REMOVAL,wd,B-H-L-A4-s0,B,0,0,0,0,0,0,0,1
INT_REMOVE_ALL,BG_REMOVAL,DECOR_REMOVAL,ttc,B-H-M-A4-s0,B,0,0,0,0,0,0,0,1
INT_REMOVE_ALL,BG_REMOVAL,DECOR_REMOVAL,wd,B-H-M-A4-s0,B,0,0,0,0,0,0,0,1
INT_REMOVE_ALL,BG_REMOVAL,DECOR_REMOVAL,ttc,B-H-S-A4-s0,B,0,0,0,0,0,0,0,1
INT_REMOVE_ALL,BG_REMOVAL,DECOR_REMOVAL,wd,B-H-S-A4-s0,B,0,0,0,0,0,0,0,1
INT_REMOVE_ALL,BG_REMOVAL,DECOR_REMOVAL,ttc,B-L-L-A4-s0,B,0,0,0,0,0,0,0,1
INT_REMOVE_ALL,BG_REMOVAL,DECOR_REMOVAL,wd,B-L-L-A4-s0,B,0,0,0,0,0,0,0,1
INT_REMOVE_ALL,BG_REMOVAL,DECOR_REMOVAL,ttc,B-L-M-A4-s0,B,0,0,0,0,0,0,0,1
INT_REMOVE_ALL,BG_REMOVAL,DECOR_REMOVAL,wd,B-L-M-A4-s0,B,0,0,0,0,0,0,0,1
INT_REMOVE_ALL,BG_REMOVAL,DECOR_REMOVAL,ttc,B-L-S-A4-s0,B,0,0,0,0,0,0,0,1
INT_REMOVE_ALL,BG_REMOVAL,DECOR_REMOVAL,wd,B-L-S-A4-s0,B,0,0,0,0,0,0,0,1
INT_REMOVE_ALL,BG_REMOVAL,DECOR_REMOVAL,ttc,B-M-L-A4-s0,B,0,0,0,0,0,0,0,1
INT_REMOVE_ALL,BG_REMOVAL,DECOR_REMOVAL,wd,B-M-L-A4-s0,B,0,0,0,0,0,0,0,1
INT_REMOVE_ALL,BG_REMOVAL,DECOR_REMOVAL,ttc,B-M-M-A4-s0,B,0,0,0,0,0,0,0,1
INT_REMOVE_ALL,BG_REMOVAL,DECOR_REMOVAL,wd,B-M-M-A4-s0,B,0,0,0,0,0,0,0,1
INT_REMOVE_ALL,BG_REMOVAL,DECOR_REMOVAL,ttc,B-M-S-A4-s0,B,0,0,0,0,0,0,0,1
INT_REMOVE_ALL,BG_REMOVAL,DECOR_REMOVAL,wd,B-M-S-A4-s0,B,0,0,0,0,0,0,0,1
INT_REMOVE_ALL,BG_REMOVAL,DECOR_REMOVAL,ttc,C-H-L-A4-s0,C,0,0,0,0,0,0,0,1
INT_REMOVE_ALL,BG_REMOVAL,DECOR_REMOVAL,wd,C-H-L-A4-s0,C,0,0,0,0,0,0,0,1
INT_REMOVE_ALL,BG_REMOVAL,DECOR_REMOVAL,ttc,C-H-M-A4-s0,C,0,0,0,0,0,0,0,1
INT_REMOVE_ALL,BG_REMOVAL,DECOR_REMOVAL,wd,C-H-M-A4-s0,C,0,0,0,0,0,0,0,1
INT_REMOVE_ALL,BG_REMOVAL,DECOR_REMOVAL,ttc,C-H-S-A4-s0,C,0,0,0,0,0,0,0,1
INT_REMOVE_ALL,BG_REMOVAL,DECOR_REMOVAL,wd,C-H-S-A4-s0,C,0,0,0,0,0,0,0,1
INT_REMOVE_ALL,BG_REMOVAL,DECOR_REMOVAL,ttc,C-L-L-A4-s0,C,0,0,0,0,0,0,0,1
INT_REMOVE_ALL,BG_REMOVAL,DECOR_REMOVAL,wd,C-L-L-A4-s0,C,0,0,0,0,0,0,0,1
INT_REMOVE_ALL,BG_REMOVAL,DECOR_REMOVAL,ttc,C-L-M-A4-s0,C,0,0,0,0,0,0,0,1
INT_REMOVE_ALL,BG_REMOVAL,DECOR_REMOVAL,wd,C-L-M-A4-s0,C,0,0,0,0,0,0,0,1
INT_REMOVE_ALL,BG_REMOVAL,DECOR_REMOVAL,ttc,C-L-S-A4-s0,C,0,0,0,0,0,0,0,1
INT_REMOVE_ALL,BG_REMOVAL,DECOR_REMOVAL,wd,C-L-S-A4-s0,C,0,0,0,0,0,0,0,1
INT_REMOVE_ALL,BG_REMOVAL,DECOR_REMOVAL,ttc,C-M-L-A4-s0,C,0,0,0,0,0,0,0,1
INT_REMOVE_ALL,BG_REMOVAL,DECOR_REMOVAL,wd,C-M-L-A4-s0,C,0,0,0,0,0,0,0,1
INT_REMOVE_ALL,BG_REMOVAL,DECOR_REMOVAL,ttc,C-M-M-A4-s0,C,0,0,0,0,0,0,0,1
INT_REMOVE_ALL,BG_REMOVAL,DECOR_REMOVAL,wd,C-M-M-A4-s0,C,0,0,0,0,0,0,0,1
INT_REMOVE_ALL,BG_REMOVAL,DECOR_REMOVAL,ttc,C-M-S-A4-s0,C,0,0,0,0,0,0,0,1
INT_REMOVE_ALL,BG_REMOVAL,DECOR_REMOVAL,wd,C-M-S-A4-s0,C,0,0,0,0,0,0,0,1
INT_REMOVE_ALL,BG_REMOVAL,DECOR_REMOVAL,ttc,D-H-L-A4-s0,D,0.0069845,0,0.0069845,0.0069845,0,0.0069845,-8.6736e-19,1
INT_REMOVE_ALL,BG_REMOVAL,DECOR_REMOVAL,wd,D-H-L-A4-s0,D,0.0027207,0,0.0027207,0.0027207,0,0.0027207,8.6736e-19,1
INT_REMOVE_ALL,BG_REMOVAL,DECOR_REMOVAL,ttc,D-H-M-A4-s0,D,0.0055692,0,0.0055692,0.0055692,0,0.0055692,-1.7347e-18,1
INT_REMOVE_ALL,BG_REMOVAL,DECOR_REMOVAL,wd,D-H-M-A4-s0,D,0.002169,0,0.002169,0.002169,0,0.002169,8.6736e-19,1
INT_REMOVE_ALL,BG_REMOVAL,DECOR_REMOVAL,ttc,D-H-S-A4-s0,D,0.004127,0,0.004127,0.004127,0,0.004127,8.6736e-19,1
INT_REMOVE_ALL,BG_REMOVAL,DECOR_REMOVAL,wd,D-H-S-A4-s0,D,0.0016075,0,0.0016075,0.0016075,0,0.0016075,-2.1684e-19,1
INT_REMOVE_ALL,BG_REMOVAL,DECOR_REMOVAL,ttc,D-L-L-A4-s0,D,0.0069845,0,0.0069845,0.0069845,0,0.0069845,1.7347e-18,1
INT_REMOVE_ALL,BG_REMOVAL,DECOR_REMOVAL,wd,D-L-L-A4-s0,D,0.0027207,0,0.0027207,0.0027207,0,0.0027207,-4.3368e-19,1
INT_REMOVE_ALL,BG_REMOVAL,DECOR_REMOVAL,ttc,D-L-M-A4-s0,D,0.0055692,0,0.0055692,0.0055692,0,0.0055692,8.6736e-19,1
INT_REMOVE_ALL,BG_REMOVAL,DECOR_REMOVAL,wd,D-L-M-A4-s0,D,0.002169,0,0.002169,0.002169,0,0.002169,-4.3368e-19,1
INT_REMOVE_ALL,BG_REMOVAL,DECOR_REMOVAL,ttc,D-L-S-A4-s0,D,0.004127,0,0.004127,0.004127,0,0.004127,0,1
INT_REMOVE_ALL,BG_REMOVAL,DECOR_REMOVAL,wd,D-L-S-A4-s0,D,0.0016075,0,0.0016075,0.0016075,0,0.0016075,-4.3368e-19,1
INT_REMOVE_ALL,BG_REMOVAL,DECOR_REMOVAL,ttc,D-M-L-A4-s0,D,0.0069845,0,0.0069845,0.0069845,0,0.0069845,1.7347e-18,1
INT_REMOVE_ALL,BG_REMOVAL,DECOR_REMOVAL,wd,D-M-L-A4-s0,D,0.0027207,0,0.0027207,0.0027207,0,0.0027207,-4.3368e-19,1
INT_REMOVE_ALL,BG_REMOVAL,DECOR_REMOVAL,ttc,D-M-M-A4-s0,D,0.0055692,0,0.0055692,0.0055692,0,0.0055692,0,1
INT_REMOVE_ALL,BG_REMOVAL,DECOR_REMOVAL,wd,D-M-M-A4-s0,D,0.002169,0,0.002169,0.002169,0,0.002169,8.6736e-19,1
INT_REMOVE_ALL,BG_REMOVAL,DECOR_REMOVAL,ttc,D-M-S-A4-s0,D,0.004127,0,0.004127,0.004127,0,0.004127,0,1
INT_REMOVE_ALL,BG_REMOVAL,DECOR_REMOVAL,wd,D-M-S-A4-s0,D,0.0016075,0,0.0016075,0.0016075,0,0.0016075,4.3368e-19,1
INT_REMOVE_ALL,BG_REMOVAL,DECOR_REMOVAL,ttc,E-H-L-A4-s0,E,0,0,0,0,0,0,0,1
INT_REMOVE_ALL,BG_REMOVAL,DECOR_REMOVAL,wd,E-H-L-A4-s0,E,0,0,0,0,0,0,0,1
INT_REMOVE_ALL,BG_REMOVAL,DECOR_REMOVAL,ttc,E-H-M-A4-s0,E,0,0,0,0,0,0,0,1
INT_REMOVE_ALL,BG_REMOVAL,DECOR_REMOVAL,wd,E-H-M-A4-s0,E,0,0,0,0,0,0,0,1
INT_REMOVE_ALL,BG_REMOVAL,DECOR_REMOVAL,ttc,E-H-S-A4-s0,E,0,0,0,0,0,0,0,1
INT_REMOVE_ALL,BG_REMOVAL,DECOR_REMOVAL,wd,E-H-S-A4-s0,E,0,0,0,0,0,0,0,1
INT_REMOVE_ALL,BG_REMOVAL,DECOR_REMOVAL,ttc,E-L-L-A4-s0,E,0,0,0,0,0,0,0,1
INT_REMOVE_ALL,BG_REMOVAL,DECOR_REMOVAL,wd,E-L-L-A4-s0,E,0,0,0,0,0,0,0,1
INT_REMOVE_ALL,BG_REMOVAL,DECOR_REMOVAL,ttc,E-L-M-A4-s0,E,0,0,0,0,0,0,0,1
INT_REMOVE_ALL,BG_REMOVAL,DECOR_REMOVAL,wd,E-L-M-A4-s0,E,0,0,0,0,0,0,0,1
INT_REMOVE_ALL,BG_REMOVAL,DECOR_REMOVAL,ttc,E-L-S-A4-s0,E,0,0,0,0,0,0,0,1
INT_REMOVE_ALL,BG_REMOVAL,DECOR_REMOVAL,wd,E-L-S-A4-s0,E,0,0,0,0,0,0,0,1
INT_REMOVE_ALL,BG_REMOVAL,DECOR_REMOVAL,ttc,E-M-L-A4-s0,E,0,0,0,0,0,0,0,1
INT_REMOVE_ALL,BG_REMOVAL,DECOR_REMOVAL,wd,E-M-L-A4-s0,E,0,0,0,0,0,0,0,1
INT_REMOVE_ALL,BG_REMOVAL,DECOR_REMOVAL,ttc,E-M-M-A4-s0,E,0,0,0,0,0,0,0,1
INT_REMOVE_ALL,BG_REMOVAL,DECOR_REMOVAL,wd,E-M-M-A4-s0,E,0,0,0,0,0,0,0,1
INT_REMOVE_ALL,BG_REMOVAL,DECOR_REMOVAL,ttc,E-M-S-A4-s0,E,0,0,0,0,0,0,0,1
INT_REMOVE_ALL,BG_REMOVAL,DECOR_REMOVAL,wd,E-M-S-A4-s0,E,0,0,0,0,0,0,0,1
INT_REMOVE_ALL,BG_REMOVAL,DECOR_REMOVAL,ttc,F-H-L-A4-s0,F,0.53236,0.53236,0,0.53236,0,0.53236,0,1
INT_REMOVE_ALL,BG_REMOVAL,DECOR_REMOVAL,wd,F-H-L-A4-s0,F,0.18325,0.18325,0,0.18325,0,0.18325,-2.7756e-17,1
INT_REMOVE_ALL,BG_REMOVAL,DECOR_REMOVAL,ttc,F-H-M-A4-s0,F,0.52168,0.52168,0,0.52168,0,0.52168,0,1
INT_REMOVE_ALL,BG_REMOVAL,DECOR_REMOVAL,wd,F-H-M-A4-s0,F,0.17967,0.17967,0,0.17967,0,0.17967,2.7756e-17,1
INT_REMOVE_ALL,BG_REMOVAL,DECOR_REMOVAL,ttc,F-H-S-A4-s0,F,0.5644,0.5644,0,0.5644,0,0.5644,0,1
INT_REMOVE_ALL,BG_REMOVAL,DECOR_REMOVAL,wd,F-H-S-A4-s0,F,0.19439,0.19439,0,0.19439,0,0.19439,2.7756e-17,1
INT_REMOVE_ALL,BG_REMOVAL,DECOR_REMOVAL,ttc,F-L-L-A4-s0,F,0,0,0,0,0,0,0,1
INT_REMOVE_ALL,BG_REMOVAL,DECOR_REMOVAL,wd,F-L-L-A4-s0,F,0,0,0,0,0,0,0,1
INT_REMOVE_ALL,BG_REMOVAL,DECOR_REMOVAL,ttc,F-L-M-A4-s0,F,0,0,0,0,0,0,0,1
INT_REMOVE_ALL,BG_REMOVAL,DECOR_REMOVAL,wd,F-L-M-A4-s0,F,0,0,0,0,0,0,0,1
INT_REMOVE_ALL,BG_REMOVAL,DECOR_REMOVAL,ttc,F-L-S-A4-s0,F,0,0,0,0,0,0,0,1
INT_REMOVE_ALL,BG_REMOVAL,DECOR_REMOVAL,wd,F-L-S-A4-s0,F,0,0,0,0,0,0,0,1
INT_REMOVE_ALL,BG_REMOVAL,DECOR_REMOVAL,ttc,F-M-L-A4-s0,F,0.1726,0.1726,0,0.1726,0,0.1726,2.7756e-17,1
INT_REMOVE_ALL,BG_REMOVAL,DECOR_REMOVAL,wd,F-M-L-A4-s0,F,0.031264,0.031264,0,0.031264,0,0.031264,0,1
INT_REMOVE_ALL,BG_REMOVAL,DECOR_REMOVAL,ttc,F-M-M-A4-s0,F,0.16695,0.16695,0,0.16695,0,0.16695,2.7756e-17,1
INT_REMOVE_ALL,BG_REMOVAL,DECOR_REMOVAL,wd,F-M-M-A4-s0,F,0.030261,0.030261,0,0.030261,0,0.030261,3.4694e-18,1
INT_REMOVE_ALL,BG_REMOVAL,DECOR_REMOVAL,ttc,F-M-S-A4-s0,F,0.17749,0.17749,0,0.17749,0,0.17749,-2.7756e-17,1
INT_REMOVE_ALL,BG_REMOVAL,DECOR_REMOVAL,wd,F-M-S-A4-s0,F,0.032171,0.032171,0,0.032171,0,0.032171,6.9389e-18,1
INT_REMOVE_ALL,BG_REMOVAL,DECOR_REMOVAL,ttc,G-H-L-A4-s0,G,0,0,0,0,0,0,0,1
INT_REMOVE_ALL,BG_REMOVAL,DECOR_REMOVAL,wd,G-H-L-A4-s0,G,0,0,0,0,0,0,0,1
INT_REMOVE_ALL,BG_REMOVAL,DECOR_REMOVAL,ttc,G-H-M-A4-s0,G,0,0,0,0,0,0,0,1
INT_REMOVE_ALL,BG_REMOVAL,DECOR_REMOVAL,wd,G-H-M-A4-s0,G,0,0,0,0,0,0,0,1
INT_REMOVE_ALL,BG_REMOVAL,DECOR_REMOVAL,ttc,G-H-S-A4-s0,G,0,0,0,0,0,0,0,1
INT_REMOVE_ALL,BG_REMOVAL,DECOR_REMOVAL,wd,G-H-S-A4-s0,G,0,0,0,0,0,0,0,1
INT_REMOVE_ALL,BG_REMOVAL,DECOR_REMOVAL,ttc,G-L-L-A4-s0,G,0,0,0,0,0,0,0,1
INT_REMOVE_ALL,BG_REMOVAL,DECOR_REMOVAL,wd,G-L-L-A4-s0,G,0,0,0,0,0,0,0,1
INT_REMOVE_ALL,BG_REMOVAL,DECOR_REMOVAL,ttc,G-L-M-A4-s0,G,0,0,0,0,0,0,0,1
INT_REMOVE_ALL,BG_REMOVAL,DECOR_REMOVAL,wd,G-L-M-A4-s0,G,0,0,0,0,0,0,0,1
INT_REMOVE_ALL,BG_REMOVAL,DECOR_REMOVAL,ttc,G-L-S-A4-s0,G,0,0,0,0,0,0,0,1
INT_REMOVE_ALL,BG_REMOVAL,DECOR_REMOVAL,wd,G-L-S-A4-s0,G,0,0,0,0,0,0,0,1
INT_REMOVE_ALL,BG_REMOVAL,DECOR_REMOVAL,ttc,G-M-L-A4-s0,G,0,0,0,0,0,0,0,1
INT_REMOVE_ALL,BG_REMOVAL,DECOR_REMOVAL,wd,G-M-L-A4-s0,G,0,0,0,0,0,0,0,1
INT_REMOVE_ALL,BG_REMOVAL,DECOR_REMOVAL,ttc,G-M-M-A4-s0,G,0,0,0,0,0,0,0,1
INT_REMOVE_ALL,BG_REMOVAL,DECOR_REMOVAL,wd,G-M-M-A4-s0,G,0,0,0,0,0,0,0,1
INT_REMOVE_ALL,BG_REMOVAL,DECOR_REMOVAL,ttc,G-M-S-A4-s0,G,0,0,0,0,0,0,0,1
INT_REMOVE_ALL,BG_REMOVAL,DECOR_REMOVAL,wd,G-M-S-A4-s0,G,0,0,0,0,0,0,0,1
INT_REMOVE_ALL,BG_REMOVAL,DECOR_REMOVAL,ttc,H-H-L-A4-s0,H,0.0054418,0,0.0054418,0.0054418,0,0.0054418,-2.6021e-18,1
INT_REMOVE_ALL,BG_REMOVAL,DECOR_REMOVAL,wd,H-H-L-A4-s0,H,0.0054418,0,0.0054418,0.0054418,0,0.0054418,-2.6021e-18,1
INT_REMOVE_ALL,BG_REMOVAL,DECOR_REMOVAL,ttc,H-H-M-A4-s0,H,0.0038018,0,0.0038018,0.0038018,0,0.0038018,-8.6736e-19,1
INT_REMOVE_ALL,BG_REMOVAL,DECOR_REMOVAL,wd,H-H-M-A4-s0,H,0.0038018,0,0.0038018,0.0038018,0,0.0038018,-8.6736e-19,1
INT_REMOVE_ALL,BG_REMOVAL,DECOR_REMOVAL,ttc,H-H-S-A4-s0,H,0.0025385,0,0.0025385,0.0025385,0,0.0025385,8.6736e-19,1
INT_REMOVE_ALL,BG_REMOVAL,DECOR_REMOVAL,wd,H-H-S-A4-s0,H,0.0025385,0,0.0025385,0.0025385,0,0.0025385,8.6736e-19,1
INT_REMOVE_ALL,BG_REMOVAL,DECOR_REMOVAL,ttc,H-L-L-A4-s0,H,0.0054418,0,0.0054418,0.0054418,0,0.0054418,8.6736e-19,1
INT_REMOVE_ALL,BG_REMOVAL,DECOR_REMOVAL,wd,H-L-L-A4-s0,H,0.0054418,0,0.0054418,0.0054418,0,0.0054418,8.6736e-19,1
INT_REMOVE_ALL,BG_REMOVAL,DECOR_REMOVAL,ttc,H-L-M-A4-s0,H,0.0038018,0,0.0038018,0.0038018,0,0.0038018,-8.6736e-19,1
INT_REMOVE_ALL,BG_REMOVAL,DECOR_REMOVAL,wd,H-L-M-A4-s0,H,0.0038018,0,0.0038018,0.0038018,0,0.0038018,-8.6736e-19,1
INT_REMOVE_ALL,BG_REMOVAL,DECOR_REMOVAL,ttc,H-L-S-A4-s0,H,0.0025385,0,0.0025385,0.0025385,0,0.0025385,8.6736e-19,1
INT_REMOVE_ALL,BG_REMOVAL,DECOR_REMOVAL,wd,H-L-S-A4-s0,H,0.0025385,0,0.0025385,0.0025385,0,0.0025385,8.6736e-19,1
INT_REMOVE_ALL,BG_REMOVAL,DECOR_REMOVAL,ttc,H-M-L-A4-s0,H,0.0054418,0,0.0054418,0.0054418,0,0.0054418,8.6736e-19,1
INT_REMOVE_ALL,BG_REMOVAL,DECOR_REMOVAL,wd,H-M-L-A4-s0,H,0.0054418,0,0.0054418,0.0054418,0,0.0054418,8.6736e-19,1
INT_REMOVE_ALL,BG_REMOVAL,DECOR_REMOVAL,ttc,H-M-M-A4-s0,H,0.0038018,0,0.0038018,0.0038018,0,0.0038018,-8.6736e-19,1
INT_REMOVE_ALL,BG_REMOVAL,DECOR_REMOVAL,wd,H-M-M-A4-s0,H,0.0038018,0,0.0038018,0.0038018,0,0.0038018,-8.6736e-19,1
INT_REMOVE_ALL,BG_REMOVAL,DECOR_REMOVAL,ttc,H-M-S-A4-s0,H,0.0025385,0,0.0025385,0.0025385,0,0.0025385,-8.6736e-19,1
INT_REMOVE_ALL,BG_REMOVAL,DECOR_REMOVAL,wd,H-M-S-A4-s0,H,0.0025385,0,0.0025385,0.0025385,0,0.0025385,-4.3368e-19,1
INT_REMOVE_ALL,BG_REMOVAL,DECOR_REMOVAL,ttc,I-H-L-A4-s0,I,0,0,0,0,0,0,0,1
INT_REMOVE_ALL,BG_REMOVAL,DECOR_REMOVAL,wd,I-H-L-A4-s0,I,0,0,0,0,0,0,0,1
INT_REMOVE_ALL,BG_REMOVAL,DECOR_REMOVAL,ttc,I-H-M-A4-s0,I,0,0,0,0,0,0,0,1
INT_REMOVE_ALL,BG_REMOVAL,DECOR_REMOVAL,wd,I-H-M-A4-s0,I,0,0,0,0,0,0,0,1
INT_REMOVE_ALL,BG_REMOVAL,DECOR_REMOVAL,ttc,I-H-S-A4-s0,I,0,0,0,0,0,0,0,1
INT_REMOVE_ALL,BG_REMOVAL,DECOR_REMOVAL,wd,I-H-S-A4-s0,I,0,0,0,0,0,0,0,1
INT_REMOVE_ALL,BG_REMOVAL,DECOR_REMOVAL,ttc,I-L-L-A4-s0,I,0,0,0,0,0,0,0,1
INT_REMOVE_ALL,BG_REMOVAL,DECOR_REMOVAL,wd,I-L-L-A4-s0,I,0,0,0,0,0,0,0,1
INT_REMOVE_ALL,BG_REMOVAL,DECOR_REMOVAL,ttc,I-L-M-A4-s0,I,0,0,0,0,0,0,0,1
INT_REMOVE_ALL,BG_REMOVAL,DECOR_REMOVAL,wd,I-L-M-A4-s0,I,0,0,0,0,0,0,0,1
INT_REMOVE_ALL,BG_REMOVAL,DECOR_REMOVAL,ttc,I-L-S-A4-s0,I,0,0,0,0,0,0,0,1
INT_REMOVE_ALL,BG_REMOVAL,DECOR_REMOVAL,wd,I-L-S-A4-s0,I,0,0,0,0,0,0,0,1
INT_REMOVE_ALL,BG_REMOVAL,DECOR_REMOVAL,ttc,I-M-L-A4-s0,I,0,0,0,0,0,0,0,1
INT_REMOVE_ALL,BG_REMOVAL,DECOR_REMOVAL,wd,I-M-L-A4-s0,I,0,0,0,0,0,0,0,1
INT_REMOVE_ALL,BG_REMOVAL,DECOR_REMOVAL,ttc,I-M-M-A4-s0,I,0,0,0,0,0,0,0,1
INT_REMOVE_ALL,BG_REMOVAL,DECOR_REMOVAL,wd,I-M-M-A4-s0,I,0,0,0,0,0,0,0,1
INT_REMOVE_ALL,BG_REMOVAL,DECOR_REMOVAL,ttc,I-M-S-A4-s0,I,0,0,0,0,0,0,0,1
INT_REMOVE_ALL,BG_REMOVAL,DECOR_REMOVAL,wd,I-M-S-A4-s0,I,0,0,0,0,0,0,0,1
INT_REMOVE_ALL,BG_REMOVAL,DECOR_REMOVAL,ttc,J-H-L-A4-s0,J,0,0,0,0,0,0,0,1
INT_REMOVE_ALL,BG_REMOVAL,DECOR_REMOVAL,wd,J-H-L-A4-s0,J,0,0,0,0,0,0,0,1
INT_REMOVE_ALL,BG_REMOVAL,DECOR_REMOVAL,ttc,J-H-M-A4-s0,J,0,0,0,0,0,0,0,1
INT_REMOVE_ALL,BG_REMOVAL,DECOR_REMOVAL,wd,J-H-M-A4-s0,J,0,0,0,0,0,0,0,1
INT_REMOVE_ALL,BG_REMOVAL,DECOR_REMOVAL,ttc,J-H-S-A4-s0,J,0,0,0,0,0,0,0,1
INT_REMOVE_ALL,BG_REMOVAL,DECOR_REMOVAL,wd,J-H-S-A4-s0,J,0,0,0,0,0,0,0,1
INT_REMOVE_ALL,BG_REMOVAL,DECOR_REMOVAL,ttc,J-L-L-A4-s0,J,0,0,0,0,0,0,0,1
INT_REMOVE_ALL,BG_REMOVAL,DECOR_REMOVAL,wd,J-L-L-A4-s0,J,0,0,0,0,0,0,0,1
INT_REMOVE_ALL,BG_REMOVAL,DECOR_REMOVAL,ttc,J-L-M-A4-s0,J,0,0,0,0,0,0,0,1
INT_REMOVE_ALL,BG_REMOVAL,DECOR_REMOVAL,wd,J-L-M-A4-s0,J,0,0,0,0,0,0,0,1
INT_REMOVE_ALL,BG_REMOVAL,DECOR_REMOVAL,ttc,J-L-S-A4-s0,J,0,0,0,0,0,0,0,1
INT_REMOVE_ALL,BG_REMOVAL,DECOR_REMOVAL,wd,J-L-S-A4-s0,J,0,0,0,0,0,0,0,1
INT_REMOVE_ALL,BG_REMOVAL,DECOR_REMOVAL,ttc,J-M-L-A4-s0,J,0,0,0,0,0,0,0,1
INT_REMOVE_ALL,BG_REMOVAL,DECOR_REMOVAL,wd,J-M-L-A4-s0,J,0,0,0,0,0,0,0,1
INT_REMOVE_ALL,BG_REMOVAL,DECOR_REMOVAL,ttc,J-M-M-A4-s0,J,0,0,0,0,0,0,0,1
INT_REMOVE_ALL,BG_REMOVAL,DECOR_REMOVAL,wd,J-M-M-A4-s0,J,0,0,0,0,0,0,0,1
INT_REMOVE_ALL,BG_REMOVAL,DECOR_REMOVAL,ttc,J-M-S-A4-s0,J,0,0,0,0,0,0,0,1
INT_REMOVE_ALL,BG_REMOVAL,DECOR_REMOVAL,wd,J-M-S-A4-s0,J,0,0,0,0,0,0,0,1
INT_REMOVE_ALL,BG_REMOVAL,DECOR_REMOVAL,ttc,K-H-L-A4-s0,K,0.45269,0.22606,0.17964,0.40569,0.047001,0.32001,0.13268,1
INT_REMOVE_ALL,BG_REMOVAL,DECOR_REMOVAL,wd,K-H-L-A4-s0,K,0.11279,0.04065,0.063629,0.10428,0.0085151,0.084984,0.027811,1
INT_REMOVE_ALL,BG_REMOVAL,DECOR_REMOVAL,ttc,K-H-M-A4-s0,K,0.40179,0.24147,0.12722,0.3687,0.033094,0.29546,0.10633,1
INT_REMOVE_ALL,BG_REMOVAL,DECOR_REMOVAL,wd,K-H-M-A4-s0,K,0.094876,0.043367,0.045511,0.088878,0.0059984,0.071344,0.023532,1
INT_REMOVE_ALL,BG_REMOVAL,DECOR_REMOVAL,ttc,K-H-S-A4-s0,K,0.36344,0.25361,0.087362,0.34097,0.022462,0.28211,0.081327,1
INT_REMOVE_ALL,BG_REMOVAL,DECOR_REMOVAL,wd,K-H-S-A4-s0,K,0.081273,0.045559,0.031641,0.077201,0.0040725,0.061901,0.019372,1
INT_REMOVE_ALL,BG_REMOVAL,DECOR_REMOVAL,ttc,K-L-L-A4-s0,K,0.45266,0.22996,0.17645,0.40641,0.046244,0.31847,0.13419,1
INT_REMOVE_ALL,BG_REMOVAL,DECOR_REMOVAL,wd,K-L-L-A4-s0,K,0.11218,0.04149,0.062316,0.10381,0.0083761,0.082426,0.029755,1
INT_REMOVE_ALL,BG_REMOVAL,DECOR_REMOVAL,ttc,K-L-M-A4-s0,K,0.40201,0.24476,0.12486,0.36962,0.032396,0.29458,0.10744,1
INT_REMOVE_ALL,BG_REMOVAL,DECOR_REMOVAL,wd,K-L-M-A4-s0,K,0.094603,0.044195,0.04454,0.088735,0.0058689,0.069016,0.025588,1
INT_REMOVE_ALL,BG_REMOVAL,DECOR_REMOVAL,ttc,K-L-S-A4-s0,K,0.36333,0.25543,0.085863,0.3413,0.02203,0.28168,0.081648,1
INT_REMOVE_ALL,BG_REMOVAL,DECOR_REMOVAL,wd,K-L-S-A4-s0,K,0.081011,0.04611,0.03091,0.07702,0.0039914,0.060363,0.020648,1
INT_REMOVE_ALL,BG_REMOVAL,DECOR_REMOVAL,ttc,K-M-L-A4-s0,K,0.45159,0.22889,0.17645,0.40534,0.046244,0.31839,0.1332,1
INT_REMOVE_ALL,BG_REMOVAL,DECOR_REMOVAL,wd,K-M-L-A4-s0,K,0.11195,0.041258,0.062316,0.10357,0.0083762,0.082979,0.028971,1
INT_REMOVE_ALL,BG_REMOVAL,DECOR_REMOVAL,ttc,K-M-M-A4-s0,K,0.40255,0.24335,0.12642,0.36978,0.032774,0.29524,0.10731,1
INT_REMOVE_ALL,BG_REMOVAL,DECOR_REMOVAL,wd,K-M-M-A4-s0,K,0.094997,0.043846,0.045213,0.089059,0.0059386,0.070217,0.02478,1
INT_REMOVE_ALL,BG_REMOVAL,DECOR_REMOVAL,ttc,K-M-S-A4-s0,K,0.36357,0.25438,0.08686,0.34124,0.022328,0.28188,0.081692,1
INT_REMOVE_ALL,BG_REMOVAL,DECOR_REMOVAL,wd,K-M-S-A4-s0,K,0.081246,0.045826,0.031372,0.077198,0.0040473,0.061203,0.020042,1
INT_REMOVE_ALL,BG_REMOVAL,DECOR_REMOVAL,ttc,L-H-L-A4-s0,L,0.48634,0,0.48634,0.48634,0,0.48634,0,0.88013
INT_REMOVE_ALL,BG_REMOVAL,DECOR_REMOVAL,wd,L-H-L-A4-s0,L,0.17634,0,0.17634,0.17634,0,0.17634,0,0.88013
INT_REMOVE_ALL,BG_REMOVAL,DECOR_REMOVAL,ttc,L-H-M-A4-s0,L,0.59922,0,0.59922,0.59922,0,0.59922,0,0.86451
INT_REMOVE_ALL,BG_REMOVAL,DECOR_REMOVAL,wd,L-H-M-A4-s0,L,0.20832,0,0.20832,0.20832,0,0.20832,0,0.86451
INT_REMOVE_ALL,BG_REMOVAL,DECOR_REMOVAL,ttc,L-H-S-A4-s0,L,0.59272,0,0.59272,0.59272,0,0.59272,0,0.84808
INT_REMOVE_ALL,BG_REMOVAL,DECOR_REMOVAL,wd,L-H-S-A4-s0,L,0.2037,0,0.2037,0.2037,0,0.2037,0,0.84808
INT_REMOVE_ALL,BG_REMOVAL,DECOR_REMOVAL,ttc,L-L-L-A4-s0,L,0.021626,0,0.021626,0.021626,0,0.021626,3.4694e-18,0.99858
INT_REMOVE_ALL,BG_REMOVAL,DECOR_REMOVAL,wd,L-L-L-A4-s0,L,0.0095441,0,0.0095441,0.0095441,0,0.0095441,0,0.99858
INT_REMOVE_ALL,BG_REMOVAL,DECOR_REMOVAL,ttc,L-L-M-A4-s0,L,0.027845,0,0.027845,0.027845,0,0.027845,0,0.99862
INT_REMOVE_ALL,BG_REMOVAL,DECOR_REMOVAL,wd,L-L-M-A4-s0,L,0.0095728,0,0.0095728,0.0095728,0,0.0095728,0,0.99862
INT_REMOVE_ALL,BG_REMOVAL,DECOR_REMOVAL,ttc,L-L-S-A4-s0,L,0.028088,0,0.028088,0.028088,0,0.028088,-3.4694e-18,0.99854
INT_REMOVE_ALL,BG_REMOVAL,DECOR_REMOVAL,wd,L-L-S-A4-s0,L,0.0094212,0,0.0094212,0.0094212,0,0.0094212,-1.7347e-18,0.99854
INT_REMOVE_ALL,BG_REMOVAL,DECOR_REMOVAL,ttc,L-M-L-A4-s0,L,0.048953,0,0.048953,0.048953,0,0.048953,6.9389e-18,0.99878
INT_REMOVE_ALL,BG_REMOVAL,DECOR_REMOVAL,wd,L-M-L-A4-s0,L,0.01634,0,0.01634,0.01634,0,0.01634,3.4694e-18,0.99878
INT_REMOVE_ALL,BG_REMOVAL,DECOR_REMOVAL,ttc,L-M-M-A4-s0,L,0.05665,0,0.05665,0.05665,0,0.05665,0,0.99865
INT_REMOVE_ALL,BG_REMOVAL,DECOR_REMOVAL,wd,L-M-M-A4-s0,L,0.019886,0,0.019886,0.019886,0,0.019886,3.4694e-18,0.99865
INT_REMOVE_ALL,BG_REMOVAL,DECOR_REMOVAL,ttc,L-M-S-A4-s0,L,0.054622,0,0.054622,0.054622,0,0.054622,6.9389e-18,0.99856
INT_REMOVE_ALL,BG_REMOVAL,DECOR_REMOVAL,wd,L-M-S-A4-s0,L,0.018187,0,0.018187,0.018187,0,0.018187,0,0.99856
INT_BG+TINT_FILL_55,BG_REMOVAL,TINT_FILL_55,ttc,A-H-L-A4-s0,A,0,0,0,0,0,0,0,1
INT_BG+TINT_FILL_55,BG_REMOVAL,TINT_FILL_55,wd,A-H-L-A4-s0,A,0,0,0,0,0,0,0,1
INT_BG+TINT_FILL_55,BG_REMOVAL,TINT_FILL_55,ttc,A-H-M-A4-s0,A,0,0,0,0,0,0,0,1
INT_BG+TINT_FILL_55,BG_REMOVAL,TINT_FILL_55,wd,A-H-M-A4-s0,A,0,0,0,0,0,0,0,1
INT_BG+TINT_FILL_55,BG_REMOVAL,TINT_FILL_55,ttc,A-H-S-A4-s0,A,0,0,0,0,0,0,0,1
INT_BG+TINT_FILL_55,BG_REMOVAL,TINT_FILL_55,wd,A-H-S-A4-s0,A,0,0,0,0,0,0,0,1
INT_BG+TINT_FILL_55,BG_REMOVAL,TINT_FILL_55,ttc,A-L-L-A4-s0,A,0,0,0,0,0,0,0,1
INT_BG+TINT_FILL_55,BG_REMOVAL,TINT_FILL_55,wd,A-L-L-A4-s0,A,0,0,0,0,0,0,0,1
INT_BG+TINT_FILL_55,BG_REMOVAL,TINT_FILL_55,ttc,A-L-M-A4-s0,A,0,0,0,0,0,0,0,1
INT_BG+TINT_FILL_55,BG_REMOVAL,TINT_FILL_55,wd,A-L-M-A4-s0,A,0,0,0,0,0,0,0,1
INT_BG+TINT_FILL_55,BG_REMOVAL,TINT_FILL_55,ttc,A-L-S-A4-s0,A,0,0,0,0,0,0,0,1
INT_BG+TINT_FILL_55,BG_REMOVAL,TINT_FILL_55,wd,A-L-S-A4-s0,A,0,0,0,0,0,0,0,1
INT_BG+TINT_FILL_55,BG_REMOVAL,TINT_FILL_55,ttc,A-M-L-A4-s0,A,0,0,0,0,0,0,0,1
INT_BG+TINT_FILL_55,BG_REMOVAL,TINT_FILL_55,wd,A-M-L-A4-s0,A,0,0,0,0,0,0,0,1
INT_BG+TINT_FILL_55,BG_REMOVAL,TINT_FILL_55,ttc,A-M-M-A4-s0,A,0,0,0,0,0,0,0,1
INT_BG+TINT_FILL_55,BG_REMOVAL,TINT_FILL_55,wd,A-M-M-A4-s0,A,0,0,0,0,0,0,0,1
INT_BG+TINT_FILL_55,BG_REMOVAL,TINT_FILL_55,ttc,A-M-S-A4-s0,A,0,0,0,0,0,0,0,1
INT_BG+TINT_FILL_55,BG_REMOVAL,TINT_FILL_55,wd,A-M-S-A4-s0,A,0,0,0,0,0,0,0,1
INT_BG+TINT_FILL_55,BG_REMOVAL,TINT_FILL_55,ttc,B-H-L-A4-s0,B,0,0,0,0,0,0,0,1
INT_BG+TINT_FILL_55,BG_REMOVAL,TINT_FILL_55,wd,B-H-L-A4-s0,B,0,0,0,0,0,0,0,1
INT_BG+TINT_FILL_55,BG_REMOVAL,TINT_FILL_55,ttc,B-H-M-A4-s0,B,0,0,0,0,0,0,0,1
INT_BG+TINT_FILL_55,BG_REMOVAL,TINT_FILL_55,wd,B-H-M-A4-s0,B,0,0,0,0,0,0,0,1
INT_BG+TINT_FILL_55,BG_REMOVAL,TINT_FILL_55,ttc,B-H-S-A4-s0,B,0,0,0,0,0,0,0,1
INT_BG+TINT_FILL_55,BG_REMOVAL,TINT_FILL_55,wd,B-H-S-A4-s0,B,0,0,0,0,0,0,0,1
INT_BG+TINT_FILL_55,BG_REMOVAL,TINT_FILL_55,ttc,B-L-L-A4-s0,B,0,0,0,0,0,0,0,1
INT_BG+TINT_FILL_55,BG_REMOVAL,TINT_FILL_55,wd,B-L-L-A4-s0,B,0,0,0,0,0,0,0,1
INT_BG+TINT_FILL_55,BG_REMOVAL,TINT_FILL_55,ttc,B-L-M-A4-s0,B,0,0,0,0,0,0,0,1
INT_BG+TINT_FILL_55,BG_REMOVAL,TINT_FILL_55,wd,B-L-M-A4-s0,B,0,0,0,0,0,0,0,1
INT_BG+TINT_FILL_55,BG_REMOVAL,TINT_FILL_55,ttc,B-L-S-A4-s0,B,0,0,0,0,0,0,0,1
INT_BG+TINT_FILL_55,BG_REMOVAL,TINT_FILL_55,wd,B-L-S-A4-s0,B,0,0,0,0,0,0,0,1
INT_BG+TINT_FILL_55,BG_REMOVAL,TINT_FILL_55,ttc,B-M-L-A4-s0,B,0,0,0,0,0,0,0,1
INT_BG+TINT_FILL_55,BG_REMOVAL,TINT_FILL_55,wd,B-M-L-A4-s0,B,0,0,0,0,0,0,0,1
INT_BG+TINT_FILL_55,BG_REMOVAL,TINT_FILL_55,ttc,B-M-M-A4-s0,B,0,0,0,0,0,0,0,1
INT_BG+TINT_FILL_55,BG_REMOVAL,TINT_FILL_55,wd,B-M-M-A4-s0,B,0,0,0,0,0,0,0,1
INT_BG+TINT_FILL_55,BG_REMOVAL,TINT_FILL_55,ttc,B-M-S-A4-s0,B,0,0,0,0,0,0,0,1
INT_BG+TINT_FILL_55,BG_REMOVAL,TINT_FILL_55,wd,B-M-S-A4-s0,B,0,0,0,0,0,0,0,1
INT_BG+TINT_FILL_55,BG_REMOVAL,TINT_FILL_55,ttc,C-H-L-A4-s0,C,0,0,0,0,0,0,0,1
INT_BG+TINT_FILL_55,BG_REMOVAL,TINT_FILL_55,wd,C-H-L-A4-s0,C,0,0,0,0,0,0,0,1
INT_BG+TINT_FILL_55,BG_REMOVAL,TINT_FILL_55,ttc,C-H-M-A4-s0,C,0,0,0,0,0,0,0,1
INT_BG+TINT_FILL_55,BG_REMOVAL,TINT_FILL_55,wd,C-H-M-A4-s0,C,0,0,0,0,0,0,0,1
INT_BG+TINT_FILL_55,BG_REMOVAL,TINT_FILL_55,ttc,C-H-S-A4-s0,C,0,0,0,0,0,0,0,1
INT_BG+TINT_FILL_55,BG_REMOVAL,TINT_FILL_55,wd,C-H-S-A4-s0,C,0,0,0,0,0,0,0,1
INT_BG+TINT_FILL_55,BG_REMOVAL,TINT_FILL_55,ttc,C-L-L-A4-s0,C,0,0,0,0,0,0,0,1
INT_BG+TINT_FILL_55,BG_REMOVAL,TINT_FILL_55,wd,C-L-L-A4-s0,C,0,0,0,0,0,0,0,1
INT_BG+TINT_FILL_55,BG_REMOVAL,TINT_FILL_55,ttc,C-L-M-A4-s0,C,0,0,0,0,0,0,0,1
INT_BG+TINT_FILL_55,BG_REMOVAL,TINT_FILL_55,wd,C-L-M-A4-s0,C,0,0,0,0,0,0,0,1
INT_BG+TINT_FILL_55,BG_REMOVAL,TINT_FILL_55,ttc,C-L-S-A4-s0,C,0,0,0,0,0,0,0,1
INT_BG+TINT_FILL_55,BG_REMOVAL,TINT_FILL_55,wd,C-L-S-A4-s0,C,0,0,0,0,0,0,0,1
INT_BG+TINT_FILL_55,BG_REMOVAL,TINT_FILL_55,ttc,C-M-L-A4-s0,C,0,0,0,0,0,0,0,1
INT_BG+TINT_FILL_55,BG_REMOVAL,TINT_FILL_55,wd,C-M-L-A4-s0,C,0,0,0,0,0,0,0,1
INT_BG+TINT_FILL_55,BG_REMOVAL,TINT_FILL_55,ttc,C-M-M-A4-s0,C,0,0,0,0,0,0,0,1
INT_BG+TINT_FILL_55,BG_REMOVAL,TINT_FILL_55,wd,C-M-M-A4-s0,C,0,0,0,0,0,0,0,1
INT_BG+TINT_FILL_55,BG_REMOVAL,TINT_FILL_55,ttc,C-M-S-A4-s0,C,0,0,0,0,0,0,0,1
INT_BG+TINT_FILL_55,BG_REMOVAL,TINT_FILL_55,wd,C-M-S-A4-s0,C,0,0,0,0,0,0,0,1
INT_BG+TINT_FILL_55,BG_REMOVAL,TINT_FILL_55,ttc,D-H-L-A4-s0,D,0.0058734,0,0.0058734,0.0058734,0,0.0058734,8.6736e-19,0.97287
INT_BG+TINT_FILL_55,BG_REMOVAL,TINT_FILL_55,wd,D-H-L-A4-s0,D,0.0019269,0,0.0019269,0.0019269,0,0.0019269,-1.5179e-18,0.97287
INT_BG+TINT_FILL_55,BG_REMOVAL,TINT_FILL_55,ttc,D-H-M-A4-s0,D,0.004261,0,0.004261,0.004261,0,0.004261,0,0.98259
INT_BG+TINT_FILL_55,BG_REMOVAL,TINT_FILL_55,wd,D-H-M-A4-s0,D,0.0013937,0,0.0013937,0.0013937,0,0.0013937,4.3368e-19,0.98259
INT_BG+TINT_FILL_55,BG_REMOVAL,TINT_FILL_55,ttc,D-H-S-A4-s0,D,0.0028267,0,0.0028267,0.0028267,0,0.0028267,8.6736e-19,0.97273
INT_BG+TINT_FILL_55,BG_REMOVAL,TINT_FILL_55,wd,D-H-S-A4-s0,D,0.00097881,0,0.00097881,0.00097881,0,0.00097881,4.3368e-19,0.97273
INT_BG+TINT_FILL_55,BG_REMOVAL,TINT_FILL_55,ttc,D-L-L-A4-s0,D,0.0038626,0,0.0038626,0.0038626,0,0.0038626,8.6736e-19,0.99715
INT_BG+TINT_FILL_55,BG_REMOVAL,TINT_FILL_55,wd,D-L-L-A4-s0,D,0.0013702,0,0.0013702,0.0013702,0,0.0013702,-2.1684e-19,0.99715
INT_BG+TINT_FILL_55,BG_REMOVAL,TINT_FILL_55,ttc,D-L-M-A4-s0,D,0.0028824,0,0.0028824,0.0028824,0,0.0028824,4.3368e-19,0.99699
INT_BG+TINT_FILL_55,BG_REMOVAL,TINT_FILL_55,wd,D-L-M-A4-s0,D,0.0010562,0,0.0010562,0.0010562,0,0.0010562,0,0.99699
INT_BG+TINT_FILL_55,BG_REMOVAL,TINT_FILL_55,ttc,D-L-S-A4-s0,D,0.0020323,0,0.0020323,0.0020323,0,0.0020323,0,0.99651
INT_BG+TINT_FILL_55,BG_REMOVAL,TINT_FILL_55,wd,D-L-S-A4-s0,D,0.00076403,0,0.00076403,0.00076403,0,0.00076403,0,0.99651
INT_BG+TINT_FILL_55,BG_REMOVAL,TINT_FILL_55,ttc,D-M-L-A4-s0,D,0.0038626,0,0.0038626,0.0038626,0,0.0038626,8.6736e-19,0.99715
INT_BG+TINT_FILL_55,BG_REMOVAL,TINT_FILL_55,wd,D-M-L-A4-s0,D,0.0013702,0,0.0013702,0.0013702,0,0.0013702,-2.1684e-19,0.99715
INT_BG+TINT_FILL_55,BG_REMOVAL,TINT_FILL_55,ttc,D-M-M-A4-s0,D,0.0038451,0,0.0038451,0.0038451,0,0.0038451,4.3368e-19,0.97225
INT_BG+TINT_FILL_55,BG_REMOVAL,TINT_FILL_55,wd,D-M-M-A4-s0,D,0.0013214,0,0.0013214,0.0013214,0,0.0013214,1.0842e-18,0.97225
INT_BG+TINT_FILL_55,BG_REMOVAL,TINT_FILL_55,ttc,D-M-S-A4-s0,D,0.0025797,0,0.0025797,0.0025797,0,0.0025797,-8.6736e-19,0.98094
INT_BG+TINT_FILL_55,BG_REMOVAL,TINT_FILL_55,wd,D-M-S-A4-s0,D,0.00089653,0,0.00089653,0.00089653,0,0.00089653,5.421e-19,0.98094
INT_BG+TINT_FILL_55,BG_REMOVAL,TINT_FILL_55,ttc,E-H-L-A4-s0,E,0.062407,0,0.062407,0.062407,0,0.062407,0,0.93893
INT_BG+TINT_FILL_55,BG_REMOVAL,TINT_FILL_55,wd,E-H-L-A4-s0,E,0.027773,0,0.027773,0.027773,0,0.027773,-3.4694e-18,0.93893
INT_BG+TINT_FILL_55,BG_REMOVAL,TINT_FILL_55,ttc,E-H-M-A4-s0,E,0.059769,0,0.059769,0.059769,0,0.059769,-6.9389e-18,0.95849
INT_BG+TINT_FILL_55,BG_REMOVAL,TINT_FILL_55,wd,E-H-M-A4-s0,E,0.026697,0,0.026697,0.026697,0,0.026697,0,0.95849
INT_BG+TINT_FILL_55,BG_REMOVAL,TINT_FILL_55,ttc,E-H-S-A4-s0,E,0.066759,0,0.066759,0.066759,0,0.066759,0,0.95397
INT_BG+TINT_FILL_55,BG_REMOVAL,TINT_FILL_55,wd,E-H-S-A4-s0,E,0.030056,0,0.030056,0.030056,0,0.030056,-3.4694e-18,0.95397
INT_BG+TINT_FILL_55,BG_REMOVAL,TINT_FILL_55,ttc,E-L-L-A4-s0,E,0.023734,0,0.023734,0.023734,0,0.023734,0,0.94591
INT_BG+TINT_FILL_55,BG_REMOVAL,TINT_FILL_55,wd,E-L-L-A4-s0,E,0.010786,0,0.010786,0.010786,0,0.010786,-1.7347e-18,0.94591
INT_BG+TINT_FILL_55,BG_REMOVAL,TINT_FILL_55,ttc,E-L-M-A4-s0,E,0.020564,0,0.020564,0.020564,0,0.020564,-3.4694e-18,0.95755
INT_BG+TINT_FILL_55,BG_REMOVAL,TINT_FILL_55,wd,E-L-M-A4-s0,E,0.0096183,0,0.0096183,0.0096183,0,0.0096183,1.7347e-18,0.95755
INT_BG+TINT_FILL_55,BG_REMOVAL,TINT_FILL_55,ttc,E-L-S-A4-s0,E,0.020634,0,0.020634,0.020634,0,0.020634,3.4694e-18,0.95371
INT_BG+TINT_FILL_55,BG_REMOVAL,TINT_FILL_55,wd,E-L-S-A4-s0,E,0.0091429,0,0.0091429,0.0091429,0,0.0091429,-1.7347e-18,0.95371
INT_BG+TINT_FILL_55,BG_REMOVAL,TINT_FILL_55,ttc,E-M-L-A4-s0,E,0.043077,0,0.043077,0.043077,0,0.043077,-6.9389e-18,0.94541
INT_BG+TINT_FILL_55,BG_REMOVAL,TINT_FILL_55,wd,E-M-L-A4-s0,E,0.019271,0,0.019271,0.019271,0,0.019271,3.4694e-18,0.94541
INT_BG+TINT_FILL_55,BG_REMOVAL,TINT_FILL_55,ttc,E-M-M-A4-s0,E,0.038715,0,0.038715,0.038715,0,0.038715,0,0.95743
INT_BG+TINT_FILL_55,BG_REMOVAL,TINT_FILL_55,wd,E-M-M-A4-s0,E,0.017259,0,0.017259,0.017259,0,0.017259,-3.4694e-18,0.95743
INT_BG+TINT_FILL_55,BG_REMOVAL,TINT_FILL_55,ttc,E-M-S-A4-s0,E,0.046568,0,0.046568,0.046568,0,0.046568,-6.9389e-18,0.95518
INT_BG+TINT_FILL_55,BG_REMOVAL,TINT_FILL_55,wd,E-M-S-A4-s0,E,0.020183,0,0.020183,0.020183,0,0.020183,-3.4694e-18,0.95518
INT_BG+TINT_FILL_55,BG_REMOVAL,TINT_FILL_55,ttc,F-H-L-A4-s0,F,0.84545,0.53236,0.55584,1.0882,-0.24275,0.83524,0.01021,1
INT_BG+TINT_FILL_55,BG_REMOVAL,TINT_FILL_55,wd,F-H-L-A4-s0,F,0.2879,0.18325,0.18707,0.37033,-0.082431,0.2911,-0.0032069,1
INT_BG+TINT_FILL_55,BG_REMOVAL,TINT_FILL_55,ttc,F-H-M-A4-s0,F,0.846,0.52168,0.56223,1.0839,-0.23792,0.83471,0.011291,1
INT_BG+TINT_FILL_55,BG_REMOVAL,TINT_FILL_55,wd,F-H-M-A4-s0,F,0.28738,0.17967,0.18853,0.3682,-0.080817,0.28945,-0.0020717,1
INT_BG+TINT_FILL_55,BG_REMOVAL,TINT_FILL_55,ttc,F-H-S-A4-s0,F,0.85427,0.5644,0.5473,1.1117,-0.25744,0.84185,0.012419,1
INT_BG+TINT_FILL_55,BG_REMOVAL,TINT_FILL_55,wd,F-H-S-A4-s0,F,0.29348,0.19439,0.18653,0.38092,-0.08744,0.29495,-0.0014747,1
INT_BG+TINT_FILL_55,BG_REMOVAL,TINT_FILL_55,ttc,F-L-L-A4-s0,F,0.27772,0,0.27772,0.27772,0,0.27772,5.5511e-17,0.9911
INT_BG+TINT_FILL_55,BG_REMOVAL,TINT_FILL_55,wd,F-L-L-A4-s0,F,0.092161,0,0.092161,0.092161,0,0.092161,0,0.9911
INT_BG+TINT_FILL_55,BG_REMOVAL,TINT_FILL_55,ttc,F-L-M-A4-s0,F,0.2538,0,0.2538,0.2538,0,0.2538,0,0.99273
INT_BG+TINT_FILL_55,BG_REMOVAL,TINT_FILL_55,wd,F-L-M-A4-s0,F,0.086655,0,0.086655,0.086655,0,0.086655,0,0.99273
INT_BG+TINT_FILL_55,BG_REMOVAL,TINT_FILL_55,ttc,F-L-S-A4-s0,F,0.21272,0,0.21272,0.21272,0,0.21272,0,0.99095
INT_BG+TINT_FILL_55,BG_REMOVAL,TINT_FILL_55,wd,F-L-S-A4-s0,F,0.072264,0,0.072264,0.072264,0,0.072264,0,0.99095
INT_BG+TINT_FILL_55,BG_REMOVAL,TINT_FILL_55,ttc,F-M-L-A4-s0,F,0.45032,0.1726,0.35552,0.52812,-0.077798,0.44525,0.0050725,0.99183
INT_BG+TINT_FILL_55,BG_REMOVAL,TINT_FILL_55,wd,F-M-L-A4-s0,F,0.12343,0.031264,0.10561,0.13688,-0.013453,0.12382,-0.00039543,0.99183
INT_BG+TINT_FILL_55,BG_REMOVAL,TINT_FILL_55,ttc,F-M-M-A4-s0,F,0.46291,0.16695,0.37121,0.53816,-0.075258,0.45731,0.0055974,0.99119
INT_BG+TINT_FILL_55,BG_REMOVAL,TINT_FILL_55,wd,F-M-M-A4-s0,F,0.12799,0.030261,0.11075,0.14101,-0.013021,0.12804,-5.4678e-05,0.99119
INT_BG+TINT_FILL_55,BG_REMOVAL,TINT_FILL_55,ttc,F-M-S-A4-s0,F,0.44599,0.17749,0.34851,0.526,-0.080015,0.43958,0.0064078,0.99119
INT_BG+TINT_FILL_55,BG_REMOVAL,TINT_FILL_55,wd,F-M-S-A4-s0,F,0.12373,0.032171,0.1054,0.13757,-0.013843,0.1236,0.00012467,0.99119
INT_BG+TINT_FILL_55,BG_REMOVAL,TINT_FILL_55,ttc,G-H-L-A4-s0,G,0,0,0,0,0,0,0,1
INT_BG+TINT_FILL_55,BG_REMOVAL,TINT_FILL_55,wd,G-H-L-A4-s0,G,0,0,0,0,0,0,0,1
INT_BG+TINT_FILL_55,BG_REMOVAL,TINT_FILL_55,ttc,G-H-M-A4-s0,G,0,0,0,0,0,0,0,1
INT_BG+TINT_FILL_55,BG_REMOVAL,TINT_FILL_55,wd,G-H-M-A4-s0,G,0,0,0,0,0,0,0,1
INT_BG+TINT_FILL_55,BG_REMOVAL,TINT_FILL_55,ttc,G-H-S-A4-s0,G,0,0,0,0,0,0,0,1
INT_BG+TINT_FILL_55,BG_REMOVAL,TINT_FILL_55,wd,G-H-S-A4-s0,G,0,0,0,0,0,0,0,1
INT_BG+TINT_FILL_55,BG_REMOVAL,TINT_FILL_55,ttc,G-L-L-A4-s0,G,0,0,0,0,0,0,0,1
INT_BG+TINT_FILL_55,BG_REMOVAL,TINT_FILL_55,wd,G-L-L-A4-s0,G,0,0,0,0,0,0,0,1
INT_BG+TINT_FILL_55,BG_REMOVAL,TINT_FILL_55,ttc,G-L-M-A4-s0,G,0,0,0,0,0,0,0,1
INT_BG+TINT_FILL_55,BG_REMOVAL,TINT_FILL_55,wd,G-L-M-A4-s0,G,0,0,0,0,0,0,0,1
INT_BG+TINT_FILL_55,BG_REMOVAL,TINT_FILL_55,ttc,G-L-S-A4-s0,G,0,0,0,0,0,0,0,1
INT_BG+TINT_FILL_55,BG_REMOVAL,TINT_FILL_55,wd,G-L-S-A4-s0,G,0,0,0,0,0,0,0,1
INT_BG+TINT_FILL_55,BG_REMOVAL,TINT_FILL_55,ttc,G-M-L-A4-s0,G,0,0,0,0,0,0,0,1
INT_BG+TINT_FILL_55,BG_REMOVAL,TINT_FILL_55,wd,G-M-L-A4-s0,G,0,0,0,0,0,0,0,1
INT_BG+TINT_FILL_55,BG_REMOVAL,TINT_FILL_55,ttc,G-M-M-A4-s0,G,0,0,0,0,0,0,0,1
INT_BG+TINT_FILL_55,BG_REMOVAL,TINT_FILL_55,wd,G-M-M-A4-s0,G,0,0,0,0,0,0,0,1
INT_BG+TINT_FILL_55,BG_REMOVAL,TINT_FILL_55,ttc,G-M-S-A4-s0,G,0,0,0,0,0,0,0,1
INT_BG+TINT_FILL_55,BG_REMOVAL,TINT_FILL_55,wd,G-M-S-A4-s0,G,0,0,0,0,0,0,0,1
INT_BG+TINT_FILL_55,BG_REMOVAL,TINT_FILL_55,ttc,H-H-L-A4-s0,H,0.0024576,0,0.0024576,0.0024576,0,0.0024576,-1.7347e-18,1
INT_BG+TINT_FILL_55,BG_REMOVAL,TINT_FILL_55,wd,H-H-L-A4-s0,H,0.0024576,0,0.0024576,0.0024576,0,0.0024576,-1.7347e-18,1
INT_BG+TINT_FILL_55,BG_REMOVAL,TINT_FILL_55,ttc,H-H-M-A4-s0,H,0.0017169,0,0.0017169,0.0017169,0,0.0017169,-1.301e-18,1
INT_BG+TINT_FILL_55,BG_REMOVAL,TINT_FILL_55,wd,H-H-M-A4-s0,H,0.0017169,0,0.0017169,0.0017169,0,0.0017169,-1.301e-18,1
INT_BG+TINT_FILL_55,BG_REMOVAL,TINT_FILL_55,ttc,H-H-S-A4-s0,H,0.0011464,0,0.0011464,0.0011464,0,0.0011464,-6.5052e-19,1
INT_BG+TINT_FILL_55,BG_REMOVAL,TINT_FILL_55,wd,H-H-S-A4-s0,H,0.0011464,0,0.0011464,0.0011464,0,0.0011464,-6.5052e-19,1
INT_BG+TINT_FILL_55,BG_REMOVAL,TINT_FILL_55,ttc,H-L-L-A4-s0,H,0.0024576,0,0.0024576,0.0024576,0,0.0024576,8.6736e-19,1
INT_BG+TINT_FILL_55,BG_REMOVAL,TINT_FILL_55,wd,H-L-L-A4-s0,H,0.0024576,0,0.0024576,0.0024576,0,0.0024576,8.6736e-19,1
INT_BG+TINT_FILL_55,BG_REMOVAL,TINT_FILL_55,ttc,H-L-M-A4-s0,H,0.001717,0,0.001717,0.001717,0,0.001717,-4.3368e-19,1
INT_BG+TINT_FILL_55,BG_REMOVAL,TINT_FILL_55,wd,H-L-M-A4-s0,H,0.001717,0,0.001717,0.001717,0,0.001717,-4.3368e-19,1
INT_BG+TINT_FILL_55,BG_REMOVAL,TINT_FILL_55,ttc,H-L-S-A4-s0,H,0.0011464,0,0.0011464,0.0011464,0,0.0011464,-4.3368e-19,1
INT_BG+TINT_FILL_55,BG_REMOVAL,TINT_FILL_55,wd,H-L-S-A4-s0,H,0.0011464,0,0.0011464,0.0011464,0,0.0011464,-4.3368e-19,1
INT_BG+TINT_FILL_55,BG_REMOVAL,TINT_FILL_55,ttc,H-M-L-A4-s0,H,0.0024576,0,0.0024576,0.0024576,0,0.0024576,-4.3368e-19,1
INT_BG+TINT_FILL_55,BG_REMOVAL,TINT_FILL_55,wd,H-M-L-A4-s0,H,0.0024576,0,0.0024576,0.0024576,0,0.0024576,-4.3368e-19,1
INT_BG+TINT_FILL_55,BG_REMOVAL,TINT_FILL_55,ttc,H-M-M-A4-s0,H,0.001717,0,0.001717,0.001717,0,0.001717,2.1684e-19,1
INT_BG+TINT_FILL_55,BG_REMOVAL,TINT_FILL_55,wd,H-M-M-A4-s0,H,0.001717,0,0.001717,0.001717,0,0.001717,2.1684e-19,1
INT_BG+TINT_FILL_55,BG_REMOVAL,TINT_FILL_55,ttc,H-M-S-A4-s0,H,0.0011464,0,0.0011464,0.0011464,0,0.0011464,6.5052e-19,1
INT_BG+TINT_FILL_55,BG_REMOVAL,TINT_FILL_55,wd,H-M-S-A4-s0,H,0.0011464,0,0.0011464,0.0011464,0,0.0011464,-1.301e-18,1
INT_BG+TINT_FILL_55,BG_REMOVAL,TINT_FILL_55,ttc,I-H-L-A4-s0,I,0.18876,0,0.18876,0.18876,0,0.18876,0,1
INT_BG+TINT_FILL_55,BG_REMOVAL,TINT_FILL_55,wd,I-H-L-A4-s0,I,0.061582,0,0.061582,0.061582,0,0.061582,0,1
INT_BG+TINT_FILL_55,BG_REMOVAL,TINT_FILL_55,ttc,I-H-M-A4-s0,I,0.18537,0,0.18537,0.18537,0,0.18537,-2.7756e-17,1
INT_BG+TINT_FILL_55,BG_REMOVAL,TINT_FILL_55,wd,I-H-M-A4-s0,I,0.059894,0,0.059894,0.059894,0,0.059894,0,1
INT_BG+TINT_FILL_55,BG_REMOVAL,TINT_FILL_55,ttc,I-H-S-A4-s0,I,0.16967,0,0.16967,0.16967,0,0.16967,-2.7756e-17,1
INT_BG+TINT_FILL_55,BG_REMOVAL,TINT_FILL_55,wd,I-H-S-A4-s0,I,0.055348,0,0.055348,0.055348,0,0.055348,-6.9389e-18,1
INT_BG+TINT_FILL_55,BG_REMOVAL,TINT_FILL_55,ttc,I-L-L-A4-s0,I,0.07897,0,0.07897,0.07897,0,0.07897,-1.3878e-17,1
INT_BG+TINT_FILL_55,BG_REMOVAL,TINT_FILL_55,wd,I-L-L-A4-s0,I,0.026405,0,0.026405,0.026405,0,0.026405,-6.9389e-18,1
INT_BG+TINT_FILL_55,BG_REMOVAL,TINT_FILL_55,ttc,I-L-M-A4-s0,I,0.071335,0,0.071335,0.071335,0,0.071335,0,1
INT_BG+TINT_FILL_55,BG_REMOVAL,TINT_FILL_55,wd,I-L-M-A4-s0,I,0.024396,0,0.024396,0.024396,0,0.024396,0,1
INT_BG+TINT_FILL_55,BG_REMOVAL,TINT_FILL_55,ttc,I-L-S-A4-s0,I,0.061721,0,0.061721,0.061721,0,0.061721,0,1
INT_BG+TINT_FILL_55,BG_REMOVAL,TINT_FILL_55,wd,I-L-S-A4-s0,I,0.021305,0,0.021305,0.021305,0,0.021305,3.4694e-18,1
INT_BG+TINT_FILL_55,BG_REMOVAL,TINT_FILL_55,ttc,I-M-L-A4-s0,I,0.13932,0,0.13932,0.13932,0,0.13932,0,1
INT_BG+TINT_FILL_55,BG_REMOVAL,TINT_FILL_55,wd,I-M-L-A4-s0,I,0.048163,0,0.048163,0.048163,0,0.048163,0,1
INT_BG+TINT_FILL_55,BG_REMOVAL,TINT_FILL_55,ttc,I-M-M-A4-s0,I,0.13354,0,0.13354,0.13354,0,0.13354,0,1
INT_BG+TINT_FILL_55,BG_REMOVAL,TINT_FILL_55,wd,I-M-M-A4-s0,I,0.046388,0,0.046388,0.046388,0,0.046388,-6.9389e-18,1
INT_BG+TINT_FILL_55,BG_REMOVAL,TINT_FILL_55,ttc,I-M-S-A4-s0,I,0.12112,0,0.12112,0.12112,0,0.12112,0,1
INT_BG+TINT_FILL_55,BG_REMOVAL,TINT_FILL_55,wd,I-M-S-A4-s0,I,0.041995,0,0.041995,0.041995,0,0.041995,0,1
INT_BG+TINT_FILL_55,BG_REMOVAL,TINT_FILL_55,ttc,J-H-L-A4-s0,J,0,0,0,0,0,0,0,1
INT_BG+TINT_FILL_55,BG_REMOVAL,TINT_FILL_55,wd,J-H-L-A4-s0,J,0,0,0,0,0,0,0,1
INT_BG+TINT_FILL_55,BG_REMOVAL,TINT_FILL_55,ttc,J-H-M-A4-s0,J,0,0,0,0,0,0,0,1
INT_BG+TINT_FILL_55,BG_REMOVAL,TINT_FILL_55,wd,J-H-M-A4-s0,J,0,0,0,0,0,0,0,1
INT_BG+TINT_FILL_55,BG_REMOVAL,TINT_FILL_55,ttc,J-H-S-A4-s0,J,0,0,0,0,0,0,0,1
INT_BG+TINT_FILL_55,BG_REMOVAL,TINT_FILL_55,wd,J-H-S-A4-s0,J,0,0,0,0,0,0,0,1
INT_BG+TINT_FILL_55,BG_REMOVAL,TINT_FILL_55,ttc,J-L-L-A4-s0,J,0,0,0,0,0,0,0,1
INT_BG+TINT_FILL_55,BG_REMOVAL,TINT_FILL_55,wd,J-L-L-A4-s0,J,0,0,0,0,0,0,0,1
INT_BG+TINT_FILL_55,BG_REMOVAL,TINT_FILL_55,ttc,J-L-M-A4-s0,J,0,0,0,0,0,0,0,1
INT_BG+TINT_FILL_55,BG_REMOVAL,TINT_FILL_55,wd,J-L-M-A4-s0,J,0,0,0,0,0,0,0,1
INT_BG+TINT_FILL_55,BG_REMOVAL,TINT_FILL_55,ttc,J-L-S-A4-s0,J,0,0,0,0,0,0,0,1
INT_BG+TINT_FILL_55,BG_REMOVAL,TINT_FILL_55,wd,J-L-S-A4-s0,J,0,0,0,0,0,0,0,1
INT_BG+TINT_FILL_55,BG_REMOVAL,TINT_FILL_55,ttc,J-M-L-A4-s0,J,0,0,0,0,0,0,0,1
INT_BG+TINT_FILL_55,BG_REMOVAL,TINT_FILL_55,wd,J-M-L-A4-s0,J,0,0,0,0,0,0,0,1
INT_BG+TINT_FILL_55,BG_REMOVAL,TINT_FILL_55,ttc,J-M-M-A4-s0,J,0,0,0,0,0,0,0,1
INT_BG+TINT_FILL_55,BG_REMOVAL,TINT_FILL_55,wd,J-M-M-A4-s0,J,0,0,0,0,0,0,0,1
INT_BG+TINT_FILL_55,BG_REMOVAL,TINT_FILL_55,ttc,J-M-S-A4-s0,J,0,0,0,0,0,0,0,1
INT_BG+TINT_FILL_55,BG_REMOVAL,TINT_FILL_55,wd,J-M-S-A4-s0,J,0,0,0,0,0,0,0,1
INT_BG+TINT_FILL_55,BG_REMOVAL,TINT_FILL_55,ttc,K-H-L-A4-s0,K,0.26194,0.22606,0.13776,0.36382,-0.10188,0.29811,-0.036175,1
INT_BG+TINT_FILL_55,BG_REMOVAL,TINT_FILL_55,wd,K-H-L-A4-s0,K,0.05275,0.04065,0.02959,0.070241,-0.017491,0.061268,-0.008518,1
INT_BG+TINT_FILL_55,BG_REMOVAL,TINT_FILL_55,ttc,K-H-M-A4-s0,K,0.2658,0.24147,0.13316,0.37464,-0.10883,0.29798,-0.032178,1
INT_BG+TINT_FILL_55,BG_REMOVAL,TINT_FILL_55,wd,K-H-M-A4-s0,K,0.051875,0.043367,0.027168,0.070535,-0.01866,0.060068,-0.0081935,1
INT_BG+TINT_FILL_55,BG_REMOVAL,TINT_FILL_55,ttc,K-H-S-A4-s0,K,0.26928,0.25361,0.12997,0.38358,-0.1143,0.29601,-0.026726,1
INT_BG+TINT_FILL_55,BG_REMOVAL,TINT_FILL_55,wd,K-H-S-A4-s0,K,0.051332,0.045559,0.025376,0.070935,-0.019603,0.058665,-0.0073333,1
INT_BG+TINT_FILL_55,BG_REMOVAL,TINT_FILL_55,ttc,K-L-L-A4-s0,K,0.26383,0.22996,0.13751,0.36748,-0.10364,0.29894,-0.035108,1
INT_BG+TINT_FILL_55,BG_REMOVAL,TINT_FILL_55,wd,K-L-L-A4-s0,K,0.053033,0.04149,0.029396,0.070886,-0.017852,0.0608,-0.0077674,1
INT_BG+TINT_FILL_55,BG_REMOVAL,TINT_FILL_55,ttc,K-L-M-A4-s0,K,0.26771,0.24476,0.13326,0.37802,-0.11031,0.29793,-0.030222,1
INT_BG+TINT_FILL_55,BG_REMOVAL,TINT_FILL_55,wd,K-L-M-A4-s0,K,0.052364,0.044195,0.027185,0.07138,-0.019016,0.059345,-0.0069808,1
INT_BG+TINT_FILL_55,BG_REMOVAL,TINT_FILL_55,ttc,K-L-S-A4-s0,K,0.27031,0.25543,0.13,0.38544,-0.11512,0.29517,-0.024858,1
INT_BG+TINT_FILL_55,BG_REMOVAL,TINT_FILL_55,wd,K-L-S-A4-s0,K,0.051669,0.04611,0.025399,0.071509,-0.01984,0.057822,-0.0061531,1
INT_BG+TINT_FILL_55,BG_REMOVAL,TINT_FILL_55,ttc,K-M-L-A4-s0,K,0.26276,0.22889,0.13703,0.36593,-0.10316,0.2984,-0.035632,1
INT_BG+TINT_FILL_55,BG_REMOVAL,TINT_FILL_55,wd,K-M-L-A4-s0,K,0.052801,0.041258,0.029296,0.070554,-0.017753,0.060872,-0.0080705,1
INT_BG+TINT_FILL_55,BG_REMOVAL,TINT_FILL_55,ttc,K-M-M-A4-s0,K,0.26726,0.24335,0.13359,0.37694,-0.10968,0.29818,-0.030919,1
INT_BG+TINT_FILL_55,BG_REMOVAL,TINT_FILL_55,wd,K-M-M-A4-s0,K,0.052281,0.043846,0.027301,0.071147,-0.018866,0.05977,-0.007489,1
INT_BG+TINT_FILL_55,BG_REMOVAL,TINT_FILL_55,ttc,K-M-S-A4-s0,K,0.26981,0.25438,0.13008,0.38446,-0.11465,0.29556,-0.025751,1
INT_BG+TINT_FILL_55,BG_REMOVAL,TINT_FILL_55,wd,K-M-S-A4-s0,K,0.051517,0.045826,0.025409,0.071235,-0.019718,0.05828,-0.0067635,1
INT_BG+TINT_FILL_55,BG_REMOVAL,TINT_FILL_55,ttc,L-H-L-A4-s0,L,0.25982,0,0.25982,0.25982,0,0.25982,0,0.9491
INT_BG+TINT_FILL_55,BG_REMOVAL,TINT_FILL_55,wd,L-H-L-A4-s0,L,0.088403,0,0.088403,0.088403,0,0.088403,0,0.9491
INT_BG+TINT_FILL_55,BG_REMOVAL,TINT_FILL_55,ttc,L-H-M-A4-s0,L,0.32389,0,0.32389,0.32389,0,0.32389,-5.5511e-17,0.94524
INT_BG+TINT_FILL_55,BG_REMOVAL,TINT_FILL_55,wd,L-H-M-A4-s0,L,0.10498,0,0.10498,0.10498,0,0.10498,1.3878e-17,0.94524
INT_BG+TINT_FILL_55,BG_REMOVAL,TINT_FILL_55,ttc,L-H-S-A4-s0,L,0.32136,0,0.32136,0.32136,0,0.32136,-5.5511e-17,0.93805
INT_BG+TINT_FILL_55,BG_REMOVAL,TINT_FILL_55,wd,L-H-S-A4-s0,L,0.10345,0,0.10345,0.10345,0,0.10345,0,0.93805
INT_BG+TINT_FILL_55,BG_REMOVAL,TINT_FILL_55,ttc,L-L-L-A4-s0,L,0.019554,0,0.019554,0.019554,0,0.019554,0,0.97459
INT_BG+TINT_FILL_55,BG_REMOVAL,TINT_FILL_55,wd,L-L-L-A4-s0,L,0.0074006,0,0.0074006,0.0074006,0,0.0074006,8.6736e-19,0.97459
INT_BG+TINT_FILL_55,BG_REMOVAL,TINT_FILL_55,ttc,L-L-M-A4-s0,L,0.023672,0,0.023672,0.023672,0,0.023672,0,0.97391
INT_BG+TINT_FILL_55,BG_REMOVAL,TINT_FILL_55,wd,L-L-M-A4-s0,L,0.0075994,0,0.0075994,0.0075994,0,0.0075994,8.6736e-19,0.97391
INT_BG+TINT_FILL_55,BG_REMOVAL,TINT_FILL_55,ttc,L-L-S-A4-s0,L,0.02429,0,0.02429,0.02429,0,0.02429,-3.4694e-18,0.96292
INT_BG+TINT_FILL_55,BG_REMOVAL,TINT_FILL_55,wd,L-L-S-A4-s0,L,0.0079443,0,0.0079443,0.0079443,0,0.0079443,-1.7347e-18,0.96292
INT_BG+TINT_FILL_55,BG_REMOVAL,TINT_FILL_55,ttc,L-M-L-A4-s0,L,0.041905,0,0.041905,0.041905,0,0.041905,0,0.9696
INT_BG+TINT_FILL_55,BG_REMOVAL,TINT_FILL_55,wd,L-M-L-A4-s0,L,0.013544,0,0.013544,0.013544,0,0.013544,1.7347e-18,0.9696
INT_BG+TINT_FILL_55,BG_REMOVAL,TINT_FILL_55,ttc,L-M-M-A4-s0,L,0.048037,0,0.048037,0.048037,0,0.048037,6.9389e-18,0.9646
INT_BG+TINT_FILL_55,BG_REMOVAL,TINT_FILL_55,wd,L-M-M-A4-s0,L,0.016417,0,0.016417,0.016417,0,0.016417,0,0.9646
INT_BG+TINT_FILL_55,BG_REMOVAL,TINT_FILL_55,ttc,L-M-S-A4-s0,L,0.046433,0,0.046433,0.046433,0,0.046433,6.9389e-18,0.95959
INT_BG+TINT_FILL_55,BG_REMOVAL,TINT_FILL_55,wd,L-M-S-A4-s0,L,0.015404,0,0.015404,0.015404,0,0.015404,3.4694e-18,0.95959
INT_GRAY+BG,GRAYSCALE,BG_REMOVAL,ttc,A-H-L-A4-s0,A,0,0,0,0,0,0,0,1
INT_GRAY+BG,GRAYSCALE,BG_REMOVAL,wd,A-H-L-A4-s0,A,0,0,0,0,0,0,0,1
INT_GRAY+BG,GRAYSCALE,BG_REMOVAL,ttc,A-H-M-A4-s0,A,0,0,0,0,0,0,0,1
INT_GRAY+BG,GRAYSCALE,BG_REMOVAL,wd,A-H-M-A4-s0,A,0,0,0,0,0,0,0,1
INT_GRAY+BG,GRAYSCALE,BG_REMOVAL,ttc,A-H-S-A4-s0,A,0,0,0,0,0,0,0,1
INT_GRAY+BG,GRAYSCALE,BG_REMOVAL,wd,A-H-S-A4-s0,A,0,0,0,0,0,0,0,1
INT_GRAY+BG,GRAYSCALE,BG_REMOVAL,ttc,A-L-L-A4-s0,A,0,0,0,0,0,0,0,1
INT_GRAY+BG,GRAYSCALE,BG_REMOVAL,wd,A-L-L-A4-s0,A,0,0,0,0,0,0,0,1
INT_GRAY+BG,GRAYSCALE,BG_REMOVAL,ttc,A-L-M-A4-s0,A,0,0,0,0,0,0,0,1
INT_GRAY+BG,GRAYSCALE,BG_REMOVAL,wd,A-L-M-A4-s0,A,0,0,0,0,0,0,0,1
INT_GRAY+BG,GRAYSCALE,BG_REMOVAL,ttc,A-L-S-A4-s0,A,0,0,0,0,0,0,0,1
INT_GRAY+BG,GRAYSCALE,BG_REMOVAL,wd,A-L-S-A4-s0,A,0,0,0,0,0,0,0,1
INT_GRAY+BG,GRAYSCALE,BG_REMOVAL,ttc,A-M-L-A4-s0,A,0,0,0,0,0,0,0,1
INT_GRAY+BG,GRAYSCALE,BG_REMOVAL,wd,A-M-L-A4-s0,A,0,0,0,0,0,0,0,1
INT_GRAY+BG,GRAYSCALE,BG_REMOVAL,ttc,A-M-M-A4-s0,A,0,0,0,0,0,0,0,1
INT_GRAY+BG,GRAYSCALE,BG_REMOVAL,wd,A-M-M-A4-s0,A,0,0,0,0,0,0,0,1
INT_GRAY+BG,GRAYSCALE,BG_REMOVAL,ttc,A-M-S-A4-s0,A,0,0,0,0,0,0,0,1
INT_GRAY+BG,GRAYSCALE,BG_REMOVAL,wd,A-M-S-A4-s0,A,0,0,0,0,0,0,0,1
INT_GRAY+BG,GRAYSCALE,BG_REMOVAL,ttc,B-H-L-A4-s0,B,0,0,0,0,0,0,0,1
INT_GRAY+BG,GRAYSCALE,BG_REMOVAL,wd,B-H-L-A4-s0,B,0,0,0,0,0,0,0,1
INT_GRAY+BG,GRAYSCALE,BG_REMOVAL,ttc,B-H-M-A4-s0,B,0,0,0,0,0,0,0,1
INT_GRAY+BG,GRAYSCALE,BG_REMOVAL,wd,B-H-M-A4-s0,B,0,0,0,0,0,0,0,1
INT_GRAY+BG,GRAYSCALE,BG_REMOVAL,ttc,B-H-S-A4-s0,B,0,0,0,0,0,0,0,1
INT_GRAY+BG,GRAYSCALE,BG_REMOVAL,wd,B-H-S-A4-s0,B,0,0,0,0,0,0,0,1
INT_GRAY+BG,GRAYSCALE,BG_REMOVAL,ttc,B-L-L-A4-s0,B,0,0,0,0,0,0,0,1
INT_GRAY+BG,GRAYSCALE,BG_REMOVAL,wd,B-L-L-A4-s0,B,0,0,0,0,0,0,0,1
INT_GRAY+BG,GRAYSCALE,BG_REMOVAL,ttc,B-L-M-A4-s0,B,0,0,0,0,0,0,0,1
INT_GRAY+BG,GRAYSCALE,BG_REMOVAL,wd,B-L-M-A4-s0,B,0,0,0,0,0,0,0,1
INT_GRAY+BG,GRAYSCALE,BG_REMOVAL,ttc,B-L-S-A4-s0,B,0,0,0,0,0,0,0,1
INT_GRAY+BG,GRAYSCALE,BG_REMOVAL,wd,B-L-S-A4-s0,B,0,0,0,0,0,0,0,1
INT_GRAY+BG,GRAYSCALE,BG_REMOVAL,ttc,B-M-L-A4-s0,B,0,0,0,0,0,0,0,1
INT_GRAY+BG,GRAYSCALE,BG_REMOVAL,wd,B-M-L-A4-s0,B,0,0,0,0,0,0,0,1
INT_GRAY+BG,GRAYSCALE,BG_REMOVAL,ttc,B-M-M-A4-s0,B,0,0,0,0,0,0,0,1
INT_GRAY+BG,GRAYSCALE,BG_REMOVAL,wd,B-M-M-A4-s0,B,0,0,0,0,0,0,0,1
INT_GRAY+BG,GRAYSCALE,BG_REMOVAL,ttc,B-M-S-A4-s0,B,0,0,0,0,0,0,0,1
INT_GRAY+BG,GRAYSCALE,BG_REMOVAL,wd,B-M-S-A4-s0,B,0,0,0,0,0,0,0,1
INT_GRAY+BG,GRAYSCALE,BG_REMOVAL,ttc,C-H-L-A4-s0,C,0,0,0,0,0,0,0,1
INT_GRAY+BG,GRAYSCALE,BG_REMOVAL,wd,C-H-L-A4-s0,C,0,0,0,0,0,0,0,1
INT_GRAY+BG,GRAYSCALE,BG_REMOVAL,ttc,C-H-M-A4-s0,C,0,0,0,0,0,0,0,1
INT_GRAY+BG,GRAYSCALE,BG_REMOVAL,wd,C-H-M-A4-s0,C,0,0,0,0,0,0,0,1
INT_GRAY+BG,GRAYSCALE,BG_REMOVAL,ttc,C-H-S-A4-s0,C,0,0,0,0,0,0,0,1
INT_GRAY+BG,GRAYSCALE,BG_REMOVAL,wd,C-H-S-A4-s0,C,0,0,0,0,0,0,0,1
INT_GRAY+BG,GRAYSCALE,BG_REMOVAL,ttc,C-L-L-A4-s0,C,0,0,0,0,0,0,0,1
INT_GRAY+BG,GRAYSCALE,BG_REMOVAL,wd,C-L-L-A4-s0,C,0,0,0,0,0,0,0,1
INT_GRAY+BG,GRAYSCALE,BG_REMOVAL,ttc,C-L-M-A4-s0,C,0,0,0,0,0,0,0,1
INT_GRAY+BG,GRAYSCALE,BG_REMOVAL,wd,C-L-M-A4-s0,C,0,0,0,0,0,0,0,1
INT_GRAY+BG,GRAYSCALE,BG_REMOVAL,ttc,C-L-S-A4-s0,C,0,0,0,0,0,0,0,1
INT_GRAY+BG,GRAYSCALE,BG_REMOVAL,wd,C-L-S-A4-s0,C,0,0,0,0,0,0,0,1
INT_GRAY+BG,GRAYSCALE,BG_REMOVAL,ttc,C-M-L-A4-s0,C,0,0,0,0,0,0,0,1
INT_GRAY+BG,GRAYSCALE,BG_REMOVAL,wd,C-M-L-A4-s0,C,0,0,0,0,0,0,0,1
INT_GRAY+BG,GRAYSCALE,BG_REMOVAL,ttc,C-M-M-A4-s0,C,0,0,0,0,0,0,0,1
INT_GRAY+BG,GRAYSCALE,BG_REMOVAL,wd,C-M-M-A4-s0,C,0,0,0,0,0,0,0,1
INT_GRAY+BG,GRAYSCALE,BG_REMOVAL,ttc,C-M-S-A4-s0,C,0,0,0,0,0,0,0,1
INT_GRAY+BG,GRAYSCALE,BG_REMOVAL,wd,C-M-S-A4-s0,C,0,0,0,0,0,0,0,1
INT_GRAY+BG,GRAYSCALE,BG_REMOVAL,ttc,D-H-L-A4-s0,D,0.0082864,0.0082864,0,0.0082864,0,0.0082864,-1.7347e-18,1
INT_GRAY+BG,GRAYSCALE,BG_REMOVAL,wd,D-H-L-A4-s0,D,6.9559e-05,6.9559e-05,0,6.9559e-05,0,6.9559e-05,-4.7434e-19,1
INT_GRAY+BG,GRAYSCALE,BG_REMOVAL,ttc,D-H-M-A4-s0,D,0.0061872,0.0061872,0,0.0061872,0,0.0061872,1.7347e-18,1
INT_GRAY+BG,GRAYSCALE,BG_REMOVAL,wd,D-H-M-A4-s0,D,5.4235e-05,5.4235e-05,0,5.4235e-05,0,5.4235e-05,-9.6901e-19,1
INT_GRAY+BG,GRAYSCALE,BG_REMOVAL,ttc,D-H-S-A4-s0,D,0.0040488,0.0040488,0,0.0040488,0,0.0040488,8.6736e-19,1
INT_GRAY+BG,GRAYSCALE,BG_REMOVAL,wd,D-H-S-A4-s0,D,3.9566e-05,3.9566e-05,0,3.9566e-05,0,3.9566e-05,-2.1006e-19,1
INT_GRAY+BG,GRAYSCALE,BG_REMOVAL,ttc,D-L-L-A4-s0,D,0.0057946,0.0057946,0,0.0057946,0,0.0057946,0,0.99999
INT_GRAY+BG,GRAYSCALE,BG_REMOVAL,wd,D-L-L-A4-s0,D,6.8015e-05,6.8015e-05,0,6.8015e-05,0,6.8015e-05,-2.3039e-19,0.99999
INT_GRAY+BG,GRAYSCALE,BG_REMOVAL,ttc,D-L-M-A4-s0,D,0.0042321,0.0042321,0,0.0042321,0,0.0042321,0,0.99999
INT_GRAY+BG,GRAYSCALE,BG_REMOVAL,wd,D-L-M-A4-s0,D,5.3886e-05,5.3886e-05,0,5.3886e-05,0,5.3886e-05,4.0658e-19,0.99999
INT_GRAY+BG,GRAYSCALE,BG_REMOVAL,ttc,D-L-S-A4-s0,D,0.0029257,0.0029257,0,0.0029257,0,0.0029257,0,0.99999
INT_GRAY+BG,GRAYSCALE,BG_REMOVAL,wd,D-L-S-A4-s0,D,3.9787e-05,3.9787e-05,0,3.9787e-05,0,3.9787e-05,1.152e-19,0.99999
INT_GRAY+BG,GRAYSCALE,BG_REMOVAL,ttc,D-M-L-A4-s0,D,0.0057946,0.0057946,0,0.0057946,0,0.0057946,1.7347e-18,0.99999
INT_GRAY+BG,GRAYSCALE,BG_REMOVAL,wd,D-M-L-A4-s0,D,6.8016e-05,6.8016e-05,0,6.8016e-05,0,6.8016e-05,-6.0986e-19,0.99999
INT_GRAY+BG,GRAYSCALE,BG_REMOVAL,ttc,D-M-M-A4-s0,D,0.0054291,0.0054291,0,0.0054291,0,0.0054291,-8.6736e-19,1
INT_GRAY+BG,GRAYSCALE,BG_REMOVAL,wd,D-M-M-A4-s0,D,5.4605e-05,5.4605e-05,0,5.4605e-05,0,5.4605e-05,1.2875e-19,1
INT_GRAY+BG,GRAYSCALE,BG_REMOVAL,ttc,D-M-S-A4-s0,D,0.0037053,0.0037053,0,0.0037053,0,0.0037053,-4.3368e-19,1
INT_GRAY+BG,GRAYSCALE,BG_REMOVAL,wd,D-M-S-A4-s0,D,3.9916e-05,3.9916e-05,0,3.9916e-05,0,3.9916e-05,1.423e-19,1
INT_GRAY+BG,GRAYSCALE,BG_REMOVAL,ttc,E-H-L-A4-s0,E,0.063979,0.063979,0,0.063979,0,0.063979,0,0.99999
INT_GRAY+BG,GRAYSCALE,BG_REMOVAL,wd,E-H-L-A4-s0,E,-0.00010891,-0.00010891,0,-0.00010891,0,-0.00010891,-4.7163e-18,0.99999
INT_GRAY+BG,GRAYSCALE,BG_REMOVAL,ttc,E-H-M-A4-s0,E,0.060484,0.060484,0,0.060484,0,0.060484,0,0.99999
INT_GRAY+BG,GRAYSCALE,BG_REMOVAL,wd,E-H-M-A4-s0,E,-9.4689e-05,-9.4689e-05,0,-9.4689e-05,0,-9.4689e-05,-4.269e-18,0.99999
INT_GRAY+BG,GRAYSCALE,BG_REMOVAL,ttc,E-H-S-A4-s0,E,0.067557,0.067557,0,0.067557,0,0.067557,0,0.99999
INT_GRAY+BG,GRAYSCALE,BG_REMOVAL,wd,E-H-S-A4-s0,E,-0.0001255,-0.0001255,0,-0.0001255,0,-0.0001255,-2.7105e-20,0.99999
INT_GRAY+BG,GRAYSCALE,BG_REMOVAL,ttc,E-L-L-A4-s0,E,0.023677,0.023677,0,0.023677,0,0.023677,0,0.99999
INT_GRAY+BG,GRAYSCALE,BG_REMOVAL,wd,E-L-L-A4-s0,E,-4.2159e-05,-4.2159e-05,0,-4.2159e-05,0,-4.2159e-05,-2.5614e-18,0.99999
INT_GRAY+BG,GRAYSCALE,BG_REMOVAL,ttc,E-L-M-A4-s0,E,0.020172,0.020172,0,0.020172,0,0.020172,0,0.99999
INT_GRAY+BG,GRAYSCALE,BG_REMOVAL,wd,E-L-M-A4-s0,E,-4.0412e-05,-4.0412e-05,0,-4.0412e-05,0,-4.0412e-05,-4.1335e-19,0.99999
INT_GRAY+BG,GRAYSCALE,BG_REMOVAL,ttc,E-L-S-A4-s0,E,0.021385,0.021385,0,0.021385,0,0.021385,3.4694e-18,0.99999
INT_GRAY+BG,GRAYSCALE,BG_REMOVAL,wd,E-L-S-A4-s0,E,-3.9475e-05,-3.9475e-05,0,-3.9475e-05,0,-3.9475e-05,-2.785e-18,0.99999
INT_GRAY+BG,GRAYSCALE,BG_REMOVAL,ttc,E-M-L-A4-s0,E,0.043399,0.043399,0,0.043399,0,0.043399,0,0.99999
INT_GRAY+BG,GRAYSCALE,BG_REMOVAL,wd,E-M-L-A4-s0,E,-8.288e-05,-8.288e-05,0,-8.288e-05,0,-8.288e-05,1.2739e-18,0.99999
INT_GRAY+BG,GRAYSCALE,BG_REMOVAL,ttc,E-M-M-A4-s0,E,0.039293,0.039293,0,0.039293,0,0.039293,0,0.99999
INT_GRAY+BG,GRAYSCALE,BG_REMOVAL,wd,E-M-M-A4-s0,E,-5.3573e-05,-5.3573e-05,0,-5.3573e-05,0,-5.3573e-05,2.5885e-18,0.99999
INT_GRAY+BG,GRAYSCALE,BG_REMOVAL,ttc,E-M-S-A4-s0,E,0.048438,0.048438,0,0.048438,0,0.048438,0,0.99999
INT_GRAY+BG,GRAYSCALE,BG_REMOVAL,wd,E-M-S-A4-s0,E,-7.914e-05,-7.914e-05,0,-7.914e-05,0,-7.914e-05,-2.1277e-18,0.99999
INT_GRAY+BG,GRAYSCALE,BG_REMOVAL,ttc,F-H-L-A4-s0,F,0.9203,0.73684,0.53236,1.2692,-0.3489,0.93386,-0.013564,1
INT_GRAY+BG,GRAYSCALE,BG_REMOVAL,wd,F-H-L-A4-s0,F,0.18325,-0.00021607,0.18325,0.18304,0.00021046,0.18313,0.00011896,1
INT_GRAY+BG,GRAYSCALE,BG_REMOVAL,ttc,F-H-M-A4-s0,F,0.9264,0.74653,0.52168,1.2682,-0.34181,0.93731,-0.010915,1
INT_GRAY+BG,GRAYSCALE,BG_REMOVAL,wd,F-H-M-A4-s0,F,0.1796,-0.00027487,0.17967,0.17939,0.00020641,0.17951,9.1606e-05,1
INT_GRAY+BG,GRAYSCALE,BG_REMOVAL,ttc,F-H-S-A4-s0,F,0.91722,0.72261,0.5644,1.287,-0.36979,0.93072,-0.013495,1
INT_GRAY+BG,GRAYSCALE,BG_REMOVAL,wd,F-H-S-A4-s0,F,0.19434,-0.00027648,0.19439,0.19411,0.00022326,0.19424,9.5846e-05,1
INT_GRAY+BG,GRAYSCALE,BG_REMOVAL,ttc,F-L-L-A4-s0,F,0.34617,0.34617,0,0.34617,0,0.34617,0,1
INT_GRAY+BG,GRAYSCALE,BG_REMOVAL,wd,F-L-L-A4-s0,F,-7.9766e-05,-7.9766e-05,0,-7.9766e-05,0,-7.9766e-05,2.388e-17,1
INT_GRAY+BG,GRAYSCALE,BG_REMOVAL,ttc,F-L-M-A4-s0,F,0.31109,0.31109,0,0.31109,0,0.31109,0,0.99999
INT_GRAY+BG,GRAYSCALE,BG_REMOVAL,wd,F-L-M-A4-s0,F,3.1292e-05,3.1292e-05,0,3.1292e-05,0,3.1292e-05,2.0464e-18,0.99999
INT_GRAY+BG,GRAYSCALE,BG_REMOVAL,ttc,F-L-S-A4-s0,F,0.25974,0.25974,0,0.25974,0,0.25974,0,0.99997
INT_GRAY+BG,GRAYSCALE,BG_REMOVAL,wd,F-L-S-A4-s0,F,3.159e-06,3.159e-06,0,3.159e-06,0,3.159e-06,-5.5371e-18,0.99997
INT_GRAY+BG,GRAYSCALE,BG_REMOVAL,ttc,F-M-L-A4-s0,F,0.51877,0.48712,0.1726,0.65972,-0.14095,0.54618,-0.027404,1
INT_GRAY+BG,GRAYSCALE,BG_REMOVAL,wd,F-M-L-A4-s0,F,0.031184,-0.00046498,0.031264,0.030799,0.00038521,0.030857,0.00032772,1
INT_GRAY+BG,GRAYSCALE,BG_REMOVAL,ttc,F-M-M-A4-s0,F,0.53816,0.50753,0.16695,0.67448,-0.13632,0.56393,-0.025771,1
INT_GRAY+BG,GRAYSCALE,BG_REMOVAL,wd,F-M-M-A4-s0,F,0.030134,-0.0004999,0.030261,0.029761,0.00037292,0.02982,0.00031439,1
INT_GRAY+BG,GRAYSCALE,BG_REMOVAL,ttc,F-M-S-A4-s0,F,0.50507,0.4725,0.17749,0.64999,-0.14492,0.53282,-0.027753,1
INT_GRAY+BG,GRAYSCALE,BG_REMOVAL,wd,F-M-S-A4-s0,F,0.032074,-0.00049317,0.032171,0.031678,0.00039637,0.031743,0.00033101,1
INT_GRAY+BG,GRAYSCALE,BG_REMOVAL,ttc,G-H-L-A4-s0,G,0,0,0,0,0,0,0,1
INT_GRAY+BG,GRAYSCALE,BG_REMOVAL,wd,G-H-L-A4-s0,G,0,0,0,0,0,0,0,1
INT_GRAY+BG,GRAYSCALE,BG_REMOVAL,ttc,G-H-M-A4-s0,G,0,0,0,0,0,0,0,1
INT_GRAY+BG,GRAYSCALE,BG_REMOVAL,wd,G-H-M-A4-s0,G,0,0,0,0,0,0,0,1
INT_GRAY+BG,GRAYSCALE,BG_REMOVAL,ttc,G-H-S-A4-s0,G,0,0,0,0,0,0,0,1
INT_GRAY+BG,GRAYSCALE,BG_REMOVAL,wd,G-H-S-A4-s0,G,0,0,0,0,0,0,0,1
INT_GRAY+BG,GRAYSCALE,BG_REMOVAL,ttc,G-L-L-A4-s0,G,0,0,0,0,0,0,0,1
INT_GRAY+BG,GRAYSCALE,BG_REMOVAL,wd,G-L-L-A4-s0,G,0,0,0,0,0,0,0,1
INT_GRAY+BG,GRAYSCALE,BG_REMOVAL,ttc,G-L-M-A4-s0,G,0,0,0,0,0,0,0,1
INT_GRAY+BG,GRAYSCALE,BG_REMOVAL,wd,G-L-M-A4-s0,G,0,0,0,0,0,0,0,1
INT_GRAY+BG,GRAYSCALE,BG_REMOVAL,ttc,G-L-S-A4-s0,G,0,0,0,0,0,0,0,1
INT_GRAY+BG,GRAYSCALE,BG_REMOVAL,wd,G-L-S-A4-s0,G,0,0,0,0,0,0,0,1
INT_GRAY+BG,GRAYSCALE,BG_REMOVAL,ttc,G-M-L-A4-s0,G,0,0,0,0,0,0,0,1
INT_GRAY+BG,GRAYSCALE,BG_REMOVAL,wd,G-M-L-A4-s0,G,0,0,0,0,0,0,0,1
INT_GRAY+BG,GRAYSCALE,BG_REMOVAL,ttc,G-M-M-A4-s0,G,0,0,0,0,0,0,0,1
INT_GRAY+BG,GRAYSCALE,BG_REMOVAL,wd,G-M-M-A4-s0,G,0,0,0,0,0,0,0,1
INT_GRAY+BG,GRAYSCALE,BG_REMOVAL,ttc,G-M-S-A4-s0,G,0,0,0,0,0,0,0,1
INT_GRAY+BG,GRAYSCALE,BG_REMOVAL,wd,G-M-S-A4-s0,G,0,0,0,0,0,0,0,1
INT_GRAY+BG,GRAYSCALE,BG_REMOVAL,ttc,H-H-L-A4-s0,H,0,0,0,0,0,0,0,1
INT_GRAY+BG,GRAYSCALE,BG_REMOVAL,wd,H-H-L-A4-s0,H,0,0,0,0,0,0,0,1
INT_GRAY+BG,GRAYSCALE,BG_REMOVAL,ttc,H-H-M-A4-s0,H,0,0,0,0,0,0,0,1
INT_GRAY+BG,GRAYSCALE,BG_REMOVAL,wd,H-H-M-A4-s0,H,0,0,0,0,0,0,0,1
INT_GRAY+BG,GRAYSCALE,BG_REMOVAL,ttc,H-H-S-A4-s0,H,0,0,0,0,0,0,0,1
INT_GRAY+BG,GRAYSCALE,BG_REMOVAL,wd,H-H-S-A4-s0,H,0,0,0,0,0,0,0,1
INT_GRAY+BG,GRAYSCALE,BG_REMOVAL,ttc,H-L-L-A4-s0,H,0,0,0,0,0,0,0,1
INT_GRAY+BG,GRAYSCALE,BG_REMOVAL,wd,H-L-L-A4-s0,H,0,0,0,0,0,0,0,1
INT_GRAY+BG,GRAYSCALE,BG_REMOVAL,ttc,H-L-M-A4-s0,H,0,0,0,0,0,0,0,1
INT_GRAY+BG,GRAYSCALE,BG_REMOVAL,wd,H-L-M-A4-s0,H,0,0,0,0,0,0,0,1
INT_GRAY+BG,GRAYSCALE,BG_REMOVAL,ttc,H-L-S-A4-s0,H,0,0,0,0,0,0,0,1
INT_GRAY+BG,GRAYSCALE,BG_REMOVAL,wd,H-L-S-A4-s0,H,0,0,0,0,0,0,0,1
INT_GRAY+BG,GRAYSCALE,BG_REMOVAL,ttc,H-M-L-A4-s0,H,0,0,0,0,0,0,0,1
INT_GRAY+BG,GRAYSCALE,BG_REMOVAL,wd,H-M-L-A4-s0,H,0,0,0,0,0,0,0,1
INT_GRAY+BG,GRAYSCALE,BG_REMOVAL,ttc,H-M-M-A4-s0,H,0,0,0,0,0,0,0,1
INT_GRAY+BG,GRAYSCALE,BG_REMOVAL,wd,H-M-M-A4-s0,H,0,0,0,0,0,0,0,1
INT_GRAY+BG,GRAYSCALE,BG_REMOVAL,ttc,H-M-S-A4-s0,H,0,0,0,0,0,0,0,1
INT_GRAY+BG,GRAYSCALE,BG_REMOVAL,wd,H-M-S-A4-s0,H,0,0,0,0,0,0,0,1
INT_GRAY+BG,GRAYSCALE,BG_REMOVAL,ttc,I-H-L-A4-s0,I,0.24731,0.24731,0,0.24731,0,0.24731,2.7756e-17,0.8
INT_GRAY+BG,GRAYSCALE,BG_REMOVAL,wd,I-H-L-A4-s0,I,-0.00016193,-0.00016193,0,-0.00016193,0,-0.00016193,-7.8063e-18,0.8
INT_GRAY+BG,GRAYSCALE,BG_REMOVAL,ttc,I-H-M-A4-s0,I,0.24386,0.24386,0,0.24386,0,0.24386,0,0.8
INT_GRAY+BG,GRAYSCALE,BG_REMOVAL,wd,I-H-M-A4-s0,I,-0.00015953,-0.00015953,0,-0.00015953,0,-0.00015953,3.0087e-18,0.8
INT_GRAY+BG,GRAYSCALE,BG_REMOVAL,ttc,I-H-S-A4-s0,I,0.22406,0.22406,0,0.22406,0,0.22406,0,0.8
INT_GRAY+BG,GRAYSCALE,BG_REMOVAL,wd,I-H-S-A4-s0,I,-0.00017409,-0.00017409,0,-0.00017409,0,-0.00017409,1.442e-17,0.8
INT_GRAY+BG,GRAYSCALE,BG_REMOVAL,ttc,I-L-L-A4-s0,I,0.099776,0.099776,0,0.099776,0,0.099776,0,0.7
INT_GRAY+BG,GRAYSCALE,BG_REMOVAL,wd,I-L-L-A4-s0,I,-5.8517e-05,-5.8517e-05,0,-5.8517e-05,0,-5.8517e-05,4.8789e-18,0.7
INT_GRAY+BG,GRAYSCALE,BG_REMOVAL,ttc,I-L-M-A4-s0,I,0.089472,0.089472,0,0.089472,0,0.089472,0,0.7
INT_GRAY+BG,GRAYSCALE,BG_REMOVAL,wd,I-L-M-A4-s0,I,-5.9105e-05,-5.9105e-05,0,-5.9105e-05,0,-5.9105e-05,-2.2904e-18,0.7
INT_GRAY+BG,GRAYSCALE,BG_REMOVAL,ttc,I-L-S-A4-s0,I,0.076555,0.076555,0,0.076555,0,0.076555,0,0.7
INT_GRAY+BG,GRAYSCALE,BG_REMOVAL,wd,I-L-S-A4-s0,I,-5.4065e-05,-5.4065e-05,0,-5.4065e-05,0,-5.4065e-05,4.513e-18,0.7
INT_GRAY+BG,GRAYSCALE,BG_REMOVAL,ttc,I-M-L-A4-s0,I,0.1743,0.1743,0,0.1743,0,0.1743,2.7756e-17,0.7
INT_GRAY+BG,GRAYSCALE,BG_REMOVAL,wd,I-M-L-A4-s0,I,-0.00012435,-0.00012435,0,-0.00012435,0,-0.00012435,-2.5479e-18,0.7
INT_GRAY+BG,GRAYSCALE,BG_REMOVAL,ttc,I-M-M-A4-s0,I,0.16475,0.16475,0,0.16475,0,0.16475,0,0.7
INT_GRAY+BG,GRAYSCALE,BG_REMOVAL,wd,I-M-M-A4-s0,I,-0.00011788,-0.00011788,0,-0.00011788,0,-0.00011788,-4.5265e-18,0.7
INT_GRAY+BG,GRAYSCALE,BG_REMOVAL,ttc,I-M-S-A4-s0,I,0.1513,0.1513,0,0.1513,0,0.1513,0,0.7
INT_GRAY+BG,GRAYSCALE,BG_REMOVAL,wd,I-M-S-A4-s0,I,-0.00012156,-0.00012156,0,-0.00012156,0,-0.00012156,-7.4674e-18,0.7
INT_GRAY+BG,GRAYSCALE,BG_REMOVAL,ttc,J-H-L-A4-s0,J,0,0,0,0,0,0,0,1
INT_GRAY+BG,GRAYSCALE,BG_REMOVAL,wd,J-H-L-A4-s0,J,0,0,0,0,0,0,0,1
INT_GRAY+BG,GRAYSCALE,BG_REMOVAL,ttc,J-H-M-A4-s0,J,0,0,0,0,0,0,0,1
INT_GRAY+BG,GRAYSCALE,BG_REMOVAL,wd,J-H-M-A4-s0,J,0,0,0,0,0,0,0,1
INT_GRAY+BG,GRAYSCALE,BG_REMOVAL,ttc,J-H-S-A4-s0,J,0,0,0,0,0,0,0,1
INT_GRAY+BG,GRAYSCALE,BG_REMOVAL,wd,J-H-S-A4-s0,J,0,0,0,0,0,0,0,1
INT_GRAY+BG,GRAYSCALE,BG_REMOVAL,ttc,J-L-L-A4-s0,J,0,0,0,0,0,0,0,1
INT_GRAY+BG,GRAYSCALE,BG_REMOVAL,wd,J-L-L-A4-s0,J,0,0,0,0,0,0,0,1
INT_GRAY+BG,GRAYSCALE,BG_REMOVAL,ttc,J-L-M-A4-s0,J,0,0,0,0,0,0,0,1
INT_GRAY+BG,GRAYSCALE,BG_REMOVAL,wd,J-L-M-A4-s0,J,0,0,0,0,0,0,0,1
INT_GRAY+BG,GRAYSCALE,BG_REMOVAL,ttc,J-L-S-A4-s0,J,0,0,0,0,0,0,0,1
INT_GRAY+BG,GRAYSCALE,BG_REMOVAL,wd,J-L-S-A4-s0,J,0,0,0,0,0,0,0,1
INT_GRAY+BG,GRAYSCALE,BG_REMOVAL,ttc,J-M-L-A4-s0,J,0,0,0,0,0,0,0,1
INT_GRAY+BG,GRAYSCALE,BG_REMOVAL,wd,J-M-L-A4-s0,J,0,0,0,0,0,0,0,1
INT_GRAY+BG,GRAYSCALE,BG_REMOVAL,ttc,J-M-M-A4-s0,J,0,0,0,0,0,0,0,1
INT_GRAY+BG,GRAYSCALE,BG_REMOVAL,wd,J-M-M-A4-s0,J,0,0,0,0,0,0,0,1
INT_GRAY+BG,GRAYSCALE,BG_REMOVAL,ttc,J-M-S-A4-s0,J,0,0,0,0,0,0,0,1
INT_GRAY+BG,GRAYSCALE,BG_REMOVAL,wd,J-M-S-A4-s0,J,0,0,0,0,0,0,0,1
INT_GRAY+BG,GRAYSCALE,BG_REMOVAL,ttc,K-H-L-A4-s0,K,0.38039,0.33924,0.22606,0.56529,-0.1849,0.40349,-0.023102,1
INT_GRAY+BG,GRAYSCALE,BG_REMOVAL,wd,K-H-L-A4-s0,K,0.040489,-0.00066152,0.04065,0.039989,0.00050054,0.04019,0.00029993,1
INT_GRAY+BG,GRAYSCALE,BG_REMOVAL,ttc,K-H-M-A4-s0,K,0.35016,0.30626,0.24147,0.54774,-0.19757,0.37144,-0.021273,1
INT_GRAY+BG,GRAYSCALE,BG_REMOVAL,wd,K-H-M-A4-s0,K,0.043249,-0.00065283,0.043367,0.042715,0.00053393,0.042966,0.00028242,1
INT_GRAY+BG,GRAYSCALE,BG_REMOVAL,ttc,K-H-S-A4-s0,K,0.32764,0.28152,0.25361,0.53513,-0.20749,0.34544,-0.017802,1
INT_GRAY+BG,GRAYSCALE,BG_REMOVAL,wd,K-H-S-A4-s0,K,0.045475,-0.0006453,0.045559,0.044914,0.00056086,0.045226,0.00024883,1
INT_GRAY+BG,GRAYSCALE,BG_REMOVAL,ttc,K-L-L-A4-s0,K,0.3818,0.3398,0.22996,0.56976,-0.18796,0.40041,-0.018607,1
INT_GRAY+BG,GRAYSCALE,BG_REMOVAL,wd,K-L-L-A4-s0,K,0.041327,-0.00067338,0.04149,0.040816,0.00051085,0.041047,0.00027983,1
INT_GRAY+BG,GRAYSCALE,BG_REMOVAL,ttc,K-L-M-A4-s0,K,0.35149,0.30675,0.24476,0.55151,-0.20002,0.36714,-0.015658,1
INT_GRAY+BG,GRAYSCALE,BG_REMOVAL,wd,K-L-M-A4-s0,K,0.044076,-0.00066336,0.044195,0.043532,0.00054409,0.043825,0.0002504,1
INT_GRAY+BG,GRAYSCALE,BG_REMOVAL,ttc,K-L-S-A4-s0,K,0.32834,0.28166,0.25543,0.5371,-0.20876,0.34153,-0.013187,1
INT_GRAY+BG,GRAYSCALE,BG_REMOVAL,wd,K-L-S-A4-s0,K,0.046026,-0.00065187,0.04611,0.045458,0.00056763,0.045809,0.00021635,1
INT_GRAY+BG,GRAYSCALE,BG_REMOVAL,ttc,K-M-L-A4-s0,K,0.38073,0.33897,0.22889,0.56786,-0.18713,0.40082,-0.020083,1
INT_GRAY+BG,GRAYSCALE,BG_REMOVAL,wd,K-M-L-A4-s0,K,0.041096,-0.00067053,0.041258,0.040588,0.00050801,0.040809,0.0002864,1
INT_GRAY+BG,GRAYSCALE,BG_REMOVAL,ttc,K-M-M-A4-s0,K,0.35128,0.30689,0.24335,0.55025,-0.19897,0.36931,-0.018033,1
INT_GRAY+BG,GRAYSCALE,BG_REMOVAL,wd,K-M-M-A4-s0,K,0.043727,-0.00065836,0.043846,0.043187,0.00053981,0.043462,0.00026546,1
INT_GRAY+BG,GRAYSCALE,BG_REMOVAL,ttc,K-M-S-A4-s0,K,0.32807,0.28168,0.25438,0.53606,-0.20799,0.34355,-0.015483,1
INT_GRAY+BG,GRAYSCALE,BG_REMOVAL,wd,K-M-S-A4-s0,K,0.045742,-0.00064825,0.045826,0.045178,0.00056414,0.045508,0.00023364,1
INT_GRAY+BG,GRAYSCALE,BG_REMOVAL,ttc,L-H-L-A4-s0,L,0.34876,0.34876,0,0.34876,0,0.34876,0,0.99999
INT_GRAY+BG,GRAYSCALE,BG_REMOVAL,wd,L-H-L-A4-s0,L,-9.7454e-06,-9.7454e-06,0,-9.7454e-06,0,-9.7454e-06,-1.9805e-17,0.99999
INT_GRAY+BG,GRAYSCALE,BG_REMOVAL,ttc,L-H-M-A4-s0,L,0.43604,0.43604,0,0.43604,0,0.43604,5.5511e-17,0.73333
INT_GRAY+BG,GRAYSCALE,BG_REMOVAL,wd,L-H-M-A4-s0,L,-3.0607e-05,-3.0607e-05,0,-3.0607e-05,0,-3.0607e-05,-2.0417e-17,0.73333
INT_GRAY+BG,GRAYSCALE,BG_REMOVAL,ttc,L-H-S-A4-s0,L,0.43614,0.43614,0,0.43614,0,0.43614,0,0.74359
INT_GRAY+BG,GRAYSCALE,BG_REMOVAL,wd,L-H-S-A4-s0,L,-6.8218e-05,-6.8218e-05,0,-6.8218e-05,0,-6.8218e-05,9.9882e-18,0.74359
INT_GRAY+BG,GRAYSCALE,BG_REMOVAL,ttc,L-L-L-A4-s0,L,0.026398,0.026398,0,0.026398,0,0.026398,0,0.99999
INT_GRAY+BG,GRAYSCALE,BG_REMOVAL,wd,L-L-L-A4-s0,L,0.00017435,0.00017435,0,0.00017435,0,0.00017435,-8.9447e-19,0.99999
INT_GRAY+BG,GRAYSCALE,BG_REMOVAL,ttc,L-L-M-A4-s0,L,0.034034,0.034034,0,0.034034,0,0.034034,0,0.99999
INT_GRAY+BG,GRAYSCALE,BG_REMOVAL,wd,L-L-M-A4-s0,L,6.3175e-05,6.3175e-05,0,6.3175e-05,0,6.3175e-05,3.6592e-19,0.99999
INT_GRAY+BG,GRAYSCALE,BG_REMOVAL,ttc,L-L-S-A4-s0,L,0.034719,0.034719,0,0.034719,0,0.034719,0,0.99999
INT_GRAY+BG,GRAYSCALE,BG_REMOVAL,wd,L-L-S-A4-s0,L,3.5727e-05,3.5727e-05,0,3.5727e-05,0,3.5727e-05,9.8256e-19,0.99999
INT_GRAY+BG,GRAYSCALE,BG_REMOVAL,ttc,L-M-L-A4-s0,L,0.059698,0.059698,0,0.059698,0,0.059698,0,0.99999
INT_GRAY+BG,GRAYSCALE,BG_REMOVAL,wd,L-M-L-A4-s0,L,3.4608e-05,3.4608e-05,0,3.4608e-05,0,3.4608e-05,6.0986e-19,0.99999
INT_GRAY+BG,GRAYSCALE,BG_REMOVAL,ttc,L-M-M-A4-s0,L,0.067183,0.067183,0,0.067183,0,0.067183,0,0.99999
INT_GRAY+BG,GRAYSCALE,BG_REMOVAL,wd,L-M-M-A4-s0,L,0.00011503,0.00011503,0,0.00011503,0,0.00011503,-1.03e-18,0.99999
INT_GRAY+BG,GRAYSCALE,BG_REMOVAL,ttc,L-M-S-A4-s0,L,0.066112,0.066112,0,0.066112,0,0.066112,0,0.99999
INT_GRAY+BG,GRAYSCALE,BG_REMOVAL,wd,L-M-S-A4-s0,L,5.4393e-05,5.4393e-05,0,5.4393e-05,0,5.4393e-05,1.3078e-18,0.99999
INT_OUTLINE+BW,OUTLINE_ONLY,BW_SEMANTIC,ttc,A-H-L-A4-s0,A,-0.031094,0,-0.031094,-0.031094,0,-0.031094,6.9389e-18,0.96196
INT_OUTLINE+BW,OUTLINE_ONLY,BW_SEMANTIC,wd,A-H-L-A4-s0,A,-0.031094,0,-0.031094,-0.031094,0,-0.031094,6.9389e-18,0.96196
INT_OUTLINE+BW,OUTLINE_ONLY,BW_SEMANTIC,ttc,A-H-M-A4-s0,A,-0.026099,0,-0.026099,-0.026099,0,-0.026099,0,0.97651
INT_OUTLINE+BW,OUTLINE_ONLY,BW_SEMANTIC,wd,A-H-M-A4-s0,A,-0.026099,0,-0.026099,-0.026099,0,-0.026099,0,0.97651
INT_OUTLINE+BW,OUTLINE_ONLY,BW_SEMANTIC,ttc,A-H-S-A4-s0,A,-0.018425,0,-0.018425,-0.018425,0,-0.018425,0,0.98049
INT_OUTLINE+BW,OUTLINE_ONLY,BW_SEMANTIC,wd,A-H-S-A4-s0,A,-0.018425,0,-0.018425,-0.018425,0,-0.018425,0,0.98049
INT_OUTLINE+BW,OUTLINE_ONLY,BW_SEMANTIC,ttc,A-L-L-A4-s0,A,-0.0043014,0,-0.0043014,-0.0043014,0,-0.0043014,8.6736e-19,0.98808
INT_OUTLINE+BW,OUTLINE_ONLY,BW_SEMANTIC,wd,A-L-L-A4-s0,A,-0.0043014,0,-0.0043014,-0.0043014,0,-0.0043014,8.6736e-19,0.98808
INT_OUTLINE+BW,OUTLINE_ONLY,BW_SEMANTIC,ttc,A-L-M-A4-s0,A,-0.0043301,0,-0.0043301,-0.0043301,0,-0.0043301,0,0.98896
INT_OUTLINE+BW,OUTLINE_ONLY,BW_SEMANTIC,wd,A-L-M-A4-s0,A,-0.0043301,0,-0.0043301,-0.0043301,0,-0.0043301,0,0.98896
INT_OUTLINE+BW,OUTLINE_ONLY,BW_SEMANTIC,ttc,A-L-S-A4-s0,A,-0.0054325,0,-0.0054325,-0.0054325,0,-0.0054325,8.6736e-19,0.98375
INT_OUTLINE+BW,OUTLINE_ONLY,BW_SEMANTIC,wd,A-L-S-A4-s0,A,-0.0054325,0,-0.0054325,-0.0054325,0,-0.0054325,8.6736e-19,0.98375
INT_OUTLINE+BW,OUTLINE_ONLY,BW_SEMANTIC,ttc,A-M-L-A4-s0,A,-0.015736,0,-0.015736,-0.015736,0,-0.015736,0,0.9726
INT_OUTLINE+BW,OUTLINE_ONLY,BW_SEMANTIC,wd,A-M-L-A4-s0,A,-0.015736,0,-0.015736,-0.015736,0,-0.015736,0,0.9726
INT_OUTLINE+BW,OUTLINE_ONLY,BW_SEMANTIC,ttc,A-M-M-A4-s0,A,-0.014473,0,-0.014473,-0.014473,0,-0.014473,0,0.97821
INT_OUTLINE+BW,OUTLINE_ONLY,BW_SEMANTIC,wd,A-M-M-A4-s0,A,-0.014473,0,-0.014473,-0.014473,0,-0.014473,0,0.97821
INT_OUTLINE+BW,OUTLINE_ONLY,BW_SEMANTIC,ttc,A-M-S-A4-s0,A,-0.011189,0,-0.011189,-0.011189,0,-0.011189,-1.7347e-18,0.98179
INT_OUTLINE+BW,OUTLINE_ONLY,BW_SEMANTIC,wd,A-M-S-A4-s0,A,-0.011189,0,-0.011189,-0.011189,0,-0.011189,-1.7347e-18,0.98179
INT_OUTLINE+BW,OUTLINE_ONLY,BW_SEMANTIC,ttc,B-H-L-A4-s0,B,-0.0099387,0,-0.0099387,-0.0099387,0,-0.0099387,0,1
INT_OUTLINE+BW,OUTLINE_ONLY,BW_SEMANTIC,wd,B-H-L-A4-s0,B,-0.0099387,0,-0.0099387,-0.0099387,0,-0.0099387,0,1
INT_OUTLINE+BW,OUTLINE_ONLY,BW_SEMANTIC,ttc,B-H-M-A4-s0,B,-0.010264,0,-0.010264,-0.010264,0,-0.010264,-6.9389e-18,1
INT_OUTLINE+BW,OUTLINE_ONLY,BW_SEMANTIC,wd,B-H-M-A4-s0,B,-0.010264,0,-0.010264,-0.010264,0,-0.010264,-6.9389e-18,1
INT_OUTLINE+BW,OUTLINE_ONLY,BW_SEMANTIC,ttc,B-H-S-A4-s0,B,-0.0095764,0,-0.0095764,-0.0095764,0,-0.0095764,0,1
INT_OUTLINE+BW,OUTLINE_ONLY,BW_SEMANTIC,wd,B-H-S-A4-s0,B,-0.0095764,0,-0.0095764,-0.0095764,0,-0.0095764,0,1
INT_OUTLINE+BW,OUTLINE_ONLY,BW_SEMANTIC,ttc,B-L-L-A4-s0,B,-0.0026441,0,-0.0026441,-0.0026441,0,-0.0026441,-2.6021e-18,1
INT_OUTLINE+BW,OUTLINE_ONLY,BW_SEMANTIC,wd,B-L-L-A4-s0,B,-0.0026441,0,-0.0026441,-0.0026441,0,-0.0026441,-2.6021e-18,1
INT_OUTLINE+BW,OUTLINE_ONLY,BW_SEMANTIC,ttc,B-L-M-A4-s0,B,-0.0028517,0,-0.0028517,-0.0028517,0,-0.0028517,-3.0358e-18,1
INT_OUTLINE+BW,OUTLINE_ONLY,BW_SEMANTIC,wd,B-L-M-A4-s0,B,-0.0028517,0,-0.0028517,-0.0028517,0,-0.0028517,-3.0358e-18,1
INT_OUTLINE+BW,OUTLINE_ONLY,BW_SEMANTIC,ttc,B-L-S-A4-s0,B,-0.0026288,0,-0.0026288,-0.0026288,0,-0.0026288,-1.301e-18,1
INT_OUTLINE+BW,OUTLINE_ONLY,BW_SEMANTIC,wd,B-L-S-A4-s0,B,-0.0026288,0,-0.0026288,-0.0026288,0,-0.0026288,-1.301e-18,1
INT_OUTLINE+BW,OUTLINE_ONLY,BW_SEMANTIC,ttc,B-M-L-A4-s0,B,-0.0061113,0,-0.0061113,-0.0061113,0,-0.0061113,-4.3368e-18,1
INT_OUTLINE+BW,OUTLINE_ONLY,BW_SEMANTIC,wd,B-M-L-A4-s0,B,-0.0061113,0,-0.0061113,-0.0061113,0,-0.0061113,-4.3368e-18,1
INT_OUTLINE+BW,OUTLINE_ONLY,BW_SEMANTIC,ttc,B-M-M-A4-s0,B,-0.0060212,0,-0.0060212,-0.0060212,0,-0.0060212,-5.2042e-18,1
INT_OUTLINE+BW,OUTLINE_ONLY,BW_SEMANTIC,wd,B-M-M-A4-s0,B,-0.0060212,0,-0.0060212,-0.0060212,0,-0.0060212,-5.2042e-18,1
INT_OUTLINE+BW,OUTLINE_ONLY,BW_SEMANTIC,ttc,B-M-S-A4-s0,B,-0.0057645,0,-0.0057645,-0.0057645,0,-0.0057645,-5.2042e-18,1
INT_OUTLINE+BW,OUTLINE_ONLY,BW_SEMANTIC,wd,B-M-S-A4-s0,B,-0.0057645,0,-0.0057645,-0.0057645,0,-0.0057645,-5.2042e-18,1
INT_OUTLINE+BW,OUTLINE_ONLY,BW_SEMANTIC,ttc,C-H-L-A4-s0,C,-0.0058254,0,-0.0058254,-0.0058254,0,-0.0058254,3.4694e-18,1
INT_OUTLINE+BW,OUTLINE_ONLY,BW_SEMANTIC,wd,C-H-L-A4-s0,C,-0.0058254,0,-0.0058254,-0.0058254,0,-0.0058254,3.4694e-18,1
INT_OUTLINE+BW,OUTLINE_ONLY,BW_SEMANTIC,ttc,C-H-M-A4-s0,C,-0.0048807,0,-0.0048807,-0.0048807,0,-0.0048807,1.7347e-18,1
INT_OUTLINE+BW,OUTLINE_ONLY,BW_SEMANTIC,wd,C-H-M-A4-s0,C,-0.0048807,0,-0.0048807,-0.0048807,0,-0.0048807,1.7347e-18,1
INT_OUTLINE+BW,OUTLINE_ONLY,BW_SEMANTIC,ttc,C-H-S-A4-s0,C,-0.0043936,0,-0.0043936,-0.0043936,0,-0.0043936,2.6021e-18,1
INT_OUTLINE+BW,OUTLINE_ONLY,BW_SEMANTIC,wd,C-H-S-A4-s0,C,-0.0043936,0,-0.0043936,-0.0043936,0,-0.0043936,2.6021e-18,1
INT_OUTLINE+BW,OUTLINE_ONLY,BW_SEMANTIC,ttc,C-L-L-A4-s0,C,-0.0024812,0,-0.0024812,-0.0024812,0,-0.0024812,1.7347e-18,1
INT_OUTLINE+BW,OUTLINE_ONLY,BW_SEMANTIC,wd,C-L-L-A4-s0,C,-0.0024812,0,-0.0024812,-0.0024812,0,-0.0024812,1.7347e-18,1
INT_OUTLINE+BW,OUTLINE_ONLY,BW_SEMANTIC,ttc,C-L-M-A4-s0,C,-0.0019106,0,-0.0019106,-0.0019106,0,-0.0019106,-1.7347e-18,1
INT_OUTLINE+BW,OUTLINE_ONLY,BW_SEMANTIC,wd,C-L-M-A4-s0,C,-0.0019106,0,-0.0019106,-0.0019106,0,-0.0019106,-1.7347e-18,1
INT_OUTLINE+BW,OUTLINE_ONLY,BW_SEMANTIC,ttc,C-L-S-A4-s0,C,-0.0016799,0,-0.0016799,-0.0016799,0,-0.0016799,6.5052e-19,1
INT_OUTLINE+BW,OUTLINE_ONLY,BW_SEMANTIC,wd,C-L-S-A4-s0,C,-0.0016799,0,-0.0016799,-0.0016799,0,-0.0016799,6.5052e-19,1
INT_OUTLINE+BW,OUTLINE_ONLY,BW_SEMANTIC,ttc,C-M-L-A4-s0,C,-0.0040429,0,-0.0040429,-0.0040429,0,-0.0040429,-8.6736e-19,1
INT_OUTLINE+BW,OUTLINE_ONLY,BW_SEMANTIC,wd,C-M-L-A4-s0,C,-0.0040429,0,-0.0040429,-0.0040429,0,-0.0040429,-8.6736e-19,1
INT_OUTLINE+BW,OUTLINE_ONLY,BW_SEMANTIC,ttc,C-M-M-A4-s0,C,-0.0033989,0,-0.0033989,-0.0033989,0,-0.0033989,-1.7347e-18,1
INT_OUTLINE+BW,OUTLINE_ONLY,BW_SEMANTIC,wd,C-M-M-A4-s0,C,-0.0033989,0,-0.0033989,-0.0033989,0,-0.0033989,-1.7347e-18,1
INT_OUTLINE+BW,OUTLINE_ONLY,BW_SEMANTIC,ttc,C-M-S-A4-s0,C,-0.0029217,0,-0.0029217,-0.0029217,0,-0.0029217,-3.0358e-18,1
INT_OUTLINE+BW,OUTLINE_ONLY,BW_SEMANTIC,wd,C-M-S-A4-s0,C,-0.0029217,0,-0.0029217,-0.0029217,0,-0.0029217,-3.0358e-18,1
INT_OUTLINE+BW,OUTLINE_ONLY,BW_SEMANTIC,ttc,D-H-L-A4-s0,D,0.0070277,0.010393,0.0074711,0.017864,-0.010836,0.015683,-0.0086554,0.85945
INT_OUTLINE+BW,OUTLINE_ONLY,BW_SEMANTIC,wd,D-H-L-A4-s0,D,-0.0011891,0.0027727,-0.00074574,0.0020269,-0.003216,0.0021024,-0.0032915,0.85945
INT_OUTLINE+BW,OUTLINE_ONLY,BW_SEMANTIC,ttc,D-H-M-A4-s0,D,0.0043135,0.00729,0.0048719,0.012162,-0.0078484,0.010918,-0.0066048,0.88615
INT_OUTLINE+BW,OUTLINE_ONLY,BW_SEMANTIC,wd,D-H-M-A4-s0,D,-0.0018194,0.0016391,-0.0012611,0.00037804,-0.0021975,0.00047021,-0.0022896,0.88615
INT_OUTLINE+BW,OUTLINE_ONLY,BW_SEMANTIC,ttc,D-H-S-A4-s0,D,0.0020482,0.0043787,0.0023804,0.0067591,-0.0047109,0.0062319,-0.0041837,0.84971
INT_OUTLINE+BW,OUTLINE_ONLY,BW_SEMANTIC,wd,D-H-S-A4-s0,D,-0.001961,0.00076505,-0.0016288,-0.00086377,-0.0010972,-0.0007847,-0.0011763,0.84971
INT_OUTLINE+BW,OUTLINE_ONLY,BW_SEMANTIC,ttc,D-L-L-A4-s0,D,0.0048581,0.0066997,0.0055162,0.012216,-0.0073579,0.010237,-0.0053793,0.93114
INT_OUTLINE+BW,OUTLINE_ONLY,BW_SEMANTIC,wd,D-L-L-A4-s0,D,-0.00086853,0.0015695,-0.00021033,0.0013592,-0.0022277,0.0013846,-0.0022532,0.93114
INT_OUTLINE+BW,OUTLINE_ONLY,BW_SEMANTIC,ttc,D-L-M-A4-s0,D,0.0028732,0.0046103,0.0035219,0.0081322,-0.0052589,0.0070683,-0.004195,0.92191
INT_OUTLINE+BW,OUTLINE_ONLY,BW_SEMANTIC,wd,D-L-M-A4-s0,D,-0.001305,0.00091407,-0.00065633,0.00025774,-0.0015627,0.00031187,-0.0016169,0.92191
INT_OUTLINE+BW,OUTLINE_ONLY,BW_SEMANTIC,ttc,D-L-S-A4-s0,D,0.0014856,0.0027983,0.0021225,0.0049208,-0.0034353,0.0042896,-0.0028041,0.90494
INT_OUTLINE+BW,OUTLINE_ONLY,BW_SEMANTIC,wd,D-L-S-A4-s0,D,-0.0014003,0.00030793,-0.00076332,-0.00045539,-0.00094491,-0.00041937,-0.00098094,0.90494
INT_OUTLINE+BW,OUTLINE_ONLY,BW_SEMANTIC,ttc,D-M-L-A4-s0,D,0.0043461,0.0066997,0.0050043,0.011704,-0.0073579,0.01026,-0.0059142,0.93114
INT_OUTLINE+BW,OUTLINE_ONLY,BW_SEMANTIC,wd,D-M-L-A4-s0,D,-0.0013805,0.0015695,-0.00072231,0.00084718,-0.0022277,0.00091197,-0.0022925,0.93114
INT_OUTLINE+BW,OUTLINE_ONLY,BW_SEMANTIC,ttc,D-M-M-A4-s0,D,0.0040288,0.0063737,0.0045872,0.010961,-0.0069321,0.0096466,-0.0056178,0.83964
INT_OUTLINE+BW,OUTLINE_ONLY,BW_SEMANTIC,wd,D-M-M-A4-s0,D,-0.0013457,0.0014812,-0.00078735,0.00069389,-0.0020396,0.00076301,-0.0021087,0.83964
INT_OUTLINE+BW,OUTLINE_ONLY,BW_SEMANTIC,ttc,D-M-S-A4-s0,D,0.0020173,0.003858,0.0026287,0.0064867,-0.0044694,0.0058085,-0.0037912,0.86962
INT_OUTLINE+BW,OUTLINE_ONLY,BW_SEMANTIC,wd,D-M-S-A4-s0,D,-0.0016482,0.0005881,-0.0010368,-0.00044868,-0.0011995,-0.00039466,-0.0012535,0.86962
INT_OUTLINE+BW,OUTLINE_ONLY,BW_SEMANTIC,ttc,E-H-L-A4-s0,E,0.074252,0.03965,0.056634,0.096284,-0.022032,0.080575,-0.0063234,0.69139
INT_OUTLINE+BW,OUTLINE_ONLY,BW_SEMANTIC,wd,E-H-L-A4-s0,E,0.010165,0.014017,-0.0074535,0.006564,0.0036006,0.0078888,0.0022758,0.69139
INT_OUTLINE+BW,OUTLINE_ONLY,BW_SEMANTIC,ttc,E-H-M-A4-s0,E,0.068402,0.031668,0.053967,0.085635,-0.017233,0.072779,-0.0043769,0.69111
INT_OUTLINE+BW,OUTLINE_ONLY,BW_SEMANTIC,wd,E-H-M-A4-s0,E,0.0078235,0.011325,-0.0066113,0.0047134,0.0031101,0.0057482,0.0020753,0.69111
INT_OUTLINE+BW,OUTLINE_ONLY,BW_SEMANTIC,ttc,E-H-S-A4-s0,E,0.073248,0.035956,0.05736,0.093316,-0.020068,0.079623,-0.0063751,0.62282
INT_OUTLINE+BW,OUTLINE_ONLY,BW_SEMANTIC,wd,E-H-S-A4-s0,E,0.0055655,0.011679,-0.010323,0.0013561,0.0042094,0.0028096,0.0027558,0.62282
INT_OUTLINE+BW,OUTLINE_ONLY,BW_SEMANTIC,ttc,E-L-L-A4-s0,E,0.028409,0.016826,0.020472,0.037297,-0.0088885,0.031002,-0.002593,0.72573
INT_OUTLINE+BW,OUTLINE_ONLY,BW_SEMANTIC,wd,E-L-L-A4-s0,E,0.0046894,0.0060859,-0.0032477,0.0028382,0.0018512,0.0034759,0.0012135,0.72573
INT_OUTLINE+BW,OUTLINE_ONLY,BW_SEMANTIC,ttc,E-L-M-A4-s0,E,0.023054,0.012875,0.01759,0.030465,-0.0074116,0.025693,-0.002639,0.71103
INT_OUTLINE+BW,OUTLINE_ONLY,BW_SEMANTIC,wd,E-L-M-A4-s0,E,0.002841,0.004326,-0.0026229,0.0017031,0.0011379,0.0021196,0.00072139,0.71103
INT_OUTLINE+BW,OUTLINE_ONLY,BW_SEMANTIC,ttc,E-L-S-A4-s0,E,0.023445,0.012149,0.017984,0.030133,-0.0066877,0.025509,-0.002064,0.61649
INT_OUTLINE+BW,OUTLINE_ONLY,BW_SEMANTIC,wd,E-L-S-A4-s0,E,0.0020211,0.0039543,-0.0034398,0.00051449,0.0015066,0.0010411,0.00097996,0.61649
INT_OUTLINE+BW,OUTLINE_ONLY,BW_SEMANTIC,ttc,E-M-L-A4-s0,E,0.050312,0.026874,0.038874,0.065748,-0.015436,0.055133,-0.0048211,0.74212
INT_OUTLINE+BW,OUTLINE_ONLY,BW_SEMANTIC,wd,E-M-L-A4-s0,E,0.0068297,0.0094168,-0.0046084,0.0048084,0.0020213,0.0055984,0.0012313,0.74212
INT_OUTLINE+BW,OUTLINE_ONLY,BW_SEMANTIC,ttc,E-M-M-A4-s0,E,0.043527,0.019023,0.035083,0.054105,-0.010579,0.046415,-0.0028885,0.70798
INT_OUTLINE+BW,OUTLINE_ONLY,BW_SEMANTIC,wd,E-M-M-A4-s0,E,0.0041796,0.0064523,-0.0042645,0.0021879,0.0019918,0.0027679,0.0014117,0.70798
INT_OUTLINE+BW,OUTLINE_ONLY,BW_SEMANTIC,ttc,E-M-S-A4-s0,E,0.052004,0.022951,0.041971,0.064922,-0.012918,0.055676,-0.0036721,0.64569
INT_OUTLINE+BW,OUTLINE_ONLY,BW_SEMANTIC,wd,E-M-S-A4-s0,E,0.0034867,0.0073573,-0.0065465,0.00081081,0.0026759,0.001676,0.0018108,0.64569
INT_OUTLINE+BW,OUTLINE_ONLY,BW_SEMANTIC,ttc,F-H-L-A4-s0,F,1.1529,1.1494,0.85614,2.0055,-0.85256,1.1643,-0.011361,0.036405
INT_OUTLINE+BW,OUTLINE_ONLY,BW_SEMANTIC,wd,F-H-L-A4-s0,F,0.41589,0.41986,0.11909,0.53895,-0.12306,0.4234,-0.0075114,0.036405
INT_OUTLINE+BW,OUTLINE_ONLY,BW_SEMANTIC,ttc,F-H-M-A4-s0,F,1.1596,1.1539,0.8607,2.0146,-0.85508,1.1708,-0.011216,0.04989
INT_OUTLINE+BW,OUTLINE_ONLY,BW_SEMANTIC,wd,F-H-M-A4-s0,F,0.41275,0.41791,0.1139,0.53181,-0.11906,0.42115,-0.0084017,0.04989
INT_OUTLINE+BW,OUTLINE_ONLY,BW_SEMANTIC,ttc,F-H-S-A4-s0,F,1.1255,1.1183,0.84689,1.9652,-0.83969,1.1378,-0.01231,0.071857
INT_OUTLINE+BW,OUTLINE_ONLY,BW_SEMANTIC,wd,F-H-S-A4-s0,F,0.40262,0.40898,0.124,0.53299,-0.13036,0.41275,-0.010126,0.071857
INT_OUTLINE+BW,OUTLINE_ONLY,BW_SEMANTIC,ttc,F-L-L-A4-s0,F,0.55117,0.54764,0.29745,0.84509,-0.29392,0.55824,-0.0070653,0.034394
INT_OUTLINE+BW,OUTLINE_ONLY,BW_SEMANTIC,wd,F-L-L-A4-s0,F,0.20492,0.20884,-0.048803,0.16004,0.044878,0.20603,-0.001113,0.034394
INT_OUTLINE+BW,OUTLINE_ONLY,BW_SEMANTIC,ttc,F-L-M-A4-s0,F,0.49924,0.49484,0.23416,0.729,-0.22976,0.50362,-0.0043738,0.043186
INT_OUTLINE+BW,OUTLINE_ONLY,BW_SEMANTIC,wd,F-L-M-A4-s0,F,0.18818,0.19236,-0.076895,0.11547,0.072715,0.18832,-0.00013424,0.043186
INT_OUTLINE+BW,OUTLINE_ONLY,BW_SEMANTIC,ttc,F-L-S-A4-s0,F,0.41147,0.40578,0.20722,0.613,-0.20153,0.41593,-0.0044569,0.064998
INT_OUTLINE+BW,OUTLINE_ONLY,BW_SEMANTIC,wd,F-L-S-A4-s0,F,0.15173,0.15667,-0.052522,0.10415,0.047582,0.15344,-0.0017116,0.064998
INT_OUTLINE+BW,OUTLINE_ONLY,BW_SEMANTIC,ttc,F-M-L-A4-s0,F,0.72377,0.72024,0.47005,1.1903,-0.46652,0.73308,-0.0093103,0.034419
INT_OUTLINE+BW,OUTLINE_ONLY,BW_SEMANTIC,wd,F-M-L-A4-s0,F,0.23618,0.24011,-0.017539,0.22257,0.013614,0.23922,-0.0030397,0.034419
INT_OUTLINE+BW,OUTLINE_ONLY,BW_SEMANTIC,ttc,F-M-M-A4-s0,F,0.74936,0.74386,0.4848,1.2287,-0.47931,0.75817,-0.008814,0.04444
INT_OUTLINE+BW,OUTLINE_ONLY,BW_SEMANTIC,wd,F-M-M-A4-s0,F,0.24133,0.24639,-0.023225,0.22317,0.018161,0.24531,-0.0039802,0.04444
INT_OUTLINE+BW,OUTLINE_ONLY,BW_SEMANTIC,ttc,F-M-S-A4-s0,F,0.69617,0.6887,0.44398,1.1327,-0.43652,0.70548,-0.0093146,0.067714
INT_OUTLINE+BW,OUTLINE_ONLY,BW_SEMANTIC,wd,F-M-S-A4-s0,F,0.22317,0.2297,-0.029015,0.20068,0.022492,0.22813,-0.0049622,0.067714
INT_OUTLINE+BW,OUTLINE_ONLY,BW_SEMANTIC,ttc,G-H-L-A4-s0,G,-0.0016024,0,-0.0016024,-0.0016024,0,-0.0016024,1.301e-18,1
INT_OUTLINE+BW,OUTLINE_ONLY,BW_SEMANTIC,wd,G-H-L-A4-s0,G,-0.0016024,0,-0.0016024,-0.0016024,0,-0.0016024,1.301e-18,1
INT_OUTLINE+BW,OUTLINE_ONLY,BW_SEMANTIC,ttc,G-H-M-A4-s0,G,-0.0021573,0,-0.0021573,-0.0021573,0,-0.0021573,-4.3368e-19,1
INT_OUTLINE+BW,OUTLINE_ONLY,BW_SEMANTIC,wd,G-H-M-A4-s0,G,-0.0021573,0,-0.0021573,-0.0021573,0,-0.0021573,-4.3368e-19,1
INT_OUTLINE+BW,OUTLINE_ONLY,BW_SEMANTIC,ttc,G-H-S-A4-s0,G,-0.0018649,0,-0.0018649,-0.0018649,0,-0.0018649,-1.0842e-18,1
INT_OUTLINE+BW,OUTLINE_ONLY,BW_SEMANTIC,wd,G-H-S-A4-s0,G,-0.0018649,0,-0.0018649,-0.0018649,0,-0.0018649,-1.0842e-18,1
INT_OUTLINE+BW,OUTLINE_ONLY,BW_SEMANTIC,ttc,G-L-L-A4-s0,G,-0.0010381,0,-0.0010381,-0.0010381,0,-0.0010381,-8.6736e-19,1
INT_OUTLINE+BW,OUTLINE_ONLY,BW_SEMANTIC,wd,G-L-L-A4-s0,G,-0.0010381,0,-0.0010381,-0.0010381,0,-0.0010381,-8.6736e-19,1
INT_OUTLINE+BW,OUTLINE_ONLY,BW_SEMANTIC,ttc,G-L-M-A4-s0,G,-0.00078171,0,-0.00078171,-0.00078171,0,-0.00078171,-2.1684e-19,1
INT_OUTLINE+BW,OUTLINE_ONLY,BW_SEMANTIC,wd,G-L-M-A4-s0,G,-0.00078171,0,-0.00078171,-0.00078171,0,-0.00078171,-2.1684e-19,1
INT_OUTLINE+BW,OUTLINE_ONLY,BW_SEMANTIC,ttc,G-L-S-A4-s0,G,-0.00056776,0,-0.00056776,-0.00056776,0,-0.00056776,1.0842e-19,1
INT_OUTLINE+BW,OUTLINE_ONLY,BW_SEMANTIC,wd,G-L-S-A4-s0,G,-0.00056776,0,-0.00056776,-0.00056776,0,-0.00056776,1.0842e-19,1
INT_OUTLINE+BW,OUTLINE_ONLY,BW_SEMANTIC,ttc,G-M-L-A4-s0,G,-0.0010381,0,-0.0010381,-0.0010381,0,-0.0010381,-8.6736e-19,1
INT_OUTLINE+BW,OUTLINE_ONLY,BW_SEMANTIC,wd,G-M-L-A4-s0,G,-0.0010381,0,-0.0010381,-0.0010381,0,-0.0010381,-8.6736e-19,1
INT_OUTLINE+BW,OUTLINE_ONLY,BW_SEMANTIC,ttc,G-M-M-A4-s0,G,-0.0013672,0,-0.0013672,-0.0013672,0,-0.0013672,6.5052e-19,1
INT_OUTLINE+BW,OUTLINE_ONLY,BW_SEMANTIC,wd,G-M-M-A4-s0,G,-0.0013672,0,-0.0013672,-0.0013672,0,-0.0013672,6.5052e-19,1
INT_OUTLINE+BW,OUTLINE_ONLY,BW_SEMANTIC,ttc,G-M-S-A4-s0,G,-0.0012052,0,-0.0012052,-0.0012052,0,-0.0012052,-1.0842e-18,1
INT_OUTLINE+BW,OUTLINE_ONLY,BW_SEMANTIC,wd,G-M-S-A4-s0,G,-0.0012052,0,-0.0012052,-0.0012052,0,-0.0012052,-1.0842e-18,1
INT_OUTLINE+BW,OUTLINE_ONLY,BW_SEMANTIC,ttc,H-H-L-A4-s0,H,0.0011476,0.005438,0.0011508,0.0065888,-0.0054412,0.0064452,-0.0052976,0.93896
INT_OUTLINE+BW,OUTLINE_ONLY,BW_SEMANTIC,wd,H-H-L-A4-s0,H,0.0011476,0.005438,0.0011508,0.0065888,-0.0054412,0.0064452,-0.0052976,0.93896
INT_OUTLINE+BW,OUTLINE_ONLY,BW_SEMANTIC,ttc,H-H-M-A4-s0,H,0.00016103,0.0037721,0.00018439,0.0039565,-0.0037955,0.0039371,-0.0037761,0.96341
INT_OUTLINE+BW,OUTLINE_ONLY,BW_SEMANTIC,wd,H-H-M-A4-s0,H,0.00016103,0.0037721,0.00018439,0.0039565,-0.0037955,0.0039371,-0.0037761,0.96341
INT_OUTLINE+BW,OUTLINE_ONLY,BW_SEMANTIC,ttc,H-H-S-A4-s0,H,-0.0012342,0.0023064,-0.00085789,0.0014485,-0.0026826,0.0015085,-0.0027427,0.92397
INT_OUTLINE+BW,OUTLINE_ONLY,BW_SEMANTIC,wd,H-H-S-A4-s0,H,-0.0012342,0.0023064,-0.00085789,0.0014485,-0.0026826,0.0015085,-0.0027427,0.92397
INT_OUTLINE+BW,OUTLINE_ONLY,BW_SEMANTIC,ttc,H-L-L-A4-s0,H,0.0034477,0.005438,0.003451,0.0088889,-0.0054412,0.0080754,-0.0046277,0.85591
INT_OUTLINE+BW,OUTLINE_ONLY,BW_SEMANTIC,wd,H-L-L-A4-s0,H,0.0034477,0.005438,0.003451,0.0088889,-0.0054412,0.0080754,-0.0046277,0.85591
INT_OUTLINE+BW,OUTLINE_ONLY,BW_SEMANTIC,ttc,H-L-M-A4-s0,H,0.0022308,0.0037721,0.0022542,0.0060263,-0.0037955,0.0055372,-0.0033064,0.90516
INT_OUTLINE+BW,OUTLINE_ONLY,BW_SEMANTIC,wd,H-L-M-A4-s0,H,0.0022308,0.0037721,0.0022542,0.0060263,-0.0037955,0.0055372,-0.0033064,0.90516
INT_OUTLINE+BW,OUTLINE_ONLY,BW_SEMANTIC,ttc,H-L-S-A4-s0,H,0.00088081,0.0023064,0.0012571,0.0035634,-0.0026826,0.0033533,-0.0024725,0.78286
INT_OUTLINE+BW,OUTLINE_ONLY,BW_SEMANTIC,wd,H-L-S-A4-s0,H,0.00088081,0.0023064,0.0012571,0.0035634,-0.0026826,0.0033533,-0.0024725,0.78286
INT_OUTLINE+BW,OUTLINE_ONLY,BW_SEMANTIC,ttc,H-M-L-A4-s0,H,0.0024077,0.005438,0.0024109,0.0078489,-0.0054412,0.0074435,-0.0050358,0.91125
INT_OUTLINE+BW,OUTLINE_ONLY,BW_SEMANTIC,wd,H-M-L-A4-s0,H,0.0024077,0.005438,0.0024109,0.0078489,-0.0054412,0.0074435,-0.0050358,0.91125
INT_OUTLINE+BW,OUTLINE_ONLY,BW_SEMANTIC,ttc,H-M-M-A4-s0,H,0.0012598,0.0037721,0.0012831,0.0050553,-0.0037955,0.0048696,-0.0036098,0.94391
INT_OUTLINE+BW,OUTLINE_ONLY,BW_SEMANTIC,wd,H-M-M-A4-s0,H,0.0012598,0.0037721,0.0012831,0.0050553,-0.0037955,0.0048696,-0.0036098,0.94391
INT_OUTLINE+BW,OUTLINE_ONLY,BW_SEMANTIC,ttc,H-M-S-A4-s0,H,-0.00013793,0.0023064,0.00023833,0.0025447,-0.0026826,0.0025208,-0.0026587,0.88667
INT_OUTLINE+BW,OUTLINE_ONLY,BW_SEMANTIC,wd,H-M-S-A4-s0,H,-0.00013793,0.0023064,0.00023834,0.0025447,-0.0026826,0.0025208,-0.0026587,0.88667
INT_OUTLINE+BW,OUTLINE_ONLY,BW_SEMANTIC,ttc,I-H-L-A4-s0,I,0.24164,0,0.24164,0.24164,0,0.24164,0,0.6
INT_OUTLINE+BW,OUTLINE_ONLY,BW_SEMANTIC,wd,I-H-L-A4-s0,I,-0.0058275,0,-0.0058275,-0.0058275,0,-0.0058275,3.4694e-18,0.6
INT_OUTLINE+BW,OUTLINE_ONLY,BW_SEMANTIC,ttc,I-H-M-A4-s0,I,0.24496,0,0.24496,0.24496,0,0.24496,0,0.6
INT_OUTLINE+BW,OUTLINE_ONLY,BW_SEMANTIC,wd,I-H-M-A4-s0,I,0.00094076,0,0.00094076,0.00094076,0,0.00094076,-7.6978e-18,0.6
INT_OUTLINE+BW,OUTLINE_ONLY,BW_SEMANTIC,ttc,I-H-S-A4-s0,I,0.22286,0,0.22286,0.22286,0,0.22286,2.7756e-17,0.6
INT_OUTLINE+BW,OUTLINE_ONLY,BW_SEMANTIC,wd,I-H-S-A4-s0,I,-0.0013677,0,-0.0013677,-0.0013677,0,-0.0013677,1.9516e-18,0.6
INT_OUTLINE+BW,OUTLINE_ONLY,BW_SEMANTIC,ttc,I-L-L-A4-s0,I,0.098469,0,0.098469,0.098469,0,0.098469,1.3878e-17,0.6
INT_OUTLINE+BW,OUTLINE_ONLY,BW_SEMANTIC,wd,I-L-L-A4-s0,I,-0.0013649,0,-0.0013649,-0.0013649,0,-0.0013649,5.421e-18,0.6
INT_OUTLINE+BW,OUTLINE_ONLY,BW_SEMANTIC,ttc,I-L-M-A4-s0,I,0.083571,0,0.083571,0.083571,0,0.083571,0,0.6
INT_OUTLINE+BW,OUTLINE_ONLY,BW_SEMANTIC,wd,I-L-M-A4-s0,I,-0.0059603,0,-0.0059603,-0.0059603,0,-0.0059603,-6.0715e-18,0.6
INT_OUTLINE+BW,OUTLINE_ONLY,BW_SEMANTIC,ttc,I-L-S-A4-s0,I,0.073761,0,0.073761,0.073761,0,0.073761,0,0.6
INT_OUTLINE+BW,OUTLINE_ONLY,BW_SEMANTIC,wd,I-L-S-A4-s0,I,-0.0028488,0,-0.0028488,-0.0028488,0,-0.0028488,2.1684e-18,0.6
INT_OUTLINE+BW,OUTLINE_ONLY,BW_SEMANTIC,ttc,I-M-L-A4-s0,I,0.15917,0,0.15917,0.15917,0,0.15917,2.7756e-17,0.6
INT_OUTLINE+BW,OUTLINE_ONLY,BW_SEMANTIC,wd,I-M-L-A4-s0,I,-0.015252,0,-0.015252,-0.015252,0,-0.015252,1.7347e-18,0.6
INT_OUTLINE+BW,OUTLINE_ONLY,BW_SEMANTIC,ttc,I-M-M-A4-s0,I,0.15852,0,0.15852,0.15852,0,0.15852,0,0.6
INT_OUTLINE+BW,OUTLINE_ONLY,BW_SEMANTIC,wd,I-M-M-A4-s0,I,-0.0063425,0,-0.0063425,-0.0063425,0,-0.0063425,0,0.6
INT_OUTLINE+BW,OUTLINE_ONLY,BW_SEMANTIC,ttc,I-M-S-A4-s0,I,0.14401,0,0.14401,0.14401,0,0.14401,0,0.6
INT_OUTLINE+BW,OUTLINE_ONLY,BW_SEMANTIC,wd,I-M-S-A4-s0,I,-0.0074162,0,-0.0074162,-0.0074162,0,-0.0074162,-5.2042e-18,0.6
INT_OUTLINE+BW,OUTLINE_ONLY,BW_SEMANTIC,ttc,J-H-L-A4-s0,J,-0.012158,0,-0.012158,-0.012158,0,-0.012158,1.7347e-18,0.99843
INT_OUTLINE+BW,OUTLINE_ONLY,BW_SEMANTIC,wd,J-H-L-A4-s0,J,-0.012158,0,-0.012158,-0.012158,0,-0.012158,1.7347e-18,0.99843
INT_OUTLINE+BW,OUTLINE_ONLY,BW_SEMANTIC,ttc,J-H-M-A4-s0,J,-0.01073,0,-0.01073,-0.01073,0,-0.01073,-1.7347e-18,0.99848
INT_OUTLINE+BW,OUTLINE_ONLY,BW_SEMANTIC,wd,J-H-M-A4-s0,J,-0.01073,0,-0.01073,-0.01073,0,-0.01073,-1.7347e-18,0.99848
INT_OUTLINE+BW,OUTLINE_ONLY,BW_SEMANTIC,ttc,J-H-S-A4-s0,J,-0.0066475,0,-0.0066475,-0.0066475,0,-0.0066475,-8.6736e-19,0.99931
INT_OUTLINE+BW,OUTLINE_ONLY,BW_SEMANTIC,wd,J-H-S-A4-s0,J,-0.0066475,0,-0.0066475,-0.0066475,0,-0.0066475,-8.6736e-19,0.99931
INT_OUTLINE+BW,OUTLINE_ONLY,BW_SEMANTIC,ttc,J-L-L-A4-s0,J,-0.0010559,0,-0.0010559,-0.0010559,0,-0.0010559,-4.3368e-19,1
INT_OUTLINE+BW,OUTLINE_ONLY,BW_SEMANTIC,wd,J-L-L-A4-s0,J,-0.0010559,0,-0.0010559,-0.0010559,0,-0.0010559,-4.3368e-19,1
INT_OUTLINE+BW,OUTLINE_ONLY,BW_SEMANTIC,ttc,J-L-M-A4-s0,J,-0.0027436,0,-0.0027436,-0.0027436,0,-0.0027436,-8.6736e-19,1
INT_OUTLINE+BW,OUTLINE_ONLY,BW_SEMANTIC,wd,J-L-M-A4-s0,J,-0.0027436,0,-0.0027436,-0.0027436,0,-0.0027436,-8.6736e-19,1
INT_OUTLINE+BW,OUTLINE_ONLY,BW_SEMANTIC,ttc,J-L-S-A4-s0,J,-0.0015595,0,-0.0015595,-0.0015595,0,-0.0015595,2.1684e-19,1
INT_OUTLINE+BW,OUTLINE_ONLY,BW_SEMANTIC,wd,J-L-S-A4-s0,J,-0.0015595,0,-0.0015595,-0.0015595,0,-0.0015595,2.1684e-19,1
INT_OUTLINE+BW,OUTLINE_ONLY,BW_SEMANTIC,ttc,J-M-L-A4-s0,J,-0.0059883,0,-0.0059883,-0.0059883,0,-0.0059883,1.7347e-18,1
INT_OUTLINE+BW,OUTLINE_ONLY,BW_SEMANTIC,wd,J-M-L-A4-s0,J,-0.0059883,0,-0.0059883,-0.0059883,0,-0.0059883,1.7347e-18,1
INT_OUTLINE+BW,OUTLINE_ONLY,BW_SEMANTIC,ttc,J-M-M-A4-s0,J,-0.0058433,0,-0.0058433,-0.0058433,0,-0.0058433,8.6736e-19,0.99884
INT_OUTLINE+BW,OUTLINE_ONLY,BW_SEMANTIC,wd,J-M-M-A4-s0,J,-0.0058433,0,-0.0058433,-0.0058433,0,-0.0058433,8.6736e-19,0.99884
INT_OUTLINE+BW,OUTLINE_ONLY,BW_SEMANTIC,ttc,J-M-S-A4-s0,J,-0.0041933,0,-0.0041933,-0.0041933,0,-0.0041933,8.6736e-19,0.99951
INT_OUTLINE+BW,OUTLINE_ONLY,BW_SEMANTIC,wd,J-M-S-A4-s0,J,-0.0041933,0,-0.0041933,-0.0041933,0,-0.0041933,8.6736e-19,0.99951
INT_OUTLINE+BW,OUTLINE_ONLY,BW_SEMANTIC,ttc,K-H-L-A4-s0,K,0.43405,0.43257,0.30471,0.73729,-0.30324,0.45917,-0.025121,1
INT_OUTLINE+BW,OUTLINE_ONLY,BW_SEMANTIC,wd,K-H-L-A4-s0,K,0.094156,0.10386,-0.035183,0.068672,0.025484,0.09593,-0.0017743,1
INT_OUTLINE+BW,OUTLINE_ONLY,BW_SEMANTIC,ttc,K-H-M-A4-s0,K,0.38518,0.3832,0.29467,0.67787,-0.29269,0.40868,-0.023504,1
INT_OUTLINE+BW,OUTLINE_ONLY,BW_SEMANTIC,wd,K-H-M-A4-s0,K,0.078267,0.087073,-0.012243,0.074831,0.0034365,0.084301,-0.0060336,1
INT_OUTLINE+BW,OUTLINE_ONLY,BW_SEMANTIC,ttc,K-H-S-A4-s0,K,0.34863,0.34608,0.28807,0.63415,-0.28552,0.36927,-0.020643,1
INT_OUTLINE+BW,OUTLINE_ONLY,BW_SEMANTIC,wd,K-H-S-A4-s0,K,0.066468,0.074361,0.0059104,0.080272,-0.013803,0.075607,-0.0091389,1
INT_OUTLINE+BW,OUTLINE_ONLY,BW_SEMANTIC,ttc,K-L-L-A4-s0,K,0.43574,0.43279,0.30661,0.7394,-0.30366,0.45181,-0.016072,1
INT_OUTLINE+BW,OUTLINE_ONLY,BW_SEMANTIC,wd,K-L-L-A4-s0,K,0.09526,0.10349,-0.033865,0.069628,0.025632,0.098609,-0.0033491,1
INT_OUTLINE+BW,OUTLINE_ONLY,BW_SEMANTIC,ttc,K-L-M-A4-s0,K,0.38726,0.3838,0.29684,0.68064,-0.29338,0.40088,-0.013618,1
INT_OUTLINE+BW,OUTLINE_ONLY,BW_SEMANTIC,wd,K-L-M-A4-s0,K,0.079853,0.087173,-0.010567,0.076606,0.003247,0.085834,-0.0059807,1
INT_OUTLINE+BW,OUTLINE_ONLY,BW_SEMANTIC,ttc,K-L-S-A4-s0,K,0.3499,0.34633,0.28964,0.63597,-0.28607,0.3633,-0.0134,1
INT_OUTLINE+BW,OUTLINE_ONLY,BW_SEMANTIC,wd,K-L-S-A4-s0,K,0.067581,0.074457,0.0073257,0.081783,-0.014202,0.075408,-0.0078271,1
INT_OUTLINE+BW,OUTLINE_ONLY,BW_SEMANTIC,ttc,K-M-L-A4-s0,K,0.4342,0.43172,0.30508,0.7368,-0.3026,0.45323,-0.019032,1
INT_OUTLINE+BW,OUTLINE_ONLY,BW_SEMANTIC,wd,K-M-L-A4-s0,K,0.094564,0.10326,-0.034561,0.0687,0.025864,0.097288,-0.0027244,1
INT_OUTLINE+BW,OUTLINE_ONLY,BW_SEMANTIC,ttc,K-M-M-A4-s0,K,0.38702,0.38416,0.29651,0.68067,-0.29365,0.40471,-0.017685,1
INT_OUTLINE+BW,OUTLINE_ONLY,BW_SEMANTIC,wd,K-M-M-A4-s0,K,0.079472,0.087393,-0.011037,0.076356,0.0031165,0.085524,-0.0060514,1
INT_OUTLINE+BW,OUTLINE_ONLY,BW_SEMANTIC,ttc,K-M-S-A4-s0,K,0.34939,0.34633,0.28911,0.63544,-0.28605,0.36643,-0.017039,1
INT_OUTLINE+BW,OUTLINE_ONLY,BW_SEMANTIC,wd,K-M-S-A4-s0,K,0.067066,0.074452,0.0067843,0.081237,-0.014171,0.075617,-0.0085511,1
INT_OUTLINE+BW,OUTLINE_ONLY,BW_SEMANTIC,ttc,L-H-L-A4-s0,L,0.5297,0.52899,0.38498,0.91397,-0.38427,0.54804,-0.018345,0.79022
INT_OUTLINE+BW,OUTLINE_ONLY,BW_SEMANTIC,wd,L-H-L-A4-s0,L,0.18093,0.18948,0.036214,0.22569,-0.044761,0.19267,-0.011734,0.79022
INT_OUTLINE+BW,OUTLINE_ONLY,BW_SEMANTIC,ttc,L-H-M-A4-s0,L,0.64607,0.64218,0.50545,1.1476,-0.50157,0.67104,-0.024971,0.79008
INT_OUTLINE+BW,OUTLINE_ONLY,BW_SEMANTIC,wd,L-H-M-A4-s0,L,0.20999,0.22189,0.06938,0.29127,-0.081273,0.22843,-0.018436,0.79008
INT_OUTLINE+BW,OUTLINE_ONLY,BW_SEMANTIC,ttc,L-H-S-A4-s0,L,0.63094,0.62295,0.50061,1.1236,-0.49262,0.66562,-0.034679,0.77012
INT_OUTLINE+BW,OUTLINE_ONLY,BW_SEMANTIC,wd,L-H-S-A4-s0,L,0.19474,0.2122,0.064401,0.2766,-0.081866,0.22077,-0.026039,0.77012
INT_OUTLINE+BW,OUTLINE_ONLY,BW_SEMANTIC,ttc,L-L-L-A4-s0,L,0.037365,0.039391,0.028909,0.0683,-0.030935,0.044514,-0.0071488,0.89139
INT_OUTLINE+BW,OUTLINE_ONLY,BW_SEMANTIC,wd,L-L-L-A4-s0,L,0.011141,0.014474,0.002685,0.017159,-0.0060178,0.015364,-0.0042228,0.89139
INT_OUTLINE+BW,OUTLINE_ONLY,BW_SEMANTIC,ttc,L-L-M-A4-s0,L,0.04284,0.046159,0.037384,0.083543,-0.040704,0.052898,-0.010059,0.8794
INT_OUTLINE+BW,OUTLINE_ONLY,BW_SEMANTIC,wd,L-L-M-A4-s0,L,0.0088683,0.013386,0.0034129,0.016799,-0.0079311,0.014754,-0.0058859,0.8794
INT_OUTLINE+BW,OUTLINE_ONLY,BW_SEMANTIC,ttc,L-L-S-A4-s0,L,0.040667,0.045,0.033915,0.078916,-0.038249,0.052701,-0.012035,0.82229
INT_OUTLINE+BW,OUTLINE_ONLY,BW_SEMANTIC,wd,L-L-S-A4-s0,L,0.0059838,0.012097,-0.00076757,0.011329,-0.0053453,0.011724,-0.0057398,0.82229
INT_OUTLINE+BW,OUTLINE_ONLY,BW_SEMANTIC,ttc,L-M-L-A4-s0,L,0.079742,0.083768,0.067305,0.15107,-0.071332,0.09349,-0.013748,0.86834
INT_OUTLINE+BW,OUTLINE_ONLY,BW_SEMANTIC,wd,L-M-L-A4-s0,L,0.020078,0.025986,0.0076416,0.033628,-0.01355,0.028436,-0.0083576,0.86834
INT_OUTLINE+BW,OUTLINE_ONLY,BW_SEMANTIC,ttc,L-M-M-A4-s0,L,0.088123,0.094025,0.070975,0.165,-0.076877,0.10563,-0.017503,0.82697
INT_OUTLINE+BW,OUTLINE_ONLY,BW_SEMANTIC,wd,L-M-M-A4-s0,L,0.021056,0.029387,0.0039071,0.033294,-0.012239,0.030761,-0.0097059,0.82697
INT_OUTLINE+BW,OUTLINE_ONLY,BW_SEMANTIC,ttc,L-M-S-A4-s0,L,0.077919,0.085934,0.063863,0.1498,-0.071879,0.10014,-0.022222,0.80154
INT_OUTLINE+BW,OUTLINE_ONLY,BW_SEMANTIC,wd,L-M-S-A4-s0,L,0.011861,0.023358,-0.0021945,0.021164,-0.0093031,0.022317,-0.010456,0.80154
INT_OUTLINE+HALFTONE_M,OUTLINE_ONLY,HALFTONE_M,ttc,A-H-L-A4-s0,A,0,0,0,0,0,0,0,1
INT_OUTLINE+HALFTONE_M,OUTLINE_ONLY,HALFTONE_M,wd,A-H-L-A4-s0,A,0,0,0,0,0,0,0,1
INT_OUTLINE+HALFTONE_M,OUTLINE_ONLY,HALFTONE_M,ttc,A-H-M-A4-s0,A,0,0,0,0,0,0,0,1
INT_OUTLINE+HALFTONE_M,OUTLINE_ONLY,HALFTONE_M,wd,A-H-M-A4-s0,A,0,0,0,0,0,0,0,1
INT_OUTLINE+HALFTONE_M,OUTLINE_ONLY,HALFTONE_M,ttc,A-H-S-A4-s0,A,0,0,0,0,0,0,0,1
INT_OUTLINE+HALFTONE_M,OUTLINE_ONLY,HALFTONE_M,wd,A-H-S-A4-s0,A,0,0,0,0,0,0,0,1
INT_OUTLINE+HALFTONE_M,OUTLINE_ONLY,HALFTONE_M,ttc,A-L-L-A4-s0,A,0,0,0,0,0,0,0,1
INT_OUTLINE+HALFTONE_M,OUTLINE_ONLY,HALFTONE_M,wd,A-L-L-A4-s0,A,0,0,0,0,0,0,0,1
INT_OUTLINE+HALFTONE_M,OUTLINE_ONLY,HALFTONE_M,ttc,A-L-M-A4-s0,A,0,0,0,0,0,0,0,1
INT_OUTLINE+HALFTONE_M,OUTLINE_ONLY,HALFTONE_M,wd,A-L-M-A4-s0,A,0,0,0,0,0,0,0,1
INT_OUTLINE+HALFTONE_M,OUTLINE_ONLY,HALFTONE_M,ttc,A-L-S-A4-s0,A,0,0,0,0,0,0,0,1
INT_OUTLINE+HALFTONE_M,OUTLINE_ONLY,HALFTONE_M,wd,A-L-S-A4-s0,A,0,0,0,0,0,0,0,1
INT_OUTLINE+HALFTONE_M,OUTLINE_ONLY,HALFTONE_M,ttc,A-M-L-A4-s0,A,0,0,0,0,0,0,0,1
INT_OUTLINE+HALFTONE_M,OUTLINE_ONLY,HALFTONE_M,wd,A-M-L-A4-s0,A,0,0,0,0,0,0,0,1
INT_OUTLINE+HALFTONE_M,OUTLINE_ONLY,HALFTONE_M,ttc,A-M-M-A4-s0,A,0,0,0,0,0,0,0,1
INT_OUTLINE+HALFTONE_M,OUTLINE_ONLY,HALFTONE_M,wd,A-M-M-A4-s0,A,0,0,0,0,0,0,0,1
INT_OUTLINE+HALFTONE_M,OUTLINE_ONLY,HALFTONE_M,ttc,A-M-S-A4-s0,A,0,0,0,0,0,0,0,1
INT_OUTLINE+HALFTONE_M,OUTLINE_ONLY,HALFTONE_M,wd,A-M-S-A4-s0,A,0,0,0,0,0,0,0,1
INT_OUTLINE+HALFTONE_M,OUTLINE_ONLY,HALFTONE_M,ttc,B-H-L-A4-s0,B,0,0,0,0,0,0,0,1
INT_OUTLINE+HALFTONE_M,OUTLINE_ONLY,HALFTONE_M,wd,B-H-L-A4-s0,B,0,0,0,0,0,0,0,1
INT_OUTLINE+HALFTONE_M,OUTLINE_ONLY,HALFTONE_M,ttc,B-H-M-A4-s0,B,0,0,0,0,0,0,0,1
INT_OUTLINE+HALFTONE_M,OUTLINE_ONLY,HALFTONE_M,wd,B-H-M-A4-s0,B,0,0,0,0,0,0,0,1
INT_OUTLINE+HALFTONE_M,OUTLINE_ONLY,HALFTONE_M,ttc,B-H-S-A4-s0,B,0,0,0,0,0,0,0,1
INT_OUTLINE+HALFTONE_M,OUTLINE_ONLY,HALFTONE_M,wd,B-H-S-A4-s0,B,0,0,0,0,0,0,0,1
INT_OUTLINE+HALFTONE_M,OUTLINE_ONLY,HALFTONE_M,ttc,B-L-L-A4-s0,B,0,0,0,0,0,0,0,1
INT_OUTLINE+HALFTONE_M,OUTLINE_ONLY,HALFTONE_M,wd,B-L-L-A4-s0,B,0,0,0,0,0,0,0,1
INT_OUTLINE+HALFTONE_M,OUTLINE_ONLY,HALFTONE_M,ttc,B-L-M-A4-s0,B,0,0,0,0,0,0,0,1
INT_OUTLINE+HALFTONE_M,OUTLINE_ONLY,HALFTONE_M,wd,B-L-M-A4-s0,B,0,0,0,0,0,0,0,1
INT_OUTLINE+HALFTONE_M,OUTLINE_ONLY,HALFTONE_M,ttc,B-L-S-A4-s0,B,0,0,0,0,0,0,0,1
INT_OUTLINE+HALFTONE_M,OUTLINE_ONLY,HALFTONE_M,wd,B-L-S-A4-s0,B,0,0,0,0,0,0,0,1
INT_OUTLINE+HALFTONE_M,OUTLINE_ONLY,HALFTONE_M,ttc,B-M-L-A4-s0,B,0,0,0,0,0,0,0,1
INT_OUTLINE+HALFTONE_M,OUTLINE_ONLY,HALFTONE_M,wd,B-M-L-A4-s0,B,0,0,0,0,0,0,0,1
INT_OUTLINE+HALFTONE_M,OUTLINE_ONLY,HALFTONE_M,ttc,B-M-M-A4-s0,B,0,0,0,0,0,0,0,1
INT_OUTLINE+HALFTONE_M,OUTLINE_ONLY,HALFTONE_M,wd,B-M-M-A4-s0,B,0,0,0,0,0,0,0,1
INT_OUTLINE+HALFTONE_M,OUTLINE_ONLY,HALFTONE_M,ttc,B-M-S-A4-s0,B,0,0,0,0,0,0,0,1
INT_OUTLINE+HALFTONE_M,OUTLINE_ONLY,HALFTONE_M,wd,B-M-S-A4-s0,B,0,0,0,0,0,0,0,1
INT_OUTLINE+HALFTONE_M,OUTLINE_ONLY,HALFTONE_M,ttc,C-H-L-A4-s0,C,0,0,0,0,0,0,0,1
INT_OUTLINE+HALFTONE_M,OUTLINE_ONLY,HALFTONE_M,wd,C-H-L-A4-s0,C,0,0,0,0,0,0,0,1
INT_OUTLINE+HALFTONE_M,OUTLINE_ONLY,HALFTONE_M,ttc,C-H-M-A4-s0,C,0,0,0,0,0,0,0,1
INT_OUTLINE+HALFTONE_M,OUTLINE_ONLY,HALFTONE_M,wd,C-H-M-A4-s0,C,0,0,0,0,0,0,0,1
INT_OUTLINE+HALFTONE_M,OUTLINE_ONLY,HALFTONE_M,ttc,C-H-S-A4-s0,C,0,0,0,0,0,0,0,1
INT_OUTLINE+HALFTONE_M,OUTLINE_ONLY,HALFTONE_M,wd,C-H-S-A4-s0,C,0,0,0,0,0,0,0,1
INT_OUTLINE+HALFTONE_M,OUTLINE_ONLY,HALFTONE_M,ttc,C-L-L-A4-s0,C,0,0,0,0,0,0,0,1
INT_OUTLINE+HALFTONE_M,OUTLINE_ONLY,HALFTONE_M,wd,C-L-L-A4-s0,C,0,0,0,0,0,0,0,1
INT_OUTLINE+HALFTONE_M,OUTLINE_ONLY,HALFTONE_M,ttc,C-L-M-A4-s0,C,0,0,0,0,0,0,0,1
INT_OUTLINE+HALFTONE_M,OUTLINE_ONLY,HALFTONE_M,wd,C-L-M-A4-s0,C,0,0,0,0,0,0,0,1
INT_OUTLINE+HALFTONE_M,OUTLINE_ONLY,HALFTONE_M,ttc,C-L-S-A4-s0,C,0,0,0,0,0,0,0,1
INT_OUTLINE+HALFTONE_M,OUTLINE_ONLY,HALFTONE_M,wd,C-L-S-A4-s0,C,0,0,0,0,0,0,0,1
INT_OUTLINE+HALFTONE_M,OUTLINE_ONLY,HALFTONE_M,ttc,C-M-L-A4-s0,C,0,0,0,0,0,0,0,1
INT_OUTLINE+HALFTONE_M,OUTLINE_ONLY,HALFTONE_M,wd,C-M-L-A4-s0,C,0,0,0,0,0,0,0,1
INT_OUTLINE+HALFTONE_M,OUTLINE_ONLY,HALFTONE_M,ttc,C-M-M-A4-s0,C,0,0,0,0,0,0,0,1
INT_OUTLINE+HALFTONE_M,OUTLINE_ONLY,HALFTONE_M,wd,C-M-M-A4-s0,C,0,0,0,0,0,0,0,1
INT_OUTLINE+HALFTONE_M,OUTLINE_ONLY,HALFTONE_M,ttc,C-M-S-A4-s0,C,0,0,0,0,0,0,0,1
INT_OUTLINE+HALFTONE_M,OUTLINE_ONLY,HALFTONE_M,wd,C-M-S-A4-s0,C,0,0,0,0,0,0,0,1
INT_OUTLINE+HALFTONE_M,OUTLINE_ONLY,HALFTONE_M,ttc,D-H-L-A4-s0,D,0.010393,0.010393,0.0088231,0.019216,-0.0088231,0.01664,-0.0062473,0.86618
INT_OUTLINE+HALFTONE_M,OUTLINE_ONLY,HALFTONE_M,wd,D-H-L-A4-s0,D,0.0027727,0.0027727,0.0029987,0.0057713,-0.0029987,0.0054677,-0.002695,0.86618
INT_OUTLINE+HALFTONE_M,OUTLINE_ONLY,HALFTONE_M,ttc,D-H-M-A4-s0,D,0.00729,0.00729,0.0064988,0.013789,-0.0064988,0.01213,-0.00484,0.90218
INT_OUTLINE+HALFTONE_M,OUTLINE_ONLY,HALFTONE_M,wd,D-H-M-A4-s0,D,0.0016391,0.0016391,0.0021697,0.0038088,-0.0021697,0.0036502,-0.0020111,0.90218
INT_OUTLINE+HALFTONE_M,OUTLINE_ONLY,HALFTONE_M,ttc,D-H-S-A4-s0,D,0.0043787,0.0043787,0.0043541,0.0087328,-0.0043541,0.0077684,-0.0033897,0.86274
INT_OUTLINE+HALFTONE_M,OUTLINE_ONLY,HALFTONE_M,wd,D-H-S-A4-s0,D,0.00076505,0.00076505,0.0015252,0.0022902,-0.0015252,0.0022162,-0.0014512,0.86274
INT_OUTLINE+HALFTONE_M,OUTLINE_ONLY,HALFTONE_M,ttc,D-L-L-A4-s0,D,0.0066997,0.0066997,0.006053,0.012753,-0.006053,0.010582,-0.0038819,0.98751
INT_OUTLINE+HALFTONE_M,OUTLINE_ONLY,HALFTONE_M,wd,D-L-L-A4-s0,D,0.0015695,0.0015695,0.0021375,0.003707,-0.0021375,0.0034479,-0.0018784,0.98751
INT_OUTLINE+HALFTONE_M,OUTLINE_ONLY,HALFTONE_M,ttc,D-L-M-A4-s0,D,0.0046103,0.0046103,0.0045157,0.009126,-0.0045157,0.0077618,-0.0031516,0.98678
INT_OUTLINE+HALFTONE_M,OUTLINE_ONLY,HALFTONE_M,wd,D-L-M-A4-s0,D,0.00091407,0.00091407,0.0016495,0.0025636,-0.0016495,0.0024275,-0.0015135,0.98678
INT_OUTLINE+HALFTONE_M,OUTLINE_ONLY,HALFTONE_M,ttc,D-L-S-A4-s0,D,0.0027983,0.0027983,0.0031861,0.0059844,-0.0031861,0.0050369,-0.0022387,0.98489
INT_OUTLINE+HALFTONE_M,OUTLINE_ONLY,HALFTONE_M,wd,D-L-S-A4-s0,D,0.00030793,0.00030793,0.0011943,0.0015022,-0.0011943,0.0014458,-0.0011379,0.98489
INT_OUTLINE+HALFTONE_M,OUTLINE_ONLY,HALFTONE_M,ttc,D-M-L-A4-s0,D,0.0066997,0.0066997,0.006053,0.012753,-0.006053,0.011007,-0.0043068,0.98751
INT_OUTLINE+HALFTONE_M,OUTLINE_ONLY,HALFTONE_M,wd,D-M-L-A4-s0,D,0.0015695,0.0015695,0.0021375,0.003707,-0.0021375,0.0035152,-0.0019457,0.98751
INT_OUTLINE+HALFTONE_M,OUTLINE_ONLY,HALFTONE_M,ttc,D-M-M-A4-s0,D,0.0063737,0.0063737,0.0058407,0.012214,-0.0058407,0.010541,-0.0041673,0.84754
INT_OUTLINE+HALFTONE_M,OUTLINE_ONLY,HALFTONE_M,wd,D-M-M-A4-s0,D,0.0014812,0.0014812,0.0020565,0.0035377,-0.0020565,0.0033571,-0.0018759,0.84754
INT_OUTLINE+HALFTONE_M,OUTLINE_ONLY,HALFTONE_M,ttc,D-M-S-A4-s0,D,0.003858,0.003858,0.0039786,0.0078366,-0.0039786,0.0068102,-0.0029522,0.89087
INT_OUTLINE+HALFTONE_M,OUTLINE_ONLY,HALFTONE_M,wd,D-M-S-A4-s0,D,0.0005881,0.0005881,0.0013985,0.0019866,-0.0013985,0.0019138,-0.0013257,0.89087
INT_OUTLINE+HALFTONE_M,OUTLINE_ONLY,HALFTONE_M,ttc,E-H-L-A4-s0,E,0.03965,0.03965,0.029996,0.069646,-0.029996,0.061326,-0.021676,0.77741
INT_OUTLINE+HALFTONE_M,OUTLINE_ONLY,HALFTONE_M,wd,E-H-L-A4-s0,E,0.014017,0.014017,0.011307,0.025324,-0.011307,0.023315,-0.0092971,0.77741
INT_OUTLINE+HALFTONE_M,OUTLINE_ONLY,HALFTONE_M,ttc,E-H-M-A4-s0,E,0.031668,0.031668,0.024728,0.056396,-0.024728,0.050505,-0.018837,0.79637
INT_OUTLINE+HALFTONE_M,OUTLINE_ONLY,HALFTONE_M,wd,E-H-M-A4-s0,E,0.011325,0.011325,0.0096879,0.021013,-0.0096879,0.019496,-0.0081716,0.79637
INT_OUTLINE+HALFTONE_M,OUTLINE_ONLY,HALFTONE_M,ttc,E-H-S-A4-s0,E,0.035956,0.035956,0.02977,0.065727,-0.02977,0.05862,-0.022664,0.75341
INT_OUTLINE+HALFTONE_M,OUTLINE_ONLY,HALFTONE_M,wd,E-H-S-A4-s0,E,0.011679,0.011679,0.011666,0.023344,-0.011666,0.021702,-0.010023,0.75341
INT_OUTLINE+HALFTONE_M,OUTLINE_ONLY,HALFTONE_M,ttc,E-L-L-A4-s0,E,0.016826,0.016826,0.012755,0.02958,-0.012755,0.025658,-0.0088322,0.8182
INT_OUTLINE+HALFTONE_M,OUTLINE_ONLY,HALFTONE_M,wd,E-L-L-A4-s0,E,0.0060859,0.0060859,0.0048225,0.010908,-0.0048225,0.0099615,-0.0038756,0.8182
INT_OUTLINE+HALFTONE_M,OUTLINE_ONLY,HALFTONE_M,ttc,E-L-M-A4-s0,E,0.012875,0.012875,0.010085,0.022961,-0.010085,0.020224,-0.0073489,0.81451
INT_OUTLINE+HALFTONE_M,OUTLINE_ONLY,HALFTONE_M,wd,E-L-M-A4-s0,E,0.004326,0.004326,0.0037451,0.0080711,-0.0037451,0.0074763,-0.0031504,0.81451
INT_OUTLINE+HALFTONE_M,OUTLINE_ONLY,HALFTONE_M,ttc,E-L-S-A4-s0,E,0.012149,0.012149,0.0099947,0.022143,-0.0099947,0.019574,-0.0074251,0.74831
INT_OUTLINE+HALFTONE_M,OUTLINE_ONLY,HALFTONE_M,wd,E-L-S-A4-s0,E,0.0039543,0.0039543,0.0038767,0.007831,-0.0038767,0.0072375,-0.0032832,0.74831
INT_OUTLINE+HALFTONE_M,OUTLINE_ONLY,HALFTONE_M,ttc,E-M-L-A4-s0,E,0.026874,0.026874,0.020579,0.047453,-0.020579,0.041834,-0.014959,0.82862
INT_OUTLINE+HALFTONE_M,OUTLINE_ONLY,HALFTONE_M,wd,E-M-L-A4-s0,E,0.0094168,0.0094168,0.0076665,0.017083,-0.0076665,0.015769,-0.0063523,0.82862
INT_OUTLINE+HALFTONE_M,OUTLINE_ONLY,HALFTONE_M,ttc,E-M-M-A4-s0,E,0.019023,0.019023,0.014744,0.033766,-0.014744,0.030535,-0.011512,0.80807
INT_OUTLINE+HALFTONE_M,OUTLINE_ONLY,HALFTONE_M,wd,E-M-M-A4-s0,E,0.0064523,0.0064523,0.0055415,0.011994,-0.0055415,0.01124,-0.0047877,0.80807
INT_OUTLINE+HALFTONE_M,OUTLINE_ONLY,HALFTONE_M,ttc,E-M-S-A4-s0,E,0.022951,0.022951,0.018998,0.041949,-0.018998,0.037764,-0.014813,0.77166
INT_OUTLINE+HALFTONE_M,OUTLINE_ONLY,HALFTONE_M,wd,E-M-S-A4-s0,E,0.0073573,0.0073573,0.0073502,0.014707,-0.0073502,0.013736,-0.0063788,0.77166
INT_OUTLINE+HALFTONE_M,OUTLINE_ONLY,HALFTONE_M,ttc,F-H-L-A4-s0,F,1.1494,1.1494,0.82266,1.972,-0.82266,1.1637,-0.014352,0.021808
INT_OUTLINE+HALFTONE_M,OUTLINE_ONLY,HALFTONE_M,wd,F-H-L-A4-s0,F,0.41986,0.41986,0.29227,0.71213,-0.29227,0.42855,-0.0086862,0.021808
INT_OUTLINE+HALFTONE_M,OUTLINE_ONLY,HALFTONE_M,ttc,F-H-M-A4-s0,F,1.1539,1.1539,0.83426,1.9882,-0.83426,1.1703,-0.016319,0.028151
INT_OUTLINE+HALFTONE_M,OUTLINE_ONLY,HALFTONE_M,wd,F-H-M-A4-s0,F,0.41791,0.41791,0.29256,0.71047,-0.29256,0.42624,-0.0083257,0.028151
INT_OUTLINE+HALFTONE_M,OUTLINE_ONLY,HALFTONE_M,ttc,F-H-S-A4-s0,F,1.1183,1.1183,0.81448,1.9328,-0.81448,1.1371,-0.018763,0.040208
INT_OUTLINE+HALFTONE_M,OUTLINE_ONLY,HALFTONE_M,wd,F-H-S-A4-s0,F,0.40898,0.40898,0.2896,0.69858,-0.2896,0.41778,-0.0087951,0.040208
INT_OUTLINE+HALFTONE_M,OUTLINE_ONLY,HALFTONE_M,ttc,F-L-L-A4-s0,F,0.54764,0.54764,0.41324,0.96089,-0.41324,0.56236,-0.014718,0.020435
INT_OUTLINE+HALFTONE_M,OUTLINE_ONLY,HALFTONE_M,wd,F-L-L-A4-s0,F,0.20884,0.20884,0.15235,0.36119,-0.15235,0.21762,-0.0087796,0.020435
INT_OUTLINE+HALFTONE_M,OUTLINE_ONLY,HALFTONE_M,ttc,F-L-M-A4-s0,F,0.49484,0.49484,0.37631,0.87115,-0.37631,0.50894,-0.0141,0.024738
INT_OUTLINE+HALFTONE_M,OUTLINE_ONLY,HALFTONE_M,wd,F-L-M-A4-s0,F,0.19236,0.19236,0.14182,0.33418,-0.14182,0.19983,-0.0074614,0.024738
INT_OUTLINE+HALFTONE_M,OUTLINE_ONLY,HALFTONE_M,ttc,F-L-S-A4-s0,F,0.40578,0.40578,0.31367,0.71946,-0.31367,0.42114,-0.015356,0.036263
INT_OUTLINE+HALFTONE_M,OUTLINE_ONLY,HALFTONE_M,wd,F-L-S-A4-s0,F,0.15667,0.15667,0.11758,0.27425,-0.11758,0.1639,-0.0072272,0.036263
INT_OUTLINE+HALFTONE_M,OUTLINE_ONLY,HALFTONE_M,ttc,F-M-L-A4-s0,F,0.72024,0.72024,0.53595,1.2562,-0.53595,0.73488,-0.014639,0.02045
INT_OUTLINE+HALFTONE_M,OUTLINE_ONLY,HALFTONE_M,wd,F-M-L-A4-s0,F,0.24011,0.24011,0.17318,0.41328,-0.17318,0.24885,-0.0087459,0.02045
INT_OUTLINE+HALFTONE_M,OUTLINE_ONLY,HALFTONE_M,ttc,F-M-M-A4-s0,F,0.74386,0.74386,0.55526,1.2991,-0.55526,0.76025,-0.01639,0.024517
INT_OUTLINE+HALFTONE_M,OUTLINE_ONLY,HALFTONE_M,wd,F-M-M-A4-s0,F,0.24639,0.24639,0.17964,0.42604,-0.17964,0.25478,-0.0083854,0.024517
INT_OUTLINE+HALFTONE_M,OUTLINE_ONLY,HALFTONE_M,ttc,F-M-S-A4-s0,F,0.6887,0.6887,0.5198,1.2085,-0.5198,0.70835,-0.019643,0.038023
INT_OUTLINE+HALFTONE_M,OUTLINE_ONLY,HALFTONE_M,wd,F-M-S-A4-s0,F,0.2297,0.2297,0.17021,0.3999,-0.17021,0.23885,-0.0091582,0.038023
INT_OUTLINE+HALFTONE_M,OUTLINE_ONLY,HALFTONE_M,ttc,G-H-L-A4-s0,G,0,0,0,0,0,0,0,1
INT_OUTLINE+HALFTONE_M,OUTLINE_ONLY,HALFTONE_M,wd,G-H-L-A4-s0,G,0,0,0,0,0,0,0,1
INT_OUTLINE+HALFTONE_M,OUTLINE_ONLY,HALFTONE_M,ttc,G-H-M-A4-s0,G,0,0,0,0,0,0,0,1
INT_OUTLINE+HALFTONE_M,OUTLINE_ONLY,HALFTONE_M,wd,G-H-M-A4-s0,G,0,0,0,0,0,0,0,1
INT_OUTLINE+HALFTONE_M,OUTLINE_ONLY,HALFTONE_M,ttc,G-H-S-A4-s0,G,0,0,0,0,0,0,0,1
INT_OUTLINE+HALFTONE_M,OUTLINE_ONLY,HALFTONE_M,wd,G-H-S-A4-s0,G,0,0,0,0,0,0,0,1
INT_OUTLINE+HALFTONE_M,OUTLINE_ONLY,HALFTONE_M,ttc,G-L-L-A4-s0,G,0,0,0,0,0,0,0,1
INT_OUTLINE+HALFTONE_M,OUTLINE_ONLY,HALFTONE_M,wd,G-L-L-A4-s0,G,0,0,0,0,0,0,0,1
INT_OUTLINE+HALFTONE_M,OUTLINE_ONLY,HALFTONE_M,ttc,G-L-M-A4-s0,G,0,0,0,0,0,0,0,1
INT_OUTLINE+HALFTONE_M,OUTLINE_ONLY,HALFTONE_M,wd,G-L-M-A4-s0,G,0,0,0,0,0,0,0,1
INT_OUTLINE+HALFTONE_M,OUTLINE_ONLY,HALFTONE_M,ttc,G-L-S-A4-s0,G,0,0,0,0,0,0,0,1
INT_OUTLINE+HALFTONE_M,OUTLINE_ONLY,HALFTONE_M,wd,G-L-S-A4-s0,G,0,0,0,0,0,0,0,1
INT_OUTLINE+HALFTONE_M,OUTLINE_ONLY,HALFTONE_M,ttc,G-M-L-A4-s0,G,0,0,0,0,0,0,0,1
INT_OUTLINE+HALFTONE_M,OUTLINE_ONLY,HALFTONE_M,wd,G-M-L-A4-s0,G,0,0,0,0,0,0,0,1
INT_OUTLINE+HALFTONE_M,OUTLINE_ONLY,HALFTONE_M,ttc,G-M-M-A4-s0,G,0,0,0,0,0,0,0,1
INT_OUTLINE+HALFTONE_M,OUTLINE_ONLY,HALFTONE_M,wd,G-M-M-A4-s0,G,0,0,0,0,0,0,0,1
INT_OUTLINE+HALFTONE_M,OUTLINE_ONLY,HALFTONE_M,ttc,G-M-S-A4-s0,G,0,0,0,0,0,0,0,1
INT_OUTLINE+HALFTONE_M,OUTLINE_ONLY,HALFTONE_M,wd,G-M-S-A4-s0,G,0,0,0,0,0,0,0,1
INT_OUTLINE+HALFTONE_M,OUTLINE_ONLY,HALFTONE_M,ttc,H-H-L-A4-s0,H,0.005438,0.005438,0.0039233,0.0093613,-0.0039233,0.0088717,-0.0034337,1
INT_OUTLINE+HALFTONE_M,OUTLINE_ONLY,HALFTONE_M,wd,H-H-L-A4-s0,H,0.005438,0.005438,0.0039233,0.0093613,-0.0039233,0.0088717,-0.0034337,1
INT_OUTLINE+HALFTONE_M,OUTLINE_ONLY,HALFTONE_M,ttc,H-H-M-A4-s0,H,0.0037721,0.0037721,0.0027264,0.0064985,-0.0027264,0.0062121,-0.00244,1
INT_OUTLINE+HALFTONE_M,OUTLINE_ONLY,HALFTONE_M,wd,H-H-M-A4-s0,H,0.0037721,0.0037721,0.0027264,0.0064985,-0.0027264,0.0062121,-0.00244,1
INT_OUTLINE+HALFTONE_M,OUTLINE_ONLY,HALFTONE_M,ttc,H-H-S-A4-s0,H,0.0023064,0.0023064,0.0018391,0.0041454,-0.0018391,0.0040167,-0.0017104,1
INT_OUTLINE+HALFTONE_M,OUTLINE_ONLY,HALFTONE_M,wd,H-H-S-A4-s0,H,0.0023064,0.0023064,0.0018391,0.0041454,-0.0018391,0.0040167,-0.0017104,1
INT_OUTLINE+HALFTONE_M,OUTLINE_ONLY,HALFTONE_M,ttc,H-L-L-A4-s0,H,0.005438,0.005438,0.0039233,0.0093612,-0.0039233,0.0084364,-0.0029984,1
INT_OUTLINE+HALFTONE_M,OUTLINE_ONLY,HALFTONE_M,wd,H-L-L-A4-s0,H,0.005438,0.005438,0.0039233,0.0093612,-0.0039233,0.0084364,-0.0029984,1
INT_OUTLINE+HALFTONE_M,OUTLINE_ONLY,HALFTONE_M,ttc,H-L-M-A4-s0,H,0.0037721,0.0037721,0.0027264,0.0064985,-0.0027264,0.0059069,-0.0021348,1
INT_OUTLINE+HALFTONE_M,OUTLINE_ONLY,HALFTONE_M,wd,H-L-M-A4-s0,H,0.0037721,0.0037721,0.0027264,0.0064985,-0.0027264,0.0059069,-0.0021348,1
INT_OUTLINE+HALFTONE_M,OUTLINE_ONLY,HALFTONE_M,ttc,H-L-S-A4-s0,H,0.0023064,0.0023064,0.0018391,0.0041454,-0.0018391,0.003838,-0.0015317,1
INT_OUTLINE+HALFTONE_M,OUTLINE_ONLY,HALFTONE_M,wd,H-L-S-A4-s0,H,0.0023064,0.0023064,0.0018391,0.0041454,-0.0018391,0.003838,-0.0015317,1
INT_OUTLINE+HALFTONE_M,OUTLINE_ONLY,HALFTONE_M,ttc,H-M-L-A4-s0,H,0.005438,0.005438,0.0039233,0.0093613,-0.0039233,0.0087016,-0.0032636,1
INT_OUTLINE+HALFTONE_M,OUTLINE_ONLY,HALFTONE_M,wd,H-M-L-A4-s0,H,0.005438,0.005438,0.0039233,0.0093613,-0.0039233,0.0087016,-0.0032636,1
INT_OUTLINE+HALFTONE_M,OUTLINE_ONLY,HALFTONE_M,ttc,H-M-M-A4-s0,H,0.0037721,0.0037721,0.0027264,0.0064985,-0.0027264,0.006104,-0.0023318,1
INT_OUTLINE+HALFTONE_M,OUTLINE_ONLY,HALFTONE_M,wd,H-M-M-A4-s0,H,0.0037721,0.0037721,0.0027264,0.0064985,-0.0027264,0.006104,-0.0023318,1
INT_OUTLINE+HALFTONE_M,OUTLINE_ONLY,HALFTONE_M,ttc,H-M-S-A4-s0,H,0.0023064,0.0023064,0.0018391,0.0041454,-0.0018391,0.0039612,-0.0016548,1
INT_OUTLINE+HALFTONE_M,OUTLINE_ONLY,HALFTONE_M,wd,H-M-S-A4-s0,H,0.0023064,0.0023064,0.0018391,0.0041454,-0.0018391,0.0039612,-0.0016548,1
INT_OUTLINE+HALFTONE_M,OUTLINE_ONLY,HALFTONE_M,ttc,I-H-L-A4-s0,I,0.28274,0,0.28274,0.28274,0,0.28274,0,0.93333
INT_OUTLINE+HALFTONE_M,OUTLINE_ONLY,HALFTONE_M,wd,I-H-L-A4-s0,I,0.098301,0,0.098301,0.098301,0,0.098301,1.3878e-17,0.93333
INT_OUTLINE+HALFTONE_M,OUTLINE_ONLY,HALFTONE_M,ttc,I-H-M-A4-s0,I,0.27734,0,0.27734,0.27734,0,0.27734,0,0.93333
INT_OUTLINE+HALFTONE_M,OUTLINE_ONLY,HALFTONE_M,wd,I-H-M-A4-s0,I,0.09554,0,0.09554,0.09554,0,0.09554,0,0.93333
INT_OUTLINE+HALFTONE_M,OUTLINE_ONLY,HALFTONE_M,ttc,I-H-S-A4-s0,I,0.25501,0,0.25501,0.25501,0,0.25501,0,0.93333
INT_OUTLINE+HALFTONE_M,OUTLINE_ONLY,HALFTONE_M,wd,I-H-S-A4-s0,I,0.088315,0,0.088315,0.088315,0,0.088315,0,0.93333
INT_OUTLINE+HALFTONE_M,OUTLINE_ONLY,HALFTONE_M,ttc,I-L-L-A4-s0,I,0.11715,0,0.11715,0.11715,0,0.11715,1.3878e-17,1
INT_OUTLINE+HALFTONE_M,OUTLINE_ONLY,HALFTONE_M,wd,I-L-L-A4-s0,I,0.042235,0,0.042235,0.042235,0,0.042235,0,1
INT_OUTLINE+HALFTONE_M,OUTLINE_ONLY,HALFTONE_M,ttc,I-L-M-A4-s0,I,0.10604,0,0.10604,0.10604,0,0.10604,0,1
INT_OUTLINE+HALFTONE_M,OUTLINE_ONLY,HALFTONE_M,wd,I-L-M-A4-s0,I,0.03898,0,0.03898,0.03898,0,0.03898,0,1
INT_OUTLINE+HALFTONE_M,OUTLINE_ONLY,HALFTONE_M,ttc,I-L-S-A4-s0,I,0.091485,0,0.091485,0.091485,0,0.091485,0,1
INT_OUTLINE+HALFTONE_M,OUTLINE_ONLY,HALFTONE_M,wd,I-L-S-A4-s0,I,0.034029,0,0.034029,0.034029,0,0.034029,0,1
INT_OUTLINE+HALFTONE_M,OUTLINE_ONLY,HALFTONE_M,ttc,I-M-L-A4-s0,I,0.20763,0,0.20763,0.20763,0,0.20763,0,1
INT_OUTLINE+HALFTONE_M,OUTLINE_ONLY,HALFTONE_M,wd,I-M-L-A4-s0,I,0.077018,0,0.077018,0.077018,0,0.077018,0,1
INT_OUTLINE+HALFTONE_M,OUTLINE_ONLY,HALFTONE_M,ttc,I-M-M-A4-s0,I,0.1978,0,0.1978,0.1978,0,0.1978,-2.7756e-17,1
INT_OUTLINE+HALFTONE_M,OUTLINE_ONLY,HALFTONE_M,wd,I-M-M-A4-s0,I,0.074083,0,0.074083,0.074083,0,0.074083,0,1
INT_OUTLINE+HALFTONE_M,OUTLINE_ONLY,HALFTONE_M,ttc,I-M-S-A4-s0,I,0.18035,0,0.18035,0.18035,0,0.18035,0,1
INT_OUTLINE+HALFTONE_M,OUTLINE_ONLY,HALFTONE_M,wd,I-M-S-A4-s0,I,0.067074,0,0.067074,0.067074,0,0.067074,0,1
INT_OUTLINE+HALFTONE_M,OUTLINE_ONLY,HALFTONE_M,ttc,J-H-L-A4-s0,J,0,0,0,0,0,0,0,1
INT_OUTLINE+HALFTONE_M,OUTLINE_ONLY,HALFTONE_M,wd,J-H-L-A4-s0,J,0,0,0,0,0,0,0,1
INT_OUTLINE+HALFTONE_M,OUTLINE_ONLY,HALFTONE_M,ttc,J-H-M-A4-s0,J,0,0,0,0,0,0,0,1
INT_OUTLINE+HALFTONE_M,OUTLINE_ONLY,HALFTONE_M,wd,J-H-M-A4-s0,J,0,0,0,0,0,0,0,1
INT_OUTLINE+HALFTONE_M,OUTLINE_ONLY,HALFTONE_M,ttc,J-H-S-A4-s0,J,0,0,0,0,0,0,0,1
INT_OUTLINE+HALFTONE_M,OUTLINE_ONLY,HALFTONE_M,wd,J-H-S-A4-s0,J,0,0,0,0,0,0,0,1
INT_OUTLINE+HALFTONE_M,OUTLINE_ONLY,HALFTONE_M,ttc,J-L-L-A4-s0,J,0,0,0,0,0,0,0,1
INT_OUTLINE+HALFTONE_M,OUTLINE_ONLY,HALFTONE_M,wd,J-L-L-A4-s0,J,0,0,0,0,0,0,0,1
INT_OUTLINE+HALFTONE_M,OUTLINE_ONLY,HALFTONE_M,ttc,J-L-M-A4-s0,J,0,0,0,0,0,0,0,1
INT_OUTLINE+HALFTONE_M,OUTLINE_ONLY,HALFTONE_M,wd,J-L-M-A4-s0,J,0,0,0,0,0,0,0,1
INT_OUTLINE+HALFTONE_M,OUTLINE_ONLY,HALFTONE_M,ttc,J-L-S-A4-s0,J,0,0,0,0,0,0,0,1
INT_OUTLINE+HALFTONE_M,OUTLINE_ONLY,HALFTONE_M,wd,J-L-S-A4-s0,J,0,0,0,0,0,0,0,1
INT_OUTLINE+HALFTONE_M,OUTLINE_ONLY,HALFTONE_M,ttc,J-M-L-A4-s0,J,0,0,0,0,0,0,0,1
INT_OUTLINE+HALFTONE_M,OUTLINE_ONLY,HALFTONE_M,wd,J-M-L-A4-s0,J,0,0,0,0,0,0,0,1
INT_OUTLINE+HALFTONE_M,OUTLINE_ONLY,HALFTONE_M,ttc,J-M-M-A4-s0,J,0,0,0,0,0,0,0,1
INT_OUTLINE+HALFTONE_M,OUTLINE_ONLY,HALFTONE_M,wd,J-M-M-A4-s0,J,0,0,0,0,0,0,0,1
INT_OUTLINE+HALFTONE_M,OUTLINE_ONLY,HALFTONE_M,ttc,J-M-S-A4-s0,J,0,0,0,0,0,0,0,1
INT_OUTLINE+HALFTONE_M,OUTLINE_ONLY,HALFTONE_M,wd,J-M-S-A4-s0,J,0,0,0,0,0,0,0,1
INT_OUTLINE+HALFTONE_M,OUTLINE_ONLY,HALFTONE_M,ttc,K-H-L-A4-s0,K,0.43257,0.43257,0.21013,0.64271,-0.21013,0.45092,-0.018344,1
INT_OUTLINE+HALFTONE_M,OUTLINE_ONLY,HALFTONE_M,wd,K-H-L-A4-s0,K,0.10386,0.10386,0.047105,0.15096,-0.047105,0.11447,-0.01061,1
INT_OUTLINE+HALFTONE_M,OUTLINE_ONLY,HALFTONE_M,ttc,K-H-M-A4-s0,K,0.3832,0.3832,0.20619,0.58939,-0.20619,0.40103,-0.017832,1
INT_OUTLINE+HALFTONE_M,OUTLINE_ONLY,HALFTONE_M,wd,K-H-M-A4-s0,K,0.087073,0.087073,0.043811,0.13088,-0.043811,0.096995,-0.0099216,1
INT_OUTLINE+HALFTONE_M,OUTLINE_ONLY,HALFTONE_M,ttc,K-H-S-A4-s0,K,0.34608,0.34608,0.2035,0.54957,-0.2035,0.36246,-0.016387,1
INT_OUTLINE+HALFTONE_M,OUTLINE_ONLY,HALFTONE_M,wd,K-H-S-A4-s0,K,0.074361,0.074361,0.041347,0.11571,-0.041347,0.083077,-0.0087154,1
INT_OUTLINE+HALFTONE_M,OUTLINE_ONLY,HALFTONE_M,ttc,K-L-L-A4-s0,K,0.43279,0.43279,0.21024,0.64303,-0.21024,0.44583,-0.01304,1
INT_OUTLINE+HALFTONE_M,OUTLINE_ONLY,HALFTONE_M,wd,K-L-L-A4-s0,K,0.10349,0.10349,0.046861,0.15035,-0.046861,0.11025,-0.006758,1
INT_OUTLINE+HALFTONE_M,OUTLINE_ONLY,HALFTONE_M,ttc,K-L-M-A4-s0,K,0.3838,0.3838,0.20665,0.59044,-0.20665,0.39569,-0.011894,1
INT_OUTLINE+HALFTONE_M,OUTLINE_ONLY,HALFTONE_M,wd,K-L-M-A4-s0,K,0.087173,0.087173,0.043903,0.13108,-0.043903,0.092737,-0.0055641,1
INT_OUTLINE+HALFTONE_M,OUTLINE_ONLY,HALFTONE_M,ttc,K-L-S-A4-s0,K,0.34633,0.34633,0.20367,0.55,-0.20367,0.35826,-0.011935,1
INT_OUTLINE+HALFTONE_M,OUTLINE_ONLY,HALFTONE_M,wd,K-L-S-A4-s0,K,0.074457,0.074457,0.041418,0.11588,-0.041418,0.079834,-0.0053774,1
INT_OUTLINE+HALFTONE_M,OUTLINE_ONLY,HALFTONE_M,ttc,K-M-L-A4-s0,K,0.43172,0.43172,0.20947,0.64119,-0.20947,0.44649,-0.014772,1
INT_OUTLINE+HALFTONE_M,OUTLINE_ONLY,HALFTONE_M,wd,K-M-L-A4-s0,K,0.10326,0.10326,0.046692,0.14995,-0.046692,0.11133,-0.0080697,1
INT_OUTLINE+HALFTONE_M,OUTLINE_ONLY,HALFTONE_M,ttc,K-M-M-A4-s0,K,0.38416,0.38416,0.20697,0.59112,-0.20697,0.3985,-0.014345,1
INT_OUTLINE+HALFTONE_M,OUTLINE_ONLY,HALFTONE_M,wd,K-M-M-A4-s0,K,0.087393,0.087393,0.044058,0.13145,-0.044058,0.094856,-0.0074626,1
INT_OUTLINE+HALFTONE_M,OUTLINE_ONLY,HALFTONE_M,ttc,K-M-S-A4-s0,K,0.34633,0.34633,0.20369,0.55002,-0.20369,0.36049,-0.014162,1
INT_OUTLINE+HALFTONE_M,OUTLINE_ONLY,HALFTONE_M,wd,K-M-S-A4-s0,K,0.074452,0.074452,0.041413,0.11586,-0.041413,0.081562,-0.0071094,1
INT_OUTLINE+HALFTONE_M,OUTLINE_ONLY,HALFTONE_M,ttc,L-H-L-A4-s0,L,0.52899,0.52899,0.39238,0.92137,-0.39238,0.54841,-0.019422,0.80944
INT_OUTLINE+HALFTONE_M,OUTLINE_ONLY,HALFTONE_M,wd,L-H-L-A4-s0,L,0.18948,0.18948,0.13878,0.32826,-0.13878,0.20169,-0.012217,0.80944
INT_OUTLINE+HALFTONE_M,OUTLINE_ONLY,HALFTONE_M,ttc,L-H-M-A4-s0,L,0.64218,0.64218,0.48408,1.1263,-0.48408,0.66982,-0.027633,0.80823
INT_OUTLINE+HALFTONE_M,OUTLINE_ONLY,HALFTONE_M,wd,L-H-M-A4-s0,L,0.22189,0.22189,0.16485,0.38674,-0.16485,0.23743,-0.015546,0.80823
INT_OUTLINE+HALFTONE_M,OUTLINE_ONLY,HALFTONE_M,ttc,L-H-S-A4-s0,L,0.62295,0.62295,0.48088,1.1038,-0.48088,0.66394,-0.040988,0.79187
INT_OUTLINE+HALFTONE_M,OUTLINE_ONLY,HALFTONE_M,wd,L-H-S-A4-s0,L,0.2122,0.2122,0.16225,0.37445,-0.16225,0.2338,-0.0216,0.79187
INT_OUTLINE+HALFTONE_M,OUTLINE_ONLY,HALFTONE_M,ttc,L-L-L-A4-s0,L,0.039391,0.039391,0.0301,0.069491,-0.0301,0.044725,-0.0053341,0.90681
INT_OUTLINE+HALFTONE_M,OUTLINE_ONLY,HALFTONE_M,wd,L-L-L-A4-s0,L,0.014474,0.014474,0.011723,0.026197,-0.011723,0.01836,-0.003886,0.90681
INT_OUTLINE+HALFTONE_M,OUTLINE_ONLY,HALFTONE_M,ttc,L-L-M-A4-s0,L,0.046159,0.046159,0.036302,0.082461,-0.036302,0.052703,-0.0065441,0.88819
INT_OUTLINE+HALFTONE_M,OUTLINE_ONLY,HALFTONE_M,wd,L-L-M-A4-s0,L,0.013386,0.013386,0.011961,0.025347,-0.011961,0.01818,-0.0047933,0.88819
INT_OUTLINE+HALFTONE_M,OUTLINE_ONLY,HALFTONE_M,ttc,L-L-S-A4-s0,L,0.045,0.045,0.037202,0.082202,-0.037202,0.053448,-0.0084474,0.82758
INT_OUTLINE+HALFTONE_M,OUTLINE_ONLY,HALFTONE_M,wd,L-L-S-A4-s0,L,0.012097,0.012097,0.01242,0.024517,-0.01242,0.018134,-0.0060371,0.82758
INT_OUTLINE+HALFTONE_M,OUTLINE_ONLY,HALFTONE_M,ttc,L-M-L-A4-s0,L,0.083768,0.083768,0.063999,0.14777,-0.063999,0.093012,-0.0092439,0.87483
INT_OUTLINE+HALFTONE_M,OUTLINE_ONLY,HALFTONE_M,wd,L-M-L-A4-s0,L,0.025986,0.025986,0.021373,0.047359,-0.021373,0.032838,-0.0068516,0.87483
INT_OUTLINE+HALFTONE_M,OUTLINE_ONLY,HALFTONE_M,ttc,L-M-M-A4-s0,L,0.094025,0.094025,0.073727,0.16775,-0.073727,0.10608,-0.012051,0.83051
INT_OUTLINE+HALFTONE_M,OUTLINE_ONLY,HALFTONE_M,wd,L-M-M-A4-s0,L,0.029387,0.029387,0.025746,0.055134,-0.025746,0.038442,-0.0090546,0.83051
INT_OUTLINE+HALFTONE_M,OUTLINE_ONLY,HALFTONE_M,ttc,L-M-S-A4-s0,L,0.085934,0.085934,0.071097,0.15703,-0.071097,0.10175,-0.015816,0.80529
INT_OUTLINE+HALFTONE_M,OUTLINE_ONLY,HALFTONE_M,wd,L-M-S-A4-s0,L,0.023358,0.023358,0.023971,0.04733,-0.023971,0.034736,-0.011378,0.80529
