mode,dpi,colour,style,width_mm,colour_after,width_after_mm,nominal_tone,g0_continuity,g0_peak_tone_median,raster_fidelity,rendered_wcag_cr,nominal_wcag_cr,tone_per_mm,pc1_continuity,pc1_peak_tone_median,pc2_continuity,pc2_peak_tone_median,pc3_continuity,pc3_peak_tone_median
STANDARD,150,black,solid,0.05,#1a1a1a,0.05,0.898039,0,0.129166,0.143831,1.34536,17.4043,0.0437441,0,0.0597912,0,0.0592837,0,0.0592497
STANDARD,150,black,solid,0.1,#1a1a1a,0.1,0.898039,1,0.380115,0.423272,2.67916,17.4043,0.0896314,0.995485,0.226095,0.0349887,0.0871179,0,0.0593823
STANDARD,150,black,solid,0.18,#1a1a1a,0.18,0.898039,1,0.898039,1,17.4043,17.4043,0.152068,1,0.631571,1,0.430901,0.998871,0.258386
STANDARD,150,black,solid,0.25,#1a1a1a,0.25,0.898039,1,0.898039,1,17.4043,17.4043,0.190567,1,0.678076,1,0.50929,1,0.358788
STANDARD,150,black,solid,0.35,#1a1a1a,0.35,0.898039,1,0.898039,1,17.4043,17.4043,0.304967,1,0.812424,1,0.736188,1,0.659868
STANDARD,150,black,solid,0.5,#1a1a1a,0.5,0.898039,1,0.898039,1,17.4043,17.4043,0.4568,1,0.921791,1,0.926115,1,0.928733
STANDARD,150,black,solid,0.75,#1a1a1a,0.75,0.898039,1,0.898039,1,17.4043,17.4043,0.684604,1,1,1,1,1,1
STANDARD,150,black,dashed,0.05,#1a1a1a,0.05,0.898039,1,0.251134,0.279647,1.83889,17.4043,0.0438535,0.0258824,0.0885658,0,0.059827,0,0.0591616
STANDARD,150,black,dashed,0.1,#1a1a1a,0.1,0.898039,1,0.431526,0.480521,3.15175,17.4043,0.0903528,1,0.261725,0.122353,0.104595,0,0.0589967
STANDARD,150,black,dashed,0.18,#1a1a1a,0.18,0.898039,1,0.679123,0.756229,7.81388,17.4043,0.19133,1,0.534611,1,0.407827,1,0.283737
STANDARD,150,black,dashed,0.25,#1a1a1a,0.25,0.898039,1,0.679123,0.756229,7.81388,17.4043,0.229996,1,0.600446,1,0.503501,1,0.405239
STANDARD,150,black,dashed,0.35,#1a1a1a,0.35,0.898039,1,0.898039,1,17.4043,17.4043,0.305566,1,0.813898,1,0.737888,1,0.657572
STANDARD,150,black,dashed,0.5,#1a1a1a,0.5,0.898039,1,0.898039,1,17.4043,17.4043,0.456204,1,0.992904,1,0.99719,1,0.99848
STANDARD,150,black,dashed,0.75,#1a1a1a,0.75,0.898039,1,0.898039,1,17.4043,17.4043,0.684604,1,1,1,1,1,1
STANDARD,150,guide_grey,solid,0.05,#9e9e9e,0.05,0.380392,0,0.058639,0.154154,1.13961,2.67916,0.0179294,0,0.0588983,0,0.0593407,0,0.0593731
STANDARD,150,guide_grey,solid,0.1,#9e9e9e,0.1,0.380392,0,0.144683,0.380352,1.39795,2.67916,0.0377703,0,0.0603904,0,0.0598063,0,0.0597838
STANDARD,150,guide_grey,solid,0.18,#9e9e9e,0.18,0.380392,1,0.380392,1,2.67916,2.67916,0.0804128,0.98307,0.21454,0.00112867,0.0737405,0,0.0605536
STANDARD,150,guide_grey,solid,0.25,#9e9e9e,0.25,0.380392,1,0.380392,1,2.67916,2.67916,0.0964126,0.996614,0.233188,0.0327314,0.0878034,0,0.0594261
STANDARD,150,guide_grey,solid,0.35,#9e9e9e,0.35,0.380392,1,0.380392,1,2.67916,2.67916,0.128659,1,0.272432,0.518059,0.151773,0.00112867,0.0616181
STANDARD,150,guide_grey,solid,0.5,#9e9e9e,0.5,0.380392,1,0.380392,1,2.67916,2.67916,0.194158,1,0.327541,0.998871,0.241608,0.360045,0.136303
STANDARD,150,guide_grey,solid,0.75,#9e9e9e,0.75,0.380392,1,0.380392,1,2.67916,2.67916,0.290318,1,0.367546,1,0.31997,1,0.250164
STANDARD,150,guide_grey,dashed,0.05,#9e9e9e,0.05,0.380392,0,0.102007,0.268162,1.25969,2.67916,0.0192601,0,0.0603064,0,0.0588763,0,0.0596715
STANDARD,150,guide_grey,dashed,0.1,#9e9e9e,0.1,0.380392,1,0.195417,0.513726,1.58972,2.67916,0.0377312,0,0.0668062,0,0.0595053,0,0.0609766
STANDARD,150,guide_grey,dashed,0.18,#9e9e9e,0.18,0.380392,1,0.286413,0.752941,2.02787,2.67916,0.064499,0.317647,0.13651,0,0.0597417,0,0.0604817
STANDARD,150,guide_grey,dashed,0.25,#9e9e9e,0.25,0.380392,1,0.286413,0.752941,2.02787,2.67916,0.0969985,0.957647,0.189936,0.00470588,0.0801796,0,0.059771
STANDARD,150,guide_grey,dashed,0.35,#9e9e9e,0.35,0.380392,1,0.380392,1,2.67916,2.67916,0.128912,1,0.26944,0.524706,0.151999,0,0.0625188
STANDARD,150,guide_grey,dashed,0.5,#9e9e9e,0.5,0.380392,1,0.380392,1,2.67916,2.67916,0.193239,1,0.350497,1,0.277326,0.776471,0.17902
STANDARD,150,guide_grey,dashed,0.75,#9e9e9e,0.75,0.380392,1,0.380392,1,2.67916,2.67916,0.274405,1,0.357612,1,0.303601,0.990588,0.228179
STANDARD,150,trace_grey,solid,0.05,#c4c4c4,0.05,0.231373,0,0.0431526,0.186507,1.09987,1.74415,0.0113149,0,0.059597,0,0.0590736,0,0.0582192
STANDARD,150,trace_grey,solid,0.1,#c4c4c4,0.1,0.231373,0,0.0780316,0.337255,1.19214,1.74415,0.023221,0,0.0592964,0,0.0590727,0,0.0592754
STANDARD,150,trace_grey,solid,0.18,#c4c4c4,0.18,0.231373,1,0.173303,0.74902,1.49699,1.74415,0.0393457,0,0.0631676,0,0.0595202,0,0.0603814
STANDARD,150,trace_grey,solid,0.25,#c4c4c4,0.25,0.231373,1,0.231373,1,1.74415,1.74415,0.0591788,0.0316027,0.0947056,0,0.0609196,0,0.0608604
STANDARD,150,trace_grey,solid,0.35,#c4c4c4,0.35,0.231373,1,0.231373,1,1.74415,1.74415,0.0785248,0.111738,0.119163,0,0.0599507,0,0.0590753
STANDARD,150,trace_grey,solid,0.5,#c4c4c4,0.5,0.231373,1,0.231373,1,1.74415,1.74415,0.118358,0.606095,0.156046,0.00112867,0.0657742,0,0.0598593
STANDARD,150,trace_grey,solid,0.75,#c4c4c4,0.75,0.231373,1,0.231373,1,1.74415,1.74415,0.166716,0.919865,0.180984,0.0282167,0.0900827,0,0.0588656
STANDARD,150,trace_grey,dashed,0.05,#c4c4c4,0.05,0.231373,0,0.0553018,0.239016,1.12949,1.74415,0.0106821,0,0.0586855,0,0.0607513,0,0.0600438
STANDARD,150,trace_grey,dashed,0.1,#c4c4c4,0.1,0.231373,0,0.12975,0.560784,1.34536,1.74415,0.0233017,0,0.0588382,0,0.0599424,0,0.059357
STANDARD,150,trace_grey,dashed,0.18,#c4c4c4,0.18,0.231373,1,0.177163,0.765703,1.51192,1.74415,0.0399994,0,0.0648194,0,0.057979,0,0.0606163
STANDARD,150,trace_grey,dashed,0.25,#c4c4c4,0.25,0.231373,1,0.177163,0.765703,1.51192,1.74415,0.0599991,0,0.0799064,0,0.0582949,0,0.0593607
STANDARD,150,trace_grey,dashed,0.35,#c4c4c4,0.35,0.231373,1,0.231373,1,1.74415,1.74415,0.0791785,0.12,0.11924,0,0.0608533,0,0.0597726
STANDARD,150,trace_grey,dashed,0.5,#c4c4c4,0.5,0.231373,1,0.231373,1,1.74415,1.74415,0.108358,0.6,0.155679,0,0.0663589,0,0.0612984
STANDARD,150,trace_grey,dashed,0.75,#c4c4c4,0.75,0.231373,1,0.231373,1,1.74415,1.74415,0.167536,0.908235,0.175459,0.0141176,0.0863258,0,0.0616632
STANDARD,300,black,solid,0.05,#1a1a1a,0.05,0.898039,1,0.266436,0.296686,1.9198,17.4043,0.0451165,0.00846979,0.0865639,0,0.0679934,0,0.0679186
STANDARD,300,black,solid,0.1,#1a1a1a,0.1,0.898039,1,0.898039,1,17.4043,17.4043,0.0952837,1,0.321791,0.32524,0.137903,0,0.0686205
STANDARD,300,black,solid,0.18,#1a1a1a,0.18,0.898039,1,0.898039,1,17.4043,17.4043,0.171318,1,0.58806,1,0.412923,1,0.272237
STANDARD,300,black,solid,0.25,#1a1a1a,0.25,0.898039,1,0.898039,1,17.4043,17.4043,0.228517,1,0.740655,1,0.586753,1,0.465008
STANDARD,300,black,solid,0.35,#1a1a1a,0.35,0.898039,1,0.898039,1,17.4043,17.4043,0.323468,1,0.896676,1,0.818917,1,0.742677
STANDARD,300,black,solid,0.5,#1a1a1a,0.5,0.898039,1,0.898039,1,17.4043,17.4043,0.43737,1,0.984814,1,0.99767,1,0.987873
STANDARD,300,black,solid,0.75,#1a1a1a,0.75,0.898039,1,0.898039,1,17.4043,17.4043,0.684306,1,1,1,1,1,1
STANDARD,300,black,dashed,0.05,#1a1a1a,0.05,0.898039,1,0.298408,0.332289,2.0967,17.4043,0.0448157,0.00588235,0.0863446,0,0.0675962,0,0.0681113
STANDARD,300,black,dashed,0.1,#1a1a1a,0.1,0.898039,1,0.898039,1,17.4043,17.4043,0.0952837,1,0.320324,0.324706,0.13624,0,0.067139
STANDARD,300,black,dashed,0.18,#1a1a1a,0.18,0.898039,1,0.898039,1,17.4043,17.4043,0.152783,1,0.521092,1,0.344242,0.958824,0.197827
STANDARD,300,black,dashed,0.25,#1a1a1a,0.25,0.898039,1,0.898039,1,17.4043,17.4043,0.228817,1,0.741904,1,0.585392,1,0.45838
STANDARD,300,black,dashed,0.35,#1a1a1a,0.35,0.898039,1,0.898039,1,17.4043,17.4043,0.323767,1,0.897231,1,0.818736,1,0.741598
STANDARD,300,black,dashed,0.5,#1a1a1a,0.5,0.898039,1,0.898039,1,17.4043,17.4043,0.456204,1,0.997383,1,1,1,1
STANDARD,300,black,dashed,0.75,#1a1a1a,0.75,0.898039,1,0.898039,1,17.4043,17.4043,0.684306,1,1,1,1,1,1
STANDARD,300,guide_grey,solid,0.05,#9e9e9e,0.05,0.380392,0,0.141669,0.372428,1.38454,2.67916,0.0192862,0,0.0677143,0.000564653,0.0678838,0,0.067977
STANDARD,300,guide_grey,solid,0.1,#9e9e9e,0.1,0.380392,1,0.380392,1,2.67916,2.67916,0.0402064,0.00225861,0.077783,0,0.0681815,0,0.067998
STANDARD,300,guide_grey,solid,0.18,#9e9e9e,0.18,0.380392,1,0.380392,1,2.67916,2.67916,0.0643297,0.556183,0.153403,0,0.067882,0,0.0681803
STANDARD,300,guide_grey,solid,0.25,#9e9e9e,0.25,0.380392,1,0.380392,1,2.67916,2.67916,0.088746,0.999435,0.223096,0.00451722,0.0826175,0,0.0684334
STANDARD,300,guide_grey,solid,0.35,#9e9e9e,0.35,0.380392,1,0.380392,1,2.67916,2.67916,0.129286,1,0.302749,0.839074,0.177174,0,0.0705001
STANDARD,300,guide_grey,solid,0.5,#9e9e9e,0.5,0.380392,1,0.380392,1,2.67916,2.67916,0.193239,1,0.360914,1,0.28194,0.824393,0.175808
STANDARD,300,guide_grey,solid,0.75,#9e9e9e,0.75,0.380392,1,0.380392,1,2.67916,2.67916,0.281776,1,0.3801,1,0.329454,1,0.258196
STANDARD,300,guide_grey,dashed,0.05,#9e9e9e,0.05,0.380392,1,0.153649,0.403922,1.4253,2.67916,0.018639,0,0.0682167,0,0.0686555,0,0.0677504
STANDARD,300,guide_grey,dashed,0.1,#9e9e9e,0.1,0.380392,1,0.286413,0.752941,2.02787,2.67916,0.0322495,0,0.0690209,0,0.0676312,0,0.0678384
STANDARD,300,guide_grey,dashed,0.18,#9e9e9e,0.18,0.380392,1,0.380392,1,2.67916,2.67916,0.0727892,0.897647,0.181096,0,0.0695858,0,0.067444
STANDARD,300,guide_grey,dashed,0.25,#9e9e9e,0.25,0.380392,1,0.380392,1,2.67916,2.67916,0.0970792,1,0.240992,0.0341176,0.0984674,0,0.0672595
STANDARD,300,guide_grey,dashed,0.35,#9e9e9e,0.35,0.380392,1,0.380392,1,2.67916,2.67916,0.129286,1,0.301402,0.844706,0.176659,0,0.0701144
STANDARD,300,guide_grey,dashed,0.5,#9e9e9e,0.5,0.380392,1,0.380392,1,2.67916,2.67916,0.185282,1,0.356132,1,0.269403,0.596471,0.156522
STANDARD,300,guide_grey,dashed,0.75,#9e9e9e,0.75,0.380392,1,0.380392,1,2.67916,2.67916,0.281902,1,0.381783,1,0.328638,1,0.256634
STANDARD,300,trace_grey,solid,0.05,#c4c4c4,0.05,0.231373,0,0.106113,0.458624,1.27146,1.74415,0.011992,0,0.0679229,0,0.0678911,0,0.0677853
STANDARD,300,trace_grey,solid,0.1,#c4c4c4,0.1,0.231373,1,0.173303,0.74902,1.49699,1.74415,0.0246728,0,0.0682442,0,0.068216,0,0.0674759
STANDARD,300,trace_grey,solid,0.18,#c4c4c4,0.18,0.231373,1,0.231373,1,1.74415,1.74415,0.0442623,0,0.0770166,0,0.0678325,0,0.0684424
STANDARD,300,trace_grey,solid,0.25,#c4c4c4,0.25,0.231373,1,0.231373,1,1.74415,1.74415,0.0591788,0.0395257,0.103747,0,0.0678565,0,0.0681109
STANDARD,300,trace_grey,solid,0.35,#c4c4c4,0.35,0.231373,1,0.231373,1,1.74415,1.74415,0.0834414,0.47939,0.148684,0,0.068391,0,0.0685107
STANDARD,300,trace_grey,solid,0.5,#c4c4c4,0.5,0.231373,1,0.231373,1,1.74415,1.74415,0.112621,0.906832,0.176245,0.00112931,0.0757864,0,0.0675426
STANDARD,300,trace_grey,solid,0.75,#c4c4c4,0.75,0.231373,1,0.231373,1,1.74415,1.74415,0.176389,0.997177,0.19601,0.025974,0.104016,0,0.0675806
STANDARD,300,trace_grey,dashed,0.05,#c4c4c4,0.05,0.231373,0,0.114418,0.494517,1.29546,1.74415,0.011673,0,0.0679899,0,0.0677629,0,0.0675544
STANDARD,300,trace_grey,dashed,0.1,#c4c4c4,0.1,0.231373,1,0.177163,0.765703,1.51192,1.74415,0.0249996,0,0.0691725,0,0.0670533,0,0.0681407
STANDARD,300,trace_grey,dashed,0.18,#c4c4c4,0.18,0.231373,1,0.231373,1,1.74415,1.74415,0.0395892,0,0.071889,0,0.0675459,0,0.0687451
STANDARD,300,trace_grey,dashed,0.25,#c4c4c4,0.25,0.231373,1,0.231373,1,1.74415,1.74415,0.0591788,0.0411765,0.105468,0,0.0673987,0,0.0690573
STANDARD,300,trace_grey,dashed,0.35,#c4c4c4,0.35,0.231373,1,0.231373,1,1.74415,1.74415,0.0837682,0.488235,0.149327,0,0.068154,0,0.0685737
STANDARD,300,trace_grey,dashed,0.5,#c4c4c4,0.5,0.231373,1,0.231373,1,1.74415,1.74415,0.117947,0.92,0.177861,0,0.0774418,0,0.0692146
STANDARD,300,trace_grey,dashed,0.75,#c4c4c4,0.75,0.231373,1,0.231373,1,1.74415,1.74415,0.171716,0.991765,0.195929,0.0247059,0.101808,0,0.0683525
STANDARD,600,black,solid,0.05,#1a1a1a,0.05,0.898039,1,0.898039,1,17.4043,17.4043,0.038017,0.00169348,0.0868829,0,0.0757961,0,0.0754208
STANDARD,600,black,solid,0.1,#1a1a1a,0.1,0.898039,1,0.898039,1,17.4043,17.4043,0.0856999,1,0.290681,0.0683037,0.115016,0,0.0755951
STANDARD,600,black,solid,0.18,#1a1a1a,0.18,0.898039,1,0.898039,1,17.4043,17.4043,0.161693,1,0.588985,1,0.40129,1,0.254906
STANDARD,600,black,solid,0.25,#1a1a1a,0.25,0.898039,1,0.898039,1,17.4043,17.4043,0.228102,1,0.776804,1,0.616569,1,0.48957
STANDARD,600,black,solid,0.35,#1a1a1a,0.35,0.898039,1,0.898039,1,17.4043,17.4043,0.313761,1,0.915718,1,0.825943,1,0.743123
STANDARD,600,black,solid,0.5,#1a1a1a,0.5,0.898039,1,0.898039,1,17.4043,17.4043,0.446895,1,1,1,1,1,1
STANDARD,600,black,solid,0.75,#1a1a1a,0.75,0.898039,1,0.898039,1,17.4043,17.4043,0.674997,1,1,1,1,1,1
STANDARD,600,black,dashed,0.05,#1a1a1a,0.05,0.898039,1,0.679123,0.756229,7.81388,17.4043,0.0383744,0.00352734,0.0862765,0,0.0758516,0,0.0757561
STANDARD,600,black,dashed,0.1,#1a1a1a,0.1,0.898039,1,0.898039,1,17.4043,17.4043,0.0952837,1,0.332479,0.522046,0.151314,0,0.0751021
STANDARD,600,black,dashed,0.18,#1a1a1a,0.18,0.898039,1,0.898039,1,17.4043,17.4043,0.161693,1,0.587495,1,0.399028,1,0.253052
STANDARD,600,black,dashed,0.25,#1a1a1a,0.25,0.898039,1,0.898039,1,17.4043,17.4043,0.218793,1,0.745406,1,0.582605,1,0.452146
STANDARD,600,black,dashed,0.35,#1a1a1a,0.35,0.898039,1,0.898039,1,17.4043,17.4043,0.313952,1,0.911379,1,0.823357,1,0.738949
STANDARD,600,black,dashed,0.5,#1a1a1a,0.5,0.898039,1,0.898039,1,17.4043,17.4043,0.446895,1,1,1,1,1,1
STANDARD,600,black,dashed,0.75,#1a1a1a,0.75,0.898039,1,0.898039,1,17.4043,17.4043,0.675038,1,1,1,1,1,1
STANDARD,600,guide_grey,solid,0.05,#9e9e9e,0.05,0.380392,1,0.284921,0.74902,2.02787,2.67916,0.0202282,0,0.0756728,0,0.0757957,0,0.0760577
STANDARD,600,guide_grey,solid,0.1,#9e9e9e,0.1,0.380392,1,0.380392,1,2.67916,2.67916,0.0403731,0.00197573,0.0886124,0,0.0759812,0,0.0754296
STANDARD,600,guide_grey,solid,0.18,#9e9e9e,0.18,0.380392,1,0.380392,1,2.67916,2.67916,0.068538,0.95851,0.185958,0.000282247,0.0763196,0,0.0757684
STANDARD,600,guide_grey,solid,0.25,#9e9e9e,0.25,0.380392,1,0.380392,1,2.67916,2.67916,0.0926828,1,0.255444,0.0268134,0.10524,0,0.0751805
STANDARD,600,guide_grey,solid,0.35,#9e9e9e,0.35,0.380392,1,0.380392,1,2.67916,2.67916,0.132826,1,0.328628,0.996613,0.203941,0.00141123,0.0820261
STANDARD,600,guide_grey,solid,0.5,#9e9e9e,0.5,0.380392,1,0.380392,1,2.67916,2.67916,0.193239,1,0.372602,1,0.293486,0.971493,0.186376
STANDARD,600,guide_grey,solid,0.75,#9e9e9e,0.75,0.380392,1,0.380392,1,2.67916,2.67916,0.285817,1,0.391619,1,0.341811,1,0.272834
STANDARD,600,guide_grey,dashed,0.05,#9e9e9e,0.05,0.380392,1,0.380392,1,2.67916,2.67916,0.0201032,0,0.0749707,0,0.0757008,0,0.0760464
STANDARD,600,guide_grey,dashed,0.1,#9e9e9e,0.1,0.380392,1,0.380392,1,2.67916,2.67916,0.0363946,0,0.0809568,0,0.0744497,0,0.0752531
STANDARD,600,guide_grey,dashed,0.18,#9e9e9e,0.18,0.380392,1,0.380392,1,2.67916,2.67916,0.068413,0.96649,0.189149,0,0.0761876,0,0.0752447
STANDARD,600,guide_grey,dashed,0.25,#9e9e9e,0.25,0.380392,1,0.380392,1,2.67916,2.67916,0.0966196,1,0.268607,0.0834803,0.118515,0,0.0751758
STANDARD,600,guide_grey,dashed,0.35,#9e9e9e,0.35,0.380392,1,0.380392,1,2.67916,2.67916,0.132826,1,0.330415,0.995885,0.203508,0,0.0814667
STANDARD,600,guide_grey,dashed,0.5,#9e9e9e,0.5,0.380392,1,0.380392,1,2.67916,2.67916,0.189302,1,0.369965,1,0.286433,0.91358,0.178226
STANDARD,600,guide_grey,dashed,0.75,#9e9e9e,0.75,0.380392,1,0.380392,1,2.67916,2.67916,0.281755,1,0.391269,1,0.339912,1,0.270022
STANDARD,600,trace_grey,solid,0.05,#c4c4c4,0.05,0.231373,1,0.231373,1,1.74415,1.74415,0.0122947,0,0.0756756,0,0.0757769,0,0.0755497
STANDARD,600,trace_grey,solid,0.1,#c4c4c4,0.1,0.231373,1,0.231373,1,1.74415,1.74415,0.0220895,0,0.0755726,0,0.0755197,0,0.0755099
STANDARD,600,trace_grey,solid,0.18,#c4c4c4,0.18,0.231373,1,0.231373,1,1.74415,1.74415,0.0416791,0.00225797,0.0845975,0,0.076013,0,0.075874
STANDARD,600,trace_grey,solid,0.25,#c4c4c4,0.25,0.231373,1,0.231373,1,1.74415,1.74415,0.0588103,0.118826,0.122871,0,0.0754133,0,0.0759231
STANDARD,600,trace_grey,solid,0.35,#c4c4c4,0.35,0.231373,1,0.231373,1,1.74415,1.74415,0.0808998,0.720294,0.161636,0,0.0758909,0,0.0753118
STANDARD,600,trace_grey,solid,0.5,#c4c4c4,0.5,0.231373,1,0.231373,1,1.74415,1.74415,0.115242,0.991815,0.190419,0.00169348,0.0857893,0,0.0760749
STANDARD,600,trace_grey,solid,0.75,#c4c4c4,0.75,0.231373,1,0.231373,1,1.74415,1.74415,0.173848,1,0.207794,0.045724,0.114915,0,0.0757983
STANDARD,600,trace_grey,dashed,0.05,#c4c4c4,0.05,0.231373,0,0.118108,0.510468,1.30769,1.74415,0.00999984,0,0.0752784,0,0.0751517,0,0.0751851
STANDARD,600,trace_grey,dashed,0.1,#c4c4c4,0.1,0.231373,1,0.231373,1,1.74415,1.74415,0.0220895,0,0.0756739,0,0.0762563,0.000587889,0.075345
STANDARD,600,trace_grey,dashed,0.18,#c4c4c4,0.18,0.231373,1,0.231373,1,1.74415,1.74415,0.0418841,0.00176367,0.0850652,0,0.0760173,0,0.0759955
STANDARD,600,trace_grey,dashed,0.25,#c4c4c4,0.25,0.231373,1,0.231373,1,1.74415,1.74415,0.0589737,0.131687,0.123294,0,0.0758778,0,0.0754713
STANDARD,600,trace_grey,dashed,0.35,#c4c4c4,0.35,0.231373,1,0.231373,1,1.74415,1.74415,0.0833581,0.814227,0.167007,0,0.0756578,0,0.0743741
STANDARD,600,trace_grey,dashed,0.5,#c4c4c4,0.5,0.231373,1,0.231373,1,1.74415,1.74415,0.115242,0.994121,0.191122,0.00117578,0.0864193,0,0.0754247
STANDARD,600,trace_grey,dashed,0.75,#c4c4c4,0.75,0.231373,1,0.231373,1,1.74415,1.74415,0.174011,1,0.207312,0.0329218,0.113957,0,0.0750601
OPACITY_GROUP_75,150,black,solid,0.05,#1a1a1a,0.05,0.673529,0,0.094256,0.139943,1.2366,7.69228,0.0319214,0,0.0585786,0,0.0592837,0,0.0592497
OPACITY_GROUP_75,150,black,solid,0.1,#1a1a1a,0.1,0.673529,1,0.286659,0.425607,2.02787,7.69228,0.0671083,0.369074,0.139414,0,0.0602353,0,0.0593345
OPACITY_GROUP_75,150,black,solid,0.18,#1a1a1a,0.18,0.673529,1,0.675586,1.00305,7.69228,7.69228,0.114399,1,0.444109,0.997743,0.257573,0.0722348,0.0962978
OPACITY_GROUP_75,150,black,solid,0.25,#1a1a1a,0.25,0.673529,1,0.675586,1.00305,7.69228,7.69228,0.143649,1,0.479639,1,0.315846,0.642212,0.162588
OPACITY_GROUP_75,150,black,solid,0.35,#1a1a1a,0.35,0.673529,1,0.675586,1.00305,7.69228,7.69228,0.229299,1,0.579873,1,0.484127,1,0.380893
OPACITY_GROUP_75,150,black,solid,0.5,#1a1a1a,0.5,0.673529,1,0.675586,1.00305,7.69228,7.69228,0.344297,1,0.667284,1,0.632445,1,0.588049
OPACITY_GROUP_75,150,black,solid,0.75,#1a1a1a,0.75,0.673529,1,0.675586,1.00305,7.69228,7.69228,0.515346,1,0.734191,1,0.769933,1,0.797213
OPACITY_GROUP_75,150,black,dashed,0.05,#1a1a1a,0.05,0.673529,1,0.188281,0.279544,1.55796,7.69228,0.0325464,0,0.06311,0,0.059827,0,0.0591616
OPACITY_GROUP_75,150,black,dashed,0.1,#1a1a1a,0.1,0.673529,1,0.321876,0.477895,2.24414,7.69228,0.0677933,0.682353,0.164585,0,0.0620042,0,0.0589818
OPACITY_GROUP_75,150,black,dashed,0.18,#1a1a1a,0.18,0.673529,1,0.509343,0.756229,4.11638,7.69228,0.143998,1,0.369487,0.997647,0.242688,0.190588,0.119296
OPACITY_GROUP_75,150,black,dashed,0.25,#1a1a1a,0.25,0.673529,1,0.509343,0.756229,4.11638,7.69228,0.172497,1,0.423258,1,0.316594,0.943529,0.20921
OPACITY_GROUP_75,150,black,dashed,0.35,#1a1a1a,0.35,0.673529,1,0.675586,1.00305,7.69228,7.69228,0.229897,1,0.581348,1,0.486129,1,0.381047
OPACITY_GROUP_75,150,black,dashed,0.5,#1a1a1a,0.5,0.673529,1,0.675586,1.00305,7.69228,7.69228,0.343198,1,0.71605,1,0.712931,1,0.674478
OPACITY_GROUP_75,150,black,dashed,0.75,#1a1a1a,0.75,0.673529,1,0.675586,1.00305,7.69228,7.69228,0.515346,1,0.732109,1,0.767133,1,0.794661
OPACITY_GROUP_75,150,guide_grey,solid,0.05,#9e9e9e,0.05,0.285294,0,0.0433679,0.152011,1.09987,2.02787,0.0133435,0,0.0588983,0,0.0593407,0,0.0593731
OPACITY_GROUP_75,150,guide_grey,solid,0.1,#9e9e9e,0.1,0.285294,0,0.110019,0.385635,1.28338,2.02787,0.0285829,0,0.0596067,0,0.0598063,0,0.0597838
OPACITY_GROUP_75,150,guide_grey,solid,0.18,#9e9e9e,0.18,0.285294,1,0.284921,0.998693,2.02787,2.02787,0.0602465,0.241535,0.129395,0,0.0587447,0,0.0605536
OPACITY_GROUP_75,150,guide_grey,solid,0.25,#9e9e9e,0.25,0.285294,1,0.284921,0.998693,2.02787,2.02787,0.0722463,0.397291,0.143242,0,0.059988,0,0.0594261
OPACITY_GROUP_75,150,guide_grey,solid,0.35,#9e9e9e,0.35,0.285294,1,0.284921,0.998693,2.02787,2.02787,0.0967407,0.806998,0.174399,0.00451467,0.0665924,0,0.0586326
OPACITY_GROUP_75,150,guide_grey,solid,0.5,#9e9e9e,0.5,0.285294,1,0.284921,0.998693,2.02787,2.02787,0.145493,0.998871,0.218084,0.113995,0.115177,0,0.060528
OPACITY_GROUP_75,150,guide_grey,solid,0.75,#9e9e9e,0.75,0.285294,1,0.284921,0.998693,2.02787,2.02787,0.217486,1,0.249075,0.78781,0.175157,0.0225734,0.0790998
OPACITY_GROUP_75,150,guide_grey,dashed,0.05,#9e9e9e,0.05,0.285294,0,0.0784314,0.274914,1.19214,2.02787,0.0146091,0,0.0603064,0,0.0588763,0,0.0596715
OPACITY_GROUP_75,150,guide_grey,dashed,0.1,#9e9e9e,0.1,0.285294,0,0.149204,0.522984,1.41153,2.02787,0.0285829,0,0.061135,0,0.0595053,0,0.0609766
OPACITY_GROUP_75,150,guide_grey,dashed,0.18,#9e9e9e,0.18,0.285294,1,0.21481,0.752941,1.67309,2.02787,0.0483743,0.00470588,0.0776975,0,0.0590025,0,0.0604817
OPACITY_GROUP_75,150,guide_grey,dashed,0.25,#9e9e9e,0.25,0.285294,1,0.21481,0.752941,1.67309,2.02787,0.0727489,0.0917647,0.115273,0,0.0605644,0,0.059771
OPACITY_GROUP_75,150,guide_grey,dashed,0.35,#9e9e9e,0.35,0.285294,1,0.284921,0.998693,2.02787,2.02787,0.0966209,0.778824,0.170796,0,0.0666226,0,0.0596933
OPACITY_GROUP_75,150,guide_grey,dashed,0.5,#9e9e9e,0.5,0.285294,1,0.284921,0.998693,2.02787,2.02787,0.14474,1,0.233339,0.357647,0.139062,0,0.0624174
OPACITY_GROUP_75,150,guide_grey,dashed,0.75,#9e9e9e,0.75,0.285294,1,0.284921,0.998693,2.02787,2.02787,0.205614,1,0.241707,0.651765,0.162287,0.00470588,0.068221
OPACITY_GROUP_75,150,trace_grey,solid,0.05,#c4c4c4,0.05,0.173529,0,0.0313725,0.180791,1.07131,1.49699,0.00864569,0,0.059597,0,0.0590736,0,0.0582192
OPACITY_GROUP_75,150,trace_grey,solid,0.1,#c4c4c4,0.1,0.173529,0,0.0590542,0.340312,1.13961,1.49699,0.0173435,0,0.0592964,0,0.0590727,0,0.0592754
OPACITY_GROUP_75,150,trace_grey,solid,0.18,#c4c4c4,0.18,0.173529,0,0.12975,0.747712,1.34536,1.49699,0.0299709,0,0.0602672,0,0.0595202,0,0.0603814
OPACITY_GROUP_75,150,trace_grey,solid,0.25,#c4c4c4,0.25,0.173529,1,0.173303,0.998693,1.49699,1.49699,0.0453457,0,0.0650336,0,0.0609196,0,0.0608604
OPACITY_GROUP_75,150,trace_grey,solid,0.35,#c4c4c4,0.35,0.173529,1,0.173303,0.998693,1.49699,1.49699,0.0593168,0,0.0699171,0,0.0597441,0,0.0590753
OPACITY_GROUP_75,150,trace_grey,solid,0.5,#c4c4c4,0.5,0.173529,1,0.173303,0.998693,1.49699,1.49699,0.0891913,0.00677201,0.0910036,0,0.0602847,0,0.0598593
OPACITY_GROUP_75,150,trace_grey,solid,0.75,#c4c4c4,0.75,0.173529,1,0.173303,0.998693,1.49699,1.49699,0.125383,0.0485327,0.110625,0,0.058841,0,0.0588528
OPACITY_GROUP_75,150,trace_grey,dashed,0.05,#c4c4c4,0.05,0.173529,0,0.0389081,0.224216,1.09023,1.49699,0.00792175,0,0.0586855,0,0.0607513,0,0.0600438
OPACITY_GROUP_75,150,trace_grey,dashed,0.1,#c4c4c4,0.1,0.173529,0,0.0987313,0.56896,1.24807,1.49699,0.0180466,0,0.0588382,0,0.0599424,0,0.059357
OPACITY_GROUP_75,150,trace_grey,dashed,0.18,#c4c4c4,0.18,0.173529,0,0.132872,0.765703,1.35825,1.49699,0.0304995,0,0.0610458,0,0.057979,0,0.0606163
OPACITY_GROUP_75,150,trace_grey,dashed,0.25,#c4c4c4,0.25,0.173529,0,0.132872,0.765703,1.35825,1.49699,0.0449993,0,0.0614677,0,0.0582949,0,0.0593607
OPACITY_GROUP_75,150,trace_grey,dashed,0.35,#c4c4c4,0.35,0.173529,1,0.173303,0.998693,1.49699,1.49699,0.0598454,0,0.0706645,0,0.0601787,0,0.0597726
OPACITY_GROUP_75,150,trace_grey,dashed,0.5,#c4c4c4,0.5,0.173529,1,0.173303,0.998693,1.49699,1.49699,0.0811915,0.0117647,0.090175,0,0.0609467,0,0.0612984
OPACITY_GROUP_75,150,trace_grey,dashed,0.75,#c4c4c4,0.75,0.173529,1,0.173303,0.998693,1.49699,1.49699,0.125787,0.04,0.105589,0,0.0592651,0,0.0616632
OPACITY_GROUP_75,300,black,solid,0.05,#1a1a1a,0.05,0.673529,1,0.1998,0.296646,1.60593,7.69228,0.0338328,0,0.0690891,0,0.0679934,0,0.0679186
OPACITY_GROUP_75,300,black,solid,0.1,#1a1a1a,0.1,0.673529,1,0.675586,1.00305,7.69228,7.69228,0.0718244,0.99266,0.212171,0.000564653,0.0714449,0,0.0686205
OPACITY_GROUP_75,300,black,solid,0.18,#1a1a1a,0.18,0.673529,1,0.675586,1.00305,7.69228,7.69228,0.129024,1,0.414618,1,0.247788,0.0604178,0.104888
OPACITY_GROUP_75,300,black,solid,0.25,#1a1a1a,0.25,0.673529,1,0.675586,1.00305,7.69228,7.69228,0.171849,1,0.525882,1,0.373223,0.999435,0.2408
OPACITY_GROUP_75,300,black,solid,0.35,#1a1a1a,0.35,0.673529,1,0.675586,1.00305,7.69228,7.69228,0.243298,1,0.644124,1,0.546902,1,0.444442
OPACITY_GROUP_75,300,black,solid,0.5,#1a1a1a,0.5,0.673529,1,0.675586,1.00305,7.69228,7.69228,0.328823,1,0.71387,1,0.686681,1,0.633379
OPACITY_GROUP_75,300,black,solid,0.75,#1a1a1a,0.75,0.673529,1,0.675586,1.00305,7.69228,7.69228,0.514797,1,0.748696,1,0.786172,1,0.8192
OPACITY_GROUP_75,300,black,dashed,0.05,#1a1a1a,0.05,0.673529,1,0.223806,0.332289,1.70812,7.69228,0.0335737,0,0.0682576,0,0.0675962,0,0.0681113
OPACITY_GROUP_75,300,black,dashed,0.1,#1a1a1a,0.1,0.673529,1,0.675586,1.00305,7.69228,7.69228,0.0718244,0.987059,0.210774,0,0.0710837,0,0.067139
OPACITY_GROUP_75,300,black,dashed,0.18,#1a1a1a,0.18,0.673529,1,0.675586,1.00305,7.69228,7.69228,0.114949,1,0.362033,0.96,0.196324,0,0.073343
OPACITY_GROUP_75,300,black,dashed,0.25,#1a1a1a,0.25,0.673529,1,0.675586,1.00305,7.69228,7.69228,0.172148,1,0.527432,1,0.372846,0.998824,0.234705
OPACITY_GROUP_75,300,black,dashed,0.35,#1a1a1a,0.35,0.673529,1,0.675586,1.00305,7.69228,7.69228,0.243598,1,0.64451,1,0.546791,1,0.44371
OPACITY_GROUP_75,300,black,dashed,0.5,#1a1a1a,0.5,0.673529,1,0.675586,1.00305,7.69228,7.69228,0.343198,1,0.723828,1,0.70256,1,0.661531
OPACITY_GROUP_75,300,black,dashed,0.75,#1a1a1a,0.75,0.673529,1,0.675586,1.00305,7.69228,7.69228,0.514797,1,0.748664,1,0.785628,1,0.813856
OPACITY_GROUP_75,300,guide_grey,solid,0.05,#9e9e9e,0.05,0.285294,0,0.105498,0.369786,1.27146,2.02787,0.0145649,0,0.0677143,0.000564653,0.0678838,0,0.067977
OPACITY_GROUP_75,300,guide_grey,solid,0.1,#9e9e9e,0.1,0.285294,1,0.284921,0.998693,2.02787,2.02787,0.0301232,0,0.068483,0,0.0681815,0,0.067998
OPACITY_GROUP_75,300,guide_grey,solid,0.18,#9e9e9e,0.18,0.285294,1,0.284921,0.998693,2.02787,2.02787,0.0483703,0.00903444,0.0907422,0,0.06785,0,0.0681803
OPACITY_GROUP_75,300,guide_grey,solid,0.25,#9e9e9e,0.25,0.285294,1,0.284921,0.998693,2.02787,2.02787,0.0664964,0.326369,0.139676,0,0.0682502,0,0.0684334
OPACITY_GROUP_75,300,guide_grey,solid,0.35,#9e9e9e,0.35,0.285294,1,0.284921,0.998693,2.02787,2.02787,0.0968696,0.988142,0.199336,0.00282326,0.0779999,0,0.0679765
OPACITY_GROUP_75,300,guide_grey,solid,0.5,#9e9e9e,0.5,0.285294,1,0.284921,0.998693,2.02787,2.02787,0.14474,1,0.245037,0.429136,0.146264,0,0.0681336
OPACITY_GROUP_75,300,guide_grey,solid,0.75,#9e9e9e,0.75,0.285294,1,0.284921,0.998693,2.02787,2.02787,0.211234,1,0.261847,0.961604,0.184378,0.00451722,0.0854469
OPACITY_GROUP_75,300,guide_grey,dashed,0.05,#9e9e9e,0.05,0.285294,0,0.113679,0.398463,1.29546,2.02787,0.013919,0,0.0682167,0,0.0686555,0,0.0677504
OPACITY_GROUP_75,300,guide_grey,dashed,0.1,#9e9e9e,0.1,0.285294,1,0.21481,0.752941,1.67309,2.02787,0.0241871,0,0.0679751,0,0.0676312,0,0.0678384
OPACITY_GROUP_75,300,guide_grey,dashed,0.18,#9e9e9e,0.18,0.285294,1,0.284921,0.998693,2.02787,2.02787,0.0545604,0.0635294,0.108398,0,0.068829,0,0.067444
OPACITY_GROUP_75,300,guide_grey,dashed,0.25,#9e9e9e,0.25,0.285294,1,0.284921,0.998693,2.02787,2.02787,0.0727463,0.562353,0.153431,0,0.0681536,0,0.0672595
OPACITY_GROUP_75,300,guide_grey,dashed,0.35,#9e9e9e,0.35,0.285294,1,0.284921,0.998693,2.02787,2.02787,0.0968696,0.988235,0.197675,0.00235294,0.0784814,0,0.0681911
OPACITY_GROUP_75,300,guide_grey,dashed,0.5,#9e9e9e,0.5,0.285294,1,0.284921,0.998693,2.02787,2.02787,0.138804,1,0.241253,0.28,0.13737,0,0.0686637
OPACITY_GROUP_75,300,guide_grey,dashed,0.75,#9e9e9e,0.75,0.285294,1,0.284921,0.998693,2.02787,2.02787,0.211174,1,0.263765,0.947059,0.183283,0.00705882,0.0848231
OPACITY_GROUP_75,300,trace_grey,solid,0.05,#c4c4c4,0.05,0.173529,0,0.0780316,0.449674,1.19214,1.49699,0.00894258,0,0.0679229,0,0.0678911,0,0.0677853
OPACITY_GROUP_75,300,trace_grey,solid,0.1,#c4c4c4,0.1,0.173529,0,0.12975,0.747712,1.34536,1.49699,0.0186104,0,0.0682442,0,0.068216,0,0.0674759
OPACITY_GROUP_75,300,trace_grey,solid,0.18,#c4c4c4,0.18,0.173529,1,0.173303,0.998693,1.49699,1.49699,0.0332833,0,0.0684165,0,0.0678325,0,0.0684424
OPACITY_GROUP_75,300,trace_grey,solid,0.25,#c4c4c4,0.25,0.173529,1,0.173303,0.998693,1.49699,1.49699,0.0445957,0,0.0723974,0,0.0678565,0,0.0681109
OPACITY_GROUP_75,300,trace_grey,solid,0.35,#c4c4c4,0.35,0.173529,1,0.173303,0.998693,1.49699,1.49699,0.0626292,0.00621118,0.0887118,0,0.0682823,0,0.0685107
OPACITY_GROUP_75,300,trace_grey,solid,0.5,#c4c4c4,0.5,0.173529,1,0.173303,0.998693,1.49699,1.49699,0.0843503,0.0367024,0.107632,0,0.0678137,0,0.0675426
OPACITY_GROUP_75,300,trace_grey,solid,0.75,#c4c4c4,0.75,0.173529,1,0.173303,0.998693,1.49699,1.49699,0.132369,0.107849,0.12459,0,0.0690512,0,0.0675806
OPACITY_GROUP_75,300,trace_grey,dashed,0.05,#c4c4c4,0.05,0.173529,0,0.0858132,0.494517,1.21409,1.49699,0.00860143,0,0.0679899,0,0.0677629,0,0.0675544
OPACITY_GROUP_75,300,trace_grey,dashed,0.1,#c4c4c4,0.1,0.173529,0,0.132872,0.765703,1.35825,1.49699,0.0188747,0,0.0691725,0,0.0670533,0,0.0681407
OPACITY_GROUP_75,300,trace_grey,dashed,0.18,#c4c4c4,0.18,0.173529,1,0.173303,0.998693,1.49699,1.49699,0.0299227,0,0.0685,0,0.0675459,0,0.0687451
OPACITY_GROUP_75,300,trace_grey,dashed,0.25,#c4c4c4,0.25,0.173529,1,0.173303,0.998693,1.49699,1.49699,0.0445957,0,0.0723383,0,0.0673987,0,0.0690573
OPACITY_GROUP_75,300,trace_grey,dashed,0.35,#c4c4c4,0.35,0.173529,1,0.173303,0.998693,1.49699,1.49699,0.0628936,0.00352941,0.0880806,0,0.0679954,0,0.0685737
OPACITY_GROUP_75,300,trace_grey,dashed,0.5,#c4c4c4,0.5,0.173529,1,0.173303,0.998693,1.49699,1.49699,0.0886145,0.0494118,0.109052,0,0.0668512,0,0.0692146
OPACITY_GROUP_75,300,trace_grey,dashed,0.75,#c4c4c4,0.75,0.173529,1,0.173303,0.998693,1.49699,1.49699,0.129008,0.121176,0.124952,0,0.0672485,0,0.0683525
OPACITY_GROUP_75,600,black,solid,0.05,#1a1a1a,0.05,0.673529,1,0.675586,1.00305,7.69228,7.69228,0.0285998,0,0.0761937,0,0.0757961,0,0.0754208
OPACITY_GROUP_75,600,black,solid,0.1,#1a1a1a,0.1,0.673529,1,0.675586,1.00305,7.69228,7.69228,0.0644495,0.977985,0.192151,0,0.07545,0,0.0755951
OPACITY_GROUP_75,600,black,solid,0.18,#1a1a1a,0.18,0.673529,1,0.675586,1.00305,7.69228,7.69228,0.121712,1,0.416788,1,0.241102,0.0127011,0.0961201
OPACITY_GROUP_75,600,black,solid,0.25,#1a1a1a,0.25,0.673529,1,0.675586,1.00305,7.69228,7.69228,0.171599,1,0.557494,1,0.400369,1,0.263025
OPACITY_GROUP_75,600,black,solid,0.35,#1a1a1a,0.35,0.673529,1,0.675586,1.00305,7.69228,7.69228,0.236111,1,0.66292,1,0.557339,1,0.449893
OPACITY_GROUP_75,600,black,solid,0.5,#1a1a1a,0.5,0.673529,1,0.675586,1.00305,7.69228,7.69228,0.336348,1,0.729486,1,0.706779,1,0.659457
OPACITY_GROUP_75,600,black,solid,0.75,#1a1a1a,0.75,0.673529,1,0.675586,1.00305,7.69228,7.69228,0.507947,1,0.759429,1,0.794081,1,0.826949
OPACITY_GROUP_75,600,black,dashed,0.05,#1a1a1a,0.05,0.673529,1,0.509343,0.756229,4.11638,7.69228,0.0288746,0,0.0757203,0,0.0758516,0,0.0757561
OPACITY_GROUP_75,600,black,dashed,0.1,#1a1a1a,0.1,0.673529,1,0.675586,1.00305,7.69228,7.69228,0.0718244,1,0.224855,0.000587889,0.0783072,0,0.0751021
OPACITY_GROUP_75,600,black,dashed,0.18,#1a1a1a,0.18,0.673529,1,0.675586,1.00305,7.69228,7.69228,0.121712,1,0.414937,1,0.239029,0.0152851,0.0947356
OPACITY_GROUP_75,600,black,dashed,0.25,#1a1a1a,0.25,0.673529,1,0.675586,1.00305,7.69228,7.69228,0.164749,1,0.534602,1,0.376225,1,0.236078
OPACITY_GROUP_75,600,black,dashed,0.35,#1a1a1a,0.35,0.673529,1,0.675586,1.00305,7.69228,7.69228,0.236198,1,0.660008,1,0.555381,1,0.446335
OPACITY_GROUP_75,600,black,dashed,0.5,#1a1a1a,0.5,0.673529,1,0.675586,1.00305,7.69228,7.69228,0.336348,1,0.729901,1,0.705315,1,0.656167
OPACITY_GROUP_75,600,black,dashed,0.75,#1a1a1a,0.75,0.673529,1,0.675586,1.00305,7.69228,7.69228,0.507759,1,0.759307,1,0.794536,1,0.824276
OPACITY_GROUP_75,600,guide_grey,solid,0.05,#9e9e9e,0.05,0.285294,1,0.215517,0.755421,1.67309,2.02787,0.0152485,0,0.0756728,0,0.0757957,0,0.0760577
OPACITY_GROUP_75,600,guide_grey,solid,0.1,#9e9e9e,0.1,0.285294,1,0.284921,0.998693,2.02787,2.02787,0.0302482,0,0.076418,0,0.0759812,0,0.0754296
OPACITY_GROUP_75,600,guide_grey,solid,0.18,#9e9e9e,0.18,0.285294,1,0.284921,0.998693,2.02787,2.02787,0.0514335,0.0688682,0.114672,0.000282247,0.0761082,0,0.0757684
OPACITY_GROUP_75,600,guide_grey,solid,0.25,#9e9e9e,0.25,0.285294,1,0.284921,0.998693,2.02787,2.02787,0.0694332,0.775049,0.166166,0,0.0754922,0,0.0751805
OPACITY_GROUP_75,600,guide_grey,solid,0.35,#9e9e9e,0.35,0.285294,1,0.284921,0.998693,2.02787,2.02787,0.0994933,1,0.221416,0.0101609,0.0946314,0,0.0755726
OPACITY_GROUP_75,600,guide_grey,solid,0.5,#9e9e9e,0.5,0.285294,1,0.284921,0.998693,2.02787,2.02787,0.14474,1,0.256646,0.64945,0.157693,0,0.0760387
OPACITY_GROUP_75,600,guide_grey,solid,0.75,#9e9e9e,0.75,0.285294,1,0.284921,0.998693,2.02787,2.02787,0.214172,1,0.273537,0.99746,0.195925,0.0084674,0.0965791
OPACITY_GROUP_75,600,guide_grey,dashed,0.05,#9e9e9e,0.05,0.285294,1,0.284921,0.998693,2.02787,2.02787,0.0150616,0,0.0749707,0,0.0757008,0,0.0760464
OPACITY_GROUP_75,600,guide_grey,dashed,0.1,#9e9e9e,0.1,0.285294,1,0.284921,0.998693,2.02787,2.02787,0.0272802,0,0.0758291,0,0.0744497,0,0.0752531
OPACITY_GROUP_75,600,guide_grey,dashed,0.18,#9e9e9e,0.18,0.285294,1,0.284921,0.998693,2.02787,2.02787,0.0512466,0.0787772,0.116476,0,0.0760449,0,0.0752447
OPACITY_GROUP_75,600,guide_grey,dashed,0.25,#9e9e9e,0.25,0.285294,1,0.284921,0.998693,2.02787,2.02787,0.07237,0.893004,0.176518,0,0.0755959,0,0.0751758
OPACITY_GROUP_75,600,guide_grey,dashed,0.35,#9e9e9e,0.35,0.285294,1,0.284921,0.998693,2.02787,2.02787,0.0994933,1,0.22332,0.0135215,0.0945596,0,0.0751724
OPACITY_GROUP_75,600,guide_grey,dashed,0.5,#9e9e9e,0.5,0.285294,1,0.284921,0.998693,2.02787,2.02787,0.141803,1,0.25452,0.54321,0.152429,0,0.0755705
OPACITY_GROUP_75,600,guide_grey,dashed,0.75,#9e9e9e,0.75,0.285294,1,0.284921,0.998693,2.02787,2.02787,0.211048,1,0.272933,0.997648,0.19439,0.00529101,0.0951332
OPACITY_GROUP_75,600,trace_grey,solid,0.05,#c4c4c4,0.05,0.173529,1,0.173303,0.998693,1.49699,1.49699,0.00933645,0,0.0756756,0,0.0757769,0,0.0755497
OPACITY_GROUP_75,600,trace_grey,solid,0.1,#c4c4c4,0.1,0.173529,1,0.173303,0.998693,1.49699,1.49699,0.0166729,0,0.0755726,0,0.0755197,0,0.0755099
OPACITY_GROUP_75,600,trace_grey,solid,0.18,#c4c4c4,0.18,0.173529,1,0.173303,0.998693,1.49699,1.49699,0.0313459,0,0.0761586,0,0.076013,0,0.075874
OPACITY_GROUP_75,600,trace_grey,solid,0.25,#c4c4c4,0.25,0.173529,1,0.173303,0.998693,1.49699,1.49699,0.0441751,0.000282247,0.0815041,0,0.0754133,0,0.0759231
OPACITY_GROUP_75,600,trace_grey,solid,0.35,#c4c4c4,0.35,0.173529,1,0.173303,0.998693,1.49699,1.49699,0.0606605,0.0118544,0.0992279,0,0.0757865,0,0.0753118
OPACITY_GROUP_75,600,trace_grey,solid,0.5,#c4c4c4,0.5,0.173529,1,0.173303,0.998693,1.49699,1.49699,0.0865136,0.0790291,0.120873,0,0.0754063,0,0.0760749
OPACITY_GROUP_75,600,trace_grey,solid,0.75,#c4c4c4,0.75,0.173529,1,0.173303,0.998693,1.49699,1.49699,0.130213,0.215636,0.136038,0,0.0755657,0,0.0757983
OPACITY_GROUP_75,600,trace_grey,dashed,0.05,#c4c4c4,0.05,0.173529,0,0.0900577,0.518976,1.22527,1.49699,0.00762488,0,0.0752784,0,0.0751517,0,0.0751851
OPACITY_GROUP_75,600,trace_grey,dashed,0.1,#c4c4c4,0.1,0.173529,1,0.173303,0.998693,1.49699,1.49699,0.0166729,0,0.0756739,0,0.0762563,0.000587889,0.075345
OPACITY_GROUP_75,600,trace_grey,dashed,0.18,#c4c4c4,0.18,0.173529,1,0.173303,0.998693,1.49699,1.49699,0.0314468,0,0.0756501,0,0.0760173,0,0.0759955
OPACITY_GROUP_75,600,trace_grey,dashed,0.25,#c4c4c4,0.25,0.173529,1,0.173303,0.998693,1.49699,1.49699,0.0443073,0.000587889,0.0815876,0,0.0758778,0,0.0754713
OPACITY_GROUP_75,600,trace_grey,dashed,0.35,#c4c4c4,0.35,0.173529,1,0.173303,0.998693,1.49699,1.49699,0.0625042,0.0217519,0.103043,0,0.0753202,0,0.0743741
OPACITY_GROUP_75,600,trace_grey,dashed,0.5,#c4c4c4,0.5,0.173529,1,0.173303,0.998693,1.49699,1.49699,0.0863261,0.074662,0.121426,0,0.0755755,0,0.0754247
OPACITY_GROUP_75,600,trace_grey,dashed,0.75,#c4c4c4,0.75,0.173529,1,0.173303,0.998693,1.49699,1.49699,0.130345,0.209877,0.135542,0,0.0755012,0,0.0750601
OPACITY_GROUP_60,150,black,solid,0.05,#1a1a1a,0.05,0.538824,0,0.0784929,0.145675,1.19214,4.54222,0.0265829,0,0.0585786,0,0.0592837,0,0.0592497
OPACITY_GROUP_60,150,black,solid,0.1,#1a1a1a,0.1,0.538824,1,0.227359,0.421954,1.72601,4.54222,0.0537986,0.0158014,0.0873435,0,0.0594257,0,0.0593345
OPACITY_GROUP_60,150,black,solid,0.18,#1a1a1a,0.18,0.538824,1,0.541176,1.00437,4.60752,4.54222,0.0916392,1,0.330841,0.604966,0.159264,0,0.0619071
OPACITY_GROUP_60,150,black,solid,0.25,#1a1a1a,0.25,0.538824,1,0.541176,1.00437,4.60752,4.54222,0.114894,1,0.359258,0.933409,0.201627,0.00225734,0.0704307
OPACITY_GROUP_60,150,black,solid,0.35,#1a1a1a,0.35,0.538824,1,0.541176,1.00437,4.60752,4.54222,0.183174,1,0.438882,1,0.331086,0.954853,0.212494
OPACITY_GROUP_60,150,black,solid,0.5,#1a1a1a,0.5,0.538824,1,0.541176,1.00437,4.60752,4.54222,0.276319,1,0.513505,1,0.455003,1,0.3822
OPACITY_GROUP_60,150,black,solid,0.75,#1a1a1a,0.75,0.538824,1,0.541176,1.00437,4.60752,4.54222,0.413077,1,0.566785,1,0.564057,1,0.547902
OPACITY_GROUP_60,150,black,dashed,0.05,#1a1a1a,0.05,0.538824,0,0.149204,0.276907,1.41153,4.54222,0.0259293,0,0.0598975,0,0.059827,0,0.0591616
OPACITY_GROUP_60,150,black,dashed,0.1,#1a1a1a,0.1,0.538824,1,0.259331,0.481291,1.87875,4.54222,0.0538716,0.0705882,0.107926,0,0.0594759,0,0.0589818
OPACITY_GROUP_60,150,black,dashed,0.18,#1a1a1a,0.18,0.538824,1,0.408535,0.758198,2.92098,4.54222,0.115699,1,0.271465,0.449412,0.145396,0,0.0611154
OPACITY_GROUP_60,150,black,dashed,0.25,#1a1a1a,0.25,0.538824,1,0.408535,0.758198,2.92098,4.54222,0.138357,1,0.318052,0.983529,0.206918,0.0517647,0.0958538
OPACITY_GROUP_60,150,black,dashed,0.35,#1a1a1a,0.35,0.538824,1,0.541176,1.00437,4.60752,4.54222,0.184073,1,0.440921,1,0.334439,0.948235,0.214396
OPACITY_GROUP_60,150,black,dashed,0.5,#1a1a1a,0.5,0.538824,1,0.541176,1.00437,4.60752,4.54222,0.274918,1,0.54894,1,0.515642,1,0.447619
OPACITY_GROUP_60,150,black,dashed,0.75,#1a1a1a,0.75,0.538824,1,0.541176,1.00437,4.60752,4.54222,0.413077,1,0.565237,1,0.562116,1,0.545877
OPACITY_GROUP_60,150,guide_grey,solid,0.05,#9e9e9e,0.05,0.228235,0,0.0354325,0.155246,1.08071,1.72601,0.0106509,0,0.0588983,0,0.0593407,0,0.0593731
OPACITY_GROUP_60,150,guide_grey,solid,0.1,#9e9e9e,0.1,0.228235,0,0.0865206,0.379085,1.21409,1.72601,0.0226429,0,0.0596067,0,0.0598063,0,0.0597838
OPACITY_GROUP_60,150,guide_grey,solid,0.18,#9e9e9e,0.18,0.228235,1,0.228235,1,1.72601,1.72601,0.0479498,0.003386,0.0826105,0,0.0586674,0,0.0605536
OPACITY_GROUP_60,150,guide_grey,solid,0.25,#9e9e9e,0.25,0.228235,1,0.228235,1,1.72601,1.72601,0.0572517,0.0146727,0.0897605,0,0.0595502,0,0.0594261
OPACITY_GROUP_60,150,guide_grey,solid,0.35,#9e9e9e,0.35,0.228235,1,0.228235,1,1.72601,1.72601,0.0770431,0.104966,0.115932,0,0.0597835,0,0.0586326
OPACITY_GROUP_60,150,guide_grey,solid,0.5,#9e9e9e,0.5,0.228235,1,0.228235,1,1.72601,1.72601,0.116998,0.547404,0.153334,0,0.0637207,0,0.0600549
OPACITY_GROUP_60,150,guide_grey,solid,0.75,#9e9e9e,0.75,0.228235,1,0.228235,1,1.72601,1.72601,0.174443,0.926637,0.179614,0.013544,0.089607,0,0.0601907
OPACITY_GROUP_60,150,guide_grey,dashed,0.05,#9e9e9e,0.05,0.228235,0,0.062745,0.274914,1.14986,1.72601,0.0119477,0,0.0603064,0,0.0588763,0,0.0596715
OPACITY_GROUP_60,150,guide_grey,dashed,0.1,#9e9e9e,0.1,0.228235,0,0.117555,0.51506,1.30769,1.72601,0.0225622,0,0.0607338,0,0.0595053,0,0.0609766
OPACITY_GROUP_60,150,guide_grey,dashed,0.18,#9e9e9e,0.18,0.228235,1,0.173318,0.759383,1.49699,1.72601,0.0386505,0,0.0622517,0,0.0590025,0,0.0604817
OPACITY_GROUP_60,150,guide_grey,dashed,0.25,#9e9e9e,0.25,0.228235,1,0.173318,0.759383,1.49699,1.72601,0.058697,0.00235294,0.0787256,0,0.0601965,0,0.059771
OPACITY_GROUP_60,150,guide_grey,dashed,0.35,#9e9e9e,0.35,0.228235,1,0.228235,1,1.72601,1.72601,0.0772983,0.134118,0.112533,0,0.059073,0,0.0596933
OPACITY_GROUP_60,150,guide_grey,dashed,0.5,#9e9e9e,0.5,0.228235,1,0.228235,1,1.72601,1.72601,0.115944,0.752941,0.165071,0.00235294,0.0711523,0,0.0605882
OPACITY_GROUP_60,150,guide_grey,dashed,0.75,#9e9e9e,0.75,0.228235,1,0.228235,1,1.72601,1.72601,0.165143,0.851765,0.172515,0.0141176,0.0814632,0,0.0588583
OPACITY_GROUP_60,150,trace_grey,solid,0.05,#c4c4c4,0.05,0.138824,0,0.0236678,0.170488,1.05284,1.37131,0.00667437,0,0.059597,0,0.0590736,0,0.0582192
OPACITY_GROUP_60,150,trace_grey,solid,0.1,#c4c4c4,0.1,0.138824,0,0.0470588,0.338983,1.10962,1.37131,0.0139425,0,0.0592964,0,0.0590727,0,0.0592754
OPACITY_GROUP_60,150,trace_grey,solid,0.18,#c4c4c4,0.18,0.138824,0,0.101684,0.732469,1.25969,1.37131,0.0231559,0,0.0602672,0,0.0595202,0,0.0603814
OPACITY_GROUP_60,150,trace_grey,solid,0.25,#c4c4c4,0.25,0.138824,0,0.141176,1.01695,1.38454,1.37131,0.0357807,0,0.0607501,0,0.0609196,0,0.0608604
OPACITY_GROUP_60,150,trace_grey,solid,0.35,#c4c4c4,0.35,0.138824,0,0.141176,1.01695,1.38454,1.37131,0.0470618,0,0.060851,0,0.0597441,0,0.0590753
OPACITY_GROUP_60,150,trace_grey,solid,0.5,#c4c4c4,0.5,0.138824,0,0.141176,1.01695,1.38454,1.37131,0.073077,0,0.0671759,0,0.0602847,0,0.0598593
OPACITY_GROUP_60,150,trace_grey,solid,0.75,#c4c4c4,0.75,0.138824,0,0.141176,1.01695,1.38454,1.37131,0.101561,0.00112867,0.0755996,0,0.0587096,0,0.0588528
OPACITY_GROUP_60,150,trace_grey,dashed,0.05,#c4c4c4,0.05,0.138824,0,0.0352787,0.254127,1.08071,1.37131,0.00664573,0,0.0586855,0,0.0607513,0,0.0600438
OPACITY_GROUP_60,150,trace_grey,dashed,0.1,#c4c4c4,0.1,0.138824,0,0.0780316,0.562092,1.19214,1.37131,0.01388,0,0.0588382,0,0.0599424,0,0.059357
OPACITY_GROUP_60,150,trace_grey,dashed,0.18,#c4c4c4,0.18,0.138824,0,0.106113,0.764373,1.27146,1.37131,0.0239059,0,0.0610458,0,0.057979,0,0.0606163
OPACITY_GROUP_60,150,trace_grey,dashed,0.25,#c4c4c4,0.25,0.138824,0,0.106113,0.764373,1.27146,1.37131,0.0359369,0,0.0604975,0,0.0582949,0,0.0593607
OPACITY_GROUP_60,150,trace_grey,dashed,0.35,#c4c4c4,0.35,0.138824,0,0.141176,1.01695,1.38454,1.37131,0.0478118,0,0.0606202,0,0.0601787,0,0.0597726
OPACITY_GROUP_60,150,trace_grey,dashed,0.5,#c4c4c4,0.5,0.138824,0,0.141176,1.01695,1.38454,1.37131,0.0657802,0,0.0650843,0,0.0609467,0,0.0612984
OPACITY_GROUP_60,150,trace_grey,dashed,0.75,#c4c4c4,0.75,0.138824,0,0.141176,1.01695,1.38454,1.37131,0.102319,0.00235294,0.0727845,0,0.0590791,0,0.0616632
OPACITY_GROUP_60,300,black,solid,0.05,#1a1a1a,0.05,0.538824,1,0.160554,0.297971,1.4534,4.54222,0.0271871,0,0.0677879,0,0.0679934,0,0.0679186
OPACITY_GROUP_60,300,black,solid,0.1,#1a1a1a,0.1,0.538824,1,0.541176,1.00437,4.60752,4.54222,0.057447,0.435912,0.145764,0,0.0688596,0,0.0686205
OPACITY_GROUP_60,300,black,solid,0.18,#1a1a1a,0.18,0.538824,1,0.541176,1.00437,4.60752,4.54222,0.103267,1,0.309284,0.475438,0.14876,0,0.0678312
OPACITY_GROUP_60,300,black,solid,0.25,#1a1a1a,0.25,0.538824,1,0.541176,1.00437,4.60752,4.54222,0.137407,1,0.396409,1,0.246232,0.0575946,0.109455
OPACITY_GROUP_60,300,black,solid,0.35,#1a1a1a,0.35,0.538824,1,0.541176,1.00437,4.60752,4.54222,0.194859,1,0.49237,1,0.384081,1,0.265534
OPACITY_GROUP_60,300,black,solid,0.5,#1a1a1a,0.5,0.538824,1,0.541176,1.00437,4.60752,4.54222,0.263238,1,0.550494,1,0.497212,1,0.416556
OPACITY_GROUP_60,300,black,solid,0.75,#1a1a1a,0.75,0.538824,1,0.541176,1.00437,4.60752,4.54222,0.412376,1,0.581444,1,0.579247,1,0.566413
OPACITY_GROUP_60,300,black,dashed,0.05,#1a1a1a,0.05,0.538824,1,0.1807,0.33536,1.52706,4.54222,0.0272327,0,0.0675224,0,0.0675962,0,0.0681113
OPACITY_GROUP_60,300,black,dashed,0.1,#1a1a1a,0.1,0.538824,1,0.541176,1.00437,4.60752,4.54222,0.057447,0.416471,0.145188,0,0.0684394,0,0.067139
OPACITY_GROUP_60,300,black,dashed,0.18,#1a1a1a,0.18,0.538824,1,0.541176,1.00437,4.60752,4.54222,0.0920364,1,0.266842,0.0705882,0.108635,0,0.0692413
OPACITY_GROUP_60,300,black,dashed,0.25,#1a1a1a,0.25,0.538824,1,0.541176,1.00437,4.60752,4.54222,0.137856,1,0.39837,1,0.245899,0.0635294,0.105494
OPACITY_GROUP_60,300,black,dashed,0.35,#1a1a1a,0.35,0.538824,1,0.541176,1.00437,4.60752,4.54222,0.195308,1,0.49291,1,0.384143,1,0.265276
OPACITY_GROUP_60,300,black,dashed,0.5,#1a1a1a,0.5,0.538824,1,0.541176,1.00437,4.60752,4.54222,0.274918,1,0.558695,1,0.509578,1,0.439266
OPACITY_GROUP_60,300,black,dashed,0.75,#1a1a1a,0.75,0.538824,1,0.541176,1.00437,4.60752,4.54222,0.412376,1,0.581489,1,0.579152,1,0.561146
OPACITY_GROUP_60,300,guide_grey,solid,0.05,#9e9e9e,0.05,0.228235,0,0.0861207,0.377333,1.21409,1.72601,0.0115884,0,0.0677143,0.000564653,0.0678838,0,0.067977
OPACITY_GROUP_60,300,guide_grey,solid,0.1,#9e9e9e,0.1,0.228235,1,0.228235,1,1.72601,1.72601,0.0239749,0,0.068078,0,0.0681815,0,0.067998
OPACITY_GROUP_60,300,guide_grey,solid,0.18,#9e9e9e,0.18,0.228235,1,0.228235,1,1.72601,1.72601,0.0385216,0.000564653,0.071277,0,0.06785,0,0.0681803
OPACITY_GROUP_60,300,guide_grey,solid,0.25,#9e9e9e,0.25,0.228235,1,0.228235,1,1.72601,1.72601,0.0532244,0.0118577,0.0925319,0,0.0682502,0,0.0684334
OPACITY_GROUP_60,300,guide_grey,solid,0.35,#9e9e9e,0.35,0.228235,1,0.228235,1,1.72601,1.72601,0.077823,0.331451,0.13927,0,0.0680146,0,0.0679765
OPACITY_GROUP_60,300,guide_grey,solid,0.5,#9e9e9e,0.5,0.228235,1,0.228235,1,1.72601,1.72601,0.115944,0.903444,0.176483,0,0.0768593,0,0.0677645
OPACITY_GROUP_60,300,guide_grey,solid,0.75,#9e9e9e,0.75,0.228235,1,0.228235,1,1.72601,1.72601,0.169138,0.990966,0.192033,0.0141163,0.0982667,0,0.0683775
OPACITY_GROUP_60,300,guide_grey,dashed,0.05,#9e9e9e,0.05,0.228235,0,0.0900577,0.394583,1.22527,1.72601,0.0109295,0,0.0682167,0,0.0686555,0,0.0677504
OPACITY_GROUP_60,300,guide_grey,dashed,0.1,#9e9e9e,0.1,0.228235,1,0.173318,0.759383,1.49699,1.72601,0.0193252,0,0.0679751,0,0.0676312,0,0.0678384
OPACITY_GROUP_60,300,guide_grey,dashed,0.18,#9e9e9e,0.18,0.228235,1,0.228235,1,1.72601,1.72601,0.0439238,0.00117647,0.077803,0,0.068829,0,0.067444
OPACITY_GROUP_60,300,guide_grey,dashed,0.25,#9e9e9e,0.25,0.228235,1,0.228235,1,1.72601,1.72601,0.0584991,0.0270588,0.102639,0,0.0680763,0,0.0672595
OPACITY_GROUP_60,300,guide_grey,dashed,0.35,#9e9e9e,0.35,0.228235,1,0.228235,1,1.72601,1.72601,0.077823,0.3,0.137119,0,0.0676332,0,0.0681911
OPACITY_GROUP_60,300,guide_grey,dashed,0.5,#9e9e9e,0.5,0.228235,1,0.228235,1,1.72601,1.72601,0.111294,0.862353,0.173197,0,0.0737041,0,0.0686024
OPACITY_GROUP_60,300,guide_grey,dashed,0.75,#9e9e9e,0.75,0.228235,1,0.228235,1,1.72601,1.72601,0.169266,0.995294,0.193646,0.0164706,0.0973388,0,0.0681499
OPACITY_GROUP_60,300,trace_grey,solid,0.05,#c4c4c4,0.05,0.138824,0,0.0668512,0.481555,1.16023,1.37131,0.00765613,0,0.0679229,0,0.0678911,0,0.0677853
OPACITY_GROUP_60,300,trace_grey,solid,0.1,#c4c4c4,0.1,0.138824,0,0.101684,0.732469,1.25969,1.37131,0.0149255,0,0.0682442,0,0.068216,0,0.0674759
OPACITY_GROUP_60,300,trace_grey,solid,0.18,#c4c4c4,0.18,0.138824,0,0.141176,1.01695,1.38454,1.37131,0.0268785,0,0.0680116,0,0.0678325,0,0.0684424
OPACITY_GROUP_60,300,trace_grey,solid,0.25,#c4c4c4,0.25,0.138824,0,0.141176,1.01695,1.38454,1.37131,0.0365385,0,0.0689173,0,0.0678565,0,0.0681109
OPACITY_GROUP_60,300,trace_grey,solid,0.35,#c4c4c4,0.35,0.138824,0,0.141176,1.01695,1.38454,1.37131,0.0507844,0,0.0727196,0,0.0682823,0,0.0685107
OPACITY_GROUP_60,300,trace_grey,solid,0.5,#c4c4c4,0.5,0.138824,0,0.141176,1.01695,1.38454,1.37131,0.0683739,0.00112931,0.0777639,0,0.0678137,0,0.0675426
OPACITY_GROUP_60,300,trace_grey,solid,0.75,#c4c4c4,0.75,0.138824,0,0.141176,1.01695,1.38454,1.37131,0.107201,0.00282326,0.0873041,0,0.0690235,0,0.0675806
OPACITY_GROUP_60,300,trace_grey,dashed,0.05,#c4c4c4,0.05,0.138824,0,0.0671434,0.48366,1.16023,1.37131,0.00701291,0,0.0679899,0,0.0677629,0,0.0675544
OPACITY_GROUP_60,300,trace_grey,dashed,0.1,#c4c4c4,0.1,0.138824,0,0.106113,0.764373,1.27146,1.37131,0.0153005,0,0.0691725,0,0.0670533,0,0.0681407
OPACITY_GROUP_60,300,trace_grey,dashed,0.18,#c4c4c4,0.18,0.138824,0,0.141176,1.01695,1.38454,1.37131,0.0245856,0,0.0684063,0,0.0675459,0,0.0687451
OPACITY_GROUP_60,300,trace_grey,dashed,0.25,#c4c4c4,0.25,0.138824,0,0.141176,1.01695,1.38454,1.37131,0.0365385,0,0.0681851,0,0.0673987,0,0.0690573
OPACITY_GROUP_60,300,trace_grey,dashed,0.35,#c4c4c4,0.35,0.138824,0,0.141176,1.01695,1.38454,1.37131,0.0511594,0,0.071232,0,0.0679954,0,0.0685737
OPACITY_GROUP_60,300,trace_grey,dashed,0.5,#c4c4c4,0.5,0.138824,0,0.141176,1.01695,1.38454,1.37131,0.0717177,0.00235294,0.0789129,0,0.0668512,0,0.0692146
OPACITY_GROUP_60,300,trace_grey,dashed,0.75,#c4c4c4,0.75,0.138824,0,0.141176,1.01695,1.38454,1.37131,0.104909,0.00588235,0.087611,0,0.0672277,0,0.0683525
OPACITY_GROUP_60,600,black,solid,0.05,#1a1a1a,0.05,0.538824,1,0.541176,1.00437,4.60752,4.54222,0.0229098,0,0.0757515,0,0.0757961,0,0.0754208
OPACITY_GROUP_60,600,black,solid,0.1,#1a1a1a,0.1,0.538824,1,0.541176,1.00437,4.60752,4.54222,0.0516099,0.24753,0.133432,0,0.0753324,0,0.0755951
OPACITY_GROUP_60,600,black,solid,0.18,#1a1a1a,0.18,0.538824,1,0.541176,1.00437,4.60752,4.54222,0.0974529,1,0.312757,0.425628,0.145419,0,0.0752444
OPACITY_GROUP_60,600,black,solid,0.25,#1a1a1a,0.25,0.538824,1,0.541176,1.00437,4.60752,4.54222,0.137459,1,0.425274,1,0.271175,0.200395,0.130495
OPACITY_GROUP_60,600,black,solid,0.35,#1a1a1a,0.35,0.538824,1,0.541176,1.00437,4.60752,4.54222,0.189092,1,0.510481,1,0.395197,1,0.274103
OPACITY_GROUP_60,600,black,solid,0.5,#1a1a1a,0.5,0.538824,1,0.541176,1.00437,4.60752,4.54222,0.269452,1,0.565624,1,0.51583,1,0.439688
OPACITY_GROUP_60,600,black,solid,0.75,#1a1a1a,0.75,0.538824,1,0.541176,1.00437,4.60752,4.54222,0.40691,1,0.592205,1,0.587498,1,0.574293
OPACITY_GROUP_60,600,black,dashed,0.05,#1a1a1a,0.05,0.538824,1,0.408535,0.758198,2.92098,4.54222,0.0231084,0,0.07521,0,0.0758516,0,0.0757561
OPACITY_GROUP_60,600,black,dashed,0.1,#1a1a1a,0.1,0.538824,1,0.541176,1.00437,4.60752,4.54222,0.057447,0.654321,0.159201,0,0.0753165,0,0.0751021
OPACITY_GROUP_60,600,black,dashed,0.18,#1a1a1a,0.18,0.538824,1,0.541176,1.00437,4.60752,4.54222,0.0974529,1,0.310913,0.405644,0.143932,0,0.0753717
OPACITY_GROUP_60,600,black,dashed,0.25,#1a1a1a,0.25,0.538824,1,0.541176,1.00437,4.60752,4.54222,0.131993,1,0.407635,1,0.252066,0.0464433,0.109311
OPACITY_GROUP_60,600,black,dashed,0.35,#1a1a1a,0.35,0.538824,1,0.541176,1.00437,4.60752,4.54222,0.189293,1,0.50864,1,0.394212,1,0.271654
OPACITY_GROUP_60,600,black,dashed,0.5,#1a1a1a,0.5,0.538824,1,0.541176,1.00437,4.60752,4.54222,0.269452,1,0.565967,1,0.514396,1,0.437398
OPACITY_GROUP_60,600,black,dashed,0.75,#1a1a1a,0.75,0.538824,1,0.541176,1.00437,4.60752,4.54222,0.406761,1,0.592354,1,0.588144,1,0.572259
OPACITY_GROUP_60,600,guide_grey,solid,0.05,#9e9e9e,0.05,0.228235,1,0.171811,0.75278,1.49699,1.72601,0.0122361,0,0.0756728,0,0.0757957,0,0.0760577
OPACITY_GROUP_60,600,guide_grey,solid,0.1,#9e9e9e,0.1,0.228235,1,0.228235,1,1.72601,1.72601,0.0242867,0,0.0758822,0,0.0759812,0,0.0754296
OPACITY_GROUP_60,600,guide_grey,solid,0.18,#9e9e9e,0.18,0.228235,1,0.228235,1,1.72601,1.72601,0.041222,0.000282247,0.0831775,0.000282247,0.0761082,0,0.0757684
OPACITY_GROUP_60,600,guide_grey,solid,0.25,#9e9e9e,0.25,0.228235,1,0.228235,1,1.72601,1.72601,0.0555981,0.0572961,0.113946,0,0.0754862,0,0.0751805
OPACITY_GROUP_60,600,guide_grey,solid,0.35,#9e9e9e,0.35,0.228235,1,0.228235,1,1.72601,1.72601,0.0796212,0.666949,0.158419,0,0.0759914,0,0.0755726
OPACITY_GROUP_60,600,guide_grey,solid,0.5,#9e9e9e,0.5,0.228235,1,0.228235,1,1.72601,1.72601,0.115944,0.990968,0.188063,0.00225797,0.0849091,0,0.0758954
OPACITY_GROUP_60,600,guide_grey,solid,0.75,#9e9e9e,0.75,0.228235,1,0.228235,1,1.72601,1.72601,0.171527,1,0.203481,0.0273779,0.109891,0,0.0752258
OPACITY_GROUP_60,600,guide_grey,dashed,0.05,#9e9e9e,0.05,0.228235,1,0.228235,1,1.72601,1.72601,0.0119874,0,0.0749707,0,0.0757008,0,0.0760464
OPACITY_GROUP_60,600,guide_grey,dashed,0.1,#9e9e9e,0.1,0.228235,1,0.228235,1,1.72601,1.72601,0.0219619,0,0.0757407,0,0.0744497,0,0.0752531
OPACITY_GROUP_60,600,guide_grey,dashed,0.18,#9e9e9e,0.18,0.228235,1,0.228235,1,1.72601,1.72601,0.0409733,0.00117578,0.0832373,0,0.0760449,0,0.0752447
OPACITY_GROUP_60,600,guide_grey,dashed,0.25,#9e9e9e,0.25,0.228235,1,0.228235,1,1.72601,1.72601,0.0579718,0.119342,0.121742,0,0.075385,0,0.0751758
OPACITY_GROUP_60,600,guide_grey,dashed,0.35,#9e9e9e,0.35,0.228235,1,0.228235,1,1.72601,1.72601,0.0796212,0.701352,0.160311,0,0.0767192,0,0.0751724
OPACITY_GROUP_60,600,guide_grey,dashed,0.5,#9e9e9e,0.5,0.228235,1,0.228235,1,1.72601,1.72601,0.11357,0.9806,0.186062,0,0.0839864,0,0.0754088
OPACITY_GROUP_60,600,guide_grey,dashed,0.75,#9e9e9e,0.75,0.228235,1,0.228235,1,1.72601,1.72601,0.168904,1,0.203028,0.0282187,0.108908,0,0.0754015
OPACITY_GROUP_60,600,trace_grey,solid,0.05,#c4c4c4,0.05,0.138824,0,0.141176,1.01695,1.38454,1.37131,0.00746083,0,0.0756756,0,0.0757769,0,0.0755497
OPACITY_GROUP_60,600,trace_grey,solid,0.1,#c4c4c4,0.1,0.138824,0,0.141176,1.01695,1.38454,1.37131,0.0134373,0,0.0755726,0,0.0755197,0,0.0755099
OPACITY_GROUP_60,600,trace_grey,solid,0.18,#c4c4c4,0.18,0.138824,0,0.141176,1.01695,1.38454,1.37131,0.0253902,0,0.0759262,0,0.076013,0,0.075874
OPACITY_GROUP_60,600,trace_grey,solid,0.25,#c4c4c4,0.25,0.138824,0,0.141176,1.01695,1.38454,1.37131,0.0356713,0,0.0766332,0,0.0754133,0,0.0759231
OPACITY_GROUP_60,600,trace_grey,solid,0.35,#c4c4c4,0.35,0.138824,0,0.141176,1.01695,1.38454,1.37131,0.0492981,0.000564493,0.0792014,0,0.0757865,0,0.0753118
OPACITY_GROUP_60,600,trace_grey,solid,0.5,#c4c4c4,0.5,0.138824,0,0.141176,1.01695,1.38454,1.37131,0.0703837,0.00084674,0.0879447,0,0.0754063,0,0.0760749
OPACITY_GROUP_60,600,trace_grey,solid,0.75,#c4c4c4,0.75,0.138824,0,0.141176,1.01695,1.38454,1.37131,0.105905,0.00479819,0.0976799,0,0.0755657,0,0.0757983
OPACITY_GROUP_60,600,trace_grey,dashed,0.05,#c4c4c4,0.05,0.138824,0,0.0746021,0.537388,1.18137,1.37131,0.00631631,0,0.0752784,0,0.0751517,0,0.0751851
OPACITY_GROUP_60,600,trace_grey,dashed,0.1,#c4c4c4,0.1,0.138824,0,0.141176,1.01695,1.38454,1.37131,0.0134373,0,0.0756739,0,0.0762563,0.000587889,0.075345
OPACITY_GROUP_60,600,trace_grey,dashed,0.18,#c4c4c4,0.18,0.138824,0,0.141176,1.01695,1.38454,1.37131,0.0255797,0,0.0754294,0,0.0760173,0,0.0759955
OPACITY_GROUP_60,600,trace_grey,dashed,0.25,#c4c4c4,0.25,0.138824,0,0.141176,1.01695,1.38454,1.37131,0.0361987,0,0.0763736,0,0.0758778,0,0.0754713
OPACITY_GROUP_60,600,trace_grey,dashed,0.35,#c4c4c4,0.35,0.138824,0,0.141176,1.01695,1.38454,1.37131,0.0509699,0.000587889,0.079749,0,0.0753202,0,0.0743741
OPACITY_GROUP_60,600,trace_grey,dashed,0.5,#c4c4c4,0.5,0.138824,0,0.141176,1.01695,1.38454,1.37131,0.0702333,0.00293945,0.0876262,0,0.0755755,0,0.0754247
OPACITY_GROUP_60,600,trace_grey,dashed,0.75,#c4c4c4,0.75,0.138824,0,0.141176,1.01695,1.38454,1.37131,0.106092,0.00646678,0.0976236,0,0.0754915,0,0.0750601
OPACITY_GROUP_45,150,black,solid,0.05,#1a1a1a,0.05,0.404118,0,0.0588081,0.145522,1.13961,2.8847,0.0199164,0,0.0585786,0,0.0592837,0,0.0592497
OPACITY_GROUP_45,150,black,solid,0.1,#1a1a1a,0.1,0.404118,1,0.172734,0.427434,1.49699,2.8847,0.0412233,0,0.0641553,0,0.0594257,0,0.0593345
OPACITY_GROUP_45,150,black,solid,0.18,#1a1a1a,0.18,0.404118,1,0.408535,1.01093,2.92098,2.8847,0.0691786,0.988713,0.219064,0.00790068,0.0744864,0,0.0600825
OPACITY_GROUP_45,150,black,solid,0.25,#1a1a1a,0.25,0.404118,1,0.408535,1.01093,2.92098,2.8847,0.0870768,0.998871,0.241124,0.037246,0.0921455,0,0.0595957
OPACITY_GROUP_45,150,black,solid,0.35,#1a1a1a,0.35,0.404118,1,0.408535,1.01093,2.92098,2.8847,0.13881,1,0.301115,0.829571,0.183228,0.00790068,0.0714494
OPACITY_GROUP_45,150,black,solid,0.5,#1a1a1a,0.5,0.404118,1,0.408535,1.01093,2.92098,2.8847,0.208742,1,0.361453,1,0.279336,0.79684,0.178292
OPACITY_GROUP_45,150,black,solid,0.75,#1a1a1a,0.75,0.404118,1,0.408535,1.01093,2.92098,2.8847,0.311907,1,0.401988,1,0.361395,1,0.30154
OPACITY_GROUP_45,150,black,dashed,0.05,#1a1a1a,0.05,0.404118,0,0.113679,0.281302,1.29546,2.8847,0.0192497,0,0.0596872,0,0.059827,0,0.0591616
OPACITY_GROUP_45,150,black,dashed,0.1,#1a1a1a,0.1,0.404118,1,0.196232,0.485582,1.58972,2.8847,0.0411973,0,0.0682247,0,0.0594759,0,0.0589818
OPACITY_GROUP_45,150,black,dashed,0.18,#1a1a1a,0.18,0.404118,1,0.310404,0.768102,2.16873,2.8847,0.0877538,0.823529,0.175649,0,0.0677027,0,0.0583988
OPACITY_GROUP_45,150,black,dashed,0.25,#1a1a1a,0.25,0.404118,1,0.310404,0.768102,2.16873,2.8847,0.105123,1,0.215639,0.0705882,0.100559,0,0.0585982
OPACITY_GROUP_45,150,black,dashed,0.35,#1a1a1a,0.35,0.404118,1,0.408535,1.01093,2.92098,2.8847,0.139638,1,0.30307,0.856471,0.18655,0.0164706,0.0728261
OPACITY_GROUP_45,150,black,dashed,0.5,#1a1a1a,0.5,0.404118,1,0.408535,1.01093,2.92098,2.8847,0.207536,1,0.383968,1,0.32175,0.964706,0.223907
OPACITY_GROUP_45,150,black,dashed,0.75,#1a1a1a,0.75,0.404118,1,0.408535,1.01093,2.92098,2.8847,0.311907,1,0.401225,1,0.35976,0.997647,0.299721
OPACITY_GROUP_45,150,guide_grey,solid,0.05,#9e9e9e,0.05,0.171176,0,0.0274048,0.160097,1.06202,1.49699,0.00795821,0,0.0588983,0,0.0593407,0,0.0593731
OPACITY_GROUP_45,150,guide_grey,solid,0.1,#9e9e9e,0.1,0.171176,0,0.0669897,0.391349,1.16023,1.49699,0.0173331,0,0.0596067,0,0.0598063,0,0.0597838
OPACITY_GROUP_45,150,guide_grey,solid,0.18,#9e9e9e,0.18,0.171176,1,0.173318,1.01251,1.49699,1.49699,0.0366739,0,0.0632482,0,0.0586674,0,0.0605536
OPACITY_GROUP_45,150,guide_grey,solid,0.25,#9e9e9e,0.25,0.171176,1,0.173318,1.01251,1.49699,1.49699,0.0439993,0,0.0637674,0,0.0595502,0,0.0594261
OPACITY_GROUP_45,150,guide_grey,solid,0.35,#9e9e9e,0.35,0.171176,1,0.173318,1.01251,1.49699,1.49699,0.0586215,0,0.0697384,0,0.0597607,0,0.0586326
OPACITY_GROUP_45,150,guide_grey,solid,0.5,#9e9e9e,0.5,0.171176,1,0.173318,1.01251,1.49699,1.49699,0.089207,0.00902935,0.0914914,0,0.0595365,0,0.0600549
OPACITY_GROUP_45,150,guide_grey,solid,0.75,#9e9e9e,0.75,0.171176,1,0.173318,1.01251,1.49699,1.49699,0.132649,0.0462754,0.113169,0,0.0596623,0,0.0601283
OPACITY_GROUP_45,150,guide_grey,dashed,0.05,#9e9e9e,0.05,0.171176,0,0.0470588,0.274914,1.10962,1.49699,0.00929673,0,0.0603064,0,0.0588763,0,0.0596715
OPACITY_GROUP_45,150,guide_grey,dashed,0.1,#9e9e9e,0.1,0.171176,0,0.089827,0.524763,1.22527,1.49699,0.0178565,0,0.0607338,0,0.0595053,0,0.0609766
OPACITY_GROUP_45,150,guide_grey,dashed,0.18,#9e9e9e,0.18,0.171176,0,0.133795,0.781618,1.35825,1.49699,0.0299813,0,0.0594599,0,0.0590025,0,0.0604817
OPACITY_GROUP_45,150,guide_grey,dashed,0.25,#9e9e9e,0.25,0.171176,0,0.133795,0.781618,1.35825,1.49699,0.0453118,0,0.0620342,0,0.0601965,0,0.059771
OPACITY_GROUP_45,150,guide_grey,dashed,0.35,#9e9e9e,0.35,0.171176,1,0.173318,1.01251,1.49699,1.49699,0.0593298,0.00235294,0.0688905,0,0.0586157,0,0.0596933
OPACITY_GROUP_45,150,guide_grey,dashed,0.5,#9e9e9e,0.5,0.171176,1,0.173318,1.01251,1.49699,1.49699,0.0880456,0.0305882,0.0990921,0,0.0607744,0,0.0605882
OPACITY_GROUP_45,150,guide_grey,dashed,0.75,#9e9e9e,0.75,0.171176,1,0.173318,1.01251,1.49699,1.49699,0.125956,0.0423529,0.106031,0,0.0601955,0,0.0588583
OPACITY_GROUP_45,150,trace_grey,solid,0.05,#c4c4c4,0.05,0.104118,0,0.0196847,0.189062,1.04377,1.27146,0.00533324,0,0.059597,0,0.0590736,0,0.0582192
OPACITY_GROUP_45,150,trace_grey,solid,0.1,#c4c4c4,0.1,0.104118,0,0.0350635,0.336768,1.08071,1.27146,0.010604,0,0.0592964,0,0.0590727,0,0.0592754
OPACITY_GROUP_45,150,trace_grey,solid,0.18,#c4c4c4,0.18,0.104118,0,0.0780316,0.749456,1.19214,1.27146,0.0178956,0,0.0602672,0,0.0595202,0,0.0603814
OPACITY_GROUP_45,150,trace_grey,solid,0.25,#c4c4c4,0.25,0.104118,0,0.106113,1.01916,1.27146,1.27146,0.0273329,0,0.0603801,0,0.0609196,0,0.0608604
OPACITY_GROUP_45,150,trace_grey,solid,0.35,#c4c4c4,0.35,0.104118,0,0.106113,1.01916,1.27146,1.27146,0.035864,0,0.0596606,0,0.0597441,0,0.0590753
OPACITY_GROUP_45,150,trace_grey,solid,0.5,#c4c4c4,0.5,0.104118,0,0.106113,1.01916,1.27146,1.27146,0.0546658,0,0.0593872,0,0.0602847,0,0.0598593
OPACITY_GROUP_45,150,trace_grey,solid,0.75,#c4c4c4,0.75,0.104118,0,0.106113,1.01916,1.27146,1.27146,0.0765561,0,0.059657,0,0.0587096,0,0.0588528
OPACITY_GROUP_45,150,trace_grey,dashed,0.05,#c4c4c4,0.05,0.104118,0,0.0275586,0.264687,1.06202,1.27146,0.00466659,0,0.0586855,0,0.0607513,0,0.0600438
OPACITY_GROUP_45,150,trace_grey,dashed,0.1,#c4c4c4,0.1,0.104118,0,0.0590542,0.567187,1.13961,1.27146,0.0106639,0,0.0588382,0,0.0599424,0,0.059357
OPACITY_GROUP_45,150,trace_grey,dashed,0.18,#c4c4c4,0.18,0.104118,0,0.0829527,0.796721,1.20304,1.27146,0.0187289,0,0.0610458,0,0.057979,0,0.0606163
OPACITY_GROUP_45,150,trace_grey,dashed,0.25,#c4c4c4,0.25,0.104118,0,0.0829527,0.796721,1.20304,1.27146,0.0280933,0,0.0604975,0,0.0582949,0,0.0593607
OPACITY_GROUP_45,150,trace_grey,dashed,0.35,#c4c4c4,0.35,0.104118,0,0.106113,1.01916,1.27146,1.27146,0.0366974,0,0.0594475,0,0.0601787,0,0.0597726
OPACITY_GROUP_45,150,trace_grey,dashed,0.5,#c4c4c4,0.5,0.104118,0,0.106113,1.01916,1.27146,1.27146,0.0499836,0,0.0598291,0,0.0609467,0,0.0612984
OPACITY_GROUP_45,150,trace_grey,dashed,0.75,#c4c4c4,0.75,0.104118,0,0.106113,1.01916,1.27146,1.27146,0.0773165,0,0.060645,0,0.0590791,0,0.0616632
OPACITY_GROUP_45,300,black,solid,0.05,#1a1a1a,0.05,0.404118,0,0.117739,0.291349,1.30769,2.8847,0.0199372,0,0.0677879,0,0.0679934,0,0.0679186
OPACITY_GROUP_45,300,black,solid,0.1,#1a1a1a,0.1,0.404118,1,0.408535,1.01093,2.92098,2.8847,0.0435384,0.0101637,0.0865576,0,0.0688596,0,0.0686205
OPACITY_GROUP_45,300,black,solid,0.18,#1a1a1a,0.18,0.404118,1,0.408535,1.01093,2.92098,2.8847,0.0781277,0.990966,0.206582,0.000564653,0.0723439,0,0.0676636
OPACITY_GROUP_45,300,black,solid,0.25,#1a1a1a,0.25,0.404118,1,0.408535,1.01093,2.92098,2.8847,0.103994,1,0.27107,0.167137,0.123455,0,0.0678831
OPACITY_GROUP_45,300,black,solid,0.35,#1a1a1a,0.35,0.404118,1,0.408535,1.01093,2.92098,2.8847,0.147231,1,0.343634,1,0.22525,0.0310559,0.0968031
OPACITY_GROUP_45,300,black,solid,0.5,#1a1a1a,0.5,0.404118,1,0.408535,1.01093,2.92098,2.8847,0.198813,1,0.390035,1,0.311361,0.984754,0.20448
OPACITY_GROUP_45,300,black,solid,0.75,#1a1a1a,0.75,0.404118,1,0.408535,1.01093,2.92098,2.8847,0.311304,1,0.416435,1,0.37519,1,0.316407
OPACITY_GROUP_45,300,black,dashed,0.05,#1a1a1a,0.05,0.404118,0,0.137332,0.339831,1.37131,2.8847,0.0205765,0,0.0675224,0,0.0675962,0,0.0681113
OPACITY_GROUP_45,300,black,dashed,0.1,#1a1a1a,0.1,0.404118,1,0.408535,1.01093,2.92098,2.8847,0.0435384,0.00705882,0.0856458,0,0.0684394,0,0.067139
OPACITY_GROUP_45,300,black,dashed,0.18,#1a1a1a,0.18,0.404118,1,0.408535,1.01093,2.92098,2.8847,0.0698192,0.848235,0.174983,0,0.0688231,0,0.0692413
OPACITY_GROUP_45,300,black,dashed,0.25,#1a1a1a,0.25,0.404118,1,0.408535,1.01093,2.92098,2.8847,0.104409,1,0.273213,0.16,0.123833,0,0.0681258
OPACITY_GROUP_45,300,black,dashed,0.35,#1a1a1a,0.35,0.404118,1,0.408535,1.01093,2.92098,2.8847,0.147645,1,0.344232,1,0.225253,0.0329412,0.0964635
OPACITY_GROUP_45,300,black,dashed,0.5,#1a1a1a,0.5,0.404118,1,0.408535,1.01093,2.92098,2.8847,0.207536,1,0.396297,1,0.319955,0.992941,0.220585
OPACITY_GROUP_45,300,black,dashed,0.75,#1a1a1a,0.75,0.404118,1,0.408535,1.01093,2.92098,2.8847,0.311304,1,0.416778,1,0.375332,1,0.312621
OPACITY_GROUP_45,300,guide_grey,solid,0.05,#9e9e9e,0.05,0.171176,0,0.0626528,0.366013,1.14986,1.49699,0.00862486,0,0.0677143,0.000564653,0.0678838,0,0.067977
OPACITY_GROUP_45,300,guide_grey,solid,0.1,#9e9e9e,0.1,0.171176,1,0.173318,1.01251,1.49699,1.49699,0.018337,0,0.068078,0,0.0681815,0,0.067998
OPACITY_GROUP_45,300,guide_grey,solid,0.18,#9e9e9e,0.18,0.171176,1,0.173318,1.01251,1.49699,1.49699,0.0293108,0,0.0682268,0,0.06785,0,0.0681803
OPACITY_GROUP_45,300,guide_grey,solid,0.25,#9e9e9e,0.25,0.171176,1,0.173318,1.01251,1.49699,1.49699,0.0406387,0,0.0703437,0,0.0682502,0,0.0684334
OPACITY_GROUP_45,300,guide_grey,solid,0.35,#9e9e9e,0.35,0.171176,1,0.173318,1.01251,1.49699,1.49699,0.0592778,0.00451722,0.0855401,0,0.0680146,0,0.0679765
OPACITY_GROUP_45,300,guide_grey,solid,0.5,#9e9e9e,0.5,0.171176,1,0.173318,1.01251,1.49699,1.49699,0.0880456,0.0429136,0.111231,0,0.0684635,0,0.0677645
OPACITY_GROUP_45,300,guide_grey,solid,0.75,#9e9e9e,0.75,0.171176,1,0.173318,1.01251,1.49699,1.49699,0.128368,0.0988142,0.124712,0,0.0679377,0,0.0683775
OPACITY_GROUP_45,300,guide_grey,dashed,0.05,#9e9e9e,0.05,0.171176,0,0.0664975,0.388473,1.16023,1.49699,0.0079478,0,0.0682167,0,0.0686555,0,0.0677504
OPACITY_GROUP_45,300,guide_grey,dashed,0.1,#9e9e9e,0.1,0.171176,0,0.133795,0.781618,1.35825,1.49699,0.0149907,0,0.0679751,0,0.0676312,0,0.0678384
OPACITY_GROUP_45,300,guide_grey,dashed,0.18,#9e9e9e,0.18,0.171176,1,0.173318,1.01251,1.49699,1.49699,0.0336297,0,0.0695925,0,0.068829,0,0.067444
OPACITY_GROUP_45,300,guide_grey,dashed,0.25,#9e9e9e,0.25,0.171176,1,0.173318,1.01251,1.49699,1.49699,0.0446035,0,0.0724665,0,0.0680763,0,0.0672595
OPACITY_GROUP_45,300,guide_grey,dashed,0.35,#9e9e9e,0.35,0.171176,1,0.173318,1.01251,1.49699,1.49699,0.0592778,0.00235294,0.0844967,0,0.0676332,0,0.0681911
OPACITY_GROUP_45,300,guide_grey,dashed,0.5,#9e9e9e,0.5,0.171176,1,0.173318,1.01251,1.49699,1.49699,0.0846993,0.0447059,0.107759,0,0.0682503,0,0.0686024
OPACITY_GROUP_45,300,guide_grey,dashed,0.75,#9e9e9e,0.75,0.171176,1,0.173318,1.01251,1.49699,1.49699,0.128722,0.116471,0.126115,0,0.0681294,0,0.0681499
OPACITY_GROUP_45,300,trace_grey,solid,0.05,#c4c4c4,0.05,0.104118,0,0.0511804,0.491563,1.11949,1.27146,0.00566138,0,0.0679229,0,0.0678911,0,0.0677853
OPACITY_GROUP_45,300,trace_grey,solid,0.1,#c4c4c4,0.1,0.104118,0,0.0780316,0.749456,1.19214,1.27146,0.0112889,0,0.0682442,0,0.068216,0,0.0674759
OPACITY_GROUP_45,300,trace_grey,solid,0.18,#c4c4c4,0.18,0.104118,0,0.106113,1.01916,1.27146,1.27146,0.0202731,0,0.0680116,0,0.0678325,0,0.0684424
OPACITY_GROUP_45,300,trace_grey,solid,0.25,#c4c4c4,0.25,0.104118,0,0.106113,1.01916,1.27146,1.27146,0.0273329,0,0.0686672,0,0.0678565,0,0.0681109
OPACITY_GROUP_45,300,trace_grey,solid,0.35,#c4c4c4,0.35,0.104118,0,0.106113,1.01916,1.27146,1.27146,0.0382416,0,0.0688961,0,0.0682823,0,0.0685107
OPACITY_GROUP_45,300,trace_grey,solid,0.5,#c4c4c4,0.5,0.104118,0,0.106113,1.01916,1.27146,1.27146,0.0515279,0,0.0688242,0,0.0678137,0,0.0675426
OPACITY_GROUP_45,300,trace_grey,solid,0.75,#c4c4c4,0.75,0.104118,0,0.106113,1.01916,1.27146,1.27146,0.0808217,0,0.0690872,0,0.0690235,0,0.0675806
OPACITY_GROUP_45,300,trace_grey,dashed,0.05,#c4c4c4,0.05,0.104118,0,0.0508112,0.488017,1.11949,1.27146,0.0053046,0,0.0679899,0,0.0677629,0,0.0675544
OPACITY_GROUP_45,300,trace_grey,dashed,0.1,#c4c4c4,0.1,0.104118,0,0.0829527,0.796721,1.20304,1.27146,0.0117056,0,0.0691725,0,0.0670533,0,0.0681407
OPACITY_GROUP_45,300,trace_grey,dashed,0.18,#c4c4c4,0.18,0.104118,0,0.106113,1.01916,1.27146,1.27146,0.0183487,0,0.0684063,0,0.0675459,0,0.0687451
OPACITY_GROUP_45,300,trace_grey,dashed,0.25,#c4c4c4,0.25,0.104118,0,0.106113,1.01916,1.27146,1.27146,0.0273329,0,0.0680618,0,0.0673987,0,0.0690573
OPACITY_GROUP_45,300,trace_grey,dashed,0.35,#c4c4c4,0.35,0.104118,0,0.106113,1.01916,1.27146,1.27146,0.0386583,0,0.0684763,0,0.0679954,0,0.0685737
OPACITY_GROUP_45,300,trace_grey,dashed,0.5,#c4c4c4,0.5,0.104118,0,0.106113,1.01916,1.27146,1.27146,0.0542856,0,0.0684944,0,0.0668512,0,0.0692146
OPACITY_GROUP_45,300,trace_grey,dashed,0.75,#c4c4c4,0.75,0.104118,0,0.106113,1.01916,1.27146,1.27146,0.0788972,0,0.0689355,0,0.0672277,0,0.0683525
OPACITY_GROUP_45,600,black,solid,0.05,#1a1a1a,0.05,0.404118,1,0.408535,1.01093,2.92098,2.8847,0.0172947,0,0.0757515,0,0.0757961,0,0.0754208
OPACITY_GROUP_45,600,black,solid,0.1,#1a1a1a,0.1,0.404118,1,0.408535,1.01093,2.92098,2.8847,0.0390261,0.00254022,0.0851235,0,0.0753324,0,0.0755951
OPACITY_GROUP_45,600,black,solid,0.18,#1a1a1a,0.18,0.404118,1,0.408535,1.01093,2.92098,2.8847,0.0736532,0.999153,0.210898,0,0.0779552,0,0.0752444
OPACITY_GROUP_45,600,black,solid,0.25,#1a1a1a,0.25,0.404118,1,0.408535,1.01093,2.92098,2.8847,0.103768,1,0.296038,0.414338,0.144938,0,0.0762203
OPACITY_GROUP_45,600,black,solid,0.35,#1a1a1a,0.35,0.404118,1,0.408535,1.01093,2.92098,2.8847,0.142832,1,0.36056,1,0.236772,0.0310471,0.105064
OPACITY_GROUP_45,600,black,solid,0.5,#1a1a1a,0.5,0.404118,1,0.408535,1.01093,2.92098,2.8847,0.203514,1,0.404593,1,0.327778,1,0.224608
OPACITY_GROUP_45,600,black,solid,0.75,#1a1a1a,0.75,0.404118,1,0.408535,1.01093,2.92098,2.8847,0.307282,1,0.427463,1,0.384016,1,0.325688
OPACITY_GROUP_45,600,black,dashed,0.05,#1a1a1a,0.05,0.404118,1,0.310404,0.768102,2.16873,2.8847,0.017615,0,0.07521,0,0.0758516,0,0.0757561
OPACITY_GROUP_45,600,black,dashed,0.1,#1a1a1a,0.1,0.404118,1,0.408535,1.01093,2.92098,2.8847,0.0435384,0.0141093,0.0985161,0,0.0753165,0,0.0751021
OPACITY_GROUP_45,600,black,dashed,0.18,#1a1a1a,0.18,0.404118,1,0.408535,1.01093,2.92098,2.8847,0.0736532,0.998824,0.209053,0,0.0778948,0,0.0753717
OPACITY_GROUP_45,600,black,dashed,0.25,#1a1a1a,0.25,0.404118,1,0.408535,1.01093,2.92098,2.8847,0.0997459,1,0.283382,0.22281,0.131775,0,0.0745881
OPACITY_GROUP_45,600,black,dashed,0.35,#1a1a1a,0.35,0.404118,1,0.408535,1.01093,2.92098,2.8847,0.143001,1,0.359601,1,0.236471,0.0258671,0.103521
OPACITY_GROUP_45,600,black,dashed,0.5,#1a1a1a,0.5,0.404118,1,0.408535,1.01093,2.92098,2.8847,0.203514,1,0.404807,1,0.32669,1,0.2229
OPACITY_GROUP_45,600,black,dashed,0.75,#1a1a1a,0.75,0.404118,1,0.408535,1.01093,2.92098,2.8847,0.30715,1,0.427521,1,0.384422,1,0.323994
OPACITY_GROUP_45,600,guide_grey,solid,0.05,#9e9e9e,0.05,0.171176,0,0.129612,0.757182,1.34536,1.49699,0.00930064,0,0.0756728,0,0.0757957,0,0.0760577
OPACITY_GROUP_45,600,guide_grey,solid,0.1,#9e9e9e,0.1,0.171176,1,0.173318,1.01251,1.49699,1.49699,0.018488,0,0.0758822,0,0.0759812,0,0.0754296
OPACITY_GROUP_45,600,guide_grey,solid,0.18,#9e9e9e,0.18,0.171176,1,0.173318,1.01251,1.49699,1.49699,0.031312,0,0.0757765,0.000282247,0.0761082,0,0.0757684
OPACITY_GROUP_45,600,guide_grey,solid,0.25,#9e9e9e,0.25,0.171176,1,0.173318,1.01251,1.49699,1.49699,0.0423307,0.000282247,0.0797979,0,0.0754862,0,0.0751805
OPACITY_GROUP_45,600,guide_grey,solid,0.35,#9e9e9e,0.35,0.171176,1,0.173318,1.01251,1.49699,1.49699,0.0605284,0.0110076,0.0996475,0,0.0758766,0,0.0755726
OPACITY_GROUP_45,600,guide_grey,solid,0.5,#9e9e9e,0.5,0.171176,1,0.173318,1.01251,1.49699,1.49699,0.0880456,0.0798758,0.121985,0,0.0755392,0,0.0758954
OPACITY_GROUP_45,600,guide_grey,solid,0.75,#9e9e9e,0.75,0.171176,1,0.173318,1.01251,1.49699,1.49699,0.130218,0.21479,0.136004,0,0.075691,0,0.0752258
OPACITY_GROUP_45,600,guide_grey,dashed,0.05,#9e9e9e,0.05,0.171176,1,0.173318,1.01251,1.49699,1.49699,0.00916848,0,0.0749707,0,0.0757008,0,0.0760464
OPACITY_GROUP_45,600,guide_grey,dashed,0.1,#9e9e9e,0.1,0.171176,1,0.173318,1.01251,1.49699,1.49699,0.0168148,0,0.0757407,0,0.0744497,0,0.0752531
OPACITY_GROUP_45,600,guide_grey,dashed,0.18,#9e9e9e,0.18,0.171176,1,0.173318,1.01251,1.49699,1.49699,0.0311799,0,0.0758618,0,0.0760449,0,0.0752447
OPACITY_GROUP_45,600,guide_grey,dashed,0.25,#9e9e9e,0.25,0.171176,1,0.173318,1.01251,1.49699,1.49699,0.0440228,0.00117578,0.0815307,0,0.075385,0,0.0751758
OPACITY_GROUP_45,600,guide_grey,dashed,0.35,#9e9e9e,0.35,0.171176,1,0.173318,1.01251,1.49699,1.49699,0.0605284,0.00999412,0.100852,0,0.0767085,0,0.0751724
OPACITY_GROUP_45,600,guide_grey,dashed,0.5,#9e9e9e,0.5,0.171176,1,0.173318,1.01251,1.49699,1.49699,0.0863535,0.0670194,0.120757,0,0.0762718,0,0.0754088
OPACITY_GROUP_45,600,guide_grey,dashed,0.75,#9e9e9e,0.75,0.171176,1,0.173318,1.01251,1.49699,1.49699,0.128394,0.202822,0.135373,0,0.0758212,0,0.0754015
OPACITY_GROUP_45,600,trace_grey,solid,0.05,#c4c4c4,0.05,0.104118,0,0.106113,1.01916,1.27146,1.27146,0.00566267,0,0.0756756,0,0.0757769,0,0.0755497
OPACITY_GROUP_45,600,trace_grey,solid,0.1,#c4c4c4,0.1,0.104118,0,0.106113,1.01916,1.27146,1.27146,0.0101548,0,0.0755726,0,0.0755197,0,0.0755099
OPACITY_GROUP_45,600,trace_grey,solid,0.18,#c4c4c4,0.18,0.104118,0,0.106113,1.01916,1.27146,1.27146,0.019139,0,0.0759262,0,0.076013,0,0.075874
OPACITY_GROUP_45,600,trace_grey,solid,0.25,#c4c4c4,0.25,0.104118,0,0.106113,1.01916,1.27146,1.27146,0.0269345,0,0.0761462,0,0.0754133,0,0.0759231
OPACITY_GROUP_45,600,trace_grey,solid,0.35,#c4c4c4,0.35,0.104118,0,0.106113,1.01916,1.27146,1.27146,0.0370893,0,0.0755813,0,0.0757865,0,0.0753118
OPACITY_GROUP_45,600,trace_grey,solid,0.5,#c4c4c4,0.5,0.104118,0,0.106113,1.01916,1.27146,1.27146,0.052925,0,0.075936,0,0.0754063,0,0.0760749
OPACITY_GROUP_45,600,trace_grey,solid,0.75,#c4c4c4,0.75,0.104118,0,0.106113,1.01916,1.27146,1.27146,0.0796693,0,0.076992,0,0.0755657,0,0.0757983
OPACITY_GROUP_45,600,trace_grey,dashed,0.05,#c4c4c4,0.05,0.104118,0,0.0553018,0.531148,1.12949,1.27146,0.00468222,0,0.0752784,0,0.0751517,0,0.0751851
OPACITY_GROUP_45,600,trace_grey,dashed,0.1,#c4c4c4,0.1,0.104118,0,0.106113,1.01916,1.27146,1.27146,0.0101548,0,0.0756739,0,0.0762563,0.000587889,0.075345
OPACITY_GROUP_45,600,trace_grey,dashed,0.18,#c4c4c4,0.18,0.104118,0,0.106113,1.01916,1.27146,1.27146,0.0193291,0,0.0754294,0,0.0760173,0,0.0759955
OPACITY_GROUP_45,600,trace_grey,dashed,0.25,#c4c4c4,0.25,0.104118,0,0.106113,1.01916,1.27146,1.27146,0.0271428,0,0.0760542,0,0.0758778,0,0.0754713
OPACITY_GROUP_45,600,trace_grey,dashed,0.35,#c4c4c4,0.35,0.104118,0,0.106113,1.01916,1.27146,1.27146,0.0382781,0.000587889,0.0751184,0,0.0753202,0,0.0743741
OPACITY_GROUP_45,600,trace_grey,dashed,0.5,#c4c4c4,0.5,0.104118,0,0.106113,1.01916,1.27146,1.27146,0.052925,0,0.0751851,0,0.0755755,0,0.0754247
OPACITY_GROUP_45,600,trace_grey,dashed,0.75,#c4c4c4,0.75,0.104118,0,0.106113,1.01916,1.27146,1.27146,0.0798777,0,0.0759547,0,0.0754915,0,0.0750601
TINT_55,150,black,solid,0.05,#818181,0.05,0.494118,0,0.0745406,0.150856,1.18137,3.89573,0.0252444,0,0.0585786,0,0.0592837,0,0.0592497
TINT_55,150,black,solid,0.1,#818181,0.1,0.494118,1,0.207336,0.419608,1.63904,3.89573,0.0489993,0.00790068,0.0746682,0,0.0594257,0,0.0593345
TINT_55,150,black,solid,0.18,#818181,0.18,0.494118,1,0.494118,1,3.89573,3.89573,0.0836706,1,0.291184,0.241535,0.125845,0,0.0605067
TINT_55,150,black,solid,0.25,#818181,0.25,0.494118,1,0.494118,1,3.89573,3.89573,0.104837,1,0.317123,0.641084,0.162132,0,0.0616715
TINT_55,150,black,solid,0.35,#818181,0.35,0.494118,1,0.494118,1,3.89573,3.89573,0.168005,1,0.390682,1,0.279594,0.579007,0.157728
TINT_55,150,black,solid,0.5,#818181,0.5,0.494118,1,0.494118,1,3.89573,3.89573,0.25134,1,0.458956,1,0.391541,1,0.308202
TINT_55,150,black,solid,0.75,#818181,0.75,0.494118,1,0.494118,1,3.89573,3.89573,0.376682,1,0.508242,1,0.491877,1,0.460129
TINT_55,150,black,dashed,0.05,#818181,0.05,0.494118,0,0.140854,0.285061,1.38454,3.89573,0.0245127,0,0.0596872,0,0.059827,0,0.0591616
TINT_55,150,black,dashed,0.1,#818181,0.1,0.494118,1,0.234525,0.474634,1.76256,3.89573,0.0489732,0.0141176,0.0874934,0,0.0594759,0,0.0589818
TINT_55,150,black,dashed,0.18,#818181,0.18,0.494118,1,0.372041,0.752941,2.61498,3.89573,0.104998,1,0.235348,0.12,0.109556,0,0.0585294
TINT_55,150,black,dashed,0.25,#818181,0.25,0.494118,1,0.372041,0.752941,2.61498,3.89573,0.125998,1,0.279966,0.734118,0.167472,0.00470588,0.0681459
TINT_55,150,black,dashed,0.35,#818181,0.35,0.494118,1,0.494118,1,3.89573,3.89573,0.167836,1,0.391453,1,0.280704,0.583529,0.157516
TINT_55,150,black,dashed,0.5,#818181,0.5,0.494118,1,0.494118,1,3.89573,3.89573,0.251012,1,0.49048,1,0.447058,1,0.368746
TINT_55,150,black,dashed,0.75,#818181,0.75,0.494118,1,0.494118,1,3.89573,3.89573,0.376682,1,0.506619,1,0.490022,1,0.458375
TINT_55,150,guide_grey,solid,0.05,#cacaca,0.05,0.207843,0,0.0315263,0.151683,1.07131,1.63904,0.010005,0,0.0588983,0,0.0593407,0,0.0593731
TINT_55,150,guide_grey,solid,0.1,#cacaca,0.1,0.207843,0,0.0783699,0.377062,1.19214,1.63904,0.020583,0,0.0596067,0,0.0598063,0,0.0597838
TINT_55,150,guide_grey,solid,0.18,#cacaca,0.18,0.207843,1,0.207843,1,1.63904,1.63904,0.0438613,0,0.0717244,0,0.0586674,0,0.0605536
TINT_55,150,guide_grey,solid,0.25,#cacaca,0.25,0.207843,1,0.207843,1,1.63904,1.63904,0.0525278,0.00451467,0.0755492,0,0.0595502,0,0.0594261
TINT_55,150,guide_grey,solid,0.35,#cacaca,0.35,0.207843,1,0.207843,1,1.63904,1.63904,0.0702229,0.0316027,0.0957648,0,0.0597607,0,0.0586326
TINT_55,150,guide_grey,solid,0.5,#cacaca,0.5,0.207843,1,0.207843,1,1.63904,1.63904,0.106389,0.21219,0.129826,0,0.0601552,0,0.0600549
TINT_55,150,guide_grey,solid,0.75,#cacaca,0.75,0.207843,1,0.207843,1,1.63904,1.63904,0.158779,0.582393,0.155011,0.00225734,0.0687254,0,0.0601283
TINT_55,150,guide_grey,dashed,0.05,#cacaca,0.05,0.207843,0,0.0546098,0.262745,1.12949,1.63904,0.010578,0,0.0603064,0,0.0588763,0,0.0596715
TINT_55,150,guide_grey,dashed,0.1,#cacaca,0.1,0.207843,0,0.106774,0.513726,1.27146,1.63904,0.0207523,0,0.0607338,0,0.0595053,0,0.0609766
TINT_55,150,guide_grey,dashed,0.18,#cacaca,0.18,0.207843,1,0.156494,0.752941,1.43926,1.63904,0.0351661,0,0.0605795,0,0.0590025,0,0.0604817
TINT_55,150,guide_grey,dashed,0.25,#cacaca,0.25,0.207843,1,0.156494,0.752941,1.43926,1.63904,0.0529992,0,0.0696995,0,0.0601965,0,0.059771
TINT_55,150,guide_grey,dashed,0.35,#cacaca,0.35,0.207843,1,0.207843,1,1.63904,1.63904,0.0703609,0.0352941,0.0928544,0,0.0586157,0,0.0596933
TINT_55,150,guide_grey,dashed,0.5,#cacaca,0.5,0.207843,1,0.207843,1,1.63904,1.63904,0.105584,0.343529,0.140132,0,0.0628353,0,0.0605882
TINT_55,150,guide_grey,dashed,0.75,#cacaca,0.75,0.207843,1,0.207843,1,1.63904,1.63904,0.150084,0.447059,0.14775,0,0.0663521,0,0.0588583
TINT_55,150,trace_grey,solid,0.05,#dfdfdf,0.05,0.12549,0,0.0233449,0.186029,1.05284,1.33264,0.00592179,0,0.059597,0,0.0590736,0,0.0582192
TINT_55,150,trace_grey,solid,0.1,#dfdfdf,0.1,0.12549,0,0.0436447,0.347793,1.09987,1.33264,0.0126404,0,0.0592964,0,0.0590727,0,0.0592754
TINT_55,150,trace_grey,solid,0.18,#dfdfdf,0.18,0.12549,0,0.0939946,0.74902,1.2366,1.33264,0.0212497,0,0.0602672,0,0.0595202,0,0.0603814
TINT_55,150,trace_grey,solid,0.25,#dfdfdf,0.25,0.12549,0,0.12549,1,1.33264,1.33264,0.0319162,0,0.0603801,0,0.0609196,0,0.0608604
TINT_55,150,trace_grey,solid,0.35,#dfdfdf,0.35,0.12549,0,0.12549,1,1.33264,1.33264,0.0424993,0,0.0597439,0,0.0597441,0,0.0590753
TINT_55,150,trace_grey,solid,0.5,#dfdfdf,0.5,0.12549,0,0.12549,1,1.33264,1.33264,0.0638323,0,0.0620434,0,0.0602847,0,0.0598593
TINT_55,150,trace_grey,solid,0.75,#dfdfdf,0.75,0.12549,0,0.12549,1,1.33264,1.33264,0.0903319,0,0.0647648,0,0.0587096,0,0.0588528
TINT_55,150,trace_grey,dashed,0.05,#dfdfdf,0.05,0.12549,0,0.0314648,0.250735,1.07131,1.33264,0.00598689,0,0.0586855,0,0.0607513,0,0.0600438
TINT_55,150,trace_grey,dashed,0.1,#dfdfdf,0.1,0.12549,0,0.0703729,0.560784,1.17073,1.33264,0.0125727,0,0.0588382,0,0.0599424,0,0.059357
TINT_55,150,trace_grey,dashed,0.18,#dfdfdf,0.18,0.12549,0,0.0944867,0.752941,1.2366,1.33264,0.021333,0,0.0610458,0,0.057979,0,0.0606163
TINT_55,150,trace_grey,dashed,0.25,#dfdfdf,0.25,0.12549,0,0.0944867,0.752941,1.2366,1.33264,0.0319995,0,0.0604975,0,0.0582949,0,0.0593607
TINT_55,150,trace_grey,dashed,0.35,#dfdfdf,0.35,0.12549,0,0.12549,1,1.33264,1.33264,0.0425827,0,0.0594475,0,0.0601787,0,0.0597726
TINT_55,150,trace_grey,dashed,0.5,#dfdfdf,0.5,0.12549,0,0.12549,1,1.33264,1.33264,0.0584991,0,0.0610821,0,0.0609467,0,0.0612984
TINT_55,150,trace_grey,dashed,0.75,#dfdfdf,0.75,0.12549,0,0.12549,1,1.33264,1.33264,0.0904153,0,0.0649253,0,0.0590791,0,0.0616632
TINT_55,300,black,solid,0.05,#818181,0.05,0.494118,0,0.145329,0.294118,1.39795,3.89573,0.024609,0,0.0677879,0,0.0679934,0,0.0679186
TINT_55,300,black,solid,0.1,#818181,0.1,0.494118,1,0.494118,1,3.89573,3.89573,0.0524185,0.177301,0.122817,0,0.0688596,0,0.0686205
TINT_55,300,black,solid,0.18,#818181,0.18,0.494118,1,0.494118,1,3.89573,3.89573,0.0942538,1,0.272332,0.092603,0.114387,0,0.0676636
TINT_55,300,black,solid,0.25,#818181,0.25,0.494118,1,0.494118,1,3.89573,3.89573,0.125838,1,0.35283,0.983625,0.203369,0,0.0768334
TINT_55,300,black,solid,0.35,#818181,0.35,0.494118,1,0.494118,1,3.89573,3.89573,0.17809,1,0.439865,1,0.327715,0.983625,0.204579
TINT_55,300,black,solid,0.5,#818181,0.5,0.494118,1,0.494118,1,3.89573,3.89573,0.240761,1,0.493609,1,0.431631,1,0.341982
TINT_55,300,black,solid,0.75,#818181,0.75,0.494118,1,0.494118,1,3.89573,3.89573,0.376518,1,0.522786,1,0.506827,1,0.477793
TINT_55,300,black,dashed,0.05,#818181,0.05,0.494118,1,0.160185,0.324183,1.4534,3.89573,0.0242262,0,0.0675224,0,0.0675962,0,0.0681113
TINT_55,300,black,dashed,0.1,#818181,0.1,0.494118,1,0.494118,1,3.89573,3.89573,0.0524185,0.158824,0.121855,0,0.0684394,0,0.067139
TINT_55,300,black,dashed,0.18,#818181,0.18,0.494118,1,0.494118,1,3.89573,3.89573,0.083918,0.998824,0.233173,0.00588235,0.0832207,0,0.0692413
TINT_55,300,black,dashed,0.25,#818181,0.25,0.494118,1,0.494118,1,3.89573,3.89573,0.125753,1,0.353546,0.972941,0.201252,0.00235294,0.0762028
TINT_55,300,black,dashed,0.35,#818181,0.35,0.494118,1,0.494118,1,3.89573,3.89573,0.178005,1,0.439428,1,0.326543,0.98,0.203174
TINT_55,300,black,dashed,0.5,#818181,0.5,0.494118,1,0.494118,1,3.89573,3.89573,0.251012,1,0.500921,1,0.442096,1,0.361436
TINT_55,300,black,dashed,0.75,#818181,0.75,0.494118,1,0.494118,1,3.89573,3.89573,0.376518,1,0.522917,1,0.506931,1,0.472748
TINT_55,300,guide_grey,solid,0.05,#cacaca,0.05,0.207843,0,0.0780624,0.375583,1.19214,1.63904,0.0106196,0,0.0677143,0.000564653,0.0678838,0,0.067977
TINT_55,300,guide_grey,solid,0.1,#cacaca,0.1,0.207843,1,0.207843,1,1.63904,1.63904,0.0219306,0,0.068078,0,0.0681815,0,0.067998
TINT_55,300,guide_grey,solid,0.18,#cacaca,0.18,0.207843,1,0.207843,1,1.63904,1.63904,0.0351114,0,0.0695304,0,0.06785,0,0.0681803
TINT_55,300,guide_grey,solid,0.25,#cacaca,0.25,0.207843,1,0.207843,1,1.63904,1.63904,0.0485279,0.00282326,0.0798898,0,0.0682502,0,0.0684334
TINT_55,300,guide_grey,solid,0.35,#cacaca,0.35,0.207843,1,0.207843,1,1.63904,1.63904,0.0707919,0.101637,0.117584,0,0.0680146,0,0.0679765
TINT_55,300,guide_grey,solid,0.5,#cacaca,0.5,0.207843,1,0.207843,1,1.63904,1.63904,0.105584,0.548842,0.152013,0,0.0697731,0,0.0677645
TINT_55,300,guide_grey,solid,0.75,#cacaca,0.75,0.207843,1,0.207843,1,1.63904,1.63904,0.15396,0.841897,0.167132,0.000564653,0.0763707,0,0.0683775
TINT_55,300,guide_grey,dashed,0.05,#cacaca,0.05,0.207843,0,0.0823683,0.3963,1.20304,1.63904,0.00996859,0,0.0682167,0,0.0686555,0,0.0677504
TINT_55,300,guide_grey,dashed,0.1,#cacaca,0.1,0.207843,1,0.156494,0.752941,1.43926,1.63904,0.0175831,0,0.0679751,0,0.0676312,0,0.0678384
TINT_55,300,guide_grey,dashed,0.18,#cacaca,0.18,0.207843,1,0.207843,1,1.63904,1.63904,0.039847,0,0.0724092,0,0.068829,0,0.067444
TINT_55,300,guide_grey,dashed,0.25,#cacaca,0.25,0.207843,1,0.207843,1,1.63904,1.63904,0.0531945,0.00352941,0.0869733,0,0.0680763,0,0.0672595
TINT_55,300,guide_grey,dashed,0.35,#cacaca,0.35,0.207843,1,0.207843,1,1.63904,1.63904,0.0707919,0.0811765,0.115482,0,0.0676332,0,0.0681911
TINT_55,300,guide_grey,dashed,0.5,#cacaca,0.5,0.207843,1,0.207843,1,1.63904,1.63904,0.101237,0.475294,0.14869,0,0.0691343,0,0.0686024
TINT_55,300,guide_grey,dashed,0.75,#cacaca,0.75,0.207843,1,0.207843,1,1.63904,1.63904,0.154029,0.836471,0.168415,0,0.0763037,0,0.0681499
TINT_55,300,trace_grey,solid,0.05,#dfdfdf,0.05,0.12549,0,0.0583622,0.465074,1.13961,1.33264,0.00658193,0,0.0679229,0,0.0678911,0,0.0677853
TINT_55,300,trace_grey,solid,0.1,#dfdfdf,0.1,0.12549,0,0.0939946,0.74902,1.2366,1.33264,0.0132915,0,0.0682442,0,0.068216,0,0.0674759
TINT_55,300,trace_grey,solid,0.18,#dfdfdf,0.18,0.12549,0,0.12549,1,1.33264,1.33264,0.0239163,0,0.0680116,0,0.0678325,0,0.0684424
TINT_55,300,trace_grey,solid,0.25,#dfdfdf,0.25,0.12549,0,0.12549,1,1.33264,1.33264,0.0319162,0,0.0686672,0,0.0678565,0,0.0681109
TINT_55,300,trace_grey,solid,0.35,#dfdfdf,0.35,0.12549,0,0.12549,1,1.33264,1.33264,0.045166,0,0.0695894,0,0.0682823,0,0.0685107
TINT_55,300,trace_grey,solid,0.5,#dfdfdf,0.5,0.12549,0,0.12549,1,1.33264,1.33264,0.0610824,0,0.0715632,0,0.0678137,0,0.0675426
TINT_55,300,trace_grey,solid,0.75,#dfdfdf,0.75,0.12549,0,0.12549,1,1.33264,1.33264,0.0956235,0,0.0758468,0,0.0690235,0,0.0675806
TINT_55,300,trace_grey,dashed,0.05,#dfdfdf,0.05,0.12549,0,0.0629297,0.501471,1.14986,1.33264,0.00633715,0,0.0679899,0,0.0677629,0,0.0675544
TINT_55,300,trace_grey,dashed,0.1,#dfdfdf,0.1,0.12549,0,0.0944867,0.752941,1.2366,1.33264,0.0133331,0,0.0691725,0,0.0670533,0,0.0681407
TINT_55,300,trace_grey,dashed,0.18,#dfdfdf,0.18,0.12549,0,0.12549,1,1.33264,1.33264,0.0212913,0,0.0684063,0,0.0675459,0,0.0687451
TINT_55,300,trace_grey,dashed,0.25,#dfdfdf,0.25,0.12549,0,0.12549,1,1.33264,1.33264,0.0319162,0,0.0680618,0,0.0673987,0,0.0690573
TINT_55,300,trace_grey,dashed,0.35,#dfdfdf,0.35,0.12549,0,0.12549,1,1.33264,1.33264,0.0452076,0,0.0690563,0,0.0679954,0,0.0685737
TINT_55,300,trace_grey,dashed,0.5,#dfdfdf,0.5,0.12549,0,0.12549,1,1.33264,1.33264,0.0637907,0,0.0713407,0,0.0668512,0,0.0692146
TINT_55,300,trace_grey,dashed,0.75,#dfdfdf,0.75,0.12549,0,0.12549,1,1.33264,1.33264,0.0929985,0,0.075425,0,0.0672277,0,0.0683525
TINT_55,600,black,solid,0.05,#818181,0.05,0.494118,1,0.494118,1,3.89573,3.89573,0.0209177,0,0.0757515,0,0.0757961,0,0.0754208
TINT_55,600,black,solid,0.1,#818181,0.1,0.494118,1,0.494118,1,3.89573,3.89573,0.0472096,0.0623765,0.113769,0,0.0753324,0,0.0755951
TINT_55,600,black,solid,0.18,#818181,0.18,0.494118,1,0.494118,1,3.89573,3.89573,0.0889622,1,0.2764,0.0550381,0.11298,0,0.0752444
TINT_55,600,black,solid,0.25,#818181,0.25,0.494118,1,0.494118,1,3.89573,3.89573,0.125506,1,0.379318,0.999718,0.22616,0.00366921,0.0896639
TINT_55,600,black,solid,0.35,#818181,0.35,0.494118,1,0.494118,1,3.89573,3.89573,0.172633,1,0.457087,1,0.338776,0.999436,0.213235
TINT_55,600,black,solid,0.5,#818181,0.5,0.494118,1,0.494118,1,3.89573,3.89573,0.245886,1,0.508445,1,0.448857,1,0.362944
TINT_55,600,black,solid,0.75,#818181,0.75,0.494118,1,0.494118,1,3.89573,3.89573,0.371391,1,0.533753,1,0.515258,1,0.486045
TINT_55,600,black,dashed,0.05,#818181,0.05,0.494118,1,0.372041,0.752941,2.61498,3.89573,0.0210413,0,0.07521,0,0.0758516,0,0.0757561
TINT_55,600,black,dashed,0.1,#818181,0.1,0.494118,1,0.494118,1,3.89573,3.89573,0.0524185,0.268078,0.136626,0,0.0753165,0,0.0751021
TINT_55,600,black,dashed,0.18,#818181,0.18,0.494118,1,0.494118,1,3.89573,3.89573,0.0889622,1,0.274604,0.0505585,0.11165,0,0.0753717
TINT_55,600,black,dashed,0.25,#818181,0.25,0.494118,1,0.494118,1,3.89573,3.89573,0.12038,1,0.363111,0.997648,0.208639,0,0.0803205
TINT_55,600,black,dashed,0.35,#818181,0.35,0.494118,1,0.494118,1,3.89573,3.89573,0.172673,1,0.455471,1,0.337593,0.997648,0.210145
TINT_55,600,black,dashed,0.5,#818181,0.5,0.494118,1,0.494118,1,3.89573,3.89573,0.245886,1,0.508656,1,0.44763,1,0.360839
TINT_55,600,black,dashed,0.75,#818181,0.75,0.494118,1,0.494118,1,3.89573,3.89573,0.37135,1,0.533897,1,0.515868,1,0.484127
TINT_55,600,guide_grey,solid,0.05,#cacaca,0.05,0.207843,1,0.155679,0.74902,1.43926,1.63904,0.0110903,0,0.0756728,0,0.0757957,0,0.0760577
TINT_55,600,guide_grey,solid,0.1,#cacaca,0.1,0.207843,1,0.207843,1,1.63904,1.63904,0.0220973,0,0.0758822,0,0.0759812,0,0.0754296
TINT_55,600,guide_grey,solid,0.18,#cacaca,0.18,0.207843,1,0.207843,1,1.63904,1.63904,0.0374864,0.000282247,0.078408,0.000282247,0.0761082,0,0.0757684
TINT_55,600,guide_grey,solid,0.25,#cacaca,0.25,0.207843,1,0.207843,1,1.63904,1.63904,0.05066,0.0141123,0.0965971,0,0.0754862,0,0.0751805
TINT_55,600,guide_grey,solid,0.35,#cacaca,0.35,0.207843,1,0.207843,1,1.63904,1.63904,0.0725561,0.255151,0.136086,0,0.0758766,0,0.0755726
TINT_55,600,guide_grey,solid,0.5,#cacaca,0.5,0.207843,1,0.207843,1,1.63904,1.63904,0.105584,0.778719,0.163371,0,0.0765023,0,0.0758954
TINT_55,600,guide_grey,solid,0.75,#cacaca,0.75,0.207843,1,0.207843,1,1.63904,1.63904,0.156168,0.974598,0.178293,0.000564493,0.0849211,0,0.0752258
TINT_55,600,guide_grey,dashed,0.05,#cacaca,0.05,0.207843,1,0.207843,1,1.63904,1.63904,0.0109653,0,0.0749707,0,0.0757008,0,0.0760464
TINT_55,600,guide_grey,dashed,0.1,#cacaca,0.1,0.207843,1,0.207843,1,1.63904,1.63904,0.0199235,0,0.0757407,0,0.0744497,0,0.0752531
TINT_55,600,guide_grey,dashed,0.18,#cacaca,0.18,0.207843,1,0.207843,1,1.63904,1.63904,0.0373614,0.000587889,0.0787054,0,0.0760449,0,0.0752447
TINT_55,600,guide_grey,dashed,0.25,#cacaca,0.25,0.207843,1,0.207843,1,1.63904,1.63904,0.0527921,0.0270429,0.103346,0,0.075385,0,0.0751758
TINT_55,600,guide_grey,dashed,0.35,#cacaca,0.35,0.207843,1,0.207843,1,1.63904,1.63904,0.0725561,0.27572,0.137705,0,0.0767085,0,0.0751724
TINT_55,600,guide_grey,dashed,0.5,#cacaca,0.5,0.207843,1,0.207843,1,1.63904,1.63904,0.103452,0.747208,0.161669,0,0.0772326,0,0.0754088
TINT_55,600,guide_grey,dashed,0.75,#cacaca,0.75,0.207843,1,0.207843,1,1.63904,1.63904,0.153911,0.974133,0.177952,0,0.0847242,0,0.0754015
TINT_55,600,trace_grey,solid,0.05,#dfdfdf,0.05,0.12549,0,0.12549,1,1.33264,1.33264,0.00664573,0,0.0756756,0,0.0757769,0,0.0755497
TINT_55,600,trace_grey,solid,0.1,#dfdfdf,0.1,0.12549,0,0.12549,1,1.33264,1.33264,0.0119581,0,0.0755726,0,0.0755197,0,0.0755099
TINT_55,600,trace_grey,solid,0.18,#dfdfdf,0.18,0.12549,0,0.12549,1,1.33264,1.33264,0.022583,0,0.0759262,0,0.076013,0,0.075874
TINT_55,600,trace_grey,solid,0.25,#dfdfdf,0.25,0.12549,0,0.12549,1,1.33264,1.33264,0.0318745,0,0.0761462,0,0.0754133,0,0.0759231
TINT_55,600,trace_grey,solid,0.35,#dfdfdf,0.35,0.12549,0,0.12549,1,1.33264,1.33264,0.0438327,0.000282247,0.07644,0,0.0757865,0,0.0753118
TINT_55,600,trace_grey,solid,0.5,#dfdfdf,0.5,0.12549,0,0.12549,1,1.33264,1.33264,0.0624365,0,0.0796466,0,0.0754063,0,0.0760749
TINT_55,600,trace_grey,solid,0.75,#dfdfdf,0.75,0.12549,0,0.12549,1,1.33264,1.33264,0.0942902,0.000564493,0.0843517,0,0.0755657,0,0.0757983
TINT_55,600,trace_grey,dashed,0.05,#dfdfdf,0.05,0.12549,0,0.0629911,0.501961,1.14986,1.33264,0.00533325,0,0.0752784,0,0.0751517,0,0.0751851
TINT_55,600,trace_grey,dashed,0.1,#dfdfdf,0.1,0.12549,0,0.12549,1,1.33264,1.33264,0.0119581,0,0.0756739,0,0.0762563,0.000587889,0.075345
TINT_55,600,trace_grey,dashed,0.18,#dfdfdf,0.18,0.12549,0,0.12549,1,1.33264,1.33264,0.0226038,0,0.0754294,0,0.0760173,0,0.0759955
TINT_55,600,trace_grey,dashed,0.25,#dfdfdf,0.25,0.12549,0,0.12549,1,1.33264,1.33264,0.0318953,0,0.0760542,0,0.0758778,0,0.0754713
TINT_55,600,trace_grey,dashed,0.35,#dfdfdf,0.35,0.12549,0,0.12549,1,1.33264,1.33264,0.045166,0.000587889,0.0763021,0,0.0753202,0,0.0743741
TINT_55,600,trace_grey,dashed,0.5,#dfdfdf,0.5,0.12549,0,0.12549,1,1.33264,1.33264,0.0624365,0,0.0790333,0,0.0755755,0,0.0754247
TINT_55,600,trace_grey,dashed,0.75,#dfdfdf,0.75,0.12549,0,0.12549,1,1.33264,1.33264,0.094311,0,0.0835207,0,0.0754915,0,0.0750601
TINT_30,150,black,solid,0.05,#bababa,0.05,0.270588,0,0.0392618,0.145098,1.09023,1.94078,0.0132966,0,0.0585786,0,0.0592837,0,0.0592497
TINT_30,150,black,solid,0.1,#bababa,0.1,0.270588,0,0.113541,0.419608,1.29546,1.94078,0.0265543,0,0.0608934,0,0.0594257,0,0.0593345
TINT_30,150,black,solid,0.18,#bababa,0.18,0.270588,1,0.270588,1,1.94078,1.94078,0.0458196,0.0496614,0.103097,0,0.0591956,0,0.0600825
TINT_30,150,black,solid,0.25,#bababa,0.25,0.270588,1,0.270588,1,1.94078,1.94078,0.0571528,0.12754,0.117203,0,0.0600509,0,0.0595957
TINT_30,150,black,solid,0.35,#bababa,0.35,0.270588,1,0.270588,1,1.94078,1.94078,0.0914725,0.602709,0.157363,0.00225734,0.0636485,0,0.0593238
TINT_30,150,black,solid,0.5,#bababa,0.5,0.270588,1,0.270588,1,1.94078,1.94078,0.138305,0.985327,0.203226,0.0440181,0.0973684,0,0.0595267
TINT_30,150,black,solid,0.75,#bababa,0.75,0.270588,1,0.270588,1,1.94078,1.94078,0.206611,1,0.232183,0.529345,0.152063,0.00112867,0.0678173
TINT_30,150,black,dashed,0.05,#bababa,0.05,0.270588,0,0.0742484,0.274396,1.18137,1.94078,0.0132342,0,0.0596872,0,0.059827,0,0.0591616
TINT_30,150,black,dashed,0.1,#bababa,0.1,0.270588,0,0.13321,0.492299,1.35825,1.94078,0.0278798,0,0.0590999,0,0.0594759,0,0.0589818
TINT_30,150,black,dashed,0.18,#bababa,0.18,0.270588,1,0.203737,0.752941,1.62237,1.94078,0.0578325,0.00470588,0.0791241,0,0.0592255,0,0.0583988
TINT_30,150,black,dashed,0.25,#bababa,0.25,0.270588,1,0.203737,0.752941,1.62237,1.94078,0.0689989,0.0282353,0.104616,0,0.0596682,0,0.0584435
TINT_30,150,black,dashed,0.35,#bababa,0.35,0.270588,1,0.270588,1,1.94078,1.94078,0.0916523,0.637647,0.160279,0.00470588,0.0634128,0,0.0595862
TINT_30,150,black,dashed,0.5,#bababa,0.5,0.270588,1,0.270588,1,1.94078,1.94078,0.137459,0.997647,0.214087,0.2,0.120281,0,0.0600011
TINT_30,150,black,dashed,0.75,#bababa,0.75,0.270588,1,0.270588,1,1.94078,1.94078,0.206611,1,0.231924,0.52,0.151527,0.00235294,0.0652515
TINT_30,150,guide_grey,solid,0.05,#e2e2e2,0.05,0.113725,0,0.0157631,0.138607,1.0348,1.29546,0.00533584,0,0.0588983,0,0.0593407,0,0.0593731
TINT_30,150,guide_grey,solid,0.1,#e2e2e2,0.1,0.113725,0,0.0437062,0.384313,1.09987,1.29546,0.0113279,0,0.0596067,0,0.0598063,0,0.0597838
TINT_30,150,guide_grey,solid,0.18,#e2e2e2,0.18,0.113725,0,0.113725,0.999999,1.29546,1.29546,0.0239241,0,0.060625,0,0.0586674,0,0.0605536
TINT_30,150,guide_grey,solid,0.25,#e2e2e2,0.25,0.113725,0,0.113725,0.999999,1.29546,1.29546,0.0285907,0,0.0591815,0,0.0595502,0,0.0594261
TINT_30,150,guide_grey,solid,0.35,#e2e2e2,0.35,0.113725,0,0.113725,0.999999,1.29546,1.29546,0.0383484,0,0.0597172,0,0.0597607,0,0.0586326
TINT_30,150,guide_grey,solid,0.5,#e2e2e2,0.5,0.113725,0,0.113725,0.999999,1.29546,1.29546,0.0585147,0,0.0603755,0,0.0595365,0,0.0600549
TINT_30,150,guide_grey,solid,0.75,#e2e2e2,0.75,0.113725,0,0.113725,0.999999,1.29546,1.29546,0.0870299,0,0.0613261,0,0.0593499,0,0.0601283
TINT_30,150,guide_grey,dashed,0.05,#e2e2e2,0.05,0.113725,0,0.0309112,0.271805,1.07131,1.29546,0.00589054,0,0.0603064,0,0.0588763,0,0.0596715
TINT_30,150,guide_grey,dashed,0.1,#e2e2e2,0.1,0.113725,0,0.0584238,0.513726,1.13961,1.29546,0.0112056,0,0.0607338,0,0.0595053,0,0.0609766
TINT_30,150,guide_grey,dashed,0.18,#e2e2e2,0.18,0.113725,0,0.0856286,0.752941,1.21409,1.29546,0.0191664,0,0.0594599,0,0.0590025,0,0.0604817
TINT_30,150,guide_grey,dashed,0.25,#e2e2e2,0.25,0.113725,0,0.0856286,0.752941,1.21409,1.29546,0.0289995,0,0.0602368,0,0.0601965,0,0.059771
TINT_30,150,guide_grey,dashed,0.35,#e2e2e2,0.35,0.113725,0,0.113725,0.999999,1.29546,1.29546,0.0384239,0,0.0585251,0,0.0586157,0,0.0596933
TINT_30,150,guide_grey,dashed,0.5,#e2e2e2,0.5,0.113725,0,0.113725,0.999999,1.29546,1.29546,0.0577725,0,0.0604419,0,0.0607744,0,0.0605882
TINT_30,150,guide_grey,dashed,0.75,#e2e2e2,0.75,0.113725,0,0.113725,0.999999,1.29546,1.29546,0.0822721,0,0.0615466,0,0.0601774,0,0.0588583
TINT_30,150,trace_grey,solid,0.05,#ededed,0.05,0.0705882,0,0.0120261,0.170369,1.02595,1.17073,0.00337233,0,0.059597,0,0.0590736,0,0.0582192
TINT_30,150,trace_grey,solid,0.1,#ededed,0.1,0.0705882,0,0.0238062,0.337255,1.05284,1.17073,0.00665615,0,0.0592964,0,0.0590727,0,0.0592754
TINT_30,150,trace_grey,solid,0.18,#ededed,0.18,0.0705882,0,0.0558094,0.790633,1.12949,1.17073,0.012117,0,0.0602672,0,0.0595202,0,0.0603814
TINT_30,150,trace_grey,solid,0.25,#ededed,0.25,0.0705882,0,0.0705883,1,1.17073,1.17073,0.0172862,0,0.0603801,0,0.0609196,0,0.0608604
TINT_30,150,trace_grey,solid,0.35,#ededed,0.35,0.0705882,0,0.0705883,1,1.17073,1.17073,0.02407,0,0.0596606,0,0.0597441,0,0.0590753
TINT_30,150,trace_grey,solid,0.5,#ededed,0.5,0.0705882,0,0.0705883,1,1.17073,1.17073,0.0359057,0,0.0593872,0,0.0602847,0,0.0598593
TINT_30,150,trace_grey,solid,0.75,#ededed,0.75,0.0705882,0,0.0705883,1,1.17073,1.17073,0.0504784,0,0.0587991,0,0.0587096,0,0.0588528
TINT_30,150,trace_grey,dashed,0.05,#ededed,0.05,0.0705882,0,0.0152557,0.216122,1.0348,1.17073,0.0025833,0,0.0586855,0,0.0607513,0,0.0600438
TINT_30,150,trace_grey,dashed,0.1,#ededed,0.1,0.0705882,0,0.0395848,0.560784,1.09023,1.17073,0.00735926,0,0.0588382,0,0.0599424,0,0.059357
TINT_30,150,trace_grey,dashed,0.18,#ededed,0.18,0.0705882,0,0.0561016,0.794772,1.12949,1.17073,0.0121665,0,0.0610458,0,0.057979,0,0.0606163
TINT_30,150,trace_grey,dashed,0.25,#ededed,0.25,0.0705882,0,0.0561016,0.794772,1.12949,1.17073,0.0189997,0,0.0604975,0,0.0582949,0,0.0593607
TINT_30,150,trace_grey,dashed,0.35,#ededed,0.35,0.0705882,0,0.0705883,1,1.17073,1.17073,0.0241194,0,0.0594475,0,0.0601787,0,0.0597726
TINT_30,150,trace_grey,dashed,0.5,#ededed,0.5,0.0705882,0,0.0705883,1,1.17073,1.17073,0.0334058,0,0.0595989,0,0.0609467,0,0.0612984
TINT_30,150,trace_grey,dashed,0.75,#ededed,0.75,0.0705882,0,0.0705883,1,1.17073,1.17073,0.0513586,0,0.0602019,0,0.0590791,0,0.0616632
TINT_30,300,black,solid,0.05,#bababa,0.05,0.270588,0,0.0818917,0.302643,1.20304,1.94078,0.013867,0,0.0677879,0,0.0679934,0,0.0679186
TINT_30,300,black,solid,0.1,#bababa,0.1,0.270588,1,0.270588,1,1.94078,1.94078,0.0285764,0,0.0680442,0,0.0688596,0,0.0686205
TINT_30,300,black,solid,0.18,#bababa,0.18,0.270588,1,0.270588,1,1.94078,1.94078,0.0514862,0.0248447,0.0997838,0,0.0676664,0,0.0676636
TINT_30,300,black,solid,0.25,#bababa,0.25,0.270588,1,0.270588,1,1.94078,1.94078,0.0686461,0.35799,0.141221,0,0.0683433,0,0.0678831
TINT_30,300,black,solid,0.35,#bababa,0.35,0.270588,1,0.270588,1,1.94078,1.94078,0.0975558,0.970638,0.190954,0.00112931,0.0758916,0,0.0678381
TINT_30,300,black,solid,0.5,#bababa,0.5,0.270588,1,0.270588,1,1.94078,1.94078,0.131709,1,0.224331,0.130999,0.119227,0.000564653,0.0683592
TINT_30,300,black,solid,0.75,#bababa,0.75,0.270588,1,0.270588,1,1.94078,1.94078,0.206188,1,0.245673,0.738566,0.16411,0,0.0743796
TINT_30,300,black,dashed,0.05,#bababa,0.05,0.270588,0,0.0904267,0.334186,1.22527,1.94078,0.0136651,0,0.0675224,0,0.0675962,0,0.0681113
TINT_30,300,black,dashed,0.1,#bababa,0.1,0.270588,1,0.270588,1,1.94078,1.94078,0.0285764,0,0.0678436,0,0.0684394,0,0.067139
TINT_30,300,black,dashed,0.18,#bababa,0.18,0.270588,1,0.270588,1,1.94078,1.94078,0.0458261,0.00470588,0.082583,0,0.0681938,0,0.0692413
TINT_30,300,black,dashed,0.25,#bababa,0.25,0.270588,1,0.270588,1,1.94078,1.94078,0.0687359,0.371765,0.142074,0,0.068868,0,0.0681258
TINT_30,300,black,dashed,0.35,#bababa,0.35,0.270588,1,0.270588,1,1.94078,1.94078,0.0976457,0.969412,0.191636,0.00117647,0.0756759,0,0.0680018
TINT_30,300,black,dashed,0.5,#bababa,0.5,0.270588,1,0.270588,1,1.94078,1.94078,0.137459,1,0.228727,0.174118,0.123868,0,0.0675932
TINT_30,300,black,dashed,0.75,#bababa,0.75,0.270588,1,0.270588,1,1.94078,1.94078,0.206188,1,0.245639,0.758824,0.164964,0,0.0728677
TINT_30,300,guide_grey,solid,0.05,#e2e2e2,0.05,0.113725,0,0.0433679,0.381339,1.09987,1.29546,0.00600511,0,0.0677143,0.000564653,0.0678838,0,0.067977
TINT_30,300,guide_grey,solid,0.1,#e2e2e2,0.1,0.113725,0,0.113725,0.999999,1.29546,1.29546,0.011962,0,0.068078,0,0.0681815,0,0.067998
TINT_30,300,guide_grey,solid,0.18,#e2e2e2,0.18,0.113725,0,0.113725,0.999999,1.29546,1.29546,0.0191742,0,0.0682268,0,0.06785,0,0.0681803
TINT_30,300,guide_grey,solid,0.25,#e2e2e2,0.25,0.113725,0,0.113725,0.999999,1.29546,1.29546,0.0265907,0,0.0681039,0,0.0682502,0,0.0684334
TINT_30,300,guide_grey,solid,0.35,#e2e2e2,0.35,0.113725,0,0.113725,0.999999,1.29546,1.29546,0.0388861,0,0.0677542,0,0.0680146,0,0.0679765
TINT_30,300,guide_grey,solid,0.5,#e2e2e2,0.5,0.113725,0,0.113725,0.999999,1.29546,1.29546,0.0577725,0,0.0684423,0,0.0684635,0,0.0677645
TINT_30,300,guide_grey,solid,0.75,#e2e2e2,0.75,0.113725,0,0.113725,0.999999,1.29546,1.29546,0.0842421,0,0.0704256,0,0.067911,0,0.0683775
TINT_30,300,guide_grey,dashed,0.05,#e2e2e2,0.05,0.113725,0,0.0475201,0.417849,1.10962,1.29546,0.00570043,0,0.0682167,0,0.0686555,0,0.0677504
TINT_30,300,guide_grey,dashed,0.1,#e2e2e2,0.1,0.113725,0,0.0856286,0.752941,1.21409,1.29546,0.00958318,0,0.0679751,0,0.0676312,0,0.0678384
TINT_30,300,guide_grey,dashed,0.18,#e2e2e2,0.18,0.113725,0,0.113725,0.999999,1.29546,1.29546,0.0218786,0,0.0691558,0,0.068829,0,0.067444
TINT_30,300,guide_grey,dashed,0.25,#e2e2e2,0.25,0.113725,0,0.113725,0.999999,1.29546,1.29546,0.0292573,0,0.0677988,0,0.0680763,0,0.0672595
TINT_30,300,guide_grey,dashed,0.35,#e2e2e2,0.35,0.113725,0,0.113725,0.999999,1.29546,1.29546,0.0388861,0,0.0688508,0,0.0676332,0,0.0681911
TINT_30,300,guide_grey,dashed,0.5,#e2e2e2,0.5,0.113725,0,0.113725,0.999999,1.29546,1.29546,0.0553937,0,0.068588,0,0.0682503,0,0.0686024
TINT_30,300,guide_grey,dashed,0.75,#e2e2e2,0.75,0.113725,0,0.113725,0.999999,1.29546,1.29546,0.0842799,0,0.070917,0,0.0680786,0,0.0681499
TINT_30,300,trace_grey,solid,0.05,#ededed,0.05,0.0705882,0,0.0353709,0.501088,1.08071,1.17073,0.00399733,0,0.0679229,0,0.0678911,0,0.0677853
TINT_30,300,trace_grey,solid,0.1,#ededed,0.1,0.0705882,0,0.0558094,0.790633,1.12949,1.17073,0.00772515,0,0.0682442,0,0.068216,0,0.0674759
TINT_30,300,trace_grey,solid,0.18,#ededed,0.18,0.0705882,0,0.0705883,1,1.17073,1.17073,0.0137016,0,0.0680116,0,0.0678325,0,0.0684424
TINT_30,300,trace_grey,solid,0.25,#ededed,0.25,0.0705882,0,0.0705883,1,1.17073,1.17073,0.0179529,0,0.0686672,0,0.0678565,0,0.0681109
TINT_30,300,trace_grey,solid,0.35,#ededed,0.35,0.0705882,0,0.0705883,1,1.17073,1.17073,0.0256546,0,0.0688961,0,0.0682823,0,0.0685107
TINT_30,300,trace_grey,solid,0.5,#ededed,0.5,0.0705882,0,0.0705883,1,1.17073,1.17073,0.0346076,0,0.0686794,0,0.0678137,0,0.0675426
TINT_30,300,trace_grey,solid,0.75,#ededed,0.75,0.0705882,0,0.0705883,1,1.17073,1.17073,0.0538703,0,0.0685344,0,0.0690235,0,0.0675806
TINT_30,300,trace_grey,dashed,0.05,#ededed,0.05,0.0705882,0,0.0362322,0.51329,1.08071,1.17073,0.00371869,0,0.0679899,0,0.0677629,0,0.0675544
TINT_30,300,trace_grey,dashed,0.1,#ededed,0.1,0.0705882,0,0.0561016,0.794772,1.12949,1.17073,0.00774989,0,0.0691725,0,0.0670533,0,0.0681407
TINT_30,300,trace_grey,dashed,0.18,#ededed,0.18,0.0705882,0,0.0705883,1,1.17073,1.17073,0.0119764,0,0.0684063,0,0.0675459,0,0.0687451
TINT_30,300,trace_grey,dashed,0.25,#ededed,0.25,0.0705882,0,0.0705883,1,1.17073,1.17073,0.0179529,0,0.0680618,0,0.0673987,0,0.0690573
TINT_30,300,trace_grey,dashed,0.35,#ededed,0.35,0.0705882,0,0.0705883,1,1.17073,1.17073,0.0256793,0,0.0684763,0,0.0679954,0,0.0685737
TINT_30,300,trace_grey,dashed,0.5,#ededed,0.5,0.0705882,0,0.0705883,1,1.17073,1.17073,0.0359656,0,0.0684661,0,0.0668512,0,0.0692146
TINT_30,300,trace_grey,dashed,0.75,#ededed,0.75,0.0705882,0,0.0705883,1,1.17073,1.17073,0.0521451,0,0.0680247,0,0.0672277,0,0.0683525
TINT_30,600,black,solid,0.05,#bababa,0.05,0.270588,1,0.270588,1,1.94078,1.94078,0.0114549,0,0.0757515,0,0.0757961,0,0.0754208
TINT_30,600,black,solid,0.1,#bababa,0.1,0.270588,1,0.270588,1,1.94078,1.94078,0.0258681,0,0.0755894,0,0.0753324,0,0.0755951
TINT_30,600,black,solid,0.18,#bababa,0.18,0.270588,1,0.270588,1,1.94078,1.94078,0.0486529,0.0310471,0.106134,0,0.0754449,0,0.0752444
TINT_30,600,black,solid,0.25,#bababa,0.25,0.270588,1,0.270588,1,1.94078,1.94078,0.0687294,0.716342,0.162337,0,0.0754824,0,0.0762203
TINT_30,600,black,solid,0.35,#bababa,0.35,0.270588,1,0.270588,1,1.94078,1.94078,0.0944725,0.999436,0.205499,0.000564493,0.0837451,0,0.0756168
TINT_30,600,black,solid,0.5,#bababa,0.5,0.270588,1,0.270588,1,1.94078,1.94078,0.13467,1,0.237742,0.220999,0.133705,0,0.0755344
TINT_30,600,black,solid,0.75,#bababa,0.75,0.270588,1,0.270588,1,1.94078,1.94078,0.2034,1,0.256557,0.918431,0.172835,0.00084674,0.0813979
TINT_30,600,black,dashed,0.05,#bababa,0.05,0.270588,1,0.203737,0.752941,1.62237,1.94078,0.0114582,0,0.07521,0,0.0758516,0,0.0757561
TINT_30,600,black,dashed,0.1,#bababa,0.1,0.270588,1,0.270588,1,1.94078,1.94078,0.0285764,0,0.0758815,0,0.0753165,0,0.0751021
TINT_30,600,black,dashed,0.18,#bababa,0.18,0.270588,1,0.270588,1,1.94078,1.94078,0.0486529,0.0329218,0.104975,0,0.0753977,0,0.0753717
TINT_30,600,black,dashed,0.25,#bababa,0.25,0.270588,1,0.270588,1,1.94078,1.94078,0.0659411,0.577895,0.153744,0,0.0755711,0,0.0745881
TINT_30,600,black,dashed,0.35,#bababa,0.35,0.270588,1,0.270588,1,1.94078,1.94078,0.0946425,0.999412,0.205865,0.00176367,0.0837105,0,0.0755887
TINT_30,600,black,dashed,0.5,#bababa,0.5,0.270588,1,0.270588,1,1.94078,1.94078,0.13467,1,0.237681,0.222222,0.13284,0,0.0761505
TINT_30,600,black,dashed,0.75,#bababa,0.75,0.270588,1,0.270588,1,1.94078,1.94078,0.203358,1,0.256568,0.914168,0.173439,0,0.0809629
TINT_30,600,guide_grey,solid,0.05,#e2e2e2,0.05,0.113725,0,0.0851827,0.74902,1.21409,1.29546,0.00610603,0,0.0756728,0,0.0757957,0,0.0760577
TINT_30,600,guide_grey,solid,0.1,#e2e2e2,0.1,0.113725,0,0.113725,0.999999,1.29546,1.29546,0.0121287,0,0.0758822,0,0.0759812,0,0.0754296
TINT_30,600,guide_grey,solid,0.18,#e2e2e2,0.18,0.113725,0,0.113725,0.999999,1.29546,1.29546,0.0205492,0,0.0755467,0.000282247,0.0761082,0,0.0757684
TINT_30,600,guide_grey,solid,0.25,#e2e2e2,0.25,0.113725,0,0.113725,0.999999,1.29546,1.29546,0.0277385,0,0.0757525,0,0.0754862,0,0.0751805
TINT_30,600,guide_grey,solid,0.35,#e2e2e2,0.35,0.113725,0,0.113725,0.999999,1.29546,1.29546,0.0396817,0,0.0758786,0,0.0758766,0,0.0755726
TINT_30,600,guide_grey,solid,0.5,#e2e2e2,0.5,0.113725,0,0.113725,0.999999,1.29546,1.29546,0.0577725,0,0.0763921,0,0.0755392,0,0.0758954
TINT_30,600,guide_grey,solid,0.75,#e2e2e2,0.75,0.113725,0,0.113725,0.999999,1.29546,1.29546,0.0854505,0.000564493,0.0779797,0,0.075691,0,0.0752258
TINT_30,600,guide_grey,dashed,0.05,#e2e2e2,0.05,0.113725,0,0.113725,0.999999,1.29546,1.29546,0.00598102,0,0.0749707,0,0.0757008,0,0.0760464
TINT_30,600,guide_grey,dashed,0.1,#e2e2e2,0.1,0.113725,0,0.113725,0.999999,1.29546,1.29546,0.0109393,0,0.0757407,0,0.0744497,0,0.0752531
TINT_30,600,guide_grey,dashed,0.18,#e2e2e2,0.18,0.113725,0,0.113725,0.999999,1.29546,1.29546,0.0204242,0,0.0757214,0,0.0760449,0,0.0752447
TINT_30,600,guide_grey,dashed,0.25,#e2e2e2,0.25,0.113725,0,0.113725,0.999999,1.29546,1.29546,0.0288863,0,0.0753354,0,0.075385,0,0.0751758
TINT_30,600,guide_grey,dashed,0.35,#e2e2e2,0.35,0.113725,0,0.113725,0.999999,1.29546,1.29546,0.0396817,0,0.0756831,0,0.0767085,0,0.0751724
TINT_30,600,guide_grey,dashed,0.5,#e2e2e2,0.5,0.113725,0,0.113725,0.999999,1.29546,1.29546,0.0566247,0,0.0763266,0,0.0762718,0,0.0754088
TINT_30,600,guide_grey,dashed,0.75,#e2e2e2,0.75,0.113725,0,0.113725,0.999999,1.29546,1.29546,0.0841777,0,0.0778884,0,0.0758212,0,0.0754015
TINT_30,600,trace_grey,solid,0.05,#ededed,0.05,0.0705882,0,0.0705883,1,1.17073,1.17073,0.00365489,0,0.0756756,0,0.0757769,0,0.0755497
TINT_30,600,trace_grey,solid,0.1,#ededed,0.1,0.0705882,0,0.0705883,1,1.17073,1.17073,0.00664313,0,0.0755726,0,0.0755197,0,0.0755099
TINT_30,600,trace_grey,solid,0.18,#ededed,0.18,0.0705882,0,0.0705883,1,1.17073,1.17073,0.0126196,0,0.0759262,0,0.076013,0,0.075874
TINT_30,600,trace_grey,solid,0.25,#ededed,0.25,0.0705882,0,0.0705883,1,1.17073,1.17073,0.0179704,0,0.0761462,0,0.0754133,0,0.0759231
TINT_30,600,trace_grey,solid,0.35,#ededed,0.35,0.0705882,0,0.0705883,1,1.17073,1.17073,0.0247802,0,0.0755813,0,0.0757865,0,0.0753118
TINT_30,600,trace_grey,solid,0.5,#ededed,0.5,0.0705882,0,0.0705883,1,1.17073,1.17073,0.0350373,0,0.075656,0,0.0754063,0,0.0760749
TINT_30,600,trace_grey,solid,0.75,#ededed,0.75,0.0705882,0,0.0705883,1,1.17073,1.17073,0.0531626,0,0.0761009,0,0.0755657,0,0.0757983
TINT_30,600,trace_grey,dashed,0.05,#ededed,0.05,0.0705882,0,0.0354325,0.501961,1.08071,1.17073,0.00299995,0,0.0752784,0,0.0751517,0,0.0751851
TINT_30,600,trace_grey,dashed,0.1,#ededed,0.1,0.0705882,0,0.0705883,1,1.17073,1.17073,0.00664313,0,0.0756739,0,0.0762563,0.000587889,0.075345
TINT_30,600,trace_grey,dashed,0.18,#ededed,0.18,0.0705882,0,0.0705883,1,1.17073,1.17073,0.0128397,0,0.0754294,0,0.0760173,0,0.0759955
TINT_30,600,trace_grey,dashed,0.25,#ededed,0.25,0.0705882,0,0.0705883,1,1.17073,1.17073,0.0179411,0,0.0760542,0,0.0758778,0,0.0754713
TINT_30,600,trace_grey,dashed,0.35,#ededed,0.35,0.0705882,0,0.0705883,1,1.17073,1.17073,0.0254059,0.000587889,0.0751184,0,0.0753202,0,0.0743741
TINT_30,600,trace_grey,dashed,0.5,#ededed,0.5,0.0705882,0,0.0705883,1,1.17073,1.17073,0.0352456,0,0.0750153,0,0.0755755,0,0.0754247
TINT_30,600,trace_grey,dashed,0.75,#ededed,0.75,0.0705882,0,0.0705883,1,1.17073,1.17073,0.053175,0,0.0755447,0,0.0754915,0,0.0750601
GRAYSCALE,150,black,solid,0.05,#1a1a1a,0.05,0.898039,0,0.129166,0.143831,1.34536,17.4043,0.0437441,0,0.0597912,0,0.0592837,0,0.0592497
GRAYSCALE,150,black,solid,0.1,#1a1a1a,0.1,0.898039,1,0.380115,0.423272,2.67916,17.4043,0.0896314,0.995485,0.226095,0.0349887,0.0871179,0,0.0593823
GRAYSCALE,150,black,solid,0.18,#1a1a1a,0.18,0.898039,1,0.898039,1,17.4043,17.4043,0.152068,1,0.631571,1,0.430901,0.998871,0.258386
GRAYSCALE,150,black,solid,0.25,#1a1a1a,0.25,0.898039,1,0.898039,1,17.4043,17.4043,0.190567,1,0.678076,1,0.50929,1,0.358788
GRAYSCALE,150,black,solid,0.35,#1a1a1a,0.35,0.898039,1,0.898039,1,17.4043,17.4043,0.304967,1,0.812424,1,0.736188,1,0.659868
GRAYSCALE,150,black,solid,0.5,#1a1a1a,0.5,0.898039,1,0.898039,1,17.4043,17.4043,0.4568,1,0.921791,1,0.926115,1,0.928733
GRAYSCALE,150,black,solid,0.75,#1a1a1a,0.75,0.898039,1,0.898039,1,17.4043,17.4043,0.684604,1,1,1,1,1,1
GRAYSCALE,150,black,dashed,0.05,#1a1a1a,0.05,0.898039,1,0.251134,0.279647,1.83889,17.4043,0.0438535,0.0258824,0.0885658,0,0.059827,0,0.0591616
GRAYSCALE,150,black,dashed,0.1,#1a1a1a,0.1,0.898039,1,0.431526,0.480521,3.15175,17.4043,0.0903528,1,0.261725,0.122353,0.104595,0,0.0589967
GRAYSCALE,150,black,dashed,0.18,#1a1a1a,0.18,0.898039,1,0.679123,0.756229,7.81388,17.4043,0.19133,1,0.534611,1,0.407827,1,0.283737
GRAYSCALE,150,black,dashed,0.25,#1a1a1a,0.25,0.898039,1,0.679123,0.756229,7.81388,17.4043,0.229996,1,0.600446,1,0.503501,1,0.405239
GRAYSCALE,150,black,dashed,0.35,#1a1a1a,0.35,0.898039,1,0.898039,1,17.4043,17.4043,0.305566,1,0.813898,1,0.737888,1,0.657572
GRAYSCALE,150,black,dashed,0.5,#1a1a1a,0.5,0.898039,1,0.898039,1,17.4043,17.4043,0.456204,1,0.992904,1,0.99719,1,0.99848
GRAYSCALE,150,black,dashed,0.75,#1a1a1a,0.75,0.898039,1,0.898039,1,17.4043,17.4043,0.684604,1,1,1,1,1,1
GRAYSCALE,150,guide_grey,solid,0.05,#9e9e9e,0.05,0.380392,0,0.058639,0.154154,1.13961,2.67916,0.0179294,0,0.0588983,0,0.0593407,0,0.0593731
GRAYSCALE,150,guide_grey,solid,0.1,#9e9e9e,0.1,0.380392,0,0.144683,0.380352,1.39795,2.67916,0.0377703,0,0.0603904,0,0.0598063,0,0.0597838
GRAYSCALE,150,guide_grey,solid,0.18,#9e9e9e,0.18,0.380392,1,0.380392,1,2.67916,2.67916,0.0804128,0.98307,0.21454,0.00112867,0.0737405,0,0.0605536
GRAYSCALE,150,guide_grey,solid,0.25,#9e9e9e,0.25,0.380392,1,0.380392,1,2.67916,2.67916,0.0964126,0.996614,0.233188,0.0327314,0.0878034,0,0.0594261
GRAYSCALE,150,guide_grey,solid,0.35,#9e9e9e,0.35,0.380392,1,0.380392,1,2.67916,2.67916,0.128659,1,0.272432,0.518059,0.151773,0.00112867,0.0616181
GRAYSCALE,150,guide_grey,solid,0.5,#9e9e9e,0.5,0.380392,1,0.380392,1,2.67916,2.67916,0.194158,1,0.327541,0.998871,0.241608,0.360045,0.136303
GRAYSCALE,150,guide_grey,solid,0.75,#9e9e9e,0.75,0.380392,1,0.380392,1,2.67916,2.67916,0.290318,1,0.367546,1,0.31997,1,0.250164
GRAYSCALE,150,guide_grey,dashed,0.05,#9e9e9e,0.05,0.380392,0,0.102007,0.268162,1.25969,2.67916,0.0192601,0,0.0603064,0,0.0588763,0,0.0596715
GRAYSCALE,150,guide_grey,dashed,0.1,#9e9e9e,0.1,0.380392,1,0.195417,0.513726,1.58972,2.67916,0.0377312,0,0.0668062,0,0.0595053,0,0.0609766
GRAYSCALE,150,guide_grey,dashed,0.18,#9e9e9e,0.18,0.380392,1,0.286413,0.752941,2.02787,2.67916,0.064499,0.317647,0.13651,0,0.0597417,0,0.0604817
GRAYSCALE,150,guide_grey,dashed,0.25,#9e9e9e,0.25,0.380392,1,0.286413,0.752941,2.02787,2.67916,0.0969985,0.957647,0.189936,0.00470588,0.0801796,0,0.059771
GRAYSCALE,150,guide_grey,dashed,0.35,#9e9e9e,0.35,0.380392,1,0.380392,1,2.67916,2.67916,0.128912,1,0.26944,0.524706,0.151999,0,0.0625188
GRAYSCALE,150,guide_grey,dashed,0.5,#9e9e9e,0.5,0.380392,1,0.380392,1,2.67916,2.67916,0.193239,1,0.350497,1,0.277326,0.776471,0.17902
GRAYSCALE,150,guide_grey,dashed,0.75,#9e9e9e,0.75,0.380392,1,0.380392,1,2.67916,2.67916,0.274405,1,0.357612,1,0.303601,0.990588,0.228179
GRAYSCALE,150,trace_grey,solid,0.05,#c4c4c4,0.05,0.231373,0,0.0431526,0.186507,1.09987,1.74415,0.0113149,0,0.059597,0,0.0590736,0,0.0582192
GRAYSCALE,150,trace_grey,solid,0.1,#c4c4c4,0.1,0.231373,0,0.0780316,0.337255,1.19214,1.74415,0.023221,0,0.0592964,0,0.0590727,0,0.0592754
GRAYSCALE,150,trace_grey,solid,0.18,#c4c4c4,0.18,0.231373,1,0.173303,0.74902,1.49699,1.74415,0.0393457,0,0.0631676,0,0.0595202,0,0.0603814
GRAYSCALE,150,trace_grey,solid,0.25,#c4c4c4,0.25,0.231373,1,0.231373,1,1.74415,1.74415,0.0591788,0.0316027,0.0947056,0,0.0609196,0,0.0608604
GRAYSCALE,150,trace_grey,solid,0.35,#c4c4c4,0.35,0.231373,1,0.231373,1,1.74415,1.74415,0.0785248,0.111738,0.119163,0,0.0599507,0,0.0590753
GRAYSCALE,150,trace_grey,solid,0.5,#c4c4c4,0.5,0.231373,1,0.231373,1,1.74415,1.74415,0.118358,0.606095,0.156046,0.00112867,0.0657742,0,0.0598593
GRAYSCALE,150,trace_grey,solid,0.75,#c4c4c4,0.75,0.231373,1,0.231373,1,1.74415,1.74415,0.166716,0.919865,0.180984,0.0282167,0.0900827,0,0.0588656
GRAYSCALE,150,trace_grey,dashed,0.05,#c4c4c4,0.05,0.231373,0,0.0553018,0.239016,1.12949,1.74415,0.0106821,0,0.0586855,0,0.0607513,0,0.0600438
GRAYSCALE,150,trace_grey,dashed,0.1,#c4c4c4,0.1,0.231373,0,0.12975,0.560784,1.34536,1.74415,0.0233017,0,0.0588382,0,0.0599424,0,0.059357
GRAYSCALE,150,trace_grey,dashed,0.18,#c4c4c4,0.18,0.231373,1,0.177163,0.765703,1.51192,1.74415,0.0399994,0,0.0648194,0,0.057979,0,0.0606163
GRAYSCALE,150,trace_grey,dashed,0.25,#c4c4c4,0.25,0.231373,1,0.177163,0.765703,1.51192,1.74415,0.0599991,0,0.0799064,0,0.0582949,0,0.0593607
GRAYSCALE,150,trace_grey,dashed,0.35,#c4c4c4,0.35,0.231373,1,0.231373,1,1.74415,1.74415,0.0791785,0.12,0.11924,0,0.0608533,0,0.0597726
GRAYSCALE,150,trace_grey,dashed,0.5,#c4c4c4,0.5,0.231373,1,0.231373,1,1.74415,1.74415,0.108358,0.6,0.155679,0,0.0663589,0,0.0612984
GRAYSCALE,150,trace_grey,dashed,0.75,#c4c4c4,0.75,0.231373,1,0.231373,1,1.74415,1.74415,0.167536,0.908235,0.175459,0.0141176,0.0863258,0,0.0616632
GRAYSCALE,300,black,solid,0.05,#1a1a1a,0.05,0.898039,1,0.266436,0.296686,1.9198,17.4043,0.0451165,0.00846979,0.0865639,0,0.0679934,0,0.0679186
GRAYSCALE,300,black,solid,0.1,#1a1a1a,0.1,0.898039,1,0.898039,1,17.4043,17.4043,0.0952837,1,0.321791,0.32524,0.137903,0,0.0686205
GRAYSCALE,300,black,solid,0.18,#1a1a1a,0.18,0.898039,1,0.898039,1,17.4043,17.4043,0.171318,1,0.58806,1,0.412923,1,0.272237
GRAYSCALE,300,black,solid,0.25,#1a1a1a,0.25,0.898039,1,0.898039,1,17.4043,17.4043,0.228517,1,0.740655,1,0.586753,1,0.465008
GRAYSCALE,300,black,solid,0.35,#1a1a1a,0.35,0.898039,1,0.898039,1,17.4043,17.4043,0.323468,1,0.896676,1,0.818917,1,0.742677
GRAYSCALE,300,black,solid,0.5,#1a1a1a,0.5,0.898039,1,0.898039,1,17.4043,17.4043,0.43737,1,0.984814,1,0.99767,1,0.987873
GRAYSCALE,300,black,solid,0.75,#1a1a1a,0.75,0.898039,1,0.898039,1,17.4043,17.4043,0.684306,1,1,1,1,1,1
GRAYSCALE,300,black,dashed,0.05,#1a1a1a,0.05,0.898039,1,0.298408,0.332289,2.0967,17.4043,0.0448157,0.00588235,0.0863446,0,0.0675962,0,0.0681113
GRAYSCALE,300,black,dashed,0.1,#1a1a1a,0.1,0.898039,1,0.898039,1,17.4043,17.4043,0.0952837,1,0.320324,0.324706,0.13624,0,0.067139
GRAYSCALE,300,black,dashed,0.18,#1a1a1a,0.18,0.898039,1,0.898039,1,17.4043,17.4043,0.152783,1,0.521092,1,0.344242,0.958824,0.197827
GRAYSCALE,300,black,dashed,0.25,#1a1a1a,0.25,0.898039,1,0.898039,1,17.4043,17.4043,0.228817,1,0.741904,1,0.585392,1,0.45838
GRAYSCALE,300,black,dashed,0.35,#1a1a1a,0.35,0.898039,1,0.898039,1,17.4043,17.4043,0.323767,1,0.897231,1,0.818736,1,0.741598
GRAYSCALE,300,black,dashed,0.5,#1a1a1a,0.5,0.898039,1,0.898039,1,17.4043,17.4043,0.456204,1,0.997383,1,1,1,1
GRAYSCALE,300,black,dashed,0.75,#1a1a1a,0.75,0.898039,1,0.898039,1,17.4043,17.4043,0.684306,1,1,1,1,1,1
GRAYSCALE,300,guide_grey,solid,0.05,#9e9e9e,0.05,0.380392,0,0.141669,0.372428,1.38454,2.67916,0.0192862,0,0.0677143,0.000564653,0.0678838,0,0.067977
GRAYSCALE,300,guide_grey,solid,0.1,#9e9e9e,0.1,0.380392,1,0.380392,1,2.67916,2.67916,0.0402064,0.00225861,0.077783,0,0.0681815,0,0.067998
GRAYSCALE,300,guide_grey,solid,0.18,#9e9e9e,0.18,0.380392,1,0.380392,1,2.67916,2.67916,0.0643297,0.556183,0.153403,0,0.067882,0,0.0681803
GRAYSCALE,300,guide_grey,solid,0.25,#9e9e9e,0.25,0.380392,1,0.380392,1,2.67916,2.67916,0.088746,0.999435,0.223096,0.00451722,0.0826175,0,0.0684334
GRAYSCALE,300,guide_grey,solid,0.35,#9e9e9e,0.35,0.380392,1,0.380392,1,2.67916,2.67916,0.129286,1,0.302749,0.839074,0.177174,0,0.0705001
GRAYSCALE,300,guide_grey,solid,0.5,#9e9e9e,0.5,0.380392,1,0.380392,1,2.67916,2.67916,0.193239,1,0.360914,1,0.28194,0.824393,0.175808
GRAYSCALE,300,guide_grey,solid,0.75,#9e9e9e,0.75,0.380392,1,0.380392,1,2.67916,2.67916,0.281776,1,0.3801,1,0.329454,1,0.258196
GRAYSCALE,300,guide_grey,dashed,0.05,#9e9e9e,0.05,0.380392,1,0.153649,0.403922,1.4253,2.67916,0.018639,0,0.0682167,0,0.0686555,0,0.0677504
GRAYSCALE,300,guide_grey,dashed,0.1,#9e9e9e,0.1,0.380392,1,0.286413,0.752941,2.02787,2.67916,0.0322495,0,0.0690209,0,0.0676312,0,0.0678384
GRAYSCALE,300,guide_grey,dashed,0.18,#9e9e9e,0.18,0.380392,1,0.380392,1,2.67916,2.67916,0.0727892,0.897647,0.181096,0,0.0695858,0,0.067444
GRAYSCALE,300,guide_grey,dashed,0.25,#9e9e9e,0.25,0.380392,1,0.380392,1,2.67916,2.67916,0.0970792,1,0.240992,0.0341176,0.0984674,0,0.0672595
GRAYSCALE,300,guide_grey,dashed,0.35,#9e9e9e,0.35,0.380392,1,0.380392,1,2.67916,2.67916,0.129286,1,0.301402,0.844706,0.176659,0,0.0701144
GRAYSCALE,300,guide_grey,dashed,0.5,#9e9e9e,0.5,0.380392,1,0.380392,1,2.67916,2.67916,0.185282,1,0.356132,1,0.269403,0.596471,0.156522
GRAYSCALE,300,guide_grey,dashed,0.75,#9e9e9e,0.75,0.380392,1,0.380392,1,2.67916,2.67916,0.281902,1,0.381783,1,0.328638,1,0.256634
GRAYSCALE,300,trace_grey,solid,0.05,#c4c4c4,0.05,0.231373,0,0.106113,0.458624,1.27146,1.74415,0.011992,0,0.0679229,0,0.0678911,0,0.0677853
GRAYSCALE,300,trace_grey,solid,0.1,#c4c4c4,0.1,0.231373,1,0.173303,0.74902,1.49699,1.74415,0.0246728,0,0.0682442,0,0.068216,0,0.0674759
GRAYSCALE,300,trace_grey,solid,0.18,#c4c4c4,0.18,0.231373,1,0.231373,1,1.74415,1.74415,0.0442623,0,0.0770166,0,0.0678325,0,0.0684424
GRAYSCALE,300,trace_grey,solid,0.25,#c4c4c4,0.25,0.231373,1,0.231373,1,1.74415,1.74415,0.0591788,0.0395257,0.103747,0,0.0678565,0,0.0681109
GRAYSCALE,300,trace_grey,solid,0.35,#c4c4c4,0.35,0.231373,1,0.231373,1,1.74415,1.74415,0.0834414,0.47939,0.148684,0,0.068391,0,0.0685107
GRAYSCALE,300,trace_grey,solid,0.5,#c4c4c4,0.5,0.231373,1,0.231373,1,1.74415,1.74415,0.112621,0.906832,0.176245,0.00112931,0.0757864,0,0.0675426
GRAYSCALE,300,trace_grey,solid,0.75,#c4c4c4,0.75,0.231373,1,0.231373,1,1.74415,1.74415,0.176389,0.997177,0.19601,0.025974,0.104016,0,0.0675806
GRAYSCALE,300,trace_grey,dashed,0.05,#c4c4c4,0.05,0.231373,0,0.114418,0.494517,1.29546,1.74415,0.011673,0,0.0679899,0,0.0677629,0,0.0675544
GRAYSCALE,300,trace_grey,dashed,0.1,#c4c4c4,0.1,0.231373,1,0.177163,0.765703,1.51192,1.74415,0.0249996,0,0.0691725,0,0.0670533,0,0.0681407
GRAYSCALE,300,trace_grey,dashed,0.18,#c4c4c4,0.18,0.231373,1,0.231373,1,1.74415,1.74415,0.0395892,0,0.071889,0,0.0675459,0,0.0687451
GRAYSCALE,300,trace_grey,dashed,0.25,#c4c4c4,0.25,0.231373,1,0.231373,1,1.74415,1.74415,0.0591788,0.0411765,0.105468,0,0.0673987,0,0.0690573
GRAYSCALE,300,trace_grey,dashed,0.35,#c4c4c4,0.35,0.231373,1,0.231373,1,1.74415,1.74415,0.0837682,0.488235,0.149327,0,0.068154,0,0.0685737
GRAYSCALE,300,trace_grey,dashed,0.5,#c4c4c4,0.5,0.231373,1,0.231373,1,1.74415,1.74415,0.117947,0.92,0.177861,0,0.0774418,0,0.0692146
GRAYSCALE,300,trace_grey,dashed,0.75,#c4c4c4,0.75,0.231373,1,0.231373,1,1.74415,1.74415,0.171716,0.991765,0.195929,0.0247059,0.101808,0,0.0683525
GRAYSCALE,600,black,solid,0.05,#1a1a1a,0.05,0.898039,1,0.898039,1,17.4043,17.4043,0.038017,0.00169348,0.0868829,0,0.0757961,0,0.0754208
GRAYSCALE,600,black,solid,0.1,#1a1a1a,0.1,0.898039,1,0.898039,1,17.4043,17.4043,0.0856999,1,0.290681,0.0683037,0.115016,0,0.0755951
GRAYSCALE,600,black,solid,0.18,#1a1a1a,0.18,0.898039,1,0.898039,1,17.4043,17.4043,0.161693,1,0.588985,1,0.40129,1,0.254906
GRAYSCALE,600,black,solid,0.25,#1a1a1a,0.25,0.898039,1,0.898039,1,17.4043,17.4043,0.228102,1,0.776804,1,0.616569,1,0.48957
GRAYSCALE,600,black,solid,0.35,#1a1a1a,0.35,0.898039,1,0.898039,1,17.4043,17.4043,0.313761,1,0.915718,1,0.825943,1,0.743123
GRAYSCALE,600,black,solid,0.5,#1a1a1a,0.5,0.898039,1,0.898039,1,17.4043,17.4043,0.446895,1,1,1,1,1,1
GRAYSCALE,600,black,solid,0.75,#1a1a1a,0.75,0.898039,1,0.898039,1,17.4043,17.4043,0.674997,1,1,1,1,1,1
GRAYSCALE,600,black,dashed,0.05,#1a1a1a,0.05,0.898039,1,0.679123,0.756229,7.81388,17.4043,0.0383744,0.00352734,0.0862765,0,0.0758516,0,0.0757561
GRAYSCALE,600,black,dashed,0.1,#1a1a1a,0.1,0.898039,1,0.898039,1,17.4043,17.4043,0.0952837,1,0.332479,0.522046,0.151314,0,0.0751021
GRAYSCALE,600,black,dashed,0.18,#1a1a1a,0.18,0.898039,1,0.898039,1,17.4043,17.4043,0.161693,1,0.587495,1,0.399028,1,0.253052
GRAYSCALE,600,black,dashed,0.25,#1a1a1a,0.25,0.898039,1,0.898039,1,17.4043,17.4043,0.218793,1,0.745406,1,0.582605,1,0.452146
GRAYSCALE,600,black,dashed,0.35,#1a1a1a,0.35,0.898039,1,0.898039,1,17.4043,17.4043,0.313952,1,0.911379,1,0.823357,1,0.738949
GRAYSCALE,600,black,dashed,0.5,#1a1a1a,0.5,0.898039,1,0.898039,1,17.4043,17.4043,0.446895,1,1,1,1,1,1
GRAYSCALE,600,black,dashed,0.75,#1a1a1a,0.75,0.898039,1,0.898039,1,17.4043,17.4043,0.675038,1,1,1,1,1,1
GRAYSCALE,600,guide_grey,solid,0.05,#9e9e9e,0.05,0.380392,1,0.284921,0.74902,2.02787,2.67916,0.0202282,0,0.0756728,0,0.0757957,0,0.0760577
GRAYSCALE,600,guide_grey,solid,0.1,#9e9e9e,0.1,0.380392,1,0.380392,1,2.67916,2.67916,0.0403731,0.00197573,0.0886124,0,0.0759812,0,0.0754296
GRAYSCALE,600,guide_grey,solid,0.18,#9e9e9e,0.18,0.380392,1,0.380392,1,2.67916,2.67916,0.068538,0.95851,0.185958,0.000282247,0.0763196,0,0.0757684
GRAYSCALE,600,guide_grey,solid,0.25,#9e9e9e,0.25,0.380392,1,0.380392,1,2.67916,2.67916,0.0926828,1,0.255444,0.0268134,0.10524,0,0.0751805
GRAYSCALE,600,guide_grey,solid,0.35,#9e9e9e,0.35,0.380392,1,0.380392,1,2.67916,2.67916,0.132826,1,0.328628,0.996613,0.203941,0.00141123,0.0820261
GRAYSCALE,600,guide_grey,solid,0.5,#9e9e9e,0.5,0.380392,1,0.380392,1,2.67916,2.67916,0.193239,1,0.372602,1,0.293486,0.971493,0.186376
GRAYSCALE,600,guide_grey,solid,0.75,#9e9e9e,0.75,0.380392,1,0.380392,1,2.67916,2.67916,0.285817,1,0.391619,1,0.341811,1,0.272834
GRAYSCALE,600,guide_grey,dashed,0.05,#9e9e9e,0.05,0.380392,1,0.380392,1,2.67916,2.67916,0.0201032,0,0.0749707,0,0.0757008,0,0.0760464
GRAYSCALE,600,guide_grey,dashed,0.1,#9e9e9e,0.1,0.380392,1,0.380392,1,2.67916,2.67916,0.0363946,0,0.0809568,0,0.0744497,0,0.0752531
GRAYSCALE,600,guide_grey,dashed,0.18,#9e9e9e,0.18,0.380392,1,0.380392,1,2.67916,2.67916,0.068413,0.96649,0.189149,0,0.0761876,0,0.0752447
GRAYSCALE,600,guide_grey,dashed,0.25,#9e9e9e,0.25,0.380392,1,0.380392,1,2.67916,2.67916,0.0966196,1,0.268607,0.0834803,0.118515,0,0.0751758
GRAYSCALE,600,guide_grey,dashed,0.35,#9e9e9e,0.35,0.380392,1,0.380392,1,2.67916,2.67916,0.132826,1,0.330415,0.995885,0.203508,0,0.0814667
GRAYSCALE,600,guide_grey,dashed,0.5,#9e9e9e,0.5,0.380392,1,0.380392,1,2.67916,2.67916,0.189302,1,0.369965,1,0.286433,0.91358,0.178226
GRAYSCALE,600,guide_grey,dashed,0.75,#9e9e9e,0.75,0.380392,1,0.380392,1,2.67916,2.67916,0.281755,1,0.391269,1,0.339912,1,0.270022
GRAYSCALE,600,trace_grey,solid,0.05,#c4c4c4,0.05,0.231373,1,0.231373,1,1.74415,1.74415,0.0122947,0,0.0756756,0,0.0757769,0,0.0755497
GRAYSCALE,600,trace_grey,solid,0.1,#c4c4c4,0.1,0.231373,1,0.231373,1,1.74415,1.74415,0.0220895,0,0.0755726,0,0.0755197,0,0.0755099
GRAYSCALE,600,trace_grey,solid,0.18,#c4c4c4,0.18,0.231373,1,0.231373,1,1.74415,1.74415,0.0416791,0.00225797,0.0845975,0,0.076013,0,0.075874
GRAYSCALE,600,trace_grey,solid,0.25,#c4c4c4,0.25,0.231373,1,0.231373,1,1.74415,1.74415,0.0588103,0.118826,0.122871,0,0.0754133,0,0.0759231
GRAYSCALE,600,trace_grey,solid,0.35,#c4c4c4,0.35,0.231373,1,0.231373,1,1.74415,1.74415,0.0808998,0.720294,0.161636,0,0.0758909,0,0.0753118
GRAYSCALE,600,trace_grey,solid,0.5,#c4c4c4,0.5,0.231373,1,0.231373,1,1.74415,1.74415,0.115242,0.991815,0.190419,0.00169348,0.0857893,0,0.0760749
GRAYSCALE,600,trace_grey,solid,0.75,#c4c4c4,0.75,0.231373,1,0.231373,1,1.74415,1.74415,0.173848,1,0.207794,0.045724,0.114915,0,0.0757983
GRAYSCALE,600,trace_grey,dashed,0.05,#c4c4c4,0.05,0.231373,0,0.118108,0.510468,1.30769,1.74415,0.00999984,0,0.0752784,0,0.0751517,0,0.0751851
GRAYSCALE,600,trace_grey,dashed,0.1,#c4c4c4,0.1,0.231373,1,0.231373,1,1.74415,1.74415,0.0220895,0,0.0756739,0,0.0762563,0.000587889,0.075345
GRAYSCALE,600,trace_grey,dashed,0.18,#c4c4c4,0.18,0.231373,1,0.231373,1,1.74415,1.74415,0.0418841,0.00176367,0.0850652,0,0.0760173,0,0.0759955
GRAYSCALE,600,trace_grey,dashed,0.25,#c4c4c4,0.25,0.231373,1,0.231373,1,1.74415,1.74415,0.0589737,0.131687,0.123294,0,0.0758778,0,0.0754713
GRAYSCALE,600,trace_grey,dashed,0.35,#c4c4c4,0.35,0.231373,1,0.231373,1,1.74415,1.74415,0.0833581,0.814227,0.167007,0,0.0756578,0,0.0743741
GRAYSCALE,600,trace_grey,dashed,0.5,#c4c4c4,0.5,0.231373,1,0.231373,1,1.74415,1.74415,0.115242,0.994121,0.191122,0.00117578,0.0864193,0,0.0754247
GRAYSCALE,600,trace_grey,dashed,0.75,#c4c4c4,0.75,0.231373,1,0.231373,1,1.74415,1.74415,0.174011,1,0.207312,0.0329218,0.113957,0,0.0750601
BW_THRESHOLD,150,black,solid,0.05,#1a1a1a,0.05,0.898039,0,0,0,1,17.4043,0,0,0.0585786,0,0.0592837,0,0.0592497
BW_THRESHOLD,150,black,solid,0.1,#1a1a1a,0.1,0.898039,0,0,0,1,17.4043,0,0,0.0608934,0,0.0594257,0,0.0593345
BW_THRESHOLD,150,black,solid,0.18,#1a1a1a,0.18,0.898039,1,1,1.11354,21,17.4043,0.169333,1,0.717494,1,0.51134,1,0.339441
BW_THRESHOLD,150,black,solid,0.25,#1a1a1a,0.25,0.898039,1,1,1.11354,21,17.4043,0.169333,1,0.718317,1,0.512598,1,0.339274
BW_THRESHOLD,150,black,solid,0.35,#1a1a1a,0.35,0.898039,1,1,1.11354,21,17.4043,0.338667,1,0.933738,1,0.866097,1,0.807514
BW_THRESHOLD,150,black,solid,0.5,#1a1a1a,0.5,0.898039,1,1,1.11354,21,17.4043,0.338667,1,0.9364,1,0.868229,1,0.807338
BW_THRESHOLD,150,black,solid,0.75,#1a1a1a,0.75,0.898039,1,1,1.11354,21,17.4043,0.677333,1,1,1,1,1,1
BW_THRESHOLD,150,black,dashed,0.05,#1a1a1a,0.05,0.898039,0,0,0,1,17.4043,0,0,0.0596872,0,0.059827,0,0.0591616
BW_THRESHOLD,150,black,dashed,0.1,#1a1a1a,0.1,0.898039,0,0,0,1,17.4043,0,0,0.0590999,0,0.0594759,0,0.0589818
BW_THRESHOLD,150,black,dashed,0.18,#1a1a1a,0.18,0.898039,1,1,1.11354,21,17.4043,0.169333,1,0.714821,1,0.508055,0.997647,0.331159
BW_THRESHOLD,150,black,dashed,0.25,#1a1a1a,0.25,0.898039,1,1,1.11354,21,17.4043,0.338667,1,0.935453,1,0.863386,1,0.801672
BW_THRESHOLD,150,black,dashed,0.35,#1a1a1a,0.35,0.898039,1,1,1.11354,21,17.4043,0.338667,1,0.934763,1,0.86746,1,0.805449
BW_THRESHOLD,150,black,dashed,0.5,#1a1a1a,0.5,0.898039,1,1,1.11354,21,17.4043,0.508,1,1,1,0.99774,1,0.999865
BW_THRESHOLD,150,black,dashed,0.75,#1a1a1a,0.75,0.898039,1,1,1.11354,21,17.4043,0.677333,1,1,1,1,1,1
BW_THRESHOLD,150,guide_grey,solid,0.05,#9e9e9e,0.05,0.380392,0,0,0,1,2.67916,0,0,0.0588983,0,0.0593407,0,0.0593731
BW_THRESHOLD,150,guide_grey,solid,0.1,#9e9e9e,0.1,0.380392,0,0,0,1,2.67916,0,0,0.0596067,0,0.0598063,0,0.0597838
BW_THRESHOLD,150,guide_grey,solid,0.18,#9e9e9e,0.18,0.380392,0,0,0,1,2.67916,0,0,0.060625,0,0.0586674,0,0.0605536
BW_THRESHOLD,150,guide_grey,solid,0.25,#9e9e9e,0.25,0.380392,0,0,0,1,2.67916,0,0,0.0591815,0,0.0595502,0,0.0594261
BW_THRESHOLD,150,guide_grey,solid,0.35,#9e9e9e,0.35,0.380392,0,0,0,1,2.67916,0,0,0.0597172,0,0.0597607,0,0.0586326
BW_THRESHOLD,150,guide_grey,solid,0.5,#9e9e9e,0.5,0.380392,0,0,0,1,2.67916,0,0,0.0598993,0,0.0595365,0,0.0600549
BW_THRESHOLD,150,guide_grey,solid,0.75,#9e9e9e,0.75,0.380392,0,0,0,1,2.67916,0,0,0.0589868,0,0.0593499,0,0.0601283
BW_THRESHOLD,150,guide_grey,dashed,0.05,#9e9e9e,0.05,0.380392,0,0,0,1,2.67916,0,0,0.0603064,0,0.0588763,0,0.0596715
BW_THRESHOLD,150,guide_grey,dashed,0.1,#9e9e9e,0.1,0.380392,0,0,0,1,2.67916,0,0,0.0607338,0,0.0595053,0,0.0609766
BW_THRESHOLD,150,guide_grey,dashed,0.18,#9e9e9e,0.18,0.380392,0,0,0,1,2.67916,0,0,0.0594599,0,0.0590025,0,0.0604817
BW_THRESHOLD,150,guide_grey,dashed,0.25,#9e9e9e,0.25,0.380392,0,0,0,1,2.67916,0,0,0.0602368,0,0.0601965,0,0.059771
BW_THRESHOLD,150,guide_grey,dashed,0.35,#9e9e9e,0.35,0.380392,0,0,0,1,2.67916,0,0,0.0585251,0,0.0586157,0,0.0596933
BW_THRESHOLD,150,guide_grey,dashed,0.5,#9e9e9e,0.5,0.380392,0,0,0,1,2.67916,0,0,0.0593121,0,0.0607744,0,0.0605882
BW_THRESHOLD,150,guide_grey,dashed,0.75,#9e9e9e,0.75,0.380392,0,0,0,1,2.67916,0,0,0.0599258,0,0.0601774,0,0.0588583
BW_THRESHOLD,150,trace_grey,solid,0.05,#c4c4c4,0.05,0.231373,0,0,0,1,1.74415,0,0,0.059597,0,0.0590736,0,0.0582192
BW_THRESHOLD,150,trace_grey,solid,0.1,#c4c4c4,0.1,0.231373,0,0,0,1,1.74415,0,0,0.0592964,0,0.0590727,0,0.0592754
BW_THRESHOLD,150,trace_grey,solid,0.18,#c4c4c4,0.18,0.231373,0,0,0,1,1.74415,0,0,0.0602672,0,0.0595202,0,0.0603814
BW_THRESHOLD,150,trace_grey,solid,0.25,#c4c4c4,0.25,0.231373,0,0,0,1,1.74415,0,0,0.0603801,0,0.0609196,0,0.0608604
BW_THRESHOLD,150,trace_grey,solid,0.35,#c4c4c4,0.35,0.231373,0,0,0,1,1.74415,0,0,0.0596606,0,0.0597441,0,0.0590753
BW_THRESHOLD,150,trace_grey,solid,0.5,#c4c4c4,0.5,0.231373,0,0,0,1,1.74415,0,0,0.0593872,0,0.0602847,0,0.0598593
BW_THRESHOLD,150,trace_grey,solid,0.75,#c4c4c4,0.75,0.231373,0,0,0,1,1.74415,0,0,0.0587991,0,0.0587096,0,0.0588528
BW_THRESHOLD,150,trace_grey,dashed,0.05,#c4c4c4,0.05,0.231373,0,0,0,1,1.74415,0,0,0.0586855,0,0.0607513,0,0.0600438
BW_THRESHOLD,150,trace_grey,dashed,0.1,#c4c4c4,0.1,0.231373,0,0,0,1,1.74415,0,0,0.0588382,0,0.0599424,0,0.059357
BW_THRESHOLD,150,trace_grey,dashed,0.18,#c4c4c4,0.18,0.231373,0,0,0,1,1.74415,0,0,0.0610458,0,0.057979,0,0.0606163
BW_THRESHOLD,150,trace_grey,dashed,0.25,#c4c4c4,0.25,0.231373,0,0,0,1,1.74415,0,0,0.0604975,0,0.0582949,0,0.0593607
BW_THRESHOLD,150,trace_grey,dashed,0.35,#c4c4c4,0.35,0.231373,0,0,0,1,1.74415,0,0,0.0594475,0,0.0601787,0,0.0597726
BW_THRESHOLD,150,trace_grey,dashed,0.5,#c4c4c4,0.5,0.231373,0,0,0,1,1.74415,0,0,0.0595989,0,0.0609467,0,0.0612984
BW_THRESHOLD,150,trace_grey,dashed,0.75,#c4c4c4,0.75,0.231373,0,0,0,1,1.74415,0,0,0.0602019,0,0.0590791,0,0.0616632
BW_THRESHOLD,300,black,solid,0.05,#1a1a1a,0.05,0.898039,0,0,0,1,17.4043,0,0,0.0677879,0,0.0679934,0,0.0679186
BW_THRESHOLD,300,black,solid,0.1,#1a1a1a,0.1,0.898039,1,1,1.11354,21,17.4043,0.0846667,1,0.297693,0.0705816,0.107776,0,0.0686205
BW_THRESHOLD,300,black,solid,0.18,#1a1a1a,0.18,0.898039,1,1,1.11354,21,17.4043,0.169333,1,0.607796,1,0.423631,1,0.281149
BW_THRESHOLD,300,black,solid,0.25,#1a1a1a,0.25,0.898039,1,1,1.11354,21,17.4043,0.254,1,0.886592,1,0.715203,1,0.590631
BW_THRESHOLD,300,black,solid,0.35,#1a1a1a,0.35,0.898039,1,1,1.11354,21,17.4043,0.338667,1,1,1,0.909308,1,0.833296
BW_THRESHOLD,300,black,solid,0.5,#1a1a1a,0.5,0.898039,1,1,1.11354,21,17.4043,0.508,1,1,1,1,1,1
BW_THRESHOLD,300,black,solid,0.75,#1a1a1a,0.75,0.898039,1,1,1.11354,21,17.4043,0.762,1,1,1,1,1,1
BW_THRESHOLD,300,black,dashed,0.05,#1a1a1a,0.05,0.898039,0,0,0,1,17.4043,0,0,0.0675224,0,0.0675962,0,0.0681113
BW_THRESHOLD,300,black,dashed,0.1,#1a1a1a,0.1,0.898039,1,1,1.11354,21,17.4043,0.0846667,1,0.296369,0.06,0.10611,0,0.067139
BW_THRESHOLD,300,black,dashed,0.18,#1a1a1a,0.18,0.898039,1,1,1.11354,21,17.4043,0.169333,1,0.610376,1,0.426127,1,0.280593
BW_THRESHOLD,300,black,dashed,0.25,#1a1a1a,0.25,0.898039,1,1,1.11354,21,17.4043,0.254,1,0.886978,1,0.712708,1,0.581883
BW_THRESHOLD,300,black,dashed,0.35,#1a1a1a,0.35,0.898039,1,1,1.11354,21,17.4043,0.338667,1,1,1,0.907486,1,0.831607
BW_THRESHOLD,300,black,dashed,0.5,#1a1a1a,0.5,0.898039,1,1,1.11354,21,17.4043,0.508,1,1,1,1,1,1
BW_THRESHOLD,300,black,dashed,0.75,#1a1a1a,0.75,0.898039,1,1,1.11354,21,17.4043,0.762,1,1,1,1,1,1
BW_THRESHOLD,300,guide_grey,solid,0.05,#9e9e9e,0.05,0.380392,0,0,0,1,2.67916,0,0,0.0677143,0.000564653,0.0678838,0,0.067977
BW_THRESHOLD,300,guide_grey,solid,0.1,#9e9e9e,0.1,0.380392,0,0,0,1,2.67916,0,0,0.068078,0,0.0681815,0,0.067998
BW_THRESHOLD,300,guide_grey,solid,0.18,#9e9e9e,0.18,0.380392,0,0,0,1,2.67916,0,0,0.0682268,0,0.06785,0,0.0681803
BW_THRESHOLD,300,guide_grey,solid,0.25,#9e9e9e,0.25,0.380392,0,0,0,1,2.67916,0,0,0.0681039,0,0.0682502,0,0.0684334
BW_THRESHOLD,300,guide_grey,solid,0.35,#9e9e9e,0.35,0.380392,0,0,0,1,2.67916,0,0,0.0677431,0,0.0680146,0,0.0679765
BW_THRESHOLD,300,guide_grey,solid,0.5,#9e9e9e,0.5,0.380392,0,0,0,1,2.67916,0,0,0.067295,0,0.0684635,0,0.0677645
BW_THRESHOLD,300,guide_grey,solid,0.75,#9e9e9e,0.75,0.380392,0,0,0,1,2.67916,0,0,0.068207,0,0.067911,0,0.0683775
BW_THRESHOLD,300,guide_grey,dashed,0.05,#9e9e9e,0.05,0.380392,0,0,0,1,2.67916,0,0,0.0682167,0,0.0686555,0,0.0677504
BW_THRESHOLD,300,guide_grey,dashed,0.1,#9e9e9e,0.1,0.380392,0,0,0,1,2.67916,0,0,0.0679751,0,0.0676312,0,0.0678384
BW_THRESHOLD,300,guide_grey,dashed,0.18,#9e9e9e,0.18,0.380392,0,0,0,1,2.67916,0,0,0.0691558,0,0.068829,0,0.067444
BW_THRESHOLD,300,guide_grey,dashed,0.25,#9e9e9e,0.25,0.380392,0,0,0,1,2.67916,0,0,0.0677988,0,0.0680763,0,0.0672595
BW_THRESHOLD,300,guide_grey,dashed,0.35,#9e9e9e,0.35,0.380392,0,0,0,1,2.67916,0,0,0.0688508,0,0.0676332,0,0.0681911
BW_THRESHOLD,300,guide_grey,dashed,0.5,#9e9e9e,0.5,0.380392,0,0,0,1,2.67916,0,0,0.0676371,0,0.0682503,0,0.0686024
BW_THRESHOLD,300,guide_grey,dashed,0.75,#9e9e9e,0.75,0.380392,0,0,0,1,2.67916,0,0,0.0685101,0,0.0680786,0,0.0681499
BW_THRESHOLD,300,trace_grey,solid,0.05,#c4c4c4,0.05,0.231373,0,0,0,1,1.74415,0,0,0.0679229,0,0.0678911,0,0.0677853
BW_THRESHOLD,300,trace_grey,solid,0.1,#c4c4c4,0.1,0.231373,0,0,0,1,1.74415,0,0,0.0682442,0,0.068216,0,0.0674759
BW_THRESHOLD,300,trace_grey,solid,0.18,#c4c4c4,0.18,0.231373,0,0,0,1,1.74415,0,0,0.0680116,0,0.0678325,0,0.0684424
BW_THRESHOLD,300,trace_grey,solid,0.25,#c4c4c4,0.25,0.231373,0,0,0,1,1.74415,0,0,0.0686672,0,0.0678565,0,0.0681109
BW_THRESHOLD,300,trace_grey,solid,0.35,#c4c4c4,0.35,0.231373,0,0,0,1,1.74415,0,0,0.0688961,0,0.0682823,0,0.0685107
BW_THRESHOLD,300,trace_grey,solid,0.5,#c4c4c4,0.5,0.231373,0,0,0,1,1.74415,0,0,0.0686794,0,0.0678137,0,0.0675426
BW_THRESHOLD,300,trace_grey,solid,0.75,#c4c4c4,0.75,0.231373,0,0,0,1,1.74415,0,0,0.0685344,0,0.0690235,0,0.0675806
BW_THRESHOLD,300,trace_grey,dashed,0.05,#c4c4c4,0.05,0.231373,0,0,0,1,1.74415,0,0,0.0679899,0,0.0677629,0,0.0675544
BW_THRESHOLD,300,trace_grey,dashed,0.1,#c4c4c4,0.1,0.231373,0,0,0,1,1.74415,0,0,0.0691725,0,0.0670533,0,0.0681407
BW_THRESHOLD,300,trace_grey,dashed,0.18,#c4c4c4,0.18,0.231373,0,0,0,1,1.74415,0,0,0.0684063,0,0.0675459,0,0.0687451
BW_THRESHOLD,300,trace_grey,dashed,0.25,#c4c4c4,0.25,0.231373,0,0,0,1,1.74415,0,0,0.0680618,0,0.0673987,0,0.0690573
BW_THRESHOLD,300,trace_grey,dashed,0.35,#c4c4c4,0.35,0.231373,0,0,0,1,1.74415,0,0,0.0684763,0,0.0679954,0,0.0685737
BW_THRESHOLD,300,trace_grey,dashed,0.5,#c4c4c4,0.5,0.231373,0,0,0,1,1.74415,0,0,0.0684661,0,0.0668512,0,0.0692146
BW_THRESHOLD,300,trace_grey,dashed,0.75,#c4c4c4,0.75,0.231373,0,0,0,1,1.74415,0,0,0.0680247,0,0.0672277,0,0.0683525
BW_THRESHOLD,600,black,solid,0.05,#1a1a1a,0.05,0.898039,1,1,1.11354,21,17.4043,0.0423333,0.0225797,0.10109,0,0.0757961,0,0.0754208
BW_THRESHOLD,600,black,solid,0.1,#1a1a1a,0.1,0.898039,1,1,1.11354,21,17.4043,0.0846667,1,0.295672,0.0753599,0.115883,0,0.0755951
BW_THRESHOLD,600,black,solid,0.18,#1a1a1a,0.18,0.898039,1,1,1.11354,21,17.4043,0.169333,1,0.637021,1,0.440025,1,0.292949
BW_THRESHOLD,600,black,solid,0.25,#1a1a1a,0.25,0.898039,1,1,1.11354,21,17.4043,0.254,1,0.877385,1,0.716299,1,0.594604
BW_THRESHOLD,600,black,solid,0.35,#1a1a1a,0.35,0.898039,1,1,1.11354,21,17.4043,0.338667,1,1,1,0.922948,1,0.845532
BW_THRESHOLD,600,black,solid,0.5,#1a1a1a,0.5,0.898039,1,1,1.11354,21,17.4043,0.465667,1,1,1,1,1,1
BW_THRESHOLD,600,black,solid,0.75,#1a1a1a,0.75,0.898039,1,1,1.11354,21,17.4043,0.719667,1,1,1,1,1,1
BW_THRESHOLD,600,black,dashed,0.05,#1a1a1a,0.05,0.898039,1,1,1.11354,21,17.4043,0.0423333,0.0223398,0.101955,0,0.0758516,0,0.0757561
BW_THRESHOLD,600,black,dashed,0.1,#1a1a1a,0.1,0.898039,1,1,1.11354,21,17.4043,0.0846667,1,0.296259,0.0699588,0.115688,0,0.0751021
BW_THRESHOLD,600,black,dashed,0.18,#1a1a1a,0.18,0.898039,1,1,1.11354,21,17.4043,0.169333,1,0.634676,1,0.438023,1,0.290378
BW_THRESHOLD,600,black,dashed,0.25,#1a1a1a,0.25,0.898039,1,1,1.11354,21,17.4043,0.211667,1,0.769899,1,0.584733,1,0.447381
BW_THRESHOLD,600,black,dashed,0.35,#1a1a1a,0.35,0.898039,1,1,1.11354,21,17.4043,0.338667,1,1,1,0.922937,1,0.843335
BW_THRESHOLD,600,black,dashed,0.5,#1a1a1a,0.5,0.898039,1,1,1.11354,21,17.4043,0.465667,1,1,1,1,1,1
BW_THRESHOLD,600,black,dashed,0.75,#1a1a1a,0.75,0.898039,1,1,1.11354,21,17.4043,0.762,1,1,1,1,1,1
BW_THRESHOLD,600,guide_grey,solid,0.05,#9e9e9e,0.05,0.380392,0,0,0,1,2.67916,0,0,0.0756728,0,0.0757957,0,0.0760577
BW_THRESHOLD,600,guide_grey,solid,0.1,#9e9e9e,0.1,0.380392,0,0,0,1,2.67916,0,0,0.0758822,0,0.0759812,0,0.0754296
BW_THRESHOLD,600,guide_grey,solid,0.18,#9e9e9e,0.18,0.380392,0,0,0,1,2.67916,0,0,0.0755467,0.000282247,0.0761082,0,0.0757684
BW_THRESHOLD,600,guide_grey,solid,0.25,#9e9e9e,0.25,0.380392,0,0,0,1,2.67916,0,0,0.0757525,0,0.0754862,0,0.0751805
BW_THRESHOLD,600,guide_grey,solid,0.35,#9e9e9e,0.35,0.380392,0,0,0,1,2.67916,0,0,0.0757844,0,0.0758766,0,0.0755726
BW_THRESHOLD,600,guide_grey,solid,0.5,#9e9e9e,0.5,0.380392,0,0,0,1,2.67916,0,0,0.0752564,0,0.0755392,0,0.0758954
BW_THRESHOLD,600,guide_grey,solid,0.75,#9e9e9e,0.75,0.380392,0,0,0,1,2.67916,0,0.000282247,0.0755969,0,0.075691,0,0.0752258
BW_THRESHOLD,600,guide_grey,dashed,0.05,#9e9e9e,0.05,0.380392,0,0,0,1,2.67916,0,0,0.0749707,0,0.0757008,0,0.0760464
BW_THRESHOLD,600,guide_grey,dashed,0.1,#9e9e9e,0.1,0.380392,0,0,0,1,2.67916,0,0,0.0757407,0,0.0744497,0,0.0752531
BW_THRESHOLD,600,guide_grey,dashed,0.18,#9e9e9e,0.18,0.380392,0,0,0,1,2.67916,0,0,0.0757214,0,0.0760449,0,0.0752447
BW_THRESHOLD,600,guide_grey,dashed,0.25,#9e9e9e,0.25,0.380392,0,0,0,1,2.67916,0,0,0.0753354,0,0.075385,0,0.0751758
BW_THRESHOLD,600,guide_grey,dashed,0.35,#9e9e9e,0.35,0.380392,0,0,0,1,2.67916,0,0,0.0756487,0,0.0767085,0,0.0751724
BW_THRESHOLD,600,guide_grey,dashed,0.5,#9e9e9e,0.5,0.380392,0,0,0,1,2.67916,0,0,0.0757254,0,0.0762718,0,0.0754088
BW_THRESHOLD,600,guide_grey,dashed,0.75,#9e9e9e,0.75,0.380392,0,0,0,1,2.67916,0,0,0.0754032,0,0.0758212,0,0.0754015
BW_THRESHOLD,600,trace_grey,solid,0.05,#c4c4c4,0.05,0.231373,0,0,0,1,1.74415,0,0,0.0756756,0,0.0757769,0,0.0755497
BW_THRESHOLD,600,trace_grey,solid,0.1,#c4c4c4,0.1,0.231373,0,0,0,1,1.74415,0,0,0.0755726,0,0.0755197,0,0.0755099
BW_THRESHOLD,600,trace_grey,solid,0.18,#c4c4c4,0.18,0.231373,0,0,0,1,1.74415,0,0,0.0759262,0,0.076013,0,0.075874
BW_THRESHOLD,600,trace_grey,solid,0.25,#c4c4c4,0.25,0.231373,0,0,0,1,1.74415,0,0,0.0761462,0,0.0754133,0,0.0759231
BW_THRESHOLD,600,trace_grey,solid,0.35,#c4c4c4,0.35,0.231373,0,0,0,1,1.74415,0,0,0.0755813,0,0.0757865,0,0.0753118
BW_THRESHOLD,600,trace_grey,solid,0.5,#c4c4c4,0.5,0.231373,0,0,0,1,1.74415,0,0,0.075656,0,0.0754063,0,0.0760749
BW_THRESHOLD,600,trace_grey,solid,0.75,#c4c4c4,0.75,0.231373,0,0,0,1,1.74415,0,0,0.0761009,0,0.0755657,0,0.0757983
BW_THRESHOLD,600,trace_grey,dashed,0.05,#c4c4c4,0.05,0.231373,0,0,0,1,1.74415,0,0,0.0752784,0,0.0751517,0,0.0751851
BW_THRESHOLD,600,trace_grey,dashed,0.1,#c4c4c4,0.1,0.231373,0,0,0,1,1.74415,0,0,0.0756739,0,0.0762563,0.000587889,0.075345
BW_THRESHOLD,600,trace_grey,dashed,0.18,#c4c4c4,0.18,0.231373,0,0,0,1,1.74415,0,0,0.0754294,0,0.0760173,0,0.0759955
BW_THRESHOLD,600,trace_grey,dashed,0.25,#c4c4c4,0.25,0.231373,0,0,0,1,1.74415,0,0,0.0760542,0,0.0758778,0,0.0754713
BW_THRESHOLD,600,trace_grey,dashed,0.35,#c4c4c4,0.35,0.231373,0,0,0,1,1.74415,0,0.000587889,0.0751184,0,0.0753202,0,0.0743741
BW_THRESHOLD,600,trace_grey,dashed,0.5,#c4c4c4,0.5,0.231373,0,0,0,1,1.74415,0,0,0.0750153,0,0.0755755,0,0.0754247
BW_THRESHOLD,600,trace_grey,dashed,0.75,#c4c4c4,0.75,0.231373,0,0,0,1,1.74415,0,0,0.0755447,0,0.0754915,0,0.0750601
HIGH_CONTRAST,150,black,solid,0.05,#000000,0.3,1,1,1,1,21,21,0.338667,1,0.935375,1,0.865124,1,0.806707
HIGH_CONTRAST,150,black,solid,0.1,#000000,0.3,1,1,1,1,21,21,0.296167,1,0.868992,1,0.766528,1,0.674176
HIGH_CONTRAST,150,black,solid,0.18,#000000,0.3,1,1,1,1,21,21,0.296831,1,0.868778,1,0.766728,1,0.674727
HIGH_CONTRAST,150,black,solid,0.25,#000000,0.3,1,1,1,1,21,21,0.296831,1,0.869601,1,0.767986,1,0.674835
HIGH_CONTRAST,150,black,solid,0.35,#000000,0.35,1,1,1,1,21,21,0.338667,1,0.917847,1,0.849716,1,0.785527
HIGH_CONTRAST,150,black,solid,0.5,#000000,0.5,1,1,1,1,21,21,0.508664,1,1,1,1,1,1
HIGH_CONTRAST,150,black,solid,0.75,#000000,0.75,1,1,1,1,21,21,0.762332,1,1,1,1,1,1
HIGH_CONTRAST,150,black,dashed,0.05,#000000,0.3,1,1,1,1,21,21,0.296831,1,0.867821,1,0.766086,1,0.673771
HIGH_CONTRAST,150,black,dashed,0.1,#000000,0.3,1,1,1,1,21,21,0.296831,1,0.871103,1,0.763686,1,0.675781
HIGH_CONTRAST,150,black,dashed,0.18,#000000,0.3,1,1,1,1,21,21,0.296831,1,0.865626,1,0.763232,1,0.668384
HIGH_CONTRAST,150,black,dashed,0.25,#000000,0.3,1,1,1,1,21,21,0.296831,1,0.869029,1,0.763889,1,0.674494
HIGH_CONTRAST,150,black,dashed,0.35,#000000,0.35,1,1,1,1,21,21,0.339331,1,0.919399,1,0.851588,1,0.782778
HIGH_CONTRAST,150,black,dashed,0.5,#000000,0.5,1,1,1,1,21,21,0.508,1,1,1,0.99774,1,0.999597
HIGH_CONTRAST,150,black,dashed,0.75,#000000,0.75,1,1,1,1,21,21,0.762332,1,1,1,1,1,1
HIGH_CONTRAST,150,guide_grey,solid,0.05,#5a5a5a,0.3,0.647059,1,0.647059,1,6.89693,6.89693,0.192135,1,0.517595,1,0.39862,1,0.283003
HIGH_CONTRAST,150,guide_grey,solid,0.1,#5a5a5a,0.3,0.647059,1,0.647059,1,6.89693,6.89693,0.192135,1,0.519429,1,0.399841,1,0.28426
HIGH_CONTRAST,150,guide_grey,solid,0.18,#5a5a5a,0.3,0.647059,1,0.647059,1,6.89693,6.89693,0.192401,1,0.518562,1,0.398752,0.998871,0.275427
HIGH_CONTRAST,150,guide_grey,solid,0.25,#5a5a5a,0.3,0.647059,1,0.647059,1,6.89693,6.89693,0.192401,1,0.518225,1,0.396822,0.997743,0.275663
HIGH_CONTRAST,150,guide_grey,solid,0.35,#5a5a5a,0.35,0.647059,1,0.647059,1,6.89693,6.89693,0.219968,1,0.551917,1,0.451236,1,0.346113
HIGH_CONTRAST,150,guide_grey,solid,0.5,#5a5a5a,0.5,0.647059,1,0.647059,1,6.89693,6.89693,0.329136,1,0.632701,1,0.593775,1,0.544698
HIGH_CONTRAST,150,guide_grey,solid,0.75,#5a5a5a,0.75,0.647059,1,0.647059,1,6.89693,6.89693,0.493274,1,0.699543,1,0.727476,1,0.745417
HIGH_CONTRAST,150,guide_grey,dashed,0.05,#5a5a5a,0.3,0.647059,1,0.647059,1,6.89693,6.89693,0.192401,1,0.518795,1,0.396484,1,0.269683
HIGH_CONTRAST,150,guide_grey,dashed,0.1,#5a5a5a,0.3,0.647059,1,0.647059,1,6.89693,6.89693,0.192401,1,0.519947,1,0.39784,0.997647,0.272495
HIGH_CONTRAST,150,guide_grey,dashed,0.18,#5a5a5a,0.3,0.647059,1,0.647059,1,6.89693,6.89693,0.192567,1,0.519516,1,0.402212,1,0.286606
HIGH_CONTRAST,150,guide_grey,dashed,0.25,#5a5a5a,0.3,0.647059,1,0.647059,1,6.89693,6.89693,0.192567,1,0.517991,1,0.398772,1,0.282645
HIGH_CONTRAST,150,guide_grey,dashed,0.35,#5a5a5a,0.35,0.647059,1,0.647059,1,6.89693,6.89693,0.2204,1,0.547762,1,0.452514,1,0.349643
HIGH_CONTRAST,150,guide_grey,dashed,0.5,#5a5a5a,0.5,0.647059,1,0.647059,1,6.89693,6.89693,0.328706,1,0.682323,1,0.667418,1,0.628938
HIGH_CONTRAST,150,guide_grey,dashed,0.75,#5a5a5a,0.75,0.647059,1,0.647059,1,6.89693,6.89693,0.466704,1,0.684417,1,0.705063,1,0.718734
HIGH_CONTRAST,150,trace_grey,solid,0.05,#5a5a5a,0.3,0.647059,1,0.647059,1,6.89693,6.89693,0.192135,1,0.520722,1,0.400071,1,0.285918
HIGH_CONTRAST,150,trace_grey,solid,0.1,#5a5a5a,0.3,0.647059,1,0.647059,1,6.89693,6.89693,0.192135,1,0.517449,1,0.39709,1,0.284063
HIGH_CONTRAST,150,trace_grey,solid,0.18,#5a5a5a,0.3,0.647059,1,0.647059,1,6.89693,6.89693,0.192401,1,0.517526,1,0.397427,1,0.27682
HIGH_CONTRAST,150,trace_grey,solid,0.25,#5a5a5a,0.3,0.647059,1,0.647059,1,6.89693,6.89693,0.219567,1,0.550924,1,0.453387,1,0.348748
HIGH_CONTRAST,150,trace_grey,solid,0.35,#5a5a5a,0.35,0.647059,1,0.647059,1,6.89693,6.89693,0.219968,1,0.55111,1,0.451027,1,0.347665
HIGH_CONTRAST,150,trace_grey,solid,0.5,#5a5a5a,0.5,0.647059,1,0.647059,1,6.89693,6.89693,0.329136,1,0.63196,1,0.592717,1,0.544105
HIGH_CONTRAST,150,trace_grey,solid,0.75,#5a5a5a,0.75,0.647059,1,0.647059,1,6.89693,6.89693,0.466107,1,0.698471,1,0.719797,1,0.730431
HIGH_CONTRAST,150,trace_grey,dashed,0.05,#5a5a5a,0.3,0.647059,1,0.647059,1,6.89693,6.89693,0.192401,1,0.519308,1,0.396364,0.997647,0.275118
HIGH_CONTRAST,150,trace_grey,dashed,0.1,#5a5a5a,0.3,0.647059,1,0.647059,1,6.89693,6.89693,0.192401,1,0.51865,1,0.397853,0.997647,0.271106
HIGH_CONTRAST,150,trace_grey,dashed,0.18,#5a5a5a,0.3,0.647059,1,0.647059,1,6.89693,6.89693,0.2204,1,0.55363,1,0.452608,1,0.344195
HIGH_CONTRAST,150,trace_grey,dashed,0.25,#5a5a5a,0.3,0.647059,1,0.647059,1,6.89693,6.89693,0.192567,1,0.519074,1,0.404305,1,0.288165
HIGH_CONTRAST,150,trace_grey,dashed,0.35,#5a5a5a,0.35,0.647059,1,0.647059,1,6.89693,6.89693,0.2204,1,0.551038,1,0.454836,1,0.351531
HIGH_CONTRAST,150,trace_grey,dashed,0.5,#5a5a5a,0.5,0.647059,1,0.647059,1,6.89693,6.89693,0.302136,1,0.64757,1,0.611657,1,0.56522
HIGH_CONTRAST,150,trace_grey,dashed,0.75,#5a5a5a,0.75,0.647059,1,0.647059,1,6.89693,6.89693,0.466704,1,0.683859,1,0.706253,1,0.719785
HIGH_CONTRAST,300,black,solid,0.05,#000000,0.3,1,1,1,1,21,21,0.296167,1,0.905459,1,0.79101,1,0.697769
HIGH_CONTRAST,300,black,solid,0.1,#000000,0.3,1,1,1,1,21,21,0.296499,1,0.938293,1,0.806841,1,0.704664
HIGH_CONTRAST,300,black,solid,0.18,#000000,0.3,1,1,1,1,21,21,0.296499,1,0.936912,1,0.806855,1,0.706373
HIGH_CONTRAST,300,black,solid,0.25,#000000,0.3,1,1,1,1,21,21,0.296499,1,0.937123,1,0.806993,1,0.708427
HIGH_CONTRAST,300,black,solid,0.35,#000000,0.35,1,1,1,1,21,21,0.359916,1,0.999412,1,0.932661,1,0.869688
HIGH_CONTRAST,300,black,solid,0.5,#000000,0.5,1,1,1,1,21,21,0.48675,1,1,1,1,1,1
HIGH_CONTRAST,300,black,solid,0.75,#000000,0.75,1,1,1,1,21,21,0.762,1,1,1,1,1,1
HIGH_CONTRAST,300,black,dashed,0.05,#000000,0.3,1,1,1,1,21,21,0.296831,1,0.906783,1,0.790789,1,0.697242
HIGH_CONTRAST,300,black,dashed,0.1,#000000,0.3,1,1,1,1,21,21,0.296499,1,0.936894,1,0.805587,1,0.702025
HIGH_CONTRAST,300,black,dashed,0.18,#000000,0.3,1,1,1,1,21,21,0.296499,1,0.93668,1,0.809561,1,0.705935
HIGH_CONTRAST,300,black,dashed,0.25,#000000,0.3,1,1,1,1,21,21,0.296499,1,0.937271,1,0.804466,1,0.699583
HIGH_CONTRAST,300,black,dashed,0.35,#000000,0.35,1,1,1,1,21,21,0.360248,1,0.999707,1,0.932334,1,0.868334
HIGH_CONTRAST,300,black,dashed,0.5,#000000,0.5,1,1,1,1,21,21,0.508,1,1,1,1,1,1
HIGH_CONTRAST,300,black,dashed,0.75,#000000,0.75,1,1,1,1,21,21,0.762,1,1,1,1,1,1
HIGH_CONTRAST,300,guide_grey,solid,0.05,#5a5a5a,0.3,0.647059,1,0.647059,1,6.89693,6.89693,0.205636,1,0.583067,1,0.462604,1,0.343346
HIGH_CONTRAST,300,guide_grey,solid,0.1,#5a5a5a,0.3,0.647059,1,0.647059,1,6.89693,6.89693,0.191853,1,0.563104,1,0.428182,1,0.300416
HIGH_CONTRAST,300,guide_grey,solid,0.18,#5a5a5a,0.3,0.647059,1,0.647059,1,6.89693,6.89693,0.191853,1,0.563426,1,0.427241,1,0.301003
HIGH_CONTRAST,300,guide_grey,solid,0.25,#5a5a5a,0.3,0.647059,1,0.647059,1,6.89693,6.89693,0.205636,1,0.584109,1,0.461879,1,0.343839
HIGH_CONTRAST,300,guide_grey,solid,0.35,#5a5a5a,0.35,0.647059,1,0.647059,1,6.89693,6.89693,0.219352,1,0.596729,1,0.484857,1,0.368041
HIGH_CONTRAST,300,guide_grey,solid,0.5,#5a5a5a,0.5,0.647059,1,0.647059,1,6.89693,6.89693,0.328706,1,0.687945,1,0.664227,1,0.6161
HIGH_CONTRAST,300,guide_grey,solid,0.75,#5a5a5a,0.75,0.647059,1,0.647059,1,6.89693,6.89693,0.479558,1,0.710856,1,0.737823,1,0.756564
HIGH_CONTRAST,300,guide_grey,dashed,0.05,#5a5a5a,0.3,0.647059,1,0.647059,1,6.89693,6.89693,0.191853,1,0.56221,1,0.426513,1,0.297983
HIGH_CONTRAST,300,guide_grey,dashed,0.1,#5a5a5a,0.3,0.647059,1,0.647059,1,6.89693,6.89693,0.191853,1,0.563398,1,0.429211,1,0.300195
HIGH_CONTRAST,300,guide_grey,dashed,0.18,#5a5a5a,0.3,0.647059,1,0.647059,1,6.89693,6.89693,0.205769,1,0.58174,1,0.455294,1,0.334247
HIGH_CONTRAST,300,guide_grey,dashed,0.25,#5a5a5a,0.3,0.647059,1,0.647059,1,6.89693,6.89693,0.192567,1,0.549876,1,0.421939,1,0.295945
HIGH_CONTRAST,300,guide_grey,dashed,0.35,#5a5a5a,0.35,0.647059,1,0.647059,1,6.89693,6.89693,0.219352,1,0.59467,1,0.484336,1,0.364457
HIGH_CONTRAST,300,guide_grey,dashed,0.5,#5a5a5a,0.5,0.647059,1,0.647059,1,6.89693,6.89693,0.315421,1,0.67967,1,0.644002,1,0.584823
HIGH_CONTRAST,300,guide_grey,dashed,0.75,#5a5a5a,0.75,0.647059,1,0.647059,1,6.89693,6.89693,0.479774,1,0.712842,1,0.737414,1,0.755102
HIGH_CONTRAST,300,trace_grey,solid,0.05,#5a5a5a,0.3,0.647059,1,0.647059,1,6.89693,6.89693,0.191853,1,0.562385,1,0.425684,1,0.300036
HIGH_CONTRAST,300,trace_grey,solid,0.1,#5a5a5a,0.3,0.647059,1,0.647059,1,6.89693,6.89693,0.191853,1,0.564088,1,0.427866,1,0.301779
HIGH_CONTRAST,300,trace_grey,solid,0.18,#5a5a5a,0.3,0.647059,1,0.647059,1,6.89693,6.89693,0.192186,1,0.562557,1,0.424472,1,0.295256
HIGH_CONTRAST,300,trace_grey,solid,0.25,#5a5a5a,0.3,0.647059,1,0.647059,1,6.89693,6.89693,0.192135,1,0.547563,1,0.422091,1,0.29779
HIGH_CONTRAST,300,trace_grey,solid,0.35,#5a5a5a,0.35,0.647059,1,0.647059,1,6.89693,6.89693,0.233136,1,0.612554,1,0.5132,1,0.407629
HIGH_CONTRAST,300,trace_grey,solid,0.5,#5a5a5a,0.5,0.647059,1,0.647059,1,6.89693,6.89693,0.315205,1,0.678417,1,0.644249,1,0.586902
HIGH_CONTRAST,300,trace_grey,solid,0.75,#5a5a5a,0.75,0.647059,1,0.647059,1,6.89693,6.89693,0.493474,1,0.711498,1,0.738716,1,0.760738
HIGH_CONTRAST,300,trace_grey,dashed,0.05,#5a5a5a,0.3,0.647059,1,0.647059,1,6.89693,6.89693,0.191853,1,0.564013,1,0.428239,1,0.299902
HIGH_CONTRAST,300,trace_grey,dashed,0.1,#5a5a5a,0.3,0.647059,1,0.647059,1,6.89693,6.89693,0.192567,1,0.549866,1,0.420661,1,0.295665
HIGH_CONTRAST,300,trace_grey,dashed,0.18,#5a5a5a,0.3,0.647059,1,0.647059,1,6.89693,6.89693,0.192186,1,0.562712,1,0.425038,1,0.293736
HIGH_CONTRAST,300,trace_grey,dashed,0.25,#5a5a5a,0.3,0.647059,1,0.647059,1,6.89693,6.89693,0.192567,1,0.550119,1,0.423981,1,0.297626
HIGH_CONTRAST,300,trace_grey,dashed,0.35,#5a5a5a,0.35,0.647059,1,0.647059,1,6.89693,6.89693,0.233352,1,0.61531,1,0.513477,1,0.403671
HIGH_CONTRAST,300,trace_grey,dashed,0.5,#5a5a5a,0.5,0.647059,1,0.647059,1,6.89693,6.89693,0.329337,1,0.680449,1,0.655132,1,0.602621
HIGH_CONTRAST,300,trace_grey,dashed,0.75,#5a5a5a,0.75,0.647059,1,0.647059,1,6.89693,6.89693,0.479691,1,0.710442,1,0.733954,1,0.750281
HIGH_CONTRAST,600,black,solid,0.05,#000000,0.3,1,1,1,1,21,21,0.296333,1,0.959291,1,0.831499,1,0.729443
HIGH_CONTRAST,600,black,solid,0.1,#000000,0.3,1,1,1,1,21,21,0.306958,1,0.974017,1,0.854592,1,0.759259
HIGH_CONTRAST,600,black,solid,0.18,#000000,0.3,1,1,1,1,21,21,0.306958,1,0.969511,1,0.852462,1,0.755623
HIGH_CONTRAST,600,black,solid,0.25,#000000,0.3,1,1,1,1,21,21,0.296499,1,0.950007,1,0.823983,1,0.723042
HIGH_CONTRAST,600,black,solid,0.35,#000000,0.35,1,1,1,1,21,21,0.349291,1,1,1,0.93878,1,0.868091
HIGH_CONTRAST,600,black,solid,0.5,#000000,0.5,1,1,1,1,21,21,0.497541,1,1,1,1,1,1
HIGH_CONTRAST,600,black,solid,0.75,#000000,0.75,1,1,1,1,21,21,0.751541,1,1,1,1,1,1
HIGH_CONTRAST,600,black,dashed,0.05,#000000,0.3,1,1,1,1,21,21,0.296499,1,0.953,1,0.823597,1,0.722435
HIGH_CONTRAST,600,black,dashed,0.1,#000000,0.3,1,1,1,1,21,21,0.296499,1,0.950977,1,0.823996,1,0.720639
HIGH_CONTRAST,600,black,dashed,0.18,#000000,0.3,1,1,1,1,21,21,0.307124,1,0.968098,1,0.850493,1,0.753096
HIGH_CONTRAST,600,black,dashed,0.25,#000000,0.3,1,1,1,1,21,21,0.306958,1,0.974019,1,0.854519,1,0.757247
HIGH_CONTRAST,600,black,dashed,0.35,#000000,0.35,1,1,1,1,21,21,0.349457,1,1,1,0.937781,1,0.865417
HIGH_CONTRAST,600,black,dashed,0.5,#000000,0.5,1,1,1,1,21,21,0.497541,1,1,1,1,1,1
HIGH_CONTRAST,600,black,dashed,0.75,#000000,0.75,1,1,1,1,21,21,0.751541,1,1,1,1,1,1
HIGH_CONTRAST,600,guide_grey,solid,0.05,#5a5a5a,0.3,0.647059,1,0.647059,1,6.89693,6.89693,0.198744,1,0.589726,1,0.460601,1,0.335104
HIGH_CONTRAST,600,guide_grey,solid,0.1,#5a5a5a,0.3,0.647059,1,0.647059,1,6.89693,6.89693,0.191953,1,0.579649,1,0.443702,1,0.315852
HIGH_CONTRAST,600,guide_grey,solid,0.18,#5a5a5a,0.3,0.647059,1,0.647059,1,6.89693,6.89693,0.191745,1,0.583331,1,0.44659,1,0.318922
HIGH_CONTRAST,600,guide_grey,solid,0.25,#5a5a5a,0.3,0.647059,1,0.647059,1,6.89693,6.89693,0.198703,1,0.592547,1,0.462196,1,0.3376
HIGH_CONTRAST,600,guide_grey,solid,0.35,#5a5a5a,0.35,0.647059,1,0.647059,1,6.89693,6.89693,0.226095,1,0.629866,1,0.523416,1,0.412837
HIGH_CONTRAST,600,guide_grey,solid,0.5,#5a5a5a,0.5,0.647059,1,0.647059,1,6.89693,6.89693,0.328706,1,0.698177,1,0.674958,1,0.626216
HIGH_CONTRAST,600,guide_grey,solid,0.75,#5a5a5a,0.75,0.647059,1,0.647059,1,6.89693,6.89693,0.486308,1,0.722727,1,0.751018,1,0.773491
HIGH_CONTRAST,600,guide_grey,dashed,0.05,#5a5a5a,0.3,0.647059,1,0.647059,1,6.89693,6.89693,0.198703,1,0.591982,1,0.461676,1,0.33497
HIGH_CONTRAST,600,guide_grey,dashed,0.1,#5a5a5a,0.3,0.647059,1,0.647059,1,6.89693,6.89693,0.191745,1,0.583907,1,0.447076,1,0.318897
HIGH_CONTRAST,600,guide_grey,dashed,0.18,#5a5a5a,0.3,0.647059,1,0.647059,1,6.89693,6.89693,0.192061,1,0.579688,1,0.443736,1,0.315379
HIGH_CONTRAST,600,guide_grey,dashed,0.25,#5a5a5a,0.3,0.647059,1,0.647059,1,6.89693,6.89693,0.191853,1,0.577419,1,0.441539,1,0.312726
HIGH_CONTRAST,600,guide_grey,dashed,0.35,#5a5a5a,0.35,0.647059,1,0.647059,1,6.89693,6.89693,0.226096,1,0.631783,1,0.522962,1,0.411227
HIGH_CONTRAST,600,guide_grey,dashed,0.5,#5a5a5a,0.5,0.647059,1,0.647059,1,6.89693,6.89693,0.322022,1,0.693786,1,0.664297,1,0.610933
HIGH_CONTRAST,600,guide_grey,dashed,0.75,#5a5a5a,0.75,0.647059,1,0.647059,1,6.89693,6.89693,0.479583,1,0.722573,1,0.748631,1,0.767666
HIGH_CONTRAST,600,trace_grey,solid,0.05,#5a5a5a,0.3,0.647059,1,0.647059,1,6.89693,6.89693,0.191953,1,0.57864,1,0.444153,1,0.316941
HIGH_CONTRAST,600,trace_grey,solid,0.1,#5a5a5a,0.3,0.647059,1,0.647059,1,6.89693,6.89693,0.198744,1,0.589082,1,0.460348,1,0.334553
HIGH_CONTRAST,600,trace_grey,solid,0.18,#5a5a5a,0.3,0.647059,1,0.647059,1,6.89693,6.89693,0.191853,1,0.576583,1,0.441386,1,0.314281
HIGH_CONTRAST,600,trace_grey,solid,0.25,#5a5a5a,0.3,0.647059,1,0.647059,1,6.89693,6.89693,0.191953,1,0.578194,1,0.443471,1,0.316019
HIGH_CONTRAST,600,trace_grey,solid,0.35,#5a5a5a,0.35,0.647059,1,0.647059,1,6.89693,6.89693,0.226136,1,0.627865,1,0.521768,1,0.411116
HIGH_CONTRAST,600,trace_grey,solid,0.5,#5a5a5a,0.5,0.647059,1,0.647059,1,6.89693,6.89693,0.322022,1,0.694644,1,0.665318,1,0.611623
HIGH_CONTRAST,600,trace_grey,solid,0.75,#5a5a5a,0.75,0.647059,1,0.647059,1,6.89693,6.89693,0.486308,1,0.723304,1,0.75228,1,0.774157
HIGH_CONTRAST,600,trace_grey,dashed,0.05,#5a5a5a,0.3,0.647059,1,0.647059,1,6.89693,6.89693,0.191853,1,0.577288,1,0.440888,1,0.3122
HIGH_CONTRAST,600,trace_grey,dashed,0.1,#5a5a5a,0.3,0.647059,1,0.647059,1,6.89693,6.89693,0.192061,1,0.580273,1,0.443447,1,0.315004
HIGH_CONTRAST,600,trace_grey,dashed,0.18,#5a5a5a,0.3,0.647059,1,0.647059,1,6.89693,6.89693,0.198703,1,0.594153,1,0.462631,1,0.335289
HIGH_CONTRAST,600,trace_grey,dashed,0.25,#5a5a5a,0.3,0.647059,1,0.647059,1,6.89693,6.89693,0.191745,1,0.584608,1,0.447155,1,0.318578
HIGH_CONTRAST,600,trace_grey,dashed,0.35,#5a5a5a,0.35,0.647059,1,0.647059,1,6.89693,6.89693,0.232887,1,0.63781,1,0.536515,1,0.428456
HIGH_CONTRAST,600,trace_grey,dashed,0.5,#5a5a5a,0.5,0.647059,1,0.647059,1,6.89693,6.89693,0.322063,1,0.696056,1,0.667423,1,0.612415
HIGH_CONTRAST,600,trace_grey,dashed,0.75,#5a5a5a,0.75,0.647059,1,0.647059,1,6.89693,6.89693,0.486416,1,0.72359,1,0.750462,1,0.771461
